
Warning-[DEBUG_DEP] Option will be deprecated
  The option '-debug_pp' will be deprecated in a future release.  Please use 
  '-debug_acc+pp+dmptf -debug_region+cell+encrypt' instead.


Warning-[DBGACC_DBG] Multiple debug options being used
  The debug switches '-debug_access' and '-debug_pp' are being used together. 
  For better performance, consider using only '-debug_access'.

Command: vcs -timescale=1ns/1fs -j8 -sverilog +v2k -full64 -Mupdate -R -debug_access+all \
-debug_pp -f filelist.f -o simv -l vcs.log -P /usr/cad/synopsys/verdi/2022.06/share/PLI/VCS/linux64/novas.tab \
/usr/cad/synopsys/verdi/2022.06/share/PLI/VCS/linux64/pli.a -v /home/daniel_kuo/CBDK_TSMC40_Arm_f2.0/CIC/Verilog/sc9_cln40g_base_hvt_neg.v \
/home/daniel_kuo/CBDK_TSMC40_Arm_f2.0/CIC/Verilog/sc9_cln40g_base_rvt_neg.v /home/daniel_kuo/CBDK_TSMC40_Arm_f2.0/CIC/Verilog/sc9_cln40g_base_lvt_neg.v \
/home/daniel_kuo/CBDK_TSMC40_Arm_f2.0/CIC/Verilog/sc9_cln40g_base_hvt_udp.v /home/daniel_kuo/CBDK_TSMC40_Arm_f2.0/CIC/Verilog/sc9_cln40g_base_rvt_udp.v \
/home/daniel_kuo/CBDK_TSMC40_Arm_f2.0/CIC/Verilog/sc9_cln40g_base_lvt_udp.v +define+GATE \
+define+ARM_WIDTH=0.0 +neg_tchk
*** Using c compiler gcc instead of cc ...
                         Chronologic VCS (TM)
         Version T-2022.06_Full64 -- Tue Apr 21 16:08:07 2026

                    Copyright (c) 1991 - 2022 Synopsys, Inc.
   This software and the associated documentation are proprietary to Synopsys,
 Inc. This software may only be used in accordance with the terms and conditions
 of a written license agreement with Synopsys, Inc. All other use, reproduction,
   or distribution of this software is strictly prohibited.  Licensed Products
     communicate with Synopsys servers for the purpose of providing software
    updates, detecting software piracy and verifying that customers are using
    Licensed Products in conformity with the applicable License Key for such
  Licensed Products. Synopsys will use information gathered in connection with
    this process to deliver software updates and pursue software pirates and
                                   infringers.

 Inclusivity & Diversity - Visit SolvNetPlus to read the "Synopsys Statement on
            Inclusivity and Diversity" (Refer to article 000036315 at
                        https://solvnetplus.synopsys.com)

Parsing design file 'TESTBED.sv'
Parsing included file 'Usertype.sv'.
Back to file 'TESTBED.sv'.
Parsing included file 'PATTERN.sv'.
Back to file 'TESTBED.sv'.
Parsing included file 'MODP_MONTYMUL_SYN.v'.
Back to file 'TESTBED.sv'.
Parsing design file '/home/daniel_kuo/CBDK_TSMC40_Arm_f2.0/CIC/Verilog/sc9_cln40g_base_rvt_neg.v'
Parsing design file '/home/daniel_kuo/CBDK_TSMC40_Arm_f2.0/CIC/Verilog/sc9_cln40g_base_lvt_neg.v'
Parsing design file '/home/daniel_kuo/CBDK_TSMC40_Arm_f2.0/CIC/Verilog/sc9_cln40g_base_hvt_udp.v'
Parsing design file '/home/daniel_kuo/CBDK_TSMC40_Arm_f2.0/CIC/Verilog/sc9_cln40g_base_rvt_udp.v'

Warning-[WUPD] UDP previously declared
  UDP is previously declared: 
   "/home/daniel_kuo/CBDK_TSMC40_Arm_f2.0/CIC/Verilog/sc9_cln40g_base_rvt_udp.v",
  3: token is 'udp_dffr3'
  primitive udp_dffr3 (out, st1, st0, ck, clr_, set_, retn, pwr, pwrg);
                     ^
  Current declaration will be ignored.


Warning-[WUPD] UDP previously declared
  UDP is previously declared: 
   "/home/daniel_kuo/CBDK_TSMC40_Arm_f2.0/CIC/Verilog/sc9_cln40g_base_rvt_udp.v",
  38: token is 'udp_tlat'
  primitive udp_tlat (out, in, hold, clr_, set_, NOTIFIER);
                    ^
  Current declaration will be ignored.


Warning-[WUPD] UDP previously declared
  UDP is previously declared: 
   "/home/daniel_kuo/CBDK_TSMC40_Arm_f2.0/CIC/Verilog/sc9_cln40g_base_rvt_udp.v",
  63: token is 'udp_lcg'
  primitive udp_lcg(out, e, mgclk, ovrd, NOT);
                   ^
  Current declaration will be ignored.


Warning-[WUPD] UDP previously declared
  UDP is previously declared: 
   "/home/daniel_kuo/CBDK_TSMC40_Arm_f2.0/CIC/Verilog/sc9_cln40g_base_rvt_udp.v",
  86: token is 'udp_tlatrf2_PWR'
  primitive udp_tlatrf2_PWR (out, in1, w1w, in2, w2w, VDD, VSS, NOTIFIER);
                           ^
  Current declaration will be ignored.


Warning-[WUPD] UDP previously declared
  UDP is previously declared: 
   "/home/daniel_kuo/CBDK_TSMC40_Arm_f2.0/CIC/Verilog/sc9_cln40g_base_rvt_udp.v",
  123: token is 'udp_tlat_retpwr'
  primitive udp_tlat_retpwr (out, VDD, VSS, in, hold, clr_, set_, NOTIFIER);
                           ^
  Current declaration will be ignored.


Warning-[WUPD] UDP previously declared
  UDP is previously declared: 
   "/home/daniel_kuo/CBDK_TSMC40_Arm_f2.0/CIC/Verilog/sc9_cln40g_base_rvt_udp.v",
  152: token is 'udp_lv_pp_or_vdd_vss'
  primitive udp_lv_pp_or_vdd_vss (y, a, b, vdd, vss);
                                ^
  Current declaration will be ignored.


Warning-[WUPD] UDP previously declared
  UDP is previously declared: 
   "/home/daniel_kuo/CBDK_TSMC40_Arm_f2.0/CIC/Verilog/sc9_cln40g_base_rvt_udp.v",
  166: token is 'udp_rslat_out_'
  primitive udp_rslat_out_ (out_, r, s, NOTIFIER);
                          ^
  Current declaration will be ignored.


Warning-[WUPD] UDP previously declared
  UDP is previously declared: 
   "/home/daniel_kuo/CBDK_TSMC40_Arm_f2.0/CIC/Verilog/sc9_cln40g_base_rvt_udp.v",
  190: token is 'udp_sedfft'
  primitive udp_sedfft (out, in, clk, clr_, si, se, en, NOTIFIER);
                      ^
  Current declaration will be ignored.


Warning-[WUPD] UDP previously declared
  UDP is previously declared: 
   "/home/daniel_kuo/CBDK_TSMC40_Arm_f2.0/CIC/Verilog/sc9_cln40g_base_rvt_udp.v",
  240: token is 'udp_or_pp'
  primitive udp_or_pp (y, a, b, vdd, vss);
                     ^
  Current declaration will be ignored.


Warning-[WUPD] UDP previously declared
  UDP is previously declared: 
   "/home/daniel_kuo/CBDK_TSMC40_Arm_f2.0/CIC/Verilog/sc9_cln40g_base_rvt_udp.v",
  256: token is 'udp_jkff'
  primitive udp_jkff (out, j, k, clk, clr_, set_, NOTIFIER);
                    ^
  Current declaration will be ignored.


Warning-[WUPD] UDP previously declared
  UDP is previously declared: 
   "/home/daniel_kuo/CBDK_TSMC40_Arm_f2.0/CIC/Verilog/sc9_cln40g_base_rvt_udp.v",
  291: token is 'udp_bmx'
  primitive udp_bmx (out, x2, a, s, m1, m0);
                   ^
  Current declaration will be ignored.


Warning-[WUPD] UDP previously declared
  UDP is previously declared: 
   "/home/daniel_kuo/CBDK_TSMC40_Arm_f2.0/CIC/Verilog/sc9_cln40g_base_rvt_udp.v",
  317: token is 'udp_sedff'
  primitive udp_sedff (out, in, clk, clr_, si, se, en, NOTIFIER);
                     ^
  Current declaration will be ignored.


Warning-[WUPD] UDP previously declared
  UDP is previously declared: 
   "/home/daniel_kuo/CBDK_TSMC40_Arm_f2.0/CIC/Verilog/sc9_cln40g_base_rvt_udp.v",
  371: token is 'udp_mux2'
  primitive udp_mux2 (out, in0, in1, sel);
                    ^
  Current declaration will be ignored.


Warning-[WUPD] UDP previously declared
  UDP is previously declared: 
   "/home/daniel_kuo/CBDK_TSMC40_Arm_f2.0/CIC/Verilog/sc9_cln40g_base_rvt_udp.v",
  390: token is 'udp_sedffsr'
  primitive udp_sedffsr (out, in, clk, clr_, set_, si, se, en, NOTIFIER);
                       ^
  Current declaration will be ignored.


Warning-[WUPD] UDP previously declared
  UDP is previously declared: 
   "/home/daniel_kuo/CBDK_TSMC40_Arm_f2.0/CIC/Verilog/sc9_cln40g_base_rvt_udp.v",
  453: token is 'udp_mux4'
  primitive udp_mux4 (out, in0, in1, in2, in3, sel_0, sel_1);
                    ^
  Current declaration will be ignored.


Warning-[WUPD] UDP previously declared
  UDP is previously declared: 
   "/home/daniel_kuo/CBDK_TSMC40_Arm_f2.0/CIC/Verilog/sc9_cln40g_base_rvt_udp.v",
  484: token is 'udp_retn_pwr'
  primitive udp_retn_pwr (out, VDD, VSS, n2, n4, clk, xRN, xSN);
                        ^
  Current declaration will be ignored.


Warning-[WUPD] UDP previously declared
  UDP is previously declared: 
   "/home/daniel_kuo/CBDK_TSMC40_Arm_f2.0/CIC/Verilog/sc9_cln40g_base_rvt_udp.v",
  511: token is 'udp_rslat_out_PWR'
  primitive udp_rslat_out_PWR (out, r, s, VDD, VSS, NOTIFIER);
                             ^
  Current declaration will be ignored.


Warning-[WUPD] UDP previously declared
  UDP is previously declared: 
   "/home/daniel_kuo/CBDK_TSMC40_Arm_f2.0/CIC/Verilog/sc9_cln40g_base_rvt_udp.v",
  537: token is 'udp_o2lvluu_pp_or_vddi_vdd_vss'
  primitive udp_o2lvluu_pp_or_vddi_vdd_vss (y, a, b, vddi, vdd, vss);
                                          ^
  Current declaration will be ignored.


Warning-[WUPD] UDP previously declared
  UDP is previously declared: 
   "/home/daniel_kuo/CBDK_TSMC40_Arm_f2.0/CIC/Verilog/sc9_cln40g_base_rvt_udp.v",
  550: token is 'udp_ph2p'
  primitive udp_ph2p (LOUT, CLK1, CLK2, DATA1, DATA2, SET, RESET);
                    ^
  Current declaration will be ignored.


Warning-[WUPD] UDP previously declared
  UDP is previously declared: 
   "/home/daniel_kuo/CBDK_TSMC40_Arm_f2.0/CIC/Verilog/sc9_cln40g_base_rvt_udp.v",
  594: token is 'udp_mux'
  primitive udp_mux (out, in, s_in, s_sel);
                   ^
  Current declaration will be ignored.


Warning-[WUPD] UDP previously declared
  UDP is previously declared: 
   "/home/daniel_kuo/CBDK_TSMC40_Arm_f2.0/CIC/Verilog/sc9_cln40g_base_rvt_udp.v",
  612: token is 'udp_buf_pp'
  primitive udp_buf_pp (y, a, vddg, vssg);
                      ^
  Current declaration will be ignored.


Warning-[WUPD] UDP previously declared
  UDP is previously declared: 
   "/home/daniel_kuo/CBDK_TSMC40_Arm_f2.0/CIC/Verilog/sc9_cln40g_base_rvt_udp.v",
  625: token is 'udp_lv_pp_vddi_vdd_vss'
  primitive udp_lv_pp_vddi_vdd_vss (y, a, b, vddi, vdd, vss);
                                  ^
  Current declaration will be ignored.


Warning-[WUPD] UDP previously declared
  UDP is previously declared: 
   "/home/daniel_kuo/CBDK_TSMC40_Arm_f2.0/CIC/Verilog/sc9_cln40g_base_rvt_udp.v",
  640: token is 'udp_tlatrf2'
  primitive udp_tlatrf2 (out, in1, w1w, in2, w2w, NOTIFIER);
                       ^
  Current declaration will be ignored.


Warning-[WUPD] UDP previously declared
  UDP is previously declared: 
   "/home/daniel_kuo/CBDK_TSMC40_Arm_f2.0/CIC/Verilog/sc9_cln40g_base_rvt_udp.v",
  675: token is 'udp_tlatrf_PWR'
  primitive udp_tlatrf_PWR (out, in, ww, wwn, VDD, VSS, NOTIFIER);
                          ^
  Current declaration will be ignored.


Warning-[WUPD] UDP previously declared
  UDP is previously declared: 
   "/home/daniel_kuo/CBDK_TSMC40_Arm_f2.0/CIC/Verilog/sc9_cln40g_base_rvt_udp.v",
  703: token is 'udp_dff_PWR'
  primitive udp_dff_PWR (out, in, clk, clr_, set_, VDD, VSS, NOTIFIER);
                       ^
  Current declaration will be ignored.


Warning-[WUPD] UDP previously declared
  UDP is previously declared: 
   "/home/daniel_kuo/CBDK_TSMC40_Arm_f2.0/CIC/Verilog/sc9_cln40g_base_rvt_udp.v",
  732: token is 'udp_a2lvluu_pp_vddi_vdd_vss'
  primitive udp_a2lvluu_pp_vddi_vdd_vss (y, a, b, vddi, vdd, vss);
                                       ^
  Current declaration will be ignored.


Warning-[WUPD] UDP previously declared
  UDP is previously declared: 
   "/home/daniel_kuo/CBDK_TSMC40_Arm_f2.0/CIC/Verilog/sc9_cln40g_base_rvt_udp.v",
  746: token is 'udp_edff_PWR'
  primitive udp_edff_PWR (out, in, clk, clr_, set_, en, VDD, VSS, NOTIFIER);
                        ^
  Current declaration will be ignored.


Warning-[WUPD] UDP previously declared
  UDP is previously declared: 
   "/home/daniel_kuo/CBDK_TSMC40_Arm_f2.0/CIC/Verilog/sc9_cln40g_base_rvt_udp.v",
  782: token is 'udp_tlat_pwr'
  primitive udp_tlat_pwr (out, VDD, VSS, in, hold, clr_, set_, NOTIFIER);
                        ^
  Current declaration will be ignored.


Warning-[WUPD] UDP previously declared
  UDP is previously declared: 
   "/home/daniel_kuo/CBDK_TSMC40_Arm_f2.0/CIC/Verilog/sc9_cln40g_base_rvt_udp.v",
  812: token is 'udp_outrf'
  primitive udp_outrf (out, in, rwn, rw);
                     ^
  Current declaration will be ignored.


Warning-[WUPD] UDP previously declared
  UDP is previously declared: 
   "/home/daniel_kuo/CBDK_TSMC40_Arm_f2.0/CIC/Verilog/sc9_cln40g_base_rvt_udp.v",
  830: token is 'udp_and_pp'
  primitive udp_and_pp (y, a, b, vdd, vss);
                      ^
  Current declaration will be ignored.


Warning-[WUPD] UDP previously declared
  UDP is previously declared: 
   "/home/daniel_kuo/CBDK_TSMC40_Arm_f2.0/CIC/Verilog/sc9_cln40g_base_rvt_udp.v",
  845: token is 'udp_dffr2'
  primitive udp_dffr2 (out, d, ck, clr_, set_, pwr, notifier);
                     ^
  Current declaration will be ignored.


Warning-[WUPD] UDP previously declared
  UDP is previously declared: 
   "/home/daniel_kuo/CBDK_TSMC40_Arm_f2.0/CIC/Verilog/sc9_cln40g_base_rvt_udp.v",
  886: token is 'udp_dffr4'
  primitive udp_dffr4 (out, st1, st0, ck, retn);
                     ^
  Current declaration will be ignored.


Warning-[WUPD] UDP previously declared
  UDP is previously declared: 
   "/home/daniel_kuo/CBDK_TSMC40_Arm_f2.0/CIC/Verilog/sc9_cln40g_base_rvt_udp.v",
  904: token is 'udp_xprop'
  primitive udp_xprop (DOUT, DIN, NOTIFIER, RESET);
                     ^
  Current declaration will be ignored.


Warning-[WUPD] UDP previously declared
  UDP is previously declared: 
   "/home/daniel_kuo/CBDK_TSMC40_Arm_f2.0/CIC/Verilog/sc9_cln40g_base_rvt_udp.v",
  926: token is 'udp_lv_pp_vdd_vss'
  primitive udp_lv_pp_vdd_vss (y, a, b, vdd, vss);
                             ^
  Current declaration will be ignored.


Warning-[WUPD] UDP previously declared
  UDP is previously declared: 
   "/home/daniel_kuo/CBDK_TSMC40_Arm_f2.0/CIC/Verilog/sc9_cln40g_base_rvt_udp.v",
  939: token is 'udp_ph1p'
  primitive udp_ph1p (LOUT, CLK, DATA, SET, RESET);
                    ^
  Current declaration will be ignored.


Warning-[WUPD] UDP previously declared
  UDP is previously declared: 
   "/home/daniel_kuo/CBDK_TSMC40_Arm_f2.0/CIC/Verilog/sc9_cln40g_base_rvt_udp.v",
  968: token is 'udp_dffpower'
  primitive udp_dffpower (out, vdd, vss);
                        ^
  Current declaration will be ignored.


Warning-[WUPD] UDP previously declared
  UDP is previously declared: 
   "/home/daniel_kuo/CBDK_TSMC40_Arm_f2.0/CIC/Verilog/sc9_cln40g_base_rvt_udp.v",
  985: token is 'udp_rslat_out'
  primitive udp_rslat_out (out, r, s, NOTIFIER);
                         ^
  Current declaration will be ignored.


Warning-[WUPD] UDP previously declared
  UDP is previously declared: 
   "/home/daniel_kuo/CBDK_TSMC40_Arm_f2.0/CIC/Verilog/sc9_cln40g_base_rvt_udp.v",
  1008: token is 'udp_always0_pp'
  primitive udp_always0_pp (y, vddg, vssg);
                          ^
  Current declaration will be ignored.


Warning-[WUPD] UDP previously declared
  UDP is previously declared: 
   "/home/daniel_kuo/CBDK_TSMC40_Arm_f2.0/CIC/Verilog/sc9_cln40g_base_rvt_udp.v",
  1021: token is 'udp_edfft_PWR'
  primitive udp_edfft_PWR (out, in, clk, clr_, set_, en, VDD, VSS, NOTIFIER);
                         ^
  Current declaration will be ignored.


Warning-[WUPD] UDP previously declared
  UDP is previously declared: 
   "/home/daniel_kuo/CBDK_TSMC40_Arm_f2.0/CIC/Verilog/sc9_cln40g_base_rvt_udp.v",
  1061: token is 'udp_rslatn_out__PWR'
  primitive udp_rslatn_out__PWR (out_, r_, s_, VDD, VSS, NOTIFIER);
                               ^
  Current declaration will be ignored.


Warning-[WUPD] UDP previously declared
  UDP is previously declared: 
   "/home/daniel_kuo/CBDK_TSMC40_Arm_f2.0/CIC/Verilog/sc9_cln40g_base_rvt_udp.v",
  1089: token is 'udp_dff_ros'
  primitive udp_dff_ros (out, in, clk, clr_, set_, NOTIFIER);
                       ^
  Current declaration will be ignored.


Warning-[WUPD] UDP previously declared
  UDP is previously declared: 
   "/home/daniel_kuo/CBDK_TSMC40_Arm_f2.0/CIC/Verilog/sc9_cln40g_base_rvt_udp.v",
  1116: token is 'udp_rslatn_out_PWR'
  primitive udp_rslatn_out_PWR (out, r_, s_, VDD, VSS, NOTIFIER);
                              ^
  Current declaration will be ignored.


Warning-[WUPD] UDP previously declared
  UDP is previously declared: 
   "/home/daniel_kuo/CBDK_TSMC40_Arm_f2.0/CIC/Verilog/sc9_cln40g_base_rvt_udp.v",
  1149: token is 'udp_wao'
  primitive udp_wao (out, in1a, in1b, in2a, in2b);
                   ^
  Current declaration will be ignored.


Warning-[WUPD] UDP previously declared
  UDP is previously declared: 
   "/home/daniel_kuo/CBDK_TSMC40_Arm_f2.0/CIC/Verilog/sc9_cln40g_base_rvt_udp.v",
  1170: token is 'udp_mx21'
  primitive udp_mx21 (MUXOUT, SEL, DATA0, DATA1);
                    ^
  Current declaration will be ignored.


Warning-[WUPD] UDP previously declared
  UDP is previously declared: 
   "/home/daniel_kuo/CBDK_TSMC40_Arm_f2.0/CIC/Verilog/sc9_cln40g_base_rvt_udp.v",
  1189: token is 'udp_plat_PWR'
  primitive udp_plat_PWR (out, ovrd, clock, ena, VDD, VSS, NOTIFIER);
                        ^
  Current declaration will be ignored.


Warning-[WUPD] UDP previously declared
  UDP is previously declared: 
   "/home/daniel_kuo/CBDK_TSMC40_Arm_f2.0/CIC/Verilog/sc9_cln40g_base_rvt_udp.v",
  1211: token is 'udp_lvl_pp_vddi_vdd_vss'
  primitive udp_lvl_pp_vddi_vdd_vss (y, a, vddi, vdd, vss);
                                   ^
  Current declaration will be ignored.


Warning-[WUPD] UDP previously declared
  UDP is previously declared: 
   "/home/daniel_kuo/CBDK_TSMC40_Arm_f2.0/CIC/Verilog/sc9_cln40g_base_rvt_udp.v",
  1224: token is 'udp_tlatrf'
  primitive udp_tlatrf (out, in, ww, wwn, NOTIFIER);
                      ^
  Current declaration will be ignored.


Warning-[WUPD] UDP previously declared
  UDP is previously declared: 
   "/home/daniel_kuo/CBDK_TSMC40_Arm_f2.0/CIC/Verilog/sc9_cln40g_base_rvt_udp.v",
  1249: token is 'udp_power'
  primitive udp_power (out, out_temp, vdd, vss);
                     ^
  Current declaration will be ignored.


Warning-[WUPD] UDP previously declared
  UDP is previously declared: 
   "/home/daniel_kuo/CBDK_TSMC40_Arm_f2.0/CIC/Verilog/sc9_cln40g_base_rvt_udp.v",
  1264: token is 'udp_tlat_PWR'
  primitive udp_tlat_PWR (out, in, hold, clr_, set_, VDD, VSS, NOTIFIER);
                        ^
  Current declaration will be ignored.


Warning-[WUPD] UDP previously declared
  UDP is previously declared: 
   "/home/daniel_kuo/CBDK_TSMC40_Arm_f2.0/CIC/Verilog/sc9_cln40g_base_rvt_udp.v",
  1293: token is 'udp_dff'
  primitive udp_dff (out, in, clk, clr_, set_, NOTIFIER);
                   ^
  Current declaration will be ignored.


Warning-[WUPD] UDP previously declared
  UDP is previously declared: 
   "/home/daniel_kuo/CBDK_TSMC40_Arm_f2.0/CIC/Verilog/sc9_cln40g_base_rvt_udp.v",
  1318: token is 'udp_ph2p_pwr'
  primitive udp_ph2p_pwr (LOUT, VDD, VSS, CLK1, CLK2, DATA1, DATA2, SET, 
  RESET);
                        ^
  Current declaration will be ignored.


Warning-[WUPD] UDP previously declared
  UDP is previously declared: 
   "/home/daniel_kuo/CBDK_TSMC40_Arm_f2.0/CIC/Verilog/sc9_cln40g_base_rvt_udp.v",
  1360: token is 'udp_rslat_out__PWR'
  primitive udp_rslat_out__PWR (out_, r, s, VDD, VSS, NOTIFIER);
                              ^
  Current declaration will be ignored.


Warning-[WUPD] UDP previously declared
  UDP is previously declared: 
   "/home/daniel_kuo/CBDK_TSMC40_Arm_f2.0/CIC/Verilog/sc9_cln40g_base_rvt_udp.v",
  1387: token is 'udp_sedfft_PWR'
  primitive udp_sedfft_PWR (out, in, clk, clr_, si, se, en, VDD, VSS, 
  NOTIFIER);
                          ^
  Current declaration will be ignored.


Warning-[WUPD] UDP previously declared
  UDP is previously declared: 
   "/home/daniel_kuo/CBDK_TSMC40_Arm_f2.0/CIC/Verilog/sc9_cln40g_base_rvt_udp.v",
  1441: token is 'udp_edff'
  primitive udp_edff (out, in, clk, clr_, set_, en, NOTIFIER);
                    ^
  Current declaration will be ignored.


Warning-[WUPD] UDP previously declared
  UDP is previously declared: 
   "/home/daniel_kuo/CBDK_TSMC40_Arm_f2.0/CIC/Verilog/sc9_cln40g_base_rvt_udp.v",
  1474: token is 'udp_jkff_PWR'
  primitive udp_jkff_PWR (out, j, k, clk, clr_, set_, VDD, VSS, NOTIFIER);
                        ^
  Current declaration will be ignored.


Warning-[WUPD] UDP previously declared
  UDP is previously declared: 
   "/home/daniel_kuo/CBDK_TSMC40_Arm_f2.0/CIC/Verilog/sc9_cln40g_base_rvt_udp.v",
  1512: token is 'udp_retn'
  primitive udp_retn (out, n2, n4, clk, xRN, xSN);
                    ^
  Current declaration will be ignored.


Warning-[WUPD] UDP previously declared
  UDP is previously declared: 
   "/home/daniel_kuo/CBDK_TSMC40_Arm_f2.0/CIC/Verilog/sc9_cln40g_base_rvt_udp.v",
  1535: token is 'udp_lv_pp_or_vddi_vdd_vss'
  primitive udp_lv_pp_or_vddi_vdd_vss (y, a, b, vddi, vdd, vss);
                                     ^
  Current declaration will be ignored.


Warning-[WUPD] UDP previously declared
  UDP is previously declared: 
   "/home/daniel_kuo/CBDK_TSMC40_Arm_f2.0/CIC/Verilog/sc9_cln40g_base_rvt_udp.v",
  1549: token is 'udp_csa4to2_carry'
  primitive udp_csa4to2_carry(carry, a, b, c, ci, d);
                             ^
  Current declaration will be ignored.


Warning-[WUPD] UDP previously declared
  UDP is previously declared: 
   "/home/daniel_kuo/CBDK_TSMC40_Arm_f2.0/CIC/Verilog/sc9_cln40g_base_rvt_udp.v",
  1578: token is 'udp_sedff_PWR'
  primitive udp_sedff_PWR (out, in, clk, clr_, si, se, en, VDD, VSS, 
  NOTIFIER);
                         ^
  Current declaration will be ignored.


Warning-[WUPD] UDP previously declared
  UDP is previously declared: 
   "/home/daniel_kuo/CBDK_TSMC40_Arm_f2.0/CIC/Verilog/sc9_cln40g_base_rvt_udp.v",
  1634: token is 'udp_always1_pp'
  primitive udp_always1_pp (y, vddg, vssg);
                          ^
  Current declaration will be ignored.


Warning-[WUPD] UDP previously declared
  UDP is previously declared: 
   "/home/daniel_kuo/CBDK_TSMC40_Arm_f2.0/CIC/Verilog/sc9_cln40g_base_rvt_udp.v",
  1645: token is 'udp_ando_pp'
  primitive udp_ando_pp (y, a, b, vddo, vsso, vdd, vss);
                       ^
  Current declaration will be ignored.


Warning-[WUPD] UDP previously declared
  UDP is previously declared: 
   "/home/daniel_kuo/CBDK_TSMC40_Arm_f2.0/CIC/Verilog/sc9_cln40g_base_rvt_udp.v",
  1658: token is 'udp_lvl_pp_vdd_vss'
  primitive udp_lvl_pp_vdd_vss (y, a, vdd, vss);
                              ^
  Current declaration will be ignored.


Warning-[WUPD] UDP previously declared
  UDP is previously declared: 
   "/home/daniel_kuo/CBDK_TSMC40_Arm_f2.0/CIC/Verilog/sc9_cln40g_base_rvt_udp.v",
  1671: token is 'udp_sedffsr_PWR'
  primitive udp_sedffsr_PWR (out, in, clk, clr_, set_, si, se, en, VDD, VSS, 
  NOTIFIER);
                           ^
  Current declaration will be ignored.


Warning-[WUPD] UDP previously declared
  UDP is previously declared: 
   "/home/daniel_kuo/CBDK_TSMC40_Arm_f2.0/CIC/Verilog/sc9_cln40g_base_rvt_udp.v",
  1738: token is 'udp_tlat_ros'
  primitive udp_tlat_ros (out, in, hold, clr_, set_, NOTIFIER);
                        ^
  Current declaration will be ignored.


Warning-[WUPD] UDP previously declared
  UDP is previously declared: 
   "/home/daniel_kuo/CBDK_TSMC40_Arm_f2.0/CIC/Verilog/sc9_cln40g_base_rvt_udp.v",
  1764: token is 'udp_edfft'
  primitive udp_edfft (out, in, clk, clr_, set_, en, NOTIFIER);
                     ^
  Current declaration will be ignored.


Warning-[WUPD] UDP previously declared
  UDP is previously declared: 
   "/home/daniel_kuo/CBDK_TSMC40_Arm_f2.0/CIC/Verilog/sc9_cln40g_base_rvt_udp.v",
  1801: token is 'udp_rslatn_out_'
  primitive udp_rslatn_out_ (out_, r_, s_, NOTIFIER);
                           ^
  Current declaration will be ignored.


Warning-[WUPD] UDP previously declared
  UDP is previously declared: 
   "/home/daniel_kuo/CBDK_TSMC40_Arm_f2.0/CIC/Verilog/sc9_cln40g_base_rvt_udp.v",
  1825: token is 'udp_rslatn_out'
  primitive udp_rslatn_out (out, r_, s_, NOTIFIER);
                          ^
  Current declaration will be ignored.


Warning-[WUPD] UDP previously declared
  UDP is previously declared: 
   "/home/daniel_kuo/CBDK_TSMC40_Arm_f2.0/CIC/Verilog/sc9_cln40g_base_rvt_udp.v",
  1847: token is 'udp_oro_pp'
  primitive udp_oro_pp (y, a, b, vddo, vsso, vdd, vss);
                      ^
  Current declaration will be ignored.


Warning-[WUPD] UDP previously declared
  UDP is previously declared: 
   "/home/daniel_kuo/CBDK_TSMC40_Arm_f2.0/CIC/Verilog/sc9_cln40g_base_rvt_udp.v",
  1860: token is 'udp_not_pp'
  primitive udp_not_pp (y, a, vddg, vssg);
                      ^
  Current declaration will be ignored.


Warning-[WUPD] UDP previously declared
  UDP is previously declared: 
   "/home/daniel_kuo/CBDK_TSMC40_Arm_f2.0/CIC/Verilog/sc9_cln40g_base_rvt_udp.v",
  1875: token is 'udp_plat'
  primitive udp_plat (out, ovrd, clock, ena, NOTIFIER);
                    ^
  Current declaration will be ignored.


Warning-[WUPD] UDP previously declared
  UDP is previously declared: 
   "/home/daniel_kuo/CBDK_TSMC40_Arm_f2.0/CIC/Verilog/sc9_cln40g_base_rvt_udp.v",
  1893: token is 'udp_ph1p_pwr'
  primitive udp_ph1p_pwr (LOUT, VDD, VSS, CLK, DATA, SET, RESET);
                        ^
  Current declaration will be ignored.


Warning-[WUPD] UDP previously declared
  UDP is previously declared: 
   "/home/daniel_kuo/CBDK_TSMC40_Arm_f2.0/CIC/Verilog/sc9_cln40g_base_rvt_udp.v",
  1920: token is 'udp_xgen'
  primitive udp_xgen (out, in, en, e);
                    ^
  Current declaration will be ignored.


Warning-[WUPD] UDP previously declared
  UDP is previously declared: 
   "/home/daniel_kuo/CBDK_TSMC40_Arm_f2.0/CIC/Verilog/sc9_cln40g_base_rvt_udp.v",
  1943: token is 'udp_dffr1'
  primitive udp_dffr1 (out, in, clk, clr_, set_, retn, pwr, pwrg, NOTIFIER);
                     ^
  Current declaration will be ignored.

Parsing design file '/home/daniel_kuo/CBDK_TSMC40_Arm_f2.0/CIC/Verilog/sc9_cln40g_base_lvt_udp.v'

Warning-[WUPD] UDP previously declared
  UDP is previously declared: 
   "/home/daniel_kuo/CBDK_TSMC40_Arm_f2.0/CIC/Verilog/sc9_cln40g_base_lvt_udp.v",
  3: token is 'udp_dffr3'
  primitive udp_dffr3 (out, st1, st0, ck, clr_, set_, retn, pwr, pwrg);
                     ^
  Current declaration will be ignored.


Warning-[WUPD] UDP previously declared
  UDP is previously declared: 
   "/home/daniel_kuo/CBDK_TSMC40_Arm_f2.0/CIC/Verilog/sc9_cln40g_base_lvt_udp.v",
  38: token is 'udp_tlat'
  primitive udp_tlat (out, in, hold, clr_, set_, NOTIFIER);
                    ^
  Current declaration will be ignored.


Warning-[WUPD] UDP previously declared
  UDP is previously declared: 
   "/home/daniel_kuo/CBDK_TSMC40_Arm_f2.0/CIC/Verilog/sc9_cln40g_base_lvt_udp.v",
  63: token is 'udp_lcg'
  primitive udp_lcg(out, e, mgclk, ovrd, NOT);
                   ^
  Current declaration will be ignored.


Warning-[WUPD] UDP previously declared
  UDP is previously declared: 
   "/home/daniel_kuo/CBDK_TSMC40_Arm_f2.0/CIC/Verilog/sc9_cln40g_base_lvt_udp.v",
  86: token is 'udp_tlatrf2_PWR'
  primitive udp_tlatrf2_PWR (out, in1, w1w, in2, w2w, VDD, VSS, NOTIFIER);
                           ^
  Current declaration will be ignored.


Warning-[WUPD] UDP previously declared
  UDP is previously declared: 
   "/home/daniel_kuo/CBDK_TSMC40_Arm_f2.0/CIC/Verilog/sc9_cln40g_base_lvt_udp.v",
  123: token is 'udp_tlat_retpwr'
  primitive udp_tlat_retpwr (out, VDD, VSS, in, hold, clr_, set_, NOTIFIER);
                           ^
  Current declaration will be ignored.


Warning-[WUPD] UDP previously declared
  UDP is previously declared: 
   "/home/daniel_kuo/CBDK_TSMC40_Arm_f2.0/CIC/Verilog/sc9_cln40g_base_lvt_udp.v",
  152: token is 'udp_lv_pp_or_vdd_vss'
  primitive udp_lv_pp_or_vdd_vss (y, a, b, vdd, vss);
                                ^
  Current declaration will be ignored.


Warning-[WUPD] UDP previously declared
  UDP is previously declared: 
   "/home/daniel_kuo/CBDK_TSMC40_Arm_f2.0/CIC/Verilog/sc9_cln40g_base_lvt_udp.v",
  166: token is 'udp_rslat_out_'
  primitive udp_rslat_out_ (out_, r, s, NOTIFIER);
                          ^
  Current declaration will be ignored.


Warning-[WUPD] UDP previously declared
  UDP is previously declared: 
   "/home/daniel_kuo/CBDK_TSMC40_Arm_f2.0/CIC/Verilog/sc9_cln40g_base_lvt_udp.v",
  190: token is 'udp_sedfft'
  primitive udp_sedfft (out, in, clk, clr_, si, se, en, NOTIFIER);
                      ^
  Current declaration will be ignored.


Warning-[WUPD] UDP previously declared
  UDP is previously declared: 
   "/home/daniel_kuo/CBDK_TSMC40_Arm_f2.0/CIC/Verilog/sc9_cln40g_base_lvt_udp.v",
  240: token is 'udp_or_pp'
  primitive udp_or_pp (y, a, b, vdd, vss);
                     ^
  Current declaration will be ignored.


Warning-[WUPD] UDP previously declared
  UDP is previously declared: 
   "/home/daniel_kuo/CBDK_TSMC40_Arm_f2.0/CIC/Verilog/sc9_cln40g_base_lvt_udp.v",
  256: token is 'udp_jkff'
  primitive udp_jkff (out, j, k, clk, clr_, set_, NOTIFIER);
                    ^
  Current declaration will be ignored.


Warning-[WUPD] UDP previously declared
  UDP is previously declared: 
   "/home/daniel_kuo/CBDK_TSMC40_Arm_f2.0/CIC/Verilog/sc9_cln40g_base_lvt_udp.v",
  291: token is 'udp_bmx'
  primitive udp_bmx (out, x2, a, s, m1, m0);
                   ^
  Current declaration will be ignored.


Warning-[WUPD] UDP previously declared
  UDP is previously declared: 
   "/home/daniel_kuo/CBDK_TSMC40_Arm_f2.0/CIC/Verilog/sc9_cln40g_base_lvt_udp.v",
  317: token is 'udp_sedff'
  primitive udp_sedff (out, in, clk, clr_, si, se, en, NOTIFIER);
                     ^
  Current declaration will be ignored.


Warning-[WUPD] UDP previously declared
  UDP is previously declared: 
   "/home/daniel_kuo/CBDK_TSMC40_Arm_f2.0/CIC/Verilog/sc9_cln40g_base_lvt_udp.v",
  371: token is 'udp_mux2'
  primitive udp_mux2 (out, in0, in1, sel);
                    ^
  Current declaration will be ignored.


Warning-[WUPD] UDP previously declared
  UDP is previously declared: 
   "/home/daniel_kuo/CBDK_TSMC40_Arm_f2.0/CIC/Verilog/sc9_cln40g_base_lvt_udp.v",
  390: token is 'udp_sedffsr'
  primitive udp_sedffsr (out, in, clk, clr_, set_, si, se, en, NOTIFIER);
                       ^
  Current declaration will be ignored.


Warning-[WUPD] UDP previously declared
  UDP is previously declared: 
   "/home/daniel_kuo/CBDK_TSMC40_Arm_f2.0/CIC/Verilog/sc9_cln40g_base_lvt_udp.v",
  453: token is 'udp_mux4'
  primitive udp_mux4 (out, in0, in1, in2, in3, sel_0, sel_1);
                    ^
  Current declaration will be ignored.


Warning-[WUPD] UDP previously declared
  UDP is previously declared: 
   "/home/daniel_kuo/CBDK_TSMC40_Arm_f2.0/CIC/Verilog/sc9_cln40g_base_lvt_udp.v",
  484: token is 'udp_retn_pwr'
  primitive udp_retn_pwr (out, VDD, VSS, n2, n4, clk, xRN, xSN);
                        ^
  Current declaration will be ignored.


Warning-[WUPD] UDP previously declared
  UDP is previously declared: 
   "/home/daniel_kuo/CBDK_TSMC40_Arm_f2.0/CIC/Verilog/sc9_cln40g_base_lvt_udp.v",
  511: token is 'udp_rslat_out_PWR'
  primitive udp_rslat_out_PWR (out, r, s, VDD, VSS, NOTIFIER);
                             ^
  Current declaration will be ignored.


Warning-[WUPD] UDP previously declared
  UDP is previously declared: 
   "/home/daniel_kuo/CBDK_TSMC40_Arm_f2.0/CIC/Verilog/sc9_cln40g_base_lvt_udp.v",
  537: token is 'udp_o2lvluu_pp_or_vddi_vdd_vss'
  primitive udp_o2lvluu_pp_or_vddi_vdd_vss (y, a, b, vddi, vdd, vss);
                                          ^
  Current declaration will be ignored.


Warning-[WUPD] UDP previously declared
  UDP is previously declared: 
   "/home/daniel_kuo/CBDK_TSMC40_Arm_f2.0/CIC/Verilog/sc9_cln40g_base_lvt_udp.v",
  550: token is 'udp_ph2p'
  primitive udp_ph2p (LOUT, CLK1, CLK2, DATA1, DATA2, SET, RESET);
                    ^
  Current declaration will be ignored.


Warning-[WUPD] UDP previously declared
  UDP is previously declared: 
   "/home/daniel_kuo/CBDK_TSMC40_Arm_f2.0/CIC/Verilog/sc9_cln40g_base_lvt_udp.v",
  594: token is 'udp_mux'
  primitive udp_mux (out, in, s_in, s_sel);
                   ^
  Current declaration will be ignored.


Warning-[WUPD] UDP previously declared
  UDP is previously declared: 
   "/home/daniel_kuo/CBDK_TSMC40_Arm_f2.0/CIC/Verilog/sc9_cln40g_base_lvt_udp.v",
  612: token is 'udp_buf_pp'
  primitive udp_buf_pp (y, a, vddg, vssg);
                      ^
  Current declaration will be ignored.


Warning-[WUPD] UDP previously declared
  UDP is previously declared: 
   "/home/daniel_kuo/CBDK_TSMC40_Arm_f2.0/CIC/Verilog/sc9_cln40g_base_lvt_udp.v",
  625: token is 'udp_lv_pp_vddi_vdd_vss'
  primitive udp_lv_pp_vddi_vdd_vss (y, a, b, vddi, vdd, vss);
                                  ^
  Current declaration will be ignored.


Warning-[WUPD] UDP previously declared
  UDP is previously declared: 
   "/home/daniel_kuo/CBDK_TSMC40_Arm_f2.0/CIC/Verilog/sc9_cln40g_base_lvt_udp.v",
  640: token is 'udp_tlatrf2'
  primitive udp_tlatrf2 (out, in1, w1w, in2, w2w, NOTIFIER);
                       ^
  Current declaration will be ignored.


Warning-[WUPD] UDP previously declared
  UDP is previously declared: 
   "/home/daniel_kuo/CBDK_TSMC40_Arm_f2.0/CIC/Verilog/sc9_cln40g_base_lvt_udp.v",
  675: token is 'udp_tlatrf_PWR'
  primitive udp_tlatrf_PWR (out, in, ww, wwn, VDD, VSS, NOTIFIER);
                          ^
  Current declaration will be ignored.


Warning-[WUPD] UDP previously declared
  UDP is previously declared: 
   "/home/daniel_kuo/CBDK_TSMC40_Arm_f2.0/CIC/Verilog/sc9_cln40g_base_lvt_udp.v",
  703: token is 'udp_dff_PWR'
  primitive udp_dff_PWR (out, in, clk, clr_, set_, VDD, VSS, NOTIFIER);
                       ^
  Current declaration will be ignored.


Warning-[WUPD] UDP previously declared
  UDP is previously declared: 
   "/home/daniel_kuo/CBDK_TSMC40_Arm_f2.0/CIC/Verilog/sc9_cln40g_base_lvt_udp.v",
  732: token is 'udp_a2lvluu_pp_vddi_vdd_vss'
  primitive udp_a2lvluu_pp_vddi_vdd_vss (y, a, b, vddi, vdd, vss);
                                       ^
  Current declaration will be ignored.


Warning-[WUPD] UDP previously declared
  UDP is previously declared: 
   "/home/daniel_kuo/CBDK_TSMC40_Arm_f2.0/CIC/Verilog/sc9_cln40g_base_lvt_udp.v",
  746: token is 'udp_edff_PWR'
  primitive udp_edff_PWR (out, in, clk, clr_, set_, en, VDD, VSS, NOTIFIER);
                        ^
  Current declaration will be ignored.


Warning-[WUPD] UDP previously declared
  UDP is previously declared: 
   "/home/daniel_kuo/CBDK_TSMC40_Arm_f2.0/CIC/Verilog/sc9_cln40g_base_lvt_udp.v",
  782: token is 'udp_tlat_pwr'
  primitive udp_tlat_pwr (out, VDD, VSS, in, hold, clr_, set_, NOTIFIER);
                        ^
  Current declaration will be ignored.


Warning-[WUPD] UDP previously declared
  UDP is previously declared: 
   "/home/daniel_kuo/CBDK_TSMC40_Arm_f2.0/CIC/Verilog/sc9_cln40g_base_lvt_udp.v",
  812: token is 'udp_outrf'
  primitive udp_outrf (out, in, rwn, rw);
                     ^
  Current declaration will be ignored.


Warning-[WUPD] UDP previously declared
  UDP is previously declared: 
   "/home/daniel_kuo/CBDK_TSMC40_Arm_f2.0/CIC/Verilog/sc9_cln40g_base_lvt_udp.v",
  830: token is 'udp_and_pp'
  primitive udp_and_pp (y, a, b, vdd, vss);
                      ^
  Current declaration will be ignored.


Warning-[WUPD] UDP previously declared
  UDP is previously declared: 
   "/home/daniel_kuo/CBDK_TSMC40_Arm_f2.0/CIC/Verilog/sc9_cln40g_base_lvt_udp.v",
  845: token is 'udp_dffr2'
  primitive udp_dffr2 (out, d, ck, clr_, set_, pwr, notifier);
                     ^
  Current declaration will be ignored.


Warning-[WUPD] UDP previously declared
  UDP is previously declared: 
   "/home/daniel_kuo/CBDK_TSMC40_Arm_f2.0/CIC/Verilog/sc9_cln40g_base_lvt_udp.v",
  886: token is 'udp_dffr4'
  primitive udp_dffr4 (out, st1, st0, ck, retn);
                     ^
  Current declaration will be ignored.


Warning-[WUPD] UDP previously declared
  UDP is previously declared: 
   "/home/daniel_kuo/CBDK_TSMC40_Arm_f2.0/CIC/Verilog/sc9_cln40g_base_lvt_udp.v",
  904: token is 'udp_xprop'
  primitive udp_xprop (DOUT, DIN, NOTIFIER, RESET);
                     ^
  Current declaration will be ignored.


Warning-[WUPD] UDP previously declared
  UDP is previously declared: 
   "/home/daniel_kuo/CBDK_TSMC40_Arm_f2.0/CIC/Verilog/sc9_cln40g_base_lvt_udp.v",
  926: token is 'udp_lv_pp_vdd_vss'
  primitive udp_lv_pp_vdd_vss (y, a, b, vdd, vss);
                             ^
  Current declaration will be ignored.


Warning-[WUPD] UDP previously declared
  UDP is previously declared: 
   "/home/daniel_kuo/CBDK_TSMC40_Arm_f2.0/CIC/Verilog/sc9_cln40g_base_lvt_udp.v",
  939: token is 'udp_ph1p'
  primitive udp_ph1p (LOUT, CLK, DATA, SET, RESET);
                    ^
  Current declaration will be ignored.


Warning-[WUPD] UDP previously declared
  UDP is previously declared: 
   "/home/daniel_kuo/CBDK_TSMC40_Arm_f2.0/CIC/Verilog/sc9_cln40g_base_lvt_udp.v",
  968: token is 'udp_dffpower'
  primitive udp_dffpower (out, vdd, vss);
                        ^
  Current declaration will be ignored.


Warning-[WUPD] UDP previously declared
  UDP is previously declared: 
   "/home/daniel_kuo/CBDK_TSMC40_Arm_f2.0/CIC/Verilog/sc9_cln40g_base_lvt_udp.v",
  985: token is 'udp_rslat_out'
  primitive udp_rslat_out (out, r, s, NOTIFIER);
                         ^
  Current declaration will be ignored.


Warning-[WUPD] UDP previously declared
  UDP is previously declared: 
   "/home/daniel_kuo/CBDK_TSMC40_Arm_f2.0/CIC/Verilog/sc9_cln40g_base_lvt_udp.v",
  1008: token is 'udp_always0_pp'
  primitive udp_always0_pp (y, vddg, vssg);
                          ^
  Current declaration will be ignored.


Warning-[WUPD] UDP previously declared
  UDP is previously declared: 
   "/home/daniel_kuo/CBDK_TSMC40_Arm_f2.0/CIC/Verilog/sc9_cln40g_base_lvt_udp.v",
  1021: token is 'udp_edfft_PWR'
  primitive udp_edfft_PWR (out, in, clk, clr_, set_, en, VDD, VSS, NOTIFIER);
                         ^
  Current declaration will be ignored.


Warning-[WUPD] UDP previously declared
  UDP is previously declared: 
   "/home/daniel_kuo/CBDK_TSMC40_Arm_f2.0/CIC/Verilog/sc9_cln40g_base_lvt_udp.v",
  1061: token is 'udp_rslatn_out__PWR'
  primitive udp_rslatn_out__PWR (out_, r_, s_, VDD, VSS, NOTIFIER);
                               ^
  Current declaration will be ignored.


Warning-[WUPD] UDP previously declared
  UDP is previously declared: 
   "/home/daniel_kuo/CBDK_TSMC40_Arm_f2.0/CIC/Verilog/sc9_cln40g_base_lvt_udp.v",
  1089: token is 'udp_dff_ros'
  primitive udp_dff_ros (out, in, clk, clr_, set_, NOTIFIER);
                       ^
  Current declaration will be ignored.


Warning-[WUPD] UDP previously declared
  UDP is previously declared: 
   "/home/daniel_kuo/CBDK_TSMC40_Arm_f2.0/CIC/Verilog/sc9_cln40g_base_lvt_udp.v",
  1116: token is 'udp_rslatn_out_PWR'
  primitive udp_rslatn_out_PWR (out, r_, s_, VDD, VSS, NOTIFIER);
                              ^
  Current declaration will be ignored.


Warning-[WUPD] UDP previously declared
  UDP is previously declared: 
   "/home/daniel_kuo/CBDK_TSMC40_Arm_f2.0/CIC/Verilog/sc9_cln40g_base_lvt_udp.v",
  1149: token is 'udp_wao'
  primitive udp_wao (out, in1a, in1b, in2a, in2b);
                   ^
  Current declaration will be ignored.


Warning-[WUPD] UDP previously declared
  UDP is previously declared: 
   "/home/daniel_kuo/CBDK_TSMC40_Arm_f2.0/CIC/Verilog/sc9_cln40g_base_lvt_udp.v",
  1170: token is 'udp_mx21'
  primitive udp_mx21 (MUXOUT, SEL, DATA0, DATA1);
                    ^
  Current declaration will be ignored.


Warning-[WUPD] UDP previously declared
  UDP is previously declared: 
   "/home/daniel_kuo/CBDK_TSMC40_Arm_f2.0/CIC/Verilog/sc9_cln40g_base_lvt_udp.v",
  1189: token is 'udp_plat_PWR'
  primitive udp_plat_PWR (out, ovrd, clock, ena, VDD, VSS, NOTIFIER);
                        ^
  Current declaration will be ignored.


Warning-[WUPD] UDP previously declared
  UDP is previously declared: 
   "/home/daniel_kuo/CBDK_TSMC40_Arm_f2.0/CIC/Verilog/sc9_cln40g_base_lvt_udp.v",
  1211: token is 'udp_lvl_pp_vddi_vdd_vss'
  primitive udp_lvl_pp_vddi_vdd_vss (y, a, vddi, vdd, vss);
                                   ^
  Current declaration will be ignored.


Warning-[WUPD] UDP previously declared
  UDP is previously declared: 
   "/home/daniel_kuo/CBDK_TSMC40_Arm_f2.0/CIC/Verilog/sc9_cln40g_base_lvt_udp.v",
  1224: token is 'udp_tlatrf'
  primitive udp_tlatrf (out, in, ww, wwn, NOTIFIER);
                      ^
  Current declaration will be ignored.


Warning-[WUPD] UDP previously declared
  UDP is previously declared: 
   "/home/daniel_kuo/CBDK_TSMC40_Arm_f2.0/CIC/Verilog/sc9_cln40g_base_lvt_udp.v",
  1249: token is 'udp_power'
  primitive udp_power (out, out_temp, vdd, vss);
                     ^
  Current declaration will be ignored.


Warning-[WUPD] UDP previously declared
  UDP is previously declared: 
   "/home/daniel_kuo/CBDK_TSMC40_Arm_f2.0/CIC/Verilog/sc9_cln40g_base_lvt_udp.v",
  1264: token is 'udp_tlat_PWR'
  primitive udp_tlat_PWR (out, in, hold, clr_, set_, VDD, VSS, NOTIFIER);
                        ^
  Current declaration will be ignored.


Warning-[WUPD] UDP previously declared
  UDP is previously declared: 
   "/home/daniel_kuo/CBDK_TSMC40_Arm_f2.0/CIC/Verilog/sc9_cln40g_base_lvt_udp.v",
  1293: token is 'udp_dff'
  primitive udp_dff (out, in, clk, clr_, set_, NOTIFIER);
                   ^
  Current declaration will be ignored.


Warning-[WUPD] UDP previously declared
  UDP is previously declared: 
   "/home/daniel_kuo/CBDK_TSMC40_Arm_f2.0/CIC/Verilog/sc9_cln40g_base_lvt_udp.v",
  1318: token is 'udp_ph2p_pwr'
  primitive udp_ph2p_pwr (LOUT, VDD, VSS, CLK1, CLK2, DATA1, DATA2, SET, 
  RESET);
                        ^
  Current declaration will be ignored.


Warning-[WUPD] UDP previously declared
  UDP is previously declared: 
   "/home/daniel_kuo/CBDK_TSMC40_Arm_f2.0/CIC/Verilog/sc9_cln40g_base_lvt_udp.v",
  1360: token is 'udp_rslat_out__PWR'
  primitive udp_rslat_out__PWR (out_, r, s, VDD, VSS, NOTIFIER);
                              ^
  Current declaration will be ignored.


Warning-[WUPD] UDP previously declared
  UDP is previously declared: 
   "/home/daniel_kuo/CBDK_TSMC40_Arm_f2.0/CIC/Verilog/sc9_cln40g_base_lvt_udp.v",
  1387: token is 'udp_sedfft_PWR'
  primitive udp_sedfft_PWR (out, in, clk, clr_, si, se, en, VDD, VSS, 
  NOTIFIER);
                          ^
  Current declaration will be ignored.


Warning-[WUPD] UDP previously declared
  UDP is previously declared: 
   "/home/daniel_kuo/CBDK_TSMC40_Arm_f2.0/CIC/Verilog/sc9_cln40g_base_lvt_udp.v",
  1441: token is 'udp_edff'
  primitive udp_edff (out, in, clk, clr_, set_, en, NOTIFIER);
                    ^
  Current declaration will be ignored.


Warning-[WUPD] UDP previously declared
  UDP is previously declared: 
   "/home/daniel_kuo/CBDK_TSMC40_Arm_f2.0/CIC/Verilog/sc9_cln40g_base_lvt_udp.v",
  1474: token is 'udp_jkff_PWR'
  primitive udp_jkff_PWR (out, j, k, clk, clr_, set_, VDD, VSS, NOTIFIER);
                        ^
  Current declaration will be ignored.


Warning-[WUPD] UDP previously declared
  UDP is previously declared: 
   "/home/daniel_kuo/CBDK_TSMC40_Arm_f2.0/CIC/Verilog/sc9_cln40g_base_lvt_udp.v",
  1512: token is 'udp_retn'
  primitive udp_retn (out, n2, n4, clk, xRN, xSN);
                    ^
  Current declaration will be ignored.


Warning-[WUPD] UDP previously declared
  UDP is previously declared: 
   "/home/daniel_kuo/CBDK_TSMC40_Arm_f2.0/CIC/Verilog/sc9_cln40g_base_lvt_udp.v",
  1535: token is 'udp_lv_pp_or_vddi_vdd_vss'
  primitive udp_lv_pp_or_vddi_vdd_vss (y, a, b, vddi, vdd, vss);
                                     ^
  Current declaration will be ignored.


Warning-[WUPD] UDP previously declared
  UDP is previously declared: 
   "/home/daniel_kuo/CBDK_TSMC40_Arm_f2.0/CIC/Verilog/sc9_cln40g_base_lvt_udp.v",
  1549: token is 'udp_csa4to2_carry'
  primitive udp_csa4to2_carry(carry, a, b, c, ci, d);
                             ^
  Current declaration will be ignored.


Warning-[WUPD] UDP previously declared
  UDP is previously declared: 
   "/home/daniel_kuo/CBDK_TSMC40_Arm_f2.0/CIC/Verilog/sc9_cln40g_base_lvt_udp.v",
  1578: token is 'udp_sedff_PWR'
  primitive udp_sedff_PWR (out, in, clk, clr_, si, se, en, VDD, VSS, 
  NOTIFIER);
                         ^
  Current declaration will be ignored.


Warning-[WUPD] UDP previously declared
  UDP is previously declared: 
   "/home/daniel_kuo/CBDK_TSMC40_Arm_f2.0/CIC/Verilog/sc9_cln40g_base_lvt_udp.v",
  1634: token is 'udp_always1_pp'
  primitive udp_always1_pp (y, vddg, vssg);
                          ^
  Current declaration will be ignored.


Warning-[WUPD] UDP previously declared
  UDP is previously declared: 
   "/home/daniel_kuo/CBDK_TSMC40_Arm_f2.0/CIC/Verilog/sc9_cln40g_base_lvt_udp.v",
  1645: token is 'udp_ando_pp'
  primitive udp_ando_pp (y, a, b, vddo, vsso, vdd, vss);
                       ^
  Current declaration will be ignored.


Warning-[WUPD] UDP previously declared
  UDP is previously declared: 
   "/home/daniel_kuo/CBDK_TSMC40_Arm_f2.0/CIC/Verilog/sc9_cln40g_base_lvt_udp.v",
  1658: token is 'udp_lvl_pp_vdd_vss'
  primitive udp_lvl_pp_vdd_vss (y, a, vdd, vss);
                              ^
  Current declaration will be ignored.


Warning-[WUPD] UDP previously declared
  UDP is previously declared: 
   "/home/daniel_kuo/CBDK_TSMC40_Arm_f2.0/CIC/Verilog/sc9_cln40g_base_lvt_udp.v",
  1671: token is 'udp_sedffsr_PWR'
  primitive udp_sedffsr_PWR (out, in, clk, clr_, set_, si, se, en, VDD, VSS, 
  NOTIFIER);
                           ^
  Current declaration will be ignored.


Warning-[WUPD] UDP previously declared
  UDP is previously declared: 
   "/home/daniel_kuo/CBDK_TSMC40_Arm_f2.0/CIC/Verilog/sc9_cln40g_base_lvt_udp.v",
  1738: token is 'udp_tlat_ros'
  primitive udp_tlat_ros (out, in, hold, clr_, set_, NOTIFIER);
                        ^
  Current declaration will be ignored.


Warning-[WUPD] UDP previously declared
  UDP is previously declared: 
   "/home/daniel_kuo/CBDK_TSMC40_Arm_f2.0/CIC/Verilog/sc9_cln40g_base_lvt_udp.v",
  1764: token is 'udp_edfft'
  primitive udp_edfft (out, in, clk, clr_, set_, en, NOTIFIER);
                     ^
  Current declaration will be ignored.


Warning-[WUPD] UDP previously declared
  UDP is previously declared: 
   "/home/daniel_kuo/CBDK_TSMC40_Arm_f2.0/CIC/Verilog/sc9_cln40g_base_lvt_udp.v",
  1801: token is 'udp_rslatn_out_'
  primitive udp_rslatn_out_ (out_, r_, s_, NOTIFIER);
                           ^
  Current declaration will be ignored.


Warning-[WUPD] UDP previously declared
  UDP is previously declared: 
   "/home/daniel_kuo/CBDK_TSMC40_Arm_f2.0/CIC/Verilog/sc9_cln40g_base_lvt_udp.v",
  1825: token is 'udp_rslatn_out'
  primitive udp_rslatn_out (out, r_, s_, NOTIFIER);
                          ^
  Current declaration will be ignored.


Warning-[WUPD] UDP previously declared
  UDP is previously declared: 
   "/home/daniel_kuo/CBDK_TSMC40_Arm_f2.0/CIC/Verilog/sc9_cln40g_base_lvt_udp.v",
  1847: token is 'udp_oro_pp'
  primitive udp_oro_pp (y, a, b, vddo, vsso, vdd, vss);
                      ^
  Current declaration will be ignored.


Warning-[WUPD] UDP previously declared
  UDP is previously declared: 
   "/home/daniel_kuo/CBDK_TSMC40_Arm_f2.0/CIC/Verilog/sc9_cln40g_base_lvt_udp.v",
  1860: token is 'udp_not_pp'
  primitive udp_not_pp (y, a, vddg, vssg);
                      ^
  Current declaration will be ignored.


Warning-[WUPD] UDP previously declared
  UDP is previously declared: 
   "/home/daniel_kuo/CBDK_TSMC40_Arm_f2.0/CIC/Verilog/sc9_cln40g_base_lvt_udp.v",
  1875: token is 'udp_plat'
  primitive udp_plat (out, ovrd, clock, ena, NOTIFIER);
                    ^
  Current declaration will be ignored.


Warning-[WUPD] UDP previously declared
  UDP is previously declared: 
   "/home/daniel_kuo/CBDK_TSMC40_Arm_f2.0/CIC/Verilog/sc9_cln40g_base_lvt_udp.v",
  1893: token is 'udp_ph1p_pwr'
  primitive udp_ph1p_pwr (LOUT, VDD, VSS, CLK, DATA, SET, RESET);
                        ^
  Current declaration will be ignored.


Warning-[WUPD] UDP previously declared
  UDP is previously declared: 
   "/home/daniel_kuo/CBDK_TSMC40_Arm_f2.0/CIC/Verilog/sc9_cln40g_base_lvt_udp.v",
  1920: token is 'udp_xgen'
  primitive udp_xgen (out, in, en, e);
                    ^
  Current declaration will be ignored.


Warning-[WUPD] UDP previously declared
  UDP is previously declared: 
   "/home/daniel_kuo/CBDK_TSMC40_Arm_f2.0/CIC/Verilog/sc9_cln40g_base_lvt_udp.v",
  1943: token is 'udp_dffr1'
  primitive udp_dffr1 (out, in, clk, clr_, set_, retn, pwr, pwrg, NOTIFIER);
                     ^
  Current declaration will be ignored.

Parsing library file '/home/daniel_kuo/CBDK_TSMC40_Arm_f2.0/CIC/Verilog/sc9_cln40g_base_hvt_neg.v'
Top Level Modules:
       TESTBED
       A2SDFFQN_X0P5M_A9TR
       A2SDFFQN_X1M_A9TR
       A2SDFFQN_X2M_A9TR
       A2SDFFQN_X3M_A9TR
       A2SDFFQ_X0P5M_A9TR
       A2SDFFQ_X1M_A9TR
       A2SDFFQ_X2M_A9TR
       A2SDFFQ_X3M_A9TR
       A2SDFFQ_X4M_A9TR
       ADDFCIN_X1M_A9TR
       ADDFCIN_X1P4M_A9TR
       ADDFCIN_X2M_A9TR
       ADDFH_X1M_A9TR
       ADDFH_X1P4M_A9TR
       ADDH_X1P4M_A9TR
       ADDH_X2M_A9TR
       AND2_X0P5B_A9TR
       AND2_X0P5M_A9TR
       AND2_X0P7B_A9TR
       AND2_X11B_A9TR
       AND2_X11M_A9TR
       AND2_X1B_A9TR
       AND2_X3B_A9TR
       AND2_X3M_A9TR
       AND2_X4B_A9TR
       AND2_X6B_A9TR
       AND2_X6M_A9TR
       AND2_X8B_A9TR
       AND3_X0P5M_A9TR
       AND3_X0P7M_A9TR
       AND3_X11M_A9TR
       AND3_X1M_A9TR
       AND3_X1P4M_A9TR
       AND3_X2M_A9TR
       AND3_X3M_A9TR
       AND3_X4M_A9TR
       AND3_X6M_A9TR
       AND3_X8M_A9TR
       AND4_X0P5M_A9TR
       AND4_X0P7M_A9TR
       AND4_X1M_A9TR
       AND4_X1P4M_A9TR
       AND4_X2M_A9TR
       AND4_X3M_A9TR
       AND4_X4M_A9TR
       AND4_X6M_A9TR
       AND4_X8M_A9TR
       ANTENNA1_A9TR
       AO1B2_X0P5M_A9TR
       AO1B2_X0P7M_A9TR
       AO1B2_X1M_A9TR
       AO1B2_X1P4M_A9TR
       AO1B2_X3M_A9TR
       AO1B2_X6M_A9TR
       AO21A1AI2_X0P5M_A9TR
       AO21A1AI2_X0P7M_A9TR
       AO21A1AI2_X1M_A9TR
       AO21A1AI2_X1P4M_A9TR
       AO21A1AI2_X2M_A9TR
       AO21A1AI2_X3M_A9TR
       AO21A1AI2_X4M_A9TR
       AO21A1AI2_X6M_A9TR
       AO21B_X0P5M_A9TR
       AO21B_X0P7M_A9TR
       AO21B_X1P4M_A9TR
       AO21B_X2M_A9TR
       AO21B_X3M_A9TR
       AO21B_X4M_A9TR
       AO21B_X6M_A9TR
       AO21_X0P5M_A9TR
       AO21_X1P4M_A9TR
       AO21_X3M_A9TR
       AO21_X4M_A9TR
       AO21_X6M_A9TR
       AO22_X0P5M_A9TR
       AO22_X0P7M_A9TR
       AO22_X1M_A9TR
       AO22_X1P4M_A9TR
       AO22_X2M_A9TR
       AO22_X3M_A9TR
       AO22_X4M_A9TR
       AO22_X6M_A9TR
       AOI211_X0P5M_A9TR
       AOI211_X0P7M_A9TR
       AOI211_X1M_A9TR
       AOI211_X1P4M_A9TR
       AOI211_X2M_A9TR
       AOI211_X3M_A9TR
       AOI211_X4M_A9TR
       AOI21B_X0P5M_A9TR
       AOI21B_X0P7M_A9TR
       AOI21B_X1P4M_A9TR
       AOI21B_X2M_A9TR
       AOI21B_X3M_A9TR
       AOI21B_X4M_A9TR
       AOI21B_X6M_A9TR
       AOI21B_X8M_A9TR
       AOI21_X0P5M_A9TR
       AOI21_X4M_A9TR
       AOI21_X6M_A9TR
       AOI21_X8M_A9TR
       AOI221_X0P5M_A9TR
       AOI221_X0P7M_A9TR
       AOI221_X1M_A9TR
       AOI221_X1P4M_A9TR
       AOI221_X2M_A9TR
       AOI221_X3M_A9TR
       AOI221_X4M_A9TR
       AOI222_X0P5M_A9TR
       AOI222_X0P7M_A9TR
       AOI222_X3M_A9TR
       AOI222_X4M_A9TR
       AOI22BB_X0P5M_A9TR
       AOI22BB_X0P7M_A9TR
       AOI22BB_X1P4M_A9TR
       AOI22BB_X2M_A9TR
       AOI22BB_X3M_A9TR
       AOI22BB_X4M_A9TR
       AOI22BB_X6M_A9TR
       AOI22BB_X8M_A9TR
       AOI22_X0P5M_A9TR
       AOI22_X1P4M_A9TR
       AOI22_X3M_A9TR
       AOI22_X4M_A9TR
       AOI22_X6M_A9TR
       AOI22_X8M_A9TR
       AOI2XB1_X0P5M_A9TR
       AOI2XB1_X0P7M_A9TR
       AOI2XB1_X1M_A9TR
       AOI2XB1_X1P4M_A9TR
       AOI2XB1_X2M_A9TR
       AOI2XB1_X3M_A9TR
       AOI2XB1_X4M_A9TR
       AOI2XB1_X6M_A9TR
       AOI2XB1_X8M_A9TR
       AOI31_X0P5M_A9TR
       AOI31_X0P7M_A9TR
       AOI31_X1M_A9TR
       AOI31_X1P4M_A9TR
       AOI31_X2M_A9TR
       AOI31_X3M_A9TR
       AOI31_X4M_A9TR
       AOI31_X6M_A9TR
       AOI32_X0P5M_A9TR
       AOI32_X0P7M_A9TR
       AOI32_X1M_A9TR
       AOI32_X1P4M_A9TR
       AOI32_X2M_A9TR
       AOI32_X3M_A9TR
       AOI32_X4M_A9TR
       AOI32_X6M_A9TR
       BENC_X11M_A9TR
       BENC_X16M_A9TR
       BENC_X2M_A9TR
       BENC_X3M_A9TR
       BENC_X4M_A9TR
       BENC_X6M_A9TR
       BENC_X8M_A9TR
       BMXIT_X0P7M_A9TR
       BMXIT_X1M_A9TR
       BMXIT_X1P4M_A9TR
       BMXIT_X2M_A9TR
       BMXT_X0P7M_A9TR
       BMXT_X1M_A9TR
       BMXT_X1P4M_A9TR
       BMXT_X2M_A9TR
       BUFH_X0P7M_A9TR
       BUFH_X0P8M_A9TR
       BUFH_X13M_A9TR
       BUFH_X16M_A9TR
       BUFH_X1P4M_A9TR
       BUFZ_X11M_A9TR
       BUFZ_X16M_A9TR
       BUFZ_X1M_A9TR
       BUFZ_X1P4M_A9TR
       BUFZ_X2M_A9TR
       BUFZ_X3M_A9TR
       BUFZ_X4M_A9TR
       BUFZ_X6M_A9TR
       BUFZ_X8M_A9TR
       BUF_X0P7B_A9TR
       BUF_X0P8B_A9TR
       BUF_X0P8M_A9TR
       BUF_X11B_A9TR
       BUF_X11M_A9TR
       BUF_X13B_A9TR
       BUF_X13M_A9TR
       BUF_X16B_A9TR
       BUF_X16M_A9TR
       BUF_X1P2B_A9TR
       BUF_X1P2M_A9TR
       BUF_X1P4B_A9TR
       BUF_X1P4M_A9TR
       BUF_X2B_A9TR
       BUF_X2P5B_A9TR
       BUF_X3B_A9TR
       BUF_X3P5B_A9TR
       BUF_X4B_A9TR
       BUF_X5B_A9TR
       BUF_X6B_A9TR
       BUF_X7P5B_A9TR
       BUF_X7P5M_A9TR
       BUF_X9B_A9TR
       CGENCIN_X1M_A9TR
       CGENCIN_X1P4M_A9TR
       CGENCIN_X2M_A9TR
       CGENCON_X1M_A9TR
       CGENCON_X1P4M_A9TR
       CGENCON_X2M_A9TR
       CGENI_X1P4M_A9TR
       CGENI_X2M_A9TR
       CGEN_X2M_A9TR
       CMPR42_X1M_A9TR
       CMPR42_X1P4M_A9TR
       CMPR42_X2M_A9TR
       DFFNQ_X1M_A9TR
       DFFNQ_X2M_A9TR
       DFFNQ_X3M_A9TR
       DFFNSRPQ_X1M_A9TR
       DFFNSRPQ_X2M_A9TR
       DFFNSRPQ_X3M_A9TR
       DFFQN_X0P5M_A9TR
       DFFQN_X1M_A9TR
       DFFQN_X2M_A9TR
       DFFQN_X3M_A9TR
       DFFQ_X0P5M_A9TR
       DFFQ_X1M_A9TR
       DFFQ_X2M_A9TR
       DFFQ_X3M_A9TR
       DFFQ_X4M_A9TR
       DFFRPQN_X0P5M_A9TR
       DFFRPQN_X1M_A9TR
       DFFRPQN_X2M_A9TR
       DFFRPQN_X3M_A9TR
       DFFRPQ_X0P5M_A9TR
       DFFRPQ_X3M_A9TR
       DFFSQN_X0P5M_A9TR
       DFFSQN_X1M_A9TR
       DFFSQN_X2M_A9TR
       DFFSQN_X3M_A9TR
       DFFSRPQ_X0P5M_A9TR
       DFFSRPQ_X1M_A9TR
       DFFSRPQ_X2M_A9TR
       DFFSRPQ_X3M_A9TR
       DFFSRPQ_X4M_A9TR
       DLY2_X0P5M_A9TR
       DLY2_X1M_A9TR
       DLY4_X0P5M_A9TR
       DLY4_X1M_A9TR
       DLYCLK8S2_X1B_A9TR
       DLYCLK8S4_X1B_A9TR
       DLYCLK8S6_X1B_A9TR
       DLYCLK8S8_X1B_A9TR
       ENDCAPTIE3_A9TR
       ESDFFQN_X0P5M_A9TR
       ESDFFQN_X1M_A9TR
       ESDFFQN_X2M_A9TR
       ESDFFQN_X3M_A9TR
       ESDFFQ_X0P5M_A9TR
       ESDFFQ_X1M_A9TR
       ESDFFQ_X2M_A9TR
       ESDFFQ_X3M_A9TR
       FILL128_A9TR
       FILL16_A9TR
       FILL1_A9TR
       FILL2_A9TR
       FILL32_A9TR
       FILL4_A9TR
       FILL64_A9TR
       FILL8_A9TR
       FILLCAP128_A9TR
       FILLCAP16_A9TR
       FILLCAP32_A9TR
       FILLCAP4_A9TR
       FILLCAP64_A9TR
       FILLCAP8_A9TR
       FILLSGCAP128_A9TR
       FILLSGCAP16_A9TR
       FILLSGCAP32_A9TR
       FILLSGCAP4_A9TR
       FILLSGCAP64_A9TR
       FILLSGCAP8_A9TR
       FILLTIE128_A9TR
       FILLTIE16_A9TR
       FILLTIE32_A9TR
       FILLTIE3_A9TR
       FILLTIE4_A9TR
       FILLTIE64_A9TR
       FILLTIE8_A9TR
       FRICG_X0P5B_A9TR
       FRICG_X0P6B_A9TR
       FRICG_X0P7B_A9TR
       FRICG_X0P8B_A9TR
       FRICG_X11B_A9TR
       FRICG_X13B_A9TR
       FRICG_X16B_A9TR
       FRICG_X1B_A9TR
       FRICG_X1P2B_A9TR
       FRICG_X1P4B_A9TR
       FRICG_X1P7B_A9TR
       FRICG_X2B_A9TR
       FRICG_X2P5B_A9TR
       FRICG_X3B_A9TR
       FRICG_X3P5B_A9TR
       FRICG_X4B_A9TR
       FRICG_X5B_A9TR
       FRICG_X6B_A9TR
       FRICG_X7P5B_A9TR
       FRICG_X9B_A9TR
       INV_X0P5B_A9TR
       INV_X0P5M_A9TR
       INV_X0P7B_A9TR
       INV_X0P8B_A9TR
       INV_X0P8M_A9TR
       INV_X11B_A9TR
       INV_X13B_A9TR
       INV_X13M_A9TR
       INV_X16B_A9TR
       INV_X1P2B_A9TR
       INV_X1P4B_A9TR
       INV_X1P4M_A9TR
       INV_X2B_A9TR
       INV_X3B_A9TR
       INV_X3P5M_A9TR
       INV_X6B_A9TR
       INV_X7P5B_A9TR
       INV_X9B_A9TR
       LATNQN_X0P5M_A9TR
       LATNQN_X1M_A9TR
       LATNQN_X2M_A9TR
       LATNQN_X3M_A9TR
       LATNQN_X4M_A9TR
       LATNQ_X0P5M_A9TR
       LATNQ_X1M_A9TR
       LATNQ_X2M_A9TR
       LATNQ_X3M_A9TR
       LATNRPQN_X0P5M_A9TR
       LATNRPQN_X1M_A9TR
       LATNRPQN_X2M_A9TR
       LATNRPQN_X3M_A9TR
       LATNRPQN_X4M_A9TR
       LATNRQ_X0P5M_A9TR
       LATNRQ_X1M_A9TR
       LATNRQ_X2M_A9TR
       LATNRQ_X3M_A9TR
       LATNSPQ_X0P5M_A9TR
       LATNSPQ_X1M_A9TR
       LATNSPQ_X2M_A9TR
       LATNSPQ_X3M_A9TR
       LATNSQN_X0P5M_A9TR
       LATNSQN_X1M_A9TR
       LATNSQN_X2M_A9TR
       LATNSQN_X3M_A9TR
       LATNSQN_X4M_A9TR
       LATQN_X0P5M_A9TR
       LATQN_X1M_A9TR
       LATQN_X2M_A9TR
       LATQN_X3M_A9TR
       LATQN_X4M_A9TR
       LATQ_X0P5M_A9TR
       LATQ_X1M_A9TR
       LATQ_X2M_A9TR
       LATQ_X3M_A9TR
       LATRPQN_X0P5M_A9TR
       LATRPQN_X1M_A9TR
       LATRPQN_X2M_A9TR
       LATRPQN_X3M_A9TR
       LATRPQN_X4M_A9TR
       LATRQ_X0P5M_A9TR
       LATRQ_X1M_A9TR
       LATRQ_X2M_A9TR
       LATRQ_X3M_A9TR
       LATSPQ_X0P5M_A9TR
       LATSPQ_X1M_A9TR
       LATSPQ_X2M_A9TR
       LATSPQ_X3M_A9TR
       LATSQN_X0P5M_A9TR
       LATSQN_X1M_A9TR
       LATSQN_X2M_A9TR
       LATSQN_X3M_A9TR
       LATSQN_X4M_A9TR
       M2SDFFQN_X0P5M_A9TR
       M2SDFFQN_X1M_A9TR
       M2SDFFQN_X2M_A9TR
       M2SDFFQN_X3M_A9TR
       M2SDFFQ_X0P5M_A9TR
       M2SDFFQ_X1M_A9TR
       M2SDFFQ_X2M_A9TR
       M2SDFFQ_X3M_A9TR
       M2SDFFQ_X4M_A9TR
       MX2_X0P5B_A9TR
       MX2_X0P7B_A9TR
       MX2_X1B_A9TR
       MX2_X1P4B_A9TR
       MX2_X2B_A9TR
       MX2_X3B_A9TR
       MX2_X4B_A9TR
       MX2_X6B_A9TR
       MX2_X8B_A9TR
       MXGL2_X0P5B_A9TR
       MXGL2_X0P7B_A9TR
       MXGL2_X1B_A9TR
       MXGL2_X1P4B_A9TR
       MXGL2_X2B_A9TR
       MXGL2_X3B_A9TR
       MXGL2_X4B_A9TR
       MXGL2_X6B_A9TR
       MXIT2_X0P5M_A9TR
       MXIT2_X0P7M_A9TR
       MXIT2_X1M_A9TR
       MXIT2_X1P4M_A9TR
       MXIT2_X2M_A9TR
       MXIT2_X3M_A9TR
       MXIT2_X4M_A9TR
       MXIT4_X0P5M_A9TR
       MXIT4_X0P7M_A9TR
       MXIT4_X1M_A9TR
       MXIT4_X1P4M_A9TR
       MXIT4_X2M_A9TR
       MXIT4_X3M_A9TR
       MXT2_X0P5B_A9TR
       MXT2_X0P5M_A9TR
       MXT2_X0P7B_A9TR
       MXT2_X0P7M_A9TR
       MXT2_X1B_A9TR
       MXT2_X1M_A9TR
       MXT2_X1P4B_A9TR
       MXT2_X1P4M_A9TR
       MXT2_X2B_A9TR
       MXT2_X2M_A9TR
       MXT2_X3B_A9TR
       MXT2_X3M_A9TR
       MXT2_X4B_A9TR
       MXT2_X4M_A9TR
       MXT2_X6B_A9TR
       MXT2_X6M_A9TR
       MXT4_X0P5M_A9TR
       MXT4_X0P7M_A9TR
       MXT4_X1M_A9TR
       MXT4_X1P4M_A9TR
       MXT4_X2M_A9TR
       MXT4_X3M_A9TR
       NAND2B_X0P7M_A9TR
       NAND2B_X1M_A9TR
       NAND2B_X1P4M_A9TR
       NAND2B_X4M_A9TR
       NAND2B_X8M_A9TR
       NAND2XB_X0P5M_A9TR
       NAND2XB_X1P4M_A9TR
       NAND2XB_X4M_A9TR
       NAND2XB_X6M_A9TR
       NAND2XB_X8M_A9TR
       NAND2_X0P5B_A9TR
       NAND2_X0P5M_A9TR
       NAND2_X0P7B_A9TR
       NAND2_X0P7M_A9TR
       NAND2_X1M_A9TR
       NAND2_X1P4M_A9TR
       NAND2_X2A_A9TR
       NAND2_X2M_A9TR
       NAND2_X3A_A9TR
       NAND2_X3M_A9TR
       NAND2_X4A_A9TR
       NAND2_X4M_A9TR
       NAND2_X6A_A9TR
       NAND2_X6B_A9TR
       NAND2_X6M_A9TR
       NAND2_X8A_A9TR
       NAND2_X8B_A9TR
       NAND2_X8M_A9TR
       NAND3BB_X0P5M_A9TR
       NAND3BB_X0P7M_A9TR
       NAND3BB_X1M_A9TR
       NAND3BB_X1P4M_A9TR
       NAND3BB_X2M_A9TR
       NAND3BB_X3M_A9TR
       NAND3BB_X4M_A9TR
       NAND3BB_X6M_A9TR
       NAND3BB_X8M_A9TR
       NAND3B_X0P5M_A9TR
       NAND3B_X0P7M_A9TR
       NAND3B_X1M_A9TR
       NAND3B_X1P4M_A9TR
       NAND3B_X2M_A9TR
       NAND3B_X3M_A9TR
       NAND3B_X4M_A9TR
       NAND3B_X6M_A9TR
       NAND3XXB_X0P5M_A9TR
       NAND3XXB_X0P7M_A9TR
       NAND3XXB_X1M_A9TR
       NAND3XXB_X1P4M_A9TR
       NAND3XXB_X2M_A9TR
       NAND3XXB_X3M_A9TR
       NAND3XXB_X4M_A9TR
       NAND3XXB_X6M_A9TR
       NAND3_X0P5A_A9TR
       NAND3_X0P5M_A9TR
       NAND3_X0P7A_A9TR
       NAND3_X0P7M_A9TR
       NAND3_X1M_A9TR
       NAND3_X1P4A_A9TR
       NAND3_X1P4M_A9TR
       NAND3_X2A_A9TR
       NAND3_X2M_A9TR
       NAND3_X3A_A9TR
       NAND3_X3M_A9TR
       NAND3_X4A_A9TR
       NAND3_X4M_A9TR
       NAND3_X6A_A9TR
       NAND3_X6M_A9TR
       NAND4BB_X0P5M_A9TR
       NAND4BB_X0P7M_A9TR
       NAND4BB_X1M_A9TR
       NAND4BB_X1P4M_A9TR
       NAND4BB_X2M_A9TR
       NAND4BB_X3M_A9TR
       NAND4BB_X4M_A9TR
       NAND4BB_X6M_A9TR
       NAND4B_X0P5M_A9TR
       NAND4B_X0P7M_A9TR
       NAND4B_X1M_A9TR
       NAND4B_X1P4M_A9TR
       NAND4B_X2M_A9TR
       NAND4B_X3M_A9TR
       NAND4B_X4M_A9TR
       NAND4XXXB_X0P5M_A9TR
       NAND4XXXB_X0P7M_A9TR
       NAND4XXXB_X1M_A9TR
       NAND4XXXB_X1P4M_A9TR
       NAND4XXXB_X2M_A9TR
       NAND4XXXB_X3M_A9TR
       NAND4XXXB_X4M_A9TR
       NAND4_X0P5A_A9TR
       NAND4_X0P5M_A9TR
       NAND4_X0P7A_A9TR
       NAND4_X0P7M_A9TR
       NAND4_X1A_A9TR
       NAND4_X1M_A9TR
       NAND4_X1P4A_A9TR
       NAND4_X1P4M_A9TR
       NAND4_X2A_A9TR
       NAND4_X2M_A9TR
       NAND4_X3A_A9TR
       NAND4_X3M_A9TR
       NAND4_X4A_A9TR
       NAND4_X4M_A9TR
       NOR2B_X0P5M_A9TR
       NOR2B_X0P7M_A9TR
       NOR2B_X3M_A9TR
       NOR2B_X6M_A9TR
       NOR2B_X8M_A9TR
       NOR2XB_X0P5M_A9TR
       NOR2XB_X0P7M_A9TR
       NOR2XB_X1P4M_A9TR
       NOR2XB_X3M_A9TR
       NOR2XB_X4M_A9TR
       NOR2XB_X6M_A9TR
       NOR2XB_X8M_A9TR
       NOR2_X0P5A_A9TR
       NOR2_X0P5M_A9TR
       NOR2_X0P7A_A9TR
       NOR2_X0P7B_A9TR
       NOR2_X1B_A9TR
       NOR2_X1P4A_A9TR
       NOR2_X1P4B_A9TR
       NOR2_X6A_A9TR
       NOR2_X6B_A9TR
       NOR2_X6M_A9TR
       NOR2_X8A_A9TR
       NOR2_X8B_A9TR
       NOR2_X8M_A9TR
       NOR3BB_X0P5M_A9TR
       NOR3BB_X0P7M_A9TR
       NOR3BB_X1M_A9TR
       NOR3BB_X1P4M_A9TR
       NOR3BB_X2M_A9TR
       NOR3BB_X3M_A9TR
       NOR3BB_X4M_A9TR
       NOR3BB_X6M_A9TR
       NOR3BB_X8M_A9TR
       NOR3_X0P5A_A9TR
       NOR3_X0P5M_A9TR
       NOR3_X0P7A_A9TR
       NOR3_X0P7M_A9TR
       NOR3_X1A_A9TR
       NOR3_X1M_A9TR
       NOR3_X1P4A_A9TR
       NOR3_X1P4M_A9TR
       NOR3_X2A_A9TR
       NOR3_X2M_A9TR
       NOR3_X3A_A9TR
       NOR3_X3M_A9TR
       NOR3_X4A_A9TR
       NOR3_X4M_A9TR
       NOR4BB_X0P5M_A9TR
       NOR4BB_X0P7M_A9TR
       NOR4BB_X1M_A9TR
       NOR4BB_X1P4M_A9TR
       NOR4BB_X2M_A9TR
       NOR4BB_X3M_A9TR
       NOR4BB_X4M_A9TR
       OA1B2_X0P5M_A9TR
       OA1B2_X0P7M_A9TR
       OA1B2_X1M_A9TR
       OA1B2_X1P4M_A9TR
       OA1B2_X2M_A9TR
       OA1B2_X3M_A9TR
       OA1B2_X4M_A9TR
       OA1B2_X6M_A9TR
       OA1B2_X8M_A9TR
       OA211_X0P5M_A9TR
       OA211_X0P7M_A9TR
       OA211_X1M_A9TR
       OA211_X1P4M_A9TR
       OA211_X2M_A9TR
       OA211_X3M_A9TR
       OA211_X4M_A9TR
       OA211_X6M_A9TR
       OA21A1OI2_X0P5M_A9TR
       OA21A1OI2_X0P7M_A9TR
       OA21A1OI2_X1M_A9TR
       OA21A1OI2_X1P4M_A9TR
       OA21A1OI2_X2M_A9TR
       OA21A1OI2_X3M_A9TR
       OA21A1OI2_X4M_A9TR
       OA21A1OI2_X6M_A9TR
       OA21B_X0P5M_A9TR
       OA21B_X0P7M_A9TR
       OA21B_X1M_A9TR
       OA21B_X1P4M_A9TR
       OA21B_X2M_A9TR
       OA21B_X3M_A9TR
       OA21B_X4M_A9TR
       OA21B_X6M_A9TR
       OA21B_X8M_A9TR
       OA21_X0P5M_A9TR
       OA21_X0P7M_A9TR
       OA21_X1P4M_A9TR
       OA21_X2M_A9TR
       OA21_X3M_A9TR
       OA21_X4M_A9TR
       OA21_X6M_A9TR
       OA21_X8M_A9TR
       OA22_X0P5M_A9TR
       OA22_X0P7M_A9TR
       OA22_X1P4M_A9TR
       OA22_X2M_A9TR
       OA22_X3M_A9TR
       OA22_X4M_A9TR
       OA22_X6M_A9TR
       OA22_X8M_A9TR
       OAI211_X0P5M_A9TR
       OAI211_X0P7M_A9TR
       OAI211_X1P4M_A9TR
       OAI211_X2M_A9TR
       OAI211_X3M_A9TR
       OAI211_X4M_A9TR
       OAI21B_X0P5M_A9TR
       OAI21B_X0P7M_A9TR
       OAI21B_X1M_A9TR
       OAI21B_X1P4M_A9TR
       OAI21B_X2M_A9TR
       OAI21B_X4M_A9TR
       OAI21B_X6M_A9TR
       OAI21B_X8M_A9TR
       OAI21_X0P5M_A9TR
       OAI21_X4M_A9TR
       OAI21_X6M_A9TR
       OAI21_X8M_A9TR
       OAI221_X0P5M_A9TR
       OAI221_X0P7M_A9TR
       OAI221_X1M_A9TR
       OAI221_X1P4M_A9TR
       OAI221_X2M_A9TR
       OAI221_X3M_A9TR
       OAI221_X4M_A9TR
       OAI222_X0P5M_A9TR
       OAI222_X0P7M_A9TR
       OAI222_X1M_A9TR
       OAI222_X1P4M_A9TR
       OAI222_X2M_A9TR
       OAI222_X3M_A9TR
       OAI222_X4M_A9TR
       OAI22BB_X0P5M_A9TR
       OAI22BB_X0P7M_A9TR
       OAI22BB_X1M_A9TR
       OAI22BB_X2M_A9TR
       OAI22BB_X3M_A9TR
       OAI22BB_X4M_A9TR
       OAI22BB_X6M_A9TR
       OAI22BB_X8M_A9TR
       OAI22_X3M_A9TR
       OAI22_X4M_A9TR
       OAI22_X8M_A9TR
       OAI2XB1_X0P5M_A9TR
       OAI2XB1_X0P7M_A9TR
       OAI2XB1_X1P4M_A9TR
       OAI2XB1_X2M_A9TR
       OAI2XB1_X8M_A9TR
       OAI31_X0P5M_A9TR
       OAI31_X0P7M_A9TR
       OAI31_X1M_A9TR
       OAI31_X1P4M_A9TR
       OAI31_X2M_A9TR
       OAI31_X3M_A9TR
       OAI31_X4M_A9TR
       OAI31_X6M_A9TR
       OR2_X0P5B_A9TR
       OR2_X0P5M_A9TR
       OR2_X0P7B_A9TR
       OR2_X11B_A9TR
       OR2_X11M_A9TR
       OR2_X2M_A9TR
       OR2_X4B_A9TR
       OR2_X4M_A9TR
       OR2_X6B_A9TR
       OR2_X6M_A9TR
       OR2_X8B_A9TR
       OR2_X8M_A9TR
       OR3_X0P5M_A9TR
       OR3_X0P7M_A9TR
       OR3_X1M_A9TR
       OR3_X1P4M_A9TR
       OR3_X2M_A9TR
       OR3_X3M_A9TR
       OR3_X4M_A9TR
       OR3_X6M_A9TR
       OR3_X8M_A9TR
       OR4_X0P5M_A9TR
       OR4_X0P7M_A9TR
       OR4_X1M_A9TR
       OR4_X1P4M_A9TR
       OR4_X2M_A9TR
       OR4_X3M_A9TR
       OR4_X4M_A9TR
       OR4_X6M_A9TR
       OR4_X8M_A9TR
       OR6_X0P5M_A9TR
       OR6_X0P7M_A9TR
       OR6_X1M_A9TR
       OR6_X1P4M_A9TR
       OR6_X2M_A9TR
       OR6_X3M_A9TR
       OR6_X4M_A9TR
       OR6_X6M_A9TR
       POSTICG_X0P5B_A9TR
       POSTICG_X0P6B_A9TR
       POSTICG_X0P7B_A9TR
       POSTICG_X0P8B_A9TR
       POSTICG_X11B_A9TR
       POSTICG_X13B_A9TR
       POSTICG_X16B_A9TR
       POSTICG_X1B_A9TR
       POSTICG_X1P2B_A9TR
       POSTICG_X1P4B_A9TR
       POSTICG_X1P7B_A9TR
       POSTICG_X2B_A9TR
       POSTICG_X2P5B_A9TR
       POSTICG_X3B_A9TR
       POSTICG_X3P5B_A9TR
       POSTICG_X4B_A9TR
       POSTICG_X5B_A9TR
       POSTICG_X6B_A9TR
       POSTICG_X7P5B_A9TR
       POSTICG_X9B_A9TR
       PREICG_X0P5B_A9TR
       PREICG_X0P6B_A9TR
       PREICG_X0P7B_A9TR
       PREICG_X0P8B_A9TR
       PREICG_X11B_A9TR
       PREICG_X13B_A9TR
       PREICG_X16B_A9TR
       PREICG_X1B_A9TR
       PREICG_X1P2B_A9TR
       PREICG_X1P4B_A9TR
       PREICG_X1P7B_A9TR
       PREICG_X2B_A9TR
       PREICG_X2P5B_A9TR
       PREICG_X3B_A9TR
       PREICG_X3P5B_A9TR
       PREICG_X4B_A9TR
       PREICG_X5B_A9TR
       PREICG_X6B_A9TR
       PREICG_X7P5B_A9TR
       PREICG_X9B_A9TR
       RF1R1WS_X1M_A9TR
       RF1R1WS_X1P4M_A9TR
       RF1R1WS_X2M_A9TR
       RF1R2WS_X1M_A9TR
       RF1R2WS_X1P4M_A9TR
       RF1R2WS_X2M_A9TR
       RF2R1WS_X1M_A9TR
       RF2R1WS_X1P4M_A9TR
       RF2R1WS_X2M_A9TR
       RF2R2WS_X1M_A9TR
       RF2R2WS_X1P4M_A9TR
       RF2R2WS_X2M_A9TR
       SDFFNQ_X1M_A9TR
       SDFFNQ_X2M_A9TR
       SDFFNQ_X3M_A9TR
       SDFFNRPQ_X1M_A9TR
       SDFFNRPQ_X2M_A9TR
       SDFFNRPQ_X3M_A9TR
       SDFFNSQ_X1M_A9TR
       SDFFNSQ_X2M_A9TR
       SDFFNSQ_X3M_A9TR
       SDFFNSRPQ_X1M_A9TR
       SDFFNSRPQ_X2M_A9TR
       SDFFNSRPQ_X3M_A9TR
       SDFFQN_X0P5M_A9TR
       SDFFQN_X1M_A9TR
       SDFFQN_X2M_A9TR
       SDFFQN_X3M_A9TR
       SDFFQ_X0P5M_A9TR
       SDFFQ_X1M_A9TR
       SDFFQ_X2M_A9TR
       SDFFQ_X3M_A9TR
       SDFFQ_X4M_A9TR
       SDFFRPQN_X0P5M_A9TR
       SDFFRPQN_X1M_A9TR
       SDFFRPQN_X2M_A9TR
       SDFFRPQN_X3M_A9TR
       SDFFRPQ_X0P5M_A9TR
       SDFFRPQ_X1M_A9TR
       SDFFRPQ_X2M_A9TR
       SDFFRPQ_X3M_A9TR
       SDFFRPQ_X4M_A9TR
       SDFFSQN_X0P5M_A9TR
       SDFFSQN_X1M_A9TR
       SDFFSQN_X2M_A9TR
       SDFFSQN_X3M_A9TR
       SDFFSQ_X0P5M_A9TR
       SDFFSQ_X1M_A9TR
       SDFFSQ_X2M_A9TR
       SDFFSQ_X3M_A9TR
       SDFFSQ_X4M_A9TR
       SDFFSRPQ_X0P5M_A9TR
       SDFFSRPQ_X1M_A9TR
       SDFFSRPQ_X2M_A9TR
       SDFFSRPQ_X3M_A9TR
       SDFFSRPQ_X4M_A9TR
       SDFFYQ_X1M_A9TR
       SDFFYQ_X2M_A9TR
       SDFFYQ_X3M_A9TR
       SDFFYQ_X4M_A9TR
       TIEHI_X1M_A9TR
       TIELO_X1M_A9TR
       XNOR3_X0P5M_A9TR
       XNOR3_X0P7M_A9TR
       XNOR3_X1M_A9TR
       XNOR3_X1P4M_A9TR
       XNOR3_X2M_A9TR
       XNOR3_X3M_A9TR
       XNOR3_X4M_A9TR
       XOR2_X4M_A9TR
       XOR3_X0P5M_A9TR
       XOR3_X0P7M_A9TR
       XOR3_X1P4M_A9TR
       XOR3_X2M_A9TR
       XOR3_X3M_A9TR
       XOR3_X4M_A9TR
       A2SDFFQN_X0P5M_A9TL
       A2SDFFQN_X1M_A9TL
       A2SDFFQN_X2M_A9TL
       A2SDFFQN_X3M_A9TL
       A2SDFFQ_X0P5M_A9TL
       A2SDFFQ_X1M_A9TL
       A2SDFFQ_X2M_A9TL
       A2SDFFQ_X3M_A9TL
       A2SDFFQ_X4M_A9TL
       ADDFCIN_X1M_A9TL
       ADDFCIN_X1P4M_A9TL
       ADDFCIN_X2M_A9TL
       ADDFH_X1M_A9TL
       AND2_X0P5B_A9TL
       AND2_X0P5M_A9TL
       AND2_X0P7B_A9TL
       AND2_X11M_A9TL
       AND2_X3M_A9TL
       AND2_X4B_A9TL
       AND2_X6M_A9TL
       AND2_X8M_A9TL
       AND3_X0P5M_A9TL
       AND3_X0P7M_A9TL
       AND3_X11M_A9TL
       AND3_X1M_A9TL
       AND3_X1P4M_A9TL
       AND3_X2M_A9TL
       AND3_X6M_A9TL
       AND3_X8M_A9TL
       AND4_X0P5M_A9TL
       AND4_X0P7M_A9TL
       AND4_X1M_A9TL
       AND4_X1P4M_A9TL
       AND4_X2M_A9TL
       AND4_X4M_A9TL
       AND4_X6M_A9TL
       AND4_X8M_A9TL
       ANTENNA1_A9TL
       AO1B2_X0P5M_A9TL
       AO1B2_X0P7M_A9TL
       AO1B2_X1M_A9TL
       AO1B2_X3M_A9TL
       AO21A1AI2_X0P5M_A9TL
       AO21A1AI2_X0P7M_A9TL
       AO21A1AI2_X1M_A9TL
       AO21A1AI2_X1P4M_A9TL
       AO21A1AI2_X4M_A9TL
       AO21B_X0P5M_A9TL
       AO21B_X1P4M_A9TL
       AO21_X0P5M_A9TL
       AO21_X6M_A9TL
       AO22_X0P5M_A9TL
       AO22_X1M_A9TL
       AO22_X1P4M_A9TL
       AO22_X2M_A9TL
       AO22_X3M_A9TL
       AO22_X4M_A9TL
       AO22_X6M_A9TL
       AOI211_X0P5M_A9TL
       AOI211_X0P7M_A9TL
       AOI211_X1M_A9TL
       AOI211_X1P4M_A9TL
       AOI211_X2M_A9TL
       AOI21B_X0P5M_A9TL
       AOI21B_X0P7M_A9TL
       AOI21B_X8M_A9TL
       AOI21_X0P5M_A9TL
       AOI221_X0P5M_A9TL
       AOI221_X0P7M_A9TL
       AOI221_X1M_A9TL
       AOI221_X1P4M_A9TL
       AOI221_X2M_A9TL
       AOI221_X3M_A9TL
       AOI221_X4M_A9TL
       AOI222_X0P5M_A9TL
       AOI22BB_X0P5M_A9TL
       AOI22BB_X0P7M_A9TL
       AOI22BB_X1M_A9TL
       AOI22_X0P5M_A9TL
       AOI22_X8M_A9TL
       AOI2XB1_X0P5M_A9TL
       AOI2XB1_X0P7M_A9TL
       AOI2XB1_X1M_A9TL
       AOI2XB1_X1P4M_A9TL
       AOI31_X0P5M_A9TL
       AOI31_X0P7M_A9TL
       AOI31_X1M_A9TL
       AOI31_X1P4M_A9TL
       AOI31_X6M_A9TL
       AOI32_X0P5M_A9TL
       AOI32_X0P7M_A9TL
       AOI32_X1M_A9TL
       AOI32_X1P4M_A9TL
       AOI32_X2M_A9TL
       AOI32_X3M_A9TL
       AOI32_X4M_A9TL
       AOI32_X6M_A9TL
       BENC_X11M_A9TL
       BENC_X16M_A9TL
       BENC_X2M_A9TL
       BENC_X3M_A9TL
       BENC_X4M_A9TL
       BENC_X6M_A9TL
       BENC_X8M_A9TL
       BMXIT_X0P7M_A9TL
       BMXIT_X1M_A9TL
       BMXIT_X1P4M_A9TL
       BMXIT_X2M_A9TL
       BMXT_X0P7M_A9TL
       BMXT_X1M_A9TL
       BMXT_X1P4M_A9TL
       BMXT_X2M_A9TL
       BUFH_X0P7M_A9TL
       BUFH_X0P8M_A9TL
       BUFH_X11M_A9TL
       BUFH_X16M_A9TL
       BUFH_X1P2M_A9TL
       BUFZ_X11M_A9TL
       BUFZ_X16M_A9TL
       BUFZ_X1M_A9TL
       BUFZ_X1P4M_A9TL
       BUFZ_X2M_A9TL
       BUFZ_X3M_A9TL
       BUFZ_X4M_A9TL
       BUFZ_X6M_A9TL
       BUFZ_X8M_A9TL
       BUF_X0P7B_A9TL
       BUF_X0P7M_A9TL
       BUF_X0P8B_A9TL
       BUF_X0P8M_A9TL
       BUF_X11B_A9TL
       BUF_X11M_A9TL
       BUF_X13B_A9TL
       BUF_X13M_A9TL
       BUF_X16B_A9TL
       BUF_X16M_A9TL
       BUF_X1B_A9TL
       BUF_X1P2B_A9TL
       BUF_X1P2M_A9TL
       BUF_X1P4B_A9TL
       BUF_X1P4M_A9TL
       BUF_X1P7B_A9TL
       BUF_X1P7M_A9TL
       BUF_X2P5B_A9TL
       BUF_X2P5M_A9TL
       BUF_X3B_A9TL
       BUF_X3P5B_A9TL
       BUF_X4B_A9TL
       BUF_X5B_A9TL
       BUF_X5M_A9TL
       BUF_X6B_A9TL
       BUF_X7P5B_A9TL
       BUF_X9B_A9TL
       CGENCIN_X1M_A9TL
       CGENCIN_X1P4M_A9TL
       CGENCIN_X2M_A9TL
       CGENCON_X1M_A9TL
       CGENCON_X1P4M_A9TL
       CGENCON_X2M_A9TL
       CGENI_X1P4M_A9TL
       CMPR42_X1M_A9TL
       CMPR42_X1P4M_A9TL
       CMPR42_X2M_A9TL
       DFFNQ_X1M_A9TL
       DFFNQ_X2M_A9TL
       DFFNQ_X3M_A9TL
       DFFNSRPQ_X1M_A9TL
       DFFNSRPQ_X2M_A9TL
       DFFNSRPQ_X3M_A9TL
       DFFQN_X0P5M_A9TL
       DFFQN_X1M_A9TL
       DFFQN_X2M_A9TL
       DFFQN_X3M_A9TL
       DFFQ_X0P5M_A9TL
       DFFQ_X1M_A9TL
       DFFQ_X2M_A9TL
       DFFQ_X3M_A9TL
       DFFQ_X4M_A9TL
       DFFRPQN_X0P5M_A9TL
       DFFRPQN_X1M_A9TL
       DFFRPQN_X2M_A9TL
       DFFRPQN_X3M_A9TL
       DFFRPQ_X0P5M_A9TL
       DFFSQN_X0P5M_A9TL
       DFFSQN_X1M_A9TL
       DFFSQN_X2M_A9TL
       DFFSQN_X3M_A9TL
       DFFSQ_X0P5M_A9TL
       DFFSRPQ_X0P5M_A9TL
       DFFSRPQ_X1M_A9TL
       DFFSRPQ_X2M_A9TL
       DFFSRPQ_X3M_A9TL
       DFFSRPQ_X4M_A9TL
       DLY2_X0P5M_A9TL
       DLY2_X1M_A9TL
       DLY4_X0P5M_A9TL
       DLY4_X1M_A9TL
       DLYCLK8S2_X1B_A9TL
       DLYCLK8S4_X1B_A9TL
       DLYCLK8S6_X1B_A9TL
       DLYCLK8S8_X1B_A9TL
       ENDCAPTIE3_A9TL
       ESDFFQN_X0P5M_A9TL
       ESDFFQN_X1M_A9TL
       ESDFFQN_X2M_A9TL
       ESDFFQN_X3M_A9TL
       ESDFFQ_X0P5M_A9TL
       ESDFFQ_X1M_A9TL
       ESDFFQ_X2M_A9TL
       ESDFFQ_X3M_A9TL
       FILL128_A9TL
       FILL16_A9TL
       FILL1_A9TL
       FILL2_A9TL
       FILL32_A9TL
       FILL4_A9TL
       FILL64_A9TL
       FILL8_A9TL
       FILLCAP128_A9TL
       FILLCAP16_A9TL
       FILLCAP32_A9TL
       FILLCAP4_A9TL
       FILLCAP64_A9TL
       FILLCAP8_A9TL
       FILLSGCAP128_A9TL
       FILLSGCAP16_A9TL
       FILLSGCAP32_A9TL
       FILLSGCAP4_A9TL
       FILLSGCAP64_A9TL
       FILLSGCAP8_A9TL
       FILLTIE128_A9TL
       FILLTIE16_A9TL
       FILLTIE32_A9TL
       FILLTIE3_A9TL
       FILLTIE4_A9TL
       FILLTIE64_A9TL
       FILLTIE8_A9TL
       FRICG_X0P5B_A9TL
       FRICG_X0P6B_A9TL
       FRICG_X0P7B_A9TL
       FRICG_X0P8B_A9TL
       FRICG_X11B_A9TL
       FRICG_X13B_A9TL
       FRICG_X16B_A9TL
       FRICG_X1B_A9TL
       FRICG_X1P2B_A9TL
       FRICG_X1P4B_A9TL
       FRICG_X1P7B_A9TL
       FRICG_X2B_A9TL
       FRICG_X2P5B_A9TL
       FRICG_X3B_A9TL
       FRICG_X3P5B_A9TL
       FRICG_X4B_A9TL
       FRICG_X5B_A9TL
       FRICG_X6B_A9TL
       FRICG_X7P5B_A9TL
       FRICG_X9B_A9TL
       INV_X0P5B_A9TL
       INV_X0P5M_A9TL
       INV_X0P6M_A9TL
       INV_X0P7B_A9TL
       INV_X0P8B_A9TL
       INV_X11B_A9TL
       INV_X13B_A9TL
       INV_X13M_A9TL
       INV_X16B_A9TL
       INV_X1B_A9TL
       INV_X1P2B_A9TL
       INV_X1P2M_A9TL
       INV_X1P4B_A9TL
       INV_X1P4M_A9TL
       INV_X2B_A9TL
       INV_X3B_A9TL
       INV_X4B_A9TL
       INV_X5B_A9TL
       INV_X6B_A9TL
       INV_X9B_A9TL
       LATNQN_X0P5M_A9TL
       LATNQN_X1M_A9TL
       LATNQN_X2M_A9TL
       LATNQN_X3M_A9TL
       LATNQN_X4M_A9TL
       LATNQ_X0P5M_A9TL
       LATNQ_X1M_A9TL
       LATNQ_X2M_A9TL
       LATNQ_X3M_A9TL
       LATNRPQN_X0P5M_A9TL
       LATNRPQN_X1M_A9TL
       LATNRPQN_X2M_A9TL
       LATNRPQN_X3M_A9TL
       LATNRPQN_X4M_A9TL
       LATNRQ_X0P5M_A9TL
       LATNRQ_X1M_A9TL
       LATNRQ_X2M_A9TL
       LATNRQ_X3M_A9TL
       LATNSPQ_X0P5M_A9TL
       LATNSPQ_X1M_A9TL
       LATNSPQ_X2M_A9TL
       LATNSPQ_X3M_A9TL
       LATNSQN_X0P5M_A9TL
       LATNSQN_X1M_A9TL
       LATNSQN_X2M_A9TL
       LATNSQN_X3M_A9TL
       LATNSQN_X4M_A9TL
       LATQN_X0P5M_A9TL
       LATQN_X1M_A9TL
       LATQN_X2M_A9TL
       LATQN_X3M_A9TL
       LATQN_X4M_A9TL
       LATQ_X0P5M_A9TL
       LATQ_X1M_A9TL
       LATQ_X2M_A9TL
       LATQ_X3M_A9TL
       LATRPQN_X0P5M_A9TL
       LATRPQN_X1M_A9TL
       LATRPQN_X2M_A9TL
       LATRPQN_X3M_A9TL
       LATRPQN_X4M_A9TL
       LATRQ_X0P5M_A9TL
       LATRQ_X1M_A9TL
       LATRQ_X2M_A9TL
       LATRQ_X3M_A9TL
       LATSPQ_X0P5M_A9TL
       LATSPQ_X1M_A9TL
       LATSPQ_X2M_A9TL
       LATSPQ_X3M_A9TL
       LATSQN_X0P5M_A9TL
       LATSQN_X1M_A9TL
       LATSQN_X2M_A9TL
       LATSQN_X3M_A9TL
       LATSQN_X4M_A9TL
       M2SDFFQN_X0P5M_A9TL
       M2SDFFQN_X1M_A9TL
       M2SDFFQN_X2M_A9TL
       M2SDFFQN_X3M_A9TL
       M2SDFFQ_X0P5M_A9TL
       M2SDFFQ_X1M_A9TL
       M2SDFFQ_X2M_A9TL
       M2SDFFQ_X3M_A9TL
       M2SDFFQ_X4M_A9TL
       MX2_X0P5B_A9TL
       MX2_X0P7B_A9TL
       MX2_X1B_A9TL
       MX2_X1P4B_A9TL
       MX2_X2B_A9TL
       MX2_X3B_A9TL
       MX2_X4B_A9TL
       MX2_X6B_A9TL
       MX2_X8B_A9TL
       MXGL2_X0P5B_A9TL
       MXGL2_X0P7B_A9TL
       MXGL2_X1B_A9TL
       MXGL2_X1P4B_A9TL
       MXGL2_X2B_A9TL
       MXGL2_X3B_A9TL
       MXGL2_X4B_A9TL
       MXGL2_X6B_A9TL
       MXIT2_X0P5M_A9TL
       MXIT2_X0P7M_A9TL
       MXIT2_X1M_A9TL
       MXIT2_X1P4M_A9TL
       MXIT2_X2M_A9TL
       MXIT2_X4M_A9TL
       MXIT4_X0P5M_A9TL
       MXIT4_X0P7M_A9TL
       MXIT4_X1M_A9TL
       MXIT4_X1P4M_A9TL
       MXIT4_X2M_A9TL
       MXIT4_X3M_A9TL
       MXT2_X0P5B_A9TL
       MXT2_X0P5M_A9TL
       MXT2_X0P7B_A9TL
       MXT2_X0P7M_A9TL
       MXT2_X1B_A9TL
       MXT2_X1M_A9TL
       MXT2_X1P4B_A9TL
       MXT2_X1P4M_A9TL
       MXT2_X2B_A9TL
       MXT2_X2M_A9TL
       MXT2_X3B_A9TL
       MXT2_X3M_A9TL
       MXT2_X4B_A9TL
       MXT2_X6B_A9TL
       MXT2_X6M_A9TL
       MXT4_X0P5M_A9TL
       MXT4_X0P7M_A9TL
       MXT4_X1M_A9TL
       MXT4_X1P4M_A9TL
       MXT4_X2M_A9TL
       MXT4_X3M_A9TL
       NAND2B_X0P7M_A9TL
       NAND2B_X1M_A9TL
       NAND2XB_X0P5M_A9TL
       NAND2_X0P5B_A9TL
       NAND2_X0P5M_A9TL
       NAND2_X0P7B_A9TL
       NAND2_X0P7M_A9TL
       NAND2_X1B_A9TL
       NAND2_X1M_A9TL
       NAND2_X1P4M_A9TL
       NAND2_X2A_A9TL
       NAND2_X2B_A9TL
       NAND2_X3A_A9TL
       NAND2_X3B_A9TL
       NAND2_X4A_A9TL
       NAND2_X4B_A9TL
       NAND2_X6A_A9TL
       NAND2_X6B_A9TL
       NAND2_X8A_A9TL
       NAND2_X8B_A9TL
       NAND3BB_X0P5M_A9TL
       NAND3BB_X0P7M_A9TL
       NAND3BB_X1M_A9TL
       NAND3B_X0P5M_A9TL
       NAND3B_X0P7M_A9TL
       NAND3B_X1M_A9TL
       NAND3B_X1P4M_A9TL
       NAND3B_X2M_A9TL
       NAND3B_X3M_A9TL
       NAND3B_X4M_A9TL
       NAND3B_X6M_A9TL
       NAND3XXB_X0P5M_A9TL
       NAND3XXB_X0P7M_A9TL
       NAND3XXB_X1M_A9TL
       NAND3XXB_X1P4M_A9TL
       NAND3XXB_X2M_A9TL
       NAND3XXB_X3M_A9TL
       NAND3XXB_X4M_A9TL
       NAND3_X0P5A_A9TL
       NAND3_X0P5M_A9TL
       NAND3_X0P7A_A9TL
       NAND3_X0P7M_A9TL
       NAND3_X1P4A_A9TL
       NAND4BB_X0P5M_A9TL
       NAND4BB_X0P7M_A9TL
       NAND4BB_X1M_A9TL
       NAND4BB_X1P4M_A9TL
       NAND4BB_X2M_A9TL
       NAND4BB_X3M_A9TL
       NAND4BB_X4M_A9TL
       NAND4BB_X6M_A9TL
       NAND4B_X0P5M_A9TL
       NAND4B_X0P7M_A9TL
       NAND4B_X1M_A9TL
       NAND4B_X1P4M_A9TL
       NAND4B_X2M_A9TL
       NAND4B_X3M_A9TL
       NAND4B_X4M_A9TL
       NAND4XXXB_X0P5M_A9TL
       NAND4XXXB_X0P7M_A9TL
       NAND4XXXB_X1M_A9TL
       NAND4XXXB_X1P4M_A9TL
       NAND4XXXB_X2M_A9TL
       NAND4XXXB_X3M_A9TL
       NAND4XXXB_X4M_A9TL
       NAND4_X0P5A_A9TL
       NAND4_X0P5M_A9TL
       NAND4_X0P7A_A9TL
       NAND4_X0P7M_A9TL
       NAND4_X1A_A9TL
       NAND4_X1M_A9TL
       NAND4_X1P4A_A9TL
       NAND4_X1P4M_A9TL
       NAND4_X2A_A9TL
       NAND4_X2M_A9TL
       NAND4_X3A_A9TL
       NAND4_X4A_A9TL
       NOR2B_X0P5M_A9TL
       NOR2B_X1P4M_A9TL
       NOR2XB_X0P5M_A9TL
       NOR2XB_X0P7M_A9TL
       NOR2XB_X1P4M_A9TL
       NOR2XB_X8M_A9TL
       NOR2_X0P5A_A9TL
       NOR2_X0P5M_A9TL
       NOR2_X0P7A_A9TL
       NOR2_X0P7B_A9TL
       NOR2_X1B_A9TL
       NOR2_X1P4A_A9TL
       NOR2_X8M_A9TL
       NOR3BB_X0P5M_A9TL
       NOR3BB_X0P7M_A9TL
       NOR3BB_X1M_A9TL
       NOR3BB_X1P4M_A9TL
       NOR3BB_X2M_A9TL
       NOR3BB_X6M_A9TL
       NOR3BB_X8M_A9TL
       NOR3_X0P5A_A9TL
       NOR3_X0P5M_A9TL
       NOR3_X0P7A_A9TL
       NOR3_X0P7M_A9TL
       NOR3_X1A_A9TL
       NOR3_X1M_A9TL
       NOR3_X1P4A_A9TL
       NOR3_X1P4M_A9TL
       NOR3_X2A_A9TL
       NOR3_X2M_A9TL
       NOR3_X3A_A9TL
       NOR4BB_X0P5M_A9TL
       NOR4BB_X0P7M_A9TL
       NOR4BB_X1M_A9TL
       NOR4BB_X1P4M_A9TL
       NOR4BB_X2M_A9TL
       NOR4BB_X3M_A9TL
       NOR4BB_X4M_A9TL
       OA1B2_X0P5M_A9TL
       OA1B2_X0P7M_A9TL
       OA1B2_X1M_A9TL
       OA1B2_X1P4M_A9TL
       OA1B2_X8M_A9TL
       OA211_X0P5M_A9TL
       OA211_X0P7M_A9TL
       OA211_X1M_A9TL
       OA211_X1P4M_A9TL
       OA211_X2M_A9TL
       OA211_X3M_A9TL
       OA211_X4M_A9TL
       OA211_X6M_A9TL
       OA21A1OI2_X0P5M_A9TL
       OA21A1OI2_X0P7M_A9TL
       OA21A1OI2_X1M_A9TL
       OA21A1OI2_X1P4M_A9TL
       OA21A1OI2_X2M_A9TL
       OA21A1OI2_X3M_A9TL
       OA21A1OI2_X4M_A9TL
       OA21B_X0P5M_A9TL
       OA21B_X0P7M_A9TL
       OA21B_X1M_A9TL
       OA21B_X1P4M_A9TL
       OA21B_X2M_A9TL
       OA21B_X4M_A9TL
       OA21B_X8M_A9TL
       OA21_X0P5M_A9TL
       OA22_X0P5M_A9TL
       OA22_X0P7M_A9TL
       OA22_X1P4M_A9TL
       OA22_X2M_A9TL
       OA22_X3M_A9TL
       OA22_X4M_A9TL
       OA22_X6M_A9TL
       OA22_X8M_A9TL
       OAI211_X0P5M_A9TL
       OAI211_X0P7M_A9TL
       OAI211_X1P4M_A9TL
       OAI21B_X0P5M_A9TL
       OAI21B_X0P7M_A9TL
       OAI21B_X1M_A9TL
       OAI21B_X1P4M_A9TL
       OAI21_X0P5M_A9TL
       OAI221_X0P5M_A9TL
       OAI221_X0P7M_A9TL
       OAI221_X1M_A9TL
       OAI221_X1P4M_A9TL
       OAI221_X2M_A9TL
       OAI221_X3M_A9TL
       OAI221_X4M_A9TL
       OAI222_X0P5M_A9TL
       OAI222_X0P7M_A9TL
       OAI222_X1M_A9TL
       OAI222_X1P4M_A9TL
       OAI222_X2M_A9TL
       OAI222_X3M_A9TL
       OAI222_X4M_A9TL
       OAI22BB_X0P5M_A9TL
       OAI22BB_X0P7M_A9TL
       OAI22BB_X8M_A9TL
       OAI2XB1_X0P5M_A9TL
       OAI2XB1_X0P7M_A9TL
       OAI31_X0P5M_A9TL
       OAI31_X0P7M_A9TL
       OAI31_X1M_A9TL
       OAI31_X1P4M_A9TL
       OAI31_X2M_A9TL
       OAI31_X3M_A9TL
       OAI31_X4M_A9TL
       OR2_X0P5B_A9TL
       OR2_X0P7B_A9TL
       OR2_X11B_A9TL
       OR2_X6B_A9TL
       OR2_X8B_A9TL
       OR3_X0P5M_A9TL
       OR3_X0P7M_A9TL
       OR3_X1M_A9TL
       OR3_X1P4M_A9TL
       OR3_X2M_A9TL
       OR3_X4M_A9TL
       OR3_X6M_A9TL
       OR3_X8M_A9TL
       OR4_X0P5M_A9TL
       OR4_X0P7M_A9TL
       OR4_X1M_A9TL
       OR4_X1P4M_A9TL
       OR4_X2M_A9TL
       OR4_X3M_A9TL
       OR4_X4M_A9TL
       OR4_X8M_A9TL
       OR6_X0P5M_A9TL
       OR6_X0P7M_A9TL
       OR6_X1M_A9TL
       OR6_X1P4M_A9TL
       OR6_X2M_A9TL
       OR6_X3M_A9TL
       OR6_X4M_A9TL
       OR6_X6M_A9TL
       POSTICG_X0P5B_A9TL
       POSTICG_X0P6B_A9TL
       POSTICG_X0P7B_A9TL
       POSTICG_X0P8B_A9TL
       POSTICG_X11B_A9TL
       POSTICG_X13B_A9TL
       POSTICG_X16B_A9TL
       POSTICG_X1B_A9TL
       POSTICG_X1P2B_A9TL
       POSTICG_X1P4B_A9TL
       POSTICG_X1P7B_A9TL
       POSTICG_X2B_A9TL
       POSTICG_X2P5B_A9TL
       POSTICG_X3B_A9TL
       POSTICG_X3P5B_A9TL
       POSTICG_X4B_A9TL
       POSTICG_X5B_A9TL
       POSTICG_X6B_A9TL
       POSTICG_X7P5B_A9TL
       POSTICG_X9B_A9TL
       PREICG_X0P5B_A9TL
       PREICG_X0P6B_A9TL
       PREICG_X0P7B_A9TL
       PREICG_X0P8B_A9TL
       PREICG_X11B_A9TL
       PREICG_X13B_A9TL
       PREICG_X16B_A9TL
       PREICG_X1B_A9TL
       PREICG_X1P2B_A9TL
       PREICG_X1P4B_A9TL
       PREICG_X1P7B_A9TL
       PREICG_X2B_A9TL
       PREICG_X2P5B_A9TL
       PREICG_X3B_A9TL
       PREICG_X3P5B_A9TL
       PREICG_X4B_A9TL
       PREICG_X5B_A9TL
       PREICG_X6B_A9TL
       PREICG_X7P5B_A9TL
       PREICG_X9B_A9TL
       RF1R1WS_X1M_A9TL
       RF1R1WS_X1P4M_A9TL
       RF1R1WS_X2M_A9TL
       RF1R2WS_X1M_A9TL
       RF1R2WS_X1P4M_A9TL
       RF1R2WS_X2M_A9TL
       RF2R1WS_X1M_A9TL
       RF2R1WS_X1P4M_A9TL
       RF2R1WS_X2M_A9TL
       RF2R2WS_X1M_A9TL
       RF2R2WS_X1P4M_A9TL
       RF2R2WS_X2M_A9TL
       SDFFNQ_X1M_A9TL
       SDFFNQ_X2M_A9TL
       SDFFNQ_X3M_A9TL
       SDFFNRPQ_X1M_A9TL
       SDFFNRPQ_X2M_A9TL
       SDFFNRPQ_X3M_A9TL
       SDFFNSQ_X1M_A9TL
       SDFFNSQ_X2M_A9TL
       SDFFNSQ_X3M_A9TL
       SDFFNSRPQ_X1M_A9TL
       SDFFNSRPQ_X2M_A9TL
       SDFFNSRPQ_X3M_A9TL
       SDFFQN_X0P5M_A9TL
       SDFFQN_X1M_A9TL
       SDFFQN_X2M_A9TL
       SDFFQN_X3M_A9TL
       SDFFQ_X0P5M_A9TL
       SDFFQ_X1M_A9TL
       SDFFQ_X2M_A9TL
       SDFFQ_X3M_A9TL
       SDFFQ_X4M_A9TL
       SDFFRPQN_X0P5M_A9TL
       SDFFRPQN_X1M_A9TL
       SDFFRPQN_X2M_A9TL
       SDFFRPQN_X3M_A9TL
       SDFFRPQ_X0P5M_A9TL
       SDFFRPQ_X1M_A9TL
       SDFFRPQ_X2M_A9TL
       SDFFRPQ_X3M_A9TL
       SDFFRPQ_X4M_A9TL
       SDFFSQN_X0P5M_A9TL
       SDFFSQN_X1M_A9TL
       SDFFSQN_X2M_A9TL
       SDFFSQN_X3M_A9TL
       SDFFSQ_X0P5M_A9TL
       SDFFSQ_X1M_A9TL
       SDFFSQ_X2M_A9TL
       SDFFSQ_X3M_A9TL
       SDFFSQ_X4M_A9TL
       SDFFSRPQ_X0P5M_A9TL
       SDFFSRPQ_X1M_A9TL
       SDFFSRPQ_X2M_A9TL
       SDFFSRPQ_X3M_A9TL
       SDFFSRPQ_X4M_A9TL
       SDFFYQ_X1M_A9TL
       SDFFYQ_X2M_A9TL
       SDFFYQ_X3M_A9TL
       SDFFYQ_X4M_A9TL
       TIEHI_X1M_A9TL
       TIELO_X1M_A9TL
       XNOR3_X0P5M_A9TL
       XNOR3_X0P7M_A9TL
       XNOR3_X1M_A9TL
       XNOR3_X1P4M_A9TL
       XNOR3_X2M_A9TL
       XNOR3_X3M_A9TL
       XOR3_X0P5M_A9TL
       XOR3_X0P7M_A9TL
       XOR3_X1P4M_A9TL
TimeScale is 1 ns / 1 ps

Warning-[TFIPC] Too few instance port connections
MODP_MONTYMUL_SYN.v, 35118
MODP_MONTYMUL, "ADDF_X1M_A9TL U21902( .A (n15062),  .B (n15061),  .CI (n15060),  .S (n26530));"
  The above instance has fewer port connections than the module definition.
  Please use '+lint=TFIPC-L' to print out detailed information of unconnected 
  ports.


Warning-[PCWM-W] Port connection width mismatch
TESTBED.sv, 68
"MODP_MONTYMUL u_MODP_MONTYMUL( .clk (clk),  .rst_n (rst_n),  .in_valid (in_valid),  .a (a),  .b (b),  .p (p),  .p0i (p0i),  .isMQ (isMQ),  .i_bus (i_bus),  .out_valid (out_valid),  .d (d),  .o_bus (o_bus));"
  The following 1-bit expression is connected to 2-bit port "i_bus" of module 
  "MODP_MONTYMUL", instance "u_MODP_MONTYMUL".
  Expression: i_bus
  Instantiated module defined at: "MODP_MONTYMUL_SYN.v", 8
  Use +lint=PCWM for more details.


Warning-[PCWM-W] Port connection width mismatch
TESTBED.sv, 84
"PATTERN #(MASTER_NUM, , , , ) u_PATTERN( .clk (clk),  .rst_n (rst_n),  .in_valid (in_valid),  .a (a),  .b (b),  .p (p),  .p0i (p0i),  .isMQ (isMQ),  .i_bus (i_bus),  .out_valid (out_valid),  .d (d),  .o_bus (o_bus));"
  The following 1-bit expression is connected to 2-bit port "i_bus" of module 
  "PATTERN", instance "u_PATTERN".
  Expression: i_bus
  Instantiated module defined at: "PATTERN.sv", 9
  Use +lint=PCWM for more details.


Warning-[DDTC] Duplicate Timing Check is disabled
/home/daniel_kuo/CBDK_TSMC40_Arm_f2.0/CIC/Verilog/sc9_cln40g_base_rvt_neg.v, 58984
  The below duplicate timing check will be disabled:
  $recrem(negedge R, negedge CKN &&& (ENABLE_D_AND_SN == 1'b1), 
  1.0000000000000000, 0.50000000000000000, NOTIFIER, , , dR, dCKN);


Warning-[DDTC] Duplicate Timing Check is disabled
/home/daniel_kuo/CBDK_TSMC40_Arm_f2.0/CIC/Verilog/sc9_cln40g_base_rvt_neg.v, 58989
  The below duplicate timing check will be disabled:
  $recrem(posedge SN, negedge CKN &&& (ENABLE_NOT_D_AND_NOT_R == 1'b1), 
  1.0000000000000000, 0.50000000000000000, NOTIFIER, , , dSN, dCKN);


Warning-[DDTC] Duplicate Timing Check is disabled
/home/daniel_kuo/CBDK_TSMC40_Arm_f2.0/CIC/Verilog/sc9_cln40g_base_rvt_neg.v, 59089
  The below duplicate timing check will be disabled:
  $recrem(negedge R, negedge CKN &&& (ENABLE_D_AND_SN == 1'b1), 
  1.0000000000000000, 0.50000000000000000, NOTIFIER, , , dR, dCKN);


Warning-[DDTC] Duplicate Timing Check is disabled
/home/daniel_kuo/CBDK_TSMC40_Arm_f2.0/CIC/Verilog/sc9_cln40g_base_rvt_neg.v, 59094
  The below duplicate timing check will be disabled:
  $recrem(posedge SN, negedge CKN &&& (ENABLE_NOT_D_AND_NOT_R == 1'b1), 
  1.0000000000000000, 0.50000000000000000, NOTIFIER, , , dSN, dCKN);


Warning-[DDTC] Duplicate Timing Check is disabled
/home/daniel_kuo/CBDK_TSMC40_Arm_f2.0/CIC/Verilog/sc9_cln40g_base_rvt_neg.v, 59194
  The below duplicate timing check will be disabled:
  $recrem(negedge R, negedge CKN &&& (ENABLE_D_AND_SN == 1'b1), 
  1.0000000000000000, 0.50000000000000000, NOTIFIER, , , dR, dCKN);


Warning-[DDTC] Duplicate Timing Check is disabled
/home/daniel_kuo/CBDK_TSMC40_Arm_f2.0/CIC/Verilog/sc9_cln40g_base_rvt_neg.v, 59199
  The below duplicate timing check will be disabled:
  $recrem(posedge SN, negedge CKN &&& (ENABLE_NOT_D_AND_NOT_R == 1'b1), 
  1.0000000000000000, 0.50000000000000000, NOTIFIER, , , dSN, dCKN);


Warning-[DDTC] Duplicate Timing Check is disabled
/home/daniel_kuo/CBDK_TSMC40_Arm_f2.0/CIC/Verilog/sc9_cln40g_base_rvt_neg.v, 65129
  The below duplicate timing check will be disabled:
  $recrem(negedge R, negedge G &&& (ENABLE_D == 1'b1), 1.0000000000000000, 
  0.50000000000000000, NOTIFIER, , , dR, dG);


Warning-[DDTC] Duplicate Timing Check is disabled
/home/daniel_kuo/CBDK_TSMC40_Arm_f2.0/CIC/Verilog/sc9_cln40g_base_rvt_neg.v, 65181
  The below duplicate timing check will be disabled:
  $recrem(negedge R, negedge G &&& (ENABLE_D == 1'b1), 1.0000000000000000, 
  0.50000000000000000, NOTIFIER, , , dR, dG);


Warning-[DDTC] Duplicate Timing Check is disabled
/home/daniel_kuo/CBDK_TSMC40_Arm_f2.0/CIC/Verilog/sc9_cln40g_base_rvt_neg.v, 65233
  The below duplicate timing check will be disabled:
  $recrem(negedge R, negedge G &&& (ENABLE_D == 1'b1), 1.0000000000000000, 
  0.50000000000000000, NOTIFIER, , , dR, dG);


Warning-[DDTC] Duplicate Timing Check is disabled
/home/daniel_kuo/CBDK_TSMC40_Arm_f2.0/CIC/Verilog/sc9_cln40g_base_rvt_neg.v, 65285
  The below duplicate timing check will be disabled:
  $recrem(negedge R, negedge G &&& (ENABLE_D == 1'b1), 1.0000000000000000, 
  0.50000000000000000, NOTIFIER, , , dR, dG);


Warning-[DDTC] Duplicate Timing Check is disabled
/home/daniel_kuo/CBDK_TSMC40_Arm_f2.0/CIC/Verilog/sc9_cln40g_base_rvt_neg.v, 65337
  The below duplicate timing check will be disabled:
  $recrem(negedge R, negedge G &&& (ENABLE_D == 1'b1), 1.0000000000000000, 
  0.50000000000000000, NOTIFIER, , , dR, dG);


Warning-[DDTC] Duplicate Timing Check is disabled
/home/daniel_kuo/CBDK_TSMC40_Arm_f2.0/CIC/Verilog/sc9_cln40g_base_rvt_neg.v, 65389
  The below duplicate timing check will be disabled:
  $recrem(posedge RN, negedge G &&& (ENABLE_D == 1'b1), 1.0000000000000000, 
  0.50000000000000000, NOTIFIER, , , dRN, dG);


Warning-[DDTC] Duplicate Timing Check is disabled
/home/daniel_kuo/CBDK_TSMC40_Arm_f2.0/CIC/Verilog/sc9_cln40g_base_rvt_neg.v, 65441
  The below duplicate timing check will be disabled:
  $recrem(posedge RN, negedge G &&& (ENABLE_D == 1'b1), 1.0000000000000000, 
  0.50000000000000000, NOTIFIER, , , dRN, dG);


Warning-[DDTC] Duplicate Timing Check is disabled
/home/daniel_kuo/CBDK_TSMC40_Arm_f2.0/CIC/Verilog/sc9_cln40g_base_rvt_neg.v, 65493
  The below duplicate timing check will be disabled:
  $recrem(posedge RN, negedge G &&& (ENABLE_D == 1'b1), 1.0000000000000000, 
  0.50000000000000000, NOTIFIER, , , dRN, dG);


Warning-[DDTC] Duplicate Timing Check is disabled
/home/daniel_kuo/CBDK_TSMC40_Arm_f2.0/CIC/Verilog/sc9_cln40g_base_rvt_neg.v, 65545
  The below duplicate timing check will be disabled:
  $recrem(posedge RN, negedge G &&& (ENABLE_D == 1'b1), 1.0000000000000000, 
  0.50000000000000000, NOTIFIER, , , dRN, dG);


Warning-[DDTC] Duplicate Timing Check is disabled
/home/daniel_kuo/CBDK_TSMC40_Arm_f2.0/CIC/Verilog/sc9_cln40g_base_rvt_neg.v, 65597
  The below duplicate timing check will be disabled:
  $recrem(negedge S, negedge G &&& (ENABLE_NOT_D == 1'b1), 1.0000000000000000,
  0.50000000000000000, NOTIFIER, , , dS, dG);


Warning-[DDTC] Duplicate Timing Check is disabled
/home/daniel_kuo/CBDK_TSMC40_Arm_f2.0/CIC/Verilog/sc9_cln40g_base_rvt_neg.v, 65649
  The below duplicate timing check will be disabled:
  $recrem(negedge S, negedge G &&& (ENABLE_NOT_D == 1'b1), 1.0000000000000000,
  0.50000000000000000, NOTIFIER, , , dS, dG);


Warning-[DDTC] Duplicate Timing Check is disabled
/home/daniel_kuo/CBDK_TSMC40_Arm_f2.0/CIC/Verilog/sc9_cln40g_base_rvt_neg.v, 65701
  The below duplicate timing check will be disabled:
  $recrem(negedge S, negedge G &&& (ENABLE_NOT_D == 1'b1), 1.0000000000000000,
  0.50000000000000000, NOTIFIER, , , dS, dG);


Warning-[DDTC] Duplicate Timing Check is disabled
/home/daniel_kuo/CBDK_TSMC40_Arm_f2.0/CIC/Verilog/sc9_cln40g_base_rvt_neg.v, 65753
  The below duplicate timing check will be disabled:
  $recrem(negedge S, negedge G &&& (ENABLE_NOT_D == 1'b1), 1.0000000000000000,
  0.50000000000000000, NOTIFIER, , , dS, dG);


Warning-[DDTC] Duplicate Timing Check is disabled
/home/daniel_kuo/CBDK_TSMC40_Arm_f2.0/CIC/Verilog/sc9_cln40g_base_rvt_neg.v, 65805
  The below duplicate timing check will be disabled:
  $recrem(posedge SN, negedge G &&& (ENABLE_NOT_D == 1'b1), 
  1.0000000000000000, 0.50000000000000000, NOTIFIER, , , dSN, dG);


Warning-[DDTC] Duplicate Timing Check is disabled
/home/daniel_kuo/CBDK_TSMC40_Arm_f2.0/CIC/Verilog/sc9_cln40g_base_rvt_neg.v, 65857
  The below duplicate timing check will be disabled:
  $recrem(posedge SN, negedge G &&& (ENABLE_NOT_D == 1'b1), 
  1.0000000000000000, 0.50000000000000000, NOTIFIER, , , dSN, dG);


Warning-[DDTC] Duplicate Timing Check is disabled
/home/daniel_kuo/CBDK_TSMC40_Arm_f2.0/CIC/Verilog/sc9_cln40g_base_rvt_neg.v, 65909
  The below duplicate timing check will be disabled:
  $recrem(posedge SN, negedge G &&& (ENABLE_NOT_D == 1'b1), 
  1.0000000000000000, 0.50000000000000000, NOTIFIER, , , dSN, dG);


Warning-[DDTC] Duplicate Timing Check is disabled
/home/daniel_kuo/CBDK_TSMC40_Arm_f2.0/CIC/Verilog/sc9_cln40g_base_rvt_neg.v, 65961
  The below duplicate timing check will be disabled:
  $recrem(posedge SN, negedge G &&& (ENABLE_NOT_D == 1'b1), 
  1.0000000000000000, 0.50000000000000000, NOTIFIER, , , dSN, dG);


Warning-[DDTC] Duplicate Timing Check is disabled
/home/daniel_kuo/CBDK_TSMC40_Arm_f2.0/CIC/Verilog/sc9_cln40g_base_rvt_neg.v, 66013
  The below duplicate timing check will be disabled:
  $recrem(posedge SN, negedge G &&& (ENABLE_NOT_D == 1'b1), 
  1.0000000000000000, 0.50000000000000000, NOTIFIER, , , dSN, dG);


Warning-[DDTC] Duplicate Timing Check is disabled
/home/daniel_kuo/CBDK_TSMC40_Arm_f2.0/CIC/Verilog/sc9_cln40g_base_rvt_neg.v, 84637
  The below duplicate timing check will be disabled:
  $recrem(negedge R, negedge CKN &&& (ENABLE_NOT_D_AND_SE_AND_SI == 1'b1), 
  1.0000000000000000, 0.50000000000000000, NOTIFIER, , , dR, dCKN);


Warning-[DDTC] Duplicate Timing Check is disabled
/home/daniel_kuo/CBDK_TSMC40_Arm_f2.0/CIC/Verilog/sc9_cln40g_base_rvt_neg.v, 84638
  The below duplicate timing check will be disabled:
  $recrem(negedge R, negedge CKN &&& (ENABLE_D_AND_NOT_SE_AND_NOT_SI == 1'b1),
  1.0000000000000000, 0.50000000000000000, NOTIFIER, , , dR, dCKN);


Warning-[DDTC] Duplicate Timing Check is disabled
/home/daniel_kuo/CBDK_TSMC40_Arm_f2.0/CIC/Verilog/sc9_cln40g_base_rvt_neg.v, 84639
  The below duplicate timing check will be disabled:
  $recrem(negedge R, negedge CKN &&& (ENABLE_D_AND_NOT_SE_AND_SI == 1'b1), 
  1.0000000000000000, 0.50000000000000000, NOTIFIER, , , dR, dCKN);


Warning-[DDTC] Duplicate Timing Check is disabled
/home/daniel_kuo/CBDK_TSMC40_Arm_f2.0/CIC/Verilog/sc9_cln40g_base_rvt_neg.v, 84640
  The below duplicate timing check will be disabled:
  $recrem(negedge R, negedge CKN &&& (ENABLE_D_AND_SE_AND_SI == 1'b1), 
  1.0000000000000000, 0.50000000000000000, NOTIFIER, , , dR, dCKN);


Warning-[DDTC] Duplicate Timing Check is disabled
/home/daniel_kuo/CBDK_TSMC40_Arm_f2.0/CIC/Verilog/sc9_cln40g_base_rvt_neg.v, 84825
  The below duplicate timing check will be disabled:
  $recrem(negedge R, negedge CKN &&& (ENABLE_NOT_D_AND_SE_AND_SI == 1'b1), 
  1.0000000000000000, 0.50000000000000000, NOTIFIER, , , dR, dCKN);


Warning-[DDTC] Duplicate Timing Check is disabled
/home/daniel_kuo/CBDK_TSMC40_Arm_f2.0/CIC/Verilog/sc9_cln40g_base_rvt_neg.v, 84826
  The below duplicate timing check will be disabled:
  $recrem(negedge R, negedge CKN &&& (ENABLE_D_AND_NOT_SE_AND_NOT_SI == 1'b1),
  1.0000000000000000, 0.50000000000000000, NOTIFIER, , , dR, dCKN);


Warning-[DDTC] Duplicate Timing Check is disabled
/home/daniel_kuo/CBDK_TSMC40_Arm_f2.0/CIC/Verilog/sc9_cln40g_base_rvt_neg.v, 84827
  The below duplicate timing check will be disabled:
  $recrem(negedge R, negedge CKN &&& (ENABLE_D_AND_NOT_SE_AND_SI == 1'b1), 
  1.0000000000000000, 0.50000000000000000, NOTIFIER, , , dR, dCKN);


Warning-[DDTC] Duplicate Timing Check is disabled
/home/daniel_kuo/CBDK_TSMC40_Arm_f2.0/CIC/Verilog/sc9_cln40g_base_rvt_neg.v, 84828
  The below duplicate timing check will be disabled:
  $recrem(negedge R, negedge CKN &&& (ENABLE_D_AND_SE_AND_SI == 1'b1), 
  1.0000000000000000, 0.50000000000000000, NOTIFIER, , , dR, dCKN);


Warning-[DDTC] Duplicate Timing Check is disabled
/home/daniel_kuo/CBDK_TSMC40_Arm_f2.0/CIC/Verilog/sc9_cln40g_base_rvt_neg.v, 85013
  The below duplicate timing check will be disabled:
  $recrem(negedge R, negedge CKN &&& (ENABLE_NOT_D_AND_SE_AND_SI == 1'b1), 
  1.0000000000000000, 0.50000000000000000, NOTIFIER, , , dR, dCKN);


Warning-[DDTC] Duplicate Timing Check is disabled
/home/daniel_kuo/CBDK_TSMC40_Arm_f2.0/CIC/Verilog/sc9_cln40g_base_rvt_neg.v, 85014
  The below duplicate timing check will be disabled:
  $recrem(negedge R, negedge CKN &&& (ENABLE_D_AND_NOT_SE_AND_NOT_SI == 1'b1),
  1.0000000000000000, 0.50000000000000000, NOTIFIER, , , dR, dCKN);


Warning-[DDTC] Duplicate Timing Check is disabled
/home/daniel_kuo/CBDK_TSMC40_Arm_f2.0/CIC/Verilog/sc9_cln40g_base_rvt_neg.v, 85015
  The below duplicate timing check will be disabled:
  $recrem(negedge R, negedge CKN &&& (ENABLE_D_AND_NOT_SE_AND_SI == 1'b1), 
  1.0000000000000000, 0.50000000000000000, NOTIFIER, , , dR, dCKN);


Warning-[DDTC] Duplicate Timing Check is disabled
/home/daniel_kuo/CBDK_TSMC40_Arm_f2.0/CIC/Verilog/sc9_cln40g_base_rvt_neg.v, 85016
  The below duplicate timing check will be disabled:
  $recrem(negedge R, negedge CKN &&& (ENABLE_D_AND_SE_AND_SI == 1'b1), 
  1.0000000000000000, 0.50000000000000000, NOTIFIER, , , dR, dCKN);


Warning-[DDTC] Duplicate Timing Check is disabled
/home/daniel_kuo/CBDK_TSMC40_Arm_f2.0/CIC/Verilog/sc9_cln40g_base_rvt_neg.v, 85209
  The below duplicate timing check will be disabled:
  $recrem(posedge SN, negedge CKN &&& (ENABLE_NOT_D_AND_NOT_SE_AND_NOT_SI == 
  1'b1), 1.0000000000000000, 0.50000000000000000, NOTIFIER, , , dSN, dCKN);


Warning-[DDTC] Duplicate Timing Check is disabled
/home/daniel_kuo/CBDK_TSMC40_Arm_f2.0/CIC/Verilog/sc9_cln40g_base_rvt_neg.v, 85210
  The below duplicate timing check will be disabled:
  $recrem(posedge SN, negedge CKN &&& (ENABLE_NOT_D_AND_NOT_SE_AND_SI == 
  1'b1), 1.0000000000000000, 0.50000000000000000, NOTIFIER, , , dSN, dCKN);


Warning-[DDTC] Duplicate Timing Check is disabled
/home/daniel_kuo/CBDK_TSMC40_Arm_f2.0/CIC/Verilog/sc9_cln40g_base_rvt_neg.v, 85211
  The below duplicate timing check will be disabled:
  $recrem(posedge SN, negedge CKN &&& (ENABLE_NOT_D_AND_SE_AND_NOT_SI == 
  1'b1), 1.0000000000000000, 0.50000000000000000, NOTIFIER, , , dSN, dCKN);


Warning-[DDTC] Duplicate Timing Check is disabled
/home/daniel_kuo/CBDK_TSMC40_Arm_f2.0/CIC/Verilog/sc9_cln40g_base_rvt_neg.v, 85212
  The below duplicate timing check will be disabled:
  $recrem(posedge SN, negedge CKN &&& (ENABLE_D_AND_SE_AND_NOT_SI == 1'b1), 
  1.0000000000000000, 0.50000000000000000, NOTIFIER, , , dSN, dCKN);


Warning-[DDTC] Duplicate Timing Check is disabled
/home/daniel_kuo/CBDK_TSMC40_Arm_f2.0/CIC/Verilog/sc9_cln40g_base_rvt_neg.v, 85397
  The below duplicate timing check will be disabled:
  $recrem(posedge SN, negedge CKN &&& (ENABLE_NOT_D_AND_NOT_SE_AND_NOT_SI == 
  1'b1), 1.0000000000000000, 0.50000000000000000, NOTIFIER, , , dSN, dCKN);


Warning-[DDTC] Duplicate Timing Check is disabled
/home/daniel_kuo/CBDK_TSMC40_Arm_f2.0/CIC/Verilog/sc9_cln40g_base_rvt_neg.v, 85398
  The below duplicate timing check will be disabled:
  $recrem(posedge SN, negedge CKN &&& (ENABLE_NOT_D_AND_NOT_SE_AND_SI == 
  1'b1), 1.0000000000000000, 0.50000000000000000, NOTIFIER, , , dSN, dCKN);


Warning-[DDTC] Duplicate Timing Check is disabled
/home/daniel_kuo/CBDK_TSMC40_Arm_f2.0/CIC/Verilog/sc9_cln40g_base_rvt_neg.v, 85399
  The below duplicate timing check will be disabled:
  $recrem(posedge SN, negedge CKN &&& (ENABLE_NOT_D_AND_SE_AND_NOT_SI == 
  1'b1), 1.0000000000000000, 0.50000000000000000, NOTIFIER, , , dSN, dCKN);


Warning-[DDTC] Duplicate Timing Check is disabled
/home/daniel_kuo/CBDK_TSMC40_Arm_f2.0/CIC/Verilog/sc9_cln40g_base_rvt_neg.v, 85400
  The below duplicate timing check will be disabled:
  $recrem(posedge SN, negedge CKN &&& (ENABLE_D_AND_SE_AND_NOT_SI == 1'b1), 
  1.0000000000000000, 0.50000000000000000, NOTIFIER, , , dSN, dCKN);


Warning-[DDTC] Duplicate Timing Check is disabled
/home/daniel_kuo/CBDK_TSMC40_Arm_f2.0/CIC/Verilog/sc9_cln40g_base_rvt_neg.v, 85585
  The below duplicate timing check will be disabled:
  $recrem(posedge SN, negedge CKN &&& (ENABLE_NOT_D_AND_NOT_SE_AND_NOT_SI == 
  1'b1), 1.0000000000000000, 0.50000000000000000, NOTIFIER, , , dSN, dCKN);


Warning-[DDTC] Duplicate Timing Check is disabled
/home/daniel_kuo/CBDK_TSMC40_Arm_f2.0/CIC/Verilog/sc9_cln40g_base_rvt_neg.v, 85586
  The below duplicate timing check will be disabled:
  $recrem(posedge SN, negedge CKN &&& (ENABLE_NOT_D_AND_NOT_SE_AND_SI == 
  1'b1), 1.0000000000000000, 0.50000000000000000, NOTIFIER, , , dSN, dCKN);


Warning-[DDTC] Duplicate Timing Check is disabled
/home/daniel_kuo/CBDK_TSMC40_Arm_f2.0/CIC/Verilog/sc9_cln40g_base_rvt_neg.v, 85587
  The below duplicate timing check will be disabled:
  $recrem(posedge SN, negedge CKN &&& (ENABLE_NOT_D_AND_SE_AND_NOT_SI == 
  1'b1), 1.0000000000000000, 0.50000000000000000, NOTIFIER, , , dSN, dCKN);


Warning-[DDTC] Duplicate Timing Check is disabled
/home/daniel_kuo/CBDK_TSMC40_Arm_f2.0/CIC/Verilog/sc9_cln40g_base_rvt_neg.v, 85588
  The below duplicate timing check will be disabled:
  $recrem(posedge SN, negedge CKN &&& (ENABLE_D_AND_SE_AND_NOT_SI == 1'b1), 
  1.0000000000000000, 0.50000000000000000, NOTIFIER, , , dSN, dCKN);


Warning-[DDTC] Duplicate Timing Check is disabled
/home/daniel_kuo/CBDK_TSMC40_Arm_f2.0/CIC/Verilog/sc9_cln40g_base_rvt_neg.v, 85840
  The below duplicate timing check will be disabled:
  $recrem(negedge R, negedge CKN &&& (ENABLE_NOT_D_AND_SE_AND_SI_AND_SN == 
  1'b1), 1.0000000000000000, 0.50000000000000000, NOTIFIER, , , dR, dCKN);


Warning-[DDTC] Duplicate Timing Check is disabled
/home/daniel_kuo/CBDK_TSMC40_Arm_f2.0/CIC/Verilog/sc9_cln40g_base_rvt_neg.v, 85841
  The below duplicate timing check will be disabled:
  $recrem(negedge R, negedge CKN &&& (ENABLE_D_AND_NOT_SE_AND_NOT_SI_AND_SN ==
  1'b1), 1.0000000000000000, 0.50000000000000000, NOTIFIER, , , dR, dCKN);


Warning-[DDTC] Duplicate Timing Check is disabled
/home/daniel_kuo/CBDK_TSMC40_Arm_f2.0/CIC/Verilog/sc9_cln40g_base_rvt_neg.v, 85842
  The below duplicate timing check will be disabled:
  $recrem(negedge R, negedge CKN &&& (ENABLE_D_AND_NOT_SE_AND_SI_AND_SN == 
  1'b1), 1.0000000000000000, 0.50000000000000000, NOTIFIER, , , dR, dCKN);


Warning-[DDTC] Duplicate Timing Check is disabled
/home/daniel_kuo/CBDK_TSMC40_Arm_f2.0/CIC/Verilog/sc9_cln40g_base_rvt_neg.v, 85843
  The below duplicate timing check will be disabled:
  $recrem(negedge R, negedge CKN &&& (ENABLE_D_AND_SE_AND_SI_AND_SN == 1'b1), 
  1.0000000000000000, 0.50000000000000000, NOTIFIER, , , dR, dCKN);


Warning-[DDTC] Duplicate Timing Check is disabled
/home/daniel_kuo/CBDK_TSMC40_Arm_f2.0/CIC/Verilog/sc9_cln40g_base_rvt_neg.v, 85868
  The below duplicate timing check will be disabled:
  $recrem(posedge SN, negedge CKN &&& 
  (ENABLE_NOT_D_AND_NOT_R_AND_NOT_SE_AND_NOT_SI == 1'b1), 1.0000000000000000, 
  0.50000000000000000, NOTIFIER, , , dSN, dCKN);


Warning-[DDTC] Duplicate Timing Check is disabled
/home/daniel_kuo/CBDK_TSMC40_Arm_f2.0/CIC/Verilog/sc9_cln40g_base_rvt_neg.v, 85869
  The below duplicate timing check will be disabled:
  $recrem(posedge SN, negedge CKN &&& 
  (ENABLE_NOT_D_AND_NOT_R_AND_NOT_SE_AND_SI == 1'b1), 1.0000000000000000, 
  0.50000000000000000, NOTIFIER, , , dSN, dCKN);


Warning-[DDTC] Duplicate Timing Check is disabled
/home/daniel_kuo/CBDK_TSMC40_Arm_f2.0/CIC/Verilog/sc9_cln40g_base_rvt_neg.v, 85870
  The below duplicate timing check will be disabled:
  $recrem(posedge SN, negedge CKN &&& 
  (ENABLE_NOT_D_AND_NOT_R_AND_SE_AND_NOT_SI == 1'b1), 1.0000000000000000, 
  0.50000000000000000, NOTIFIER, , , dSN, dCKN);


Warning-[DDTC] Duplicate Timing Check is disabled
/home/daniel_kuo/CBDK_TSMC40_Arm_f2.0/CIC/Verilog/sc9_cln40g_base_rvt_neg.v, 85871
  The below duplicate timing check will be disabled:
  $recrem(posedge SN, negedge CKN &&& (ENABLE_D_AND_NOT_R_AND_SE_AND_NOT_SI ==
  1'b1), 1.0000000000000000, 0.50000000000000000, NOTIFIER, , , dSN, dCKN);


Warning-[DDTC] Duplicate Timing Check is disabled
/home/daniel_kuo/CBDK_TSMC40_Arm_f2.0/CIC/Verilog/sc9_cln40g_base_rvt_neg.v, 86203
  The below duplicate timing check will be disabled:
  $recrem(negedge R, negedge CKN &&& (ENABLE_NOT_D_AND_SE_AND_SI_AND_SN == 
  1'b1), 1.0000000000000000, 0.50000000000000000, NOTIFIER, , , dR, dCKN);


Warning-[DDTC] Duplicate Timing Check is disabled
/home/daniel_kuo/CBDK_TSMC40_Arm_f2.0/CIC/Verilog/sc9_cln40g_base_rvt_neg.v, 86204
  The below duplicate timing check will be disabled:
  $recrem(negedge R, negedge CKN &&& (ENABLE_D_AND_NOT_SE_AND_NOT_SI_AND_SN ==
  1'b1), 1.0000000000000000, 0.50000000000000000, NOTIFIER, , , dR, dCKN);


Warning-[DDTC] Duplicate Timing Check is disabled
/home/daniel_kuo/CBDK_TSMC40_Arm_f2.0/CIC/Verilog/sc9_cln40g_base_rvt_neg.v, 86205
  The below duplicate timing check will be disabled:
  $recrem(negedge R, negedge CKN &&& (ENABLE_D_AND_NOT_SE_AND_SI_AND_SN == 
  1'b1), 1.0000000000000000, 0.50000000000000000, NOTIFIER, , , dR, dCKN);


Warning-[DDTC] Duplicate Timing Check is disabled
/home/daniel_kuo/CBDK_TSMC40_Arm_f2.0/CIC/Verilog/sc9_cln40g_base_rvt_neg.v, 86206
  The below duplicate timing check will be disabled:
  $recrem(negedge R, negedge CKN &&& (ENABLE_D_AND_SE_AND_SI_AND_SN == 1'b1), 
  1.0000000000000000, 0.50000000000000000, NOTIFIER, , , dR, dCKN);


Warning-[DDTC] Duplicate Timing Check is disabled
/home/daniel_kuo/CBDK_TSMC40_Arm_f2.0/CIC/Verilog/sc9_cln40g_base_rvt_neg.v, 86231
  The below duplicate timing check will be disabled:
  $recrem(posedge SN, negedge CKN &&& 
  (ENABLE_NOT_D_AND_NOT_R_AND_NOT_SE_AND_NOT_SI == 1'b1), 1.0000000000000000, 
  0.50000000000000000, NOTIFIER, , , dSN, dCKN);


Warning-[DDTC] Duplicate Timing Check is disabled
/home/daniel_kuo/CBDK_TSMC40_Arm_f2.0/CIC/Verilog/sc9_cln40g_base_rvt_neg.v, 86232
  The below duplicate timing check will be disabled:
  $recrem(posedge SN, negedge CKN &&& 
  (ENABLE_NOT_D_AND_NOT_R_AND_NOT_SE_AND_SI == 1'b1), 1.0000000000000000, 
  0.50000000000000000, NOTIFIER, , , dSN, dCKN);


Warning-[DDTC] Duplicate Timing Check is disabled
/home/daniel_kuo/CBDK_TSMC40_Arm_f2.0/CIC/Verilog/sc9_cln40g_base_rvt_neg.v, 86233
  The below duplicate timing check will be disabled:
  $recrem(posedge SN, negedge CKN &&& 
  (ENABLE_NOT_D_AND_NOT_R_AND_SE_AND_NOT_SI == 1'b1), 1.0000000000000000, 
  0.50000000000000000, NOTIFIER, , , dSN, dCKN);


Warning-[DDTC] Duplicate Timing Check is disabled
/home/daniel_kuo/CBDK_TSMC40_Arm_f2.0/CIC/Verilog/sc9_cln40g_base_rvt_neg.v, 86234
  The below duplicate timing check will be disabled:
  $recrem(posedge SN, negedge CKN &&& (ENABLE_D_AND_NOT_R_AND_SE_AND_NOT_SI ==
  1'b1), 1.0000000000000000, 0.50000000000000000, NOTIFIER, , , dSN, dCKN);


Warning-[DDTC] Duplicate Timing Check is disabled
/home/daniel_kuo/CBDK_TSMC40_Arm_f2.0/CIC/Verilog/sc9_cln40g_base_rvt_neg.v, 86566
  The below duplicate timing check will be disabled:
  $recrem(negedge R, negedge CKN &&& (ENABLE_NOT_D_AND_SE_AND_SI_AND_SN == 
  1'b1), 1.0000000000000000, 0.50000000000000000, NOTIFIER, , , dR, dCKN);


Warning-[DDTC] Duplicate Timing Check is disabled
/home/daniel_kuo/CBDK_TSMC40_Arm_f2.0/CIC/Verilog/sc9_cln40g_base_rvt_neg.v, 86567
  The below duplicate timing check will be disabled:
  $recrem(negedge R, negedge CKN &&& (ENABLE_D_AND_NOT_SE_AND_NOT_SI_AND_SN ==
  1'b1), 1.0000000000000000, 0.50000000000000000, NOTIFIER, , , dR, dCKN);


Warning-[DDTC] Duplicate Timing Check is disabled
/home/daniel_kuo/CBDK_TSMC40_Arm_f2.0/CIC/Verilog/sc9_cln40g_base_rvt_neg.v, 86568
  The below duplicate timing check will be disabled:
  $recrem(negedge R, negedge CKN &&& (ENABLE_D_AND_NOT_SE_AND_SI_AND_SN == 
  1'b1), 1.0000000000000000, 0.50000000000000000, NOTIFIER, , , dR, dCKN);


Warning-[DDTC] Duplicate Timing Check is disabled
/home/daniel_kuo/CBDK_TSMC40_Arm_f2.0/CIC/Verilog/sc9_cln40g_base_rvt_neg.v, 86569
  The below duplicate timing check will be disabled:
  $recrem(negedge R, negedge CKN &&& (ENABLE_D_AND_SE_AND_SI_AND_SN == 1'b1), 
  1.0000000000000000, 0.50000000000000000, NOTIFIER, , , dR, dCKN);


Warning-[DDTC] Duplicate Timing Check is disabled
/home/daniel_kuo/CBDK_TSMC40_Arm_f2.0/CIC/Verilog/sc9_cln40g_base_rvt_neg.v, 86594
  The below duplicate timing check will be disabled:
  $recrem(posedge SN, negedge CKN &&& 
  (ENABLE_NOT_D_AND_NOT_R_AND_NOT_SE_AND_NOT_SI == 1'b1), 1.0000000000000000, 
  0.50000000000000000, NOTIFIER, , , dSN, dCKN);


Warning-[DDTC] Duplicate Timing Check is disabled
/home/daniel_kuo/CBDK_TSMC40_Arm_f2.0/CIC/Verilog/sc9_cln40g_base_rvt_neg.v, 86595
  The below duplicate timing check will be disabled:
  $recrem(posedge SN, negedge CKN &&& 
  (ENABLE_NOT_D_AND_NOT_R_AND_NOT_SE_AND_SI == 1'b1), 1.0000000000000000, 
  0.50000000000000000, NOTIFIER, , , dSN, dCKN);


Warning-[DDTC] Duplicate Timing Check is disabled
/home/daniel_kuo/CBDK_TSMC40_Arm_f2.0/CIC/Verilog/sc9_cln40g_base_rvt_neg.v, 86596
  The below duplicate timing check will be disabled:
  $recrem(posedge SN, negedge CKN &&& 
  (ENABLE_NOT_D_AND_NOT_R_AND_SE_AND_NOT_SI == 1'b1), 1.0000000000000000, 
  0.50000000000000000, NOTIFIER, , , dSN, dCKN);


Warning-[DDTC] Duplicate Timing Check is disabled
/home/daniel_kuo/CBDK_TSMC40_Arm_f2.0/CIC/Verilog/sc9_cln40g_base_rvt_neg.v, 86597
  The below duplicate timing check will be disabled:
  $recrem(posedge SN, negedge CKN &&& (ENABLE_D_AND_NOT_R_AND_SE_AND_NOT_SI ==
  1'b1), 1.0000000000000000, 0.50000000000000000, NOTIFIER, , , dSN, dCKN);


Warning-[DDTC] Duplicate Timing Check is disabled
/home/daniel_kuo/CBDK_TSMC40_Arm_f2.0/CIC/Verilog/sc9_cln40g_base_lvt_neg.v, 58984
  The below duplicate timing check will be disabled:
  $recrem(negedge R, negedge CKN &&& (ENABLE_D_AND_SN == 1'b1), 
  1.0000000000000000, 0.50000000000000000, NOTIFIER, , , dR, dCKN);


Warning-[DDTC] Duplicate Timing Check is disabled
/home/daniel_kuo/CBDK_TSMC40_Arm_f2.0/CIC/Verilog/sc9_cln40g_base_lvt_neg.v, 58989
  The below duplicate timing check will be disabled:
  $recrem(posedge SN, negedge CKN &&& (ENABLE_NOT_D_AND_NOT_R == 1'b1), 
  1.0000000000000000, 0.50000000000000000, NOTIFIER, , , dSN, dCKN);


Warning-[DDTC] Duplicate Timing Check is disabled
/home/daniel_kuo/CBDK_TSMC40_Arm_f2.0/CIC/Verilog/sc9_cln40g_base_lvt_neg.v, 59089
  The below duplicate timing check will be disabled:
  $recrem(negedge R, negedge CKN &&& (ENABLE_D_AND_SN == 1'b1), 
  1.0000000000000000, 0.50000000000000000, NOTIFIER, , , dR, dCKN);


Warning-[DDTC] Duplicate Timing Check is disabled
/home/daniel_kuo/CBDK_TSMC40_Arm_f2.0/CIC/Verilog/sc9_cln40g_base_lvt_neg.v, 59094
  The below duplicate timing check will be disabled:
  $recrem(posedge SN, negedge CKN &&& (ENABLE_NOT_D_AND_NOT_R == 1'b1), 
  1.0000000000000000, 0.50000000000000000, NOTIFIER, , , dSN, dCKN);


Warning-[DDTC] Duplicate Timing Check is disabled
/home/daniel_kuo/CBDK_TSMC40_Arm_f2.0/CIC/Verilog/sc9_cln40g_base_lvt_neg.v, 59194
  The below duplicate timing check will be disabled:
  $recrem(negedge R, negedge CKN &&& (ENABLE_D_AND_SN == 1'b1), 
  1.0000000000000000, 0.50000000000000000, NOTIFIER, , , dR, dCKN);


Warning-[DDTC] Duplicate Timing Check is disabled
/home/daniel_kuo/CBDK_TSMC40_Arm_f2.0/CIC/Verilog/sc9_cln40g_base_lvt_neg.v, 59199
  The below duplicate timing check will be disabled:
  $recrem(posedge SN, negedge CKN &&& (ENABLE_NOT_D_AND_NOT_R == 1'b1), 
  1.0000000000000000, 0.50000000000000000, NOTIFIER, , , dSN, dCKN);


Warning-[DDTC] Duplicate Timing Check is disabled
/home/daniel_kuo/CBDK_TSMC40_Arm_f2.0/CIC/Verilog/sc9_cln40g_base_lvt_neg.v, 65129
  The below duplicate timing check will be disabled:
  $recrem(negedge R, negedge G &&& (ENABLE_D == 1'b1), 1.0000000000000000, 
  0.50000000000000000, NOTIFIER, , , dR, dG);


Warning-[DDTC] Duplicate Timing Check is disabled
/home/daniel_kuo/CBDK_TSMC40_Arm_f2.0/CIC/Verilog/sc9_cln40g_base_lvt_neg.v, 65181
  The below duplicate timing check will be disabled:
  $recrem(negedge R, negedge G &&& (ENABLE_D == 1'b1), 1.0000000000000000, 
  0.50000000000000000, NOTIFIER, , , dR, dG);


Warning-[DDTC] Duplicate Timing Check is disabled
/home/daniel_kuo/CBDK_TSMC40_Arm_f2.0/CIC/Verilog/sc9_cln40g_base_lvt_neg.v, 65233
  The below duplicate timing check will be disabled:
  $recrem(negedge R, negedge G &&& (ENABLE_D == 1'b1), 1.0000000000000000, 
  0.50000000000000000, NOTIFIER, , , dR, dG);


Warning-[DDTC] Duplicate Timing Check is disabled
/home/daniel_kuo/CBDK_TSMC40_Arm_f2.0/CIC/Verilog/sc9_cln40g_base_lvt_neg.v, 65285
  The below duplicate timing check will be disabled:
  $recrem(negedge R, negedge G &&& (ENABLE_D == 1'b1), 1.0000000000000000, 
  0.50000000000000000, NOTIFIER, , , dR, dG);


Warning-[DDTC] Duplicate Timing Check is disabled
/home/daniel_kuo/CBDK_TSMC40_Arm_f2.0/CIC/Verilog/sc9_cln40g_base_lvt_neg.v, 65337
  The below duplicate timing check will be disabled:
  $recrem(negedge R, negedge G &&& (ENABLE_D == 1'b1), 1.0000000000000000, 
  0.50000000000000000, NOTIFIER, , , dR, dG);


Warning-[DDTC] Duplicate Timing Check is disabled
/home/daniel_kuo/CBDK_TSMC40_Arm_f2.0/CIC/Verilog/sc9_cln40g_base_lvt_neg.v, 65389
  The below duplicate timing check will be disabled:
  $recrem(posedge RN, negedge G &&& (ENABLE_D == 1'b1), 1.0000000000000000, 
  0.50000000000000000, NOTIFIER, , , dRN, dG);


Warning-[DDTC] Duplicate Timing Check is disabled
/home/daniel_kuo/CBDK_TSMC40_Arm_f2.0/CIC/Verilog/sc9_cln40g_base_lvt_neg.v, 65441
  The below duplicate timing check will be disabled:
  $recrem(posedge RN, negedge G &&& (ENABLE_D == 1'b1), 1.0000000000000000, 
  0.50000000000000000, NOTIFIER, , , dRN, dG);


Warning-[DDTC] Duplicate Timing Check is disabled
/home/daniel_kuo/CBDK_TSMC40_Arm_f2.0/CIC/Verilog/sc9_cln40g_base_lvt_neg.v, 65493
  The below duplicate timing check will be disabled:
  $recrem(posedge RN, negedge G &&& (ENABLE_D == 1'b1), 1.0000000000000000, 
  0.50000000000000000, NOTIFIER, , , dRN, dG);


Warning-[DDTC] Duplicate Timing Check is disabled
/home/daniel_kuo/CBDK_TSMC40_Arm_f2.0/CIC/Verilog/sc9_cln40g_base_lvt_neg.v, 65545
  The below duplicate timing check will be disabled:
  $recrem(posedge RN, negedge G &&& (ENABLE_D == 1'b1), 1.0000000000000000, 
  0.50000000000000000, NOTIFIER, , , dRN, dG);


Warning-[DDTC] Duplicate Timing Check is disabled
/home/daniel_kuo/CBDK_TSMC40_Arm_f2.0/CIC/Verilog/sc9_cln40g_base_lvt_neg.v, 65597
  The below duplicate timing check will be disabled:
  $recrem(negedge S, negedge G &&& (ENABLE_NOT_D == 1'b1), 1.0000000000000000,
  0.50000000000000000, NOTIFIER, , , dS, dG);


Warning-[DDTC] Duplicate Timing Check is disabled
/home/daniel_kuo/CBDK_TSMC40_Arm_f2.0/CIC/Verilog/sc9_cln40g_base_lvt_neg.v, 65649
  The below duplicate timing check will be disabled:
  $recrem(negedge S, negedge G &&& (ENABLE_NOT_D == 1'b1), 1.0000000000000000,
  0.50000000000000000, NOTIFIER, , , dS, dG);


Warning-[DDTC] Duplicate Timing Check is disabled
/home/daniel_kuo/CBDK_TSMC40_Arm_f2.0/CIC/Verilog/sc9_cln40g_base_lvt_neg.v, 65701
  The below duplicate timing check will be disabled:
  $recrem(negedge S, negedge G &&& (ENABLE_NOT_D == 1'b1), 1.0000000000000000,
  0.50000000000000000, NOTIFIER, , , dS, dG);


Warning-[DDTC] Duplicate Timing Check is disabled
/home/daniel_kuo/CBDK_TSMC40_Arm_f2.0/CIC/Verilog/sc9_cln40g_base_lvt_neg.v, 65753
  The below duplicate timing check will be disabled:
  $recrem(negedge S, negedge G &&& (ENABLE_NOT_D == 1'b1), 1.0000000000000000,
  0.50000000000000000, NOTIFIER, , , dS, dG);


Warning-[DDTC] Duplicate Timing Check is disabled
/home/daniel_kuo/CBDK_TSMC40_Arm_f2.0/CIC/Verilog/sc9_cln40g_base_lvt_neg.v, 65805
  The below duplicate timing check will be disabled:
  $recrem(posedge SN, negedge G &&& (ENABLE_NOT_D == 1'b1), 
  1.0000000000000000, 0.50000000000000000, NOTIFIER, , , dSN, dG);


Warning-[DDTC] Duplicate Timing Check is disabled
/home/daniel_kuo/CBDK_TSMC40_Arm_f2.0/CIC/Verilog/sc9_cln40g_base_lvt_neg.v, 65857
  The below duplicate timing check will be disabled:
  $recrem(posedge SN, negedge G &&& (ENABLE_NOT_D == 1'b1), 
  1.0000000000000000, 0.50000000000000000, NOTIFIER, , , dSN, dG);


Warning-[DDTC] Duplicate Timing Check is disabled
/home/daniel_kuo/CBDK_TSMC40_Arm_f2.0/CIC/Verilog/sc9_cln40g_base_lvt_neg.v, 65909
  The below duplicate timing check will be disabled:
  $recrem(posedge SN, negedge G &&& (ENABLE_NOT_D == 1'b1), 
  1.0000000000000000, 0.50000000000000000, NOTIFIER, , , dSN, dG);


Warning-[DDTC] Duplicate Timing Check is disabled
/home/daniel_kuo/CBDK_TSMC40_Arm_f2.0/CIC/Verilog/sc9_cln40g_base_lvt_neg.v, 65961
  The below duplicate timing check will be disabled:
  $recrem(posedge SN, negedge G &&& (ENABLE_NOT_D == 1'b1), 
  1.0000000000000000, 0.50000000000000000, NOTIFIER, , , dSN, dG);


Warning-[DDTC] Duplicate Timing Check is disabled
/home/daniel_kuo/CBDK_TSMC40_Arm_f2.0/CIC/Verilog/sc9_cln40g_base_lvt_neg.v, 66013
  The below duplicate timing check will be disabled:
  $recrem(posedge SN, negedge G &&& (ENABLE_NOT_D == 1'b1), 
  1.0000000000000000, 0.50000000000000000, NOTIFIER, , , dSN, dG);


Warning-[DDTC] Duplicate Timing Check is disabled
/home/daniel_kuo/CBDK_TSMC40_Arm_f2.0/CIC/Verilog/sc9_cln40g_base_lvt_neg.v, 84637
  The below duplicate timing check will be disabled:
  $recrem(negedge R, negedge CKN &&& (ENABLE_NOT_D_AND_SE_AND_SI == 1'b1), 
  1.0000000000000000, 0.50000000000000000, NOTIFIER, , , dR, dCKN);


Warning-[DDTC] Duplicate Timing Check is disabled
/home/daniel_kuo/CBDK_TSMC40_Arm_f2.0/CIC/Verilog/sc9_cln40g_base_lvt_neg.v, 84638
  The below duplicate timing check will be disabled:
  $recrem(negedge R, negedge CKN &&& (ENABLE_D_AND_NOT_SE_AND_NOT_SI == 1'b1),
  1.0000000000000000, 0.50000000000000000, NOTIFIER, , , dR, dCKN);


Warning-[DDTC] Duplicate Timing Check is disabled
/home/daniel_kuo/CBDK_TSMC40_Arm_f2.0/CIC/Verilog/sc9_cln40g_base_lvt_neg.v, 84639
  The below duplicate timing check will be disabled:
  $recrem(negedge R, negedge CKN &&& (ENABLE_D_AND_NOT_SE_AND_SI == 1'b1), 
  1.0000000000000000, 0.50000000000000000, NOTIFIER, , , dR, dCKN);


Warning-[DDTC] Duplicate Timing Check is disabled
/home/daniel_kuo/CBDK_TSMC40_Arm_f2.0/CIC/Verilog/sc9_cln40g_base_lvt_neg.v, 84640
  The below duplicate timing check will be disabled:
  $recrem(negedge R, negedge CKN &&& (ENABLE_D_AND_SE_AND_SI == 1'b1), 
  1.0000000000000000, 0.50000000000000000, NOTIFIER, , , dR, dCKN);


Warning-[DDTC] Duplicate Timing Check is disabled
/home/daniel_kuo/CBDK_TSMC40_Arm_f2.0/CIC/Verilog/sc9_cln40g_base_lvt_neg.v, 84825
  The below duplicate timing check will be disabled:
  $recrem(negedge R, negedge CKN &&& (ENABLE_NOT_D_AND_SE_AND_SI == 1'b1), 
  1.0000000000000000, 0.50000000000000000, NOTIFIER, , , dR, dCKN);


Warning-[DDTC] Duplicate Timing Check is disabled
/home/daniel_kuo/CBDK_TSMC40_Arm_f2.0/CIC/Verilog/sc9_cln40g_base_lvt_neg.v, 84826
  The below duplicate timing check will be disabled:
  $recrem(negedge R, negedge CKN &&& (ENABLE_D_AND_NOT_SE_AND_NOT_SI == 1'b1),
  1.0000000000000000, 0.50000000000000000, NOTIFIER, , , dR, dCKN);


Warning-[DDTC] Duplicate Timing Check is disabled
/home/daniel_kuo/CBDK_TSMC40_Arm_f2.0/CIC/Verilog/sc9_cln40g_base_lvt_neg.v, 84827
  The below duplicate timing check will be disabled:
  $recrem(negedge R, negedge CKN &&& (ENABLE_D_AND_NOT_SE_AND_SI == 1'b1), 
  1.0000000000000000, 0.50000000000000000, NOTIFIER, , , dR, dCKN);


Warning-[DDTC] Duplicate Timing Check is disabled
/home/daniel_kuo/CBDK_TSMC40_Arm_f2.0/CIC/Verilog/sc9_cln40g_base_lvt_neg.v, 84828
  The below duplicate timing check will be disabled:
  $recrem(negedge R, negedge CKN &&& (ENABLE_D_AND_SE_AND_SI == 1'b1), 
  1.0000000000000000, 0.50000000000000000, NOTIFIER, , , dR, dCKN);


Warning-[DDTC] Duplicate Timing Check is disabled
/home/daniel_kuo/CBDK_TSMC40_Arm_f2.0/CIC/Verilog/sc9_cln40g_base_lvt_neg.v, 85013
  The below duplicate timing check will be disabled:
  $recrem(negedge R, negedge CKN &&& (ENABLE_NOT_D_AND_SE_AND_SI == 1'b1), 
  1.0000000000000000, 0.50000000000000000, NOTIFIER, , , dR, dCKN);


Warning-[DDTC] Duplicate Timing Check is disabled
/home/daniel_kuo/CBDK_TSMC40_Arm_f2.0/CIC/Verilog/sc9_cln40g_base_lvt_neg.v, 85014
  The below duplicate timing check will be disabled:
  $recrem(negedge R, negedge CKN &&& (ENABLE_D_AND_NOT_SE_AND_NOT_SI == 1'b1),
  1.0000000000000000, 0.50000000000000000, NOTIFIER, , , dR, dCKN);


Warning-[DDTC] Duplicate Timing Check is disabled
/home/daniel_kuo/CBDK_TSMC40_Arm_f2.0/CIC/Verilog/sc9_cln40g_base_lvt_neg.v, 85015
  The below duplicate timing check will be disabled:
  $recrem(negedge R, negedge CKN &&& (ENABLE_D_AND_NOT_SE_AND_SI == 1'b1), 
  1.0000000000000000, 0.50000000000000000, NOTIFIER, , , dR, dCKN);


Warning-[DDTC] Duplicate Timing Check is disabled
/home/daniel_kuo/CBDK_TSMC40_Arm_f2.0/CIC/Verilog/sc9_cln40g_base_lvt_neg.v, 85016
  The below duplicate timing check will be disabled:
  $recrem(negedge R, negedge CKN &&& (ENABLE_D_AND_SE_AND_SI == 1'b1), 
  1.0000000000000000, 0.50000000000000000, NOTIFIER, , , dR, dCKN);


Warning-[DDTC] Duplicate Timing Check is disabled
/home/daniel_kuo/CBDK_TSMC40_Arm_f2.0/CIC/Verilog/sc9_cln40g_base_lvt_neg.v, 85209
  The below duplicate timing check will be disabled:
  $recrem(posedge SN, negedge CKN &&& (ENABLE_NOT_D_AND_NOT_SE_AND_NOT_SI == 
  1'b1), 1.0000000000000000, 0.50000000000000000, NOTIFIER, , , dSN, dCKN);


Warning-[DDTC] Duplicate Timing Check is disabled
/home/daniel_kuo/CBDK_TSMC40_Arm_f2.0/CIC/Verilog/sc9_cln40g_base_lvt_neg.v, 85210
  The below duplicate timing check will be disabled:
  $recrem(posedge SN, negedge CKN &&& (ENABLE_NOT_D_AND_NOT_SE_AND_SI == 
  1'b1), 1.0000000000000000, 0.50000000000000000, NOTIFIER, , , dSN, dCKN);


Warning-[DDTC] Duplicate Timing Check is disabled
/home/daniel_kuo/CBDK_TSMC40_Arm_f2.0/CIC/Verilog/sc9_cln40g_base_lvt_neg.v, 85211
  The below duplicate timing check will be disabled:
  $recrem(posedge SN, negedge CKN &&& (ENABLE_NOT_D_AND_SE_AND_NOT_SI == 
  1'b1), 1.0000000000000000, 0.50000000000000000, NOTIFIER, , , dSN, dCKN);


Warning-[DDTC] Duplicate Timing Check is disabled
/home/daniel_kuo/CBDK_TSMC40_Arm_f2.0/CIC/Verilog/sc9_cln40g_base_lvt_neg.v, 85212
  The below duplicate timing check will be disabled:
  $recrem(posedge SN, negedge CKN &&& (ENABLE_D_AND_SE_AND_NOT_SI == 1'b1), 
  1.0000000000000000, 0.50000000000000000, NOTIFIER, , , dSN, dCKN);


Warning-[DDTC] Duplicate Timing Check is disabled
/home/daniel_kuo/CBDK_TSMC40_Arm_f2.0/CIC/Verilog/sc9_cln40g_base_lvt_neg.v, 85397
  The below duplicate timing check will be disabled:
  $recrem(posedge SN, negedge CKN &&& (ENABLE_NOT_D_AND_NOT_SE_AND_NOT_SI == 
  1'b1), 1.0000000000000000, 0.50000000000000000, NOTIFIER, , , dSN, dCKN);


Warning-[DDTC] Duplicate Timing Check is disabled
/home/daniel_kuo/CBDK_TSMC40_Arm_f2.0/CIC/Verilog/sc9_cln40g_base_lvt_neg.v, 85398
  The below duplicate timing check will be disabled:
  $recrem(posedge SN, negedge CKN &&& (ENABLE_NOT_D_AND_NOT_SE_AND_SI == 
  1'b1), 1.0000000000000000, 0.50000000000000000, NOTIFIER, , , dSN, dCKN);


Warning-[DDTC] Duplicate Timing Check is disabled
/home/daniel_kuo/CBDK_TSMC40_Arm_f2.0/CIC/Verilog/sc9_cln40g_base_lvt_neg.v, 85399
  The below duplicate timing check will be disabled:
  $recrem(posedge SN, negedge CKN &&& (ENABLE_NOT_D_AND_SE_AND_NOT_SI == 
  1'b1), 1.0000000000000000, 0.50000000000000000, NOTIFIER, , , dSN, dCKN);


Warning-[DDTC] Duplicate Timing Check is disabled
/home/daniel_kuo/CBDK_TSMC40_Arm_f2.0/CIC/Verilog/sc9_cln40g_base_lvt_neg.v, 85400
  The below duplicate timing check will be disabled:
  $recrem(posedge SN, negedge CKN &&& (ENABLE_D_AND_SE_AND_NOT_SI == 1'b1), 
  1.0000000000000000, 0.50000000000000000, NOTIFIER, , , dSN, dCKN);


Warning-[DDTC] Duplicate Timing Check is disabled
/home/daniel_kuo/CBDK_TSMC40_Arm_f2.0/CIC/Verilog/sc9_cln40g_base_lvt_neg.v, 85585
  The below duplicate timing check will be disabled:
  $recrem(posedge SN, negedge CKN &&& (ENABLE_NOT_D_AND_NOT_SE_AND_NOT_SI == 
  1'b1), 1.0000000000000000, 0.50000000000000000, NOTIFIER, , , dSN, dCKN);


Warning-[DDTC] Duplicate Timing Check is disabled
/home/daniel_kuo/CBDK_TSMC40_Arm_f2.0/CIC/Verilog/sc9_cln40g_base_lvt_neg.v, 85586
  The below duplicate timing check will be disabled:
  $recrem(posedge SN, negedge CKN &&& (ENABLE_NOT_D_AND_NOT_SE_AND_SI == 
  1'b1), 1.0000000000000000, 0.50000000000000000, NOTIFIER, , , dSN, dCKN);


Warning-[DDTC] Duplicate Timing Check is disabled
/home/daniel_kuo/CBDK_TSMC40_Arm_f2.0/CIC/Verilog/sc9_cln40g_base_lvt_neg.v, 85587
  The below duplicate timing check will be disabled:
  $recrem(posedge SN, negedge CKN &&& (ENABLE_NOT_D_AND_SE_AND_NOT_SI == 
  1'b1), 1.0000000000000000, 0.50000000000000000, NOTIFIER, , , dSN, dCKN);


Warning-[DDTC] Duplicate Timing Check is disabled
/home/daniel_kuo/CBDK_TSMC40_Arm_f2.0/CIC/Verilog/sc9_cln40g_base_lvt_neg.v, 85588
  The below duplicate timing check will be disabled:
  $recrem(posedge SN, negedge CKN &&& (ENABLE_D_AND_SE_AND_NOT_SI == 1'b1), 
  1.0000000000000000, 0.50000000000000000, NOTIFIER, , , dSN, dCKN);


Warning-[DDTC] Duplicate Timing Check is disabled
/home/daniel_kuo/CBDK_TSMC40_Arm_f2.0/CIC/Verilog/sc9_cln40g_base_lvt_neg.v, 85840
  The below duplicate timing check will be disabled:
  $recrem(negedge R, negedge CKN &&& (ENABLE_NOT_D_AND_SE_AND_SI_AND_SN == 
  1'b1), 1.0000000000000000, 0.50000000000000000, NOTIFIER, , , dR, dCKN);


Warning-[DDTC] Duplicate Timing Check is disabled
/home/daniel_kuo/CBDK_TSMC40_Arm_f2.0/CIC/Verilog/sc9_cln40g_base_lvt_neg.v, 85841
  The below duplicate timing check will be disabled:
  $recrem(negedge R, negedge CKN &&& (ENABLE_D_AND_NOT_SE_AND_NOT_SI_AND_SN ==
  1'b1), 1.0000000000000000, 0.50000000000000000, NOTIFIER, , , dR, dCKN);


Warning-[DDTC] Duplicate Timing Check is disabled
/home/daniel_kuo/CBDK_TSMC40_Arm_f2.0/CIC/Verilog/sc9_cln40g_base_lvt_neg.v, 85842
  The below duplicate timing check will be disabled:
  $recrem(negedge R, negedge CKN &&& (ENABLE_D_AND_NOT_SE_AND_SI_AND_SN == 
  1'b1), 1.0000000000000000, 0.50000000000000000, NOTIFIER, , , dR, dCKN);


Warning-[DDTC] Duplicate Timing Check is disabled
/home/daniel_kuo/CBDK_TSMC40_Arm_f2.0/CIC/Verilog/sc9_cln40g_base_lvt_neg.v, 85843
  The below duplicate timing check will be disabled:
  $recrem(negedge R, negedge CKN &&& (ENABLE_D_AND_SE_AND_SI_AND_SN == 1'b1), 
  1.0000000000000000, 0.50000000000000000, NOTIFIER, , , dR, dCKN);


Warning-[DDTC] Duplicate Timing Check is disabled
/home/daniel_kuo/CBDK_TSMC40_Arm_f2.0/CIC/Verilog/sc9_cln40g_base_lvt_neg.v, 85868
  The below duplicate timing check will be disabled:
  $recrem(posedge SN, negedge CKN &&& 
  (ENABLE_NOT_D_AND_NOT_R_AND_NOT_SE_AND_NOT_SI == 1'b1), 1.0000000000000000, 
  0.50000000000000000, NOTIFIER, , , dSN, dCKN);


Warning-[DDTC] Duplicate Timing Check is disabled
/home/daniel_kuo/CBDK_TSMC40_Arm_f2.0/CIC/Verilog/sc9_cln40g_base_lvt_neg.v, 85869
  The below duplicate timing check will be disabled:
  $recrem(posedge SN, negedge CKN &&& 
  (ENABLE_NOT_D_AND_NOT_R_AND_NOT_SE_AND_SI == 1'b1), 1.0000000000000000, 
  0.50000000000000000, NOTIFIER, , , dSN, dCKN);


Warning-[DDTC] Duplicate Timing Check is disabled
/home/daniel_kuo/CBDK_TSMC40_Arm_f2.0/CIC/Verilog/sc9_cln40g_base_lvt_neg.v, 85870
  The below duplicate timing check will be disabled:
  $recrem(posedge SN, negedge CKN &&& 
  (ENABLE_NOT_D_AND_NOT_R_AND_SE_AND_NOT_SI == 1'b1), 1.0000000000000000, 
  0.50000000000000000, NOTIFIER, , , dSN, dCKN);


Warning-[DDTC] Duplicate Timing Check is disabled
/home/daniel_kuo/CBDK_TSMC40_Arm_f2.0/CIC/Verilog/sc9_cln40g_base_lvt_neg.v, 85871
  The below duplicate timing check will be disabled:
  $recrem(posedge SN, negedge CKN &&& (ENABLE_D_AND_NOT_R_AND_SE_AND_NOT_SI ==
  1'b1), 1.0000000000000000, 0.50000000000000000, NOTIFIER, , , dSN, dCKN);


Warning-[DDTC] Duplicate Timing Check is disabled
/home/daniel_kuo/CBDK_TSMC40_Arm_f2.0/CIC/Verilog/sc9_cln40g_base_lvt_neg.v, 86203
  The below duplicate timing check will be disabled:
  $recrem(negedge R, negedge CKN &&& (ENABLE_NOT_D_AND_SE_AND_SI_AND_SN == 
  1'b1), 1.0000000000000000, 0.50000000000000000, NOTIFIER, , , dR, dCKN);


Warning-[DDTC] Duplicate Timing Check is disabled
/home/daniel_kuo/CBDK_TSMC40_Arm_f2.0/CIC/Verilog/sc9_cln40g_base_lvt_neg.v, 86204
  The below duplicate timing check will be disabled:
  $recrem(negedge R, negedge CKN &&& (ENABLE_D_AND_NOT_SE_AND_NOT_SI_AND_SN ==
  1'b1), 1.0000000000000000, 0.50000000000000000, NOTIFIER, , , dR, dCKN);


Warning-[DDTC] Duplicate Timing Check is disabled
/home/daniel_kuo/CBDK_TSMC40_Arm_f2.0/CIC/Verilog/sc9_cln40g_base_lvt_neg.v, 86205
  The below duplicate timing check will be disabled:
  $recrem(negedge R, negedge CKN &&& (ENABLE_D_AND_NOT_SE_AND_SI_AND_SN == 
  1'b1), 1.0000000000000000, 0.50000000000000000, NOTIFIER, , , dR, dCKN);


Warning-[DDTC] Duplicate Timing Check is disabled
/home/daniel_kuo/CBDK_TSMC40_Arm_f2.0/CIC/Verilog/sc9_cln40g_base_lvt_neg.v, 86206
  The below duplicate timing check will be disabled:
  $recrem(negedge R, negedge CKN &&& (ENABLE_D_AND_SE_AND_SI_AND_SN == 1'b1), 
  1.0000000000000000, 0.50000000000000000, NOTIFIER, , , dR, dCKN);


Warning-[DDTC] Duplicate Timing Check is disabled
/home/daniel_kuo/CBDK_TSMC40_Arm_f2.0/CIC/Verilog/sc9_cln40g_base_lvt_neg.v, 86231
  The below duplicate timing check will be disabled:
  $recrem(posedge SN, negedge CKN &&& 
  (ENABLE_NOT_D_AND_NOT_R_AND_NOT_SE_AND_NOT_SI == 1'b1), 1.0000000000000000, 
  0.50000000000000000, NOTIFIER, , , dSN, dCKN);


Warning-[DDTC] Duplicate Timing Check is disabled
/home/daniel_kuo/CBDK_TSMC40_Arm_f2.0/CIC/Verilog/sc9_cln40g_base_lvt_neg.v, 86232
  The below duplicate timing check will be disabled:
  $recrem(posedge SN, negedge CKN &&& 
  (ENABLE_NOT_D_AND_NOT_R_AND_NOT_SE_AND_SI == 1'b1), 1.0000000000000000, 
  0.50000000000000000, NOTIFIER, , , dSN, dCKN);


Warning-[DDTC] Duplicate Timing Check is disabled
/home/daniel_kuo/CBDK_TSMC40_Arm_f2.0/CIC/Verilog/sc9_cln40g_base_lvt_neg.v, 86233
  The below duplicate timing check will be disabled:
  $recrem(posedge SN, negedge CKN &&& 
  (ENABLE_NOT_D_AND_NOT_R_AND_SE_AND_NOT_SI == 1'b1), 1.0000000000000000, 
  0.50000000000000000, NOTIFIER, , , dSN, dCKN);


Warning-[DDTC] Duplicate Timing Check is disabled
/home/daniel_kuo/CBDK_TSMC40_Arm_f2.0/CIC/Verilog/sc9_cln40g_base_lvt_neg.v, 86234
  The below duplicate timing check will be disabled:
  $recrem(posedge SN, negedge CKN &&& (ENABLE_D_AND_NOT_R_AND_SE_AND_NOT_SI ==
  1'b1), 1.0000000000000000, 0.50000000000000000, NOTIFIER, , , dSN, dCKN);


Warning-[DDTC] Duplicate Timing Check is disabled
/home/daniel_kuo/CBDK_TSMC40_Arm_f2.0/CIC/Verilog/sc9_cln40g_base_lvt_neg.v, 86566
  The below duplicate timing check will be disabled:
  $recrem(negedge R, negedge CKN &&& (ENABLE_NOT_D_AND_SE_AND_SI_AND_SN == 
  1'b1), 1.0000000000000000, 0.50000000000000000, NOTIFIER, , , dR, dCKN);


Warning-[DDTC] Duplicate Timing Check is disabled
/home/daniel_kuo/CBDK_TSMC40_Arm_f2.0/CIC/Verilog/sc9_cln40g_base_lvt_neg.v, 86567
  The below duplicate timing check will be disabled:
  $recrem(negedge R, negedge CKN &&& (ENABLE_D_AND_NOT_SE_AND_NOT_SI_AND_SN ==
  1'b1), 1.0000000000000000, 0.50000000000000000, NOTIFIER, , , dR, dCKN);


Warning-[DDTC] Duplicate Timing Check is disabled
/home/daniel_kuo/CBDK_TSMC40_Arm_f2.0/CIC/Verilog/sc9_cln40g_base_lvt_neg.v, 86568
  The below duplicate timing check will be disabled:
  $recrem(negedge R, negedge CKN &&& (ENABLE_D_AND_NOT_SE_AND_SI_AND_SN == 
  1'b1), 1.0000000000000000, 0.50000000000000000, NOTIFIER, , , dR, dCKN);


Warning-[DDTC] Duplicate Timing Check is disabled
/home/daniel_kuo/CBDK_TSMC40_Arm_f2.0/CIC/Verilog/sc9_cln40g_base_lvt_neg.v, 86569
  The below duplicate timing check will be disabled:
  $recrem(negedge R, negedge CKN &&& (ENABLE_D_AND_SE_AND_SI_AND_SN == 1'b1), 
  1.0000000000000000, 0.50000000000000000, NOTIFIER, , , dR, dCKN);


Warning-[DDTC] Duplicate Timing Check is disabled
/home/daniel_kuo/CBDK_TSMC40_Arm_f2.0/CIC/Verilog/sc9_cln40g_base_lvt_neg.v, 86594
  The below duplicate timing check will be disabled:
  $recrem(posedge SN, negedge CKN &&& 
  (ENABLE_NOT_D_AND_NOT_R_AND_NOT_SE_AND_NOT_SI == 1'b1), 1.0000000000000000, 
  0.50000000000000000, NOTIFIER, , , dSN, dCKN);


Warning-[DDTC] Duplicate Timing Check is disabled
/home/daniel_kuo/CBDK_TSMC40_Arm_f2.0/CIC/Verilog/sc9_cln40g_base_lvt_neg.v, 86595
  The below duplicate timing check will be disabled:
  $recrem(posedge SN, negedge CKN &&& 
  (ENABLE_NOT_D_AND_NOT_R_AND_NOT_SE_AND_SI == 1'b1), 1.0000000000000000, 
  0.50000000000000000, NOTIFIER, , , dSN, dCKN);


Warning-[DDTC] Duplicate Timing Check is disabled
/home/daniel_kuo/CBDK_TSMC40_Arm_f2.0/CIC/Verilog/sc9_cln40g_base_lvt_neg.v, 86596
  The below duplicate timing check will be disabled:
  $recrem(posedge SN, negedge CKN &&& 
  (ENABLE_NOT_D_AND_NOT_R_AND_SE_AND_NOT_SI == 1'b1), 1.0000000000000000, 
  0.50000000000000000, NOTIFIER, , , dSN, dCKN);


Warning-[DDTC] Duplicate Timing Check is disabled
/home/daniel_kuo/CBDK_TSMC40_Arm_f2.0/CIC/Verilog/sc9_cln40g_base_lvt_neg.v, 86597
  The below duplicate timing check will be disabled:
  $recrem(posedge SN, negedge CKN &&& (ENABLE_D_AND_NOT_R_AND_SE_AND_NOT_SI ==
  1'b1), 1.0000000000000000, 0.50000000000000000, NOTIFIER, , , dSN, dCKN);


   ***   $sdf_annotate() version 1.2R
   ***    SDF file: "MODP_MONTYMUL_SYN.sdf"
   ***    Annotation scope: TESTBED.u_MODP_MONTYMUL
   ***    No MTM selection argument specified
   ***    No SCALE FACTORS argument specified
   ***    No SCALE TYPE argument specified
   ***    MTM selection defaulted to "TOOL_CONTROL":
               (+typdelays compiled, TYPICAL delays selected)
   ***    SCALE FACTORS defaulted to "1.0:1.0:1.0":
   ***    SCALE TYPE defaulted to: "FROM_MTM"
   ***    Turnoff delay: "FROM_FILE"
   ***    Approximation (mipd) policy: "MAXIMUM"

   ***    SDF annotation begin: Tue Apr 21 16:08:09 2026


SDF Info: +pulse_r/100, +pulse_e/100 in effect

Warning-[SDFCOM_CFTC] Cannot find timing check 
MODP_MONTYMUL_SYN.sdf, 476335
module: DFFSQ_X3M_A9TL, "instance: TESTBED.u_MODP_MONTYMUL.mult_x_1_clk_r_REG532_S2"
  SDF Warning: Cannot find timing check $hold(posedge CK &&& 
  (ENABLE_NOT_D==1'h1),posedge SN,...)
      


Warning-[SDFCOM_CFTC] Cannot find timing check 
MODP_MONTYMUL_SYN.sdf, 476356
module: DFFSQ_X1M_A9TR, "instance: TESTBED.u_MODP_MONTYMUL.mult_x_1_clk_r_REG2035_S2"
  SDF Warning: Cannot find timing check $hold(posedge CK &&& 
  (ENABLE_NOT_D==1'h1),posedge SN,...)
      


Warning-[SDFCOM_CFTC] Cannot find timing check 
MODP_MONTYMUL_SYN.sdf, 476377
module: DFFSQ_X1M_A9TR, "instance: TESTBED.u_MODP_MONTYMUL.mult_x_1_clk_r_REG895_S2"
  SDF Warning: Cannot find timing check $hold(posedge CK &&& 
  (ENABLE_NOT_D==1'h1),posedge SN,...)
      


Warning-[SDFCOM_CFTC] Cannot find timing check 
MODP_MONTYMUL_SYN.sdf, 476398
module: DFFSQ_X2M_A9TL, "instance: TESTBED.u_MODP_MONTYMUL.mult_x_1_clk_r_REG2123_S2"
  SDF Warning: Cannot find timing check $hold(posedge CK &&& 
  (ENABLE_NOT_D==1'h1),posedge SN,...)
      


Warning-[SDFCOM_CFTC] Cannot find timing check 
MODP_MONTYMUL_SYN.sdf, 476419
module: DFFSQ_X1M_A9TH, "instance: TESTBED.u_MODP_MONTYMUL.DP_OP_16J1_122_5909_clk_r_REG1426_S1"
  SDF Warning: Cannot find timing check $hold(posedge CK &&& 
  (ENABLE_NOT_D==1'h1),posedge SN,...)
      


Warning-[SDFCOM_CFTC] Cannot find timing check 
MODP_MONTYMUL_SYN.sdf, 476440
module: DFFSQ_X2M_A9TL, "instance: TESTBED.u_MODP_MONTYMUL.DP_OP_16J1_122_5909_clk_r_REG716_S1"
  SDF Warning: Cannot find timing check $hold(posedge CK &&& 
  (ENABLE_NOT_D==1'h1),posedge SN,...)
      


Warning-[SDFCOM_CFTC] Cannot find timing check 
MODP_MONTYMUL_SYN.sdf, 476461
module: DFFSQ_X1M_A9TL, "instance: TESTBED.u_MODP_MONTYMUL.DP_OP_16J1_122_5909_clk_r_REG1589_S1"
  SDF Warning: Cannot find timing check $hold(posedge CK &&& 
  (ENABLE_NOT_D==1'h1),posedge SN,...)
      


Warning-[SDFCOM_CFTC] Cannot find timing check 
MODP_MONTYMUL_SYN.sdf, 476482
module: DFFSQ_X2M_A9TL, "instance: TESTBED.u_MODP_MONTYMUL.mult_x_1_clk_r_REG593_S2"
  SDF Warning: Cannot find timing check $hold(posedge CK &&& 
  (ENABLE_NOT_D==1'h1),posedge SN,...)
      


Warning-[SDFCOM_CFTC] Cannot find timing check 
MODP_MONTYMUL_SYN.sdf, 476503
module: DFFSQ_X2M_A9TL, "instance: TESTBED.u_MODP_MONTYMUL.mult_x_1_clk_r_REG2120_S2"
  SDF Warning: Cannot find timing check $hold(posedge CK &&& 
  (ENABLE_NOT_D==1'h1),posedge SN,...)
      

All future warnings not reported; use +sdfverbose to report them.

Warning-[SDFCOM_CFTC] Cannot find timing check 
MODP_MONTYMUL_SYN.sdf, 476524
module: DFFSQ_X1M_A9TL, "instance: TESTBED.u_MODP_MONTYMUL.mult_x_1_clk_r_REG898_S2"
  SDF Warning: Cannot find timing check $hold(posedge CK &&& 
  (ENABLE_NOT_D==1'h1),posedge SN,...)
      


          Total errors: 0
          Total warnings: 2257
   ***    SDF annotation completed: Tue Apr 21 16:08:10 2026



Warning-[DRTZ] Detect delay value roundoff to 0
  Delay from design or SDF file roundoff to 0 based on timescale
  Please use switch -diag timescale to dump detailed information.

Starting vcs inline pass...

Note-[VCS_PARAL] Parallel code-gen enabled
  VCS is running with parallel code generation(-j)...

2157 modules and 11 UDPs read.
recompiling module AOI222_X1M_A9TL
recompiling module ADDF_X1M_A9TR
recompiling module DFFSQ_X2M_A9TR
recompiling module ADDF_X2M_A9TL
recompiling module DFFSQ_X4M_A9TL
recompiling module AOI22BB_X4M_A9TL
recompiling module OAI22BB_X3M_A9TL
recompiling module AOI22_X2M_A9TR
recompiling module OAI22_X1M_A9TR
recompiling module AOI22_X4M_A9TL
recompiling module OAI22_X2M_A9TL
recompiling module AOI22_X1M_A9TH
recompiling module AOI31_X2M_A9TL
recompiling module CGEN_X2M_A9TL
recompiling module AO21B_X2M_A9TR
recompiling module AO21B_X2M_A9TL
recompiling module AOI21B_X2M_A9TL
recompiling module OAI2XB1_X8M_A9TL
recompiling module OAI21_X2M_A9TR
recompiling module AO1B2_X1P4M_A9TL
recompiling module AO21_X1P4M_A9TL
recompiling module AOI21_X1P4M_A9TL
recompiling module OA21_X1M_A9TL
recompiling module OAI21_X0P7M_A9TL
recompiling module AO21_X0P7M_A9TH
recompiling module XNOR2_X0P7M_A9TR
recompiling module XOR2_X1M_A9TR
recompiling module XNOR2_X1P4M_A9TL
recompiling module XOR2_X2M_A9TL
recompiling module XOR2_X0P7M_A9TH
recompiling module NAND2XB_X0P7M_A9TR
recompiling module AND3_X4M_A9TL
recompiling module NAND2XB_X2M_A9TL
recompiling module NAND3_X3M_A9TL
recompiling module NOR2XB_X1M_A9TL
recompiling module NAND2XB_X0P7M_A9TH
recompiling module AND2_X0P7M_A9TR
recompiling module AND2_X2M_A9TR
recompiling module AND2_X8M_A9TR
recompiling module NAND2_X1A_A9TR
recompiling module NOR2_X1P4M_A9TR
recompiling module OR2_X1P4B_A9TR
recompiling module AND2_X11B_A9TL
recompiling module AND2_X3B_A9TL
recompiling module NAND2_X6M_A9TL
recompiling module NOR2_X2A_A9TL
recompiling module NOR2_X4M_A9TL
recompiling module OR2_X0P5M_A9TL
recompiling module OR2_X1P4M_A9TL
recompiling module OR2_X6M_A9TL
recompiling module AND2_X3B_A9TH
recompiling module NOR2_X0P7M_A9TH
recompiling module OR2_X1B_A9TH
recompiling module BUFH_X3M_A9TR
recompiling module BUF_X3P5M_A9TR
recompiling module INV_X0P7M_A9TR
recompiling module INV_X16M_A9TR
recompiling module INV_X1P7M_A9TR
recompiling module INV_X7P5M_A9TR
recompiling module INV_X1P7B_A9TL
recompiling module INV_X3P5B_A9TL
recompiling module INV_X7P5B_A9TL
recompiling module BUF_X0P7M_A9TH
recompiling module INV_X0P8B_A9TH
recompiling module INV_X2P5B_A9TH
recompiling module INV_X7P5B_A9TH
recompiling module DFFSQ_X0P5M_A9TR
recompiling module ADDF_X1M_A9TL
recompiling module DFFSQ_X2M_A9TL
recompiling module DFFSQ_X1M_A9TH
recompiling module AOI22BB_X2M_A9TL
recompiling module OAI22BB_X1P4M_A9TL
recompiling module AOI22_X1M_A9TR
recompiling module OAI22_X0P5M_A9TR
recompiling module AO22_X2M_A9TL
recompiling module AOI22_X2M_A9TL
recompiling module OAI22_X1M_A9TL
recompiling module AO21A1AI2_X4M_A9TL
recompiling module AO21A1AI2_X1M_A9TH
recompiling module CGEN_X1M_A9TR
recompiling module CGEN_X1M_A9TL
recompiling module MXIT2_X3M_A9TL
recompiling module OAI211_X4M_A9TL
recompiling module AO21B_X1M_A9TR
recompiling module AO21B_X1M_A9TL
recompiling module OAI21B_X6M_A9TL
recompiling module OAI2XB1_X4M_A9TL
recompiling module AO1B2_X2M_A9TR
recompiling module AOI21_X2M_A9TR
recompiling module OAI21_X1M_A9TR
recompiling module AO21_X0P7M_A9TL
recompiling module AOI21_X0P7M_A9TL
recompiling module OA21_X8M_A9TL
recompiling module OAI21_X6M_A9TL
recompiling module OAI21_X1M_A9TH
recompiling module NAND3BB_X6M_A9TL
recompiling module NOR3BB_X8M_A9TL
recompiling module XOR2_X0P5M_A9TR
recompiling module XNOR2_X0P7M_A9TL
recompiling module XOR2_X1M_A9TL
recompiling module XNOR2_X2M_A9TH
recompiling module NAND2B_X0P5M_A9TR
recompiling module NAND2B_X1P4M_A9TL
recompiling module NAND2XB_X1M_A9TL
recompiling module NAND3_X2M_A9TL
recompiling module NOR2XB_X8M_A9TL
recompiling module AND3_X1M_A9TH
recompiling module AND2_X1P4M_A9TR
recompiling module NOR2_X0P5B_A9TR
recompiling module NOR2_X3M_A9TR
recompiling module OR2_X1B_A9TR
recompiling module AND2_X2B_A9TL
recompiling module AND2_X8B_A9TL
recompiling module NOR2_X1P4B_A9TL
recompiling module OR2_X1M_A9TL
recompiling module OR2_X4M_A9TL
recompiling module AND2_X1B_A9TH
recompiling module NAND2_X3B_A9TH
recompiling module OR2_X0P5M_A9TH
recompiling module BUFH_X2M_A9TR
recompiling module BUFH_X9M_A9TR
recompiling module BUF_X3M_A9TR
recompiling module BUF_X6M_A9TR
recompiling module INV_X0P6M_A9TR
recompiling module INV_X3M_A9TR
recompiling module INV_X6M_A9TR
recompiling module BUFH_X1P7M_A9TL
recompiling module BUFH_X7P5M_A9TL
recompiling module INV_X0P6B_A9TL
recompiling module BUFH_X1M_A9TH
recompiling module INV_X0P6B_A9TH
recompiling module INV_X1P7M_A9TH
recompiling module INV_X5M_A9TH
recompiling module AOI222_X0P7M_A9TL
recompiling module DFFSQ_X1M_A9TR
recompiling module ADDF_X1P4M_A9TL
recompiling module DFFSQ_X3M_A9TL
recompiling module DFFSQ_X2M_A9TH
recompiling module AOI22BB_X3M_A9TL
recompiling module OAI22BB_X2M_A9TL
recompiling module OA22_X1M_A9TR
recompiling module OAI22_X0P7M_A9TR
recompiling module AO22_X3M_A9TL
recompiling module AOI22_X3M_A9TL
recompiling module OAI22_X1P4M_A9TL
recompiling module AO21A1AI2_X6M_A9TL
recompiling module OA21A1OI2_X6M_A9TL
recompiling module XOR3_X0P5M_A9TH
recompiling module CGEN_X1P4M_A9TR
recompiling module CGEN_X1P4M_A9TL
recompiling module MXIT2_X4M_A9TL
recompiling module OAI2XB1_X6M_A9TR
recompiling module AO21B_X1P4M_A9TL
recompiling module AOI21B_X1P4M_A9TL
recompiling module OAI21B_X8M_A9TL
recompiling module OAI2XB1_X6M_A9TL
recompiling module OAI21_X1P4M_A9TR
recompiling module AO21_X1M_A9TL
recompiling module AOI21_X1M_A9TL
recompiling module OA21_X0P7M_A9TL
recompiling module OAI21_X0P5M_A9TL
recompiling module OAI21_X8M_A9TL
recompiling module NAND3BB_X8M_A9TL
recompiling module XNOR2_X0P5M_A9TR
recompiling module XOR2_X0P7M_A9TR
recompiling module XNOR2_X1M_A9TL
recompiling module XOR2_X1P4M_A9TL
recompiling module XOR2_X0P5M_A9TH
recompiling module NOR2XB_X4M_A9TR
recompiling module AND3_X3M_A9TL
recompiling module NAND2B_X2M_A9TL
recompiling module NAND2XB_X1P4M_A9TL
recompiling module NAND3_X3A_A9TL
recompiling module NOR2B_X1M_A9TL
recompiling module NAND2XB_X0P5M_A9TH
recompiling module AND2_X2B_A9TR
recompiling module NAND2_X2B_A9TR
recompiling module NOR2_X4A_A9TR
recompiling module OR2_X1M_A9TR
recompiling module AND2_X0P7M_A9TL
recompiling module AND2_X2M_A9TL
recompiling module NAND2_X1A_A9TL
recompiling module NAND2_X2M_A9TL
recompiling module NOR2_X1P4M_A9TL
recompiling module NOR2_X4B_A9TL
recompiling module OR2_X1P4B_A9TL
recompiling module AND2_X1M_A9TH
recompiling module NOR2_X0P5B_A9TH
recompiling module OR2_X0P7M_A9TH
recompiling module BUFH_X11M_A9TR
recompiling module BUFH_X2P5M_A9TR
recompiling module INV_X1P7B_A9TR
recompiling module INV_X3P5B_A9TR
recompiling module BUFH_X2M_A9TL
recompiling module BUFH_X9M_A9TL
recompiling module BUF_X3M_A9TL
recompiling module BUF_X6M_A9TL
recompiling module INV_X0P6M_A9TL
recompiling module INV_X3M_A9TL
recompiling module INV_X6M_A9TL
recompiling module BUFH_X1P7M_A9TH
recompiling module INV_X0P7B_A9TH
recompiling module INV_X2M_A9TH
recompiling module INV_X6M_A9TH
recompiling module AOI222_X1P4M_A9TR
recompiling module AOI222_X3M_A9TL
recompiling module DFFRPQ_X1M_A9TR
recompiling module DFFRPQ_X3M_A9TL
recompiling module DFFRPQ_X1M_A9TH
recompiling module AO22_X0P7M_A9TL
recompiling module AOI22_X0P7M_A9TL
recompiling module OAI22_X6M_A9TL
recompiling module XOR3_X1M_A9TR
recompiling module XOR3_X2M_A9TL
recompiling module AOI31_X6M_A9TL
recompiling module ADDH_X2M_A9TL
recompiling module AO21B_X6M_A9TL
recompiling module AOI21B_X6M_A9TL
recompiling module AOI2XB1_X4M_A9TL
recompiling module OA21B_X3M_A9TL
recompiling module OAI21B_X2M_A9TL
recompiling module OAI2XB1_X1P4M_A9TL
recompiling module AO21_X0P7M_A9TR
recompiling module AOI21_X0P7M_A9TR
recompiling module OAI21_X6M_A9TR
recompiling module AO1B2_X4M_A9TL
recompiling module AO21_X4M_A9TL
recompiling module AOI21_X4M_A9TL
recompiling module OA1B2_X4M_A9TL
recompiling module OA21_X3M_A9TL
recompiling module OAI21_X2M_A9TL
recompiling module AOI21_X0P7M_A9TH
recompiling module NAND3BB_X2M_A9TL
recompiling module NOR3BB_X3M_A9TL
recompiling module XNOR2_X2M_A9TR
recompiling module XOR2_X3M_A9TR
recompiling module NAND4_X4M_A9TL
recompiling module XNOR2_X4M_A9TL
recompiling module XNOR2_X0P5M_A9TH
recompiling module XOR2_X2M_A9TH
recompiling module NAND2XB_X2M_A9TR
recompiling module NOR2XB_X1M_A9TR
recompiling module NAND2B_X0P5M_A9TL
recompiling module NAND2B_X8M_A9TL
recompiling module NAND2XB_X6M_A9TL
recompiling module NAND3_X6A_A9TL
recompiling module NOR2B_X4M_A9TL
recompiling module NOR2XB_X3M_A9TL
recompiling module NOR2XB_X1M_A9TH
recompiling module NAND2_X1P4A_A9TR
recompiling module NOR2_X1A_A9TR
recompiling module NOR2_X2M_A9TR
recompiling module OR2_X0P7M_A9TR
recompiling module AND2_X1M_A9TL
recompiling module AND2_X4M_A9TL
recompiling module NAND2_X1P4B_A9TL
recompiling module NAND2_X8M_A9TL
recompiling module NOR2_X3A_A9TL
recompiling module NOR2_X6M_A9TL
recompiling module OR2_X3B_A9TL
recompiling module AND2_X0P5B_A9TH
recompiling module NAND2_X1A_A9TH
recompiling module NOR2_X2A_A9TH
recompiling module BUFH_X1P2M_A9TR
recompiling module BUFH_X5M_A9TR
recompiling module INV_X2P5B_A9TR
recompiling module INV_X5B_A9TR
recompiling module BUFH_X1M_A9TL
recompiling module BUF_X1M_A9TL
recompiling module BUF_X2M_A9TL
recompiling module BUF_X4M_A9TL
recompiling module BUF_X9M_A9TL
recompiling module INV_X0P8M_A9TL
recompiling module INV_X1M_A9TL
recompiling module INV_X2M_A9TL
recompiling module INV_X4M_A9TL
recompiling module INV_X9M_A9TL
recompiling module BUF_X3P5M_A9TH
recompiling module INV_X1M_A9TH
recompiling module INV_X3P5B_A9TH
recompiling module AOI222_X0P7M_A9TR
recompiling module AOI222_X1P4M_A9TL
recompiling module DFFSQ_X3M_A9TR
recompiling module DFFRPQ_X1M_A9TL
recompiling module ADDF_X1M_A9TH
recompiling module AOI22BB_X6M_A9TL
recompiling module OAI22BB_X4M_A9TL
recompiling module OAI22_X1P4M_A9TR
recompiling module AOI22_X6M_A9TL
recompiling module OAI22_X1M_A9TH
recompiling module XOR3_X1M_A9TL
recompiling module AOI31_X3M_A9TL
recompiling module ADDH_X1M_A9TR
recompiling module ADDH_X1M_A9TL
recompiling module AO21B_X3M_A9TL
recompiling module AOI21B_X3M_A9TL
recompiling module AOI2XB1_X2M_A9TL
recompiling module AO21B_X1M_A9TH
recompiling module OAI21_X3M_A9TR
recompiling module AO1B2_X2M_A9TL
recompiling module AO21_X2M_A9TL
recompiling module AOI21_X2M_A9TL
recompiling module OA1B2_X2M_A9TL
recompiling module OA21_X1P4M_A9TL
recompiling module OAI21_X1M_A9TL
recompiling module AO21_X1M_A9TH
recompiling module XNOR2_X1M_A9TR
recompiling module XOR2_X1P4M_A9TR
recompiling module NAND4_X3M_A9TL
recompiling module XNOR2_X2M_A9TL
recompiling module XOR2_X3M_A9TL
recompiling module XOR2_X1M_A9TH
recompiling module NAND2XB_X1M_A9TR
recompiling module AND3_X6M_A9TL
recompiling module NAND2B_X4M_A9TL
recompiling module NAND3_X1A_A9TL
recompiling module NAND3_X4A_A9TL
recompiling module NOR2B_X2M_A9TL
recompiling module NAND2XB_X1M_A9TH
recompiling module NAND2_X1B_A9TR
recompiling module NOR2_X2A_A9TR
recompiling module NOR2_X4M_A9TR
recompiling module OR2_X1P4M_A9TR
recompiling module NAND2_X0P5A_A9TL
recompiling module NOR2_X0P7M_A9TL
recompiling module NOR2_X2B_A9TL
recompiling module NOR2_X6A_A9TL
recompiling module OR2_X2B_A9TL
recompiling module OR2_X8B_A9TL
recompiling module NAND2_X0P5A_A9TH
recompiling module NOR2_X1A_A9TH
recompiling module OR2_X1M_A9TH
recompiling module BUFH_X3P5M_A9TR
recompiling module BUF_X1B_A9TR
recompiling module INV_X1B_A9TR
recompiling module INV_X4B_A9TR
recompiling module BUFH_X13M_A9TL
recompiling module BUFH_X3M_A9TL
recompiling module BUF_X3P5M_A9TL
recompiling module BUF_X7P5M_A9TL
recompiling module INV_X0P7M_A9TL
recompiling module INV_X16M_A9TL
recompiling module INV_X1P7M_A9TL
recompiling module INV_X3P5M_A9TL
recompiling module INV_X7P5M_A9TL
recompiling module BUF_X0P8B_A9TH
recompiling module INV_X11M_A9TH
recompiling module INV_X2P5M_A9TH
recompiling module INV_X7P5M_A9TH
recompiling module AOI222_X1M_A9TR
recompiling module AOI222_X2M_A9TL
recompiling module ADDF_X2M_A9TR
recompiling module DFFSQ_X4M_A9TR
recompiling module DFFRPQ_X2M_A9TL
recompiling module DFFRPQ_X0P5M_A9TH
recompiling module AOI22BB_X8M_A9TL
recompiling module OAI22BB_X6M_A9TL
recompiling module OAI22_X2M_A9TR
recompiling module AOI22_X8M_A9TL
recompiling module OAI22_X4M_A9TL
recompiling module AOI31_X4M_A9TL
recompiling module OAI211_X1M_A9TL
recompiling module OAI2XB1_X1M_A9TR
recompiling module ADDH_X1P4M_A9TL
recompiling module AO21B_X4M_A9TL
recompiling module AOI21B_X4M_A9TL
recompiling module AOI2XB1_X3M_A9TL
recompiling module OAI2XB1_X1M_A9TL
recompiling module AO21_X0P5M_A9TR
recompiling module OAI21_X4M_A9TR
recompiling module AO21_X3M_A9TL
recompiling module AOI21_X3M_A9TL
recompiling module OA1B2_X3M_A9TL
recompiling module OA21_X2M_A9TL
recompiling module OAI21_X1P4M_A9TL
recompiling module AOI21_X0P5M_A9TH
recompiling module NOR3BB_X2M_A9TL
recompiling module XNOR2_X1P4M_A9TR
recompiling module XOR2_X2M_A9TR
recompiling module AND4_X3M_A9TL
recompiling module NAND4_X4A_A9TL
recompiling module XNOR2_X3M_A9TL
recompiling module XOR2_X4M_A9TL
recompiling module XOR2_X1P4M_A9TH
recompiling module NAND2B_X2M_A9TR
recompiling module NOR2B_X1M_A9TR
recompiling module AND3_X0P7M_A9TL
recompiling module NAND2B_X6M_A9TL
recompiling module NAND2XB_X4M_A9TL
recompiling module NAND3_X1M_A9TL
recompiling module NAND3_X4M_A9TL
recompiling module NOR2B_X3M_A9TL
recompiling module NOR2XB_X2M_A9TL
recompiling module NOR3_X3M_A9TL
recompiling module NAND3_X0P5M_A9TH
recompiling module NAND2_X0P5A_A9TR
recompiling module NAND2_X3B_A9TR
recompiling module NOR2_X0P7M_A9TR
recompiling module NOR2_X2B_A9TR
recompiling module OR2_X2B_A9TR
recompiling module AND2_X1B_A9TL
recompiling module AND2_X4B_A9TL
recompiling module NAND2_X1P4A_A9TL
recompiling module NAND2_X3M_A9TL
recompiling module NOR2_X1A_A9TL
recompiling module NOR2_X2M_A9TL
recompiling module NOR2_X6B_A9TL
recompiling module OR2_X0P7M_A9TL
recompiling module OR2_X2M_A9TL
recompiling module OR2_X8M_A9TL
recompiling module NAND2_X0P7A_A9TH
recompiling module NOR2_X1M_A9TH
recompiling module OR2_X1P4M_A9TH
recompiling module BUFH_X1M_A9TR
recompiling module BUFH_X4M_A9TR
recompiling module BUF_X1M_A9TR
recompiling module BUF_X2M_A9TR
recompiling module BUF_X4M_A9TR
recompiling module INV_X1M_A9TR
recompiling module INV_X2M_A9TR
recompiling module INV_X4M_A9TR
recompiling module INV_X9M_A9TR
recompiling module BUFH_X3P5M_A9TL
recompiling module BUF_X2B_A9TL
recompiling module BUF_X2M_A9TH
recompiling module INV_X1B_A9TH
recompiling module INV_X3M_A9TH
recompiling module INV_X9M_A9TH
recompiling module MODP_MONTYMUL
recompiling module ADDFH_X1M_A9TR
recompiling module DFFRPQ_X4M_A9TR
recompiling module ADDFH_X2M_A9TL
recompiling module DFFSQ_X1M_A9TL
recompiling module DFFSQ_X0P5M_A9TH
recompiling module AOI22BB_X1P4M_A9TL
recompiling module OAI22BB_X1M_A9TL
recompiling module AOI22_X0P7M_A9TR
recompiling module OAI22_X6M_A9TR
recompiling module AOI22_X1P4M_A9TL
recompiling module OA22_X1M_A9TL
recompiling module OAI22_X0P7M_A9TL
recompiling module AO21A1AI2_X3M_A9TL
recompiling module XOR3_X4M_A9TL
recompiling module AOI211_X4M_A9TL
recompiling module OA211_X3M_A9TL
recompiling module OAI211_X3M_A9TL
recompiling module AO21B_X0P7M_A9TR
recompiling module AOI2XB1_X8M_A9TL
recompiling module OA21B_X6M_A9TL
recompiling module OAI21B_X4M_A9TL
recompiling module OAI2XB1_X3M_A9TL
recompiling module AOI21_X1P4M_A9TR
recompiling module OA21_X1M_A9TR
recompiling module OAI21_X0P7M_A9TR
recompiling module AOI21_X8M_A9TL
recompiling module OA1B2_X8M_A9TL
recompiling module OAI21_X4M_A9TL
recompiling module OAI21_X0P7M_A9TH
recompiling module NAND3BB_X4M_A9TL
recompiling module NOR3BB_X6M_A9TL
recompiling module XNOR2_X4M_A9TR
recompiling module XNOR2_X0P5M_A9TL
recompiling module XOR2_X0P7M_A9TL
recompiling module XNOR2_X1M_A9TH
recompiling module NAND2B_X6M_A9TR
recompiling module AND3_X1P4M_A9TL
recompiling module NAND2XB_X0P7M_A9TL
recompiling module NAND3_X2A_A9TL
recompiling module NOR2B_X8M_A9TL
recompiling module NOR2XB_X6M_A9TL
recompiling module AND2_X1P4B_A9TR
recompiling module NAND2_X0P7A_A9TR
recompiling module NAND2_X4B_A9TR
recompiling module NOR2_X1M_A9TR
recompiling module NOR2_X3B_A9TR
recompiling module AND2_X1P4M_A9TL
recompiling module NAND2_X4M_A9TL
recompiling module NOR2_X0P5B_A9TL
recompiling module NOR2_X3M_A9TL
recompiling module NOR2_X8B_A9TL
recompiling module OR2_X1B_A9TL
recompiling module OR2_X4B_A9TL
recompiling module AND2_X0P7M_A9TH
recompiling module NAND2_X2B_A9TH
recompiling module NOR2_X2M_A9TH
recompiling module BUFH_X1P7M_A9TR
recompiling module BUFH_X7P5M_A9TR
recompiling module INV_X0P6B_A9TR
recompiling module BUFH_X1P4M_A9TL
recompiling module BUFH_X6M_A9TL
recompiling module BUF_X5M_A9TL
recompiling module INV_X11M_A9TL
recompiling module INV_X2P5M_A9TL
recompiling module INV_X5M_A9TL
recompiling module BUF_X6M_A9TH
recompiling module INV_X1P4M_A9TH
recompiling module INV_X4M_A9TH
recompiling module AOI222_X2M_A9TR
recompiling module AOI222_X4M_A9TL
recompiling module AOI222_X2M_A9TH
recompiling module DFFRPQ_X2M_A9TR
recompiling module ADDFH_X1P4M_A9TL
recompiling module DFFRPQ_X4M_A9TL
recompiling module DFFRPQ_X2M_A9TH
recompiling module OAI22BB_X1P4M_A9TR
recompiling module OAI22_X4M_A9TR
recompiling module AO22_X1M_A9TL
recompiling module AOI22_X1M_A9TL
recompiling module OAI22_X0P5M_A9TL
recompiling module OAI22_X8M_A9TL
recompiling module AO21A1AI2_X2M_A9TL
recompiling module XOR3_X3M_A9TL
recompiling module CGENI_X2M_A9TL
recompiling module OAI211_X2M_A9TL
recompiling module AO21B_X0P5M_A9TR
recompiling module OAI21B_X3M_A9TR
recompiling module AOI21B_X8M_A9TL
recompiling module AOI2XB1_X6M_A9TL
recompiling module OAI21B_X3M_A9TL
recompiling module OAI2XB1_X2M_A9TL
recompiling module AO21_X1M_A9TR
recompiling module AOI21_X1M_A9TR
recompiling module AO1B2_X6M_A9TL
recompiling module AOI21_X6M_A9TL
recompiling module NAND4BB_X4M_A9TL
recompiling module OA1B2_X6M_A9TL
recompiling module OA21_X4M_A9TL
recompiling module OAI21_X3M_A9TL
recompiling module AOI21_X1M_A9TH
recompiling module NAND3BB_X3M_A9TL
recompiling module NOR3BB_X4M_A9TL
recompiling module XNOR2_X3M_A9TR
recompiling module XOR2_X0P5M_A9TL
recompiling module XNOR2_X0P7M_A9TH
recompiling module NAND2XB_X3M_A9TR
recompiling module NAND3_X1A_A9TR
recompiling module NOR2XB_X1P4M_A9TR
recompiling module NAND2XB_X8M_A9TL
recompiling module NAND3_X6M_A9TL
recompiling module NOR2B_X6M_A9TL
recompiling module NOR2XB_X4M_A9TL
recompiling module NOR2XB_X2M_A9TH
recompiling module AND2_X1M_A9TR
recompiling module AND2_X4M_A9TR
recompiling module NAND2_X1P4B_A9TR
recompiling module NOR2_X3A_A9TR
recompiling module OR2_X3B_A9TR
recompiling module AND2_X1P4B_A9TL
recompiling module AND2_X6B_A9TL
recompiling module NAND2_X0P7A_A9TL
recompiling module NOR2_X1M_A9TL
recompiling module NOR2_X3B_A9TL
recompiling module NOR2_X8A_A9TL
recompiling module OR2_X11M_A9TL
recompiling module OR2_X3M_A9TL
recompiling module AND2_X0P7B_A9TH
recompiling module NAND2_X1P4M_A9TH
recompiling module NOR2_X2B_A9TH
recompiling module BUFH_X1P4M_A9TR
recompiling module BUFH_X6M_A9TR
recompiling module BUF_X5M_A9TR
recompiling module INV_X11M_A9TR
recompiling module INV_X1P2M_A9TR
recompiling module INV_X2P5M_A9TR
recompiling module INV_X5M_A9TR
recompiling module BUFH_X1P2M_A9TL
recompiling module BUFH_X5M_A9TL
recompiling module INV_X2P5B_A9TL
recompiling module BUF_X5M_A9TH
recompiling module INV_X1P2B_A9TH
recompiling module INV_X4B_A9TH
	However, due to incremental compilation, only 571 modules need to be compiled. 
make[1]: Entering directory `/home/daniel_kuo/Falcon/hardware/modp_montymul/03_GATE/csrc' \

rm -f _cuarc*.so _csrc*.so pre_vcsobj_*.so share_vcsobj_*.so
if [ -x ../simv ]; then chmod a-x ../simv; fi
g++  -o ../simv      -rdynamic  -Wl,-rpath='$ORIGIN'/simv.daidir -Wl,-rpath=./simv.daidir \
-Wl,-rpath=/usr/cad/synopsys/vcs/2022.06/linux64/lib -L/usr/cad/synopsys/vcs/2022.06/linux64/lib \
-Wl,-rpath-link=./  /usr/lib64/libnuma.so.1   objs/a/amcQw_d.o   _32401_archive_1.so \
_32479_archive_1.so _32480_archive_1.so _32481_archive_1.so _32482_archive_1.so _32483_archive_1.so \
_32484_archive_1.so _32485_archive_1.so _prev_archive_1.so objs/udps/gSqMj.o objs/udps/AubIW.o \
objs/udps/D2wHf.o objs/udps/U7Vwg.o objs/udps/CjLsY.o objs/udps/vCfas.o objs/udps/V6gPN.o \
objs/udps/sk4QJ.o objs/udps/i2VqJ.o objs/udps/exIG1.o objs/udps/WTP7v.o  SIM_l.o \
rmapats_mop.o rmapats.o rmar.o rmar_nd.o  rmar_llvm_0_1.o rmar_llvm_0_0.o        \
-lvirsim -lerrorinf -lsnpsmalloc -lvfs /usr/cad/synopsys/verdi/2022.06/share/PLI/VCS/linux64/pli.a \
-lvcsnew -lsimprofile -luclinative /usr/cad/synopsys/vcs/2022.06/linux64/lib/vcs_tls.o \
-Wl,-whole-archive  -lvcsucli    -Wl,-no-whole-archive        _vcs_pli_stub_.o   \
/usr/cad/synopsys/vcs/2022.06/linux64/lib/vcs_save_restore_new.o /usr/cad/synopsys/verdi/2022.06//share/PLI/VCS/LINUX64/pli.a \
-ldl -lm  -lc -lpthread -ldl 
../simv up to date
make[1]: Leaving directory `/home/daniel_kuo/Falcon/hardware/modp_montymul/03_GATE/csrc' \

Command: /home/daniel_kuo/Falcon/hardware/modp_montymul/03_GATE/./simv +v2k -a vcs.log +define+GATE +define+ARM_WIDTH=0.0 +neg_tchk
Chronologic VCS simulator copyright 1991-2022
Contains Synopsys proprietary information.
Compiler version T-2022.06_Full64; Runtime version T-2022.06_Full64;  Apr 21 16:08 2026
Doing SDF annotation ...... Done

"/home/daniel_kuo/CBDK_TSMC40_Arm_f2.0/CIC/Verilog/sc9_cln40g_base_lvt_neg.v", 60416: Timing violation in TESTBED.u_MODP_MONTYMUL.mult_x_1_clk_r_REG898_S2
    $recrem( posedge SN:8504, posedge CK &&& (ENABLE_NOT_D == 1'b1):8400, limits: (59,500) );

"/home/daniel_kuo/CBDK_TSMC40_Arm_f2.0/CIC/Verilog/sc9_cln40g_base_lvt_neg.v", 60476: Timing violation in TESTBED.u_MODP_MONTYMUL.DP_OP_16J1_122_5909_clk_r_REG1177_S1
    $recrem( posedge SN:8504, posedge CK &&& (ENABLE_NOT_D == 1'b1):8400, limits: (32,500) );

"/home/daniel_kuo/CBDK_TSMC40_Arm_f2.0/CIC/Verilog/sc9_cln40g_base_lvt_neg.v", 60536: Timing violation in TESTBED.u_MODP_MONTYMUL.mult_x_1_clk_r_REG869_S2
    $recrem( posedge SN:8504, posedge CK &&& (ENABLE_NOT_D == 1'b1):8400, limits: (40,500) );

"/home/daniel_kuo/CBDK_TSMC40_Arm_f2.0/CIC/Verilog/sc9_cln40g_base_lvt_neg.v", 60596: Timing violation in TESTBED.u_MODP_MONTYMUL.mult_x_1_clk_r_REG1450_S2
    $recrem( posedge SN:8504, posedge CK &&& (ENABLE_NOT_D == 1'b1):8400, limits: (49,500) );

"/home/daniel_kuo/CBDK_TSMC40_Arm_f2.0/CIC/Verilog/sc9_cln40g_base_lvt_neg.v", 60596: Timing violation in TESTBED.u_MODP_MONTYMUL.mult_x_1_clk_r_REG1304_S2
    $recrem( posedge SN:8504, posedge CK &&& (ENABLE_NOT_D == 1'b1):8400, limits: (49,500) );

"/home/daniel_kuo/CBDK_TSMC40_Arm_f2.0/CIC/Verilog/sc9_cln40g_base_lvt_neg.v", 60536: Timing violation in TESTBED.u_MODP_MONTYMUL.DP_OP_16J1_122_5909_clk_r_REG928_S1
    $recrem( posedge SN:8504, posedge CK &&& (ENABLE_NOT_D == 1'b1):8400, limits: (40,500) );

"/home/daniel_kuo/CBDK_TSMC40_Arm_f2.0/CIC/Verilog/sc9_cln40g_base_lvt_neg.v", 60596: Timing violation in TESTBED.u_MODP_MONTYMUL.mult_x_1_clk_r_REG1683_S2
    $recrem( posedge SN:8504, posedge CK &&& (ENABLE_NOT_D == 1'b1):8400, limits: (49,500) );

"/home/daniel_kuo/CBDK_TSMC40_Arm_f2.0/CIC/Verilog/sc9_cln40g_base_lvt_neg.v", 60596: Timing violation in TESTBED.u_MODP_MONTYMUL.DP_OP_16J1_122_5909_clk_r_REG884_S1
    $recrem( posedge SN:8504, posedge CK &&& (ENABLE_NOT_D == 1'b1):8400, limits: (49,500) );

"/home/daniel_kuo/CBDK_TSMC40_Arm_f2.0/CIC/Verilog/sc9_cln40g_base_lvt_neg.v", 60596: Timing violation in TESTBED.u_MODP_MONTYMUL.DP_OP_16J1_122_5909_clk_r_REG1108_S1
    $recrem( posedge SN:8504, posedge CK &&& (ENABLE_NOT_D == 1'b1):8400, limits: (49,500) );

"/home/daniel_kuo/CBDK_TSMC40_Arm_f2.0/CIC/Verilog/sc9_cln40g_base_lvt_neg.v", 60596: Timing violation in TESTBED.u_MODP_MONTYMUL.DP_OP_16J1_122_5909_clk_r_REG1203_S1
    $recrem( posedge SN:8504, posedge CK &&& (ENABLE_NOT_D == 1'b1):8400, limits: (49,500) );

"/home/daniel_kuo/CBDK_TSMC40_Arm_f2.0/CIC/Verilog/sc9_cln40g_base_lvt_neg.v", 60596: Timing violation in TESTBED.u_MODP_MONTYMUL.mult_x_1_R_143_clk_r_REG1750_S2
    $recrem( posedge SN:8504, posedge CK &&& (ENABLE_NOT_D == 1'b1):8400, limits: (49,500) );

"/home/daniel_kuo/CBDK_TSMC40_Arm_f2.0/CIC/Verilog/sc9_cln40g_base_lvt_neg.v", 60596: Timing violation in TESTBED.u_MODP_MONTYMUL.mult_x_1_R_112_clk_r_REG1928_S2
    $recrem( posedge SN:8504, posedge CK &&& (ENABLE_NOT_D == 1'b1):8400, limits: (49,500) );

"/home/daniel_kuo/CBDK_TSMC40_Arm_f2.0/CIC/Verilog/sc9_cln40g_base_lvt_neg.v", 60596: Timing violation in TESTBED.u_MODP_MONTYMUL.DP_OP_16J1_122_5909_R_67_clk_r_REG1162_S1
    $recrem( posedge SN:8504, posedge CK &&& (ENABLE_NOT_D == 1'b1):8400, limits: (49,500) );

"/home/daniel_kuo/CBDK_TSMC40_Arm_f2.0/CIC/Verilog/sc9_cln40g_base_lvt_neg.v", 60596: Timing violation in TESTBED.u_MODP_MONTYMUL.mult_x_1_R_32_clk_r_REG2310_S2
    $recrem( posedge SN:8504, posedge CK &&& (ENABLE_NOT_D == 1'b1):8400, limits: (49,500) );

"/home/daniel_kuo/CBDK_TSMC40_Arm_f2.0/CIC/Verilog/sc9_cln40g_base_lvt_neg.v", 60596: Timing violation in TESTBED.u_MODP_MONTYMUL.mult_x_1_R_22_clk_r_REG1987_S1
    $recrem( posedge SN:8504, posedge CK &&& (ENABLE_NOT_D == 1'b1):8400, limits: (49,500) );

"/home/daniel_kuo/CBDK_TSMC40_Arm_f2.0/CIC/Verilog/sc9_cln40g_base_lvt_neg.v", 60476: Timing violation in TESTBED.u_MODP_MONTYMUL.mult_x_1_clk_r_REG1787_S1
    $recrem( posedge SN:8504, posedge CK &&& (ENABLE_NOT_D == 1'b1):8400, limits: (32,500) );

"/home/daniel_kuo/CBDK_TSMC40_Arm_f2.0/CIC/Verilog/sc9_cln40g_base_lvt_neg.v", 60476: Timing violation in TESTBED.u_MODP_MONTYMUL.DP_OP_16J1_122_5909_clk_r_REG144_S3
    $recrem( posedge SN:8504, posedge CK &&& (ENABLE_NOT_D == 1'b1):8400, limits: (32,500) );

"/home/daniel_kuo/CBDK_TSMC40_Arm_f2.0/CIC/Verilog/sc9_cln40g_base_lvt_neg.v", 60476: Timing violation in TESTBED.u_MODP_MONTYMUL.DP_OP_16J1_122_5909_clk_r_REG152_S3
    $recrem( posedge SN:8504, posedge CK &&& (ENABLE_NOT_D == 1'b1):8400, limits: (32,500) );

"/home/daniel_kuo/CBDK_TSMC40_Arm_f2.0/CIC/Verilog/sc9_cln40g_base_lvt_neg.v", 60476: Timing violation in TESTBED.u_MODP_MONTYMUL.DP_OP_16J1_122_5909_clk_r_REG1254_S1
    $recrem( posedge SN:8504, posedge CK &&& (ENABLE_NOT_D == 1'b1):8400, limits: (32,500) );

"/home/daniel_kuo/CBDK_TSMC40_Arm_f2.0/CIC/Verilog/sc9_cln40g_base_lvt_neg.v", 60476: Timing violation in TESTBED.u_MODP_MONTYMUL.mult_x_1_clk_r_REG1808_S2
    $recrem( posedge SN:8504, posedge CK &&& (ENABLE_NOT_D == 1'b1):8400, limits: (32,500) );

"/home/daniel_kuo/CBDK_TSMC40_Arm_f2.0/CIC/Verilog/sc9_cln40g_base_lvt_neg.v", 60476: Timing violation in TESTBED.u_MODP_MONTYMUL.mult_x_1_clk_r_REG1011_S2
    $recrem( posedge SN:8504, posedge CK &&& (ENABLE_NOT_D == 1'b1):8400, limits: (32,500) );

"/home/daniel_kuo/CBDK_TSMC40_Arm_f2.0/CIC/Verilog/sc9_cln40g_base_lvt_neg.v", 60476: Timing violation in TESTBED.u_MODP_MONTYMUL.mult_x_1_clk_r_REG430_S2
    $recrem( posedge SN:8504, posedge CK &&& (ENABLE_NOT_D == 1'b1):8400, limits: (32,500) );

"/home/daniel_kuo/CBDK_TSMC40_Arm_f2.0/CIC/Verilog/sc9_cln40g_base_lvt_neg.v", 60476: Timing violation in TESTBED.u_MODP_MONTYMUL.mult_x_1_clk_r_REG915_S2
    $recrem( posedge SN:8504, posedge CK &&& (ENABLE_NOT_D == 1'b1):8400, limits: (32,500) );

"/home/daniel_kuo/CBDK_TSMC40_Arm_f2.0/CIC/Verilog/sc9_cln40g_base_lvt_neg.v", 60476: Timing violation in TESTBED.u_MODP_MONTYMUL.mult_x_1_clk_r_REG1791_S2
    $recrem( posedge SN:8504, posedge CK &&& (ENABLE_NOT_D == 1'b1):8400, limits: (32,500) );

"/home/daniel_kuo/CBDK_TSMC40_Arm_f2.0/CIC/Verilog/sc9_cln40g_base_lvt_neg.v", 60476: Timing violation in TESTBED.u_MODP_MONTYMUL.mult_x_1_clk_r_REG535_S2
    $recrem( posedge SN:8504, posedge CK &&& (ENABLE_NOT_D == 1'b1):8400, limits: (32,500) );

"/home/daniel_kuo/CBDK_TSMC40_Arm_f2.0/CIC/Verilog/sc9_cln40g_base_lvt_neg.v", 60476: Timing violation in TESTBED.u_MODP_MONTYMUL.mult_x_1_clk_r_REG1927_S1
    $recrem( posedge SN:8504, posedge CK &&& (ENABLE_NOT_D == 1'b1):8400, limits: (32,500) );

"/home/daniel_kuo/CBDK_TSMC40_Arm_f2.0/CIC/Verilog/sc9_cln40g_base_lvt_neg.v", 60476: Timing violation in TESTBED.u_MODP_MONTYMUL.mult_x_1_clk_r_REG1689_S2
    $recrem( posedge SN:8504, posedge CK &&& (ENABLE_NOT_D == 1'b1):8400, limits: (32,500) );


"/home/daniel_kuo/CBDK_TSMC40_Arm_f2.0/CIC/Verilog/sc9_cln40g_base_lvt_neg.v", 60416: Timing violation in TESTBED.u_MODP_MONTYMUL.DP_OP_16J1_122_5909_clk_r_REG1568_S1
    $recrem( posedge SN:8506, posedge CK &&& (ENABLE_NOT_D == 1'b1):8400, limits: (61,500) );

"/home/daniel_kuo/CBDK_TSMC40_Arm_f2.0/CIC/Verilog/sc9_cln40g_base_lvt_neg.v", 60416: Timing violation in TESTBED.u_MODP_MONTYMUL.DP_OP_16J1_122_5909_clk_r_REG1310_S1
    $recrem( posedge SN:8506, posedge CK &&& (ENABLE_NOT_D == 1'b1):8400, limits: (61,500) );

"/home/daniel_kuo/CBDK_TSMC40_Arm_f2.0/CIC/Verilog/sc9_cln40g_base_lvt_neg.v", 60416: Timing violation in TESTBED.u_MODP_MONTYMUL.DP_OP_16J1_122_5909_clk_r_REG1399_S1
    $recrem( posedge SN:8506, posedge CK &&& (ENABLE_NOT_D == 1'b1):8400, limits: (61,500) );

"/home/daniel_kuo/CBDK_TSMC40_Arm_f2.0/CIC/Verilog/sc9_cln40g_base_rvt_neg.v", 60356: Timing violation in TESTBED.u_MODP_MONTYMUL.DP_OP_16J1_122_5909_clk_r_REG98_S1
    $recrem( posedge SN:8506, posedge CK &&& (ENABLE_NOT_D == 1'b1):8400, limits: (97,500) );

"/home/daniel_kuo/CBDK_TSMC40_Arm_f2.0/CIC/Verilog/sc9_cln40g_base_rvt_neg.v", 60356: Timing violation in TESTBED.u_MODP_MONTYMUL.DP_OP_16J1_122_5909_clk_r_REG2381_S1
    $recrem( posedge SN:8506, posedge CK &&& (ENABLE_NOT_D == 1'b1):8400, limits: (97,500) );

"/home/daniel_kuo/CBDK_TSMC40_Arm_f2.0/CIC/Verilog/sc9_cln40g_base_lvt_neg.v", 60476: Timing violation in TESTBED.u_MODP_MONTYMUL.mult_x_1_clk_r_REG2030_S1
    $recrem( posedge SN:8506, posedge CK &&& (ENABLE_NOT_D == 1'b1):8400, limits: (33,500) );

"/home/daniel_kuo/CBDK_TSMC40_Arm_f2.0/CIC/Verilog/sc9_cln40g_base_lvt_neg.v", 60536: Timing violation in TESTBED.u_MODP_MONTYMUL.mult_x_1_clk_r_REG2026_S1
    $recrem( posedge SN:8506, posedge CK &&& (ENABLE_NOT_D == 1'b1):8400, limits: (41,500) );

"/home/daniel_kuo/CBDK_TSMC40_Arm_f2.0/CIC/Verilog/sc9_cln40g_base_lvt_neg.v", 60536: Timing violation in TESTBED.u_MODP_MONTYMUL.DP_OP_16J1_122_5909_clk_r_REG1401_S1
    $recrem( posedge SN:8506, posedge CK &&& (ENABLE_NOT_D == 1'b1):8400, limits: (41,500) );

"/home/daniel_kuo/CBDK_TSMC40_Arm_f2.0/CIC/Verilog/sc9_cln40g_base_lvt_neg.v", 60596: Timing violation in TESTBED.u_MODP_MONTYMUL.mult_x_1_clk_r_REG1997_S1
    $recrem( posedge SN:8506, posedge CK &&& (ENABLE_NOT_D == 1'b1):8400, limits: (50,500) );

"/home/daniel_kuo/CBDK_TSMC40_Arm_f2.0/CIC/Verilog/sc9_cln40g_base_lvt_neg.v", 60536: Timing violation in TESTBED.u_MODP_MONTYMUL.mult_x_1_clk_r_REG1183_S2
    $recrem( posedge SN:8506, posedge CK &&& (ENABLE_NOT_D == 1'b1):8400, limits: (41,500) );

"/home/daniel_kuo/CBDK_TSMC40_Arm_f2.0/CIC/Verilog/sc9_cln40g_base_lvt_neg.v", 60596: Timing violation in TESTBED.u_MODP_MONTYMUL.mult_x_1_R_36_clk_r_REG1717_S1
    $recrem( posedge SN:8506, posedge CK &&& (ENABLE_NOT_D == 1'b1):8400, limits: (50,500) );

"/home/daniel_kuo/CBDK_TSMC40_Arm_f2.0/CIC/Verilog/sc9_cln40g_base_lvt_neg.v", 60476: Timing violation in TESTBED.u_MODP_MONTYMUL.DP_OP_16J1_122_5909_clk_r_REG1334_S1
    $recrem( posedge SN:8506, posedge CK &&& (ENABLE_NOT_D == 1'b1):8400, limits: (33,500) );

"/home/daniel_kuo/CBDK_TSMC40_Arm_f2.0/CIC/Verilog/sc9_cln40g_base_lvt_neg.v", 60476: Timing violation in TESTBED.u_MODP_MONTYMUL.mult_x_1_clk_r_REG836_S2
    $recrem( posedge SN:8506, posedge CK &&& (ENABLE_NOT_D == 1'b1):8400, limits: (33,500) );

"/home/daniel_kuo/CBDK_TSMC40_Arm_f2.0/CIC/Verilog/sc9_cln40g_base_lvt_neg.v", 60476: Timing violation in TESTBED.u_MODP_MONTYMUL.mult_x_1_clk_r_REG845_S2
    $recrem( posedge SN:8506, posedge CK &&& (ENABLE_NOT_D == 1'b1):8400, limits: (33,500) );

"/home/daniel_kuo/CBDK_TSMC40_Arm_f2.0/CIC/Verilog/sc9_cln40g_base_lvt_neg.v", 60476: Timing violation in TESTBED.u_MODP_MONTYMUL.DP_OP_16J1_122_5909_clk_r_REG1467_S1
    $recrem( posedge SN:8506, posedge CK &&& (ENABLE_NOT_D == 1'b1):8400, limits: (33,500) );

"/home/daniel_kuo/CBDK_TSMC40_Arm_f2.0/CIC/Verilog/sc9_cln40g_base_lvt_neg.v", 60476: Timing violation in TESTBED.u_MODP_MONTYMUL.DP_OP_16J1_122_5909_clk_r_REG51_S2
    $recrem( posedge SN:8506, posedge CK &&& (ENABLE_NOT_D == 1'b1):8400, limits: (33,500) );

"/home/daniel_kuo/CBDK_TSMC40_Arm_f2.0/CIC/Verilog/sc9_cln40g_base_lvt_neg.v", 60476: Timing violation in TESTBED.u_MODP_MONTYMUL.mult_x_1_clk_r_REG1931_S1
    $recrem( posedge SN:8506, posedge CK &&& (ENABLE_NOT_D == 1'b1):8400, limits: (33,500) );

"/home/daniel_kuo/CBDK_TSMC40_Arm_f2.0/CIC/Verilog/sc9_cln40g_base_lvt_neg.v", 60476: Timing violation in TESTBED.u_MODP_MONTYMUL.mult_x_1_clk_r_REG1960_S1
    $recrem( posedge SN:8506, posedge CK &&& (ENABLE_NOT_D == 1'b1):8400, limits: (33,500) );

"/home/daniel_kuo/CBDK_TSMC40_Arm_f2.0/CIC/Verilog/sc9_cln40g_base_lvt_neg.v", 60476: Timing violation in TESTBED.u_MODP_MONTYMUL.DP_OP_16J1_122_5909_clk_r_REG1564_S1
    $recrem( posedge SN:8506, posedge CK &&& (ENABLE_NOT_D == 1'b1):8400, limits: (33,500) );

"/home/daniel_kuo/CBDK_TSMC40_Arm_f2.0/CIC/Verilog/sc9_cln40g_base_lvt_neg.v", 60476: Timing violation in TESTBED.u_MODP_MONTYMUL.DP_OP_16J1_122_5909_clk_r_REG1335_S1
    $recrem( posedge SN:8506, posedge CK &&& (ENABLE_NOT_D == 1'b1):8400, limits: (33,500) );

"/home/daniel_kuo/CBDK_TSMC40_Arm_f2.0/CIC/Verilog/sc9_cln40g_base_lvt_neg.v", 60476: Timing violation in TESTBED.u_MODP_MONTYMUL.DP_OP_16J1_122_5909_clk_r_REG326_S1
    $recrem( posedge SN:8506, posedge CK &&& (ENABLE_NOT_D == 1'b1):8400, limits: (33,500) );

"/home/daniel_kuo/CBDK_TSMC40_Arm_f2.0/CIC/Verilog/sc9_cln40g_base_lvt_neg.v", 60476: Timing violation in TESTBED.u_MODP_MONTYMUL.DP_OP_16J1_122_5909_clk_r_REG1383_S1
    $recrem( posedge SN:8506, posedge CK &&& (ENABLE_NOT_D == 1'b1):8400, limits: (33,500) );

"/home/daniel_kuo/CBDK_TSMC40_Arm_f2.0/CIC/Verilog/sc9_cln40g_base_lvt_neg.v", 60476: Timing violation in TESTBED.u_MODP_MONTYMUL.DP_OP_16J1_122_5909_clk_r_REG334_S1
    $recrem( posedge SN:8506, posedge CK &&& (ENABLE_NOT_D == 1'b1):8400, limits: (33,500) );

"/home/daniel_kuo/CBDK_TSMC40_Arm_f2.0/CIC/Verilog/sc9_cln40g_base_lvt_neg.v", 60476: Timing violation in TESTBED.u_MODP_MONTYMUL.DP_OP_16J1_122_5909_clk_r_REG310_S1
    $recrem( posedge SN:8506, posedge CK &&& (ENABLE_NOT_D == 1'b1):8400, limits: (33,500) );

"/home/daniel_kuo/CBDK_TSMC40_Arm_f2.0/CIC/Verilog/sc9_cln40g_base_lvt_neg.v", 60476: Timing violation in TESTBED.u_MODP_MONTYMUL.DP_OP_16J1_122_5909_clk_r_REG1593_S1
    $recrem( posedge SN:8506, posedge CK &&& (ENABLE_NOT_D == 1'b1):8400, limits: (33,500) );

"/home/daniel_kuo/CBDK_TSMC40_Arm_f2.0/CIC/Verilog/sc9_cln40g_base_lvt_neg.v", 60476: Timing violation in TESTBED.u_MODP_MONTYMUL.mult_x_1_clk_r_REG938_S2
    $recrem( posedge SN:8506, posedge CK &&& (ENABLE_NOT_D == 1'b1):8400, limits: (33,500) );

"/home/daniel_kuo/CBDK_TSMC40_Arm_f2.0/CIC/Verilog/sc9_cln40g_base_lvt_neg.v", 60476: Timing violation in TESTBED.u_MODP_MONTYMUL.mult_x_1_clk_r_REG1719_S1
    $recrem( posedge SN:8506, posedge CK &&& (ENABLE_NOT_D == 1'b1):8400, limits: (33,500) );

"/home/daniel_kuo/CBDK_TSMC40_Arm_f2.0/CIC/Verilog/sc9_cln40g_base_lvt_neg.v", 60476: Timing violation in TESTBED.u_MODP_MONTYMUL.mult_x_1_clk_r_REG1826_S1
    $recrem( posedge SN:8506, posedge CK &&& (ENABLE_NOT_D == 1'b1):8400, limits: (33,500) );

"/home/daniel_kuo/CBDK_TSMC40_Arm_f2.0/CIC/Verilog/sc9_cln40g_base_lvt_neg.v", 60476: Timing violation in TESTBED.u_MODP_MONTYMUL.mult_x_1_clk_r_REG2039_S1
    $recrem( posedge SN:8506, posedge CK &&& (ENABLE_NOT_D == 1'b1):8400, limits: (33,500) );

"/home/daniel_kuo/CBDK_TSMC40_Arm_f2.0/CIC/Verilog/sc9_cln40g_base_lvt_neg.v", 60476: Timing violation in TESTBED.u_MODP_MONTYMUL.mult_x_1_clk_r_REG1179_S2
    $recrem( posedge SN:8506, posedge CK &&& (ENABLE_NOT_D == 1'b1):8400, limits: (33,500) );

"/home/daniel_kuo/CBDK_TSMC40_Arm_f2.0/CIC/Verilog/sc9_cln40g_base_lvt_neg.v", 60476: Timing violation in TESTBED.u_MODP_MONTYMUL.DP_OP_16J1_122_5909_clk_r_REG1561_S1
    $recrem( posedge SN:8506, posedge CK &&& (ENABLE_NOT_D == 1'b1):8400, limits: (33,500) );

"/home/daniel_kuo/CBDK_TSMC40_Arm_f2.0/CIC/Verilog/sc9_cln40g_base_lvt_neg.v", 60476: Timing violation in TESTBED.u_MODP_MONTYMUL.DP_OP_16J1_122_5909_clk_r_REG1512_S1
    $recrem( posedge SN:8506, posedge CK &&& (ENABLE_NOT_D == 1'b1):8400, limits: (33,500) );

"/home/daniel_kuo/CBDK_TSMC40_Arm_f2.0/CIC/Verilog/sc9_cln40g_base_lvt_neg.v", 60476: Timing violation in TESTBED.u_MODP_MONTYMUL.DP_OP_16J1_122_5909_clk_r_REG1501_S1
    $recrem( posedge SN:8506, posedge CK &&& (ENABLE_NOT_D == 1'b1):8400, limits: (33,500) );

"/home/daniel_kuo/CBDK_TSMC40_Arm_f2.0/CIC/Verilog/sc9_cln40g_base_lvt_neg.v", 60476: Timing violation in TESTBED.u_MODP_MONTYMUL.DP_OP_16J1_122_5909_clk_r_REG1576_S1
    $recrem( posedge SN:8506, posedge CK &&& (ENABLE_NOT_D == 1'b1):8400, limits: (33,500) );

"/home/daniel_kuo/CBDK_TSMC40_Arm_f2.0/CIC/Verilog/sc9_cln40g_base_lvt_neg.v", 60476: Timing violation in TESTBED.u_MODP_MONTYMUL.DP_OP_16J1_122_5909_clk_r_REG1577_S1
    $recrem( posedge SN:8506, posedge CK &&& (ENABLE_NOT_D == 1'b1):8400, limits: (33,500) );

"/home/daniel_kuo/CBDK_TSMC40_Arm_f2.0/CIC/Verilog/sc9_cln40g_base_lvt_neg.v", 60476: Timing violation in TESTBED.u_MODP_MONTYMUL.DP_OP_16J1_122_5909_clk_r_REG1384_S1
    $recrem( posedge SN:8506, posedge CK &&& (ENABLE_NOT_D == 1'b1):8400, limits: (33,500) );


"/home/daniel_kuo/CBDK_TSMC40_Arm_f2.0/CIC/Verilog/sc9_cln40g_base_lvt_neg.v", 60476: Timing violation in TESTBED.u_MODP_MONTYMUL.mult_x_1_clk_r_REG593_S2
    $recrem( posedge SN:8516, posedge CK &&& (ENABLE_NOT_D == 1'b1):8400, limits: (35,500) );

"/home/daniel_kuo/CBDK_TSMC40_Arm_f2.0/CIC/Verilog/sc9_cln40g_base_lvt_neg.v", 60476: Timing violation in TESTBED.u_MODP_MONTYMUL.DP_OP_16J1_122_5909_clk_r_REG1586_S1
    $recrem( posedge SN:8516, posedge CK &&& (ENABLE_NOT_D == 1'b1):8400, limits: (35,500) );

"/home/daniel_kuo/CBDK_TSMC40_Arm_f2.0/CIC/Verilog/sc9_cln40g_base_lvt_neg.v", 60416: Timing violation in TESTBED.u_MODP_MONTYMUL.DP_OP_16J1_122_5909_clk_r_REG1071_S1
    $recrem( posedge SN:8516, posedge CK &&& (ENABLE_NOT_D == 1'b1):8400, limits: (64,500) );

"/home/daniel_kuo/CBDK_TSMC40_Arm_f2.0/CIC/Verilog/sc9_cln40g_base_lvt_neg.v", 60536: Timing violation in TESTBED.u_MODP_MONTYMUL.mult_x_1_clk_r_REG710_S2
    $recrem( posedge SN:8516, posedge CK &&& (ENABLE_NOT_D == 1'b1):8400, limits: (44,500) );

"/home/daniel_kuo/CBDK_TSMC40_Arm_f2.0/CIC/Verilog/sc9_cln40g_base_lvt_neg.v", 60596: Timing violation in TESTBED.u_MODP_MONTYMUL.mult_x_1_R_136_clk_r_REG1663_S2
    $recrem( posedge SN:8516, posedge CK &&& (ENABLE_NOT_D == 1'b1):8400, limits: (53,500) );

"/home/daniel_kuo/CBDK_TSMC40_Arm_f2.0/CIC/Verilog/sc9_cln40g_base_lvt_neg.v", 60476: Timing violation in TESTBED.u_MODP_MONTYMUL.DP_OP_16J1_122_5909_clk_r_REG2373_S1
    $recrem( posedge SN:8516, posedge CK &&& (ENABLE_NOT_D == 1'b1):8400, limits: (35,500) );

"/home/daniel_kuo/CBDK_TSMC40_Arm_f2.0/CIC/Verilog/sc9_cln40g_base_lvt_neg.v", 60476: Timing violation in TESTBED.u_MODP_MONTYMUL.DP_OP_16J1_122_5909_clk_r_REG794_S1
    $recrem( posedge SN:8516, posedge CK &&& (ENABLE_NOT_D == 1'b1):8400, limits: (35,500) );

"/home/daniel_kuo/CBDK_TSMC40_Arm_f2.0/CIC/Verilog/sc9_cln40g_base_lvt_neg.v", 60476: Timing violation in TESTBED.u_MODP_MONTYMUL.DP_OP_16J1_122_5909_clk_r_REG1021_S1
    $recrem( posedge SN:8516, posedge CK &&& (ENABLE_NOT_D == 1'b1):8400, limits: (35,500) );

"/home/daniel_kuo/CBDK_TSMC40_Arm_f2.0/CIC/Verilog/sc9_cln40g_base_lvt_neg.v", 60476: Timing violation in TESTBED.u_MODP_MONTYMUL.mult_x_1_clk_r_REG810_S2
    $recrem( posedge SN:8516, posedge CK &&& (ENABLE_NOT_D == 1'b1):8400, limits: (35,500) );

"/home/daniel_kuo/CBDK_TSMC40_Arm_f2.0/CIC/Verilog/sc9_cln40g_base_lvt_neg.v", 60476: Timing violation in TESTBED.u_MODP_MONTYMUL.DP_OP_16J1_122_5909_clk_r_REG84_S1
    $recrem( posedge SN:8516, posedge CK &&& (ENABLE_NOT_D == 1'b1):8400, limits: (35,500) );

"/home/daniel_kuo/CBDK_TSMC40_Arm_f2.0/CIC/Verilog/sc9_cln40g_base_lvt_neg.v", 60476: Timing violation in TESTBED.u_MODP_MONTYMUL.DP_OP_16J1_122_5909_clk_r_REG130_S1
    $recrem( posedge SN:8516, posedge CK &&& (ENABLE_NOT_D == 1'b1):8400, limits: (35,500) );

"/home/daniel_kuo/CBDK_TSMC40_Arm_f2.0/CIC/Verilog/sc9_cln40g_base_lvt_neg.v", 60476: Timing violation in TESTBED.u_MODP_MONTYMUL.mult_x_1_clk_r_REG731_S2
    $recrem( posedge SN:8516, posedge CK &&& (ENABLE_NOT_D == 1'b1):8400, limits: (35,500) );

"/home/daniel_kuo/CBDK_TSMC40_Arm_f2.0/CIC/Verilog/sc9_cln40g_base_lvt_neg.v", 60476: Timing violation in TESTBED.u_MODP_MONTYMUL.mult_x_1_clk_r_REG894_S2
    $recrem( posedge SN:8516, posedge CK &&& (ENABLE_NOT_D == 1'b1):8400, limits: (35,500) );

"/home/daniel_kuo/CBDK_TSMC40_Arm_f2.0/CIC/Verilog/sc9_cln40g_base_lvt_neg.v", 60476: Timing violation in TESTBED.u_MODP_MONTYMUL.mult_x_1_clk_r_REG889_S2
    $recrem( posedge SN:8516, posedge CK &&& (ENABLE_NOT_D == 1'b1):8400, limits: (35,500) );

"/home/daniel_kuo/CBDK_TSMC40_Arm_f2.0/CIC/Verilog/sc9_cln40g_base_lvt_neg.v", 60476: Timing violation in TESTBED.u_MODP_MONTYMUL.mult_x_1_clk_r_REG750_S2
    $recrem( posedge SN:8516, posedge CK &&& (ENABLE_NOT_D == 1'b1):8400, limits: (35,500) );

"/home/daniel_kuo/CBDK_TSMC40_Arm_f2.0/CIC/Verilog/sc9_cln40g_base_lvt_neg.v", 60476: Timing violation in TESTBED.u_MODP_MONTYMUL.DP_OP_16J1_122_5909_clk_r_REG1407_S1
    $recrem( posedge SN:8516, posedge CK &&& (ENABLE_NOT_D == 1'b1):8400, limits: (35,500) );

"/home/daniel_kuo/CBDK_TSMC40_Arm_f2.0/CIC/Verilog/sc9_cln40g_base_lvt_neg.v", 60476: Timing violation in TESTBED.u_MODP_MONTYMUL.mult_x_1_clk_r_REG936_S2
    $recrem( posedge SN:8516, posedge CK &&& (ENABLE_NOT_D == 1'b1):8400, limits: (35,500) );

"/home/daniel_kuo/CBDK_TSMC40_Arm_f2.0/CIC/Verilog/sc9_cln40g_base_lvt_neg.v", 60476: Timing violation in TESTBED.u_MODP_MONTYMUL.DP_OP_16J1_122_5909_clk_r_REG1627_S1
    $recrem( posedge SN:8516, posedge CK &&& (ENABLE_NOT_D == 1'b1):8400, limits: (35,500) );

"/home/daniel_kuo/CBDK_TSMC40_Arm_f2.0/CIC/Verilog/sc9_cln40g_base_lvt_neg.v", 60476: Timing violation in TESTBED.u_MODP_MONTYMUL.DP_OP_16J1_122_5909_clk_r_REG1626_S1
    $recrem( posedge SN:8516, posedge CK &&& (ENABLE_NOT_D == 1'b1):8400, limits: (35,500) );

"/home/daniel_kuo/CBDK_TSMC40_Arm_f2.0/CIC/Verilog/sc9_cln40g_base_lvt_neg.v", 60476: Timing violation in TESTBED.u_MODP_MONTYMUL.DP_OP_16J1_122_5909_clk_r_REG1630_S1
    $recrem( posedge SN:8516, posedge CK &&& (ENABLE_NOT_D == 1'b1):8400, limits: (35,500) );

"/home/daniel_kuo/CBDK_TSMC40_Arm_f2.0/CIC/Verilog/sc9_cln40g_base_lvt_neg.v", 60476: Timing violation in TESTBED.u_MODP_MONTYMUL.DP_OP_16J1_122_5909_clk_r_REG1167_S1
    $recrem( posedge SN:8516, posedge CK &&& (ENABLE_NOT_D == 1'b1):8400, limits: (35,500) );

"/home/daniel_kuo/CBDK_TSMC40_Arm_f2.0/CIC/Verilog/sc9_cln40g_base_lvt_neg.v", 60476: Timing violation in TESTBED.u_MODP_MONTYMUL.DP_OP_16J1_122_5909_clk_r_REG1381_S1
    $recrem( posedge SN:8516, posedge CK &&& (ENABLE_NOT_D == 1'b1):8400, limits: (35,500) );

"/home/daniel_kuo/CBDK_TSMC40_Arm_f2.0/CIC/Verilog/sc9_cln40g_base_lvt_neg.v", 60476: Timing violation in TESTBED.u_MODP_MONTYMUL.DP_OP_16J1_122_5909_clk_r_REG477_S3
    $recrem( posedge SN:8516, posedge CK &&& (ENABLE_NOT_D == 1'b1):8400, limits: (35,500) );

"/home/daniel_kuo/CBDK_TSMC40_Arm_f2.0/CIC/Verilog/sc9_cln40g_base_lvt_neg.v", 60476: Timing violation in TESTBED.u_MODP_MONTYMUL.DP_OP_16J1_122_5909_clk_r_REG481_S1
    $recrem( posedge SN:8516, posedge CK &&& (ENABLE_NOT_D == 1'b1):8400, limits: (35,500) );

"/home/daniel_kuo/CBDK_TSMC40_Arm_f2.0/CIC/Verilog/sc9_cln40g_base_lvt_neg.v", 60476: Timing violation in TESTBED.u_MODP_MONTYMUL.DP_OP_16J1_122_5909_clk_r_REG472_S1
    $recrem( posedge SN:8516, posedge CK &&& (ENABLE_NOT_D == 1'b1):8400, limits: (35,500) );

"/home/daniel_kuo/CBDK_TSMC40_Arm_f2.0/CIC/Verilog/sc9_cln40g_base_lvt_neg.v", 60476: Timing violation in TESTBED.u_MODP_MONTYMUL.DP_OP_16J1_122_5909_clk_r_REG2370_S1
    $recrem( posedge SN:8516, posedge CK &&& (ENABLE_NOT_D == 1'b1):8400, limits: (35,500) );


"/home/daniel_kuo/CBDK_TSMC40_Arm_f2.0/CIC/Verilog/sc9_cln40g_base_lvt_neg.v", 60536: Timing violation in TESTBED.u_MODP_MONTYMUL.DP_OP_16J1_122_5909_clk_r_REG1584_S1
    $recrem( posedge SN:8541, posedge CK &&& (ENABLE_NOT_D == 1'b1):8400, limits: (50,500) );

"/home/daniel_kuo/CBDK_TSMC40_Arm_f2.0/CIC/Verilog/sc9_cln40g_base_lvt_neg.v", 60596: Timing violation in TESTBED.u_MODP_MONTYMUL.mult_x_1_clk_r_REG591_S2
    $recrem( posedge SN:8541, posedge CK &&& (ENABLE_NOT_D == 1'b1):8400, limits: (60,500) );

"/home/daniel_kuo/CBDK_TSMC40_Arm_f2.0/CIC/Verilog/sc9_cln40g_base_lvt_neg.v", 60536: Timing violation in TESTBED.u_MODP_MONTYMUL.DP_OP_16J1_122_5909_clk_r_REG1618_S1
    $recrem( posedge SN:8541, posedge CK &&& (ENABLE_NOT_D == 1'b1):8400, limits: (50,500) );

"/home/daniel_kuo/CBDK_TSMC40_Arm_f2.0/CIC/Verilog/sc9_cln40g_base_lvt_neg.v", 60476: Timing violation in TESTBED.u_MODP_MONTYMUL.mult_x_1_clk_r_REG1232_S2
    $recrem( posedge SN:8541, posedge CK &&& (ENABLE_NOT_D == 1'b1):8400, limits: (41,500) );

"/home/daniel_kuo/CBDK_TSMC40_Arm_f2.0/CIC/Verilog/sc9_cln40g_base_lvt_neg.v", 60476: Timing violation in TESTBED.u_MODP_MONTYMUL.DP_OP_16J1_122_5909_clk_r_REG1553_S1
    $recrem( posedge SN:8541, posedge CK &&& (ENABLE_NOT_D == 1'b1):8400, limits: (41,500) );

"/home/daniel_kuo/CBDK_TSMC40_Arm_f2.0/CIC/Verilog/sc9_cln40g_base_lvt_neg.v", 60476: Timing violation in TESTBED.u_MODP_MONTYMUL.mult_x_1_clk_r_REG987_S2
    $recrem( posedge SN:8541, posedge CK &&& (ENABLE_NOT_D == 1'b1):8400, limits: (41,500) );

"/home/daniel_kuo/CBDK_TSMC40_Arm_f2.0/CIC/Verilog/sc9_cln40g_base_lvt_neg.v", 60476: Timing violation in TESTBED.u_MODP_MONTYMUL.DP_OP_16J1_122_5909_clk_r_REG1599_S1
    $recrem( posedge SN:8541, posedge CK &&& (ENABLE_NOT_D == 1'b1):8400, limits: (41,500) );

"/home/daniel_kuo/CBDK_TSMC40_Arm_f2.0/CIC/Verilog/sc9_cln40g_base_lvt_neg.v", 60476: Timing violation in TESTBED.u_MODP_MONTYMUL.DP_OP_16J1_122_5909_clk_r_REG717_S1
    $recrem( posedge SN:8541, posedge CK &&& (ENABLE_NOT_D == 1'b1):8400, limits: (41,500) );

"/home/daniel_kuo/CBDK_TSMC40_Arm_f2.0/CIC/Verilog/sc9_cln40g_base_lvt_neg.v", 60476: Timing violation in TESTBED.u_MODP_MONTYMUL.DP_OP_16J1_122_5909_clk_r_REG1468_S1
    $recrem( posedge SN:8541, posedge CK &&& (ENABLE_NOT_D == 1'b1):8400, limits: (41,500) );

"/home/daniel_kuo/CBDK_TSMC40_Arm_f2.0/CIC/Verilog/sc9_cln40g_base_lvt_neg.v", 60476: Timing violation in TESTBED.u_MODP_MONTYMUL.DP_OP_16J1_122_5909_clk_r_REG113_S3
    $recrem( posedge SN:8541, posedge CK &&& (ENABLE_NOT_D == 1'b1):8400, limits: (41,500) );

"/home/daniel_kuo/CBDK_TSMC40_Arm_f2.0/CIC/Verilog/sc9_cln40g_base_lvt_neg.v", 60476: Timing violation in TESTBED.u_MODP_MONTYMUL.mult_x_1_clk_r_REG948_S2
    $recrem( posedge SN:8541, posedge CK &&& (ENABLE_NOT_D == 1'b1):8400, limits: (41,500) );

"/home/daniel_kuo/CBDK_TSMC40_Arm_f2.0/CIC/Verilog/sc9_cln40g_base_lvt_neg.v", 60476: Timing violation in TESTBED.u_MODP_MONTYMUL.mult_x_1_clk_r_REG984_S2
    $recrem( posedge SN:8541, posedge CK &&& (ENABLE_NOT_D == 1'b1):8400, limits: (41,500) );

"/home/daniel_kuo/CBDK_TSMC40_Arm_f2.0/CIC/Verilog/sc9_cln40g_base_lvt_neg.v", 60476: Timing violation in TESTBED.u_MODP_MONTYMUL.mult_x_1_clk_r_REG1134_S2
    $recrem( posedge SN:8541, posedge CK &&& (ENABLE_NOT_D == 1'b1):8400, limits: (41,500) );

"/home/daniel_kuo/CBDK_TSMC40_Arm_f2.0/CIC/Verilog/sc9_cln40g_base_lvt_neg.v", 60476: Timing violation in TESTBED.u_MODP_MONTYMUL.mult_x_1_clk_r_REG1044_S2
    $recrem( posedge SN:8541, posedge CK &&& (ENABLE_NOT_D == 1'b1):8400, limits: (41,500) );

"/home/daniel_kuo/CBDK_TSMC40_Arm_f2.0/CIC/Verilog/sc9_cln40g_base_lvt_neg.v", 60476: Timing violation in TESTBED.u_MODP_MONTYMUL.mult_x_1_clk_r_REG1151_S2
    $recrem( posedge SN:8541, posedge CK &&& (ENABLE_NOT_D == 1'b1):8400, limits: (41,500) );

"/home/daniel_kuo/CBDK_TSMC40_Arm_f2.0/CIC/Verilog/sc9_cln40g_base_lvt_neg.v", 60476: Timing violation in TESTBED.u_MODP_MONTYMUL.DP_OP_16J1_122_5909_clk_r_REG681_S1
    $recrem( posedge SN:8541, posedge CK &&& (ENABLE_NOT_D == 1'b1):8400, limits: (41,500) );

"/home/daniel_kuo/CBDK_TSMC40_Arm_f2.0/CIC/Verilog/sc9_cln40g_base_lvt_neg.v", 60476: Timing violation in TESTBED.u_MODP_MONTYMUL.DP_OP_16J1_122_5909_clk_r_REG313_S3
    $recrem( posedge SN:8541, posedge CK &&& (ENABLE_NOT_D == 1'b1):8400, limits: (41,500) );

"/home/daniel_kuo/CBDK_TSMC40_Arm_f2.0/CIC/Verilog/sc9_cln40g_base_lvt_neg.v", 60476: Timing violation in TESTBED.u_MODP_MONTYMUL.DP_OP_16J1_122_5909_clk_r_REG1428_S1
    $recrem( posedge SN:8541, posedge CK &&& (ENABLE_NOT_D == 1'b1):8400, limits: (41,500) );

"/home/daniel_kuo/CBDK_TSMC40_Arm_f2.0/CIC/Verilog/sc9_cln40g_base_lvt_neg.v", 60476: Timing violation in TESTBED.u_MODP_MONTYMUL.DP_OP_16J1_122_5909_clk_r_REG473_S1
    $recrem( posedge SN:8541, posedge CK &&& (ENABLE_NOT_D == 1'b1):8400, limits: (41,500) );

"/home/daniel_kuo/CBDK_TSMC40_Arm_f2.0/CIC/Verilog/sc9_cln40g_base_lvt_neg.v", 60476: Timing violation in TESTBED.u_MODP_MONTYMUL.DP_OP_16J1_122_5909_clk_r_REG1386_S1
    $recrem( posedge SN:8541, posedge CK &&& (ENABLE_NOT_D == 1'b1):8400, limits: (41,500) );

"/home/daniel_kuo/CBDK_TSMC40_Arm_f2.0/CIC/Verilog/sc9_cln40g_base_lvt_neg.v", 60476: Timing violation in TESTBED.u_MODP_MONTYMUL.DP_OP_16J1_122_5909_clk_r_REG482_S1
    $recrem( posedge SN:8541, posedge CK &&& (ENABLE_NOT_D == 1'b1):8400, limits: (41,500) );

"/home/daniel_kuo/CBDK_TSMC40_Arm_f2.0/CIC/Verilog/sc9_cln40g_base_lvt_neg.v", 60476: Timing violation in TESTBED.u_MODP_MONTYMUL.DP_OP_16J1_122_5909_clk_r_REG218_S3
    $recrem( posedge SN:8541, posedge CK &&& (ENABLE_NOT_D == 1'b1):8400, limits: (41,500) );

"/home/daniel_kuo/CBDK_TSMC40_Arm_f2.0/CIC/Verilog/sc9_cln40g_base_lvt_neg.v", 60476: Timing violation in TESTBED.u_MODP_MONTYMUL.DP_OP_16J1_122_5909_clk_r_REG339_S3
    $recrem( posedge SN:8541, posedge CK &&& (ENABLE_NOT_D == 1'b1):8400, limits: (41,500) );

"/home/daniel_kuo/CBDK_TSMC40_Arm_f2.0/CIC/Verilog/sc9_cln40g_base_lvt_neg.v", 60476: Timing violation in TESTBED.u_MODP_MONTYMUL.DP_OP_16J1_122_5909_clk_r_REG180_S3
    $recrem( posedge SN:8541, posedge CK &&& (ENABLE_NOT_D == 1'b1):8400, limits: (41,500) );

"/home/daniel_kuo/CBDK_TSMC40_Arm_f2.0/CIC/Verilog/sc9_cln40g_base_lvt_neg.v", 60476: Timing violation in TESTBED.u_MODP_MONTYMUL.DP_OP_16J1_122_5909_clk_r_REG331_S3
    $recrem( posedge SN:8541, posedge CK &&& (ENABLE_NOT_D == 1'b1):8400, limits: (41,500) );

"/home/daniel_kuo/CBDK_TSMC40_Arm_f2.0/CIC/Verilog/sc9_cln40g_base_lvt_neg.v", 60476: Timing violation in TESTBED.u_MODP_MONTYMUL.DP_OP_16J1_122_5909_clk_r_REG468_S3
    $recrem( posedge SN:8541, posedge CK &&& (ENABLE_NOT_D == 1'b1):8400, limits: (41,500) );


"/home/daniel_kuo/CBDK_TSMC40_Arm_f2.0/CIC/Verilog/sc9_cln40g_base_lvt_neg.v", 60476: Timing violation in TESTBED.u_MODP_MONTYMUL.DP_OP_16J1_122_5909_clk_r_REG716_S1
    $recrem( posedge SN:8547, posedge CK &&& (ENABLE_NOT_D == 1'b1):8400, limits: (42,500) );

"/home/daniel_kuo/CBDK_TSMC40_Arm_f2.0/CIC/Verilog/sc9_cln40g_base_lvt_neg.v", 60416: Timing violation in TESTBED.u_MODP_MONTYMUL.DP_OP_16J1_122_5909_clk_r_REG1321_S1
    $recrem( posedge SN:8547, posedge CK &&& (ENABLE_NOT_D == 1'b1):8400, limits: (74,500) );

"/home/daniel_kuo/CBDK_TSMC40_Arm_f2.0/CIC/Verilog/sc9_cln40g_base_lvt_neg.v", 60596: Timing violation in TESTBED.u_MODP_MONTYMUL.DP_OP_16J1_122_5909_clk_r_REG1562_S1
    $recrem( posedge SN:8547, posedge CK &&& (ENABLE_NOT_D == 1'b1):8400, limits: (62,500) );

"/home/daniel_kuo/CBDK_TSMC40_Arm_f2.0/CIC/Verilog/sc9_cln40g_base_lvt_neg.v", 60596: Timing violation in TESTBED.u_MODP_MONTYMUL.DP_OP_16J1_122_5909_clk_r_REG1464_S1
    $recrem( posedge SN:8547, posedge CK &&& (ENABLE_NOT_D == 1'b1):8400, limits: (62,500) );

"/home/daniel_kuo/CBDK_TSMC40_Arm_f2.0/CIC/Verilog/sc9_cln40g_base_lvt_neg.v", 60596: Timing violation in TESTBED.u_MODP_MONTYMUL.mult_x_1_clk_r_REG1793_S1
    $recrem( posedge SN:8547, posedge CK &&& (ENABLE_NOT_D == 1'b1):8400, limits: (62,500) );

"/home/daniel_kuo/CBDK_TSMC40_Arm_f2.0/CIC/Verilog/sc9_cln40g_base_lvt_neg.v", 60596: Timing violation in TESTBED.u_MODP_MONTYMUL.DP_OP_16J1_122_5909_clk_r_REG1592_S1
    $recrem( posedge SN:8547, posedge CK &&& (ENABLE_NOT_D == 1'b1):8400, limits: (62,500) );

"/home/daniel_kuo/CBDK_TSMC40_Arm_f2.0/CIC/Verilog/sc9_cln40g_base_lvt_neg.v", 60596: Timing violation in TESTBED.u_MODP_MONTYMUL.mult_x_1_R_111_clk_r_REG1688_S2
    $recrem( posedge SN:8547, posedge CK &&& (ENABLE_NOT_D == 1'b1):8400, limits: (62,500) );

"/home/daniel_kuo/CBDK_TSMC40_Arm_f2.0/CIC/Verilog/sc9_cln40g_base_lvt_neg.v", 60476: Timing violation in TESTBED.u_MODP_MONTYMUL.DP_OP_16J1_122_5909_clk_r_REG101_S3
    $recrem( posedge SN:8547, posedge CK &&& (ENABLE_NOT_D == 1'b1):8400, limits: (42,500) );

"/home/daniel_kuo/CBDK_TSMC40_Arm_f2.0/CIC/Verilog/sc9_cln40g_base_lvt_neg.v", 60476: Timing violation in TESTBED.u_MODP_MONTYMUL.DP_OP_16J1_122_5909_clk_r_REG1316_S1
    $recrem( posedge SN:8547, posedge CK &&& (ENABLE_NOT_D == 1'b1):8400, limits: (42,500) );

"/home/daniel_kuo/CBDK_TSMC40_Arm_f2.0/CIC/Verilog/sc9_cln40g_base_lvt_neg.v", 60476: Timing violation in TESTBED.u_MODP_MONTYMUL.DP_OP_16J1_122_5909_clk_r_REG1371_S1
    $recrem( posedge SN:8547, posedge CK &&& (ENABLE_NOT_D == 1'b1):8400, limits: (42,500) );

"/home/daniel_kuo/CBDK_TSMC40_Arm_f2.0/CIC/Verilog/sc9_cln40g_base_lvt_neg.v", 60476: Timing violation in TESTBED.u_MODP_MONTYMUL.mult_x_1_clk_r_REG1063_S2
    $recrem( posedge SN:8547, posedge CK &&& (ENABLE_NOT_D == 1'b1):8400, limits: (42,500) );

"/home/daniel_kuo/CBDK_TSMC40_Arm_f2.0/CIC/Verilog/sc9_cln40g_base_lvt_neg.v", 60476: Timing violation in TESTBED.u_MODP_MONTYMUL.mult_x_1_clk_r_REG789_S2
    $recrem( posedge SN:8547, posedge CK &&& (ENABLE_NOT_D == 1'b1):8400, limits: (42,500) );

"/home/daniel_kuo/CBDK_TSMC40_Arm_f2.0/CIC/Verilog/sc9_cln40g_base_lvt_neg.v", 60476: Timing violation in TESTBED.u_MODP_MONTYMUL.mult_x_1_clk_r_REG1017_S2
    $recrem( posedge SN:8547, posedge CK &&& (ENABLE_NOT_D == 1'b1):8400, limits: (42,500) );

"/home/daniel_kuo/CBDK_TSMC40_Arm_f2.0/CIC/Verilog/sc9_cln40g_base_lvt_neg.v", 60476: Timing violation in TESTBED.u_MODP_MONTYMUL.mult_x_1_clk_r_REG973_S2
    $recrem( posedge SN:8547, posedge CK &&& (ENABLE_NOT_D == 1'b1):8400, limits: (42,500) );

"/home/daniel_kuo/CBDK_TSMC40_Arm_f2.0/CIC/Verilog/sc9_cln40g_base_lvt_neg.v", 60476: Timing violation in TESTBED.u_MODP_MONTYMUL.clk_r_REG515_S3
    $recrem( posedge SN:8547, posedge CK &&& (ENABLE_NOT_D == 1'b1):8400, limits: (42,500) );

"/home/daniel_kuo/CBDK_TSMC40_Arm_f2.0/CIC/Verilog/sc9_cln40g_base_lvt_neg.v", 60476: Timing violation in TESTBED.u_MODP_MONTYMUL.clk_r_REG507_S3
    $recrem( posedge SN:8547, posedge CK &&& (ENABLE_NOT_D == 1'b1):8400, limits: (42,500) );

"/home/daniel_kuo/CBDK_TSMC40_Arm_f2.0/CIC/Verilog/sc9_cln40g_base_lvt_neg.v", 60476: Timing violation in TESTBED.u_MODP_MONTYMUL.mult_x_1_clk_r_REG533_S2
    $recrem( posedge SN:8547, posedge CK &&& (ENABLE_NOT_D == 1'b1):8400, limits: (42,500) );

"/home/daniel_kuo/CBDK_TSMC40_Arm_f2.0/CIC/Verilog/sc9_cln40g_base_lvt_neg.v", 60476: Timing violation in TESTBED.u_MODP_MONTYMUL.mult_x_1_clk_r_REG579_S2
    $recrem( posedge SN:8547, posedge CK &&& (ENABLE_NOT_D == 1'b1):8400, limits: (42,500) );

"/home/daniel_kuo/CBDK_TSMC40_Arm_f2.0/CIC/Verilog/sc9_cln40g_base_lvt_neg.v", 60476: Timing violation in TESTBED.u_MODP_MONTYMUL.mult_x_1_clk_r_REG1763_S2
    $recrem( posedge SN:8547, posedge CK &&& (ENABLE_NOT_D == 1'b1):8400, limits: (42,500) );

"/home/daniel_kuo/CBDK_TSMC40_Arm_f2.0/CIC/Verilog/sc9_cln40g_base_lvt_neg.v", 60476: Timing violation in TESTBED.u_MODP_MONTYMUL.mult_x_1_clk_r_REG1724_S1
    $recrem( posedge SN:8547, posedge CK &&& (ENABLE_NOT_D == 1'b1):8400, limits: (42,500) );

"/home/daniel_kuo/CBDK_TSMC40_Arm_f2.0/CIC/Verilog/sc9_cln40g_base_lvt_neg.v", 60476: Timing violation in TESTBED.u_MODP_MONTYMUL.mult_x_1_clk_r_REG1807_S1
    $recrem( posedge SN:8547, posedge CK &&& (ENABLE_NOT_D == 1'b1):8400, limits: (42,500) );

"/home/daniel_kuo/CBDK_TSMC40_Arm_f2.0/CIC/Verilog/sc9_cln40g_base_lvt_neg.v", 60476: Timing violation in TESTBED.u_MODP_MONTYMUL.mult_x_1_clk_r_REG963_S2
    $recrem( posedge SN:8547, posedge CK &&& (ENABLE_NOT_D == 1'b1):8400, limits: (42,500) );

"/home/daniel_kuo/CBDK_TSMC40_Arm_f2.0/CIC/Verilog/sc9_cln40g_base_lvt_neg.v", 60476: Timing violation in TESTBED.u_MODP_MONTYMUL.DP_OP_16J1_122_5909_clk_r_REG6_S3
    $recrem( posedge SN:8547, posedge CK &&& (ENABLE_NOT_D == 1'b1):8400, limits: (42,500) );

"/home/daniel_kuo/CBDK_TSMC40_Arm_f2.0/CIC/Verilog/sc9_cln40g_base_lvt_neg.v", 60476: Timing violation in TESTBED.u_MODP_MONTYMUL.DP_OP_16J1_122_5909_clk_r_REG2382_S1
    $recrem( posedge SN:8547, posedge CK &&& (ENABLE_NOT_D == 1'b1):8400, limits: (42,500) );

"/home/daniel_kuo/CBDK_TSMC40_Arm_f2.0/CIC/Verilog/sc9_cln40g_base_lvt_neg.v", 60476: Timing violation in TESTBED.u_MODP_MONTYMUL.DP_OP_16J1_122_5909_clk_r_REG2377_S1
    $recrem( posedge SN:8547, posedge CK &&& (ENABLE_NOT_D == 1'b1):8400, limits: (42,500) );

"/home/daniel_kuo/CBDK_TSMC40_Arm_f2.0/CIC/Verilog/sc9_cln40g_base_lvt_neg.v", 60476: Timing violation in TESTBED.u_MODP_MONTYMUL.DP_OP_16J1_122_5909_clk_r_REG451_S3
    $recrem( posedge SN:8547, posedge CK &&& (ENABLE_NOT_D == 1'b1):8400, limits: (42,500) );

"/home/daniel_kuo/CBDK_TSMC40_Arm_f2.0/CIC/Verilog/sc9_cln40g_base_lvt_neg.v", 60476: Timing violation in TESTBED.u_MODP_MONTYMUL.DP_OP_16J1_122_5909_clk_r_REG2359_S1
    $recrem( posedge SN:8547, posedge CK &&& (ENABLE_NOT_D == 1'b1):8400, limits: (42,500) );


"/home/daniel_kuo/CBDK_TSMC40_Arm_f2.0/CIC/Verilog/sc9_cln40g_base_rvt_neg.v", 60416: Timing violation in TESTBED.u_MODP_MONTYMUL.DP_OP_16J1_122_5909_clk_r_REG1520_S1
    $recrem( posedge SN:8707, posedge CK &&& (ENABLE_NOT_D == 1'b1):8400, limits: (83,500) );

"/home/daniel_kuo/CBDK_TSMC40_Arm_f2.0/CIC/Verilog/sc9_cln40g_base_rvt_neg.v", 60416: Timing violation in TESTBED.u_MODP_MONTYMUL.DP_OP_16J1_122_5909_clk_r_REG1431_S2
    $recrem( posedge SN:8707, posedge CK &&& (ENABLE_NOT_D == 1'b1):8400, limits: (83,500) );

"/home/daniel_kuo/CBDK_TSMC40_Arm_f2.0/CIC/Verilog/sc9_cln40g_base_rvt_neg.v", 60416: Timing violation in TESTBED.u_MODP_MONTYMUL.DP_OP_16J1_122_5909_clk_r_REG183_S1
    $recrem( posedge SN:8707, posedge CK &&& (ENABLE_NOT_D == 1'b1):8400, limits: (83,500) );

"/home/daniel_kuo/CBDK_TSMC40_Arm_f2.0/CIC/Verilog/sc9_cln40g_base_lvt_neg.v", 60476: Timing violation in TESTBED.u_MODP_MONTYMUL.mult_x_1_clk_r_REG926_S2
    $recrem( posedge SN:8707, posedge CK &&& (ENABLE_NOT_D == 1'b1):8400, limits: (31,500) );

"/home/daniel_kuo/CBDK_TSMC40_Arm_f2.0/CIC/Verilog/sc9_cln40g_base_lvt_neg.v", 60416: Timing violation in TESTBED.u_MODP_MONTYMUL.DP_OP_16J1_122_5909_clk_r_REG126_S1
    $recrem( posedge SN:8707, posedge CK &&& (ENABLE_NOT_D == 1'b1):8400, limits: (58,500) );

"/home/daniel_kuo/CBDK_TSMC40_Arm_f2.0/CIC/Verilog/sc9_cln40g_base_lvt_neg.v", 60476: Timing violation in TESTBED.u_MODP_MONTYMUL.mult_x_1_clk_r_REG1182_S2
    $recrem( posedge SN:8707, posedge CK &&& (ENABLE_NOT_D == 1'b1):8400, limits: (31,500) );

"/home/daniel_kuo/CBDK_TSMC40_Arm_f2.0/CIC/Verilog/sc9_cln40g_base_lvt_neg.v", 60596: Timing violation in TESTBED.u_MODP_MONTYMUL.DP_OP_16J1_122_5909_clk_r_REG1578_S1
    $recrem( posedge SN:8707, posedge CK &&& (ENABLE_NOT_D == 1'b1):8400, limits: (47,500) );

"/home/daniel_kuo/CBDK_TSMC40_Arm_f2.0/CIC/Verilog/sc9_cln40g_base_lvt_neg.v", 60476: Timing violation in TESTBED.u_MODP_MONTYMUL.mult_x_1_clk_r_REG781_S2
    $recrem( posedge SN:8707, posedge CK &&& (ENABLE_NOT_D == 1'b1):8400, limits: (31,500) );

"/home/daniel_kuo/CBDK_TSMC40_Arm_f2.0/CIC/Verilog/sc9_cln40g_base_lvt_neg.v", 60596: Timing violation in TESTBED.u_MODP_MONTYMUL.DP_OP_16J1_122_5909_clk_r_REG1424_S1
    $recrem( posedge SN:8707, posedge CK &&& (ENABLE_NOT_D == 1'b1):8400, limits: (47,500) );

"/home/daniel_kuo/CBDK_TSMC40_Arm_f2.0/CIC/Verilog/sc9_cln40g_base_lvt_neg.v", 60596: Timing violation in TESTBED.u_MODP_MONTYMUL.mult_x_1_R_61_clk_r_REG1828_S2
    $recrem( posedge SN:8707, posedge CK &&& (ENABLE_NOT_D == 1'b1):8400, limits: (47,500) );

"/home/daniel_kuo/CBDK_TSMC40_Arm_f2.0/CIC/Verilog/sc9_cln40g_base_lvt_neg.v", 60476: Timing violation in TESTBED.u_MODP_MONTYMUL.DP_OP_16J1_122_5909_clk_r_REG347_S3
    $recrem( posedge SN:8707, posedge CK &&& (ENABLE_NOT_D == 1'b1):8400, limits: (31,500) );

"/home/daniel_kuo/CBDK_TSMC40_Arm_f2.0/CIC/Verilog/sc9_cln40g_base_lvt_neg.v", 60476: Timing violation in TESTBED.u_MODP_MONTYMUL.DP_OP_16J1_122_5909_clk_r_REG1157_S1
    $recrem( posedge SN:8707, posedge CK &&& (ENABLE_NOT_D == 1'b1):8400, limits: (31,500) );

"/home/daniel_kuo/CBDK_TSMC40_Arm_f2.0/CIC/Verilog/sc9_cln40g_base_lvt_neg.v", 60476: Timing violation in TESTBED.u_MODP_MONTYMUL.DP_OP_16J1_122_5909_clk_r_REG1161_S1
    $recrem( posedge SN:8707, posedge CK &&& (ENABLE_NOT_D == 1'b1):8400, limits: (31,500) );

"/home/daniel_kuo/CBDK_TSMC40_Arm_f2.0/CIC/Verilog/sc9_cln40g_base_lvt_neg.v", 60476: Timing violation in TESTBED.u_MODP_MONTYMUL.DP_OP_16J1_122_5909_clk_r_REG1343_S1
    $recrem( posedge SN:8707, posedge CK &&& (ENABLE_NOT_D == 1'b1):8400, limits: (31,500) );

"/home/daniel_kuo/CBDK_TSMC40_Arm_f2.0/CIC/Verilog/sc9_cln40g_base_lvt_neg.v", 60476: Timing violation in TESTBED.u_MODP_MONTYMUL.DP_OP_16J1_122_5909_clk_r_REG1326_S1
    $recrem( posedge SN:8707, posedge CK &&& (ENABLE_NOT_D == 1'b1):8400, limits: (31,500) );

"/home/daniel_kuo/CBDK_TSMC40_Arm_f2.0/CIC/Verilog/sc9_cln40g_base_lvt_neg.v", 60476: Timing violation in TESTBED.u_MODP_MONTYMUL.DP_OP_16J1_122_5909_clk_r_REG1474_S1
    $recrem( posedge SN:8707, posedge CK &&& (ENABLE_NOT_D == 1'b1):8400, limits: (31,500) );

"/home/daniel_kuo/CBDK_TSMC40_Arm_f2.0/CIC/Verilog/sc9_cln40g_base_lvt_neg.v", 60476: Timing violation in TESTBED.u_MODP_MONTYMUL.DP_OP_16J1_122_5909_clk_r_REG1490_S1
    $recrem( posedge SN:8707, posedge CK &&& (ENABLE_NOT_D == 1'b1):8400, limits: (31,500) );

"/home/daniel_kuo/CBDK_TSMC40_Arm_f2.0/CIC/Verilog/sc9_cln40g_base_lvt_neg.v", 60476: Timing violation in TESTBED.u_MODP_MONTYMUL.mult_x_1_clk_r_REG2203_S1
    $recrem( posedge SN:8707, posedge CK &&& (ENABLE_NOT_D == 1'b1):8400, limits: (31,500) );

"/home/daniel_kuo/CBDK_TSMC40_Arm_f2.0/CIC/Verilog/sc9_cln40g_base_rvt_neg.v", 60476: Timing violation in TESTBED.u_MODP_MONTYMUL.mult_x_1_clk_r_REG970_S2
    $recrem( posedge SN:8707, posedge CK &&& (ENABLE_NOT_D == 1'b1):8400, limits: (41,500) );

"/home/daniel_kuo/CBDK_TSMC40_Arm_f2.0/CIC/Verilog/sc9_cln40g_base_rvt_neg.v", 60476: Timing violation in TESTBED.u_MODP_MONTYMUL.mult_x_1_clk_r_REG1052_S2
    $recrem( posedge SN:8707, posedge CK &&& (ENABLE_NOT_D == 1'b1):8400, limits: (41,500) );

"/home/daniel_kuo/CBDK_TSMC40_Arm_f2.0/CIC/Verilog/sc9_cln40g_base_rvt_neg.v", 60476: Timing violation in TESTBED.u_MODP_MONTYMUL.DP_OP_16J1_122_5909_clk_r_REG1198_S1
    $recrem( posedge SN:8707, posedge CK &&& (ENABLE_NOT_D == 1'b1):8400, limits: (41,500) );

"/home/daniel_kuo/CBDK_TSMC40_Arm_f2.0/CIC/Verilog/sc9_cln40g_base_rvt_neg.v", 60476: Timing violation in TESTBED.u_MODP_MONTYMUL.DP_OP_16J1_122_5909_clk_r_REG1194_S1
    $recrem( posedge SN:8707, posedge CK &&& (ENABLE_NOT_D == 1'b1):8400, limits: (41,500) );

"/home/daniel_kuo/CBDK_TSMC40_Arm_f2.0/CIC/Verilog/sc9_cln40g_base_rvt_neg.v", 60476: Timing violation in TESTBED.u_MODP_MONTYMUL.DP_OP_16J1_122_5909_clk_r_REG1219_S1
    $recrem( posedge SN:8707, posedge CK &&& (ENABLE_NOT_D == 1'b1):8400, limits: (41,500) );

"/home/daniel_kuo/CBDK_TSMC40_Arm_f2.0/CIC/Verilog/sc9_cln40g_base_rvt_neg.v", 60476: Timing violation in TESTBED.u_MODP_MONTYMUL.DP_OP_16J1_122_5909_clk_r_REG1266_S1
    $recrem( posedge SN:8707, posedge CK &&& (ENABLE_NOT_D == 1'b1):8400, limits: (41,500) );

"/home/daniel_kuo/CBDK_TSMC40_Arm_f2.0/CIC/Verilog/sc9_cln40g_base_rvt_neg.v", 60476: Timing violation in TESTBED.u_MODP_MONTYMUL.DP_OP_16J1_122_5909_clk_r_REG1249_S1
    $recrem( posedge SN:8707, posedge CK &&& (ENABLE_NOT_D == 1'b1):8400, limits: (41,500) );

"/home/daniel_kuo/CBDK_TSMC40_Arm_f2.0/CIC/Verilog/sc9_cln40g_base_lvt_neg.v", 60476: Timing violation in TESTBED.u_MODP_MONTYMUL.DP_OP_16J1_122_5909_clk_r_REG1518_S1
    $recrem( posedge SN:8707, posedge CK &&& (ENABLE_NOT_D == 1'b1):8400, limits: (31,500) );

"/home/daniel_kuo/CBDK_TSMC40_Arm_f2.0/CIC/Verilog/sc9_cln40g_base_lvt_neg.v", 60476: Timing violation in TESTBED.u_MODP_MONTYMUL.DP_OP_16J1_122_5909_clk_r_REG1341_S1
    $recrem( posedge SN:8707, posedge CK &&& (ENABLE_NOT_D == 1'b1):8400, limits: (31,500) );

"/home/daniel_kuo/CBDK_TSMC40_Arm_f2.0/CIC/Verilog/sc9_cln40g_base_lvt_neg.v", 60476: Timing violation in TESTBED.u_MODP_MONTYMUL.DP_OP_16J1_122_5909_clk_r_REG1368_S1
    $recrem( posedge SN:8707, posedge CK &&& (ENABLE_NOT_D == 1'b1):8400, limits: (31,500) );

"/home/daniel_kuo/CBDK_TSMC40_Arm_f2.0/CIC/Verilog/sc9_cln40g_base_rvt_neg.v", 60476: Timing violation in TESTBED.u_MODP_MONTYMUL.DP_OP_16J1_122_5909_clk_r_REG1603_S1
    $recrem( posedge SN:8707, posedge CK &&& (ENABLE_NOT_D == 1'b1):8400, limits: (41,500) );


"/home/daniel_kuo/CBDK_TSMC40_Arm_f2.0/CIC/Verilog/sc9_cln40g_base_rvt_neg.v", 60356: Timing violation in TESTBED.u_MODP_MONTYMUL.DP_OP_16J1_122_5909_clk_r_REG1379_S1
    $recrem( posedge SN:8708, posedge CK &&& (ENABLE_NOT_D == 1'b1):8400, limits: (94,500) );

"/home/daniel_kuo/CBDK_TSMC40_Arm_f2.0/CIC/Verilog/sc9_cln40g_base_rvt_neg.v", 60416: Timing violation in TESTBED.u_MODP_MONTYMUL.mult_x_1_clk_r_REG777_S2
    $recrem( posedge SN:8708, posedge CK &&& (ENABLE_NOT_D == 1'b1):8400, limits: (83,500) );

"/home/daniel_kuo/CBDK_TSMC40_Arm_f2.0/CIC/Verilog/sc9_cln40g_base_lvt_neg.v", 60476: Timing violation in TESTBED.u_MODP_MONTYMUL.mult_x_1_clk_r_REG1292_S2
    $recrem( posedge SN:8708, posedge CK &&& (ENABLE_NOT_D == 1'b1):8400, limits: (31,500) );

"/home/daniel_kuo/CBDK_TSMC40_Arm_f2.0/CIC/Verilog/sc9_cln40g_base_lvt_neg.v", 60536: Timing violation in TESTBED.u_MODP_MONTYMUL.DP_OP_16J1_122_5909_clk_r_REG1611_S2
    $recrem( posedge SN:8708, posedge CK &&& (ENABLE_NOT_D == 1'b1):8400, limits: (39,500) );

"/home/daniel_kuo/CBDK_TSMC40_Arm_f2.0/CIC/Verilog/sc9_cln40g_base_lvt_neg.v", 60476: Timing violation in TESTBED.u_MODP_MONTYMUL.mult_x_1_clk_r_REG1301_S2
    $recrem( posedge SN:8708, posedge CK &&& (ENABLE_NOT_D == 1'b1):8400, limits: (31,500) );

"/home/daniel_kuo/CBDK_TSMC40_Arm_f2.0/CIC/Verilog/sc9_cln40g_base_lvt_neg.v", 60416: Timing violation in TESTBED.u_MODP_MONTYMUL.DP_OP_16J1_122_5909_clk_r_REG88_S1
    $recrem( posedge SN:8708, posedge CK &&& (ENABLE_NOT_D == 1'b1):8400, limits: (58,500) );

"/home/daniel_kuo/CBDK_TSMC40_Arm_f2.0/CIC/Verilog/sc9_cln40g_base_lvt_neg.v", 60476: Timing violation in TESTBED.u_MODP_MONTYMUL.DP_OP_16J1_122_5909_clk_r_REG1327_S1
    $recrem( posedge SN:8708, posedge CK &&& (ENABLE_NOT_D == 1'b1):8400, limits: (31,500) );

"/home/daniel_kuo/CBDK_TSMC40_Arm_f2.0/CIC/Verilog/sc9_cln40g_base_lvt_neg.v", 60596: Timing violation in TESTBED.u_MODP_MONTYMUL.DP_OP_16J1_122_5909_clk_r_REG500_S1
    $recrem( posedge SN:8708, posedge CK &&& (ENABLE_NOT_D == 1'b1):8400, limits: (48,500) );

"/home/daniel_kuo/CBDK_TSMC40_Arm_f2.0/CIC/Verilog/sc9_cln40g_base_lvt_neg.v", 60596: Timing violation in TESTBED.u_MODP_MONTYMUL.mult_x_1_R_19_clk_r_REG1853_S1
    $recrem( posedge SN:8708, posedge CK &&& (ENABLE_NOT_D == 1'b1):8400, limits: (48,500) );

"/home/daniel_kuo/CBDK_TSMC40_Arm_f2.0/CIC/Verilog/sc9_cln40g_base_rvt_neg.v", 60476: Timing violation in TESTBED.u_MODP_MONTYMUL.DP_OP_16J1_122_5909_clk_r_REG281_S3
    $recrem( posedge SN:8708, posedge CK &&& (ENABLE_NOT_D == 1'b1):8400, limits: (41,500) );

"/home/daniel_kuo/CBDK_TSMC40_Arm_f2.0/CIC/Verilog/sc9_cln40g_base_rvt_neg.v", 60476: Timing violation in TESTBED.u_MODP_MONTYMUL.DP_OP_16J1_122_5909_clk_r_REG275_S3
    $recrem( posedge SN:8708, posedge CK &&& (ENABLE_NOT_D == 1'b1):8400, limits: (41,500) );

"/home/daniel_kuo/CBDK_TSMC40_Arm_f2.0/CIC/Verilog/sc9_cln40g_base_lvt_neg.v", 60476: Timing violation in TESTBED.u_MODP_MONTYMUL.DP_OP_16J1_122_5909_clk_r_REG1159_S1
    $recrem( posedge SN:8708, posedge CK &&& (ENABLE_NOT_D == 1'b1):8400, limits: (31,500) );

"/home/daniel_kuo/CBDK_TSMC40_Arm_f2.0/CIC/Verilog/sc9_cln40g_base_lvt_neg.v", 60476: Timing violation in TESTBED.u_MODP_MONTYMUL.DP_OP_16J1_122_5909_clk_r_REG1347_S1
    $recrem( posedge SN:8708, posedge CK &&& (ENABLE_NOT_D == 1'b1):8400, limits: (31,500) );

"/home/daniel_kuo/CBDK_TSMC40_Arm_f2.0/CIC/Verilog/sc9_cln40g_base_lvt_neg.v", 60476: Timing violation in TESTBED.u_MODP_MONTYMUL.DP_OP_16J1_122_5909_clk_r_REG1418_S1
    $recrem( posedge SN:8708, posedge CK &&& (ENABLE_NOT_D == 1'b1):8400, limits: (31,500) );

"/home/daniel_kuo/CBDK_TSMC40_Arm_f2.0/CIC/Verilog/sc9_cln40g_base_lvt_neg.v", 60476: Timing violation in TESTBED.u_MODP_MONTYMUL.DP_OP_16J1_122_5909_clk_r_REG1477_S1
    $recrem( posedge SN:8708, posedge CK &&& (ENABLE_NOT_D == 1'b1):8400, limits: (31,500) );

"/home/daniel_kuo/CBDK_TSMC40_Arm_f2.0/CIC/Verilog/sc9_cln40g_base_rvt_neg.v", 60476: Timing violation in TESTBED.u_MODP_MONTYMUL.mult_x_1_clk_r_REG865_S2
    $recrem( posedge SN:8708, posedge CK &&& (ENABLE_NOT_D == 1'b1):8400, limits: (41,500) );

"/home/daniel_kuo/CBDK_TSMC40_Arm_f2.0/CIC/Verilog/sc9_cln40g_base_lvt_neg.v", 60476: Timing violation in TESTBED.u_MODP_MONTYMUL.mult_x_1_clk_r_REG2160_S1
    $recrem( posedge SN:8708, posedge CK &&& (ENABLE_NOT_D == 1'b1):8400, limits: (31,500) );

"/home/daniel_kuo/CBDK_TSMC40_Arm_f2.0/CIC/Verilog/sc9_cln40g_base_lvt_neg.v", 60476: Timing violation in TESTBED.u_MODP_MONTYMUL.mult_x_1_clk_r_REG1037_S2
    $recrem( posedge SN:8708, posedge CK &&& (ENABLE_NOT_D == 1'b1):8400, limits: (31,500) );

"/home/daniel_kuo/CBDK_TSMC40_Arm_f2.0/CIC/Verilog/sc9_cln40g_base_rvt_neg.v", 60476: Timing violation in TESTBED.u_MODP_MONTYMUL.DP_OP_16J1_122_5909_clk_r_REG2345_S1
    $recrem( posedge SN:8708, posedge CK &&& (ENABLE_NOT_D == 1'b1):8400, limits: (41,500) );

"/home/daniel_kuo/CBDK_TSMC40_Arm_f2.0/CIC/Verilog/sc9_cln40g_base_rvt_neg.v", 60476: Timing violation in TESTBED.u_MODP_MONTYMUL.DP_OP_16J1_122_5909_clk_r_REG1199_S1
    $recrem( posedge SN:8708, posedge CK &&& (ENABLE_NOT_D == 1'b1):8400, limits: (41,500) );

"/home/daniel_kuo/CBDK_TSMC40_Arm_f2.0/CIC/Verilog/sc9_cln40g_base_rvt_neg.v", 60476: Timing violation in TESTBED.u_MODP_MONTYMUL.DP_OP_16J1_122_5909_clk_r_REG1205_S1
    $recrem( posedge SN:8708, posedge CK &&& (ENABLE_NOT_D == 1'b1):8400, limits: (41,500) );

"/home/daniel_kuo/CBDK_TSMC40_Arm_f2.0/CIC/Verilog/sc9_cln40g_base_rvt_neg.v", 60476: Timing violation in TESTBED.u_MODP_MONTYMUL.DP_OP_16J1_122_5909_clk_r_REG1218_S1
    $recrem( posedge SN:8708, posedge CK &&& (ENABLE_NOT_D == 1'b1):8400, limits: (41,500) );

"/home/daniel_kuo/CBDK_TSMC40_Arm_f2.0/CIC/Verilog/sc9_cln40g_base_rvt_neg.v", 60476: Timing violation in TESTBED.u_MODP_MONTYMUL.DP_OP_16J1_122_5909_clk_r_REG1269_S1
    $recrem( posedge SN:8708, posedge CK &&& (ENABLE_NOT_D == 1'b1):8400, limits: (41,500) );

"/home/daniel_kuo/CBDK_TSMC40_Arm_f2.0/CIC/Verilog/sc9_cln40g_base_rvt_neg.v", 60476: Timing violation in TESTBED.u_MODP_MONTYMUL.DP_OP_16J1_122_5909_clk_r_REG1250_S1
    $recrem( posedge SN:8708, posedge CK &&& (ENABLE_NOT_D == 1'b1):8400, limits: (41,500) );

"/home/daniel_kuo/CBDK_TSMC40_Arm_f2.0/CIC/Verilog/sc9_cln40g_base_rvt_neg.v", 60476: Timing violation in TESTBED.u_MODP_MONTYMUL.DP_OP_16J1_122_5909_clk_r_REG1273_S1
    $recrem( posedge SN:8708, posedge CK &&& (ENABLE_NOT_D == 1'b1):8400, limits: (41,500) );

"/home/daniel_kuo/CBDK_TSMC40_Arm_f2.0/CIC/Verilog/sc9_cln40g_base_rvt_neg.v", 60476: Timing violation in TESTBED.u_MODP_MONTYMUL.DP_OP_16J1_122_5909_clk_r_REG1402_S1
    $recrem( posedge SN:8708, posedge CK &&& (ENABLE_NOT_D == 1'b1):8400, limits: (41,500) );

"/home/daniel_kuo/CBDK_TSMC40_Arm_f2.0/CIC/Verilog/sc9_cln40g_base_lvt_neg.v", 60476: Timing violation in TESTBED.u_MODP_MONTYMUL.DP_OP_16J1_122_5909_clk_r_REG1544_S1
    $recrem( posedge SN:8708, posedge CK &&& (ENABLE_NOT_D == 1'b1):8400, limits: (31,500) );

"/home/daniel_kuo/CBDK_TSMC40_Arm_f2.0/CIC/Verilog/sc9_cln40g_base_rvt_neg.v", 60476: Timing violation in TESTBED.u_MODP_MONTYMUL.DP_OP_16J1_122_5909_clk_r_REG1308_S1
    $recrem( posedge SN:8708, posedge CK &&& (ENABLE_NOT_D == 1'b1):8400, limits: (41,500) );

"/home/daniel_kuo/CBDK_TSMC40_Arm_f2.0/CIC/Verilog/sc9_cln40g_base_rvt_neg.v", 60476: Timing violation in TESTBED.u_MODP_MONTYMUL.DP_OP_16J1_122_5909_clk_r_REG1425_S1
    $recrem( posedge SN:8708, posedge CK &&& (ENABLE_NOT_D == 1'b1):8400, limits: (41,500) );

"/home/daniel_kuo/CBDK_TSMC40_Arm_f2.0/CIC/Verilog/sc9_cln40g_base_rvt_neg.v", 60476: Timing violation in TESTBED.u_MODP_MONTYMUL.DP_OP_16J1_122_5909_clk_r_REG291_S3
    $recrem( posedge SN:8708, posedge CK &&& (ENABLE_NOT_D == 1'b1):8400, limits: (41,500) );

"/home/daniel_kuo/CBDK_TSMC40_Arm_f2.0/CIC/Verilog/sc9_cln40g_base_lvt_neg.v", 60476: Timing violation in TESTBED.u_MODP_MONTYMUL.DP_OP_16J1_122_5909_clk_r_REG1480_S1
    $recrem( posedge SN:8708, posedge CK &&& (ENABLE_NOT_D == 1'b1):8400, limits: (31,500) );

"/home/daniel_kuo/CBDK_TSMC40_Arm_f2.0/CIC/Verilog/sc9_cln40g_base_lvt_neg.v", 60476: Timing violation in TESTBED.u_MODP_MONTYMUL.DP_OP_16J1_122_5909_clk_r_REG1397_S1
    $recrem( posedge SN:8708, posedge CK &&& (ENABLE_NOT_D == 1'b1):8400, limits: (31,500) );

"/home/daniel_kuo/CBDK_TSMC40_Arm_f2.0/CIC/Verilog/sc9_cln40g_base_lvt_neg.v", 60476: Timing violation in TESTBED.u_MODP_MONTYMUL.DP_OP_16J1_122_5909_clk_r_REG355_S3
    $recrem( posedge SN:8708, posedge CK &&& (ENABLE_NOT_D == 1'b1):8400, limits: (31,500) );


"/home/daniel_kuo/CBDK_TSMC40_Arm_f2.0/CIC/Verilog/sc9_cln40g_base_rvt_neg.v", 60476: Timing violation in TESTBED.u_MODP_MONTYMUL.DP_OP_16J1_122_5909_clk_r_REG1539_S1
    $recrem( posedge SN:8722, posedge CK &&& (ENABLE_NOT_D == 1'b1):8400, limits: (43,500) );

"/home/daniel_kuo/CBDK_TSMC40_Arm_f2.0/CIC/Verilog/sc9_cln40g_base_rvt_neg.v", 60476: Timing violation in TESTBED.u_MODP_MONTYMUL.DP_OP_16J1_122_5909_clk_r_REG1581_S1
    $recrem( posedge SN:8722, posedge CK &&& (ENABLE_NOT_D == 1'b1):8400, limits: (43,500) );

"/home/daniel_kuo/CBDK_TSMC40_Arm_f2.0/CIC/Verilog/sc9_cln40g_base_lvt_neg.v", 60416: Timing violation in TESTBED.u_MODP_MONTYMUL.DP_OP_16J1_122_5909_clk_r_REG1476_S1
    $recrem( posedge SN:8722, posedge CK &&& (ENABLE_NOT_D == 1'b1):8400, limits: (60,500) );

"/home/daniel_kuo/CBDK_TSMC40_Arm_f2.0/CIC/Verilog/sc9_cln40g_base_lvt_neg.v", 60476: Timing violation in TESTBED.u_MODP_MONTYMUL.DP_OP_16J1_122_5909_clk_r_REG1587_S1
    $recrem( posedge SN:8722, posedge CK &&& (ENABLE_NOT_D == 1'b1):8400, limits: (32,500) );

"/home/daniel_kuo/CBDK_TSMC40_Arm_f2.0/CIC/Verilog/sc9_cln40g_base_lvt_neg.v", 60416: Timing violation in TESTBED.u_MODP_MONTYMUL.DP_OP_16J1_122_5909_clk_r_REG1511_S1
    $recrem( posedge SN:8722, posedge CK &&& (ENABLE_NOT_D == 1'b1):8400, limits: (60,500) );

"/home/daniel_kuo/CBDK_TSMC40_Arm_f2.0/CIC/Verilog/sc9_cln40g_base_lvt_neg.v", 60416: Timing violation in TESTBED.u_MODP_MONTYMUL.DP_OP_16J1_122_5909_clk_r_REG1465_S1
    $recrem( posedge SN:8722, posedge CK &&& (ENABLE_NOT_D == 1'b1):8400, limits: (60,500) );

"/home/daniel_kuo/CBDK_TSMC40_Arm_f2.0/CIC/Verilog/sc9_cln40g_base_lvt_neg.v", 60476: Timing violation in TESTBED.u_MODP_MONTYMUL.DP_OP_16J1_122_5909_clk_r_REG1435_S1
    $recrem( posedge SN:8722, posedge CK &&& (ENABLE_NOT_D == 1'b1):8400, limits: (32,500) );

"/home/daniel_kuo/CBDK_TSMC40_Arm_f2.0/CIC/Verilog/sc9_cln40g_base_lvt_neg.v", 60476: Timing violation in TESTBED.u_MODP_MONTYMUL.DP_OP_16J1_122_5909_clk_r_REG1164_S1
    $recrem( posedge SN:8722, posedge CK &&& (ENABLE_NOT_D == 1'b1):8400, limits: (32,500) );

"/home/daniel_kuo/CBDK_TSMC40_Arm_f2.0/CIC/Verilog/sc9_cln40g_base_lvt_neg.v", 60476: Timing violation in TESTBED.u_MODP_MONTYMUL.DP_OP_16J1_122_5909_clk_r_REG176_S1
    $recrem( posedge SN:8722, posedge CK &&& (ENABLE_NOT_D == 1'b1):8400, limits: (32,500) );

"/home/daniel_kuo/CBDK_TSMC40_Arm_f2.0/CIC/Verilog/sc9_cln40g_base_lvt_neg.v", 60476: Timing violation in TESTBED.u_MODP_MONTYMUL.DP_OP_16J1_122_5909_clk_r_REG1575_S1
    $recrem( posedge SN:8722, posedge CK &&& (ENABLE_NOT_D == 1'b1):8400, limits: (32,500) );

"/home/daniel_kuo/CBDK_TSMC40_Arm_f2.0/CIC/Verilog/sc9_cln40g_base_lvt_neg.v", 60596: Timing violation in TESTBED.u_MODP_MONTYMUL.mult_x_1_R_21_clk_r_REG1951_S1
    $recrem( posedge SN:8722, posedge CK &&& (ENABLE_NOT_D == 1'b1):8400, limits: (49,500) );

"/home/daniel_kuo/CBDK_TSMC40_Arm_f2.0/CIC/Verilog/sc9_cln40g_base_lvt_neg.v", 60416: Timing violation in TESTBED.u_MODP_MONTYMUL.DP_OP_16J1_122_5909_clk_r_REG1565_S1
    $recrem( posedge SN:8722, posedge CK &&& (ENABLE_NOT_D == 1'b1):8400, limits: (60,500) );

"/home/daniel_kuo/CBDK_TSMC40_Arm_f2.0/CIC/Verilog/sc9_cln40g_base_lvt_neg.v", 60416: Timing violation in TESTBED.u_MODP_MONTYMUL.DP_OP_16J1_122_5909_clk_r_REG169_S1
    $recrem( posedge SN:8722, posedge CK &&& (ENABLE_NOT_D == 1'b1):8400, limits: (60,500) );

"/home/daniel_kuo/CBDK_TSMC40_Arm_f2.0/CIC/Verilog/sc9_cln40g_base_lvt_neg.v", 60416: Timing violation in TESTBED.u_MODP_MONTYMUL.DP_OP_16J1_122_5909_clk_r_REG154_S1
    $recrem( posedge SN:8722, posedge CK &&& (ENABLE_NOT_D == 1'b1):8400, limits: (60,500) );

"/home/daniel_kuo/CBDK_TSMC40_Arm_f2.0/CIC/Verilog/sc9_cln40g_base_lvt_neg.v", 60416: Timing violation in TESTBED.u_MODP_MONTYMUL.DP_OP_16J1_122_5909_clk_r_REG1547_S1
    $recrem( posedge SN:8722, posedge CK &&& (ENABLE_NOT_D == 1'b1):8400, limits: (60,500) );

"/home/daniel_kuo/CBDK_TSMC40_Arm_f2.0/CIC/Verilog/sc9_cln40g_base_lvt_neg.v", 60416: Timing violation in TESTBED.u_MODP_MONTYMUL.DP_OP_16J1_122_5909_clk_r_REG317_S1
    $recrem( posedge SN:8722, posedge CK &&& (ENABLE_NOT_D == 1'b1):8400, limits: (60,500) );

"/home/daniel_kuo/CBDK_TSMC40_Arm_f2.0/CIC/Verilog/sc9_cln40g_base_rvt_neg.v", 60416: Timing violation in TESTBED.u_MODP_MONTYMUL.mult_x_1_clk_r_REG1902_S2
    $recrem( posedge SN:8722, posedge CK &&& (ENABLE_NOT_D == 1'b1):8400, limits: (86,500) );

"/home/daniel_kuo/CBDK_TSMC40_Arm_f2.0/CIC/Verilog/sc9_cln40g_base_lvt_neg.v", 60416: Timing violation in TESTBED.u_MODP_MONTYMUL.mult_x_1_clk_r_REG1802_S2
    $recrem( posedge SN:8722, posedge CK &&& (ENABLE_NOT_D == 1'b1):8400, limits: (60,500) );

"/home/daniel_kuo/CBDK_TSMC40_Arm_f2.0/CIC/Verilog/sc9_cln40g_base_rvt_neg.v", 60416: Timing violation in TESTBED.u_MODP_MONTYMUL.DP_OP_16J1_122_5909_clk_r_REG1850_S3
    $recrem( posedge SN:8722, posedge CK &&& (ENABLE_NOT_D == 1'b1):8400, limits: (86,500) );

"/home/daniel_kuo/CBDK_TSMC40_Arm_f2.0/CIC/Verilog/sc9_cln40g_base_rvt_neg.v", 60416: Timing violation in TESTBED.u_MODP_MONTYMUL.DP_OP_16J1_122_5909_clk_r_REG1535_S1
    $recrem( posedge SN:8722, posedge CK &&& (ENABLE_NOT_D == 1'b1):8400, limits: (86,500) );

"/home/daniel_kuo/CBDK_TSMC40_Arm_f2.0/CIC/Verilog/sc9_cln40g_base_rvt_neg.v", 60416: Timing violation in TESTBED.u_MODP_MONTYMUL.DP_OP_16J1_122_5909_clk_r_REG1516_S1
    $recrem( posedge SN:8722, posedge CK &&& (ENABLE_NOT_D == 1'b1):8400, limits: (86,500) );

"/home/daniel_kuo/CBDK_TSMC40_Arm_f2.0/CIC/Verilog/sc9_cln40g_base_rvt_neg.v", 60416: Timing violation in TESTBED.u_MODP_MONTYMUL.DP_OP_16J1_122_5909_clk_r_REG1597_S1
    $recrem( posedge SN:8722, posedge CK &&& (ENABLE_NOT_D == 1'b1):8400, limits: (86,500) );

"/home/daniel_kuo/CBDK_TSMC40_Arm_f2.0/CIC/Verilog/sc9_cln40g_base_rvt_neg.v", 60416: Timing violation in TESTBED.u_MODP_MONTYMUL.DP_OP_16J1_122_5909_clk_r_REG1487_S1
    $recrem( posedge SN:8722, posedge CK &&& (ENABLE_NOT_D == 1'b1):8400, limits: (86,500) );

"/home/daniel_kuo/CBDK_TSMC40_Arm_f2.0/CIC/Verilog/sc9_cln40g_base_rvt_neg.v", 60416: Timing violation in TESTBED.u_MODP_MONTYMUL.DP_OP_16J1_122_5909_clk_r_REG129_S1
    $recrem( posedge SN:8722, posedge CK &&& (ENABLE_NOT_D == 1'b1):8400, limits: (86,500) );

"/home/daniel_kuo/CBDK_TSMC40_Arm_f2.0/CIC/Verilog/sc9_cln40g_base_rvt_neg.v", 60416: Timing violation in TESTBED.u_MODP_MONTYMUL.DP_OP_16J1_122_5909_clk_r_REG220_S1
    $recrem( posedge SN:8722, posedge CK &&& (ENABLE_NOT_D == 1'b1):8400, limits: (86,500) );

"/home/daniel_kuo/CBDK_TSMC40_Arm_f2.0/CIC/Verilog/sc9_cln40g_base_rvt_neg.v", 60416: Timing violation in TESTBED.u_MODP_MONTYMUL.DP_OP_16J1_122_5909_clk_r_REG213_S1
    $recrem( posedge SN:8722, posedge CK &&& (ENABLE_NOT_D == 1'b1):8400, limits: (86,500) );

"/home/daniel_kuo/CBDK_TSMC40_Arm_f2.0/CIC/Verilog/sc9_cln40g_base_rvt_neg.v", 60416: Timing violation in TESTBED.u_MODP_MONTYMUL.DP_OP_16J1_122_5909_clk_r_REG241_S1
    $recrem( posedge SN:8722, posedge CK &&& (ENABLE_NOT_D == 1'b1):8400, limits: (86,500) );

"/home/daniel_kuo/CBDK_TSMC40_Arm_f2.0/CIC/Verilog/sc9_cln40g_base_lvt_neg.v", 60416: Timing violation in TESTBED.u_MODP_MONTYMUL.DP_OP_16J1_122_5909_clk_r_REG1612_S1
    $recrem( posedge SN:8722, posedge CK &&& (ENABLE_NOT_D == 1'b1):8400, limits: (60,500) );

"/home/daniel_kuo/CBDK_TSMC40_Arm_f2.0/CIC/Verilog/sc9_cln40g_base_lvt_neg.v", 60416: Timing violation in TESTBED.u_MODP_MONTYMUL.DP_OP_16J1_122_5909_clk_r_REG1621_S1
    $recrem( posedge SN:8722, posedge CK &&& (ENABLE_NOT_D == 1'b1):8400, limits: (60,500) );

"/home/daniel_kuo/CBDK_TSMC40_Arm_f2.0/CIC/Verilog/sc9_cln40g_base_lvt_neg.v", 60416: Timing violation in TESTBED.u_MODP_MONTYMUL.DP_OP_16J1_122_5909_clk_r_REG1451_S1
    $recrem( posedge SN:8722, posedge CK &&& (ENABLE_NOT_D == 1'b1):8400, limits: (60,500) );

"/home/daniel_kuo/CBDK_TSMC40_Arm_f2.0/CIC/Verilog/sc9_cln40g_base_lvt_neg.v", 60416: Timing violation in TESTBED.u_MODP_MONTYMUL.DP_OP_16J1_122_5909_clk_r_REG1482_S1
    $recrem( posedge SN:8722, posedge CK &&& (ENABLE_NOT_D == 1'b1):8400, limits: (60,500) );

"/home/daniel_kuo/CBDK_TSMC40_Arm_f2.0/CIC/Verilog/sc9_cln40g_base_lvt_neg.v", 60416: Timing violation in TESTBED.u_MODP_MONTYMUL.DP_OP_16J1_122_5909_clk_r_REG1455_S1
    $recrem( posedge SN:8722, posedge CK &&& (ENABLE_NOT_D == 1'b1):8400, limits: (60,500) );

"/home/daniel_kuo/CBDK_TSMC40_Arm_f2.0/CIC/Verilog/sc9_cln40g_base_lvt_neg.v", 60416: Timing violation in TESTBED.u_MODP_MONTYMUL.DP_OP_16J1_122_5909_clk_r_REG1069_S1
    $recrem( posedge SN:8722, posedge CK &&& (ENABLE_NOT_D == 1'b1):8400, limits: (60,500) );

"/home/daniel_kuo/CBDK_TSMC40_Arm_f2.0/CIC/Verilog/sc9_cln40g_base_lvt_neg.v", 60416: Timing violation in TESTBED.u_MODP_MONTYMUL.DP_OP_16J1_122_5909_clk_r_REG1339_S1
    $recrem( posedge SN:8722, posedge CK &&& (ENABLE_NOT_D == 1'b1):8400, limits: (60,500) );

"/home/daniel_kuo/CBDK_TSMC40_Arm_f2.0/CIC/Verilog/sc9_cln40g_base_lvt_neg.v", 60416: Timing violation in TESTBED.u_MODP_MONTYMUL.DP_OP_16J1_122_5909_clk_r_REG1076_S1
    $recrem( posedge SN:8722, posedge CK &&& (ENABLE_NOT_D == 1'b1):8400, limits: (60,500) );

"/home/daniel_kuo/CBDK_TSMC40_Arm_f2.0/CIC/Verilog/sc9_cln40g_base_lvt_neg.v", 60416: Timing violation in TESTBED.u_MODP_MONTYMUL.DP_OP_16J1_122_5909_clk_r_REG1323_S1
    $recrem( posedge SN:8722, posedge CK &&& (ENABLE_NOT_D == 1'b1):8400, limits: (60,500) );

"/home/daniel_kuo/CBDK_TSMC40_Arm_f2.0/CIC/Verilog/sc9_cln40g_base_rvt_neg.v", 60416: Timing violation in TESTBED.u_MODP_MONTYMUL.clk_r_REG547_S3
    $recrem( posedge SN:8722, posedge CK &&& (ENABLE_NOT_D == 1'b1):8400, limits: (86,500) );


"/home/daniel_kuo/CBDK_TSMC40_Arm_f2.0/CIC/Verilog/sc9_cln40g_base_hvt_neg.v", 60416: Timing violation in TESTBED.u_MODP_MONTYMUL.DP_OP_16J1_122_5909_clk_r_REG1426_S1
    $recrem( posedge SN:8731, posedge CK &&& (ENABLE_NOT_D == 1'b1):8400, limits: (118,500) );

"/home/daniel_kuo/CBDK_TSMC40_Arm_f2.0/CIC/Verilog/sc9_cln40g_base_rvt_neg.v", 60416: Timing violation in TESTBED.u_MODP_MONTYMUL.DP_OP_16J1_122_5909_clk_r_REG1534_S1
    $recrem( posedge SN:8731, posedge CK &&& (ENABLE_NOT_D == 1'b1):8400, limits: (90,500) );

"/home/daniel_kuo/CBDK_TSMC40_Arm_f2.0/CIC/Verilog/sc9_cln40g_base_rvt_neg.v", 60416: Timing violation in TESTBED.u_MODP_MONTYMUL.DP_OP_16J1_122_5909_clk_r_REG1513_S1
    $recrem( posedge SN:8731, posedge CK &&& (ENABLE_NOT_D == 1'b1):8400, limits: (90,500) );

"/home/daniel_kuo/CBDK_TSMC40_Arm_f2.0/CIC/Verilog/sc9_cln40g_base_rvt_neg.v", 60356: Timing violation in TESTBED.u_MODP_MONTYMUL.DP_OP_16J1_122_5909_clk_r_REG1452_S1
    $recrem( posedge SN:8731, posedge CK &&& (ENABLE_NOT_D == 1'b1):8400, limits: (100,500) );

"/home/daniel_kuo/CBDK_TSMC40_Arm_f2.0/CIC/Verilog/sc9_cln40g_base_lvt_neg.v", 60416: Timing violation in TESTBED.u_MODP_MONTYMUL.mult_x_1_clk_r_REG1042_S2
    $recrem( posedge SN:8731, posedge CK &&& (ENABLE_NOT_D == 1'b1):8400, limits: (63,500) );

"/home/daniel_kuo/CBDK_TSMC40_Arm_f2.0/CIC/Verilog/sc9_cln40g_base_rvt_neg.v", 60416: Timing violation in TESTBED.u_MODP_MONTYMUL.DP_OP_16J1_122_5909_clk_r_REG1336_S1
    $recrem( posedge SN:8731, posedge CK &&& (ENABLE_NOT_D == 1'b1):8400, limits: (90,500) );

"/home/daniel_kuo/CBDK_TSMC40_Arm_f2.0/CIC/Verilog/sc9_cln40g_base_rvt_neg.v", 60416: Timing violation in TESTBED.u_MODP_MONTYMUL.DP_OP_16J1_122_5909_clk_r_REG1331_S1
    $recrem( posedge SN:8731, posedge CK &&& (ENABLE_NOT_D == 1'b1):8400, limits: (90,500) );

"/home/daniel_kuo/CBDK_TSMC40_Arm_f2.0/CIC/Verilog/sc9_cln40g_base_rvt_neg.v", 60416: Timing violation in TESTBED.u_MODP_MONTYMUL.mult_x_1_clk_r_REG835_S2
    $recrem( posedge SN:8731, posedge CK &&& (ENABLE_NOT_D == 1'b1):8400, limits: (90,500) );

"/home/daniel_kuo/CBDK_TSMC40_Arm_f2.0/CIC/Verilog/sc9_cln40g_base_lvt_neg.v", 60476: Timing violation in TESTBED.u_MODP_MONTYMUL.mult_x_1_clk_r_REG568_S2
    $recrem( posedge SN:8731, posedge CK &&& (ENABLE_NOT_D == 1'b1):8400, limits: (35,500) );

"/home/daniel_kuo/CBDK_TSMC40_Arm_f2.0/CIC/Verilog/sc9_cln40g_base_lvt_neg.v", 60476: Timing violation in TESTBED.u_MODP_MONTYMUL.mult_x_1_clk_r_REG912_S2
    $recrem( posedge SN:8731, posedge CK &&& (ENABLE_NOT_D == 1'b1):8400, limits: (35,500) );

"/home/daniel_kuo/CBDK_TSMC40_Arm_f2.0/CIC/Verilog/sc9_cln40g_base_lvt_neg.v", 60536: Timing violation in TESTBED.u_MODP_MONTYMUL.DP_OP_16J1_122_5909_clk_r_REG1309_S1
    $recrem( posedge SN:8731, posedge CK &&& (ENABLE_NOT_D == 1'b1):8400, limits: (43,500) );

"/home/daniel_kuo/CBDK_TSMC40_Arm_f2.0/CIC/Verilog/sc9_cln40g_base_lvt_neg.v", 60476: Timing violation in TESTBED.u_MODP_MONTYMUL.DP_OP_16J1_122_5909_clk_r_REG1601_S1
    $recrem( posedge SN:8731, posedge CK &&& (ENABLE_NOT_D == 1'b1):8400, limits: (35,500) );

"/home/daniel_kuo/CBDK_TSMC40_Arm_f2.0/CIC/Verilog/sc9_cln40g_base_lvt_neg.v", 60476: Timing violation in TESTBED.u_MODP_MONTYMUL.mult_x_1_clk_r_REG2279_S2
    $recrem( posedge SN:8731, posedge CK &&& (ENABLE_NOT_D == 1'b1):8400, limits: (35,500) );

"/home/daniel_kuo/CBDK_TSMC40_Arm_f2.0/CIC/Verilog/sc9_cln40g_base_lvt_neg.v", 60476: Timing violation in TESTBED.u_MODP_MONTYMUL.DP_OP_16J1_122_5909_clk_r_REG1590_S1
    $recrem( posedge SN:8731, posedge CK &&& (ENABLE_NOT_D == 1'b1):8400, limits: (35,500) );

"/home/daniel_kuo/CBDK_TSMC40_Arm_f2.0/CIC/Verilog/sc9_cln40g_base_lvt_neg.v", 60476: Timing violation in TESTBED.u_MODP_MONTYMUL.mult_x_1_clk_r_REG1003_S2
    $recrem( posedge SN:8731, posedge CK &&& (ENABLE_NOT_D == 1'b1):8400, limits: (35,500) );

"/home/daniel_kuo/CBDK_TSMC40_Arm_f2.0/CIC/Verilog/sc9_cln40g_base_lvt_neg.v", 60476: Timing violation in TESTBED.u_MODP_MONTYMUL.mult_x_1_clk_r_REG1933_S2
    $recrem( posedge SN:8731, posedge CK &&& (ENABLE_NOT_D == 1'b1):8400, limits: (35,500) );

"/home/daniel_kuo/CBDK_TSMC40_Arm_f2.0/CIC/Verilog/sc9_cln40g_base_lvt_neg.v", 60476: Timing violation in TESTBED.u_MODP_MONTYMUL.DP_OP_16J1_122_5909_clk_r_REG851_S1
    $recrem( posedge SN:8731, posedge CK &&& (ENABLE_NOT_D == 1'b1):8400, limits: (35,500) );

"/home/daniel_kuo/CBDK_TSMC40_Arm_f2.0/CIC/Verilog/sc9_cln40g_base_lvt_neg.v", 60476: Timing violation in TESTBED.u_MODP_MONTYMUL.DP_OP_16J1_122_5909_clk_r_REG299_S3
    $recrem( posedge SN:8731, posedge CK &&& (ENABLE_NOT_D == 1'b1):8400, limits: (35,500) );

"/home/daniel_kuo/CBDK_TSMC40_Arm_f2.0/CIC/Verilog/sc9_cln40g_base_rvt_neg.v", 60476: Timing violation in TESTBED.u_MODP_MONTYMUL.DP_OP_16J1_122_5909_clk_r_REG1462_S1
    $recrem( posedge SN:8731, posedge CK &&& (ENABLE_NOT_D == 1'b1):8400, limits: (46,500) );

"/home/daniel_kuo/CBDK_TSMC40_Arm_f2.0/CIC/Verilog/sc9_cln40g_base_rvt_neg.v", 60476: Timing violation in TESTBED.u_MODP_MONTYMUL.mult_x_1_clk_r_REG571_S2
    $recrem( posedge SN:8731, posedge CK &&& (ENABLE_NOT_D == 1'b1):8400, limits: (46,500) );

"/home/daniel_kuo/CBDK_TSMC40_Arm_f2.0/CIC/Verilog/sc9_cln40g_base_rvt_neg.v", 60476: Timing violation in TESTBED.u_MODP_MONTYMUL.mult_x_1_clk_r_REG1696_S2
    $recrem( posedge SN:8731, posedge CK &&& (ENABLE_NOT_D == 1'b1):8400, limits: (46,500) );

"/home/daniel_kuo/CBDK_TSMC40_Arm_f2.0/CIC/Verilog/sc9_cln40g_base_rvt_neg.v", 60476: Timing violation in TESTBED.u_MODP_MONTYMUL.mult_x_1_clk_r_REG1730_S2
    $recrem( posedge SN:8731, posedge CK &&& (ENABLE_NOT_D == 1'b1):8400, limits: (46,500) );

"/home/daniel_kuo/CBDK_TSMC40_Arm_f2.0/CIC/Verilog/sc9_cln40g_base_rvt_neg.v", 60476: Timing violation in TESTBED.u_MODP_MONTYMUL.mult_x_1_clk_r_REG1684_S1
    $recrem( posedge SN:8731, posedge CK &&& (ENABLE_NOT_D == 1'b1):8400, limits: (46,500) );

"/home/daniel_kuo/CBDK_TSMC40_Arm_f2.0/CIC/Verilog/sc9_cln40g_base_rvt_neg.v", 60476: Timing violation in TESTBED.u_MODP_MONTYMUL.mult_x_1_clk_r_REG803_S2
    $recrem( posedge SN:8731, posedge CK &&& (ENABLE_NOT_D == 1'b1):8400, limits: (46,500) );

"/home/daniel_kuo/CBDK_TSMC40_Arm_f2.0/CIC/Verilog/sc9_cln40g_base_rvt_neg.v", 60476: Timing violation in TESTBED.u_MODP_MONTYMUL.mult_x_1_clk_r_REG802_S2
    $recrem( posedge SN:8731, posedge CK &&& (ENABLE_NOT_D == 1'b1):8400, limits: (46,500) );

"/home/daniel_kuo/CBDK_TSMC40_Arm_f2.0/CIC/Verilog/sc9_cln40g_base_rvt_neg.v", 60476: Timing violation in TESTBED.u_MODP_MONTYMUL.mult_x_1_clk_r_REG1005_S2
    $recrem( posedge SN:8731, posedge CK &&& (ENABLE_NOT_D == 1'b1):8400, limits: (46,500) );

"/home/daniel_kuo/CBDK_TSMC40_Arm_f2.0/CIC/Verilog/sc9_cln40g_base_rvt_neg.v", 60476: Timing violation in TESTBED.u_MODP_MONTYMUL.mult_x_1_clk_r_REG762_S2
    $recrem( posedge SN:8731, posedge CK &&& (ENABLE_NOT_D == 1'b1):8400, limits: (46,500) );

"/home/daniel_kuo/CBDK_TSMC40_Arm_f2.0/CIC/Verilog/sc9_cln40g_base_rvt_neg.v", 60476: Timing violation in TESTBED.u_MODP_MONTYMUL.DP_OP_16J1_122_5909_clk_r_REG1171_S1
    $recrem( posedge SN:8731, posedge CK &&& (ENABLE_NOT_D == 1'b1):8400, limits: (46,500) );

"/home/daniel_kuo/CBDK_TSMC40_Arm_f2.0/CIC/Verilog/sc9_cln40g_base_rvt_neg.v", 60476: Timing violation in TESTBED.u_MODP_MONTYMUL.DP_OP_16J1_122_5909_clk_r_REG1485_S1
    $recrem( posedge SN:8731, posedge CK &&& (ENABLE_NOT_D == 1'b1):8400, limits: (46,500) );

"/home/daniel_kuo/CBDK_TSMC40_Arm_f2.0/CIC/Verilog/sc9_cln40g_base_rvt_neg.v", 60476: Timing violation in TESTBED.u_MODP_MONTYMUL.DP_OP_16J1_122_5909_clk_r_REG1596_S1
    $recrem( posedge SN:8731, posedge CK &&& (ENABLE_NOT_D == 1'b1):8400, limits: (46,500) );

"/home/daniel_kuo/CBDK_TSMC40_Arm_f2.0/CIC/Verilog/sc9_cln40g_base_rvt_neg.v", 60476: Timing violation in TESTBED.u_MODP_MONTYMUL.DP_OP_16J1_122_5909_clk_r_REG1572_S1
    $recrem( posedge SN:8731, posedge CK &&& (ENABLE_NOT_D == 1'b1):8400, limits: (46,500) );

"/home/daniel_kuo/CBDK_TSMC40_Arm_f2.0/CIC/Verilog/sc9_cln40g_base_rvt_neg.v", 60476: Timing violation in TESTBED.u_MODP_MONTYMUL.DP_OP_16J1_122_5909_clk_r_REG1550_S1
    $recrem( posedge SN:8731, posedge CK &&& (ENABLE_NOT_D == 1'b1):8400, limits: (46,500) );

"/home/daniel_kuo/CBDK_TSMC40_Arm_f2.0/CIC/Verilog/sc9_cln40g_base_rvt_neg.v", 60476: Timing violation in TESTBED.u_MODP_MONTYMUL.DP_OP_16J1_122_5909_clk_r_REG1370_S1
    $recrem( posedge SN:8731, posedge CK &&& (ENABLE_NOT_D == 1'b1):8400, limits: (46,500) );

"/home/daniel_kuo/CBDK_TSMC40_Arm_f2.0/CIC/Verilog/sc9_cln40g_base_rvt_neg.v", 60476: Timing violation in TESTBED.u_MODP_MONTYMUL.DP_OP_16J1_122_5909_clk_r_REG1420_S1
    $recrem( posedge SN:8731, posedge CK &&& (ENABLE_NOT_D == 1'b1):8400, limits: (46,500) );

"/home/daniel_kuo/CBDK_TSMC40_Arm_f2.0/CIC/Verilog/sc9_cln40g_base_rvt_neg.v", 60476: Timing violation in TESTBED.u_MODP_MONTYMUL.DP_OP_16J1_122_5909_clk_r_REG1348_S1
    $recrem( posedge SN:8731, posedge CK &&& (ENABLE_NOT_D == 1'b1):8400, limits: (46,500) );

"/home/daniel_kuo/CBDK_TSMC40_Arm_f2.0/CIC/Verilog/sc9_cln40g_base_rvt_neg.v", 60476: Timing violation in TESTBED.u_MODP_MONTYMUL.DP_OP_16J1_122_5909_clk_r_REG1264_S1
    $recrem( posedge SN:8731, posedge CK &&& (ENABLE_NOT_D == 1'b1):8400, limits: (46,500) );


"/home/daniel_kuo/CBDK_TSMC40_Arm_f2.0/CIC/Verilog/sc9_cln40g_base_hvt_neg.v", 60356: Timing violation in TESTBED.u_MODP_MONTYMUL.DP_OP_16J1_122_5909_clk_r_REG1709_S2
    $recrem( posedge SN:8751, posedge CK &&& (ENABLE_NOT_D == 1'b1):8400, limits: (122,500) );

"/home/daniel_kuo/CBDK_TSMC40_Arm_f2.0/CIC/Verilog/sc9_cln40g_base_lvt_neg.v", 60416: Timing violation in TESTBED.u_MODP_MONTYMUL.DP_OP_16J1_122_5909_clk_r_REG175_S1
    $recrem( posedge SN:8751, posedge CK &&& (ENABLE_NOT_D == 1'b1):8400, limits: (64,500) );

"/home/daniel_kuo/CBDK_TSMC40_Arm_f2.0/CIC/Verilog/sc9_cln40g_base_lvt_neg.v", 60416: Timing violation in TESTBED.u_MODP_MONTYMUL.DP_OP_16J1_122_5909_clk_r_REG1607_S1
    $recrem( posedge SN:8751, posedge CK &&& (ENABLE_NOT_D == 1'b1):8400, limits: (64,500) );

"/home/daniel_kuo/CBDK_TSMC40_Arm_f2.0/CIC/Verilog/sc9_cln40g_base_lvt_neg.v", 60596: Timing violation in TESTBED.u_MODP_MONTYMUL.mult_x_1_clk_r_REG2148_S1
    $recrem( posedge SN:8751, posedge CK &&& (ENABLE_NOT_D == 1'b1):8400, limits: (52,500) );

"/home/daniel_kuo/CBDK_TSMC40_Arm_f2.0/CIC/Verilog/sc9_cln40g_base_hvt_neg.v", 60356: Timing violation in TESTBED.u_MODP_MONTYMUL.DP_OP_16J1_122_5909_clk_r_REG165_S2
    $recrem( posedge SN:8751, posedge CK &&& (ENABLE_NOT_D == 1'b1):8400, limits: (122,500) );

"/home/daniel_kuo/CBDK_TSMC40_Arm_f2.0/CIC/Verilog/sc9_cln40g_base_hvt_neg.v", 60356: Timing violation in TESTBED.u_MODP_MONTYMUL.DP_OP_16J1_122_5909_clk_r_REG148_S2
    $recrem( posedge SN:8751, posedge CK &&& (ENABLE_NOT_D == 1'b1):8400, limits: (122,500) );

"/home/daniel_kuo/CBDK_TSMC40_Arm_f2.0/CIC/Verilog/sc9_cln40g_base_hvt_neg.v", 60356: Timing violation in TESTBED.u_MODP_MONTYMUL.DP_OP_16J1_122_5909_clk_r_REG142_S2
    $recrem( posedge SN:8751, posedge CK &&& (ENABLE_NOT_D == 1'b1):8400, limits: (122,500) );

"/home/daniel_kuo/CBDK_TSMC40_Arm_f2.0/CIC/Verilog/sc9_cln40g_base_hvt_neg.v", 60356: Timing violation in TESTBED.u_MODP_MONTYMUL.DP_OP_16J1_122_5909_clk_r_REG359_S2
    $recrem( posedge SN:8751, posedge CK &&& (ENABLE_NOT_D == 1'b1):8400, limits: (122,500) );

"/home/daniel_kuo/CBDK_TSMC40_Arm_f2.0/CIC/Verilog/sc9_cln40g_base_hvt_neg.v", 60356: Timing violation in TESTBED.u_MODP_MONTYMUL.DP_OP_16J1_122_5909_clk_r_REG343_S2
    $recrem( posedge SN:8751, posedge CK &&& (ENABLE_NOT_D == 1'b1):8400, limits: (122,500) );

"/home/daniel_kuo/CBDK_TSMC40_Arm_f2.0/CIC/Verilog/sc9_cln40g_base_hvt_neg.v", 60356: Timing violation in TESTBED.u_MODP_MONTYMUL.DP_OP_16J1_122_5909_clk_r_REG336_S2
    $recrem( posedge SN:8751, posedge CK &&& (ENABLE_NOT_D == 1'b1):8400, limits: (122,500) );

"/home/daniel_kuo/CBDK_TSMC40_Arm_f2.0/CIC/Verilog/sc9_cln40g_base_hvt_neg.v", 60356: Timing violation in TESTBED.u_MODP_MONTYMUL.DP_OP_16J1_122_5909_clk_r_REG121_S2
    $recrem( posedge SN:8751, posedge CK &&& (ENABLE_NOT_D == 1'b1):8400, limits: (122,500) );

"/home/daniel_kuo/CBDK_TSMC40_Arm_f2.0/CIC/Verilog/sc9_cln40g_base_hvt_neg.v", 60356: Timing violation in TESTBED.u_MODP_MONTYMUL.DP_OP_16J1_122_5909_clk_r_REG1714_S3
    $recrem( posedge SN:8751, posedge CK &&& (ENABLE_NOT_D == 1'b1):8400, limits: (122,500) );

"/home/daniel_kuo/CBDK_TSMC40_Arm_f2.0/CIC/Verilog/sc9_cln40g_base_hvt_neg.v", 60356: Timing violation in TESTBED.u_MODP_MONTYMUL.DP_OP_16J1_122_5909_clk_r_REG1112_S2
    $recrem( posedge SN:8751, posedge CK &&& (ENABLE_NOT_D == 1'b1):8400, limits: (122,500) );

"/home/daniel_kuo/CBDK_TSMC40_Arm_f2.0/CIC/Verilog/sc9_cln40g_base_hvt_neg.v", 60356: Timing violation in TESTBED.u_MODP_MONTYMUL.DP_OP_16J1_122_5909_clk_r_REG692_S2
    $recrem( posedge SN:8751, posedge CK &&& (ENABLE_NOT_D == 1'b1):8400, limits: (122,500) );

"/home/daniel_kuo/CBDK_TSMC40_Arm_f2.0/CIC/Verilog/sc9_cln40g_base_hvt_neg.v", 60356: Timing violation in TESTBED.u_MODP_MONTYMUL.DP_OP_16J1_122_5909_clk_r_REG666_S2
    $recrem( posedge SN:8751, posedge CK &&& (ENABLE_NOT_D == 1'b1):8400, limits: (122,500) );

"/home/daniel_kuo/CBDK_TSMC40_Arm_f2.0/CIC/Verilog/sc9_cln40g_base_hvt_neg.v", 60356: Timing violation in TESTBED.u_MODP_MONTYMUL.DP_OP_16J1_122_5909_clk_r_REG677_S2
    $recrem( posedge SN:8751, posedge CK &&& (ENABLE_NOT_D == 1'b1):8400, limits: (122,500) );

"/home/daniel_kuo/CBDK_TSMC40_Arm_f2.0/CIC/Verilog/sc9_cln40g_base_hvt_neg.v", 60356: Timing violation in TESTBED.u_MODP_MONTYMUL.DP_OP_16J1_122_5909_clk_r_REG1066_S2
    $recrem( posedge SN:8751, posedge CK &&& (ENABLE_NOT_D == 1'b1):8400, limits: (122,500) );

"/home/daniel_kuo/CBDK_TSMC40_Arm_f2.0/CIC/Verilog/sc9_cln40g_base_hvt_neg.v", 60356: Timing violation in TESTBED.u_MODP_MONTYMUL.DP_OP_16J1_122_5909_clk_r_REG195_S2
    $recrem( posedge SN:8751, posedge CK &&& (ENABLE_NOT_D == 1'b1):8400, limits: (122,500) );

"/home/daniel_kuo/CBDK_TSMC40_Arm_f2.0/CIC/Verilog/sc9_cln40g_base_hvt_neg.v", 60416: Timing violation in TESTBED.u_MODP_MONTYMUL.DP_OP_16J1_122_5909_clk_r_REG2288_S1
    $recrem( posedge SN:8751, posedge CK &&& (ENABLE_NOT_D == 1'b1):8400, limits: (119,500) );

"/home/daniel_kuo/CBDK_TSMC40_Arm_f2.0/CIC/Verilog/sc9_cln40g_base_hvt_neg.v", 60356: Timing violation in TESTBED.u_MODP_MONTYMUL.DP_OP_16J1_122_5909_clk_r_REG424_S1
    $recrem( posedge SN:8751, posedge CK &&& (ENABLE_NOT_D == 1'b1):8400, limits: (122,500) );

"/home/daniel_kuo/CBDK_TSMC40_Arm_f2.0/CIC/Verilog/sc9_cln40g_base_hvt_neg.v", 60416: Timing violation in TESTBED.u_MODP_MONTYMUL.DP_OP_16J1_122_5909_clk_r_REG1737_S2
    $recrem( posedge SN:8751, posedge CK &&& (ENABLE_NOT_D == 1'b1):8400, limits: (119,500) );

"/home/daniel_kuo/CBDK_TSMC40_Arm_f2.0/CIC/Verilog/sc9_cln40g_base_hvt_neg.v", 60416: Timing violation in TESTBED.u_MODP_MONTYMUL.DP_OP_16J1_122_5909_clk_r_REG2005_S2
    $recrem( posedge SN:8751, posedge CK &&& (ENABLE_NOT_D == 1'b1):8400, limits: (119,500) );

"/home/daniel_kuo/CBDK_TSMC40_Arm_f2.0/CIC/Verilog/sc9_cln40g_base_hvt_neg.v", 60416: Timing violation in TESTBED.u_MODP_MONTYMUL.DP_OP_16J1_122_5909_clk_r_REG2132_S1
    $recrem( posedge SN:8751, posedge CK &&& (ENABLE_NOT_D == 1'b1):8400, limits: (119,500) );

"/home/daniel_kuo/CBDK_TSMC40_Arm_f2.0/CIC/Verilog/sc9_cln40g_base_hvt_neg.v", 60356: Timing violation in TESTBED.u_MODP_MONTYMUL.DP_OP_16J1_122_5909_clk_r_REG403_S1
    $recrem( posedge SN:8751, posedge CK &&& (ENABLE_NOT_D == 1'b1):8400, limits: (122,500) );

"/home/daniel_kuo/CBDK_TSMC40_Arm_f2.0/CIC/Verilog/sc9_cln40g_base_hvt_neg.v", 60356: Timing violation in TESTBED.u_MODP_MONTYMUL.DP_OP_16J1_122_5909_clk_r_REG404_S1
    $recrem( posedge SN:8751, posedge CK &&& (ENABLE_NOT_D == 1'b1):8400, limits: (122,500) );

"/home/daniel_kuo/CBDK_TSMC40_Arm_f2.0/CIC/Verilog/sc9_cln40g_base_hvt_neg.v", 60356: Timing violation in TESTBED.u_MODP_MONTYMUL.DP_OP_16J1_122_5909_clk_r_REG392_S1
    $recrem( posedge SN:8751, posedge CK &&& (ENABLE_NOT_D == 1'b1):8400, limits: (122,500) );

"/home/daniel_kuo/CBDK_TSMC40_Arm_f2.0/CIC/Verilog/sc9_cln40g_base_hvt_neg.v", 60416: Timing violation in TESTBED.u_MODP_MONTYMUL.DP_OP_16J1_122_5909_clk_r_REG288_S2
    $recrem( posedge SN:8751, posedge CK &&& (ENABLE_NOT_D == 1'b1):8400, limits: (119,500) );

"/home/daniel_kuo/CBDK_TSMC40_Arm_f2.0/CIC/Verilog/sc9_cln40g_base_hvt_neg.v", 60356: Timing violation in TESTBED.u_MODP_MONTYMUL.DP_OP_16J1_122_5909_clk_r_REG269_S1
    $recrem( posedge SN:8751, posedge CK &&& (ENABLE_NOT_D == 1'b1):8400, limits: (122,500) );

"/home/daniel_kuo/CBDK_TSMC40_Arm_f2.0/CIC/Verilog/sc9_cln40g_base_hvt_neg.v", 60356: Timing violation in TESTBED.u_MODP_MONTYMUL.DP_OP_16J1_122_5909_clk_r_REG1351_S1
    $recrem( posedge SN:8751, posedge CK &&& (ENABLE_NOT_D == 1'b1):8400, limits: (122,500) );

"/home/daniel_kuo/CBDK_TSMC40_Arm_f2.0/CIC/Verilog/sc9_cln40g_base_hvt_neg.v", 60356: Timing violation in TESTBED.u_MODP_MONTYMUL.DP_OP_16J1_122_5909_clk_r_REG1142_S1
    $recrem( posedge SN:8751, posedge CK &&& (ENABLE_NOT_D == 1'b1):8400, limits: (122,500) );


"/home/daniel_kuo/CBDK_TSMC40_Arm_f2.0/CIC/Verilog/sc9_cln40g_base_rvt_neg.v", 60416: Timing violation in TESTBED.u_MODP_MONTYMUL.DP_OP_16J1_122_5909_clk_r_REG1527_S1
    $recrem( posedge SN:8753, posedge CK &&& (ENABLE_NOT_D == 1'b1):8400, limits: (103,500) );

"/home/daniel_kuo/CBDK_TSMC40_Arm_f2.0/CIC/Verilog/sc9_cln40g_base_rvt_neg.v", 60416: Timing violation in TESTBED.u_MODP_MONTYMUL.mult_x_1_clk_r_REG908_S2
    $recrem( posedge SN:8753, posedge CK &&& (ENABLE_NOT_D == 1'b1):8400, limits: (103,500) );

"/home/daniel_kuo/CBDK_TSMC40_Arm_f2.0/CIC/Verilog/sc9_cln40g_base_lvt_neg.v", 60416: Timing violation in TESTBED.u_MODP_MONTYMUL.DP_OP_16J1_122_5909_clk_r_REG278_S1
    $recrem( posedge SN:8753, posedge CK &&& (ENABLE_NOT_D == 1'b1):8400, limits: (73,500) );

"/home/daniel_kuo/CBDK_TSMC40_Arm_f2.0/CIC/Verilog/sc9_cln40g_base_lvt_neg.v", 60416: Timing violation in TESTBED.u_MODP_MONTYMUL.DP_OP_16J1_122_5909_clk_r_REG1315_S1
    $recrem( posedge SN:8753, posedge CK &&& (ENABLE_NOT_D == 1'b1):8400, limits: (73,500) );

"/home/daniel_kuo/CBDK_TSMC40_Arm_f2.0/CIC/Verilog/sc9_cln40g_base_lvt_neg.v", 60476: Timing violation in TESTBED.u_MODP_MONTYMUL.mult_x_1_clk_r_REG954_S2
    $recrem( posedge SN:8753, posedge CK &&& (ENABLE_NOT_D == 1'b1):8400, limits: (42,500) );

"/home/daniel_kuo/CBDK_TSMC40_Arm_f2.0/CIC/Verilog/sc9_cln40g_base_rvt_neg.v", 60476: Timing violation in TESTBED.u_MODP_MONTYMUL.DP_OP_16J1_122_5909_clk_r_REG1566_S1
    $recrem( posedge SN:8753, posedge CK &&& (ENABLE_NOT_D == 1'b1):8400, limits: (55,500) );

"/home/daniel_kuo/CBDK_TSMC40_Arm_f2.0/CIC/Verilog/sc9_cln40g_base_lvt_neg.v", 60476: Timing violation in TESTBED.u_MODP_MONTYMUL.DP_OP_16J1_122_5909_clk_r_REG1382_S1
    $recrem( posedge SN:8753, posedge CK &&& (ENABLE_NOT_D == 1'b1):8400, limits: (42,500) );

"/home/daniel_kuo/CBDK_TSMC40_Arm_f2.0/CIC/Verilog/sc9_cln40g_base_lvt_neg.v", 60476: Timing violation in TESTBED.u_MODP_MONTYMUL.DP_OP_16J1_122_5909_clk_r_REG1345_S1
    $recrem( posedge SN:8753, posedge CK &&& (ENABLE_NOT_D == 1'b1):8400, limits: (42,500) );

"/home/daniel_kuo/CBDK_TSMC40_Arm_f2.0/CIC/Verilog/sc9_cln40g_base_lvt_neg.v", 60476: Timing violation in TESTBED.u_MODP_MONTYMUL.mult_x_1_clk_r_REG842_S2
    $recrem( posedge SN:8753, posedge CK &&& (ENABLE_NOT_D == 1'b1):8400, limits: (42,500) );

"/home/daniel_kuo/CBDK_TSMC40_Arm_f2.0/CIC/Verilog/sc9_cln40g_base_lvt_neg.v", 60536: Timing violation in TESTBED.u_MODP_MONTYMUL.DP_OP_16J1_122_5909_clk_r_REG1554_S1
    $recrem( posedge SN:8753, posedge CK &&& (ENABLE_NOT_D == 1'b1):8400, limits: (51,500) );

"/home/daniel_kuo/CBDK_TSMC40_Arm_f2.0/CIC/Verilog/sc9_cln40g_base_lvt_neg.v", 60476: Timing violation in TESTBED.u_MODP_MONTYMUL.DP_OP_16J1_122_5909_clk_r_REG1472_S1
    $recrem( posedge SN:8753, posedge CK &&& (ENABLE_NOT_D == 1'b1):8400, limits: (42,500) );

"/home/daniel_kuo/CBDK_TSMC40_Arm_f2.0/CIC/Verilog/sc9_cln40g_base_lvt_neg.v", 60596: Timing violation in TESTBED.u_MODP_MONTYMUL.mult_x_1_R_91_clk_r_REG1796_S2
    $recrem( posedge SN:8753, posedge CK &&& (ENABLE_NOT_D == 1'b1):8400, limits: (61,500) );

"/home/daniel_kuo/CBDK_TSMC40_Arm_f2.0/CIC/Verilog/sc9_cln40g_base_lvt_neg.v", 60476: Timing violation in TESTBED.u_MODP_MONTYMUL.DP_OP_16J1_122_5909_clk_r_REG1156_S1
    $recrem( posedge SN:8753, posedge CK &&& (ENABLE_NOT_D == 1'b1):8400, limits: (42,500) );

"/home/daniel_kuo/CBDK_TSMC40_Arm_f2.0/CIC/Verilog/sc9_cln40g_base_lvt_neg.v", 60476: Timing violation in TESTBED.u_MODP_MONTYMUL.mult_x_1_clk_r_REG1235_S2
    $recrem( posedge SN:8753, posedge CK &&& (ENABLE_NOT_D == 1'b1):8400, limits: (42,500) );

"/home/daniel_kuo/CBDK_TSMC40_Arm_f2.0/CIC/Verilog/sc9_cln40g_base_lvt_neg.v", 60476: Timing violation in TESTBED.u_MODP_MONTYMUL.DP_OP_16J1_122_5909_clk_r_REG1570_S1
    $recrem( posedge SN:8753, posedge CK &&& (ENABLE_NOT_D == 1'b1):8400, limits: (42,500) );

"/home/daniel_kuo/CBDK_TSMC40_Arm_f2.0/CIC/Verilog/sc9_cln40g_base_lvt_neg.v", 60476: Timing violation in TESTBED.u_MODP_MONTYMUL.DP_OP_16J1_122_5909_clk_r_REG1328_S1
    $recrem( posedge SN:8753, posedge CK &&& (ENABLE_NOT_D == 1'b1):8400, limits: (42,500) );

"/home/daniel_kuo/CBDK_TSMC40_Arm_f2.0/CIC/Verilog/sc9_cln40g_base_lvt_neg.v", 60476: Timing violation in TESTBED.u_MODP_MONTYMUL.DP_OP_16J1_122_5909_clk_r_REG302_S1
    $recrem( posedge SN:8753, posedge CK &&& (ENABLE_NOT_D == 1'b1):8400, limits: (42,500) );

"/home/daniel_kuo/CBDK_TSMC40_Arm_f2.0/CIC/Verilog/sc9_cln40g_base_lvt_neg.v", 60476: Timing violation in TESTBED.u_MODP_MONTYMUL.DP_OP_16J1_122_5909_clk_r_REG235_S1
    $recrem( posedge SN:8753, posedge CK &&& (ENABLE_NOT_D == 1'b1):8400, limits: (42,500) );

"/home/daniel_kuo/CBDK_TSMC40_Arm_f2.0/CIC/Verilog/sc9_cln40g_base_lvt_neg.v", 60476: Timing violation in TESTBED.u_MODP_MONTYMUL.mult_x_1_clk_r_REG925_S2
    $recrem( posedge SN:8753, posedge CK &&& (ENABLE_NOT_D == 1'b1):8400, limits: (42,500) );

"/home/daniel_kuo/CBDK_TSMC40_Arm_f2.0/CIC/Verilog/sc9_cln40g_base_rvt_neg.v", 60476: Timing violation in TESTBED.u_MODP_MONTYMUL.mult_x_1_clk_r_REG1180_S2
    $recrem( posedge SN:8753, posedge CK &&& (ENABLE_NOT_D == 1'b1):8400, limits: (55,500) );

"/home/daniel_kuo/CBDK_TSMC40_Arm_f2.0/CIC/Verilog/sc9_cln40g_base_rvt_neg.v", 60476: Timing violation in TESTBED.u_MODP_MONTYMUL.mult_x_1_clk_r_REG989_S2
    $recrem( posedge SN:8753, posedge CK &&& (ENABLE_NOT_D == 1'b1):8400, limits: (55,500) );

"/home/daniel_kuo/CBDK_TSMC40_Arm_f2.0/CIC/Verilog/sc9_cln40g_base_rvt_neg.v", 60476: Timing violation in TESTBED.u_MODP_MONTYMUL.mult_x_1_clk_r_REG1965_S2
    $recrem( posedge SN:8753, posedge CK &&& (ENABLE_NOT_D == 1'b1):8400, limits: (55,500) );

"/home/daniel_kuo/CBDK_TSMC40_Arm_f2.0/CIC/Verilog/sc9_cln40g_base_lvt_neg.v", 60476: Timing violation in TESTBED.u_MODP_MONTYMUL.mult_x_1_clk_r_REG2156_S1
    $recrem( posedge SN:8753, posedge CK &&& (ENABLE_NOT_D == 1'b1):8400, limits: (42,500) );

"/home/daniel_kuo/CBDK_TSMC40_Arm_f2.0/CIC/Verilog/sc9_cln40g_base_lvt_neg.v", 60476: Timing violation in TESTBED.u_MODP_MONTYMUL.mult_x_1_clk_r_REG2151_S1
    $recrem( posedge SN:8753, posedge CK &&& (ENABLE_NOT_D == 1'b1):8400, limits: (42,500) );

"/home/daniel_kuo/CBDK_TSMC40_Arm_f2.0/CIC/Verilog/sc9_cln40g_base_lvt_neg.v", 60476: Timing violation in TESTBED.u_MODP_MONTYMUL.DP_OP_16J1_122_5909_clk_r_REG436_S3
    $recrem( posedge SN:8753, posedge CK &&& (ENABLE_NOT_D == 1'b1):8400, limits: (42,500) );

"/home/daniel_kuo/CBDK_TSMC40_Arm_f2.0/CIC/Verilog/sc9_cln40g_base_rvt_neg.v", 60476: Timing violation in TESTBED.u_MODP_MONTYMUL.DP_OP_16J1_122_5909_clk_r_REG1197_S1
    $recrem( posedge SN:8753, posedge CK &&& (ENABLE_NOT_D == 1'b1):8400, limits: (55,500) );

"/home/daniel_kuo/CBDK_TSMC40_Arm_f2.0/CIC/Verilog/sc9_cln40g_base_rvt_neg.v", 60476: Timing violation in TESTBED.u_MODP_MONTYMUL.DP_OP_16J1_122_5909_clk_r_REG1206_S1
    $recrem( posedge SN:8753, posedge CK &&& (ENABLE_NOT_D == 1'b1):8400, limits: (55,500) );

"/home/daniel_kuo/CBDK_TSMC40_Arm_f2.0/CIC/Verilog/sc9_cln40g_base_rvt_neg.v", 60476: Timing violation in TESTBED.u_MODP_MONTYMUL.DP_OP_16J1_122_5909_clk_r_REG1222_S1
    $recrem( posedge SN:8753, posedge CK &&& (ENABLE_NOT_D == 1'b1):8400, limits: (55,500) );

"/home/daniel_kuo/CBDK_TSMC40_Arm_f2.0/CIC/Verilog/sc9_cln40g_base_rvt_neg.v", 60476: Timing violation in TESTBED.u_MODP_MONTYMUL.DP_OP_16J1_122_5909_clk_r_REG1221_S1
    $recrem( posedge SN:8753, posedge CK &&& (ENABLE_NOT_D == 1'b1):8400, limits: (55,500) );

"/home/daniel_kuo/CBDK_TSMC40_Arm_f2.0/CIC/Verilog/sc9_cln40g_base_rvt_neg.v", 60476: Timing violation in TESTBED.u_MODP_MONTYMUL.DP_OP_16J1_122_5909_clk_r_REG1251_S1
    $recrem( posedge SN:8753, posedge CK &&& (ENABLE_NOT_D == 1'b1):8400, limits: (55,500) );

"/home/daniel_kuo/CBDK_TSMC40_Arm_f2.0/CIC/Verilog/sc9_cln40g_base_rvt_neg.v", 60476: Timing violation in TESTBED.u_MODP_MONTYMUL.DP_OP_16J1_122_5909_clk_r_REG1243_S1
    $recrem( posedge SN:8753, posedge CK &&& (ENABLE_NOT_D == 1'b1):8400, limits: (55,500) );

"/home/daniel_kuo/CBDK_TSMC40_Arm_f2.0/CIC/Verilog/sc9_cln40g_base_rvt_neg.v", 60476: Timing violation in TESTBED.u_MODP_MONTYMUL.DP_OP_16J1_122_5909_clk_r_REG1598_S1
    $recrem( posedge SN:8753, posedge CK &&& (ENABLE_NOT_D == 1'b1):8400, limits: (55,500) );

"/home/daniel_kuo/CBDK_TSMC40_Arm_f2.0/CIC/Verilog/sc9_cln40g_base_lvt_neg.v", 60476: Timing violation in TESTBED.u_MODP_MONTYMUL.DP_OP_16J1_122_5909_clk_r_REG1509_S1
    $recrem( posedge SN:8753, posedge CK &&& (ENABLE_NOT_D == 1'b1):8400, limits: (42,500) );

"/home/daniel_kuo/CBDK_TSMC40_Arm_f2.0/CIC/Verilog/sc9_cln40g_base_rvt_neg.v", 60476: Timing violation in TESTBED.u_MODP_MONTYMUL.DP_OP_16J1_122_5909_clk_r_REG1307_S1
    $recrem( posedge SN:8753, posedge CK &&& (ENABLE_NOT_D == 1'b1):8400, limits: (55,500) );

"/home/daniel_kuo/CBDK_TSMC40_Arm_f2.0/CIC/Verilog/sc9_cln40g_base_rvt_neg.v", 60476: Timing violation in TESTBED.u_MODP_MONTYMUL.DP_OP_16J1_122_5909_clk_r_REG1378_S1
    $recrem( posedge SN:8753, posedge CK &&& (ENABLE_NOT_D == 1'b1):8400, limits: (55,500) );

"/home/daniel_kuo/CBDK_TSMC40_Arm_f2.0/CIC/Verilog/sc9_cln40g_base_lvt_neg.v", 60476: Timing violation in TESTBED.u_MODP_MONTYMUL.DP_OP_16J1_122_5909_clk_r_REG123_S3
    $recrem( posedge SN:8753, posedge CK &&& (ENABLE_NOT_D == 1'b1):8400, limits: (42,500) );

"/home/daniel_kuo/CBDK_TSMC40_Arm_f2.0/CIC/Verilog/sc9_cln40g_base_rvt_neg.v", 60476: Timing violation in TESTBED.u_MODP_MONTYMUL.DP_OP_16J1_122_5909_clk_r_REG1417_S1
    $recrem( posedge SN:8753, posedge CK &&& (ENABLE_NOT_D == 1'b1):8400, limits: (55,500) );

"/home/daniel_kuo/CBDK_TSMC40_Arm_f2.0/CIC/Verilog/sc9_cln40g_base_lvt_neg.v", 60476: Timing violation in TESTBED.u_MODP_MONTYMUL.DP_OP_16J1_122_5909_clk_r_REG1398_S1
    $recrem( posedge SN:8753, posedge CK &&& (ENABLE_NOT_D == 1'b1):8400, limits: (42,500) );


"/home/daniel_kuo/CBDK_TSMC40_Arm_f2.0/CIC/Verilog/sc9_cln40g_base_hvt_neg.v", 60356: Timing violation in TESTBED.u_MODP_MONTYMUL.DP_OP_16J1_122_5909_clk_r_REG2167_S1
    $recrem( posedge SN:8756, posedge CK &&& (ENABLE_NOT_D == 1'b1):8400, limits: (135,500) );

"/home/daniel_kuo/CBDK_TSMC40_Arm_f2.0/CIC/Verilog/sc9_cln40g_base_hvt_neg.v", 60356: Timing violation in TESTBED.u_MODP_MONTYMUL.DP_OP_16J1_122_5909_clk_r_REG2043_S1
    $recrem( posedge SN:8756, posedge CK &&& (ENABLE_NOT_D == 1'b1):8400, limits: (135,500) );

"/home/daniel_kuo/CBDK_TSMC40_Arm_f2.0/CIC/Verilog/sc9_cln40g_base_hvt_neg.v", 60356: Timing violation in TESTBED.u_MODP_MONTYMUL.DP_OP_16J1_122_5909_clk_r_REG1881_S1
    $recrem( posedge SN:8756, posedge CK &&& (ENABLE_NOT_D == 1'b1):8400, limits: (135,500) );

"/home/daniel_kuo/CBDK_TSMC40_Arm_f2.0/CIC/Verilog/sc9_cln40g_base_hvt_neg.v", 60356: Timing violation in TESTBED.u_MODP_MONTYMUL.DP_OP_16J1_122_5909_clk_r_REG484_S2
    $recrem( posedge SN:8756, posedge CK &&& (ENABLE_NOT_D == 1'b1):8400, limits: (135,500) );

"/home/daniel_kuo/CBDK_TSMC40_Arm_f2.0/CIC/Verilog/sc9_cln40g_base_lvt_neg.v", 60476: Timing violation in TESTBED.u_MODP_MONTYMUL.mult_x_1_R_44_clk_r_REG2083_S1
    $recrem( posedge SN:8756, posedge CK &&& (ENABLE_NOT_D == 1'b1):8400, limits: (41,500) );

"/home/daniel_kuo/CBDK_TSMC40_Arm_f2.0/CIC/Verilog/sc9_cln40g_base_hvt_neg.v", 60416: Timing violation in TESTBED.u_MODP_MONTYMUL.DP_OP_16J1_122_5909_clk_r_REG1814_S1
    $recrem( posedge SN:8756, posedge CK &&& (ENABLE_NOT_D == 1'b1):8400, limits: (132,500) );

"/home/daniel_kuo/CBDK_TSMC40_Arm_f2.0/CIC/Verilog/sc9_cln40g_base_hvt_neg.v", 60416: Timing violation in TESTBED.u_MODP_MONTYMUL.DP_OP_16J1_122_5909_clk_r_REG2047_S2
    $recrem( posedge SN:8756, posedge CK &&& (ENABLE_NOT_D == 1'b1):8400, limits: (132,500) );

"/home/daniel_kuo/CBDK_TSMC40_Arm_f2.0/CIC/Verilog/sc9_cln40g_base_hvt_neg.v", 60416: Timing violation in TESTBED.u_MODP_MONTYMUL.DP_OP_16J1_122_5909_clk_r_REG2112_S1
    $recrem( posedge SN:8756, posedge CK &&& (ENABLE_NOT_D == 1'b1):8400, limits: (132,500) );

"/home/daniel_kuo/CBDK_TSMC40_Arm_f2.0/CIC/Verilog/sc9_cln40g_base_hvt_neg.v", 60416: Timing violation in TESTBED.u_MODP_MONTYMUL.DP_OP_16J1_122_5909_clk_r_REG2143_S1
    $recrem( posedge SN:8756, posedge CK &&& (ENABLE_NOT_D == 1'b1):8400, limits: (132,500) );

"/home/daniel_kuo/CBDK_TSMC40_Arm_f2.0/CIC/Verilog/sc9_cln40g_base_hvt_neg.v", 60416: Timing violation in TESTBED.u_MODP_MONTYMUL.DP_OP_16J1_122_5909_clk_r_REG422_S2
    $recrem( posedge SN:8756, posedge CK &&& (ENABLE_NOT_D == 1'b1):8400, limits: (132,500) );

"/home/daniel_kuo/CBDK_TSMC40_Arm_f2.0/CIC/Verilog/sc9_cln40g_base_hvt_neg.v", 60416: Timing violation in TESTBED.u_MODP_MONTYMUL.DP_OP_16J1_122_5909_clk_r_REG415_S1
    $recrem( posedge SN:8756, posedge CK &&& (ENABLE_NOT_D == 1'b1):8400, limits: (132,500) );

"/home/daniel_kuo/CBDK_TSMC40_Arm_f2.0/CIC/Verilog/sc9_cln40g_base_hvt_neg.v", 60416: Timing violation in TESTBED.u_MODP_MONTYMUL.DP_OP_16J1_122_5909_clk_r_REG164_S2
    $recrem( posedge SN:8756, posedge CK &&& (ENABLE_NOT_D == 1'b1):8400, limits: (132,500) );

"/home/daniel_kuo/CBDK_TSMC40_Arm_f2.0/CIC/Verilog/sc9_cln40g_base_hvt_neg.v", 60416: Timing violation in TESTBED.u_MODP_MONTYMUL.DP_OP_16J1_122_5909_clk_r_REG824_S2
    $recrem( posedge SN:8756, posedge CK &&& (ENABLE_NOT_D == 1'b1):8400, limits: (132,500) );

"/home/daniel_kuo/CBDK_TSMC40_Arm_f2.0/CIC/Verilog/sc9_cln40g_base_hvt_neg.v", 60416: Timing violation in TESTBED.u_MODP_MONTYMUL.DP_OP_16J1_122_5909_clk_r_REG1023_S2
    $recrem( posedge SN:8756, posedge CK &&& (ENABLE_NOT_D == 1'b1):8400, limits: (132,500) );

"/home/daniel_kuo/CBDK_TSMC40_Arm_f2.0/CIC/Verilog/sc9_cln40g_base_hvt_neg.v", 60416: Timing violation in TESTBED.u_MODP_MONTYMUL.DP_OP_16J1_122_5909_clk_r_REG1022_S2
    $recrem( posedge SN:8756, posedge CK &&& (ENABLE_NOT_D == 1'b1):8400, limits: (132,500) );

"/home/daniel_kuo/CBDK_TSMC40_Arm_f2.0/CIC/Verilog/sc9_cln40g_base_hvt_neg.v", 60416: Timing violation in TESTBED.u_MODP_MONTYMUL.DP_OP_16J1_122_5909_clk_r_REG553_S2
    $recrem( posedge SN:8756, posedge CK &&& (ENABLE_NOT_D == 1'b1):8400, limits: (132,500) );

"/home/daniel_kuo/CBDK_TSMC40_Arm_f2.0/CIC/Verilog/sc9_cln40g_base_hvt_neg.v", 60416: Timing violation in TESTBED.u_MODP_MONTYMUL.DP_OP_16J1_122_5909_clk_r_REG714_S2
    $recrem( posedge SN:8756, posedge CK &&& (ENABLE_NOT_D == 1'b1):8400, limits: (132,500) );

"/home/daniel_kuo/CBDK_TSMC40_Arm_f2.0/CIC/Verilog/sc9_cln40g_base_hvt_neg.v", 60416: Timing violation in TESTBED.u_MODP_MONTYMUL.DP_OP_16J1_122_5909_clk_r_REG929_S2
    $recrem( posedge SN:8756, posedge CK &&& (ENABLE_NOT_D == 1'b1):8400, limits: (132,500) );

"/home/daniel_kuo/CBDK_TSMC40_Arm_f2.0/CIC/Verilog/sc9_cln40g_base_hvt_neg.v", 60416: Timing violation in TESTBED.u_MODP_MONTYMUL.DP_OP_16J1_122_5909_clk_r_REG880_S2
    $recrem( posedge SN:8756, posedge CK &&& (ENABLE_NOT_D == 1'b1):8400, limits: (132,500) );

"/home/daniel_kuo/CBDK_TSMC40_Arm_f2.0/CIC/Verilog/sc9_cln40g_base_hvt_neg.v", 60416: Timing violation in TESTBED.u_MODP_MONTYMUL.DP_OP_16J1_122_5909_clk_r_REG573_S2
    $recrem( posedge SN:8756, posedge CK &&& (ENABLE_NOT_D == 1'b1):8400, limits: (132,500) );

"/home/daniel_kuo/CBDK_TSMC40_Arm_f2.0/CIC/Verilog/sc9_cln40g_base_hvt_neg.v", 60416: Timing violation in TESTBED.u_MODP_MONTYMUL.DP_OP_16J1_122_5909_clk_r_REG576_S2
    $recrem( posedge SN:8756, posedge CK &&& (ENABLE_NOT_D == 1'b1):8400, limits: (132,500) );

"/home/daniel_kuo/CBDK_TSMC40_Arm_f2.0/CIC/Verilog/sc9_cln40g_base_hvt_neg.v", 60416: Timing violation in TESTBED.u_MODP_MONTYMUL.DP_OP_16J1_122_5909_clk_r_REG632_S2
    $recrem( posedge SN:8756, posedge CK &&& (ENABLE_NOT_D == 1'b1):8400, limits: (132,500) );

"/home/daniel_kuo/CBDK_TSMC40_Arm_f2.0/CIC/Verilog/sc9_cln40g_base_hvt_neg.v", 60416: Timing violation in TESTBED.u_MODP_MONTYMUL.DP_OP_16J1_122_5909_clk_r_REG624_S2
    $recrem( posedge SN:8756, posedge CK &&& (ENABLE_NOT_D == 1'b1):8400, limits: (132,500) );

"/home/daniel_kuo/CBDK_TSMC40_Arm_f2.0/CIC/Verilog/sc9_cln40g_base_hvt_neg.v", 60416: Timing violation in TESTBED.u_MODP_MONTYMUL.DP_OP_16J1_122_5909_clk_r_REG617_S2
    $recrem( posedge SN:8756, posedge CK &&& (ENABLE_NOT_D == 1'b1):8400, limits: (132,500) );

"/home/daniel_kuo/CBDK_TSMC40_Arm_f2.0/CIC/Verilog/sc9_cln40g_base_hvt_neg.v", 60416: Timing violation in TESTBED.u_MODP_MONTYMUL.DP_OP_16J1_122_5909_clk_r_REG604_S2
    $recrem( posedge SN:8756, posedge CK &&& (ENABLE_NOT_D == 1'b1):8400, limits: (132,500) );


"/home/daniel_kuo/CBDK_TSMC40_Arm_f2.0/CIC/Verilog/sc9_cln40g_base_lvt_neg.v", 60416: Timing violation in TESTBED.u_MODP_MONTYMUL.DP_OP_16J1_122_5909_clk_r_REG1569_S1
    $recrem( posedge SN:8762, posedge CK &&& (ENABLE_NOT_D == 1'b1):8400, limits: (76,500) );

"/home/daniel_kuo/CBDK_TSMC40_Arm_f2.0/CIC/Verilog/sc9_cln40g_base_lvt_neg.v", 60416: Timing violation in TESTBED.u_MODP_MONTYMUL.mult_x_1_clk_r_REG923_S2
    $recrem( posedge SN:8762, posedge CK &&& (ENABLE_NOT_D == 1'b1):8400, limits: (76,500) );

"/home/daniel_kuo/CBDK_TSMC40_Arm_f2.0/CIC/Verilog/sc9_cln40g_base_lvt_neg.v", 60416: Timing violation in TESTBED.u_MODP_MONTYMUL.DP_OP_16J1_122_5909_clk_r_REG1422_S1
    $recrem( posedge SN:8762, posedge CK &&& (ENABLE_NOT_D == 1'b1):8400, limits: (76,500) );

"/home/daniel_kuo/CBDK_TSMC40_Arm_f2.0/CIC/Verilog/sc9_cln40g_base_lvt_neg.v", 60476: Timing violation in TESTBED.u_MODP_MONTYMUL.mult_x_1_clk_r_REG1060_S2
    $recrem( posedge SN:8762, posedge CK &&& (ENABLE_NOT_D == 1'b1):8400, limits: (44,500) );

"/home/daniel_kuo/CBDK_TSMC40_Arm_f2.0/CIC/Verilog/sc9_cln40g_base_lvt_neg.v", 60596: Timing violation in TESTBED.u_MODP_MONTYMUL.mult_x_1_clk_r_REG2281_S2
    $recrem( posedge SN:8762, posedge CK &&& (ENABLE_NOT_D == 1'b1):8400, limits: (64,500) );

"/home/daniel_kuo/CBDK_TSMC40_Arm_f2.0/CIC/Verilog/sc9_cln40g_base_lvt_neg.v", 60476: Timing violation in TESTBED.u_MODP_MONTYMUL.DP_OP_16J1_122_5909_clk_r_REG1277_S1
    $recrem( posedge SN:8762, posedge CK &&& (ENABLE_NOT_D == 1'b1):8400, limits: (44,500) );

"/home/daniel_kuo/CBDK_TSMC40_Arm_f2.0/CIC/Verilog/sc9_cln40g_base_lvt_neg.v", 60476: Timing violation in TESTBED.u_MODP_MONTYMUL.mult_x_1_clk_r_REG831_S2
    $recrem( posedge SN:8762, posedge CK &&& (ENABLE_NOT_D == 1'b1):8400, limits: (44,500) );

"/home/daniel_kuo/CBDK_TSMC40_Arm_f2.0/CIC/Verilog/sc9_cln40g_base_lvt_neg.v", 60596: Timing violation in TESTBED.u_MODP_MONTYMUL.DP_OP_16J1_122_5909_clk_r_REG1522_S1
    $recrem( posedge SN:8762, posedge CK &&& (ENABLE_NOT_D == 1'b1):8400, limits: (64,500) );

"/home/daniel_kuo/CBDK_TSMC40_Arm_f2.0/CIC/Verilog/sc9_cln40g_base_lvt_neg.v", 60536: Timing violation in TESTBED.u_MODP_MONTYMUL.mult_x_1_R_45_clk_r_REG2117_S1
    $recrem( posedge SN:8762, posedge CK &&& (ENABLE_NOT_D == 1'b1):8400, limits: (54,500) );

"/home/daniel_kuo/CBDK_TSMC40_Arm_f2.0/CIC/Verilog/sc9_cln40g_base_lvt_neg.v", 60476: Timing violation in TESTBED.u_MODP_MONTYMUL.mult_x_1_clk_r_REG503_S2
    $recrem( posedge SN:8762, posedge CK &&& (ENABLE_NOT_D == 1'b1):8400, limits: (44,500) );

"/home/daniel_kuo/CBDK_TSMC40_Arm_f2.0/CIC/Verilog/sc9_cln40g_base_lvt_neg.v", 60476: Timing violation in TESTBED.u_MODP_MONTYMUL.DP_OP_16J1_122_5909_clk_r_REG1158_S1
    $recrem( posedge SN:8762, posedge CK &&& (ENABLE_NOT_D == 1'b1):8400, limits: (44,500) );

"/home/daniel_kuo/CBDK_TSMC40_Arm_f2.0/CIC/Verilog/sc9_cln40g_base_lvt_neg.v", 60476: Timing violation in TESTBED.u_MODP_MONTYMUL.DP_OP_16J1_122_5909_clk_r_REG1403_S1
    $recrem( posedge SN:8762, posedge CK &&& (ENABLE_NOT_D == 1'b1):8400, limits: (44,500) );

"/home/daniel_kuo/CBDK_TSMC40_Arm_f2.0/CIC/Verilog/sc9_cln40g_base_lvt_neg.v", 60476: Timing violation in TESTBED.u_MODP_MONTYMUL.mult_x_1_clk_r_REG874_S2
    $recrem( posedge SN:8762, posedge CK &&& (ENABLE_NOT_D == 1'b1):8400, limits: (44,500) );

"/home/daniel_kuo/CBDK_TSMC40_Arm_f2.0/CIC/Verilog/sc9_cln40g_base_lvt_neg.v", 60476: Timing violation in TESTBED.u_MODP_MONTYMUL.mult_x_1_clk_r_REG1706_S2
    $recrem( posedge SN:8762, posedge CK &&& (ENABLE_NOT_D == 1'b1):8400, limits: (44,500) );

"/home/daniel_kuo/CBDK_TSMC40_Arm_f2.0/CIC/Verilog/sc9_cln40g_base_rvt_neg.v", 60476: Timing violation in TESTBED.u_MODP_MONTYMUL.mult_x_1_clk_r_REG878_S2
    $recrem( posedge SN:8762, posedge CK &&& (ENABLE_NOT_D == 1'b1):8400, limits: (58,500) );

"/home/daniel_kuo/CBDK_TSMC40_Arm_f2.0/CIC/Verilog/sc9_cln40g_base_rvt_neg.v", 60476: Timing violation in TESTBED.u_MODP_MONTYMUL.mult_x_1_clk_r_REG773_S2
    $recrem( posedge SN:8762, posedge CK &&& (ENABLE_NOT_D == 1'b1):8400, limits: (58,500) );

"/home/daniel_kuo/CBDK_TSMC40_Arm_f2.0/CIC/Verilog/sc9_cln40g_base_lvt_neg.v", 60476: Timing violation in TESTBED.u_MODP_MONTYMUL.mult_x_1_clk_r_REG2170_S1
    $recrem( posedge SN:8762, posedge CK &&& (ENABLE_NOT_D == 1'b1):8400, limits: (44,500) );

"/home/daniel_kuo/CBDK_TSMC40_Arm_f2.0/CIC/Verilog/sc9_cln40g_base_lvt_neg.v", 60476: Timing violation in TESTBED.u_MODP_MONTYMUL.mult_x_1_clk_r_REG1127_S2
    $recrem( posedge SN:8762, posedge CK &&& (ENABLE_NOT_D == 1'b1):8400, limits: (44,500) );

"/home/daniel_kuo/CBDK_TSMC40_Arm_f2.0/CIC/Verilog/sc9_cln40g_base_rvt_neg.v", 60476: Timing violation in TESTBED.u_MODP_MONTYMUL.DP_OP_16J1_122_5909_clk_r_REG1202_S1
    $recrem( posedge SN:8762, posedge CK &&& (ENABLE_NOT_D == 1'b1):8400, limits: (58,500) );

"/home/daniel_kuo/CBDK_TSMC40_Arm_f2.0/CIC/Verilog/sc9_cln40g_base_rvt_neg.v", 60476: Timing violation in TESTBED.u_MODP_MONTYMUL.DP_OP_16J1_122_5909_clk_r_REG1207_S1
    $recrem( posedge SN:8762, posedge CK &&& (ENABLE_NOT_D == 1'b1):8400, limits: (58,500) );

"/home/daniel_kuo/CBDK_TSMC40_Arm_f2.0/CIC/Verilog/sc9_cln40g_base_rvt_neg.v", 60476: Timing violation in TESTBED.u_MODP_MONTYMUL.DP_OP_16J1_122_5909_clk_r_REG1220_S1
    $recrem( posedge SN:8762, posedge CK &&& (ENABLE_NOT_D == 1'b1):8400, limits: (58,500) );

"/home/daniel_kuo/CBDK_TSMC40_Arm_f2.0/CIC/Verilog/sc9_cln40g_base_rvt_neg.v", 60476: Timing violation in TESTBED.u_MODP_MONTYMUL.DP_OP_16J1_122_5909_clk_r_REG1252_S1
    $recrem( posedge SN:8762, posedge CK &&& (ENABLE_NOT_D == 1'b1):8400, limits: (58,500) );

"/home/daniel_kuo/CBDK_TSMC40_Arm_f2.0/CIC/Verilog/sc9_cln40g_base_rvt_neg.v", 60476: Timing violation in TESTBED.u_MODP_MONTYMUL.DP_OP_16J1_122_5909_clk_r_REG1247_S1
    $recrem( posedge SN:8762, posedge CK &&& (ENABLE_NOT_D == 1'b1):8400, limits: (58,500) );

"/home/daniel_kuo/CBDK_TSMC40_Arm_f2.0/CIC/Verilog/sc9_cln40g_base_rvt_neg.v", 60476: Timing violation in TESTBED.u_MODP_MONTYMUL.DP_OP_16J1_122_5909_clk_r_REG1275_S1
    $recrem( posedge SN:8762, posedge CK &&& (ENABLE_NOT_D == 1'b1):8400, limits: (58,500) );

"/home/daniel_kuo/CBDK_TSMC40_Arm_f2.0/CIC/Verilog/sc9_cln40g_base_rvt_neg.v", 60476: Timing violation in TESTBED.u_MODP_MONTYMUL.DP_OP_16J1_122_5909_clk_r_REG1524_S1
    $recrem( posedge SN:8762, posedge CK &&& (ENABLE_NOT_D == 1'b1):8400, limits: (58,500) );

"/home/daniel_kuo/CBDK_TSMC40_Arm_f2.0/CIC/Verilog/sc9_cln40g_base_lvt_neg.v", 60476: Timing violation in TESTBED.u_MODP_MONTYMUL.DP_OP_16J1_122_5909_clk_r_REG1580_S1
    $recrem( posedge SN:8762, posedge CK &&& (ENABLE_NOT_D == 1'b1):8400, limits: (44,500) );

"/home/daniel_kuo/CBDK_TSMC40_Arm_f2.0/CIC/Verilog/sc9_cln40g_base_hvt_neg.v", 60356: Timing violation in TESTBED.u_MODP_MONTYMUL.DP_OP_16J1_122_5909_clk_r_REG125_S1
    $recrem( posedge SN:8762, posedge CK &&& (ENABLE_NOT_D == 1'b1):8400, limits: (143,500) );

"/home/daniel_kuo/CBDK_TSMC40_Arm_f2.0/CIC/Verilog/sc9_cln40g_base_lvt_neg.v", 60476: Timing violation in TESTBED.u_MODP_MONTYMUL.DP_OP_16J1_122_5909_clk_r_REG167_S3
    $recrem( posedge SN:8762, posedge CK &&& (ENABLE_NOT_D == 1'b1):8400, limits: (44,500) );

"/home/daniel_kuo/CBDK_TSMC40_Arm_f2.0/CIC/Verilog/sc9_cln40g_base_rvt_neg.v", 60476: Timing violation in TESTBED.u_MODP_MONTYMUL.DP_OP_16J1_122_5909_clk_r_REG1602_S1
    $recrem( posedge SN:8762, posedge CK &&& (ENABLE_NOT_D == 1'b1):8400, limits: (58,500) );

"/home/daniel_kuo/CBDK_TSMC40_Arm_f2.0/CIC/Verilog/sc9_cln40g_base_lvt_neg.v", 60476: Timing violation in TESTBED.u_MODP_MONTYMUL.DP_OP_16J1_122_5909_clk_r_REG541_S1
    $recrem( posedge SN:8762, posedge CK &&& (ENABLE_NOT_D == 1'b1):8400, limits: (44,500) );


"/home/daniel_kuo/CBDK_TSMC40_Arm_f2.0/CIC/Verilog/sc9_cln40g_base_rvt_neg.v", 60416: Timing violation in TESTBED.u_MODP_MONTYMUL.mult_x_1_clk_r_REG1936_S2
    $recrem( posedge SN:8773, posedge CK &&& (ENABLE_NOT_D == 1'b1):8400, limits: (102,500) );

"/home/daniel_kuo/CBDK_TSMC40_Arm_f2.0/CIC/Verilog/sc9_cln40g_base_lvt_neg.v", 60416: Timing violation in TESTBED.u_MODP_MONTYMUL.DP_OP_16J1_122_5909_clk_r_REG1392_S1
    $recrem( posedge SN:8773, posedge CK &&& (ENABLE_NOT_D == 1'b1):8400, limits: (73,500) );

"/home/daniel_kuo/CBDK_TSMC40_Arm_f2.0/CIC/Verilog/sc9_cln40g_base_lvt_neg.v", 60476: Timing violation in TESTBED.u_MODP_MONTYMUL.mult_x_1_clk_r_REG1209_S2
    $recrem( posedge SN:8773, posedge CK &&& (ENABLE_NOT_D == 1'b1):8400, limits: (42,500) );

"/home/daniel_kuo/CBDK_TSMC40_Arm_f2.0/CIC/Verilog/sc9_cln40g_base_lvt_neg.v", 60596: Timing violation in TESTBED.u_MODP_MONTYMUL.DP_OP_16J1_122_5909_clk_r_REG1416_S1
    $recrem( posedge SN:8773, posedge CK &&& (ENABLE_NOT_D == 1'b1):8400, limits: (61,500) );

"/home/daniel_kuo/CBDK_TSMC40_Arm_f2.0/CIC/Verilog/sc9_cln40g_base_lvt_neg.v", 60596: Timing violation in TESTBED.u_MODP_MONTYMUL.DP_OP_16J1_122_5909_clk_r_REG1373_S1
    $recrem( posedge SN:8773, posedge CK &&& (ENABLE_NOT_D == 1'b1):8400, limits: (61,500) );

"/home/daniel_kuo/CBDK_TSMC40_Arm_f2.0/CIC/Verilog/sc9_cln40g_base_lvt_neg.v", 60476: Timing violation in TESTBED.u_MODP_MONTYMUL.DP_OP_16J1_122_5909_clk_r_REG1261_S1
    $recrem( posedge SN:8773, posedge CK &&& (ENABLE_NOT_D == 1'b1):8400, limits: (42,500) );

"/home/daniel_kuo/CBDK_TSMC40_Arm_f2.0/CIC/Verilog/sc9_cln40g_base_lvt_neg.v", 60476: Timing violation in TESTBED.u_MODP_MONTYMUL.DP_OP_16J1_122_5909_clk_r_REG1552_S1
    $recrem( posedge SN:8773, posedge CK &&& (ENABLE_NOT_D == 1'b1):8400, limits: (42,500) );

"/home/daniel_kuo/CBDK_TSMC40_Arm_f2.0/CIC/Verilog/sc9_cln40g_base_rvt_neg.v", 60596: Timing violation in TESTBED.u_MODP_MONTYMUL.mult_x_1_clk_r_REG918_S2
    $recrem( posedge SN:8773, posedge CK &&& (ENABLE_NOT_D == 1'b1):8400, limits: (75,500) );

"/home/daniel_kuo/CBDK_TSMC40_Arm_f2.0/CIC/Verilog/sc9_cln40g_base_lvt_neg.v", 60596: Timing violation in TESTBED.u_MODP_MONTYMUL.mult_x_1_R_107_clk_r_REG1725_S2
    $recrem( posedge SN:8773, posedge CK &&& (ENABLE_NOT_D == 1'b1):8400, limits: (61,500) );

"/home/daniel_kuo/CBDK_TSMC40_Arm_f2.0/CIC/Verilog/sc9_cln40g_base_lvt_neg.v", 60476: Timing violation in TESTBED.u_MODP_MONTYMUL.DP_OP_16J1_122_5909_clk_r_REG1394_S1
    $recrem( posedge SN:8773, posedge CK &&& (ENABLE_NOT_D == 1'b1):8400, limits: (42,500) );

"/home/daniel_kuo/CBDK_TSMC40_Arm_f2.0/CIC/Verilog/sc9_cln40g_base_lvt_neg.v", 60476: Timing violation in TESTBED.u_MODP_MONTYMUL.DP_OP_16J1_122_5909_clk_r_REG1160_S1
    $recrem( posedge SN:8773, posedge CK &&& (ENABLE_NOT_D == 1'b1):8400, limits: (42,500) );

"/home/daniel_kuo/CBDK_TSMC40_Arm_f2.0/CIC/Verilog/sc9_cln40g_base_lvt_neg.v", 60476: Timing violation in TESTBED.u_MODP_MONTYMUL.DP_OP_16J1_122_5909_clk_r_REG1169_S1
    $recrem( posedge SN:8773, posedge CK &&& (ENABLE_NOT_D == 1'b1):8400, limits: (42,500) );

"/home/daniel_kuo/CBDK_TSMC40_Arm_f2.0/CIC/Verilog/sc9_cln40g_base_lvt_neg.v", 60476: Timing violation in TESTBED.u_MODP_MONTYMUL.DP_OP_16J1_122_5909_clk_r_REG1559_S1
    $recrem( posedge SN:8773, posedge CK &&& (ENABLE_NOT_D == 1'b1):8400, limits: (42,500) );

"/home/daniel_kuo/CBDK_TSMC40_Arm_f2.0/CIC/Verilog/sc9_cln40g_base_lvt_neg.v", 60476: Timing violation in TESTBED.u_MODP_MONTYMUL.DP_OP_16J1_122_5909_clk_r_REG1338_S1
    $recrem( posedge SN:8773, posedge CK &&& (ENABLE_NOT_D == 1'b1):8400, limits: (42,500) );

"/home/daniel_kuo/CBDK_TSMC40_Arm_f2.0/CIC/Verilog/sc9_cln40g_base_lvt_neg.v", 60476: Timing violation in TESTBED.u_MODP_MONTYMUL.DP_OP_16J1_122_5909_clk_r_REG1496_S1
    $recrem( posedge SN:8773, posedge CK &&& (ENABLE_NOT_D == 1'b1):8400, limits: (42,500) );

"/home/daniel_kuo/CBDK_TSMC40_Arm_f2.0/CIC/Verilog/sc9_cln40g_base_lvt_neg.v", 60476: Timing violation in TESTBED.u_MODP_MONTYMUL.DP_OP_16J1_122_5909_clk_r_REG294_S1
    $recrem( posedge SN:8773, posedge CK &&& (ENABLE_NOT_D == 1'b1):8400, limits: (42,500) );

"/home/daniel_kuo/CBDK_TSMC40_Arm_f2.0/CIC/Verilog/sc9_cln40g_base_lvt_neg.v", 60476: Timing violation in TESTBED.u_MODP_MONTYMUL.mult_x_1_clk_r_REG770_S2
    $recrem( posedge SN:8773, posedge CK &&& (ENABLE_NOT_D == 1'b1):8400, limits: (42,500) );

"/home/daniel_kuo/CBDK_TSMC40_Arm_f2.0/CIC/Verilog/sc9_cln40g_base_lvt_neg.v", 60476: Timing violation in TESTBED.u_MODP_MONTYMUL.mult_x_1_clk_r_REG2291_S1
    $recrem( posedge SN:8773, posedge CK &&& (ENABLE_NOT_D == 1'b1):8400, limits: (42,500) );

"/home/daniel_kuo/CBDK_TSMC40_Arm_f2.0/CIC/Verilog/sc9_cln40g_base_lvt_neg.v", 60476: Timing violation in TESTBED.u_MODP_MONTYMUL.DP_OP_16J1_122_5909_clk_r_REG2319_S1
    $recrem( posedge SN:8773, posedge CK &&& (ENABLE_NOT_D == 1'b1):8400, limits: (42,500) );

PASS NO.   1
PASS NO.   2
PASS NO.   3
PASS NO.   4
PASS NO.   5
PASS NO.   6
PASS NO.   7
PASS NO.   8
PASS NO.   9
PASS NO.  10
PASS NO.  11
PASS NO.  12
PASS NO.  13
PASS NO.  14
PASS NO.  15
PASS NO.  16
PASS NO.  17
PASS NO.  18
PASS NO.  19
PASS NO.  20
PASS NO.  21
PASS NO.  22
PASS NO.  23
PASS NO.  24
PASS NO.  25
PASS NO.  26
PASS NO.  27
PASS NO.  28
PASS NO.  29
PASS NO.  30
PASS NO.  31
PASS NO.  32
PASS NO.  33
PASS NO.  34
PASS NO.  35
PASS NO.  36
PASS NO.  37
PASS NO.  38
PASS NO.  39
PASS NO.  40
PASS NO.  41
PASS NO.  42
PASS NO.  43
PASS NO.  44
PASS NO.  45
PASS NO.  46
PASS NO.  47
PASS NO.  48
PASS NO.  49
PASS NO.  50
PASS NO.  51
PASS NO.  52
PASS NO.  53
PASS NO.  54
PASS NO.  55
PASS NO.  56
PASS NO.  57
PASS NO.  58
PASS NO.  59
PASS NO.  60
PASS NO.  61
PASS NO.  62
PASS NO.  63
PASS NO.  64
PASS NO.  65
PASS NO.  66
PASS NO.  67
PASS NO.  68
PASS NO.  69
PASS NO.  70
PASS NO.  71
PASS NO.  72
PASS NO.  73
PASS NO.  74
PASS NO.  75
PASS NO.  76
PASS NO.  77
PASS NO.  78
PASS NO.  79
PASS NO.  80
PASS NO.  81
PASS NO.  82
PASS NO.  83
PASS NO.  84
PASS NO.  85
PASS NO.  86
PASS NO.  87
PASS NO.  88
PASS NO.  89
PASS NO.  90
PASS NO.  91
PASS NO.  92
PASS NO.  93
PASS NO.  94
PASS NO.  95
PASS NO.  96
PASS NO.  97
PASS NO.  98
PASS NO.  99
PASS NO. 100
PASS NO. 101
PASS NO. 102
PASS NO. 103
PASS NO. 104
PASS NO. 105
PASS NO. 106
PASS NO. 107
PASS NO. 108
PASS NO. 109
PASS NO. 110
PASS NO. 111
PASS NO. 112
PASS NO. 113
PASS NO. 114
PASS NO. 115
PASS NO. 116
PASS NO. 117
PASS NO. 118
PASS NO. 119
PASS NO. 120
PASS NO. 121
PASS NO. 122
PASS NO. 123
PASS NO. 124
PASS NO. 125
PASS NO. 126
PASS NO. 127
PASS NO. 128
PASS NO. 129
PASS NO. 130
PASS NO. 131
PASS NO. 132
PASS NO. 133
PASS NO. 134
PASS NO. 135
PASS NO. 136
PASS NO. 137
PASS NO. 138
PASS NO. 139
PASS NO. 140
PASS NO. 141
PASS NO. 142
PASS NO. 143
PASS NO. 144
PASS NO. 145
PASS NO. 146
PASS NO. 147
PASS NO. 148
PASS NO. 149
PASS NO. 150
PASS NO. 151
PASS NO. 152
PASS NO. 153
PASS NO. 154
PASS NO. 155
PASS NO. 156
PASS NO. 157
PASS NO. 158
PASS NO. 159
PASS NO. 160
PASS NO. 161
PASS NO. 162
PASS NO. 163
PASS NO. 164
PASS NO. 165
PASS NO. 166
PASS NO. 167
PASS NO. 168
PASS NO. 169
PASS NO. 170
PASS NO. 171
PASS NO. 172
PASS NO. 173
PASS NO. 174
PASS NO. 175
PASS NO. 176
PASS NO. 177
PASS NO. 178
PASS NO. 179
PASS NO. 180
PASS NO. 181
PASS NO. 182
PASS NO. 183
PASS NO. 184
PASS NO. 185
PASS NO. 186
PASS NO. 187
PASS NO. 188
PASS NO. 189
PASS NO. 190
PASS NO. 191
PASS NO. 192
PASS NO. 193
PASS NO. 194
PASS NO. 195
PASS NO. 196
PASS NO. 197
PASS NO. 198
PASS NO. 199
PASS NO. 200
PASS NO. 201
PASS NO. 202
PASS NO. 203
PASS NO. 204
PASS NO. 205
PASS NO. 206
PASS NO. 207
PASS NO. 208
PASS NO. 209
PASS NO. 210
PASS NO. 211
PASS NO. 212
PASS NO. 213
PASS NO. 214
PASS NO. 215
PASS NO. 216
PASS NO. 217
PASS NO. 218
PASS NO. 219
PASS NO. 220
PASS NO. 221
PASS NO. 222
PASS NO. 223
PASS NO. 224
PASS NO. 225
PASS NO. 226
PASS NO. 227
PASS NO. 228
PASS NO. 229
PASS NO. 230
PASS NO. 231
PASS NO. 232
PASS NO. 233
PASS NO. 234
PASS NO. 235
PASS NO. 236
PASS NO. 237
PASS NO. 238
PASS NO. 239
PASS NO. 240
PASS NO. 241
PASS NO. 242
PASS NO. 243
PASS NO. 244
PASS NO. 245
PASS NO. 246
PASS NO. 247
PASS NO. 248
PASS NO. 249
PASS NO. 250
PASS NO. 251
PASS NO. 252
PASS NO. 253
PASS NO. 254
PASS NO. 255
PASS NO. 256
PASS NO. 257
PASS NO. 258
PASS NO. 259
PASS NO. 260
PASS NO. 261
PASS NO. 262
PASS NO. 263
PASS NO. 264
PASS NO. 265
PASS NO. 266
PASS NO. 267
PASS NO. 268
PASS NO. 269
PASS NO. 270
PASS NO. 271
PASS NO. 272
PASS NO. 273
PASS NO. 274
PASS NO. 275
PASS NO. 276
PASS NO. 277
PASS NO. 278
PASS NO. 279
PASS NO. 280
PASS NO. 281
PASS NO. 282
PASS NO. 283
PASS NO. 284
PASS NO. 285
PASS NO. 286
PASS NO. 287
PASS NO. 288
PASS NO. 289
PASS NO. 290
PASS NO. 291
PASS NO. 292
PASS NO. 293
PASS NO. 294
PASS NO. 295
PASS NO. 296
PASS NO. 297
PASS NO. 298
PASS NO. 299
PASS NO. 300
PASS NO. 301
PASS NO. 302
PASS NO. 303
PASS NO. 304
PASS NO. 305
PASS NO. 306
PASS NO. 307
PASS NO. 308
PASS NO. 309
PASS NO. 310
PASS NO. 311
PASS NO. 312
PASS NO. 313
PASS NO. 314
PASS NO. 315
PASS NO. 316
PASS NO. 317
PASS NO. 318
PASS NO. 319
PASS NO. 320
PASS NO. 321
PASS NO. 322
PASS NO. 323
PASS NO. 324
PASS NO. 325
PASS NO. 326
PASS NO. 327
PASS NO. 328
PASS NO. 329
PASS NO. 330
PASS NO. 331
PASS NO. 332
PASS NO. 333
PASS NO. 334
PASS NO. 335
PASS NO. 336
PASS NO. 337
PASS NO. 338
PASS NO. 339
PASS NO. 340
PASS NO. 341
PASS NO. 342
PASS NO. 343
PASS NO. 344
PASS NO. 345
PASS NO. 346
PASS NO. 347
PASS NO. 348
PASS NO. 349
PASS NO. 350
PASS NO. 351
PASS NO. 352
PASS NO. 353
PASS NO. 354
PASS NO. 355
PASS NO. 356
PASS NO. 357
PASS NO. 358
PASS NO. 359
PASS NO. 360
PASS NO. 361
PASS NO. 362
PASS NO. 363
PASS NO. 364
PASS NO. 365
PASS NO. 366
PASS NO. 367
PASS NO. 368
PASS NO. 369
PASS NO. 370
PASS NO. 371
PASS NO. 372
PASS NO. 373
PASS NO. 374
PASS NO. 375
PASS NO. 376
PASS NO. 377
PASS NO. 378
PASS NO. 379
PASS NO. 380
PASS NO. 381
PASS NO. 382
PASS NO. 383
PASS NO. 384
PASS NO. 385
PASS NO. 386
PASS NO. 387
PASS NO. 388
PASS NO. 389
PASS NO. 390
PASS NO. 391
PASS NO. 392
PASS NO. 393
PASS NO. 394
PASS NO. 395
PASS NO. 396
PASS NO. 397
PASS NO. 398
PASS NO. 399
PASS NO. 400
PASS NO. 401
PASS NO. 402
PASS NO. 403
PASS NO. 404
PASS NO. 405
PASS NO. 406
PASS NO. 407
PASS NO. 408
PASS NO. 409
PASS NO. 410
PASS NO. 411
PASS NO. 412
PASS NO. 413
PASS NO. 414
PASS NO. 415
PASS NO. 416
PASS NO. 417
PASS NO. 418
PASS NO. 419
PASS NO. 420
PASS NO. 421
PASS NO. 422
PASS NO. 423
PASS NO. 424
PASS NO. 425
PASS NO. 426
PASS NO. 427
PASS NO. 428
PASS NO. 429
PASS NO. 430
PASS NO. 431
PASS NO. 432
PASS NO. 433
PASS NO. 434
PASS NO. 435
PASS NO. 436
PASS NO. 437
PASS NO. 438
PASS NO. 439
PASS NO. 440
PASS NO. 441
PASS NO. 442
PASS NO. 443
PASS NO. 444
PASS NO. 445
PASS NO. 446
PASS NO. 447
PASS NO. 448
PASS NO. 449
PASS NO. 450
PASS NO. 451
PASS NO. 452
PASS NO. 453
PASS NO. 454
PASS NO. 455
PASS NO. 456
PASS NO. 457
PASS NO. 458
PASS NO. 459
PASS NO. 460
PASS NO. 461
PASS NO. 462
PASS NO. 463
PASS NO. 464
PASS NO. 465
PASS NO. 466
PASS NO. 467
PASS NO. 468
PASS NO. 469
PASS NO. 470
PASS NO. 471
PASS NO. 472
PASS NO. 473
PASS NO. 474
PASS NO. 475
PASS NO. 476
PASS NO. 477
PASS NO. 478
PASS NO. 479
PASS NO. 480
PASS NO. 481
PASS NO. 482
PASS NO. 483
PASS NO. 484
PASS NO. 485
PASS NO. 486
PASS NO. 487
PASS NO. 488
PASS NO. 489
PASS NO. 490
PASS NO. 491
PASS NO. 492
PASS NO. 493
PASS NO. 494
PASS NO. 495
PASS NO. 496
PASS NO. 497
PASS NO. 498
PASS NO. 499
PASS NO. 500
PASS NO. 501
PASS NO. 502
PASS NO. 503
PASS NO. 504
PASS NO. 505
PASS NO. 506
PASS NO. 507
PASS NO. 508
PASS NO. 509
PASS NO. 510
PASS NO. 511
PASS NO. 512
PASS NO. 513
PASS NO. 514
PASS NO. 515
PASS NO. 516
PASS NO. 517
PASS NO. 518
PASS NO. 519
PASS NO. 520
PASS NO. 521
PASS NO. 522
PASS NO. 523
PASS NO. 524
PASS NO. 525
PASS NO. 526
PASS NO. 527
PASS NO. 528
PASS NO. 529
PASS NO. 530
PASS NO. 531
PASS NO. 532
PASS NO. 533
PASS NO. 534
PASS NO. 535
PASS NO. 536
PASS NO. 537
PASS NO. 538
PASS NO. 539
PASS NO. 540
PASS NO. 541
PASS NO. 542
PASS NO. 543
PASS NO. 544
PASS NO. 545
PASS NO. 546
PASS NO. 547
PASS NO. 548
PASS NO. 549
PASS NO. 550
PASS NO. 551
PASS NO. 552
PASS NO. 553
PASS NO. 554
PASS NO. 555
PASS NO. 556
PASS NO. 557
PASS NO. 558
PASS NO. 559
PASS NO. 560
PASS NO. 561
PASS NO. 562
PASS NO. 563
PASS NO. 564
PASS NO. 565
PASS NO. 566
PASS NO. 567
PASS NO. 568
PASS NO. 569
PASS NO. 570
PASS NO. 571
PASS NO. 572
PASS NO. 573
PASS NO. 574
PASS NO. 575
PASS NO. 576
PASS NO. 577
PASS NO. 578
PASS NO. 579
PASS NO. 580
PASS NO. 581
PASS NO. 582
PASS NO. 583
PASS NO. 584
PASS NO. 585
PASS NO. 586
PASS NO. 587
PASS NO. 588
PASS NO. 589
PASS NO. 590
PASS NO. 591
PASS NO. 592
PASS NO. 593
PASS NO. 594
PASS NO. 595
PASS NO. 596
PASS NO. 597
PASS NO. 598
PASS NO. 599
PASS NO. 600
PASS NO. 601
PASS NO. 602
PASS NO. 603
PASS NO. 604
PASS NO. 605
PASS NO. 606
PASS NO. 607
PASS NO. 608
PASS NO. 609
PASS NO. 610
PASS NO. 611
PASS NO. 612
PASS NO. 613
PASS NO. 614
PASS NO. 615
PASS NO. 616
PASS NO. 617
PASS NO. 618
PASS NO. 619
PASS NO. 620
PASS NO. 621
PASS NO. 622
PASS NO. 623
PASS NO. 624
PASS NO. 625
PASS NO. 626
PASS NO. 627
PASS NO. 628
PASS NO. 629
PASS NO. 630
PASS NO. 631
PASS NO. 632
PASS NO. 633
PASS NO. 634
PASS NO. 635
PASS NO. 636
PASS NO. 637
PASS NO. 638
PASS NO. 639
PASS NO. 640
PASS NO. 641
PASS NO. 642
PASS NO. 643
PASS NO. 644
PASS NO. 645
PASS NO. 646
PASS NO. 647
PASS NO. 648
PASS NO. 649
PASS NO. 650
PASS NO. 651
PASS NO. 652
PASS NO. 653
PASS NO. 654
PASS NO. 655
PASS NO. 656
PASS NO. 657
PASS NO. 658
PASS NO. 659
PASS NO. 660
PASS NO. 661
PASS NO. 662
PASS NO. 663
PASS NO. 664
PASS NO. 665
PASS NO. 666
PASS NO. 667
PASS NO. 668
PASS NO. 669
PASS NO. 670
PASS NO. 671
PASS NO. 672
PASS NO. 673
PASS NO. 674
PASS NO. 675
PASS NO. 676
PASS NO. 677
PASS NO. 678
PASS NO. 679
PASS NO. 680
PASS NO. 681
PASS NO. 682
PASS NO. 683
PASS NO. 684
PASS NO. 685
PASS NO. 686
PASS NO. 687
PASS NO. 688
PASS NO. 689
PASS NO. 690
PASS NO. 691
PASS NO. 692
PASS NO. 693
PASS NO. 694
PASS NO. 695
PASS NO. 696
PASS NO. 697
PASS NO. 698
PASS NO. 699
PASS NO. 700
PASS NO. 701
PASS NO. 702
PASS NO. 703
PASS NO. 704
PASS NO. 705
PASS NO. 706
PASS NO. 707
PASS NO. 708
PASS NO. 709
PASS NO. 710
PASS NO. 711
PASS NO. 712
PASS NO. 713
PASS NO. 714
PASS NO. 715
PASS NO. 716
PASS NO. 717
PASS NO. 718
PASS NO. 719
PASS NO. 720
PASS NO. 721
PASS NO. 722
PASS NO. 723
PASS NO. 724
PASS NO. 725
PASS NO. 726
PASS NO. 727
PASS NO. 728
PASS NO. 729
PASS NO. 730
PASS NO. 731
PASS NO. 732
PASS NO. 733
PASS NO. 734
PASS NO. 735
PASS NO. 736
PASS NO. 737
PASS NO. 738
PASS NO. 739
PASS NO. 740
PASS NO. 741
PASS NO. 742
PASS NO. 743
PASS NO. 744
PASS NO. 745
PASS NO. 746
PASS NO. 747
PASS NO. 748
PASS NO. 749
PASS NO. 750
PASS NO. 751
PASS NO. 752
PASS NO. 753
PASS NO. 754
PASS NO. 755
PASS NO. 756
PASS NO. 757
PASS NO. 758
PASS NO. 759
PASS NO. 760
PASS NO. 761
PASS NO. 762
PASS NO. 763
PASS NO. 764
PASS NO. 765
PASS NO. 766
PASS NO. 767
PASS NO. 768
PASS NO. 769
PASS NO. 770
PASS NO. 771
PASS NO. 772
PASS NO. 773
PASS NO. 774
PASS NO. 775
PASS NO. 776
PASS NO. 777
PASS NO. 778
PASS NO. 779
PASS NO. 780
PASS NO. 781
PASS NO. 782
PASS NO. 783
PASS NO. 784
PASS NO. 785
PASS NO. 786
PASS NO. 787
PASS NO. 788
PASS NO. 789
PASS NO. 790
PASS NO. 791
PASS NO. 792
PASS NO. 793
PASS NO. 794
PASS NO. 795
PASS NO. 796
PASS NO. 797
PASS NO. 798
PASS NO. 799
PASS NO. 800
PASS NO. 801
PASS NO. 802
PASS NO. 803
PASS NO. 804
PASS NO. 805
PASS NO. 806
PASS NO. 807
PASS NO. 808
PASS NO. 809
PASS NO. 810
PASS NO. 811
PASS NO. 812
PASS NO. 813
PASS NO. 814
PASS NO. 815
PASS NO. 816
PASS NO. 817
PASS NO. 818
PASS NO. 819
PASS NO. 820
PASS NO. 821
PASS NO. 822
PASS NO. 823
PASS NO. 824
PASS NO. 825
PASS NO. 826
PASS NO. 827
PASS NO. 828
PASS NO. 829
PASS NO. 830
PASS NO. 831
PASS NO. 832
PASS NO. 833
PASS NO. 834
PASS NO. 835
PASS NO. 836
PASS NO. 837
PASS NO. 838
PASS NO. 839
PASS NO. 840
PASS NO. 841
PASS NO. 842
PASS NO. 843
PASS NO. 844
PASS NO. 845
PASS NO. 846
PASS NO. 847
PASS NO. 848
PASS NO. 849
PASS NO. 850
PASS NO. 851
PASS NO. 852
PASS NO. 853
PASS NO. 854
PASS NO. 855
PASS NO. 856
PASS NO. 857
PASS NO. 858
PASS NO. 859
PASS NO. 860
PASS NO. 861
PASS NO. 862
PASS NO. 863
PASS NO. 864
PASS NO. 865
PASS NO. 866
PASS NO. 867
PASS NO. 868
PASS NO. 869
PASS NO. 870
PASS NO. 871
PASS NO. 872
PASS NO. 873
PASS NO. 874
PASS NO. 875
PASS NO. 876
PASS NO. 877
PASS NO. 878
PASS NO. 879
PASS NO. 880
PASS NO. 881
PASS NO. 882
PASS NO. 883
PASS NO. 884
PASS NO. 885
PASS NO. 886
PASS NO. 887
PASS NO. 888
PASS NO. 889
PASS NO. 890
PASS NO. 891
PASS NO. 892
PASS NO. 893
PASS NO. 894
PASS NO. 895
PASS NO. 896
PASS NO. 897
PASS NO. 898
PASS NO. 899
PASS NO. 900
PASS NO. 901
PASS NO. 902
PASS NO. 903
PASS NO. 904
PASS NO. 905
PASS NO. 906
PASS NO. 907
PASS NO. 908
PASS NO. 909
PASS NO. 910
PASS NO. 911
PASS NO. 912
PASS NO. 913
PASS NO. 914
PASS NO. 915
PASS NO. 916
PASS NO. 917
PASS NO. 918
PASS NO. 919
PASS NO. 920
PASS NO. 921
PASS NO. 922
PASS NO. 923
PASS NO. 924
PASS NO. 925
PASS NO. 926
PASS NO. 927
PASS NO. 928
PASS NO. 929
PASS NO. 930
PASS NO. 931
PASS NO. 932
PASS NO. 933
PASS NO. 934
PASS NO. 935
PASS NO. 936
PASS NO. 937
PASS NO. 938
PASS NO. 939
PASS NO. 940
PASS NO. 941
PASS NO. 942
PASS NO. 943
PASS NO. 944
PASS NO. 945
PASS NO. 946
PASS NO. 947
PASS NO. 948
PASS NO. 949
PASS NO. 950
PASS NO. 951
PASS NO. 952
PASS NO. 953
PASS NO. 954
PASS NO. 955
PASS NO. 956
PASS NO. 957
PASS NO. 958
PASS NO. 959
PASS NO. 960
PASS NO. 961
PASS NO. 962
PASS NO. 963
PASS NO. 964
PASS NO. 965
PASS NO. 966
PASS NO. 967
PASS NO. 968
PASS NO. 969
PASS NO. 970
PASS NO. 971
PASS NO. 972
PASS NO. 973
PASS NO. 974
PASS NO. 975
PASS NO. 976
PASS NO. 977
PASS NO. 978
PASS NO. 979
PASS NO. 980
PASS NO. 981
PASS NO. 982
PASS NO. 983
PASS NO. 984
PASS NO. 985
PASS NO. 986
PASS NO. 987
PASS NO. 988
PASS NO. 989
PASS NO. 990
PASS NO. 991
PASS NO. 992
PASS NO. 993
PASS NO. 994
PASS NO. 995
PASS NO. 996
PASS NO. 997
PASS NO. 998
PASS NO. 999
PASS NO.1000
PASS NO.1001
PASS NO.1002
PASS NO.1003
PASS NO.1004
PASS NO.1005
PASS NO.1006
PASS NO.1007
PASS NO.1008
PASS NO.1009
PASS NO.1010
PASS NO.1011
PASS NO.1012
PASS NO.1013
PASS NO.1014
PASS NO.1015
PASS NO.1016
PASS NO.1017
PASS NO.1018
PASS NO.1019
PASS NO.1020
PASS NO.1021
PASS NO.1022
PASS NO.1023
PASS NO.1024
PASS NO.1025
PASS NO.1026
PASS NO.1027
PASS NO.1028
PASS NO.1029
PASS NO.1030
PASS NO.1031
PASS NO.1032
PASS NO.1033
PASS NO.1034
PASS NO.1035
PASS NO.1036
PASS NO.1037
PASS NO.1038
PASS NO.1039
PASS NO.1040
PASS NO.1041
PASS NO.1042
PASS NO.1043
PASS NO.1044
PASS NO.1045
PASS NO.1046
PASS NO.1047
PASS NO.1048
PASS NO.1049
PASS NO.1050
PASS NO.1051
PASS NO.1052
PASS NO.1053
PASS NO.1054
PASS NO.1055
PASS NO.1056
PASS NO.1057
PASS NO.1058
PASS NO.1059
PASS NO.1060
PASS NO.1061
PASS NO.1062
PASS NO.1063
PASS NO.1064
PASS NO.1065
PASS NO.1066
PASS NO.1067
PASS NO.1068
PASS NO.1069
PASS NO.1070
PASS NO.1071
PASS NO.1072
PASS NO.1073
PASS NO.1074
PASS NO.1075
PASS NO.1076
PASS NO.1077
PASS NO.1078
PASS NO.1079
PASS NO.1080
PASS NO.1081
PASS NO.1082
PASS NO.1083
PASS NO.1084
PASS NO.1085
PASS NO.1086
PASS NO.1087
PASS NO.1088
PASS NO.1089
PASS NO.1090
PASS NO.1091
PASS NO.1092
PASS NO.1093
PASS NO.1094
PASS NO.1095
PASS NO.1096
PASS NO.1097
PASS NO.1098
PASS NO.1099
PASS NO.1100
PASS NO.1101
PASS NO.1102
PASS NO.1103
PASS NO.1104
PASS NO.1105
PASS NO.1106
PASS NO.1107
PASS NO.1108
PASS NO.1109
PASS NO.1110
PASS NO.1111
PASS NO.1112
PASS NO.1113
PASS NO.1114
PASS NO.1115
PASS NO.1116
PASS NO.1117
PASS NO.1118
PASS NO.1119
PASS NO.1120
PASS NO.1121
PASS NO.1122
PASS NO.1123
PASS NO.1124
PASS NO.1125
PASS NO.1126
PASS NO.1127
PASS NO.1128
PASS NO.1129
PASS NO.1130
PASS NO.1131
PASS NO.1132
PASS NO.1133
PASS NO.1134
PASS NO.1135
PASS NO.1136
PASS NO.1137
PASS NO.1138
PASS NO.1139
PASS NO.1140
PASS NO.1141
PASS NO.1142
PASS NO.1143
PASS NO.1144
PASS NO.1145
PASS NO.1146
PASS NO.1147
PASS NO.1148
PASS NO.1149
PASS NO.1150
PASS NO.1151
PASS NO.1152
PASS NO.1153
PASS NO.1154
PASS NO.1155
PASS NO.1156
PASS NO.1157
PASS NO.1158
PASS NO.1159
PASS NO.1160
PASS NO.1161
PASS NO.1162
PASS NO.1163
PASS NO.1164
PASS NO.1165
PASS NO.1166
PASS NO.1167
PASS NO.1168
PASS NO.1169
PASS NO.1170
PASS NO.1171
PASS NO.1172
PASS NO.1173
PASS NO.1174
PASS NO.1175
PASS NO.1176
PASS NO.1177
PASS NO.1178
PASS NO.1179
PASS NO.1180
PASS NO.1181
PASS NO.1182
PASS NO.1183
PASS NO.1184
PASS NO.1185
PASS NO.1186
PASS NO.1187
PASS NO.1188
PASS NO.1189
PASS NO.1190
PASS NO.1191
PASS NO.1192
PASS NO.1193
PASS NO.1194
PASS NO.1195
PASS NO.1196
PASS NO.1197
PASS NO.1198
PASS NO.1199
PASS NO.1200
PASS NO.1201
PASS NO.1202
PASS NO.1203
PASS NO.1204
PASS NO.1205
PASS NO.1206
PASS NO.1207
PASS NO.1208
PASS NO.1209
PASS NO.1210
PASS NO.1211
PASS NO.1212
PASS NO.1213
PASS NO.1214
PASS NO.1215
PASS NO.1216
PASS NO.1217
PASS NO.1218
PASS NO.1219
PASS NO.1220
PASS NO.1221
PASS NO.1222
PASS NO.1223
PASS NO.1224
PASS NO.1225
PASS NO.1226
PASS NO.1227
PASS NO.1228
PASS NO.1229
PASS NO.1230
PASS NO.1231
PASS NO.1232
PASS NO.1233
PASS NO.1234
PASS NO.1235
PASS NO.1236
PASS NO.1237
PASS NO.1238
PASS NO.1239
PASS NO.1240
PASS NO.1241
PASS NO.1242
PASS NO.1243
PASS NO.1244
PASS NO.1245
PASS NO.1246
PASS NO.1247
PASS NO.1248
PASS NO.1249
PASS NO.1250
PASS NO.1251
PASS NO.1252
PASS NO.1253
PASS NO.1254
PASS NO.1255
PASS NO.1256
PASS NO.1257
PASS NO.1258
PASS NO.1259
PASS NO.1260
PASS NO.1261
PASS NO.1262
PASS NO.1263
PASS NO.1264
PASS NO.1265
PASS NO.1266
PASS NO.1267
PASS NO.1268
PASS NO.1269
PASS NO.1270
PASS NO.1271
PASS NO.1272
PASS NO.1273
PASS NO.1274
PASS NO.1275
PASS NO.1276
PASS NO.1277
PASS NO.1278
PASS NO.1279
PASS NO.1280
PASS NO.1281
PASS NO.1282
PASS NO.1283
PASS NO.1284
PASS NO.1285
PASS NO.1286
PASS NO.1287
PASS NO.1288
PASS NO.1289
PASS NO.1290
PASS NO.1291
PASS NO.1292
PASS NO.1293
PASS NO.1294
PASS NO.1295
PASS NO.1296
PASS NO.1297
PASS NO.1298
PASS NO.1299
PASS NO.1300
PASS NO.1301
PASS NO.1302
PASS NO.1303
PASS NO.1304
PASS NO.1305
PASS NO.1306
PASS NO.1307
PASS NO.1308
PASS NO.1309
PASS NO.1310
PASS NO.1311
PASS NO.1312
PASS NO.1313
PASS NO.1314
PASS NO.1315
PASS NO.1316
PASS NO.1317
PASS NO.1318
PASS NO.1319
PASS NO.1320
PASS NO.1321
PASS NO.1322
PASS NO.1323
PASS NO.1324
PASS NO.1325
PASS NO.1326
PASS NO.1327
PASS NO.1328
PASS NO.1329
PASS NO.1330
PASS NO.1331
PASS NO.1332
PASS NO.1333
PASS NO.1334
PASS NO.1335
PASS NO.1336
PASS NO.1337
PASS NO.1338
PASS NO.1339
PASS NO.1340
PASS NO.1341
PASS NO.1342
PASS NO.1343
PASS NO.1344
PASS NO.1345
PASS NO.1346
PASS NO.1347
PASS NO.1348
PASS NO.1349
PASS NO.1350
PASS NO.1351
PASS NO.1352
PASS NO.1353
PASS NO.1354
PASS NO.1355
PASS NO.1356
PASS NO.1357
PASS NO.1358
PASS NO.1359
PASS NO.1360
PASS NO.1361
PASS NO.1362
PASS NO.1363
PASS NO.1364
PASS NO.1365
PASS NO.1366
PASS NO.1367
PASS NO.1368
PASS NO.1369
PASS NO.1370
PASS NO.1371
PASS NO.1372
PASS NO.1373
PASS NO.1374
PASS NO.1375
PASS NO.1376
PASS NO.1377
PASS NO.1378
PASS NO.1379
PASS NO.1380
PASS NO.1381
PASS NO.1382
PASS NO.1383
PASS NO.1384
PASS NO.1385
PASS NO.1386
PASS NO.1387
PASS NO.1388
PASS NO.1389
PASS NO.1390
PASS NO.1391
PASS NO.1392
PASS NO.1393
PASS NO.1394
PASS NO.1395
PASS NO.1396
PASS NO.1397
PASS NO.1398
PASS NO.1399
PASS NO.1400
PASS NO.1401
PASS NO.1402
PASS NO.1403
PASS NO.1404
PASS NO.1405
PASS NO.1406
PASS NO.1407
PASS NO.1408
PASS NO.1409
PASS NO.1410
PASS NO.1411
PASS NO.1412
PASS NO.1413
PASS NO.1414
PASS NO.1415
PASS NO.1416
PASS NO.1417
PASS NO.1418
PASS NO.1419
PASS NO.1420
PASS NO.1421
PASS NO.1422
PASS NO.1423
PASS NO.1424
PASS NO.1425
PASS NO.1426
PASS NO.1427
PASS NO.1428
PASS NO.1429
PASS NO.1430
PASS NO.1431
PASS NO.1432
PASS NO.1433
PASS NO.1434
PASS NO.1435
PASS NO.1436
PASS NO.1437
PASS NO.1438
PASS NO.1439
PASS NO.1440
PASS NO.1441
PASS NO.1442
PASS NO.1443
PASS NO.1444
PASS NO.1445
PASS NO.1446
PASS NO.1447
PASS NO.1448
PASS NO.1449
PASS NO.1450
PASS NO.1451
PASS NO.1452
PASS NO.1453
PASS NO.1454
PASS NO.1455
PASS NO.1456
PASS NO.1457
PASS NO.1458
PASS NO.1459
PASS NO.1460
PASS NO.1461
PASS NO.1462
PASS NO.1463
PASS NO.1464
PASS NO.1465
PASS NO.1466
PASS NO.1467
PASS NO.1468
PASS NO.1469
PASS NO.1470
PASS NO.1471
PASS NO.1472
PASS NO.1473
PASS NO.1474
PASS NO.1475
PASS NO.1476
PASS NO.1477
PASS NO.1478
PASS NO.1479
PASS NO.1480
PASS NO.1481
PASS NO.1482
PASS NO.1483
PASS NO.1484
PASS NO.1485
PASS NO.1486
PASS NO.1487
PASS NO.1488
PASS NO.1489
PASS NO.1490
PASS NO.1491
PASS NO.1492
PASS NO.1493
PASS NO.1494
PASS NO.1495
PASS NO.1496
PASS NO.1497
PASS NO.1498
PASS NO.1499
PASS NO.1500
PASS NO.1501
PASS NO.1502
PASS NO.1503
PASS NO.1504
PASS NO.1505
PASS NO.1506
PASS NO.1507
PASS NO.1508
PASS NO.1509
PASS NO.1510
PASS NO.1511
PASS NO.1512
PASS NO.1513
PASS NO.1514
PASS NO.1515
PASS NO.1516
PASS NO.1517
PASS NO.1518
PASS NO.1519
PASS NO.1520
PASS NO.1521
PASS NO.1522
PASS NO.1523
PASS NO.1524
PASS NO.1525
PASS NO.1526
PASS NO.1527
PASS NO.1528
PASS NO.1529
PASS NO.1530
PASS NO.1531
PASS NO.1532
PASS NO.1533
PASS NO.1534
PASS NO.1535
PASS NO.1536
PASS NO.1537
PASS NO.1538
PASS NO.1539
PASS NO.1540
PASS NO.1541
PASS NO.1542
PASS NO.1543
PASS NO.1544
PASS NO.1545
PASS NO.1546
PASS NO.1547
PASS NO.1548
PASS NO.1549
PASS NO.1550
PASS NO.1551
PASS NO.1552
PASS NO.1553
PASS NO.1554
PASS NO.1555
PASS NO.1556
PASS NO.1557
PASS NO.1558
PASS NO.1559
PASS NO.1560
PASS NO.1561
PASS NO.1562
PASS NO.1563
PASS NO.1564
PASS NO.1565
PASS NO.1566
PASS NO.1567
PASS NO.1568
PASS NO.1569
PASS NO.1570
PASS NO.1571
PASS NO.1572
PASS NO.1573
PASS NO.1574
PASS NO.1575
PASS NO.1576
PASS NO.1577
PASS NO.1578
PASS NO.1579
PASS NO.1580
PASS NO.1581
PASS NO.1582
PASS NO.1583
PASS NO.1584
PASS NO.1585
PASS NO.1586
PASS NO.1587
PASS NO.1588
PASS NO.1589
PASS NO.1590
PASS NO.1591
PASS NO.1592
PASS NO.1593
PASS NO.1594
PASS NO.1595
PASS NO.1596
PASS NO.1597
PASS NO.1598
PASS NO.1599
PASS NO.1600
PASS NO.1601
PASS NO.1602
PASS NO.1603
PASS NO.1604
PASS NO.1605
PASS NO.1606
PASS NO.1607
PASS NO.1608
PASS NO.1609
PASS NO.1610
PASS NO.1611
PASS NO.1612
PASS NO.1613
PASS NO.1614
PASS NO.1615
PASS NO.1616
PASS NO.1617
PASS NO.1618
PASS NO.1619
PASS NO.1620
PASS NO.1621
PASS NO.1622
PASS NO.1623
PASS NO.1624
PASS NO.1625
PASS NO.1626
PASS NO.1627
PASS NO.1628
PASS NO.1629
PASS NO.1630
PASS NO.1631
PASS NO.1632
PASS NO.1633
PASS NO.1634
PASS NO.1635
PASS NO.1636
PASS NO.1637
PASS NO.1638
PASS NO.1639
PASS NO.1640
PASS NO.1641
PASS NO.1642
PASS NO.1643
PASS NO.1644
PASS NO.1645
PASS NO.1646
PASS NO.1647
PASS NO.1648
PASS NO.1649
PASS NO.1650
PASS NO.1651
PASS NO.1652
PASS NO.1653
PASS NO.1654
PASS NO.1655
PASS NO.1656
PASS NO.1657
PASS NO.1658
PASS NO.1659
PASS NO.1660
PASS NO.1661
PASS NO.1662
PASS NO.1663
PASS NO.1664
PASS NO.1665
PASS NO.1666
PASS NO.1667
PASS NO.1668
PASS NO.1669
PASS NO.1670
PASS NO.1671
PASS NO.1672
PASS NO.1673
PASS NO.1674
PASS NO.1675
PASS NO.1676
PASS NO.1677
PASS NO.1678
PASS NO.1679
PASS NO.1680
PASS NO.1681
PASS NO.1682
PASS NO.1683
PASS NO.1684
PASS NO.1685
PASS NO.1686
PASS NO.1687
PASS NO.1688
PASS NO.1689
PASS NO.1690
PASS NO.1691
PASS NO.1692
PASS NO.1693
PASS NO.1694
PASS NO.1695
PASS NO.1696
PASS NO.1697
PASS NO.1698
PASS NO.1699
PASS NO.1700
PASS NO.1701
PASS NO.1702
PASS NO.1703
PASS NO.1704
PASS NO.1705
PASS NO.1706
PASS NO.1707
PASS NO.1708
PASS NO.1709
PASS NO.1710
PASS NO.1711
PASS NO.1712
PASS NO.1713
PASS NO.1714
PASS NO.1715
PASS NO.1716
PASS NO.1717
PASS NO.1718
PASS NO.1719
PASS NO.1720
PASS NO.1721
PASS NO.1722
PASS NO.1723
PASS NO.1724
PASS NO.1725
PASS NO.1726
PASS NO.1727
PASS NO.1728
PASS NO.1729
PASS NO.1730
PASS NO.1731
PASS NO.1732
PASS NO.1733
PASS NO.1734
PASS NO.1735
PASS NO.1736
PASS NO.1737
PASS NO.1738
PASS NO.1739
PASS NO.1740
PASS NO.1741
PASS NO.1742
PASS NO.1743
PASS NO.1744
PASS NO.1745
PASS NO.1746
PASS NO.1747
PASS NO.1748
PASS NO.1749
PASS NO.1750
PASS NO.1751
PASS NO.1752
PASS NO.1753
PASS NO.1754
PASS NO.1755
PASS NO.1756
PASS NO.1757
PASS NO.1758
PASS NO.1759
PASS NO.1760
PASS NO.1761
PASS NO.1762
PASS NO.1763
PASS NO.1764
PASS NO.1765
PASS NO.1766
PASS NO.1767
PASS NO.1768
PASS NO.1769
PASS NO.1770
PASS NO.1771
PASS NO.1772
PASS NO.1773
PASS NO.1774
PASS NO.1775
PASS NO.1776
PASS NO.1777
PASS NO.1778
PASS NO.1779
PASS NO.1780
PASS NO.1781
PASS NO.1782
PASS NO.1783
PASS NO.1784
PASS NO.1785
PASS NO.1786
PASS NO.1787
PASS NO.1788
PASS NO.1789
PASS NO.1790
PASS NO.1791
PASS NO.1792
PASS NO.1793
PASS NO.1794
PASS NO.1795
PASS NO.1796
PASS NO.1797
PASS NO.1798
PASS NO.1799
PASS NO.1800
PASS NO.1801
PASS NO.1802
PASS NO.1803
PASS NO.1804
PASS NO.1805
PASS NO.1806
PASS NO.1807
PASS NO.1808
PASS NO.1809
PASS NO.1810
PASS NO.1811
PASS NO.1812
PASS NO.1813
PASS NO.1814
PASS NO.1815
PASS NO.1816
PASS NO.1817
PASS NO.1818
PASS NO.1819
PASS NO.1820
PASS NO.1821
PASS NO.1822
PASS NO.1823
PASS NO.1824
PASS NO.1825
PASS NO.1826
PASS NO.1827
PASS NO.1828
PASS NO.1829
PASS NO.1830
PASS NO.1831
PASS NO.1832
PASS NO.1833
PASS NO.1834
PASS NO.1835
PASS NO.1836
PASS NO.1837
PASS NO.1838
PASS NO.1839
PASS NO.1840
PASS NO.1841
PASS NO.1842
PASS NO.1843
PASS NO.1844
PASS NO.1845
PASS NO.1846
PASS NO.1847
PASS NO.1848
PASS NO.1849
PASS NO.1850
PASS NO.1851
PASS NO.1852
PASS NO.1853
PASS NO.1854
PASS NO.1855
PASS NO.1856
PASS NO.1857
PASS NO.1858
PASS NO.1859
PASS NO.1860
PASS NO.1861
PASS NO.1862
PASS NO.1863
PASS NO.1864
PASS NO.1865
PASS NO.1866
PASS NO.1867
PASS NO.1868
PASS NO.1869
PASS NO.1870
PASS NO.1871
PASS NO.1872
PASS NO.1873
PASS NO.1874
PASS NO.1875
PASS NO.1876
PASS NO.1877
PASS NO.1878
PASS NO.1879
PASS NO.1880
PASS NO.1881
PASS NO.1882
PASS NO.1883
PASS NO.1884
PASS NO.1885
PASS NO.1886
PASS NO.1887
PASS NO.1888
PASS NO.1889
PASS NO.1890
PASS NO.1891
PASS NO.1892
PASS NO.1893
PASS NO.1894
PASS NO.1895
PASS NO.1896
PASS NO.1897
PASS NO.1898
PASS NO.1899
PASS NO.1900
PASS NO.1901
PASS NO.1902
PASS NO.1903
PASS NO.1904
PASS NO.1905
PASS NO.1906
PASS NO.1907
PASS NO.1908
PASS NO.1909
PASS NO.1910
PASS NO.1911
PASS NO.1912
PASS NO.1913
PASS NO.1914
PASS NO.1915
PASS NO.1916
PASS NO.1917
PASS NO.1918
PASS NO.1919
PASS NO.1920
PASS NO.1921
PASS NO.1922
PASS NO.1923
PASS NO.1924
PASS NO.1925
PASS NO.1926
PASS NO.1927
PASS NO.1928
PASS NO.1929
PASS NO.1930
PASS NO.1931
PASS NO.1932
PASS NO.1933
PASS NO.1934
PASS NO.1935
PASS NO.1936
PASS NO.1937
PASS NO.1938
PASS NO.1939
PASS NO.1940
PASS NO.1941
PASS NO.1942
PASS NO.1943
PASS NO.1944
PASS NO.1945
PASS NO.1946
PASS NO.1947
PASS NO.1948
PASS NO.1949
PASS NO.1950
PASS NO.1951
PASS NO.1952
PASS NO.1953
PASS NO.1954
PASS NO.1955
PASS NO.1956
PASS NO.1957
PASS NO.1958
PASS NO.1959
PASS NO.1960
PASS NO.1961
PASS NO.1962
PASS NO.1963
PASS NO.1964
PASS NO.1965
PASS NO.1966
PASS NO.1967
PASS NO.1968
PASS NO.1969
PASS NO.1970
PASS NO.1971
PASS NO.1972
PASS NO.1973
PASS NO.1974
PASS NO.1975
PASS NO.1976
PASS NO.1977
PASS NO.1978
PASS NO.1979
PASS NO.1980
PASS NO.1981
PASS NO.1982
PASS NO.1983
PASS NO.1984
PASS NO.1985
PASS NO.1986
PASS NO.1987
PASS NO.1988
PASS NO.1989
PASS NO.1990
PASS NO.1991
PASS NO.1992
PASS NO.1993
PASS NO.1994
PASS NO.1995
PASS NO.1996
PASS NO.1997
PASS NO.1998
PASS NO.1999
PASS NO.2000
PASS NO.2001
PASS NO.2002
PASS NO.2003
PASS NO.2004
PASS NO.2005
PASS NO.2006
PASS NO.2007
PASS NO.2008
PASS NO.2009
PASS NO.2010
PASS NO.2011
PASS NO.2012
PASS NO.2013
PASS NO.2014
PASS NO.2015
PASS NO.2016
PASS NO.2017
PASS NO.2018
PASS NO.2019
PASS NO.2020
PASS NO.2021
PASS NO.2022
PASS NO.2023
PASS NO.2024
PASS NO.2025
PASS NO.2026
PASS NO.2027
PASS NO.2028
PASS NO.2029
PASS NO.2030
PASS NO.2031
PASS NO.2032
PASS NO.2033
PASS NO.2034
PASS NO.2035
PASS NO.2036
PASS NO.2037
PASS NO.2038
PASS NO.2039
PASS NO.2040
PASS NO.2041
PASS NO.2042
PASS NO.2043
PASS NO.2044
PASS NO.2045
PASS NO.2046
PASS NO.2047
PASS NO.2048
PASS NO.2049
PASS NO.2050
PASS NO.2051
PASS NO.2052
PASS NO.2053
PASS NO.2054
PASS NO.2055
PASS NO.2056
PASS NO.2057
PASS NO.2058
PASS NO.2059
PASS NO.2060
PASS NO.2061
PASS NO.2062
PASS NO.2063
PASS NO.2064
PASS NO.2065
PASS NO.2066
PASS NO.2067
PASS NO.2068
PASS NO.2069
PASS NO.2070
PASS NO.2071
PASS NO.2072
PASS NO.2073
PASS NO.2074
PASS NO.2075
PASS NO.2076
PASS NO.2077
PASS NO.2078
PASS NO.2079
PASS NO.2080
PASS NO.2081
PASS NO.2082
PASS NO.2083
PASS NO.2084
PASS NO.2085
PASS NO.2086
PASS NO.2087
PASS NO.2088
PASS NO.2089
PASS NO.2090
PASS NO.2091
PASS NO.2092
PASS NO.2093
PASS NO.2094
PASS NO.2095
PASS NO.2096
PASS NO.2097
PASS NO.2098
PASS NO.2099
PASS NO.2100
PASS NO.2101
PASS NO.2102
PASS NO.2103
PASS NO.2104
PASS NO.2105
PASS NO.2106
PASS NO.2107
PASS NO.2108
PASS NO.2109
PASS NO.2110
PASS NO.2111
PASS NO.2112
PASS NO.2113
PASS NO.2114
PASS NO.2115
PASS NO.2116
PASS NO.2117
PASS NO.2118
PASS NO.2119
PASS NO.2120
PASS NO.2121
PASS NO.2122
PASS NO.2123
PASS NO.2124
PASS NO.2125
PASS NO.2126
PASS NO.2127
PASS NO.2128
PASS NO.2129
PASS NO.2130
PASS NO.2131
PASS NO.2132
PASS NO.2133
PASS NO.2134
PASS NO.2135
PASS NO.2136
PASS NO.2137
PASS NO.2138
PASS NO.2139
PASS NO.2140
PASS NO.2141
PASS NO.2142
PASS NO.2143
PASS NO.2144
PASS NO.2145
PASS NO.2146
PASS NO.2147
PASS NO.2148
PASS NO.2149
PASS NO.2150
PASS NO.2151
PASS NO.2152
PASS NO.2153
PASS NO.2154
PASS NO.2155
PASS NO.2156
PASS NO.2157
PASS NO.2158
PASS NO.2159
PASS NO.2160
PASS NO.2161
PASS NO.2162
PASS NO.2163
PASS NO.2164
PASS NO.2165
PASS NO.2166
PASS NO.2167
PASS NO.2168
PASS NO.2169
PASS NO.2170
PASS NO.2171
PASS NO.2172
PASS NO.2173
PASS NO.2174
PASS NO.2175
PASS NO.2176
PASS NO.2177
PASS NO.2178
PASS NO.2179
PASS NO.2180
PASS NO.2181
PASS NO.2182
PASS NO.2183
PASS NO.2184
PASS NO.2185
PASS NO.2186
PASS NO.2187
PASS NO.2188
PASS NO.2189
PASS NO.2190
PASS NO.2191
PASS NO.2192
PASS NO.2193
PASS NO.2194
PASS NO.2195
PASS NO.2196
PASS NO.2197
PASS NO.2198
PASS NO.2199
PASS NO.2200
PASS NO.2201
PASS NO.2202
PASS NO.2203
PASS NO.2204
PASS NO.2205
PASS NO.2206
PASS NO.2207
PASS NO.2208
PASS NO.2209
PASS NO.2210
PASS NO.2211
PASS NO.2212
PASS NO.2213
PASS NO.2214
PASS NO.2215
PASS NO.2216
PASS NO.2217
PASS NO.2218
PASS NO.2219
PASS NO.2220
PASS NO.2221
PASS NO.2222
PASS NO.2223
PASS NO.2224
PASS NO.2225
PASS NO.2226
PASS NO.2227
PASS NO.2228
PASS NO.2229
PASS NO.2230
PASS NO.2231
PASS NO.2232
PASS NO.2233
PASS NO.2234
PASS NO.2235
PASS NO.2236
PASS NO.2237
PASS NO.2238
PASS NO.2239
PASS NO.2240
PASS NO.2241
PASS NO.2242
PASS NO.2243
PASS NO.2244
PASS NO.2245
PASS NO.2246
PASS NO.2247
PASS NO.2248
PASS NO.2249
PASS NO.2250
PASS NO.2251
PASS NO.2252
PASS NO.2253
PASS NO.2254
PASS NO.2255
PASS NO.2256
PASS NO.2257
PASS NO.2258
PASS NO.2259
PASS NO.2260
PASS NO.2261
PASS NO.2262
PASS NO.2263
PASS NO.2264
PASS NO.2265
PASS NO.2266
PASS NO.2267
PASS NO.2268
PASS NO.2269
PASS NO.2270
PASS NO.2271
PASS NO.2272
PASS NO.2273
PASS NO.2274
PASS NO.2275
PASS NO.2276
PASS NO.2277
PASS NO.2278
PASS NO.2279
PASS NO.2280
PASS NO.2281
PASS NO.2282
PASS NO.2283
PASS NO.2284
PASS NO.2285
PASS NO.2286
PASS NO.2287
PASS NO.2288
PASS NO.2289
PASS NO.2290
PASS NO.2291
PASS NO.2292
PASS NO.2293
PASS NO.2294
PASS NO.2295
PASS NO.2296
PASS NO.2297
PASS NO.2298
PASS NO.2299
PASS NO.2300
PASS NO.2301
PASS NO.2302
PASS NO.2303
PASS NO.2304
PASS NO.2305
PASS NO.2306
PASS NO.2307
PASS NO.2308
PASS NO.2309
PASS NO.2310
PASS NO.2311
PASS NO.2312
PASS NO.2313
PASS NO.2314
PASS NO.2315
PASS NO.2316
PASS NO.2317
PASS NO.2318
PASS NO.2319
PASS NO.2320
PASS NO.2321
PASS NO.2322
PASS NO.2323
PASS NO.2324
PASS NO.2325
PASS NO.2326
PASS NO.2327
PASS NO.2328
PASS NO.2329
PASS NO.2330
PASS NO.2331
PASS NO.2332
PASS NO.2333
PASS NO.2334
PASS NO.2335
PASS NO.2336
PASS NO.2337
PASS NO.2338
PASS NO.2339
PASS NO.2340
PASS NO.2341
PASS NO.2342
PASS NO.2343
PASS NO.2344
PASS NO.2345
PASS NO.2346
PASS NO.2347
PASS NO.2348
PASS NO.2349
PASS NO.2350
PASS NO.2351
PASS NO.2352
PASS NO.2353
PASS NO.2354
PASS NO.2355
PASS NO.2356
PASS NO.2357
PASS NO.2358
PASS NO.2359
PASS NO.2360
PASS NO.2361
PASS NO.2362
PASS NO.2363
PASS NO.2364
PASS NO.2365
PASS NO.2366
PASS NO.2367
PASS NO.2368
PASS NO.2369
PASS NO.2370
PASS NO.2371
PASS NO.2372
PASS NO.2373
PASS NO.2374
PASS NO.2375
PASS NO.2376
PASS NO.2377
PASS NO.2378
PASS NO.2379
PASS NO.2380
PASS NO.2381
PASS NO.2382
PASS NO.2383
PASS NO.2384
PASS NO.2385
PASS NO.2386
PASS NO.2387
PASS NO.2388
PASS NO.2389
PASS NO.2390
PASS NO.2391
PASS NO.2392
PASS NO.2393
PASS NO.2394
PASS NO.2395
PASS NO.2396
PASS NO.2397
PASS NO.2398
PASS NO.2399
PASS NO.2400
PASS NO.2401
PASS NO.2402
PASS NO.2403
PASS NO.2404
PASS NO.2405
PASS NO.2406
PASS NO.2407
PASS NO.2408
PASS NO.2409
PASS NO.2410
PASS NO.2411
PASS NO.2412
PASS NO.2413
PASS NO.2414
PASS NO.2415
PASS NO.2416
PASS NO.2417
PASS NO.2418
PASS NO.2419
PASS NO.2420
PASS NO.2421
PASS NO.2422
PASS NO.2423
PASS NO.2424
PASS NO.2425
PASS NO.2426
PASS NO.2427
PASS NO.2428
PASS NO.2429
PASS NO.2430
PASS NO.2431
PASS NO.2432
PASS NO.2433
PASS NO.2434
PASS NO.2435
PASS NO.2436
PASS NO.2437
PASS NO.2438
PASS NO.2439
PASS NO.2440
PASS NO.2441
PASS NO.2442
PASS NO.2443
PASS NO.2444
PASS NO.2445
PASS NO.2446
PASS NO.2447
PASS NO.2448
PASS NO.2449
PASS NO.2450
PASS NO.2451
PASS NO.2452
PASS NO.2453
PASS NO.2454
PASS NO.2455
PASS NO.2456
PASS NO.2457
PASS NO.2458
PASS NO.2459
PASS NO.2460
PASS NO.2461
PASS NO.2462
PASS NO.2463
PASS NO.2464
PASS NO.2465
PASS NO.2466
PASS NO.2467
PASS NO.2468
PASS NO.2469
PASS NO.2470
PASS NO.2471
PASS NO.2472
PASS NO.2473
PASS NO.2474
PASS NO.2475
PASS NO.2476
PASS NO.2477
PASS NO.2478
PASS NO.2479
PASS NO.2480
PASS NO.2481
PASS NO.2482
PASS NO.2483
PASS NO.2484
PASS NO.2485
PASS NO.2486
PASS NO.2487
PASS NO.2488
PASS NO.2489
PASS NO.2490
PASS NO.2491
PASS NO.2492
PASS NO.2493
PASS NO.2494
PASS NO.2495
PASS NO.2496
PASS NO.2497
PASS NO.2498
PASS NO.2499
PASS NO.2500
PASS NO.2501
PASS NO.2502
PASS NO.2503
PASS NO.2504
PASS NO.2505
PASS NO.2506
PASS NO.2507
PASS NO.2508
PASS NO.2509
PASS NO.2510
PASS NO.2511
PASS NO.2512
PASS NO.2513
PASS NO.2514
PASS NO.2515
PASS NO.2516
PASS NO.2517
PASS NO.2518
PASS NO.2519
PASS NO.2520
PASS NO.2521
PASS NO.2522
PASS NO.2523
PASS NO.2524
PASS NO.2525
PASS NO.2526
PASS NO.2527
PASS NO.2528
PASS NO.2529
PASS NO.2530
PASS NO.2531
PASS NO.2532
PASS NO.2533
PASS NO.2534
PASS NO.2535
PASS NO.2536
PASS NO.2537
PASS NO.2538
PASS NO.2539
PASS NO.2540
PASS NO.2541
PASS NO.2542
PASS NO.2543
PASS NO.2544
PASS NO.2545
PASS NO.2546
PASS NO.2547
PASS NO.2548
PASS NO.2549
PASS NO.2550
PASS NO.2551
PASS NO.2552
PASS NO.2553
PASS NO.2554
PASS NO.2555
PASS NO.2556
PASS NO.2557
PASS NO.2558
PASS NO.2559
PASS NO.2560
PASS NO.2561
PASS NO.2562
PASS NO.2563
PASS NO.2564
PASS NO.2565
PASS NO.2566
PASS NO.2567
PASS NO.2568
PASS NO.2569
PASS NO.2570
PASS NO.2571
PASS NO.2572
PASS NO.2573
PASS NO.2574
PASS NO.2575
PASS NO.2576
PASS NO.2577
PASS NO.2578
PASS NO.2579
PASS NO.2580
PASS NO.2581
PASS NO.2582
PASS NO.2583
PASS NO.2584
PASS NO.2585
PASS NO.2586
PASS NO.2587
PASS NO.2588
PASS NO.2589
PASS NO.2590
PASS NO.2591
PASS NO.2592
PASS NO.2593
PASS NO.2594
PASS NO.2595
PASS NO.2596
PASS NO.2597
PASS NO.2598
PASS NO.2599
PASS NO.2600
PASS NO.2601
PASS NO.2602
PASS NO.2603
PASS NO.2604
PASS NO.2605
PASS NO.2606
PASS NO.2607
PASS NO.2608
PASS NO.2609
PASS NO.2610
PASS NO.2611
PASS NO.2612
PASS NO.2613
PASS NO.2614
PASS NO.2615
PASS NO.2616
PASS NO.2617
PASS NO.2618
PASS NO.2619
PASS NO.2620
PASS NO.2621
PASS NO.2622
PASS NO.2623
PASS NO.2624
PASS NO.2625
PASS NO.2626
PASS NO.2627
PASS NO.2628
PASS NO.2629
PASS NO.2630
PASS NO.2631
PASS NO.2632
PASS NO.2633
PASS NO.2634
PASS NO.2635
PASS NO.2636
PASS NO.2637
PASS NO.2638
PASS NO.2639
PASS NO.2640
PASS NO.2641
PASS NO.2642
PASS NO.2643
PASS NO.2644
PASS NO.2645
PASS NO.2646
PASS NO.2647
PASS NO.2648
PASS NO.2649
PASS NO.2650
PASS NO.2651
PASS NO.2652
PASS NO.2653
PASS NO.2654
PASS NO.2655
PASS NO.2656
PASS NO.2657
PASS NO.2658
PASS NO.2659
PASS NO.2660
PASS NO.2661
PASS NO.2662
PASS NO.2663
PASS NO.2664
PASS NO.2665
PASS NO.2666
PASS NO.2667
PASS NO.2668
PASS NO.2669
PASS NO.2670
PASS NO.2671
PASS NO.2672
PASS NO.2673
PASS NO.2674
PASS NO.2675
PASS NO.2676
PASS NO.2677
PASS NO.2678
PASS NO.2679
PASS NO.2680
PASS NO.2681
PASS NO.2682
PASS NO.2683
PASS NO.2684
PASS NO.2685
PASS NO.2686
PASS NO.2687
PASS NO.2688
PASS NO.2689
PASS NO.2690
PASS NO.2691
PASS NO.2692
PASS NO.2693
PASS NO.2694
PASS NO.2695
PASS NO.2696
PASS NO.2697
PASS NO.2698
PASS NO.2699
PASS NO.2700
PASS NO.2701
PASS NO.2702
PASS NO.2703
PASS NO.2704
PASS NO.2705
PASS NO.2706
PASS NO.2707
PASS NO.2708
PASS NO.2709
PASS NO.2710
PASS NO.2711
PASS NO.2712
PASS NO.2713
PASS NO.2714
PASS NO.2715
PASS NO.2716
PASS NO.2717
PASS NO.2718
PASS NO.2719
PASS NO.2720
PASS NO.2721
PASS NO.2722
PASS NO.2723
PASS NO.2724
PASS NO.2725
PASS NO.2726
PASS NO.2727
PASS NO.2728
PASS NO.2729
PASS NO.2730
PASS NO.2731
PASS NO.2732
PASS NO.2733
PASS NO.2734
PASS NO.2735
PASS NO.2736
PASS NO.2737
PASS NO.2738
PASS NO.2739
PASS NO.2740
PASS NO.2741
PASS NO.2742
PASS NO.2743
PASS NO.2744
PASS NO.2745
PASS NO.2746
PASS NO.2747
PASS NO.2748
PASS NO.2749
PASS NO.2750
PASS NO.2751
PASS NO.2752
PASS NO.2753
PASS NO.2754
PASS NO.2755
PASS NO.2756
PASS NO.2757
PASS NO.2758
PASS NO.2759
PASS NO.2760
PASS NO.2761
PASS NO.2762
PASS NO.2763
PASS NO.2764
PASS NO.2765
PASS NO.2766
PASS NO.2767
PASS NO.2768
PASS NO.2769
PASS NO.2770
PASS NO.2771
PASS NO.2772
PASS NO.2773
PASS NO.2774
PASS NO.2775
PASS NO.2776
PASS NO.2777
PASS NO.2778
PASS NO.2779
PASS NO.2780
PASS NO.2781
PASS NO.2782
PASS NO.2783
PASS NO.2784
PASS NO.2785
PASS NO.2786
PASS NO.2787
PASS NO.2788
PASS NO.2789
PASS NO.2790
PASS NO.2791
PASS NO.2792
PASS NO.2793
PASS NO.2794
PASS NO.2795
PASS NO.2796
PASS NO.2797
PASS NO.2798
PASS NO.2799
PASS NO.2800
PASS NO.2801
PASS NO.2802
PASS NO.2803
PASS NO.2804
PASS NO.2805
PASS NO.2806
PASS NO.2807
PASS NO.2808
PASS NO.2809
PASS NO.2810
PASS NO.2811
PASS NO.2812
PASS NO.2813
PASS NO.2814
PASS NO.2815
PASS NO.2816
PASS NO.2817
PASS NO.2818
PASS NO.2819
PASS NO.2820
PASS NO.2821
PASS NO.2822
PASS NO.2823
PASS NO.2824
PASS NO.2825
PASS NO.2826
PASS NO.2827
PASS NO.2828
PASS NO.2829
PASS NO.2830
PASS NO.2831
PASS NO.2832
PASS NO.2833
PASS NO.2834
PASS NO.2835
PASS NO.2836
PASS NO.2837
PASS NO.2838
PASS NO.2839
PASS NO.2840
PASS NO.2841
PASS NO.2842
PASS NO.2843
PASS NO.2844
PASS NO.2845
PASS NO.2846
PASS NO.2847
PASS NO.2848
PASS NO.2849
PASS NO.2850
PASS NO.2851
PASS NO.2852
PASS NO.2853
PASS NO.2854
PASS NO.2855
PASS NO.2856
PASS NO.2857
PASS NO.2858
PASS NO.2859
PASS NO.2860
PASS NO.2861
PASS NO.2862
PASS NO.2863
PASS NO.2864
PASS NO.2865
PASS NO.2866
PASS NO.2867
PASS NO.2868
PASS NO.2869
PASS NO.2870
PASS NO.2871
PASS NO.2872
PASS NO.2873
PASS NO.2874
PASS NO.2875
PASS NO.2876
PASS NO.2877
PASS NO.2878
PASS NO.2879
PASS NO.2880
PASS NO.2881
PASS NO.2882
PASS NO.2883
PASS NO.2884
PASS NO.2885
PASS NO.2886
PASS NO.2887
PASS NO.2888
PASS NO.2889
PASS NO.2890
PASS NO.2891
PASS NO.2892
PASS NO.2893
PASS NO.2894
PASS NO.2895
PASS NO.2896
PASS NO.2897
PASS NO.2898
PASS NO.2899
PASS NO.2900
PASS NO.2901
PASS NO.2902
PASS NO.2903
PASS NO.2904
PASS NO.2905
PASS NO.2906
PASS NO.2907
PASS NO.2908
PASS NO.2909
PASS NO.2910
PASS NO.2911
PASS NO.2912
PASS NO.2913
PASS NO.2914
PASS NO.2915
PASS NO.2916
PASS NO.2917
PASS NO.2918
PASS NO.2919
PASS NO.2920
PASS NO.2921
PASS NO.2922
PASS NO.2923
PASS NO.2924
PASS NO.2925
PASS NO.2926
PASS NO.2927
PASS NO.2928
PASS NO.2929
PASS NO.2930
PASS NO.2931
PASS NO.2932
PASS NO.2933
PASS NO.2934
PASS NO.2935
PASS NO.2936
PASS NO.2937
PASS NO.2938
PASS NO.2939
PASS NO.2940
PASS NO.2941
PASS NO.2942
PASS NO.2943
PASS NO.2944
PASS NO.2945
PASS NO.2946
PASS NO.2947
PASS NO.2948
PASS NO.2949
PASS NO.2950
PASS NO.2951
PASS NO.2952
PASS NO.2953
PASS NO.2954
PASS NO.2955
PASS NO.2956
PASS NO.2957
PASS NO.2958
PASS NO.2959
PASS NO.2960
PASS NO.2961
PASS NO.2962
PASS NO.2963
PASS NO.2964
PASS NO.2965
PASS NO.2966
PASS NO.2967
PASS NO.2968
PASS NO.2969
PASS NO.2970
PASS NO.2971
PASS NO.2972
PASS NO.2973
PASS NO.2974
PASS NO.2975
PASS NO.2976
PASS NO.2977
PASS NO.2978
PASS NO.2979
PASS NO.2980
PASS NO.2981
PASS NO.2982
PASS NO.2983
PASS NO.2984
PASS NO.2985
PASS NO.2986
PASS NO.2987
PASS NO.2988
PASS NO.2989
PASS NO.2990
PASS NO.2991
PASS NO.2992
PASS NO.2993
PASS NO.2994
PASS NO.2995
PASS NO.2996
PASS NO.2997
PASS NO.2998
PASS NO.2999
PASS NO.3000
PASS NO.3001
PASS NO.3002
PASS NO.3003
PASS NO.3004
PASS NO.3005
PASS NO.3006
PASS NO.3007
PASS NO.3008
PASS NO.3009
PASS NO.3010
PASS NO.3011
PASS NO.3012
PASS NO.3013
PASS NO.3014
PASS NO.3015
PASS NO.3016
PASS NO.3017
PASS NO.3018
PASS NO.3019
PASS NO.3020
PASS NO.3021
PASS NO.3022
PASS NO.3023
PASS NO.3024
PASS NO.3025
PASS NO.3026
PASS NO.3027
PASS NO.3028
PASS NO.3029
PASS NO.3030
PASS NO.3031
PASS NO.3032
PASS NO.3033
PASS NO.3034
PASS NO.3035
PASS NO.3036
PASS NO.3037
PASS NO.3038
PASS NO.3039
PASS NO.3040
PASS NO.3041
PASS NO.3042
PASS NO.3043
PASS NO.3044
PASS NO.3045
PASS NO.3046
PASS NO.3047
PASS NO.3048
PASS NO.3049
PASS NO.3050
PASS NO.3051
PASS NO.3052
PASS NO.3053
PASS NO.3054
PASS NO.3055
PASS NO.3056
PASS NO.3057
PASS NO.3058
PASS NO.3059
PASS NO.3060
PASS NO.3061
PASS NO.3062
PASS NO.3063
PASS NO.3064
PASS NO.3065
PASS NO.3066
PASS NO.3067
PASS NO.3068
PASS NO.3069
PASS NO.3070
PASS NO.3071
PASS NO.3072
PASS NO.3073
PASS NO.3074
PASS NO.3075
PASS NO.3076
PASS NO.3077
PASS NO.3078
PASS NO.3079
PASS NO.3080
PASS NO.3081
PASS NO.3082
PASS NO.3083
PASS NO.3084
PASS NO.3085
PASS NO.3086
PASS NO.3087
PASS NO.3088
PASS NO.3089
PASS NO.3090
PASS NO.3091
PASS NO.3092
PASS NO.3093
PASS NO.3094
PASS NO.3095
PASS NO.3096
PASS NO.3097
PASS NO.3098
PASS NO.3099
PASS NO.3100
PASS NO.3101
PASS NO.3102
PASS NO.3103
PASS NO.3104
PASS NO.3105
PASS NO.3106
PASS NO.3107
PASS NO.3108
PASS NO.3109
PASS NO.3110
PASS NO.3111
PASS NO.3112
PASS NO.3113
PASS NO.3114
PASS NO.3115
PASS NO.3116
PASS NO.3117
PASS NO.3118
PASS NO.3119
PASS NO.3120
PASS NO.3121
PASS NO.3122
PASS NO.3123
PASS NO.3124
PASS NO.3125
PASS NO.3126
PASS NO.3127
PASS NO.3128
PASS NO.3129
PASS NO.3130
PASS NO.3131
PASS NO.3132
PASS NO.3133
PASS NO.3134
PASS NO.3135
PASS NO.3136
PASS NO.3137
PASS NO.3138
PASS NO.3139
PASS NO.3140
PASS NO.3141
PASS NO.3142
PASS NO.3143
PASS NO.3144
PASS NO.3145
PASS NO.3146
PASS NO.3147
PASS NO.3148
PASS NO.3149
PASS NO.3150
PASS NO.3151
PASS NO.3152
PASS NO.3153
PASS NO.3154
PASS NO.3155
PASS NO.3156
PASS NO.3157
PASS NO.3158
PASS NO.3159
PASS NO.3160
PASS NO.3161
PASS NO.3162
PASS NO.3163
PASS NO.3164
PASS NO.3165
PASS NO.3166
PASS NO.3167
PASS NO.3168
PASS NO.3169
PASS NO.3170
PASS NO.3171
PASS NO.3172
PASS NO.3173
PASS NO.3174
PASS NO.3175
PASS NO.3176
PASS NO.3177
PASS NO.3178
PASS NO.3179
PASS NO.3180
PASS NO.3181
PASS NO.3182
PASS NO.3183
PASS NO.3184
PASS NO.3185
PASS NO.3186
PASS NO.3187
PASS NO.3188
PASS NO.3189
PASS NO.3190
PASS NO.3191
PASS NO.3192
PASS NO.3193
PASS NO.3194
PASS NO.3195
PASS NO.3196
PASS NO.3197
PASS NO.3198
PASS NO.3199
PASS NO.3200
PASS NO.3201
PASS NO.3202
PASS NO.3203
PASS NO.3204
PASS NO.3205
PASS NO.3206
PASS NO.3207
PASS NO.3208
PASS NO.3209
PASS NO.3210
PASS NO.3211
PASS NO.3212
PASS NO.3213
PASS NO.3214
PASS NO.3215
PASS NO.3216
PASS NO.3217
PASS NO.3218
PASS NO.3219
PASS NO.3220
PASS NO.3221
PASS NO.3222
PASS NO.3223
PASS NO.3224
PASS NO.3225
PASS NO.3226
PASS NO.3227
PASS NO.3228
PASS NO.3229
PASS NO.3230
PASS NO.3231
PASS NO.3232
PASS NO.3233
PASS NO.3234
PASS NO.3235
PASS NO.3236
PASS NO.3237
PASS NO.3238
PASS NO.3239
PASS NO.3240
PASS NO.3241
PASS NO.3242
PASS NO.3243
PASS NO.3244
PASS NO.3245
PASS NO.3246
PASS NO.3247
PASS NO.3248
PASS NO.3249
PASS NO.3250
PASS NO.3251
PASS NO.3252
PASS NO.3253
PASS NO.3254
PASS NO.3255
PASS NO.3256
PASS NO.3257
PASS NO.3258
PASS NO.3259
PASS NO.3260
PASS NO.3261
PASS NO.3262
PASS NO.3263
PASS NO.3264
PASS NO.3265
PASS NO.3266
PASS NO.3267
PASS NO.3268
PASS NO.3269
PASS NO.3270
PASS NO.3271
PASS NO.3272
PASS NO.3273
PASS NO.3274
PASS NO.3275
PASS NO.3276
PASS NO.3277
PASS NO.3278
PASS NO.3279
PASS NO.3280
PASS NO.3281
PASS NO.3282
PASS NO.3283
PASS NO.3284
PASS NO.3285
PASS NO.3286
PASS NO.3287
PASS NO.3288
PASS NO.3289
PASS NO.3290
PASS NO.3291
PASS NO.3292
PASS NO.3293
PASS NO.3294
PASS NO.3295
PASS NO.3296
PASS NO.3297
PASS NO.3298
PASS NO.3299
PASS NO.3300
PASS NO.3301
PASS NO.3302
PASS NO.3303
PASS NO.3304
PASS NO.3305
PASS NO.3306
PASS NO.3307
PASS NO.3308
PASS NO.3309
PASS NO.3310
PASS NO.3311
PASS NO.3312
PASS NO.3313
PASS NO.3314
PASS NO.3315
PASS NO.3316
PASS NO.3317
PASS NO.3318
PASS NO.3319
PASS NO.3320
PASS NO.3321
PASS NO.3322
PASS NO.3323
PASS NO.3324
PASS NO.3325
PASS NO.3326
PASS NO.3327
PASS NO.3328
PASS NO.3329
PASS NO.3330
PASS NO.3331
PASS NO.3332
PASS NO.3333
PASS NO.3334
PASS NO.3335
PASS NO.3336
PASS NO.3337
PASS NO.3338
PASS NO.3339
PASS NO.3340
PASS NO.3341
PASS NO.3342
PASS NO.3343
PASS NO.3344
PASS NO.3345
PASS NO.3346
PASS NO.3347
PASS NO.3348
PASS NO.3349
PASS NO.3350
PASS NO.3351
PASS NO.3352
PASS NO.3353
PASS NO.3354
PASS NO.3355
PASS NO.3356
PASS NO.3357
PASS NO.3358
PASS NO.3359
PASS NO.3360
PASS NO.3361
PASS NO.3362
PASS NO.3363
PASS NO.3364
PASS NO.3365
PASS NO.3366
PASS NO.3367
PASS NO.3368
PASS NO.3369
PASS NO.3370
PASS NO.3371
PASS NO.3372
PASS NO.3373
PASS NO.3374
PASS NO.3375
PASS NO.3376
PASS NO.3377
PASS NO.3378
PASS NO.3379
PASS NO.3380
PASS NO.3381
PASS NO.3382
PASS NO.3383
PASS NO.3384
PASS NO.3385
PASS NO.3386
PASS NO.3387
PASS NO.3388
PASS NO.3389
PASS NO.3390
PASS NO.3391
PASS NO.3392
PASS NO.3393
PASS NO.3394
PASS NO.3395
PASS NO.3396
PASS NO.3397
PASS NO.3398
PASS NO.3399
PASS NO.3400
PASS NO.3401
PASS NO.3402
PASS NO.3403
PASS NO.3404
PASS NO.3405
PASS NO.3406
PASS NO.3407
PASS NO.3408
PASS NO.3409
PASS NO.3410
PASS NO.3411
PASS NO.3412
PASS NO.3413
PASS NO.3414
PASS NO.3415
PASS NO.3416
PASS NO.3417
PASS NO.3418
PASS NO.3419
PASS NO.3420
PASS NO.3421
PASS NO.3422
PASS NO.3423
PASS NO.3424
PASS NO.3425
PASS NO.3426
PASS NO.3427
PASS NO.3428
PASS NO.3429
PASS NO.3430
PASS NO.3431
PASS NO.3432
PASS NO.3433
PASS NO.3434
PASS NO.3435
PASS NO.3436
PASS NO.3437
PASS NO.3438
PASS NO.3439
PASS NO.3440
PASS NO.3441
PASS NO.3442
PASS NO.3443
PASS NO.3444
PASS NO.3445
PASS NO.3446
PASS NO.3447
PASS NO.3448
PASS NO.3449
PASS NO.3450
PASS NO.3451
PASS NO.3452
PASS NO.3453
PASS NO.3454
PASS NO.3455
PASS NO.3456
PASS NO.3457
PASS NO.3458
PASS NO.3459
PASS NO.3460
PASS NO.3461
PASS NO.3462
PASS NO.3463
PASS NO.3464
PASS NO.3465
PASS NO.3466
PASS NO.3467
PASS NO.3468
PASS NO.3469
PASS NO.3470
PASS NO.3471
PASS NO.3472
PASS NO.3473
PASS NO.3474
PASS NO.3475
PASS NO.3476
PASS NO.3477
PASS NO.3478
PASS NO.3479
PASS NO.3480
PASS NO.3481
PASS NO.3482
PASS NO.3483
PASS NO.3484
PASS NO.3485
PASS NO.3486
PASS NO.3487
PASS NO.3488
PASS NO.3489
PASS NO.3490
PASS NO.3491
PASS NO.3492
PASS NO.3493
PASS NO.3494
PASS NO.3495
PASS NO.3496
PASS NO.3497
PASS NO.3498
PASS NO.3499
PASS NO.3500
PASS NO.3501
PASS NO.3502
PASS NO.3503
PASS NO.3504
PASS NO.3505
PASS NO.3506
PASS NO.3507
PASS NO.3508
PASS NO.3509
PASS NO.3510
PASS NO.3511
PASS NO.3512
PASS NO.3513
PASS NO.3514
PASS NO.3515
PASS NO.3516
PASS NO.3517
PASS NO.3518
PASS NO.3519
PASS NO.3520
PASS NO.3521
PASS NO.3522
PASS NO.3523
PASS NO.3524
PASS NO.3525
PASS NO.3526
PASS NO.3527
PASS NO.3528
PASS NO.3529
PASS NO.3530
PASS NO.3531
PASS NO.3532
PASS NO.3533
PASS NO.3534
PASS NO.3535
PASS NO.3536
PASS NO.3537
PASS NO.3538
PASS NO.3539
PASS NO.3540
PASS NO.3541
PASS NO.3542
PASS NO.3543
PASS NO.3544
PASS NO.3545
PASS NO.3546
PASS NO.3547
PASS NO.3548
PASS NO.3549
PASS NO.3550
PASS NO.3551
PASS NO.3552
PASS NO.3553
PASS NO.3554
PASS NO.3555
PASS NO.3556
PASS NO.3557
PASS NO.3558
PASS NO.3559
PASS NO.3560
PASS NO.3561
PASS NO.3562
PASS NO.3563
PASS NO.3564
PASS NO.3565
PASS NO.3566
PASS NO.3567
PASS NO.3568
PASS NO.3569
PASS NO.3570
PASS NO.3571
PASS NO.3572
PASS NO.3573
PASS NO.3574
PASS NO.3575
PASS NO.3576
PASS NO.3577
PASS NO.3578
PASS NO.3579
PASS NO.3580
PASS NO.3581
PASS NO.3582
PASS NO.3583
PASS NO.3584
PASS NO.3585
PASS NO.3586
PASS NO.3587
PASS NO.3588
PASS NO.3589
PASS NO.3590
PASS NO.3591
PASS NO.3592
PASS NO.3593
PASS NO.3594
PASS NO.3595
PASS NO.3596
PASS NO.3597
PASS NO.3598
PASS NO.3599
PASS NO.3600
PASS NO.3601
PASS NO.3602
PASS NO.3603
PASS NO.3604
PASS NO.3605
PASS NO.3606
PASS NO.3607
PASS NO.3608
PASS NO.3609
PASS NO.3610
PASS NO.3611
PASS NO.3612
PASS NO.3613
PASS NO.3614
PASS NO.3615
PASS NO.3616
PASS NO.3617
PASS NO.3618
PASS NO.3619
PASS NO.3620
PASS NO.3621
PASS NO.3622
PASS NO.3623
PASS NO.3624
PASS NO.3625
PASS NO.3626
PASS NO.3627
PASS NO.3628
PASS NO.3629
PASS NO.3630
PASS NO.3631
PASS NO.3632
PASS NO.3633
PASS NO.3634
PASS NO.3635
PASS NO.3636
PASS NO.3637
PASS NO.3638
PASS NO.3639
PASS NO.3640
PASS NO.3641
PASS NO.3642
PASS NO.3643
PASS NO.3644
PASS NO.3645
PASS NO.3646
PASS NO.3647
PASS NO.3648
PASS NO.3649
PASS NO.3650
PASS NO.3651
PASS NO.3652
PASS NO.3653
PASS NO.3654
PASS NO.3655
PASS NO.3656
PASS NO.3657
PASS NO.3658
PASS NO.3659
PASS NO.3660
PASS NO.3661
PASS NO.3662
PASS NO.3663
PASS NO.3664
PASS NO.3665
PASS NO.3666
PASS NO.3667
PASS NO.3668
PASS NO.3669
PASS NO.3670
PASS NO.3671
PASS NO.3672
PASS NO.3673
PASS NO.3674
PASS NO.3675
PASS NO.3676
PASS NO.3677
PASS NO.3678
PASS NO.3679
PASS NO.3680
PASS NO.3681
PASS NO.3682
PASS NO.3683
PASS NO.3684
PASS NO.3685
PASS NO.3686
PASS NO.3687
PASS NO.3688
PASS NO.3689
PASS NO.3690
PASS NO.3691
PASS NO.3692
PASS NO.3693
PASS NO.3694
PASS NO.3695
PASS NO.3696
PASS NO.3697
PASS NO.3698
PASS NO.3699
PASS NO.3700
PASS NO.3701
PASS NO.3702
PASS NO.3703
PASS NO.3704
PASS NO.3705
PASS NO.3706
PASS NO.3707
PASS NO.3708
PASS NO.3709
PASS NO.3710
PASS NO.3711
PASS NO.3712
PASS NO.3713
PASS NO.3714
PASS NO.3715
PASS NO.3716
PASS NO.3717
PASS NO.3718
PASS NO.3719
PASS NO.3720
PASS NO.3721
PASS NO.3722
PASS NO.3723
PASS NO.3724
PASS NO.3725
PASS NO.3726
PASS NO.3727
PASS NO.3728
PASS NO.3729
PASS NO.3730
PASS NO.3731
PASS NO.3732
PASS NO.3733
PASS NO.3734
PASS NO.3735
PASS NO.3736
PASS NO.3737
PASS NO.3738
PASS NO.3739
PASS NO.3740
PASS NO.3741
PASS NO.3742
PASS NO.3743
PASS NO.3744
PASS NO.3745
PASS NO.3746
PASS NO.3747
PASS NO.3748
PASS NO.3749
PASS NO.3750
PASS NO.3751
PASS NO.3752
PASS NO.3753
PASS NO.3754
PASS NO.3755
PASS NO.3756
PASS NO.3757
PASS NO.3758
PASS NO.3759
PASS NO.3760
PASS NO.3761
PASS NO.3762
PASS NO.3763
PASS NO.3764
PASS NO.3765
PASS NO.3766
PASS NO.3767
PASS NO.3768
PASS NO.3769
PASS NO.3770
PASS NO.3771
PASS NO.3772
PASS NO.3773
PASS NO.3774
PASS NO.3775
PASS NO.3776
PASS NO.3777
PASS NO.3778
PASS NO.3779
PASS NO.3780
PASS NO.3781
PASS NO.3782
PASS NO.3783
PASS NO.3784
PASS NO.3785
PASS NO.3786
PASS NO.3787
PASS NO.3788
PASS NO.3789
PASS NO.3790
PASS NO.3791
PASS NO.3792
PASS NO.3793
PASS NO.3794
PASS NO.3795
PASS NO.3796
PASS NO.3797
PASS NO.3798
PASS NO.3799
PASS NO.3800
PASS NO.3801
PASS NO.3802
PASS NO.3803
PASS NO.3804
PASS NO.3805
PASS NO.3806
PASS NO.3807
PASS NO.3808
PASS NO.3809
PASS NO.3810
PASS NO.3811
PASS NO.3812
PASS NO.3813
PASS NO.3814
PASS NO.3815
PASS NO.3816
PASS NO.3817
PASS NO.3818
PASS NO.3819
PASS NO.3820
PASS NO.3821
PASS NO.3822
PASS NO.3823
PASS NO.3824
PASS NO.3825
PASS NO.3826
PASS NO.3827
PASS NO.3828
PASS NO.3829
PASS NO.3830
PASS NO.3831
PASS NO.3832
PASS NO.3833
PASS NO.3834
PASS NO.3835
PASS NO.3836
PASS NO.3837
PASS NO.3838
PASS NO.3839
PASS NO.3840
PASS NO.3841
PASS NO.3842
PASS NO.3843
PASS NO.3844
PASS NO.3845
PASS NO.3846
PASS NO.3847
PASS NO.3848
PASS NO.3849
PASS NO.3850
PASS NO.3851
PASS NO.3852
PASS NO.3853
PASS NO.3854
PASS NO.3855
PASS NO.3856
PASS NO.3857
PASS NO.3858
PASS NO.3859
PASS NO.3860
PASS NO.3861
PASS NO.3862
PASS NO.3863
PASS NO.3864
PASS NO.3865
PASS NO.3866
PASS NO.3867
PASS NO.3868
PASS NO.3869
PASS NO.3870
PASS NO.3871
PASS NO.3872
PASS NO.3873
PASS NO.3874
PASS NO.3875
PASS NO.3876
PASS NO.3877
PASS NO.3878
PASS NO.3879
PASS NO.3880
PASS NO.3881
PASS NO.3882
PASS NO.3883
PASS NO.3884
PASS NO.3885
PASS NO.3886
PASS NO.3887
PASS NO.3888
PASS NO.3889
PASS NO.3890
PASS NO.3891
PASS NO.3892
PASS NO.3893
PASS NO.3894
PASS NO.3895
PASS NO.3896
PASS NO.3897
PASS NO.3898
PASS NO.3899
PASS NO.3900
PASS NO.3901
PASS NO.3902
PASS NO.3903
PASS NO.3904
PASS NO.3905
PASS NO.3906
PASS NO.3907
PASS NO.3908
PASS NO.3909
PASS NO.3910
PASS NO.3911
PASS NO.3912
PASS NO.3913
PASS NO.3914
PASS NO.3915
PASS NO.3916
PASS NO.3917
PASS NO.3918
PASS NO.3919
PASS NO.3920
PASS NO.3921
PASS NO.3922
PASS NO.3923
PASS NO.3924
PASS NO.3925
PASS NO.3926
PASS NO.3927
PASS NO.3928
PASS NO.3929
PASS NO.3930
PASS NO.3931
PASS NO.3932
PASS NO.3933
PASS NO.3934
PASS NO.3935
PASS NO.3936
PASS NO.3937
PASS NO.3938
PASS NO.3939
PASS NO.3940
PASS NO.3941
PASS NO.3942
PASS NO.3943
PASS NO.3944
PASS NO.3945
PASS NO.3946
PASS NO.3947
PASS NO.3948
PASS NO.3949
PASS NO.3950
PASS NO.3951
PASS NO.3952
PASS NO.3953
PASS NO.3954
PASS NO.3955
PASS NO.3956
PASS NO.3957
PASS NO.3958
PASS NO.3959
PASS NO.3960
PASS NO.3961
PASS NO.3962
PASS NO.3963
PASS NO.3964
PASS NO.3965
PASS NO.3966
PASS NO.3967
PASS NO.3968
PASS NO.3969
PASS NO.3970
PASS NO.3971
PASS NO.3972
PASS NO.3973
PASS NO.3974
PASS NO.3975
PASS NO.3976
PASS NO.3977
PASS NO.3978
PASS NO.3979
PASS NO.3980
PASS NO.3981
PASS NO.3982
PASS NO.3983
PASS NO.3984
PASS NO.3985
PASS NO.3986
PASS NO.3987
PASS NO.3988
PASS NO.3989
PASS NO.3990
PASS NO.3991
PASS NO.3992
PASS NO.3993
PASS NO.3994
PASS NO.3995
PASS NO.3996
PASS NO.3997
PASS NO.3998
PASS NO.3999
PASS NO.4000
PASS NO.4001
PASS NO.4002
PASS NO.4003
PASS NO.4004
PASS NO.4005
PASS NO.4006
PASS NO.4007
PASS NO.4008
PASS NO.4009
PASS NO.4010
PASS NO.4011
PASS NO.4012
PASS NO.4013
PASS NO.4014
PASS NO.4015
PASS NO.4016
PASS NO.4017
PASS NO.4018
PASS NO.4019
PASS NO.4020
PASS NO.4021
PASS NO.4022
PASS NO.4023
PASS NO.4024
PASS NO.4025
PASS NO.4026
PASS NO.4027
PASS NO.4028
PASS NO.4029
PASS NO.4030
PASS NO.4031
PASS NO.4032
PASS NO.4033
PASS NO.4034
PASS NO.4035
PASS NO.4036
PASS NO.4037
PASS NO.4038
PASS NO.4039
PASS NO.4040
PASS NO.4041
PASS NO.4042
PASS NO.4043
PASS NO.4044
PASS NO.4045
PASS NO.4046
PASS NO.4047
PASS NO.4048
PASS NO.4049
PASS NO.4050
PASS NO.4051
PASS NO.4052
PASS NO.4053
PASS NO.4054
PASS NO.4055
PASS NO.4056
PASS NO.4057
PASS NO.4058
PASS NO.4059
PASS NO.4060
PASS NO.4061
PASS NO.4062
PASS NO.4063
PASS NO.4064
PASS NO.4065
PASS NO.4066
PASS NO.4067
PASS NO.4068
PASS NO.4069
PASS NO.4070
PASS NO.4071
PASS NO.4072
PASS NO.4073
PASS NO.4074
PASS NO.4075
PASS NO.4076
PASS NO.4077
PASS NO.4078
PASS NO.4079
PASS NO.4080
PASS NO.4081
PASS NO.4082
PASS NO.4083
PASS NO.4084
PASS NO.4085
PASS NO.4086
PASS NO.4087
PASS NO.4088
PASS NO.4089
PASS NO.4090
PASS NO.4091
PASS NO.4092
PASS NO.4093
PASS NO.4094
PASS NO.4095
PASS NO.4096
PASS NO.4097
PASS NO.4098
PASS NO.4099
PASS NO.4100
PASS NO.4101
PASS NO.4102
PASS NO.4103
PASS NO.4104
PASS NO.4105
PASS NO.4106
PASS NO.4107
PASS NO.4108
PASS NO.4109
PASS NO.4110
PASS NO.4111
PASS NO.4112
PASS NO.4113
PASS NO.4114
PASS NO.4115
PASS NO.4116
PASS NO.4117
PASS NO.4118
PASS NO.4119
PASS NO.4120
PASS NO.4121
PASS NO.4122
PASS NO.4123
PASS NO.4124
PASS NO.4125
PASS NO.4126
PASS NO.4127
PASS NO.4128
PASS NO.4129
PASS NO.4130
PASS NO.4131
PASS NO.4132
PASS NO.4133
PASS NO.4134
PASS NO.4135
PASS NO.4136
PASS NO.4137
PASS NO.4138
PASS NO.4139
PASS NO.4140
PASS NO.4141
PASS NO.4142
PASS NO.4143
PASS NO.4144
PASS NO.4145
PASS NO.4146
PASS NO.4147
PASS NO.4148
PASS NO.4149
PASS NO.4150
PASS NO.4151
PASS NO.4152
PASS NO.4153
PASS NO.4154
PASS NO.4155
PASS NO.4156
PASS NO.4157
PASS NO.4158
PASS NO.4159
PASS NO.4160
PASS NO.4161
PASS NO.4162
PASS NO.4163
PASS NO.4164
PASS NO.4165
PASS NO.4166
PASS NO.4167
PASS NO.4168
PASS NO.4169
PASS NO.4170
PASS NO.4171
PASS NO.4172
PASS NO.4173
PASS NO.4174
PASS NO.4175
PASS NO.4176
PASS NO.4177
PASS NO.4178
PASS NO.4179
PASS NO.4180
PASS NO.4181
PASS NO.4182
PASS NO.4183
PASS NO.4184
PASS NO.4185
PASS NO.4186
PASS NO.4187
PASS NO.4188
PASS NO.4189
PASS NO.4190
PASS NO.4191
PASS NO.4192
PASS NO.4193
PASS NO.4194
PASS NO.4195
PASS NO.4196
PASS NO.4197
PASS NO.4198
PASS NO.4199
PASS NO.4200
PASS NO.4201
PASS NO.4202
PASS NO.4203
PASS NO.4204
PASS NO.4205
PASS NO.4206
PASS NO.4207
PASS NO.4208
PASS NO.4209
PASS NO.4210
PASS NO.4211
PASS NO.4212
PASS NO.4213
PASS NO.4214
PASS NO.4215
PASS NO.4216
PASS NO.4217
PASS NO.4218
PASS NO.4219
PASS NO.4220
PASS NO.4221
PASS NO.4222
PASS NO.4223
PASS NO.4224
PASS NO.4225
PASS NO.4226
PASS NO.4227
PASS NO.4228
PASS NO.4229
PASS NO.4230
PASS NO.4231
PASS NO.4232
PASS NO.4233
PASS NO.4234
PASS NO.4235
PASS NO.4236
PASS NO.4237
PASS NO.4238
PASS NO.4239
PASS NO.4240
PASS NO.4241
PASS NO.4242
PASS NO.4243
PASS NO.4244
PASS NO.4245
PASS NO.4246
PASS NO.4247
PASS NO.4248
PASS NO.4249
PASS NO.4250
PASS NO.4251
PASS NO.4252
PASS NO.4253
PASS NO.4254
PASS NO.4255
PASS NO.4256
PASS NO.4257
PASS NO.4258
PASS NO.4259
PASS NO.4260
PASS NO.4261
PASS NO.4262
PASS NO.4263
PASS NO.4264
PASS NO.4265
PASS NO.4266
PASS NO.4267
PASS NO.4268
PASS NO.4269
PASS NO.4270
PASS NO.4271
PASS NO.4272
PASS NO.4273
PASS NO.4274
PASS NO.4275
PASS NO.4276
PASS NO.4277
PASS NO.4278
PASS NO.4279
PASS NO.4280
PASS NO.4281
PASS NO.4282
PASS NO.4283
PASS NO.4284
PASS NO.4285
PASS NO.4286
PASS NO.4287
PASS NO.4288
PASS NO.4289
PASS NO.4290
PASS NO.4291
PASS NO.4292
PASS NO.4293
PASS NO.4294
PASS NO.4295
PASS NO.4296
PASS NO.4297
PASS NO.4298
PASS NO.4299
PASS NO.4300
PASS NO.4301
PASS NO.4302
PASS NO.4303
PASS NO.4304
PASS NO.4305
PASS NO.4306
PASS NO.4307
PASS NO.4308
PASS NO.4309
PASS NO.4310
PASS NO.4311
PASS NO.4312
PASS NO.4313
PASS NO.4314
PASS NO.4315
PASS NO.4316
PASS NO.4317
PASS NO.4318
PASS NO.4319
PASS NO.4320
PASS NO.4321
PASS NO.4322
PASS NO.4323
PASS NO.4324
PASS NO.4325
PASS NO.4326
PASS NO.4327
PASS NO.4328
PASS NO.4329
PASS NO.4330
PASS NO.4331
PASS NO.4332
PASS NO.4333
PASS NO.4334
PASS NO.4335
PASS NO.4336
PASS NO.4337
PASS NO.4338
PASS NO.4339
PASS NO.4340
PASS NO.4341
PASS NO.4342
PASS NO.4343
PASS NO.4344
PASS NO.4345
PASS NO.4346
PASS NO.4347
PASS NO.4348
PASS NO.4349
PASS NO.4350
PASS NO.4351
PASS NO.4352
PASS NO.4353
PASS NO.4354
PASS NO.4355
PASS NO.4356
PASS NO.4357
PASS NO.4358
PASS NO.4359
PASS NO.4360
PASS NO.4361
PASS NO.4362
PASS NO.4363
PASS NO.4364
PASS NO.4365
PASS NO.4366
PASS NO.4367
PASS NO.4368
PASS NO.4369
PASS NO.4370
PASS NO.4371
PASS NO.4372
PASS NO.4373
PASS NO.4374
PASS NO.4375
PASS NO.4376
PASS NO.4377
PASS NO.4378
PASS NO.4379
PASS NO.4380
PASS NO.4381
PASS NO.4382
PASS NO.4383
PASS NO.4384
PASS NO.4385
PASS NO.4386
PASS NO.4387
PASS NO.4388
PASS NO.4389
PASS NO.4390
PASS NO.4391
PASS NO.4392
PASS NO.4393
PASS NO.4394
PASS NO.4395
PASS NO.4396
PASS NO.4397
PASS NO.4398
PASS NO.4399
PASS NO.4400
PASS NO.4401
PASS NO.4402
PASS NO.4403
PASS NO.4404
PASS NO.4405
PASS NO.4406
PASS NO.4407
PASS NO.4408
PASS NO.4409
PASS NO.4410
PASS NO.4411
PASS NO.4412
PASS NO.4413
PASS NO.4414
PASS NO.4415
PASS NO.4416
PASS NO.4417
PASS NO.4418
PASS NO.4419
PASS NO.4420
PASS NO.4421
PASS NO.4422
PASS NO.4423
PASS NO.4424
PASS NO.4425
PASS NO.4426
PASS NO.4427
PASS NO.4428
PASS NO.4429
PASS NO.4430
PASS NO.4431
PASS NO.4432
PASS NO.4433
PASS NO.4434
PASS NO.4435
PASS NO.4436
PASS NO.4437
PASS NO.4438
PASS NO.4439
PASS NO.4440
PASS NO.4441
PASS NO.4442
PASS NO.4443
PASS NO.4444
PASS NO.4445
PASS NO.4446
PASS NO.4447
PASS NO.4448
PASS NO.4449
PASS NO.4450
PASS NO.4451
PASS NO.4452
PASS NO.4453
PASS NO.4454
PASS NO.4455
PASS NO.4456
PASS NO.4457
PASS NO.4458
PASS NO.4459
PASS NO.4460
PASS NO.4461
PASS NO.4462
PASS NO.4463
PASS NO.4464
PASS NO.4465
PASS NO.4466
PASS NO.4467
PASS NO.4468
PASS NO.4469
PASS NO.4470
PASS NO.4471
PASS NO.4472
PASS NO.4473
PASS NO.4474
PASS NO.4475
PASS NO.4476
PASS NO.4477
PASS NO.4478
PASS NO.4479
PASS NO.4480
PASS NO.4481
PASS NO.4482
PASS NO.4483
PASS NO.4484
PASS NO.4485
PASS NO.4486
PASS NO.4487
PASS NO.4488
PASS NO.4489
PASS NO.4490
PASS NO.4491
PASS NO.4492
PASS NO.4493
PASS NO.4494
PASS NO.4495
PASS NO.4496
PASS NO.4497
PASS NO.4498
PASS NO.4499
PASS NO.4500
PASS NO.4501
PASS NO.4502
PASS NO.4503
PASS NO.4504
PASS NO.4505
PASS NO.4506
PASS NO.4507
PASS NO.4508
PASS NO.4509
PASS NO.4510
PASS NO.4511
PASS NO.4512
PASS NO.4513
PASS NO.4514
PASS NO.4515
PASS NO.4516
PASS NO.4517
PASS NO.4518
PASS NO.4519
PASS NO.4520
PASS NO.4521
PASS NO.4522
PASS NO.4523
PASS NO.4524
PASS NO.4525
PASS NO.4526
PASS NO.4527
PASS NO.4528
PASS NO.4529
PASS NO.4530
PASS NO.4531
PASS NO.4532
PASS NO.4533
PASS NO.4534
PASS NO.4535
PASS NO.4536
PASS NO.4537
PASS NO.4538
PASS NO.4539
PASS NO.4540
PASS NO.4541
PASS NO.4542
PASS NO.4543
PASS NO.4544
PASS NO.4545
PASS NO.4546
PASS NO.4547
PASS NO.4548
PASS NO.4549
PASS NO.4550
PASS NO.4551
PASS NO.4552
PASS NO.4553
PASS NO.4554
PASS NO.4555
PASS NO.4556
PASS NO.4557
PASS NO.4558
PASS NO.4559
PASS NO.4560
PASS NO.4561
PASS NO.4562
PASS NO.4563
PASS NO.4564
PASS NO.4565
PASS NO.4566
PASS NO.4567
PASS NO.4568
PASS NO.4569
PASS NO.4570
PASS NO.4571
PASS NO.4572
PASS NO.4573
PASS NO.4574
PASS NO.4575
PASS NO.4576
PASS NO.4577
PASS NO.4578
PASS NO.4579
PASS NO.4580
PASS NO.4581
PASS NO.4582
PASS NO.4583
PASS NO.4584
PASS NO.4585
PASS NO.4586
PASS NO.4587
PASS NO.4588
PASS NO.4589
PASS NO.4590
PASS NO.4591
PASS NO.4592
PASS NO.4593
PASS NO.4594
PASS NO.4595
PASS NO.4596
PASS NO.4597
PASS NO.4598
PASS NO.4599
PASS NO.4600
PASS NO.4601
PASS NO.4602
PASS NO.4603
PASS NO.4604
PASS NO.4605
PASS NO.4606
PASS NO.4607
PASS NO.4608
PASS NO.4609
PASS NO.4610
PASS NO.4611
PASS NO.4612
PASS NO.4613
PASS NO.4614
PASS NO.4615
PASS NO.4616
PASS NO.4617
PASS NO.4618
PASS NO.4619
PASS NO.4620
PASS NO.4621
PASS NO.4622
PASS NO.4623
PASS NO.4624
PASS NO.4625
PASS NO.4626
PASS NO.4627
PASS NO.4628
PASS NO.4629
PASS NO.4630
PASS NO.4631
PASS NO.4632
PASS NO.4633
PASS NO.4634
PASS NO.4635
PASS NO.4636
PASS NO.4637
PASS NO.4638
PASS NO.4639
PASS NO.4640
PASS NO.4641
PASS NO.4642
PASS NO.4643
PASS NO.4644
PASS NO.4645
PASS NO.4646
PASS NO.4647
PASS NO.4648
PASS NO.4649
PASS NO.4650
PASS NO.4651
PASS NO.4652
PASS NO.4653
PASS NO.4654
PASS NO.4655
PASS NO.4656
PASS NO.4657
PASS NO.4658
PASS NO.4659
PASS NO.4660
PASS NO.4661
PASS NO.4662
PASS NO.4663
PASS NO.4664
PASS NO.4665
PASS NO.4666
PASS NO.4667
PASS NO.4668
PASS NO.4669
PASS NO.4670
PASS NO.4671
PASS NO.4672
PASS NO.4673
PASS NO.4674
PASS NO.4675
PASS NO.4676
PASS NO.4677
PASS NO.4678
PASS NO.4679
PASS NO.4680
PASS NO.4681
PASS NO.4682
PASS NO.4683
PASS NO.4684
PASS NO.4685
PASS NO.4686
PASS NO.4687
PASS NO.4688
PASS NO.4689
PASS NO.4690
PASS NO.4691
PASS NO.4692
PASS NO.4693
PASS NO.4694
PASS NO.4695
PASS NO.4696
PASS NO.4697
PASS NO.4698
PASS NO.4699
PASS NO.4700
PASS NO.4701
PASS NO.4702
PASS NO.4703
PASS NO.4704
PASS NO.4705
PASS NO.4706
PASS NO.4707
PASS NO.4708
PASS NO.4709
PASS NO.4710
PASS NO.4711
PASS NO.4712
PASS NO.4713
PASS NO.4714
PASS NO.4715
PASS NO.4716
PASS NO.4717
PASS NO.4718
PASS NO.4719
PASS NO.4720
PASS NO.4721
PASS NO.4722
PASS NO.4723
PASS NO.4724
PASS NO.4725
PASS NO.4726
PASS NO.4727
PASS NO.4728
PASS NO.4729
PASS NO.4730
PASS NO.4731
PASS NO.4732
PASS NO.4733
PASS NO.4734
PASS NO.4735
PASS NO.4736
PASS NO.4737
PASS NO.4738
PASS NO.4739
PASS NO.4740
PASS NO.4741
PASS NO.4742
PASS NO.4743
PASS NO.4744
PASS NO.4745
PASS NO.4746
PASS NO.4747
PASS NO.4748
PASS NO.4749
PASS NO.4750
PASS NO.4751
PASS NO.4752
PASS NO.4753
PASS NO.4754
PASS NO.4755
PASS NO.4756
PASS NO.4757
PASS NO.4758
PASS NO.4759
PASS NO.4760
PASS NO.4761
PASS NO.4762
PASS NO.4763
PASS NO.4764
PASS NO.4765
PASS NO.4766
PASS NO.4767
PASS NO.4768
PASS NO.4769
PASS NO.4770
PASS NO.4771
PASS NO.4772
PASS NO.4773
PASS NO.4774
PASS NO.4775
PASS NO.4776
PASS NO.4777
PASS NO.4778
PASS NO.4779
PASS NO.4780
PASS NO.4781
PASS NO.4782
PASS NO.4783
PASS NO.4784
PASS NO.4785
PASS NO.4786
PASS NO.4787
PASS NO.4788
PASS NO.4789
PASS NO.4790
PASS NO.4791
PASS NO.4792
PASS NO.4793
PASS NO.4794
PASS NO.4795
PASS NO.4796
PASS NO.4797
PASS NO.4798
PASS NO.4799
PASS NO.4800
PASS NO.4801
PASS NO.4802
PASS NO.4803
PASS NO.4804
PASS NO.4805
PASS NO.4806
PASS NO.4807
PASS NO.4808
PASS NO.4809
PASS NO.4810
PASS NO.4811
PASS NO.4812
PASS NO.4813
PASS NO.4814
PASS NO.4815
PASS NO.4816
PASS NO.4817
PASS NO.4818
PASS NO.4819
PASS NO.4820
PASS NO.4821
PASS NO.4822
PASS NO.4823
PASS NO.4824
PASS NO.4825
PASS NO.4826
PASS NO.4827
PASS NO.4828
PASS NO.4829
PASS NO.4830
PASS NO.4831
PASS NO.4832
PASS NO.4833
PASS NO.4834
PASS NO.4835
PASS NO.4836
PASS NO.4837
PASS NO.4838
PASS NO.4839
PASS NO.4840
PASS NO.4841
PASS NO.4842
PASS NO.4843
PASS NO.4844
PASS NO.4845
PASS NO.4846
PASS NO.4847
PASS NO.4848
PASS NO.4849
PASS NO.4850
PASS NO.4851
PASS NO.4852
PASS NO.4853
PASS NO.4854
PASS NO.4855
PASS NO.4856
PASS NO.4857
PASS NO.4858
PASS NO.4859
PASS NO.4860
PASS NO.4861
PASS NO.4862
PASS NO.4863
PASS NO.4864
PASS NO.4865
PASS NO.4866
PASS NO.4867
PASS NO.4868
PASS NO.4869
PASS NO.4870
PASS NO.4871
PASS NO.4872
PASS NO.4873
PASS NO.4874
PASS NO.4875
PASS NO.4876
PASS NO.4877
PASS NO.4878
PASS NO.4879
PASS NO.4880
PASS NO.4881
PASS NO.4882
PASS NO.4883
PASS NO.4884
PASS NO.4885
PASS NO.4886
PASS NO.4887
PASS NO.4888
PASS NO.4889
PASS NO.4890
PASS NO.4891
PASS NO.4892
PASS NO.4893
PASS NO.4894
PASS NO.4895
PASS NO.4896
PASS NO.4897
PASS NO.4898
PASS NO.4899
PASS NO.4900
PASS NO.4901
PASS NO.4902
PASS NO.4903
PASS NO.4904
PASS NO.4905
PASS NO.4906
PASS NO.4907
PASS NO.4908
PASS NO.4909
PASS NO.4910
PASS NO.4911
PASS NO.4912
PASS NO.4913
PASS NO.4914
PASS NO.4915
PASS NO.4916
PASS NO.4917
PASS NO.4918
PASS NO.4919
PASS NO.4920
PASS NO.4921
PASS NO.4922
PASS NO.4923
PASS NO.4924
PASS NO.4925
PASS NO.4926
PASS NO.4927
PASS NO.4928
PASS NO.4929
PASS NO.4930
PASS NO.4931
PASS NO.4932
PASS NO.4933
PASS NO.4934
PASS NO.4935
PASS NO.4936
PASS NO.4937
PASS NO.4938
PASS NO.4939
PASS NO.4940
PASS NO.4941
PASS NO.4942
PASS NO.4943
PASS NO.4944
PASS NO.4945
PASS NO.4946
PASS NO.4947
PASS NO.4948
PASS NO.4949
PASS NO.4950
PASS NO.4951
PASS NO.4952
PASS NO.4953
PASS NO.4954
PASS NO.4955
PASS NO.4956
PASS NO.4957
PASS NO.4958
PASS NO.4959
PASS NO.4960
PASS NO.4961
PASS NO.4962
PASS NO.4963
PASS NO.4964
PASS NO.4965
PASS NO.4966
PASS NO.4967
PASS NO.4968
PASS NO.4969
PASS NO.4970
PASS NO.4971
PASS NO.4972
PASS NO.4973
PASS NO.4974
PASS NO.4975
PASS NO.4976
PASS NO.4977
PASS NO.4978
PASS NO.4979
PASS NO.4980
PASS NO.4981
PASS NO.4982
PASS NO.4983
PASS NO.4984
PASS NO.4985
PASS NO.4986
PASS NO.4987
PASS NO.4988
PASS NO.4989
PASS NO.4990
PASS NO.4991
PASS NO.4992
PASS NO.4993
PASS NO.4994
PASS NO.4995
PASS NO.4996
PASS NO.4997
PASS NO.4998
PASS NO.4999
PASS NO.5000
PASS NO.5001
PASS NO.5002
PASS NO.5003
PASS NO.5004
PASS NO.5005
PASS NO.5006
PASS NO.5007
PASS NO.5008
PASS NO.5009
PASS NO.5010
PASS NO.5011
PASS NO.5012
PASS NO.5013
PASS NO.5014
PASS NO.5015
PASS NO.5016
PASS NO.5017
PASS NO.5018
PASS NO.5019
PASS NO.5020
PASS NO.5021
PASS NO.5022
PASS NO.5023
PASS NO.5024
PASS NO.5025
PASS NO.5026
PASS NO.5027
PASS NO.5028
PASS NO.5029
PASS NO.5030
PASS NO.5031
PASS NO.5032
PASS NO.5033
PASS NO.5034
PASS NO.5035
PASS NO.5036
PASS NO.5037
PASS NO.5038
PASS NO.5039
PASS NO.5040
PASS NO.5041
PASS NO.5042
PASS NO.5043
PASS NO.5044
PASS NO.5045
PASS NO.5046
PASS NO.5047
PASS NO.5048
PASS NO.5049
PASS NO.5050
PASS NO.5051
PASS NO.5052
PASS NO.5053
PASS NO.5054
PASS NO.5055
PASS NO.5056
PASS NO.5057
PASS NO.5058
PASS NO.5059
PASS NO.5060
PASS NO.5061
PASS NO.5062
PASS NO.5063
PASS NO.5064
PASS NO.5065
PASS NO.5066
PASS NO.5067
PASS NO.5068
PASS NO.5069
PASS NO.5070
PASS NO.5071
PASS NO.5072
PASS NO.5073
PASS NO.5074
PASS NO.5075
PASS NO.5076
PASS NO.5077
PASS NO.5078
PASS NO.5079
PASS NO.5080
PASS NO.5081
PASS NO.5082
PASS NO.5083
PASS NO.5084
PASS NO.5085
PASS NO.5086
PASS NO.5087
PASS NO.5088
PASS NO.5089
PASS NO.5090
PASS NO.5091
PASS NO.5092
PASS NO.5093
PASS NO.5094
PASS NO.5095
PASS NO.5096
PASS NO.5097
PASS NO.5098
PASS NO.5099
PASS NO.5100
PASS NO.5101
PASS NO.5102
PASS NO.5103
PASS NO.5104
PASS NO.5105
PASS NO.5106
PASS NO.5107
PASS NO.5108
PASS NO.5109
PASS NO.5110
PASS NO.5111
PASS NO.5112
PASS NO.5113
PASS NO.5114
PASS NO.5115
PASS NO.5116
PASS NO.5117
PASS NO.5118
PASS NO.5119
PASS NO.5120
PASS NO.5121
PASS NO.5122
PASS NO.5123
PASS NO.5124
PASS NO.5125
PASS NO.5126
PASS NO.5127
PASS NO.5128
PASS NO.5129
PASS NO.5130
PASS NO.5131
PASS NO.5132
PASS NO.5133
PASS NO.5134
PASS NO.5135
PASS NO.5136
PASS NO.5137
PASS NO.5138
PASS NO.5139
PASS NO.5140
PASS NO.5141
PASS NO.5142
PASS NO.5143
PASS NO.5144
PASS NO.5145
PASS NO.5146
PASS NO.5147
PASS NO.5148
PASS NO.5149
PASS NO.5150
PASS NO.5151
PASS NO.5152
PASS NO.5153
PASS NO.5154
PASS NO.5155
PASS NO.5156
PASS NO.5157
PASS NO.5158
PASS NO.5159
PASS NO.5160
PASS NO.5161
PASS NO.5162
PASS NO.5163
PASS NO.5164
PASS NO.5165
PASS NO.5166
PASS NO.5167
PASS NO.5168
PASS NO.5169
PASS NO.5170
PASS NO.5171
PASS NO.5172
PASS NO.5173
PASS NO.5174
PASS NO.5175
PASS NO.5176
PASS NO.5177
PASS NO.5178
PASS NO.5179
PASS NO.5180
PASS NO.5181
PASS NO.5182
PASS NO.5183
PASS NO.5184
PASS NO.5185
PASS NO.5186
PASS NO.5187
PASS NO.5188
PASS NO.5189
PASS NO.5190
PASS NO.5191
PASS NO.5192
PASS NO.5193
PASS NO.5194
PASS NO.5195
PASS NO.5196
PASS NO.5197
PASS NO.5198
PASS NO.5199
PASS NO.5200
PASS NO.5201
PASS NO.5202
PASS NO.5203
PASS NO.5204
PASS NO.5205
PASS NO.5206
PASS NO.5207
PASS NO.5208
PASS NO.5209
PASS NO.5210
PASS NO.5211
PASS NO.5212
PASS NO.5213
PASS NO.5214
PASS NO.5215
PASS NO.5216
PASS NO.5217
PASS NO.5218
PASS NO.5219
PASS NO.5220
PASS NO.5221
PASS NO.5222
PASS NO.5223
PASS NO.5224
PASS NO.5225
PASS NO.5226
PASS NO.5227
PASS NO.5228
PASS NO.5229
PASS NO.5230
PASS NO.5231
PASS NO.5232
PASS NO.5233
PASS NO.5234
PASS NO.5235
PASS NO.5236
PASS NO.5237
PASS NO.5238
PASS NO.5239
PASS NO.5240
PASS NO.5241
PASS NO.5242
PASS NO.5243
PASS NO.5244
PASS NO.5245
PASS NO.5246
PASS NO.5247
PASS NO.5248
PASS NO.5249
PASS NO.5250
PASS NO.5251
PASS NO.5252
PASS NO.5253
PASS NO.5254
PASS NO.5255
PASS NO.5256
PASS NO.5257
PASS NO.5258
PASS NO.5259
PASS NO.5260
PASS NO.5261
PASS NO.5262
PASS NO.5263
PASS NO.5264
PASS NO.5265
PASS NO.5266
PASS NO.5267
PASS NO.5268
PASS NO.5269
PASS NO.5270
PASS NO.5271
PASS NO.5272
PASS NO.5273
PASS NO.5274
PASS NO.5275
PASS NO.5276
PASS NO.5277
PASS NO.5278
PASS NO.5279
PASS NO.5280
PASS NO.5281
PASS NO.5282
PASS NO.5283
PASS NO.5284
PASS NO.5285
PASS NO.5286
PASS NO.5287
PASS NO.5288
PASS NO.5289
PASS NO.5290
PASS NO.5291
PASS NO.5292
PASS NO.5293
PASS NO.5294
PASS NO.5295
PASS NO.5296
PASS NO.5297
PASS NO.5298
PASS NO.5299
PASS NO.5300
PASS NO.5301
PASS NO.5302
PASS NO.5303
PASS NO.5304
PASS NO.5305
PASS NO.5306
PASS NO.5307
PASS NO.5308
PASS NO.5309
PASS NO.5310
PASS NO.5311
PASS NO.5312
PASS NO.5313
PASS NO.5314
PASS NO.5315
PASS NO.5316
PASS NO.5317
PASS NO.5318
PASS NO.5319
PASS NO.5320
PASS NO.5321
PASS NO.5322
PASS NO.5323
PASS NO.5324
PASS NO.5325
PASS NO.5326
PASS NO.5327
PASS NO.5328
PASS NO.5329
PASS NO.5330
PASS NO.5331
PASS NO.5332
PASS NO.5333
PASS NO.5334
PASS NO.5335
PASS NO.5336
PASS NO.5337
PASS NO.5338
PASS NO.5339
PASS NO.5340
PASS NO.5341
PASS NO.5342
PASS NO.5343
PASS NO.5344
PASS NO.5345
PASS NO.5346
PASS NO.5347
PASS NO.5348
PASS NO.5349
PASS NO.5350
PASS NO.5351
PASS NO.5352
PASS NO.5353
PASS NO.5354
PASS NO.5355
PASS NO.5356
PASS NO.5357
PASS NO.5358
PASS NO.5359
PASS NO.5360
PASS NO.5361
PASS NO.5362
PASS NO.5363
PASS NO.5364
PASS NO.5365
PASS NO.5366
PASS NO.5367
PASS NO.5368
PASS NO.5369
PASS NO.5370
PASS NO.5371
PASS NO.5372
PASS NO.5373
PASS NO.5374
PASS NO.5375
PASS NO.5376
PASS NO.5377
PASS NO.5378
PASS NO.5379
PASS NO.5380
PASS NO.5381
PASS NO.5382
PASS NO.5383
PASS NO.5384
PASS NO.5385
PASS NO.5386
PASS NO.5387
PASS NO.5388
PASS NO.5389
PASS NO.5390
PASS NO.5391
PASS NO.5392
PASS NO.5393
PASS NO.5394
PASS NO.5395
PASS NO.5396
PASS NO.5397
PASS NO.5398
PASS NO.5399
PASS NO.5400
PASS NO.5401
PASS NO.5402
PASS NO.5403
PASS NO.5404
PASS NO.5405
PASS NO.5406
PASS NO.5407
PASS NO.5408
PASS NO.5409
PASS NO.5410
PASS NO.5411
PASS NO.5412
PASS NO.5413
PASS NO.5414
PASS NO.5415
PASS NO.5416
PASS NO.5417
PASS NO.5418
PASS NO.5419
PASS NO.5420
PASS NO.5421
PASS NO.5422
PASS NO.5423
PASS NO.5424
PASS NO.5425
PASS NO.5426
PASS NO.5427
PASS NO.5428
PASS NO.5429
PASS NO.5430
PASS NO.5431
PASS NO.5432
PASS NO.5433
PASS NO.5434
PASS NO.5435
PASS NO.5436
PASS NO.5437
PASS NO.5438
PASS NO.5439
PASS NO.5440
PASS NO.5441
PASS NO.5442
PASS NO.5443
PASS NO.5444
PASS NO.5445
PASS NO.5446
PASS NO.5447
PASS NO.5448
PASS NO.5449
PASS NO.5450
PASS NO.5451
PASS NO.5452
PASS NO.5453
PASS NO.5454
PASS NO.5455
PASS NO.5456
PASS NO.5457
PASS NO.5458
PASS NO.5459
PASS NO.5460
PASS NO.5461
PASS NO.5462
PASS NO.5463
PASS NO.5464
PASS NO.5465
PASS NO.5466
PASS NO.5467
PASS NO.5468
PASS NO.5469
PASS NO.5470
PASS NO.5471
PASS NO.5472
PASS NO.5473
PASS NO.5474
PASS NO.5475
PASS NO.5476
PASS NO.5477
PASS NO.5478
PASS NO.5479
PASS NO.5480
PASS NO.5481
PASS NO.5482
PASS NO.5483
PASS NO.5484
PASS NO.5485
PASS NO.5486
PASS NO.5487
PASS NO.5488
PASS NO.5489
PASS NO.5490
PASS NO.5491
PASS NO.5492
PASS NO.5493
PASS NO.5494
PASS NO.5495
PASS NO.5496
PASS NO.5497
PASS NO.5498
PASS NO.5499
PASS NO.5500
PASS NO.5501
PASS NO.5502
PASS NO.5503
PASS NO.5504
PASS NO.5505
PASS NO.5506
PASS NO.5507
PASS NO.5508
PASS NO.5509
PASS NO.5510
PASS NO.5511
PASS NO.5512
PASS NO.5513
PASS NO.5514
PASS NO.5515
PASS NO.5516
PASS NO.5517
PASS NO.5518
PASS NO.5519
PASS NO.5520
PASS NO.5521
PASS NO.5522
PASS NO.5523
PASS NO.5524
PASS NO.5525
PASS NO.5526
PASS NO.5527
PASS NO.5528
PASS NO.5529
PASS NO.5530
PASS NO.5531
PASS NO.5532
PASS NO.5533
PASS NO.5534
PASS NO.5535
PASS NO.5536
PASS NO.5537
PASS NO.5538
PASS NO.5539
PASS NO.5540
PASS NO.5541
PASS NO.5542
PASS NO.5543
PASS NO.5544
PASS NO.5545
PASS NO.5546
PASS NO.5547
PASS NO.5548
PASS NO.5549
PASS NO.5550
PASS NO.5551
PASS NO.5552
PASS NO.5553
PASS NO.5554
PASS NO.5555
PASS NO.5556
PASS NO.5557
PASS NO.5558
PASS NO.5559
PASS NO.5560
PASS NO.5561
PASS NO.5562
PASS NO.5563
PASS NO.5564
PASS NO.5565
PASS NO.5566
PASS NO.5567
PASS NO.5568
PASS NO.5569
PASS NO.5570
PASS NO.5571
PASS NO.5572
PASS NO.5573
PASS NO.5574
PASS NO.5575
PASS NO.5576
PASS NO.5577
PASS NO.5578
PASS NO.5579
PASS NO.5580
PASS NO.5581
PASS NO.5582
PASS NO.5583
PASS NO.5584
PASS NO.5585
PASS NO.5586
PASS NO.5587
PASS NO.5588
PASS NO.5589
PASS NO.5590
PASS NO.5591
PASS NO.5592
PASS NO.5593
PASS NO.5594
PASS NO.5595
PASS NO.5596
PASS NO.5597
PASS NO.5598
PASS NO.5599
PASS NO.5600
PASS NO.5601
PASS NO.5602
PASS NO.5603
PASS NO.5604
PASS NO.5605
PASS NO.5606
PASS NO.5607
PASS NO.5608
PASS NO.5609
PASS NO.5610
PASS NO.5611
PASS NO.5612
PASS NO.5613
PASS NO.5614
PASS NO.5615
PASS NO.5616
PASS NO.5617
PASS NO.5618
PASS NO.5619
PASS NO.5620
PASS NO.5621
PASS NO.5622
PASS NO.5623
PASS NO.5624
PASS NO.5625
PASS NO.5626
PASS NO.5627
PASS NO.5628
PASS NO.5629
PASS NO.5630
PASS NO.5631
PASS NO.5632
PASS NO.5633
PASS NO.5634
PASS NO.5635
PASS NO.5636
PASS NO.5637
PASS NO.5638
PASS NO.5639
PASS NO.5640
PASS NO.5641
PASS NO.5642
PASS NO.5643
PASS NO.5644
PASS NO.5645
PASS NO.5646
PASS NO.5647
PASS NO.5648
PASS NO.5649
PASS NO.5650
PASS NO.5651
PASS NO.5652
PASS NO.5653
PASS NO.5654
PASS NO.5655
PASS NO.5656
PASS NO.5657
PASS NO.5658
PASS NO.5659
PASS NO.5660
PASS NO.5661
PASS NO.5662
PASS NO.5663
PASS NO.5664
PASS NO.5665
PASS NO.5666
PASS NO.5667
PASS NO.5668
PASS NO.5669
PASS NO.5670
PASS NO.5671
PASS NO.5672
PASS NO.5673
PASS NO.5674
PASS NO.5675
PASS NO.5676
PASS NO.5677
PASS NO.5678
PASS NO.5679
PASS NO.5680
PASS NO.5681
PASS NO.5682
PASS NO.5683
PASS NO.5684
PASS NO.5685
PASS NO.5686
PASS NO.5687
PASS NO.5688
PASS NO.5689
PASS NO.5690
PASS NO.5691
PASS NO.5692
PASS NO.5693
PASS NO.5694
PASS NO.5695
PASS NO.5696
PASS NO.5697
PASS NO.5698
PASS NO.5699
PASS NO.5700
PASS NO.5701
PASS NO.5702
PASS NO.5703
PASS NO.5704
PASS NO.5705
PASS NO.5706
PASS NO.5707
PASS NO.5708
PASS NO.5709
PASS NO.5710
PASS NO.5711
PASS NO.5712
PASS NO.5713
PASS NO.5714
PASS NO.5715
PASS NO.5716
PASS NO.5717
PASS NO.5718
PASS NO.5719
PASS NO.5720
PASS NO.5721
PASS NO.5722
PASS NO.5723
PASS NO.5724
PASS NO.5725
PASS NO.5726
PASS NO.5727
PASS NO.5728
PASS NO.5729
PASS NO.5730
PASS NO.5731
PASS NO.5732
PASS NO.5733
PASS NO.5734
PASS NO.5735
PASS NO.5736
PASS NO.5737
PASS NO.5738
PASS NO.5739
PASS NO.5740
PASS NO.5741
PASS NO.5742
PASS NO.5743
PASS NO.5744
PASS NO.5745
PASS NO.5746
PASS NO.5747
PASS NO.5748
PASS NO.5749
PASS NO.5750
PASS NO.5751
PASS NO.5752
PASS NO.5753
PASS NO.5754
PASS NO.5755
PASS NO.5756
PASS NO.5757
PASS NO.5758
PASS NO.5759
PASS NO.5760
PASS NO.5761
PASS NO.5762
PASS NO.5763
PASS NO.5764
PASS NO.5765
PASS NO.5766
PASS NO.5767
PASS NO.5768
PASS NO.5769
PASS NO.5770
PASS NO.5771
PASS NO.5772
PASS NO.5773
PASS NO.5774
PASS NO.5775
PASS NO.5776
PASS NO.5777
PASS NO.5778
PASS NO.5779
PASS NO.5780
PASS NO.5781
PASS NO.5782
PASS NO.5783
PASS NO.5784
PASS NO.5785
PASS NO.5786
PASS NO.5787
PASS NO.5788
PASS NO.5789
PASS NO.5790
PASS NO.5791
PASS NO.5792
PASS NO.5793
PASS NO.5794
PASS NO.5795
PASS NO.5796
PASS NO.5797
PASS NO.5798
PASS NO.5799
PASS NO.5800
PASS NO.5801
PASS NO.5802
PASS NO.5803
PASS NO.5804
PASS NO.5805
PASS NO.5806
PASS NO.5807
PASS NO.5808
PASS NO.5809
PASS NO.5810
PASS NO.5811
PASS NO.5812
PASS NO.5813
PASS NO.5814
PASS NO.5815
PASS NO.5816
PASS NO.5817
PASS NO.5818
PASS NO.5819
PASS NO.5820
PASS NO.5821
PASS NO.5822
PASS NO.5823
PASS NO.5824
PASS NO.5825
PASS NO.5826
PASS NO.5827
PASS NO.5828
PASS NO.5829
PASS NO.5830
PASS NO.5831
PASS NO.5832
PASS NO.5833
PASS NO.5834
PASS NO.5835
PASS NO.5836
PASS NO.5837
PASS NO.5838
PASS NO.5839
PASS NO.5840
PASS NO.5841
PASS NO.5842
PASS NO.5843
PASS NO.5844
PASS NO.5845
PASS NO.5846
PASS NO.5847
PASS NO.5848
PASS NO.5849
PASS NO.5850
PASS NO.5851
PASS NO.5852
PASS NO.5853
PASS NO.5854
PASS NO.5855
PASS NO.5856
PASS NO.5857
PASS NO.5858
PASS NO.5859
PASS NO.5860
PASS NO.5861
PASS NO.5862
PASS NO.5863
PASS NO.5864
PASS NO.5865
PASS NO.5866
PASS NO.5867
PASS NO.5868
PASS NO.5869
PASS NO.5870
PASS NO.5871
PASS NO.5872
PASS NO.5873
PASS NO.5874
PASS NO.5875
PASS NO.5876
PASS NO.5877
PASS NO.5878
PASS NO.5879
PASS NO.5880
PASS NO.5881
PASS NO.5882
PASS NO.5883
PASS NO.5884
PASS NO.5885
PASS NO.5886
PASS NO.5887
PASS NO.5888
PASS NO.5889
PASS NO.5890
PASS NO.5891
PASS NO.5892
PASS NO.5893
PASS NO.5894
PASS NO.5895
PASS NO.5896
PASS NO.5897
PASS NO.5898
PASS NO.5899
PASS NO.5900
PASS NO.5901
PASS NO.5902
PASS NO.5903
PASS NO.5904
PASS NO.5905
PASS NO.5906
PASS NO.5907
PASS NO.5908
PASS NO.5909
PASS NO.5910
PASS NO.5911
PASS NO.5912
PASS NO.5913
PASS NO.5914
PASS NO.5915
PASS NO.5916
PASS NO.5917
PASS NO.5918
PASS NO.5919
PASS NO.5920
PASS NO.5921
PASS NO.5922
PASS NO.5923
PASS NO.5924
PASS NO.5925
PASS NO.5926
PASS NO.5927
PASS NO.5928
PASS NO.5929
PASS NO.5930
PASS NO.5931
PASS NO.5932
PASS NO.5933
PASS NO.5934
PASS NO.5935
PASS NO.5936
PASS NO.5937
PASS NO.5938
PASS NO.5939
PASS NO.5940
PASS NO.5941
PASS NO.5942
PASS NO.5943
PASS NO.5944
PASS NO.5945
PASS NO.5946
PASS NO.5947
PASS NO.5948
PASS NO.5949
PASS NO.5950
PASS NO.5951
PASS NO.5952
PASS NO.5953
PASS NO.5954
PASS NO.5955
PASS NO.5956
PASS NO.5957
PASS NO.5958
PASS NO.5959
PASS NO.5960
PASS NO.5961
PASS NO.5962
PASS NO.5963
PASS NO.5964
PASS NO.5965
PASS NO.5966
PASS NO.5967
PASS NO.5968
PASS NO.5969
PASS NO.5970
PASS NO.5971
PASS NO.5972
PASS NO.5973
PASS NO.5974
PASS NO.5975
PASS NO.5976
PASS NO.5977
PASS NO.5978
PASS NO.5979
PASS NO.5980
PASS NO.5981
PASS NO.5982
PASS NO.5983
PASS NO.5984
PASS NO.5985
PASS NO.5986
PASS NO.5987
PASS NO.5988
PASS NO.5989
PASS NO.5990
PASS NO.5991
PASS NO.5992
PASS NO.5993
PASS NO.5994
PASS NO.5995
PASS NO.5996
PASS NO.5997
PASS NO.5998
PASS NO.5999
PASS NO.6000
PASS NO.6001
PASS NO.6002
PASS NO.6003
PASS NO.6004
PASS NO.6005
PASS NO.6006
PASS NO.6007
PASS NO.6008
PASS NO.6009
PASS NO.6010
PASS NO.6011
PASS NO.6012
PASS NO.6013
PASS NO.6014
PASS NO.6015
PASS NO.6016
PASS NO.6017
PASS NO.6018
PASS NO.6019
PASS NO.6020
PASS NO.6021
PASS NO.6022
PASS NO.6023
PASS NO.6024
PASS NO.6025
PASS NO.6026
PASS NO.6027
PASS NO.6028
PASS NO.6029
PASS NO.6030
PASS NO.6031
PASS NO.6032
PASS NO.6033
PASS NO.6034
PASS NO.6035
PASS NO.6036
PASS NO.6037
PASS NO.6038
PASS NO.6039
PASS NO.6040
PASS NO.6041
PASS NO.6042
PASS NO.6043
PASS NO.6044
PASS NO.6045
PASS NO.6046
PASS NO.6047
PASS NO.6048
PASS NO.6049
PASS NO.6050
PASS NO.6051
PASS NO.6052
PASS NO.6053
PASS NO.6054
PASS NO.6055
PASS NO.6056
PASS NO.6057
PASS NO.6058
PASS NO.6059
PASS NO.6060
PASS NO.6061
PASS NO.6062
PASS NO.6063
PASS NO.6064
PASS NO.6065
PASS NO.6066
PASS NO.6067
PASS NO.6068
PASS NO.6069
PASS NO.6070
PASS NO.6071
PASS NO.6072
PASS NO.6073
PASS NO.6074
PASS NO.6075
PASS NO.6076
PASS NO.6077
PASS NO.6078
PASS NO.6079
PASS NO.6080
PASS NO.6081
PASS NO.6082
PASS NO.6083
PASS NO.6084
PASS NO.6085
PASS NO.6086
PASS NO.6087
PASS NO.6088
PASS NO.6089
PASS NO.6090
PASS NO.6091
PASS NO.6092
PASS NO.6093
PASS NO.6094
PASS NO.6095
PASS NO.6096
PASS NO.6097
PASS NO.6098
PASS NO.6099
PASS NO.6100
PASS NO.6101
PASS NO.6102
PASS NO.6103
PASS NO.6104
PASS NO.6105
PASS NO.6106
PASS NO.6107
PASS NO.6108
PASS NO.6109
PASS NO.6110
PASS NO.6111
PASS NO.6112
PASS NO.6113
PASS NO.6114
PASS NO.6115
PASS NO.6116
PASS NO.6117
PASS NO.6118
PASS NO.6119
PASS NO.6120
PASS NO.6121
PASS NO.6122
PASS NO.6123
PASS NO.6124
PASS NO.6125
PASS NO.6126
PASS NO.6127
PASS NO.6128
PASS NO.6129
PASS NO.6130
PASS NO.6131
PASS NO.6132
PASS NO.6133
PASS NO.6134
PASS NO.6135
PASS NO.6136
PASS NO.6137
PASS NO.6138
PASS NO.6139
PASS NO.6140
PASS NO.6141
PASS NO.6142
PASS NO.6143
PASS NO.6144
PASS NO.6145
PASS NO.6146
PASS NO.6147
PASS NO.6148
PASS NO.6149
PASS NO.6150
PASS NO.6151
PASS NO.6152
PASS NO.6153
PASS NO.6154
PASS NO.6155
PASS NO.6156
PASS NO.6157
PASS NO.6158
PASS NO.6159
PASS NO.6160
PASS NO.6161
PASS NO.6162
PASS NO.6163
PASS NO.6164
PASS NO.6165
PASS NO.6166
PASS NO.6167
PASS NO.6168
PASS NO.6169
PASS NO.6170
PASS NO.6171
PASS NO.6172
PASS NO.6173
PASS NO.6174
PASS NO.6175
PASS NO.6176
PASS NO.6177
PASS NO.6178
PASS NO.6179
PASS NO.6180
PASS NO.6181
PASS NO.6182
PASS NO.6183
PASS NO.6184
PASS NO.6185
PASS NO.6186
PASS NO.6187
PASS NO.6188
PASS NO.6189
PASS NO.6190
PASS NO.6191
PASS NO.6192
PASS NO.6193
PASS NO.6194
PASS NO.6195
PASS NO.6196
PASS NO.6197
PASS NO.6198
PASS NO.6199
PASS NO.6200
PASS NO.6201
PASS NO.6202
PASS NO.6203
PASS NO.6204
PASS NO.6205
PASS NO.6206
PASS NO.6207
PASS NO.6208
PASS NO.6209
PASS NO.6210
PASS NO.6211
PASS NO.6212
PASS NO.6213
PASS NO.6214
PASS NO.6215
PASS NO.6216
PASS NO.6217
PASS NO.6218
PASS NO.6219
PASS NO.6220
PASS NO.6221
PASS NO.6222
PASS NO.6223
PASS NO.6224
PASS NO.6225
PASS NO.6226
PASS NO.6227
PASS NO.6228
PASS NO.6229
PASS NO.6230
PASS NO.6231
PASS NO.6232
PASS NO.6233
PASS NO.6234
PASS NO.6235
PASS NO.6236
PASS NO.6237
PASS NO.6238
PASS NO.6239
PASS NO.6240
PASS NO.6241
PASS NO.6242
PASS NO.6243
PASS NO.6244
PASS NO.6245
PASS NO.6246
PASS NO.6247
PASS NO.6248
PASS NO.6249
PASS NO.6250
PASS NO.6251
PASS NO.6252
PASS NO.6253
PASS NO.6254
PASS NO.6255
PASS NO.6256
PASS NO.6257
PASS NO.6258
PASS NO.6259
PASS NO.6260
PASS NO.6261
PASS NO.6262
PASS NO.6263
PASS NO.6264
PASS NO.6265
PASS NO.6266
PASS NO.6267
PASS NO.6268
PASS NO.6269
PASS NO.6270
PASS NO.6271
PASS NO.6272
PASS NO.6273
PASS NO.6274
PASS NO.6275
PASS NO.6276
PASS NO.6277
PASS NO.6278
PASS NO.6279
PASS NO.6280
PASS NO.6281
PASS NO.6282
PASS NO.6283
PASS NO.6284
PASS NO.6285
PASS NO.6286
PASS NO.6287
PASS NO.6288
PASS NO.6289
PASS NO.6290
PASS NO.6291
PASS NO.6292
PASS NO.6293
PASS NO.6294
PASS NO.6295
PASS NO.6296
PASS NO.6297
PASS NO.6298
PASS NO.6299
PASS NO.6300
PASS NO.6301
PASS NO.6302
PASS NO.6303
PASS NO.6304
PASS NO.6305
PASS NO.6306
PASS NO.6307
PASS NO.6308
PASS NO.6309
PASS NO.6310
PASS NO.6311
PASS NO.6312
PASS NO.6313
PASS NO.6314
PASS NO.6315
PASS NO.6316
PASS NO.6317
PASS NO.6318
PASS NO.6319
PASS NO.6320
PASS NO.6321
PASS NO.6322
PASS NO.6323
PASS NO.6324
PASS NO.6325
PASS NO.6326
PASS NO.6327
PASS NO.6328
PASS NO.6329
PASS NO.6330
PASS NO.6331
PASS NO.6332
PASS NO.6333
PASS NO.6334
PASS NO.6335
PASS NO.6336
PASS NO.6337
PASS NO.6338
PASS NO.6339
PASS NO.6340
PASS NO.6341
PASS NO.6342
PASS NO.6343
PASS NO.6344
PASS NO.6345
PASS NO.6346
PASS NO.6347
PASS NO.6348
PASS NO.6349
PASS NO.6350
PASS NO.6351
PASS NO.6352
PASS NO.6353
PASS NO.6354
PASS NO.6355
PASS NO.6356
PASS NO.6357
PASS NO.6358
PASS NO.6359
PASS NO.6360
PASS NO.6361
PASS NO.6362
PASS NO.6363
PASS NO.6364
PASS NO.6365
PASS NO.6366
PASS NO.6367
PASS NO.6368
PASS NO.6369
PASS NO.6370
PASS NO.6371
PASS NO.6372
PASS NO.6373
PASS NO.6374
PASS NO.6375
PASS NO.6376
PASS NO.6377
PASS NO.6378
PASS NO.6379
PASS NO.6380
PASS NO.6381
PASS NO.6382
PASS NO.6383
PASS NO.6384
PASS NO.6385
PASS NO.6386
PASS NO.6387
PASS NO.6388
PASS NO.6389
PASS NO.6390
PASS NO.6391
PASS NO.6392
PASS NO.6393
PASS NO.6394
PASS NO.6395
PASS NO.6396
PASS NO.6397
PASS NO.6398
PASS NO.6399
PASS NO.6400
PASS NO.6401
PASS NO.6402
PASS NO.6403
PASS NO.6404
PASS NO.6405
PASS NO.6406
PASS NO.6407
PASS NO.6408
PASS NO.6409
PASS NO.6410
PASS NO.6411
PASS NO.6412
PASS NO.6413
PASS NO.6414
PASS NO.6415
PASS NO.6416
PASS NO.6417
PASS NO.6418
PASS NO.6419
PASS NO.6420
PASS NO.6421
PASS NO.6422
PASS NO.6423
PASS NO.6424
PASS NO.6425
PASS NO.6426
PASS NO.6427
PASS NO.6428
PASS NO.6429
PASS NO.6430
PASS NO.6431
PASS NO.6432
PASS NO.6433
PASS NO.6434
PASS NO.6435
PASS NO.6436
PASS NO.6437
PASS NO.6438
PASS NO.6439
PASS NO.6440
PASS NO.6441
PASS NO.6442
PASS NO.6443
PASS NO.6444
PASS NO.6445
PASS NO.6446
PASS NO.6447
PASS NO.6448
PASS NO.6449
PASS NO.6450
PASS NO.6451
PASS NO.6452
PASS NO.6453
PASS NO.6454
PASS NO.6455
PASS NO.6456
PASS NO.6457
PASS NO.6458
PASS NO.6459
PASS NO.6460
PASS NO.6461
PASS NO.6462
PASS NO.6463
PASS NO.6464
PASS NO.6465
PASS NO.6466
PASS NO.6467
PASS NO.6468
PASS NO.6469
PASS NO.6470
PASS NO.6471
PASS NO.6472
PASS NO.6473
PASS NO.6474
PASS NO.6475
PASS NO.6476
PASS NO.6477
PASS NO.6478
PASS NO.6479
PASS NO.6480
PASS NO.6481
PASS NO.6482
PASS NO.6483
PASS NO.6484
PASS NO.6485
PASS NO.6486
PASS NO.6487
PASS NO.6488
PASS NO.6489
PASS NO.6490
PASS NO.6491
PASS NO.6492
PASS NO.6493
PASS NO.6494
PASS NO.6495
PASS NO.6496
PASS NO.6497
PASS NO.6498
PASS NO.6499
PASS NO.6500
PASS NO.6501
PASS NO.6502
PASS NO.6503
PASS NO.6504
PASS NO.6505
PASS NO.6506
PASS NO.6507
PASS NO.6508
PASS NO.6509
PASS NO.6510
PASS NO.6511
PASS NO.6512
PASS NO.6513
PASS NO.6514
PASS NO.6515
PASS NO.6516
PASS NO.6517
PASS NO.6518
PASS NO.6519
PASS NO.6520
PASS NO.6521
PASS NO.6522
PASS NO.6523
PASS NO.6524
PASS NO.6525
PASS NO.6526
PASS NO.6527
PASS NO.6528
PASS NO.6529
PASS NO.6530
PASS NO.6531
PASS NO.6532
PASS NO.6533
PASS NO.6534
PASS NO.6535
PASS NO.6536
PASS NO.6537
PASS NO.6538
PASS NO.6539
PASS NO.6540
PASS NO.6541
PASS NO.6542
PASS NO.6543
PASS NO.6544
PASS NO.6545
PASS NO.6546
PASS NO.6547
PASS NO.6548
PASS NO.6549
PASS NO.6550
PASS NO.6551
PASS NO.6552
PASS NO.6553
PASS NO.6554
PASS NO.6555
PASS NO.6556
PASS NO.6557
PASS NO.6558
PASS NO.6559
PASS NO.6560
PASS NO.6561
PASS NO.6562
PASS NO.6563
PASS NO.6564
PASS NO.6565
PASS NO.6566
PASS NO.6567
PASS NO.6568
PASS NO.6569
PASS NO.6570
PASS NO.6571
PASS NO.6572
PASS NO.6573
PASS NO.6574
PASS NO.6575
PASS NO.6576
PASS NO.6577
PASS NO.6578
PASS NO.6579
PASS NO.6580
PASS NO.6581
PASS NO.6582
PASS NO.6583
PASS NO.6584
PASS NO.6585
PASS NO.6586
PASS NO.6587
PASS NO.6588
PASS NO.6589
PASS NO.6590
PASS NO.6591
PASS NO.6592
PASS NO.6593
PASS NO.6594
PASS NO.6595
PASS NO.6596
PASS NO.6597
PASS NO.6598
PASS NO.6599
PASS NO.6600
PASS NO.6601
PASS NO.6602
PASS NO.6603
PASS NO.6604
PASS NO.6605
PASS NO.6606
PASS NO.6607
PASS NO.6608
PASS NO.6609
PASS NO.6610
PASS NO.6611
PASS NO.6612
PASS NO.6613
PASS NO.6614
PASS NO.6615
PASS NO.6616
PASS NO.6617
PASS NO.6618
PASS NO.6619
PASS NO.6620
PASS NO.6621
PASS NO.6622
PASS NO.6623
PASS NO.6624
PASS NO.6625
PASS NO.6626
PASS NO.6627
PASS NO.6628
PASS NO.6629
PASS NO.6630
PASS NO.6631
PASS NO.6632
PASS NO.6633
PASS NO.6634
PASS NO.6635
PASS NO.6636
PASS NO.6637
PASS NO.6638
PASS NO.6639
PASS NO.6640
PASS NO.6641
PASS NO.6642
PASS NO.6643
PASS NO.6644
PASS NO.6645
PASS NO.6646
PASS NO.6647
PASS NO.6648
PASS NO.6649
PASS NO.6650
PASS NO.6651
PASS NO.6652
PASS NO.6653
PASS NO.6654
PASS NO.6655
PASS NO.6656
PASS NO.6657
PASS NO.6658
PASS NO.6659
PASS NO.6660
PASS NO.6661
PASS NO.6662
PASS NO.6663
PASS NO.6664
PASS NO.6665
PASS NO.6666
PASS NO.6667
PASS NO.6668
PASS NO.6669
PASS NO.6670
PASS NO.6671
PASS NO.6672
PASS NO.6673
PASS NO.6674
PASS NO.6675
PASS NO.6676
PASS NO.6677
PASS NO.6678
PASS NO.6679
PASS NO.6680
PASS NO.6681
PASS NO.6682
PASS NO.6683
PASS NO.6684
PASS NO.6685
PASS NO.6686
PASS NO.6687
PASS NO.6688
PASS NO.6689
PASS NO.6690
PASS NO.6691
PASS NO.6692
PASS NO.6693
PASS NO.6694
PASS NO.6695
PASS NO.6696
PASS NO.6697
PASS NO.6698
PASS NO.6699
PASS NO.6700
PASS NO.6701
PASS NO.6702
PASS NO.6703
PASS NO.6704
PASS NO.6705
PASS NO.6706
PASS NO.6707
PASS NO.6708
PASS NO.6709
PASS NO.6710
PASS NO.6711
PASS NO.6712
PASS NO.6713
PASS NO.6714
PASS NO.6715
PASS NO.6716
PASS NO.6717
PASS NO.6718
PASS NO.6719
PASS NO.6720
PASS NO.6721
PASS NO.6722
PASS NO.6723
PASS NO.6724
PASS NO.6725
PASS NO.6726
PASS NO.6727
PASS NO.6728
PASS NO.6729
PASS NO.6730
PASS NO.6731
PASS NO.6732
PASS NO.6733
PASS NO.6734
PASS NO.6735
PASS NO.6736
PASS NO.6737
PASS NO.6738
PASS NO.6739
PASS NO.6740
PASS NO.6741
PASS NO.6742
PASS NO.6743
PASS NO.6744
PASS NO.6745
PASS NO.6746
PASS NO.6747
PASS NO.6748
PASS NO.6749
PASS NO.6750
PASS NO.6751
PASS NO.6752
PASS NO.6753
PASS NO.6754
PASS NO.6755
PASS NO.6756
PASS NO.6757
PASS NO.6758
PASS NO.6759
PASS NO.6760
PASS NO.6761
PASS NO.6762
PASS NO.6763
PASS NO.6764
PASS NO.6765
PASS NO.6766
PASS NO.6767
PASS NO.6768
PASS NO.6769
PASS NO.6770
PASS NO.6771
PASS NO.6772
PASS NO.6773
PASS NO.6774
PASS NO.6775
PASS NO.6776
PASS NO.6777
PASS NO.6778
PASS NO.6779
PASS NO.6780
PASS NO.6781
PASS NO.6782
PASS NO.6783
PASS NO.6784
PASS NO.6785
PASS NO.6786
PASS NO.6787
PASS NO.6788
PASS NO.6789
PASS NO.6790
PASS NO.6791
PASS NO.6792
PASS NO.6793
PASS NO.6794
PASS NO.6795
PASS NO.6796
PASS NO.6797
PASS NO.6798
PASS NO.6799
PASS NO.6800
PASS NO.6801
PASS NO.6802
PASS NO.6803
PASS NO.6804
PASS NO.6805
PASS NO.6806
PASS NO.6807
PASS NO.6808
PASS NO.6809
PASS NO.6810
PASS NO.6811
PASS NO.6812
PASS NO.6813
PASS NO.6814
PASS NO.6815
PASS NO.6816
PASS NO.6817
PASS NO.6818
PASS NO.6819
PASS NO.6820
PASS NO.6821
PASS NO.6822
PASS NO.6823
PASS NO.6824
PASS NO.6825
PASS NO.6826
PASS NO.6827
PASS NO.6828
PASS NO.6829
PASS NO.6830
PASS NO.6831
PASS NO.6832
PASS NO.6833
PASS NO.6834
PASS NO.6835
PASS NO.6836
PASS NO.6837
PASS NO.6838
PASS NO.6839
PASS NO.6840
PASS NO.6841
PASS NO.6842
PASS NO.6843
PASS NO.6844
PASS NO.6845
PASS NO.6846
PASS NO.6847
PASS NO.6848
PASS NO.6849
PASS NO.6850
PASS NO.6851
PASS NO.6852
PASS NO.6853
PASS NO.6854
PASS NO.6855
PASS NO.6856
PASS NO.6857
PASS NO.6858
PASS NO.6859
PASS NO.6860
PASS NO.6861
PASS NO.6862
PASS NO.6863
PASS NO.6864
PASS NO.6865
PASS NO.6866
PASS NO.6867
PASS NO.6868
PASS NO.6869
PASS NO.6870
PASS NO.6871
PASS NO.6872
PASS NO.6873
PASS NO.6874
PASS NO.6875
PASS NO.6876
PASS NO.6877
PASS NO.6878
PASS NO.6879
PASS NO.6880
PASS NO.6881
PASS NO.6882
PASS NO.6883
PASS NO.6884
PASS NO.6885
PASS NO.6886
PASS NO.6887
PASS NO.6888
PASS NO.6889
PASS NO.6890
PASS NO.6891
PASS NO.6892
PASS NO.6893
PASS NO.6894
PASS NO.6895
PASS NO.6896
PASS NO.6897
PASS NO.6898
PASS NO.6899
PASS NO.6900
PASS NO.6901
PASS NO.6902
PASS NO.6903
PASS NO.6904
PASS NO.6905
PASS NO.6906
PASS NO.6907
PASS NO.6908
PASS NO.6909
PASS NO.6910
PASS NO.6911
PASS NO.6912
PASS NO.6913
PASS NO.6914
PASS NO.6915
PASS NO.6916
PASS NO.6917
PASS NO.6918
PASS NO.6919
PASS NO.6920
PASS NO.6921
PASS NO.6922
PASS NO.6923
PASS NO.6924
PASS NO.6925
PASS NO.6926
PASS NO.6927
PASS NO.6928
PASS NO.6929
PASS NO.6930
PASS NO.6931
PASS NO.6932
PASS NO.6933
PASS NO.6934
PASS NO.6935
PASS NO.6936
PASS NO.6937
PASS NO.6938
PASS NO.6939
PASS NO.6940
PASS NO.6941
PASS NO.6942
PASS NO.6943
PASS NO.6944
PASS NO.6945
PASS NO.6946
PASS NO.6947
PASS NO.6948
PASS NO.6949
PASS NO.6950
PASS NO.6951
PASS NO.6952
PASS NO.6953
PASS NO.6954
PASS NO.6955
PASS NO.6956
PASS NO.6957
PASS NO.6958
PASS NO.6959
PASS NO.6960
PASS NO.6961
PASS NO.6962
PASS NO.6963
PASS NO.6964
PASS NO.6965
PASS NO.6966
PASS NO.6967
PASS NO.6968
PASS NO.6969
PASS NO.6970
PASS NO.6971
PASS NO.6972
PASS NO.6973
PASS NO.6974
PASS NO.6975
PASS NO.6976
PASS NO.6977
PASS NO.6978
PASS NO.6979
PASS NO.6980
PASS NO.6981
PASS NO.6982
PASS NO.6983
PASS NO.6984
PASS NO.6985
PASS NO.6986
PASS NO.6987
PASS NO.6988
PASS NO.6989
PASS NO.6990
PASS NO.6991
PASS NO.6992
PASS NO.6993
PASS NO.6994
PASS NO.6995
PASS NO.6996
PASS NO.6997
PASS NO.6998
PASS NO.6999
PASS NO.7000
PASS NO.7001
PASS NO.7002
PASS NO.7003
PASS NO.7004
PASS NO.7005
PASS NO.7006
PASS NO.7007
PASS NO.7008
PASS NO.7009
PASS NO.7010
PASS NO.7011
PASS NO.7012
PASS NO.7013
PASS NO.7014
PASS NO.7015
PASS NO.7016
PASS NO.7017
PASS NO.7018
PASS NO.7019
PASS NO.7020
PASS NO.7021
PASS NO.7022
PASS NO.7023
PASS NO.7024
PASS NO.7025
PASS NO.7026
PASS NO.7027
PASS NO.7028
PASS NO.7029
PASS NO.7030
PASS NO.7031
PASS NO.7032
PASS NO.7033
PASS NO.7034
PASS NO.7035
PASS NO.7036
PASS NO.7037
PASS NO.7038
PASS NO.7039
PASS NO.7040
PASS NO.7041
PASS NO.7042
PASS NO.7043
PASS NO.7044
PASS NO.7045
PASS NO.7046
PASS NO.7047
PASS NO.7048
PASS NO.7049
PASS NO.7050
PASS NO.7051
PASS NO.7052
PASS NO.7053
PASS NO.7054
PASS NO.7055
PASS NO.7056
PASS NO.7057
PASS NO.7058
PASS NO.7059
PASS NO.7060
PASS NO.7061
PASS NO.7062
PASS NO.7063
PASS NO.7064
PASS NO.7065
PASS NO.7066
PASS NO.7067
PASS NO.7068
PASS NO.7069
PASS NO.7070
PASS NO.7071
PASS NO.7072
PASS NO.7073
PASS NO.7074
PASS NO.7075
PASS NO.7076
PASS NO.7077
PASS NO.7078
PASS NO.7079
PASS NO.7080
PASS NO.7081
PASS NO.7082
PASS NO.7083
PASS NO.7084
PASS NO.7085
PASS NO.7086
PASS NO.7087
PASS NO.7088
PASS NO.7089
PASS NO.7090
PASS NO.7091
PASS NO.7092
PASS NO.7093
PASS NO.7094
PASS NO.7095
PASS NO.7096
PASS NO.7097
PASS NO.7098
PASS NO.7099
PASS NO.7100
PASS NO.7101
PASS NO.7102
PASS NO.7103
PASS NO.7104
PASS NO.7105
PASS NO.7106
PASS NO.7107
PASS NO.7108
PASS NO.7109
PASS NO.7110
PASS NO.7111
PASS NO.7112
PASS NO.7113
PASS NO.7114
PASS NO.7115
PASS NO.7116
PASS NO.7117
PASS NO.7118
PASS NO.7119
PASS NO.7120
PASS NO.7121
PASS NO.7122
PASS NO.7123
PASS NO.7124
PASS NO.7125
PASS NO.7126
PASS NO.7127
PASS NO.7128
PASS NO.7129
PASS NO.7130
PASS NO.7131
PASS NO.7132
PASS NO.7133
PASS NO.7134
PASS NO.7135
PASS NO.7136
PASS NO.7137
PASS NO.7138
PASS NO.7139
PASS NO.7140
PASS NO.7141
PASS NO.7142
PASS NO.7143
PASS NO.7144
PASS NO.7145
PASS NO.7146
PASS NO.7147
PASS NO.7148
PASS NO.7149
PASS NO.7150
PASS NO.7151
PASS NO.7152
PASS NO.7153
PASS NO.7154
PASS NO.7155
PASS NO.7156
PASS NO.7157
PASS NO.7158
PASS NO.7159
PASS NO.7160
PASS NO.7161
PASS NO.7162
PASS NO.7163
PASS NO.7164
PASS NO.7165
PASS NO.7166
PASS NO.7167
PASS NO.7168
PASS NO.7169
PASS NO.7170
PASS NO.7171
PASS NO.7172
PASS NO.7173
PASS NO.7174
PASS NO.7175
PASS NO.7176
PASS NO.7177
PASS NO.7178
PASS NO.7179
PASS NO.7180
PASS NO.7181
PASS NO.7182
PASS NO.7183
PASS NO.7184
PASS NO.7185
PASS NO.7186
PASS NO.7187
PASS NO.7188
PASS NO.7189
PASS NO.7190
PASS NO.7191
PASS NO.7192
PASS NO.7193
PASS NO.7194
PASS NO.7195
PASS NO.7196
PASS NO.7197
PASS NO.7198
PASS NO.7199
PASS NO.7200
PASS NO.7201
PASS NO.7202
PASS NO.7203
PASS NO.7204
PASS NO.7205
PASS NO.7206
PASS NO.7207
PASS NO.7208
PASS NO.7209
PASS NO.7210
PASS NO.7211
PASS NO.7212
PASS NO.7213
PASS NO.7214
PASS NO.7215
PASS NO.7216
PASS NO.7217
PASS NO.7218
PASS NO.7219
PASS NO.7220
PASS NO.7221
PASS NO.7222
PASS NO.7223
PASS NO.7224
PASS NO.7225
PASS NO.7226
PASS NO.7227
PASS NO.7228
PASS NO.7229
PASS NO.7230
PASS NO.7231
PASS NO.7232
PASS NO.7233
PASS NO.7234
PASS NO.7235
PASS NO.7236
PASS NO.7237
PASS NO.7238
PASS NO.7239
PASS NO.7240
PASS NO.7241
PASS NO.7242
PASS NO.7243
PASS NO.7244
PASS NO.7245
PASS NO.7246
PASS NO.7247
PASS NO.7248
PASS NO.7249
PASS NO.7250
PASS NO.7251
PASS NO.7252
PASS NO.7253
PASS NO.7254
PASS NO.7255
PASS NO.7256
PASS NO.7257
PASS NO.7258
PASS NO.7259
PASS NO.7260
PASS NO.7261
PASS NO.7262
PASS NO.7263
PASS NO.7264
PASS NO.7265
PASS NO.7266
PASS NO.7267
PASS NO.7268
PASS NO.7269
PASS NO.7270
PASS NO.7271
PASS NO.7272
PASS NO.7273
PASS NO.7274
PASS NO.7275
PASS NO.7276
PASS NO.7277
PASS NO.7278
PASS NO.7279
PASS NO.7280
PASS NO.7281
PASS NO.7282
PASS NO.7283
PASS NO.7284
PASS NO.7285
PASS NO.7286
PASS NO.7287
PASS NO.7288
PASS NO.7289
PASS NO.7290
PASS NO.7291
PASS NO.7292
PASS NO.7293
PASS NO.7294
PASS NO.7295
PASS NO.7296
PASS NO.7297
PASS NO.7298
PASS NO.7299
PASS NO.7300
PASS NO.7301
PASS NO.7302
PASS NO.7303
PASS NO.7304
PASS NO.7305
PASS NO.7306
PASS NO.7307
PASS NO.7308
PASS NO.7309
PASS NO.7310
PASS NO.7311
PASS NO.7312
PASS NO.7313
PASS NO.7314
PASS NO.7315
PASS NO.7316
PASS NO.7317
PASS NO.7318
PASS NO.7319
PASS NO.7320
PASS NO.7321
PASS NO.7322
PASS NO.7323
PASS NO.7324
PASS NO.7325
PASS NO.7326
PASS NO.7327
PASS NO.7328
PASS NO.7329
PASS NO.7330
PASS NO.7331
PASS NO.7332
PASS NO.7333
PASS NO.7334
PASS NO.7335
PASS NO.7336
PASS NO.7337
PASS NO.7338
PASS NO.7339
PASS NO.7340
PASS NO.7341
PASS NO.7342
PASS NO.7343
PASS NO.7344
PASS NO.7345
PASS NO.7346
PASS NO.7347
PASS NO.7348
PASS NO.7349
PASS NO.7350
PASS NO.7351
PASS NO.7352
PASS NO.7353
PASS NO.7354
PASS NO.7355
PASS NO.7356
PASS NO.7357
PASS NO.7358
PASS NO.7359
PASS NO.7360
PASS NO.7361
PASS NO.7362
PASS NO.7363
PASS NO.7364
PASS NO.7365
PASS NO.7366
PASS NO.7367
PASS NO.7368
PASS NO.7369
PASS NO.7370
PASS NO.7371
PASS NO.7372
PASS NO.7373
PASS NO.7374
PASS NO.7375
PASS NO.7376
PASS NO.7377
PASS NO.7378
PASS NO.7379
PASS NO.7380
PASS NO.7381
PASS NO.7382
PASS NO.7383
PASS NO.7384
PASS NO.7385
PASS NO.7386
PASS NO.7387
PASS NO.7388
PASS NO.7389
PASS NO.7390
PASS NO.7391
PASS NO.7392
PASS NO.7393
PASS NO.7394
PASS NO.7395
PASS NO.7396
PASS NO.7397
PASS NO.7398
PASS NO.7399
PASS NO.7400
PASS NO.7401
PASS NO.7402
PASS NO.7403
PASS NO.7404
PASS NO.7405
PASS NO.7406
PASS NO.7407
PASS NO.7408
PASS NO.7409
PASS NO.7410
PASS NO.7411
PASS NO.7412
PASS NO.7413
PASS NO.7414
PASS NO.7415
PASS NO.7416
PASS NO.7417
PASS NO.7418
PASS NO.7419
PASS NO.7420
PASS NO.7421
PASS NO.7422
PASS NO.7423
PASS NO.7424
PASS NO.7425
PASS NO.7426
PASS NO.7427
PASS NO.7428
PASS NO.7429
PASS NO.7430
PASS NO.7431
PASS NO.7432
PASS NO.7433
PASS NO.7434
PASS NO.7435
PASS NO.7436
PASS NO.7437
PASS NO.7438
PASS NO.7439
PASS NO.7440
PASS NO.7441
PASS NO.7442
PASS NO.7443
PASS NO.7444
PASS NO.7445
PASS NO.7446
PASS NO.7447
PASS NO.7448
PASS NO.7449
PASS NO.7450
PASS NO.7451
PASS NO.7452
PASS NO.7453
PASS NO.7454
PASS NO.7455
PASS NO.7456
PASS NO.7457
PASS NO.7458
PASS NO.7459
PASS NO.7460
PASS NO.7461
PASS NO.7462
PASS NO.7463
PASS NO.7464
PASS NO.7465
PASS NO.7466
PASS NO.7467
PASS NO.7468
PASS NO.7469
PASS NO.7470
PASS NO.7471
PASS NO.7472
PASS NO.7473
PASS NO.7474
PASS NO.7475
PASS NO.7476
PASS NO.7477
PASS NO.7478
PASS NO.7479
PASS NO.7480
PASS NO.7481
PASS NO.7482
PASS NO.7483
PASS NO.7484
PASS NO.7485
PASS NO.7486
PASS NO.7487
PASS NO.7488
PASS NO.7489
PASS NO.7490
PASS NO.7491
PASS NO.7492
PASS NO.7493
PASS NO.7494
PASS NO.7495
PASS NO.7496
PASS NO.7497
PASS NO.7498
PASS NO.7499
PASS NO.7500
PASS NO.7501
PASS NO.7502
PASS NO.7503
PASS NO.7504
PASS NO.7505
PASS NO.7506
PASS NO.7507
PASS NO.7508
PASS NO.7509
PASS NO.7510
PASS NO.7511
PASS NO.7512
PASS NO.7513
PASS NO.7514
PASS NO.7515
PASS NO.7516
PASS NO.7517
PASS NO.7518
PASS NO.7519
PASS NO.7520
PASS NO.7521
PASS NO.7522
PASS NO.7523
PASS NO.7524
PASS NO.7525
PASS NO.7526
PASS NO.7527
PASS NO.7528
PASS NO.7529
PASS NO.7530
PASS NO.7531
PASS NO.7532
PASS NO.7533
PASS NO.7534
PASS NO.7535
PASS NO.7536
PASS NO.7537
PASS NO.7538
PASS NO.7539
PASS NO.7540
PASS NO.7541
PASS NO.7542
PASS NO.7543
PASS NO.7544
PASS NO.7545
PASS NO.7546
PASS NO.7547
PASS NO.7548
PASS NO.7549
PASS NO.7550
PASS NO.7551
PASS NO.7552
PASS NO.7553
PASS NO.7554
PASS NO.7555
PASS NO.7556
PASS NO.7557
PASS NO.7558
PASS NO.7559
PASS NO.7560
PASS NO.7561
PASS NO.7562
PASS NO.7563
PASS NO.7564
PASS NO.7565
PASS NO.7566
PASS NO.7567
PASS NO.7568
PASS NO.7569
PASS NO.7570
PASS NO.7571
PASS NO.7572
PASS NO.7573
PASS NO.7574
PASS NO.7575
PASS NO.7576
PASS NO.7577
PASS NO.7578
PASS NO.7579
PASS NO.7580
PASS NO.7581
PASS NO.7582
PASS NO.7583
PASS NO.7584
PASS NO.7585
PASS NO.7586
PASS NO.7587
PASS NO.7588
PASS NO.7589
PASS NO.7590
PASS NO.7591
PASS NO.7592
PASS NO.7593
PASS NO.7594
PASS NO.7595
PASS NO.7596
PASS NO.7597
PASS NO.7598
PASS NO.7599
PASS NO.7600
PASS NO.7601
PASS NO.7602
PASS NO.7603
PASS NO.7604
PASS NO.7605
PASS NO.7606
PASS NO.7607
PASS NO.7608
PASS NO.7609
PASS NO.7610
PASS NO.7611
PASS NO.7612
PASS NO.7613
PASS NO.7614
PASS NO.7615
PASS NO.7616
PASS NO.7617
PASS NO.7618
PASS NO.7619
PASS NO.7620
PASS NO.7621
PASS NO.7622
PASS NO.7623
PASS NO.7624
PASS NO.7625
PASS NO.7626
PASS NO.7627
PASS NO.7628
PASS NO.7629
PASS NO.7630
PASS NO.7631
PASS NO.7632
PASS NO.7633
PASS NO.7634
PASS NO.7635
PASS NO.7636
PASS NO.7637
PASS NO.7638
PASS NO.7639
PASS NO.7640
PASS NO.7641
PASS NO.7642
PASS NO.7643
PASS NO.7644
PASS NO.7645
PASS NO.7646
PASS NO.7647
PASS NO.7648
PASS NO.7649
PASS NO.7650
PASS NO.7651
PASS NO.7652
PASS NO.7653
PASS NO.7654
PASS NO.7655
PASS NO.7656
PASS NO.7657
PASS NO.7658
PASS NO.7659
PASS NO.7660
PASS NO.7661
PASS NO.7662
PASS NO.7663
PASS NO.7664
PASS NO.7665
PASS NO.7666
PASS NO.7667
PASS NO.7668
PASS NO.7669
PASS NO.7670
PASS NO.7671
PASS NO.7672
PASS NO.7673
PASS NO.7674
PASS NO.7675
PASS NO.7676
PASS NO.7677
PASS NO.7678
PASS NO.7679
PASS NO.7680
PASS NO.7681
PASS NO.7682
PASS NO.7683
PASS NO.7684
PASS NO.7685
PASS NO.7686
PASS NO.7687
PASS NO.7688
PASS NO.7689
PASS NO.7690
PASS NO.7691
PASS NO.7692
PASS NO.7693
PASS NO.7694
PASS NO.7695
PASS NO.7696
PASS NO.7697
PASS NO.7698
PASS NO.7699
PASS NO.7700
PASS NO.7701
PASS NO.7702
PASS NO.7703
PASS NO.7704
PASS NO.7705
PASS NO.7706
PASS NO.7707
PASS NO.7708
PASS NO.7709
PASS NO.7710
PASS NO.7711
PASS NO.7712
PASS NO.7713
PASS NO.7714
PASS NO.7715
PASS NO.7716
PASS NO.7717
PASS NO.7718
PASS NO.7719
PASS NO.7720
PASS NO.7721
PASS NO.7722
PASS NO.7723
PASS NO.7724
PASS NO.7725
PASS NO.7726
PASS NO.7727
PASS NO.7728
PASS NO.7729
PASS NO.7730
PASS NO.7731
PASS NO.7732
PASS NO.7733
PASS NO.7734
PASS NO.7735
PASS NO.7736
PASS NO.7737
PASS NO.7738
PASS NO.7739
PASS NO.7740
PASS NO.7741
PASS NO.7742
PASS NO.7743
PASS NO.7744
PASS NO.7745
PASS NO.7746
PASS NO.7747
PASS NO.7748
PASS NO.7749
PASS NO.7750
PASS NO.7751
PASS NO.7752
PASS NO.7753
PASS NO.7754
PASS NO.7755
PASS NO.7756
PASS NO.7757
PASS NO.7758
PASS NO.7759
PASS NO.7760
PASS NO.7761
PASS NO.7762
PASS NO.7763
PASS NO.7764
PASS NO.7765
PASS NO.7766
PASS NO.7767
PASS NO.7768
PASS NO.7769
PASS NO.7770
PASS NO.7771
PASS NO.7772
PASS NO.7773
PASS NO.7774
PASS NO.7775
PASS NO.7776
PASS NO.7777
PASS NO.7778
PASS NO.7779
PASS NO.7780
PASS NO.7781
PASS NO.7782
PASS NO.7783
PASS NO.7784
PASS NO.7785
PASS NO.7786
PASS NO.7787
PASS NO.7788
PASS NO.7789
PASS NO.7790
PASS NO.7791
PASS NO.7792
PASS NO.7793
PASS NO.7794
PASS NO.7795
PASS NO.7796
PASS NO.7797
PASS NO.7798
PASS NO.7799
PASS NO.7800
PASS NO.7801
PASS NO.7802
PASS NO.7803
PASS NO.7804
PASS NO.7805
PASS NO.7806
PASS NO.7807
PASS NO.7808
PASS NO.7809
PASS NO.7810
PASS NO.7811
PASS NO.7812
PASS NO.7813
PASS NO.7814
PASS NO.7815
PASS NO.7816
PASS NO.7817
PASS NO.7818
PASS NO.7819
PASS NO.7820
PASS NO.7821
PASS NO.7822
PASS NO.7823
PASS NO.7824
PASS NO.7825
PASS NO.7826
PASS NO.7827
PASS NO.7828
PASS NO.7829
PASS NO.7830
PASS NO.7831
PASS NO.7832
PASS NO.7833
PASS NO.7834
PASS NO.7835
PASS NO.7836
PASS NO.7837
PASS NO.7838
PASS NO.7839
PASS NO.7840
PASS NO.7841
PASS NO.7842
PASS NO.7843
PASS NO.7844
PASS NO.7845
PASS NO.7846
PASS NO.7847
PASS NO.7848
PASS NO.7849
PASS NO.7850
PASS NO.7851
PASS NO.7852
PASS NO.7853
PASS NO.7854
PASS NO.7855
PASS NO.7856
PASS NO.7857
PASS NO.7858
PASS NO.7859
PASS NO.7860
PASS NO.7861
PASS NO.7862
PASS NO.7863
PASS NO.7864
PASS NO.7865
PASS NO.7866
PASS NO.7867
PASS NO.7868
PASS NO.7869
PASS NO.7870
PASS NO.7871
PASS NO.7872
PASS NO.7873
PASS NO.7874
PASS NO.7875
PASS NO.7876
PASS NO.7877
PASS NO.7878
PASS NO.7879
PASS NO.7880
PASS NO.7881
PASS NO.7882
PASS NO.7883
PASS NO.7884
PASS NO.7885
PASS NO.7886
PASS NO.7887
PASS NO.7888
PASS NO.7889
PASS NO.7890
PASS NO.7891
PASS NO.7892
PASS NO.7893
PASS NO.7894
PASS NO.7895
PASS NO.7896
PASS NO.7897
PASS NO.7898
PASS NO.7899
PASS NO.7900
PASS NO.7901
PASS NO.7902
PASS NO.7903
PASS NO.7904
PASS NO.7905
PASS NO.7906
PASS NO.7907
PASS NO.7908
PASS NO.7909
PASS NO.7910
PASS NO.7911
PASS NO.7912
PASS NO.7913
PASS NO.7914
PASS NO.7915
PASS NO.7916
PASS NO.7917
PASS NO.7918
PASS NO.7919
PASS NO.7920
PASS NO.7921
PASS NO.7922
PASS NO.7923
PASS NO.7924
PASS NO.7925
PASS NO.7926
PASS NO.7927
PASS NO.7928
PASS NO.7929
PASS NO.7930
PASS NO.7931
PASS NO.7932
PASS NO.7933
PASS NO.7934
PASS NO.7935
PASS NO.7936
PASS NO.7937
PASS NO.7938
PASS NO.7939
PASS NO.7940
PASS NO.7941
PASS NO.7942
PASS NO.7943
PASS NO.7944
PASS NO.7945
PASS NO.7946
PASS NO.7947
PASS NO.7948
PASS NO.7949
PASS NO.7950
PASS NO.7951
PASS NO.7952
PASS NO.7953
PASS NO.7954
PASS NO.7955
PASS NO.7956
PASS NO.7957
PASS NO.7958
PASS NO.7959
PASS NO.7960
PASS NO.7961
PASS NO.7962
PASS NO.7963
PASS NO.7964
PASS NO.7965
PASS NO.7966
PASS NO.7967
PASS NO.7968
PASS NO.7969
PASS NO.7970
PASS NO.7971
PASS NO.7972
PASS NO.7973
PASS NO.7974
PASS NO.7975
PASS NO.7976
PASS NO.7977
PASS NO.7978
PASS NO.7979
PASS NO.7980
PASS NO.7981
PASS NO.7982
PASS NO.7983
PASS NO.7984
PASS NO.7985
PASS NO.7986
PASS NO.7987
PASS NO.7988
PASS NO.7989
PASS NO.7990
PASS NO.7991
PASS NO.7992
PASS NO.7993
PASS NO.7994
PASS NO.7995
PASS NO.7996
PASS NO.7997
PASS NO.7998
PASS NO.7999
PASS NO.8000
PASS NO.8001
PASS NO.8002
PASS NO.8003
PASS NO.8004
PASS NO.8005
PASS NO.8006
PASS NO.8007
PASS NO.8008
PASS NO.8009
PASS NO.8010
PASS NO.8011
PASS NO.8012
PASS NO.8013
PASS NO.8014
PASS NO.8015
PASS NO.8016
PASS NO.8017
PASS NO.8018
PASS NO.8019
PASS NO.8020
PASS NO.8021
PASS NO.8022
PASS NO.8023
PASS NO.8024
PASS NO.8025
PASS NO.8026
PASS NO.8027
PASS NO.8028
PASS NO.8029
PASS NO.8030
PASS NO.8031
PASS NO.8032
PASS NO.8033
PASS NO.8034
PASS NO.8035
PASS NO.8036
PASS NO.8037
PASS NO.8038
PASS NO.8039
PASS NO.8040
PASS NO.8041
PASS NO.8042
PASS NO.8043
PASS NO.8044
PASS NO.8045
PASS NO.8046
PASS NO.8047
PASS NO.8048
PASS NO.8049
PASS NO.8050
PASS NO.8051
PASS NO.8052
PASS NO.8053
PASS NO.8054
PASS NO.8055
PASS NO.8056
PASS NO.8057
PASS NO.8058
PASS NO.8059
PASS NO.8060
PASS NO.8061
PASS NO.8062
PASS NO.8063
PASS NO.8064
PASS NO.8065
PASS NO.8066
PASS NO.8067
PASS NO.8068
PASS NO.8069
PASS NO.8070
PASS NO.8071
PASS NO.8072
PASS NO.8073
PASS NO.8074
PASS NO.8075
PASS NO.8076
PASS NO.8077
PASS NO.8078
PASS NO.8079
PASS NO.8080
PASS NO.8081
PASS NO.8082
PASS NO.8083
PASS NO.8084
PASS NO.8085
PASS NO.8086
PASS NO.8087
PASS NO.8088
PASS NO.8089
PASS NO.8090
PASS NO.8091
PASS NO.8092
PASS NO.8093
PASS NO.8094
PASS NO.8095
PASS NO.8096
PASS NO.8097
PASS NO.8098
PASS NO.8099
PASS NO.8100
PASS NO.8101
PASS NO.8102
PASS NO.8103
PASS NO.8104
PASS NO.8105
PASS NO.8106
PASS NO.8107
PASS NO.8108
PASS NO.8109
PASS NO.8110
PASS NO.8111
PASS NO.8112
PASS NO.8113
PASS NO.8114
PASS NO.8115
PASS NO.8116
PASS NO.8117
PASS NO.8118
PASS NO.8119
PASS NO.8120
PASS NO.8121
PASS NO.8122
PASS NO.8123
PASS NO.8124
PASS NO.8125
PASS NO.8126
PASS NO.8127
PASS NO.8128
PASS NO.8129
PASS NO.8130
PASS NO.8131
PASS NO.8132
PASS NO.8133
PASS NO.8134
PASS NO.8135
PASS NO.8136
PASS NO.8137
PASS NO.8138
PASS NO.8139
PASS NO.8140
PASS NO.8141
PASS NO.8142
PASS NO.8143
PASS NO.8144
PASS NO.8145
PASS NO.8146
PASS NO.8147
PASS NO.8148
PASS NO.8149
PASS NO.8150
PASS NO.8151
PASS NO.8152
PASS NO.8153
PASS NO.8154
PASS NO.8155
PASS NO.8156
PASS NO.8157
PASS NO.8158
PASS NO.8159
PASS NO.8160
PASS NO.8161
PASS NO.8162
PASS NO.8163
PASS NO.8164
PASS NO.8165
PASS NO.8166
PASS NO.8167
PASS NO.8168
PASS NO.8169
PASS NO.8170
PASS NO.8171
PASS NO.8172
PASS NO.8173
PASS NO.8174
PASS NO.8175
PASS NO.8176
PASS NO.8177
PASS NO.8178
PASS NO.8179
PASS NO.8180
PASS NO.8181
PASS NO.8182
PASS NO.8183
PASS NO.8184
PASS NO.8185
PASS NO.8186
PASS NO.8187
PASS NO.8188
PASS NO.8189
PASS NO.8190
PASS NO.8191
PASS NO.8192
PASS NO.8193
PASS NO.8194
PASS NO.8195
PASS NO.8196
PASS NO.8197
PASS NO.8198
PASS NO.8199
PASS NO.8200
PASS NO.8201
PASS NO.8202
PASS NO.8203
PASS NO.8204
PASS NO.8205
PASS NO.8206
PASS NO.8207
PASS NO.8208
PASS NO.8209
PASS NO.8210
PASS NO.8211
PASS NO.8212
PASS NO.8213
PASS NO.8214
PASS NO.8215
PASS NO.8216
PASS NO.8217
PASS NO.8218
PASS NO.8219
PASS NO.8220
PASS NO.8221
PASS NO.8222
PASS NO.8223
PASS NO.8224
PASS NO.8225
PASS NO.8226
PASS NO.8227
PASS NO.8228
PASS NO.8229
PASS NO.8230
PASS NO.8231
PASS NO.8232
PASS NO.8233
PASS NO.8234
PASS NO.8235
PASS NO.8236
PASS NO.8237
PASS NO.8238
PASS NO.8239
PASS NO.8240
PASS NO.8241
PASS NO.8242
PASS NO.8243
PASS NO.8244
PASS NO.8245
PASS NO.8246
PASS NO.8247
PASS NO.8248
PASS NO.8249
PASS NO.8250
PASS NO.8251
PASS NO.8252
PASS NO.8253
PASS NO.8254
PASS NO.8255
PASS NO.8256
PASS NO.8257
PASS NO.8258
PASS NO.8259
PASS NO.8260
PASS NO.8261
PASS NO.8262
PASS NO.8263
PASS NO.8264
PASS NO.8265
PASS NO.8266
PASS NO.8267
PASS NO.8268
PASS NO.8269
PASS NO.8270
PASS NO.8271
PASS NO.8272
PASS NO.8273
PASS NO.8274
PASS NO.8275
PASS NO.8276
PASS NO.8277
PASS NO.8278
PASS NO.8279
PASS NO.8280
PASS NO.8281
PASS NO.8282
PASS NO.8283
PASS NO.8284
PASS NO.8285
PASS NO.8286
PASS NO.8287
PASS NO.8288
PASS NO.8289
PASS NO.8290
PASS NO.8291
PASS NO.8292
PASS NO.8293
PASS NO.8294
PASS NO.8295
PASS NO.8296
PASS NO.8297
PASS NO.8298
PASS NO.8299
PASS NO.8300
PASS NO.8301
PASS NO.8302
PASS NO.8303
PASS NO.8304
PASS NO.8305
PASS NO.8306
PASS NO.8307
PASS NO.8308
PASS NO.8309
PASS NO.8310
PASS NO.8311
PASS NO.8312
PASS NO.8313
PASS NO.8314
PASS NO.8315
PASS NO.8316
PASS NO.8317
PASS NO.8318
PASS NO.8319
PASS NO.8320
PASS NO.8321
PASS NO.8322
PASS NO.8323
PASS NO.8324
PASS NO.8325
PASS NO.8326
PASS NO.8327
PASS NO.8328
PASS NO.8329
PASS NO.8330
PASS NO.8331
PASS NO.8332
PASS NO.8333
PASS NO.8334
PASS NO.8335
PASS NO.8336
PASS NO.8337
PASS NO.8338
PASS NO.8339
PASS NO.8340
PASS NO.8341
PASS NO.8342
PASS NO.8343
PASS NO.8344
PASS NO.8345
PASS NO.8346
PASS NO.8347
PASS NO.8348
PASS NO.8349
PASS NO.8350
PASS NO.8351
PASS NO.8352
PASS NO.8353
PASS NO.8354
PASS NO.8355
PASS NO.8356
PASS NO.8357
PASS NO.8358
PASS NO.8359
PASS NO.8360
PASS NO.8361
PASS NO.8362
PASS NO.8363
PASS NO.8364
PASS NO.8365
PASS NO.8366
PASS NO.8367
PASS NO.8368
PASS NO.8369
PASS NO.8370
PASS NO.8371
PASS NO.8372
PASS NO.8373
PASS NO.8374
PASS NO.8375
PASS NO.8376
PASS NO.8377
PASS NO.8378
PASS NO.8379
PASS NO.8380
PASS NO.8381
PASS NO.8382
PASS NO.8383
PASS NO.8384
PASS NO.8385
PASS NO.8386
PASS NO.8387
PASS NO.8388
PASS NO.8389
PASS NO.8390
PASS NO.8391
PASS NO.8392
PASS NO.8393
PASS NO.8394
PASS NO.8395
PASS NO.8396
PASS NO.8397
PASS NO.8398
PASS NO.8399
PASS NO.8400
PASS NO.8401
PASS NO.8402
PASS NO.8403
PASS NO.8404
PASS NO.8405
PASS NO.8406
PASS NO.8407
PASS NO.8408
PASS NO.8409
PASS NO.8410
PASS NO.8411
PASS NO.8412
PASS NO.8413
PASS NO.8414
PASS NO.8415
PASS NO.8416
PASS NO.8417
PASS NO.8418
PASS NO.8419
PASS NO.8420
PASS NO.8421
PASS NO.8422
PASS NO.8423
PASS NO.8424
PASS NO.8425
PASS NO.8426
PASS NO.8427
PASS NO.8428
PASS NO.8429
PASS NO.8430
PASS NO.8431
PASS NO.8432
PASS NO.8433
PASS NO.8434
PASS NO.8435
PASS NO.8436
PASS NO.8437
PASS NO.8438
PASS NO.8439
PASS NO.8440
PASS NO.8441
PASS NO.8442
PASS NO.8443
PASS NO.8444
PASS NO.8445
PASS NO.8446
PASS NO.8447
PASS NO.8448
PASS NO.8449
PASS NO.8450
PASS NO.8451
PASS NO.8452
PASS NO.8453
PASS NO.8454
PASS NO.8455
PASS NO.8456
PASS NO.8457
PASS NO.8458
PASS NO.8459
PASS NO.8460
PASS NO.8461
PASS NO.8462
PASS NO.8463
PASS NO.8464
PASS NO.8465
PASS NO.8466
PASS NO.8467
PASS NO.8468
PASS NO.8469
PASS NO.8470
PASS NO.8471
PASS NO.8472
PASS NO.8473
PASS NO.8474
PASS NO.8475
PASS NO.8476
PASS NO.8477
PASS NO.8478
PASS NO.8479
PASS NO.8480
PASS NO.8481
PASS NO.8482
PASS NO.8483
PASS NO.8484
PASS NO.8485
PASS NO.8486
PASS NO.8487
PASS NO.8488
PASS NO.8489
PASS NO.8490
PASS NO.8491
PASS NO.8492
PASS NO.8493
PASS NO.8494
PASS NO.8495
PASS NO.8496
PASS NO.8497
PASS NO.8498
PASS NO.8499
PASS NO.8500
PASS NO.8501
PASS NO.8502
PASS NO.8503
PASS NO.8504
PASS NO.8505
PASS NO.8506
PASS NO.8507
PASS NO.8508
PASS NO.8509
PASS NO.8510
PASS NO.8511
PASS NO.8512
PASS NO.8513
PASS NO.8514
PASS NO.8515
PASS NO.8516
PASS NO.8517
PASS NO.8518
PASS NO.8519
PASS NO.8520
PASS NO.8521
PASS NO.8522
PASS NO.8523
PASS NO.8524
PASS NO.8525
PASS NO.8526
PASS NO.8527
PASS NO.8528
PASS NO.8529
PASS NO.8530
PASS NO.8531
PASS NO.8532
PASS NO.8533
PASS NO.8534
PASS NO.8535
PASS NO.8536
PASS NO.8537
PASS NO.8538
PASS NO.8539
PASS NO.8540
PASS NO.8541
PASS NO.8542
PASS NO.8543
PASS NO.8544
PASS NO.8545
PASS NO.8546
PASS NO.8547
PASS NO.8548
PASS NO.8549
PASS NO.8550
PASS NO.8551
PASS NO.8552
PASS NO.8553
PASS NO.8554
PASS NO.8555
PASS NO.8556
PASS NO.8557
PASS NO.8558
PASS NO.8559
PASS NO.8560
PASS NO.8561
PASS NO.8562
PASS NO.8563
PASS NO.8564
PASS NO.8565
PASS NO.8566
PASS NO.8567
PASS NO.8568
PASS NO.8569
PASS NO.8570
PASS NO.8571
PASS NO.8572
PASS NO.8573
PASS NO.8574
PASS NO.8575
PASS NO.8576
PASS NO.8577
PASS NO.8578
PASS NO.8579
PASS NO.8580
PASS NO.8581
PASS NO.8582
PASS NO.8583
PASS NO.8584
PASS NO.8585
PASS NO.8586
PASS NO.8587
PASS NO.8588
PASS NO.8589
PASS NO.8590
PASS NO.8591
PASS NO.8592
PASS NO.8593
PASS NO.8594
PASS NO.8595
PASS NO.8596
PASS NO.8597
PASS NO.8598
PASS NO.8599
PASS NO.8600
PASS NO.8601
PASS NO.8602
PASS NO.8603
PASS NO.8604
PASS NO.8605
PASS NO.8606
PASS NO.8607
PASS NO.8608
PASS NO.8609
PASS NO.8610
PASS NO.8611
PASS NO.8612
PASS NO.8613
PASS NO.8614
PASS NO.8615
PASS NO.8616
PASS NO.8617
PASS NO.8618
PASS NO.8619
PASS NO.8620
PASS NO.8621
PASS NO.8622
PASS NO.8623
PASS NO.8624
PASS NO.8625
PASS NO.8626
PASS NO.8627
PASS NO.8628
PASS NO.8629
PASS NO.8630
PASS NO.8631
PASS NO.8632
PASS NO.8633
PASS NO.8634
PASS NO.8635
PASS NO.8636
PASS NO.8637
PASS NO.8638
PASS NO.8639
PASS NO.8640
PASS NO.8641
PASS NO.8642
PASS NO.8643
PASS NO.8644
PASS NO.8645
PASS NO.8646
PASS NO.8647
PASS NO.8648
PASS NO.8649
PASS NO.8650
PASS NO.8651
PASS NO.8652
PASS NO.8653
PASS NO.8654
PASS NO.8655
PASS NO.8656
PASS NO.8657
PASS NO.8658
PASS NO.8659
PASS NO.8660
PASS NO.8661
PASS NO.8662
PASS NO.8663
PASS NO.8664
PASS NO.8665
PASS NO.8666
PASS NO.8667
PASS NO.8668
PASS NO.8669
PASS NO.8670
PASS NO.8671
PASS NO.8672
PASS NO.8673
PASS NO.8674
PASS NO.8675
PASS NO.8676
PASS NO.8677
PASS NO.8678
PASS NO.8679
PASS NO.8680
PASS NO.8681
PASS NO.8682
PASS NO.8683
PASS NO.8684
PASS NO.8685
PASS NO.8686
PASS NO.8687
PASS NO.8688
PASS NO.8689
PASS NO.8690
PASS NO.8691
PASS NO.8692
PASS NO.8693
PASS NO.8694
PASS NO.8695
PASS NO.8696
PASS NO.8697
PASS NO.8698
PASS NO.8699
PASS NO.8700
PASS NO.8701
PASS NO.8702
PASS NO.8703
PASS NO.8704
PASS NO.8705
PASS NO.8706
PASS NO.8707
PASS NO.8708
PASS NO.8709
PASS NO.8710
PASS NO.8711
PASS NO.8712
PASS NO.8713
PASS NO.8714
PASS NO.8715
PASS NO.8716
PASS NO.8717
PASS NO.8718
PASS NO.8719
PASS NO.8720
PASS NO.8721
PASS NO.8722
PASS NO.8723
PASS NO.8724
PASS NO.8725
PASS NO.8726
PASS NO.8727
PASS NO.8728
PASS NO.8729
PASS NO.8730
PASS NO.8731
PASS NO.8732
PASS NO.8733
PASS NO.8734
PASS NO.8735
PASS NO.8736
PASS NO.8737
PASS NO.8738
PASS NO.8739
PASS NO.8740
PASS NO.8741
PASS NO.8742
PASS NO.8743
PASS NO.8744
PASS NO.8745
PASS NO.8746
PASS NO.8747
PASS NO.8748
PASS NO.8749
PASS NO.8750
PASS NO.8751
PASS NO.8752
PASS NO.8753
PASS NO.8754
PASS NO.8755
PASS NO.8756
PASS NO.8757
PASS NO.8758
PASS NO.8759
PASS NO.8760
PASS NO.8761
PASS NO.8762
PASS NO.8763
PASS NO.8764
PASS NO.8765
PASS NO.8766
PASS NO.8767
PASS NO.8768
PASS NO.8769
PASS NO.8770
PASS NO.8771
PASS NO.8772
PASS NO.8773
PASS NO.8774
PASS NO.8775
PASS NO.8776
PASS NO.8777
PASS NO.8778
PASS NO.8779
PASS NO.8780
PASS NO.8781
PASS NO.8782
PASS NO.8783
PASS NO.8784
PASS NO.8785
PASS NO.8786
PASS NO.8787
PASS NO.8788
PASS NO.8789
PASS NO.8790
PASS NO.8791
PASS NO.8792
PASS NO.8793
PASS NO.8794
PASS NO.8795
PASS NO.8796
PASS NO.8797
PASS NO.8798
PASS NO.8799
PASS NO.8800
PASS NO.8801
PASS NO.8802
PASS NO.8803
PASS NO.8804
PASS NO.8805
PASS NO.8806
PASS NO.8807
PASS NO.8808
PASS NO.8809
PASS NO.8810
PASS NO.8811
PASS NO.8812
PASS NO.8813
PASS NO.8814
PASS NO.8815
PASS NO.8816
PASS NO.8817
PASS NO.8818
PASS NO.8819
PASS NO.8820
PASS NO.8821
PASS NO.8822
PASS NO.8823
PASS NO.8824
PASS NO.8825
PASS NO.8826
PASS NO.8827
PASS NO.8828
PASS NO.8829
PASS NO.8830
PASS NO.8831
PASS NO.8832
PASS NO.8833
PASS NO.8834
PASS NO.8835
PASS NO.8836
PASS NO.8837
PASS NO.8838
PASS NO.8839
PASS NO.8840
PASS NO.8841
PASS NO.8842
PASS NO.8843
PASS NO.8844
PASS NO.8845
PASS NO.8846
PASS NO.8847
PASS NO.8848
PASS NO.8849
PASS NO.8850
PASS NO.8851
PASS NO.8852
PASS NO.8853
PASS NO.8854
PASS NO.8855
PASS NO.8856
PASS NO.8857
PASS NO.8858
PASS NO.8859
PASS NO.8860
PASS NO.8861
PASS NO.8862
PASS NO.8863
PASS NO.8864
PASS NO.8865
PASS NO.8866
PASS NO.8867
PASS NO.8868
PASS NO.8869
PASS NO.8870
PASS NO.8871
PASS NO.8872
PASS NO.8873
PASS NO.8874
PASS NO.8875
PASS NO.8876
PASS NO.8877
PASS NO.8878
PASS NO.8879
PASS NO.8880
PASS NO.8881
PASS NO.8882
PASS NO.8883
PASS NO.8884
PASS NO.8885
PASS NO.8886
PASS NO.8887
PASS NO.8888
PASS NO.8889
PASS NO.8890
PASS NO.8891
PASS NO.8892
PASS NO.8893
PASS NO.8894
PASS NO.8895
PASS NO.8896
PASS NO.8897
PASS NO.8898
PASS NO.8899
PASS NO.8900
PASS NO.8901
PASS NO.8902
PASS NO.8903
PASS NO.8904
PASS NO.8905
PASS NO.8906
PASS NO.8907
PASS NO.8908
PASS NO.8909
PASS NO.8910
PASS NO.8911
PASS NO.8912
PASS NO.8913
PASS NO.8914
PASS NO.8915
PASS NO.8916
PASS NO.8917
PASS NO.8918
PASS NO.8919
PASS NO.8920
PASS NO.8921
PASS NO.8922
PASS NO.8923
PASS NO.8924
PASS NO.8925
PASS NO.8926
PASS NO.8927
PASS NO.8928
PASS NO.8929
PASS NO.8930
PASS NO.8931
PASS NO.8932
PASS NO.8933
PASS NO.8934
PASS NO.8935
PASS NO.8936
PASS NO.8937
PASS NO.8938
PASS NO.8939
PASS NO.8940
PASS NO.8941
PASS NO.8942
PASS NO.8943
PASS NO.8944
PASS NO.8945
PASS NO.8946
PASS NO.8947
PASS NO.8948
PASS NO.8949
PASS NO.8950
PASS NO.8951
PASS NO.8952
PASS NO.8953
PASS NO.8954
PASS NO.8955
PASS NO.8956
PASS NO.8957
PASS NO.8958
PASS NO.8959
PASS NO.8960
PASS NO.8961
PASS NO.8962
PASS NO.8963
PASS NO.8964
PASS NO.8965
PASS NO.8966
PASS NO.8967
PASS NO.8968
PASS NO.8969
PASS NO.8970
PASS NO.8971
PASS NO.8972
PASS NO.8973
PASS NO.8974
PASS NO.8975
PASS NO.8976
PASS NO.8977
PASS NO.8978
PASS NO.8979
PASS NO.8980
PASS NO.8981
PASS NO.8982
PASS NO.8983
PASS NO.8984
PASS NO.8985
PASS NO.8986
PASS NO.8987
PASS NO.8988
PASS NO.8989
PASS NO.8990
PASS NO.8991
PASS NO.8992
PASS NO.8993
PASS NO.8994
PASS NO.8995
PASS NO.8996
PASS NO.8997
PASS NO.8998
PASS NO.8999
PASS NO.9000
PASS NO.9001
PASS NO.9002
PASS NO.9003
PASS NO.9004
PASS NO.9005
PASS NO.9006
PASS NO.9007
PASS NO.9008
PASS NO.9009
PASS NO.9010
PASS NO.9011
PASS NO.9012
PASS NO.9013
PASS NO.9014
PASS NO.9015
PASS NO.9016
PASS NO.9017
PASS NO.9018
PASS NO.9019
PASS NO.9020
PASS NO.9021
PASS NO.9022
PASS NO.9023
PASS NO.9024
PASS NO.9025
PASS NO.9026
PASS NO.9027
PASS NO.9028
PASS NO.9029
PASS NO.9030
PASS NO.9031
PASS NO.9032
PASS NO.9033
PASS NO.9034
PASS NO.9035
PASS NO.9036
PASS NO.9037
PASS NO.9038
PASS NO.9039
PASS NO.9040
PASS NO.9041
PASS NO.9042
PASS NO.9043
PASS NO.9044
PASS NO.9045
PASS NO.9046
PASS NO.9047
PASS NO.9048
PASS NO.9049
PASS NO.9050
PASS NO.9051
PASS NO.9052
PASS NO.9053
PASS NO.9054
PASS NO.9055
PASS NO.9056
PASS NO.9057
PASS NO.9058
PASS NO.9059
PASS NO.9060
PASS NO.9061
PASS NO.9062
PASS NO.9063
PASS NO.9064
PASS NO.9065
PASS NO.9066
PASS NO.9067
PASS NO.9068
PASS NO.9069
PASS NO.9070
PASS NO.9071
PASS NO.9072
PASS NO.9073
PASS NO.9074
PASS NO.9075
PASS NO.9076
PASS NO.9077
PASS NO.9078
PASS NO.9079
PASS NO.9080
PASS NO.9081
PASS NO.9082
PASS NO.9083
PASS NO.9084
PASS NO.9085
PASS NO.9086
PASS NO.9087
PASS NO.9088
PASS NO.9089
PASS NO.9090
PASS NO.9091
PASS NO.9092
PASS NO.9093
PASS NO.9094
PASS NO.9095
PASS NO.9096
PASS NO.9097
PASS NO.9098
PASS NO.9099
PASS NO.9100
PASS NO.9101
PASS NO.9102
PASS NO.9103
PASS NO.9104
PASS NO.9105
PASS NO.9106
PASS NO.9107
PASS NO.9108
PASS NO.9109
PASS NO.9110
PASS NO.9111
PASS NO.9112
PASS NO.9113
PASS NO.9114
PASS NO.9115
PASS NO.9116
PASS NO.9117
PASS NO.9118
PASS NO.9119
PASS NO.9120
PASS NO.9121
PASS NO.9122
PASS NO.9123
PASS NO.9124
PASS NO.9125
PASS NO.9126
PASS NO.9127
PASS NO.9128
PASS NO.9129
PASS NO.9130
PASS NO.9131
PASS NO.9132
PASS NO.9133
PASS NO.9134
PASS NO.9135
PASS NO.9136
PASS NO.9137
PASS NO.9138
PASS NO.9139
PASS NO.9140
PASS NO.9141
PASS NO.9142
PASS NO.9143
PASS NO.9144
PASS NO.9145
PASS NO.9146
PASS NO.9147
PASS NO.9148
PASS NO.9149
PASS NO.9150
PASS NO.9151
PASS NO.9152
PASS NO.9153
PASS NO.9154
PASS NO.9155
PASS NO.9156
PASS NO.9157
PASS NO.9158
PASS NO.9159
PASS NO.9160
PASS NO.9161
PASS NO.9162
PASS NO.9163
PASS NO.9164
PASS NO.9165
PASS NO.9166
PASS NO.9167
PASS NO.9168
PASS NO.9169
PASS NO.9170
PASS NO.9171
PASS NO.9172
PASS NO.9173
PASS NO.9174
PASS NO.9175
PASS NO.9176
PASS NO.9177
PASS NO.9178
PASS NO.9179
PASS NO.9180
PASS NO.9181
PASS NO.9182
PASS NO.9183
PASS NO.9184
PASS NO.9185
PASS NO.9186
PASS NO.9187
PASS NO.9188
PASS NO.9189
PASS NO.9190
PASS NO.9191
PASS NO.9192
PASS NO.9193
PASS NO.9194
PASS NO.9195
PASS NO.9196
PASS NO.9197
PASS NO.9198
PASS NO.9199
PASS NO.9200
PASS NO.9201
PASS NO.9202
PASS NO.9203
PASS NO.9204
PASS NO.9205
PASS NO.9206
PASS NO.9207
PASS NO.9208
PASS NO.9209
PASS NO.9210
PASS NO.9211
PASS NO.9212
PASS NO.9213
PASS NO.9214
PASS NO.9215
PASS NO.9216
PASS NO.9217
PASS NO.9218
PASS NO.9219
PASS NO.9220
PASS NO.9221
PASS NO.9222
PASS NO.9223
PASS NO.9224
PASS NO.9225
PASS NO.9226
PASS NO.9227
PASS NO.9228
PASS NO.9229
PASS NO.9230
PASS NO.9231
PASS NO.9232
PASS NO.9233
PASS NO.9234
PASS NO.9235
PASS NO.9236
PASS NO.9237
PASS NO.9238
PASS NO.9239
PASS NO.9240
PASS NO.9241
PASS NO.9242
PASS NO.9243
PASS NO.9244
PASS NO.9245
PASS NO.9246
PASS NO.9247
PASS NO.9248
PASS NO.9249
PASS NO.9250
PASS NO.9251
PASS NO.9252
PASS NO.9253
PASS NO.9254
PASS NO.9255
PASS NO.9256
PASS NO.9257
PASS NO.9258
PASS NO.9259
PASS NO.9260
PASS NO.9261
PASS NO.9262
PASS NO.9263
PASS NO.9264
PASS NO.9265
PASS NO.9266
PASS NO.9267
PASS NO.9268
PASS NO.9269
PASS NO.9270
PASS NO.9271
PASS NO.9272
PASS NO.9273
PASS NO.9274
PASS NO.9275
PASS NO.9276
PASS NO.9277
PASS NO.9278
PASS NO.9279
PASS NO.9280
PASS NO.9281
PASS NO.9282
PASS NO.9283
PASS NO.9284
PASS NO.9285
PASS NO.9286
PASS NO.9287
PASS NO.9288
PASS NO.9289
PASS NO.9290
PASS NO.9291
PASS NO.9292
PASS NO.9293
PASS NO.9294
PASS NO.9295
PASS NO.9296
PASS NO.9297
PASS NO.9298
PASS NO.9299
PASS NO.9300
PASS NO.9301
PASS NO.9302
PASS NO.9303
PASS NO.9304
PASS NO.9305
PASS NO.9306
PASS NO.9307
PASS NO.9308
PASS NO.9309
PASS NO.9310
PASS NO.9311
PASS NO.9312
PASS NO.9313
PASS NO.9314
PASS NO.9315
PASS NO.9316
PASS NO.9317
PASS NO.9318
PASS NO.9319
PASS NO.9320
PASS NO.9321
PASS NO.9322
PASS NO.9323
PASS NO.9324
PASS NO.9325
PASS NO.9326
PASS NO.9327
PASS NO.9328
PASS NO.9329
PASS NO.9330
PASS NO.9331
PASS NO.9332
PASS NO.9333
PASS NO.9334
PASS NO.9335
PASS NO.9336
PASS NO.9337
PASS NO.9338
PASS NO.9339
PASS NO.9340
PASS NO.9341
PASS NO.9342
PASS NO.9343
PASS NO.9344
PASS NO.9345
PASS NO.9346
PASS NO.9347
PASS NO.9348
PASS NO.9349
PASS NO.9350
PASS NO.9351
PASS NO.9352
PASS NO.9353
PASS NO.9354
PASS NO.9355
PASS NO.9356
PASS NO.9357
PASS NO.9358
PASS NO.9359
PASS NO.9360
PASS NO.9361
PASS NO.9362
PASS NO.9363
PASS NO.9364
PASS NO.9365
PASS NO.9366
PASS NO.9367
PASS NO.9368
PASS NO.9369
PASS NO.9370
PASS NO.9371
PASS NO.9372
PASS NO.9373
PASS NO.9374
PASS NO.9375
PASS NO.9376
PASS NO.9377
PASS NO.9378
PASS NO.9379
PASS NO.9380
PASS NO.9381
PASS NO.9382
PASS NO.9383
PASS NO.9384
PASS NO.9385
PASS NO.9386
PASS NO.9387
PASS NO.9388
PASS NO.9389
PASS NO.9390
PASS NO.9391
PASS NO.9392
PASS NO.9393
PASS NO.9394
PASS NO.9395
PASS NO.9396
PASS NO.9397
PASS NO.9398
PASS NO.9399
PASS NO.9400
PASS NO.9401
PASS NO.9402
PASS NO.9403
PASS NO.9404
PASS NO.9405
PASS NO.9406
PASS NO.9407
PASS NO.9408
PASS NO.9409
PASS NO.9410
PASS NO.9411
PASS NO.9412
PASS NO.9413
PASS NO.9414
PASS NO.9415
PASS NO.9416
PASS NO.9417
PASS NO.9418
PASS NO.9419
PASS NO.9420
PASS NO.9421
PASS NO.9422
PASS NO.9423
PASS NO.9424
PASS NO.9425
PASS NO.9426
PASS NO.9427
PASS NO.9428
PASS NO.9429
PASS NO.9430
PASS NO.9431
PASS NO.9432
PASS NO.9433
PASS NO.9434
PASS NO.9435
PASS NO.9436
PASS NO.9437
PASS NO.9438
PASS NO.9439
PASS NO.9440
PASS NO.9441
PASS NO.9442
PASS NO.9443
PASS NO.9444
PASS NO.9445
PASS NO.9446
PASS NO.9447
PASS NO.9448
PASS NO.9449
PASS NO.9450
PASS NO.9451
PASS NO.9452
PASS NO.9453
PASS NO.9454
PASS NO.9455
PASS NO.9456
PASS NO.9457
PASS NO.9458
PASS NO.9459
PASS NO.9460
PASS NO.9461
PASS NO.9462
PASS NO.9463
PASS NO.9464
PASS NO.9465
PASS NO.9466
PASS NO.9467
PASS NO.9468
PASS NO.9469
PASS NO.9470
PASS NO.9471
PASS NO.9472
PASS NO.9473
PASS NO.9474
PASS NO.9475
PASS NO.9476
PASS NO.9477
PASS NO.9478
PASS NO.9479
PASS NO.9480
PASS NO.9481
PASS NO.9482
PASS NO.9483
PASS NO.9484
PASS NO.9485
PASS NO.9486
PASS NO.9487
PASS NO.9488
PASS NO.9489
PASS NO.9490
PASS NO.9491
PASS NO.9492
PASS NO.9493
PASS NO.9494
PASS NO.9495
PASS NO.9496
PASS NO.9497
PASS NO.9498
PASS NO.9499
PASS NO.9500
PASS NO.9501
PASS NO.9502
PASS NO.9503
PASS NO.9504
PASS NO.9505
PASS NO.9506
PASS NO.9507
PASS NO.9508
PASS NO.9509
PASS NO.9510
PASS NO.9511
PASS NO.9512
PASS NO.9513
PASS NO.9514
PASS NO.9515
PASS NO.9516
PASS NO.9517
PASS NO.9518
PASS NO.9519
PASS NO.9520
PASS NO.9521
PASS NO.9522
PASS NO.9523
PASS NO.9524
PASS NO.9525
PASS NO.9526
PASS NO.9527
PASS NO.9528
PASS NO.9529
PASS NO.9530
PASS NO.9531
PASS NO.9532
PASS NO.9533
PASS NO.9534
PASS NO.9535
PASS NO.9536
PASS NO.9537
PASS NO.9538
PASS NO.9539
PASS NO.9540
PASS NO.9541
PASS NO.9542
PASS NO.9543
PASS NO.9544
PASS NO.9545
PASS NO.9546
PASS NO.9547
PASS NO.9548
PASS NO.9549
PASS NO.9550
PASS NO.9551
PASS NO.9552
PASS NO.9553
PASS NO.9554
PASS NO.9555
PASS NO.9556
PASS NO.9557
PASS NO.9558
PASS NO.9559
PASS NO.9560
PASS NO.9561
PASS NO.9562
PASS NO.9563
PASS NO.9564
PASS NO.9565
PASS NO.9566
PASS NO.9567
PASS NO.9568
PASS NO.9569
PASS NO.9570
PASS NO.9571
PASS NO.9572
PASS NO.9573
PASS NO.9574
PASS NO.9575
PASS NO.9576
PASS NO.9577
PASS NO.9578
PASS NO.9579
PASS NO.9580
PASS NO.9581
PASS NO.9582
PASS NO.9583
PASS NO.9584
PASS NO.9585
PASS NO.9586
PASS NO.9587
PASS NO.9588
PASS NO.9589
PASS NO.9590
PASS NO.9591
PASS NO.9592
PASS NO.9593
PASS NO.9594
PASS NO.9595
PASS NO.9596
PASS NO.9597
PASS NO.9598
PASS NO.9599
PASS NO.9600
PASS NO.9601
PASS NO.9602
PASS NO.9603
PASS NO.9604
PASS NO.9605
PASS NO.9606
PASS NO.9607
PASS NO.9608
PASS NO.9609
PASS NO.9610
PASS NO.9611
PASS NO.9612
PASS NO.9613
PASS NO.9614
PASS NO.9615
PASS NO.9616
PASS NO.9617
PASS NO.9618
PASS NO.9619
PASS NO.9620
PASS NO.9621
PASS NO.9622
PASS NO.9623
PASS NO.9624
PASS NO.9625
PASS NO.9626
PASS NO.9627
PASS NO.9628
PASS NO.9629
PASS NO.9630
PASS NO.9631
PASS NO.9632
PASS NO.9633
PASS NO.9634
PASS NO.9635
PASS NO.9636
PASS NO.9637
PASS NO.9638
PASS NO.9639
PASS NO.9640
PASS NO.9641
PASS NO.9642
PASS NO.9643
PASS NO.9644
PASS NO.9645
PASS NO.9646
PASS NO.9647
PASS NO.9648
PASS NO.9649
PASS NO.9650
PASS NO.9651
PASS NO.9652
PASS NO.9653
PASS NO.9654
PASS NO.9655
PASS NO.9656
PASS NO.9657
PASS NO.9658
PASS NO.9659
PASS NO.9660
PASS NO.9661
PASS NO.9662
PASS NO.9663
PASS NO.9664
PASS NO.9665
PASS NO.9666
PASS NO.9667
PASS NO.9668
PASS NO.9669
PASS NO.9670
PASS NO.9671
PASS NO.9672
PASS NO.9673
PASS NO.9674
PASS NO.9675
PASS NO.9676
PASS NO.9677
PASS NO.9678
PASS NO.9679
PASS NO.9680
PASS NO.9681
PASS NO.9682
PASS NO.9683
PASS NO.9684
PASS NO.9685
PASS NO.9686
PASS NO.9687
PASS NO.9688
PASS NO.9689
PASS NO.9690
PASS NO.9691
PASS NO.9692
PASS NO.9693
PASS NO.9694
PASS NO.9695
PASS NO.9696
PASS NO.9697
PASS NO.9698
PASS NO.9699
PASS NO.9700
PASS NO.9701
PASS NO.9702
PASS NO.9703
PASS NO.9704
PASS NO.9705
PASS NO.9706
PASS NO.9707
PASS NO.9708
PASS NO.9709
PASS NO.9710
PASS NO.9711
PASS NO.9712
PASS NO.9713
PASS NO.9714
PASS NO.9715
PASS NO.9716
PASS NO.9717
PASS NO.9718
PASS NO.9719
PASS NO.9720
PASS NO.9721
PASS NO.9722
PASS NO.9723
PASS NO.9724
PASS NO.9725
PASS NO.9726
PASS NO.9727
PASS NO.9728
PASS NO.9729
PASS NO.9730
PASS NO.9731
PASS NO.9732
PASS NO.9733
PASS NO.9734
PASS NO.9735
PASS NO.9736
PASS NO.9737
PASS NO.9738
PASS NO.9739
PASS NO.9740
PASS NO.9741
PASS NO.9742
PASS NO.9743
PASS NO.9744
PASS NO.9745
PASS NO.9746
PASS NO.9747
PASS NO.9748
PASS NO.9749
PASS NO.9750
PASS NO.9751
PASS NO.9752
PASS NO.9753
PASS NO.9754
PASS NO.9755
PASS NO.9756
PASS NO.9757
PASS NO.9758
PASS NO.9759
PASS NO.9760
PASS NO.9761
PASS NO.9762
PASS NO.9763
PASS NO.9764
PASS NO.9765
PASS NO.9766
PASS NO.9767
PASS NO.9768
PASS NO.9769
PASS NO.9770
PASS NO.9771
PASS NO.9772
PASS NO.9773
PASS NO.9774
PASS NO.9775
PASS NO.9776
PASS NO.9777
PASS NO.9778
PASS NO.9779
PASS NO.9780
PASS NO.9781
PASS NO.9782
PASS NO.9783
PASS NO.9784
PASS NO.9785
PASS NO.9786
PASS NO.9787
PASS NO.9788
PASS NO.9789
PASS NO.9790
PASS NO.9791
PASS NO.9792
PASS NO.9793
PASS NO.9794
PASS NO.9795
PASS NO.9796
PASS NO.9797
PASS NO.9798
PASS NO.9799
PASS NO.9800
PASS NO.9801
PASS NO.9802
PASS NO.9803
PASS NO.9804
PASS NO.9805
PASS NO.9806
PASS NO.9807
PASS NO.9808
PASS NO.9809
PASS NO.9810
PASS NO.9811
PASS NO.9812
PASS NO.9813
PASS NO.9814
PASS NO.9815
PASS NO.9816
PASS NO.9817
PASS NO.9818
PASS NO.9819
PASS NO.9820
PASS NO.9821
PASS NO.9822
PASS NO.9823
PASS NO.9824
PASS NO.9825
PASS NO.9826
PASS NO.9827
PASS NO.9828
PASS NO.9829
PASS NO.9830
PASS NO.9831
PASS NO.9832
PASS NO.9833
PASS NO.9834
PASS NO.9835
PASS NO.9836
PASS NO.9837
PASS NO.9838
PASS NO.9839
PASS NO.9840
PASS NO.9841
PASS NO.9842
PASS NO.9843
PASS NO.9844
PASS NO.9845
PASS NO.9846
PASS NO.9847
PASS NO.9848
PASS NO.9849
PASS NO.9850
PASS NO.9851
PASS NO.9852
PASS NO.9853
PASS NO.9854
PASS NO.9855
PASS NO.9856
PASS NO.9857
PASS NO.9858
PASS NO.9859
PASS NO.9860
PASS NO.9861
PASS NO.9862
PASS NO.9863
PASS NO.9864
PASS NO.9865
PASS NO.9866
PASS NO.9867
PASS NO.9868
PASS NO.9869
PASS NO.9870
PASS NO.9871
PASS NO.9872
PASS NO.9873
PASS NO.9874
PASS NO.9875
PASS NO.9876
PASS NO.9877
PASS NO.9878
PASS NO.9879
PASS NO.9880
PASS NO.9881
PASS NO.9882
PASS NO.9883
PASS NO.9884
PASS NO.9885
PASS NO.9886
PASS NO.9887
PASS NO.9888
PASS NO.9889
PASS NO.9890
PASS NO.9891
PASS NO.9892
PASS NO.9893
PASS NO.9894
PASS NO.9895
PASS NO.9896
PASS NO.9897
PASS NO.9898
PASS NO.9899
PASS NO.9900
PASS NO.9901
PASS NO.9902
PASS NO.9903
PASS NO.9904
PASS NO.9905
PASS NO.9906
PASS NO.9907
PASS NO.9908
PASS NO.9909
PASS NO.9910
PASS NO.9911
PASS NO.9912
PASS NO.9913
PASS NO.9914
PASS NO.9915
PASS NO.9916
PASS NO.9917
PASS NO.9918
PASS NO.9919
PASS NO.9920
PASS NO.9921
PASS NO.9922
PASS NO.9923
PASS NO.9924
PASS NO.9925
PASS NO.9926
PASS NO.9927
PASS NO.9928
PASS NO.9929
PASS NO.9930
PASS NO.9931
PASS NO.9932
PASS NO.9933
PASS NO.9934
PASS NO.9935
PASS NO.9936
PASS NO.9937
PASS NO.9938
PASS NO.9939
PASS NO.9940
PASS NO.9941
PASS NO.9942
PASS NO.9943
PASS NO.9944
PASS NO.9945
PASS NO.9946
PASS NO.9947
PASS NO.9948
PASS NO.9949
PASS NO.9950
PASS NO.9951
PASS NO.9952
PASS NO.9953
PASS NO.9954
PASS NO.9955
PASS NO.9956
PASS NO.9957
PASS NO.9958
PASS NO.9959
PASS NO.9960
PASS NO.9961
PASS NO.9962
PASS NO.9963
PASS NO.9964
PASS NO.9965
PASS NO.9966
PASS NO.9967
PASS NO.9968
PASS NO.9969
PASS NO.9970
PASS NO.9971
PASS NO.9972
PASS NO.9973
PASS NO.9974
PASS NO.9975
PASS NO.9976
PASS NO.9977
PASS NO.9978
PASS NO.9979
PASS NO.9980
PASS NO.9981
PASS NO.9982
PASS NO.9983
PASS NO.9984
PASS NO.9985
PASS NO.9986
PASS NO.9987
PASS NO.9988
PASS NO.9989
PASS NO.9990
PASS NO.9991
PASS NO.9992
PASS NO.9993
PASS NO.9994
PASS NO.9995
PASS NO.9996
PASS NO.9997
PASS NO.9998
PASS NO.9999
PASS NO.10000
--------------------------------------------------------------------
                         Congratulations!                           
                  You have passed all patterns!                     
                  Your execution cycles = 40000 cycles                
                  Your clock period = 1.2 ns                       
                  Total Latency = 48000.0 ns                           
--------------------------------------------------------------------
$finish called from file "PATTERN.sv", line 204.
$finish at simulation time             60014400
           V C S   S i m u l a t i o n   R e p o r t 
Time: 60014400 ps
CPU Time:    125.660 seconds;       Data structure size:  14.8Mb
Tue Apr 21 16:10:20 2026
CPU time: 9.193 seconds to compile + .769 seconds to elab + .759 seconds to link + 125.687 seconds in simulation
