Command: vcs -timescale=1ns/1fs -j4 -sverilog +v2k -full64 -Mupdate -R -debug_access+all \
-f filelist.f -o simv -l vcs.log -P /usr/cad/synopsys/verdi/2022.06/share/PLI/VCS/linux64/novas.tab \
/usr/cad/synopsys/verdi/2022.06/share/PLI/VCS/linux64/pli.a -v /home/daniel_kuo/CBDK_TSMC40_Arm_f2.0/CIC/Verilog/sc9_cln40g_base_hvt_neg.v \
/home/daniel_kuo/CBDK_TSMC40_Arm_f2.0/CIC/Verilog/sc9_cln40g_base_rvt_neg.v /home/daniel_kuo/CBDK_TSMC40_Arm_f2.0/CIC/Verilog/sc9_cln40g_base_lvt_neg.v \
/home/daniel_kuo/CBDK_TSMC40_Arm_f2.0/CIC/Verilog/sc9_cln40g_base_hvt_udp.v /home/daniel_kuo/CBDK_TSMC40_Arm_f2.0/CIC/Verilog/sc9_cln40g_base_rvt_udp.v \
/home/daniel_kuo/CBDK_TSMC40_Arm_f2.0/CIC/Verilog/sc9_cln40g_base_lvt_udp.v +define+GATE \
+neg_tchk
*** Using c compiler gcc instead of cc ...
                         Chronologic VCS (TM)
         Version T-2022.06_Full64 -- Wed Oct  8 04:50:00 2025

                    Copyright (c) 1991 - 2022 Synopsys, Inc.
   This software and the associated documentation are proprietary to Synopsys,
 Inc. This software may only be used in accordance with the terms and conditions
 of a written license agreement with Synopsys, Inc. All other use, reproduction,
   or distribution of this software is strictly prohibited.  Licensed Products
     communicate with Synopsys servers for the purpose of providing software
    updates, detecting software piracy and verifying that customers are using
    Licensed Products in conformity with the applicable License Key for such
  Licensed Products. Synopsys will use information gathered in connection with
    this process to deliver software updates and pursue software pirates and
                                   infringers.

 Inclusivity & Diversity - Visit SolvNetPlus to read the "Synopsys Statement on
            Inclusivity and Diversity" (Refer to article 000036315 at
                        https://solvnetplus.synopsys.com)

Parsing design file 'TESTBED.v'
Parsing included file 'PATTERN.v'.
Back to file 'TESTBED.v'.
Parsing included file 'KEYGEN_SYN.v'.
Back to file 'TESTBED.v'.
Parsing design file '/home/daniel_kuo/CBDK_TSMC40_Arm_f2.0/CIC/Verilog/sc9_cln40g_base_rvt_neg.v'
Parsing design file '/home/daniel_kuo/CBDK_TSMC40_Arm_f2.0/CIC/Verilog/sc9_cln40g_base_lvt_neg.v'
Parsing design file '/home/daniel_kuo/CBDK_TSMC40_Arm_f2.0/CIC/Verilog/sc9_cln40g_base_hvt_udp.v'
Parsing design file '/home/daniel_kuo/CBDK_TSMC40_Arm_f2.0/CIC/Verilog/sc9_cln40g_base_rvt_udp.v'

Warning-[WUPD] UDP previously declared
  UDP is previously declared: 
   "/home/daniel_kuo/CBDK_TSMC40_Arm_f2.0/CIC/Verilog/sc9_cln40g_base_rvt_udp.v",
  3: token is 'udp_dffr3'
  primitive udp_dffr3 (out, st1, st0, ck, clr_, set_, retn, pwr, pwrg);
                     ^
  Current declaration will be ignored.


Warning-[WUPD] UDP previously declared
  UDP is previously declared: 
   "/home/daniel_kuo/CBDK_TSMC40_Arm_f2.0/CIC/Verilog/sc9_cln40g_base_rvt_udp.v",
  38: token is 'udp_tlat'
  primitive udp_tlat (out, in, hold, clr_, set_, NOTIFIER);
                    ^
  Current declaration will be ignored.


Warning-[WUPD] UDP previously declared
  UDP is previously declared: 
   "/home/daniel_kuo/CBDK_TSMC40_Arm_f2.0/CIC/Verilog/sc9_cln40g_base_rvt_udp.v",
  63: token is 'udp_lcg'
  primitive udp_lcg(out, e, mgclk, ovrd, NOT);
                   ^
  Current declaration will be ignored.


Warning-[WUPD] UDP previously declared
  UDP is previously declared: 
   "/home/daniel_kuo/CBDK_TSMC40_Arm_f2.0/CIC/Verilog/sc9_cln40g_base_rvt_udp.v",
  86: token is 'udp_tlatrf2_PWR'
  primitive udp_tlatrf2_PWR (out, in1, w1w, in2, w2w, VDD, VSS, NOTIFIER);
                           ^
  Current declaration will be ignored.


Warning-[WUPD] UDP previously declared
  UDP is previously declared: 
   "/home/daniel_kuo/CBDK_TSMC40_Arm_f2.0/CIC/Verilog/sc9_cln40g_base_rvt_udp.v",
  123: token is 'udp_tlat_retpwr'
  primitive udp_tlat_retpwr (out, VDD, VSS, in, hold, clr_, set_, NOTIFIER);
                           ^
  Current declaration will be ignored.


Warning-[WUPD] UDP previously declared
  UDP is previously declared: 
   "/home/daniel_kuo/CBDK_TSMC40_Arm_f2.0/CIC/Verilog/sc9_cln40g_base_rvt_udp.v",
  152: token is 'udp_lv_pp_or_vdd_vss'
  primitive udp_lv_pp_or_vdd_vss (y, a, b, vdd, vss);
                                ^
  Current declaration will be ignored.


Warning-[WUPD] UDP previously declared
  UDP is previously declared: 
   "/home/daniel_kuo/CBDK_TSMC40_Arm_f2.0/CIC/Verilog/sc9_cln40g_base_rvt_udp.v",
  166: token is 'udp_rslat_out_'
  primitive udp_rslat_out_ (out_, r, s, NOTIFIER);
                          ^
  Current declaration will be ignored.


Warning-[WUPD] UDP previously declared
  UDP is previously declared: 
   "/home/daniel_kuo/CBDK_TSMC40_Arm_f2.0/CIC/Verilog/sc9_cln40g_base_rvt_udp.v",
  190: token is 'udp_sedfft'
  primitive udp_sedfft (out, in, clk, clr_, si, se, en, NOTIFIER);
                      ^
  Current declaration will be ignored.


Warning-[WUPD] UDP previously declared
  UDP is previously declared: 
   "/home/daniel_kuo/CBDK_TSMC40_Arm_f2.0/CIC/Verilog/sc9_cln40g_base_rvt_udp.v",
  240: token is 'udp_or_pp'
  primitive udp_or_pp (y, a, b, vdd, vss);
                     ^
  Current declaration will be ignored.


Warning-[WUPD] UDP previously declared
  UDP is previously declared: 
   "/home/daniel_kuo/CBDK_TSMC40_Arm_f2.0/CIC/Verilog/sc9_cln40g_base_rvt_udp.v",
  256: token is 'udp_jkff'
  primitive udp_jkff (out, j, k, clk, clr_, set_, NOTIFIER);
                    ^
  Current declaration will be ignored.


Warning-[WUPD] UDP previously declared
  UDP is previously declared: 
   "/home/daniel_kuo/CBDK_TSMC40_Arm_f2.0/CIC/Verilog/sc9_cln40g_base_rvt_udp.v",
  291: token is 'udp_bmx'
  primitive udp_bmx (out, x2, a, s, m1, m0);
                   ^
  Current declaration will be ignored.


Warning-[WUPD] UDP previously declared
  UDP is previously declared: 
   "/home/daniel_kuo/CBDK_TSMC40_Arm_f2.0/CIC/Verilog/sc9_cln40g_base_rvt_udp.v",
  317: token is 'udp_sedff'
  primitive udp_sedff (out, in, clk, clr_, si, se, en, NOTIFIER);
                     ^
  Current declaration will be ignored.


Warning-[WUPD] UDP previously declared
  UDP is previously declared: 
   "/home/daniel_kuo/CBDK_TSMC40_Arm_f2.0/CIC/Verilog/sc9_cln40g_base_rvt_udp.v",
  371: token is 'udp_mux2'
  primitive udp_mux2 (out, in0, in1, sel);
                    ^
  Current declaration will be ignored.


Warning-[WUPD] UDP previously declared
  UDP is previously declared: 
   "/home/daniel_kuo/CBDK_TSMC40_Arm_f2.0/CIC/Verilog/sc9_cln40g_base_rvt_udp.v",
  390: token is 'udp_sedffsr'
  primitive udp_sedffsr (out, in, clk, clr_, set_, si, se, en, NOTIFIER);
                       ^
  Current declaration will be ignored.


Warning-[WUPD] UDP previously declared
  UDP is previously declared: 
   "/home/daniel_kuo/CBDK_TSMC40_Arm_f2.0/CIC/Verilog/sc9_cln40g_base_rvt_udp.v",
  453: token is 'udp_mux4'
  primitive udp_mux4 (out, in0, in1, in2, in3, sel_0, sel_1);
                    ^
  Current declaration will be ignored.


Warning-[WUPD] UDP previously declared
  UDP is previously declared: 
   "/home/daniel_kuo/CBDK_TSMC40_Arm_f2.0/CIC/Verilog/sc9_cln40g_base_rvt_udp.v",
  484: token is 'udp_retn_pwr'
  primitive udp_retn_pwr (out, VDD, VSS, n2, n4, clk, xRN, xSN);
                        ^
  Current declaration will be ignored.


Warning-[WUPD] UDP previously declared
  UDP is previously declared: 
   "/home/daniel_kuo/CBDK_TSMC40_Arm_f2.0/CIC/Verilog/sc9_cln40g_base_rvt_udp.v",
  511: token is 'udp_rslat_out_PWR'
  primitive udp_rslat_out_PWR (out, r, s, VDD, VSS, NOTIFIER);
                             ^
  Current declaration will be ignored.


Warning-[WUPD] UDP previously declared
  UDP is previously declared: 
   "/home/daniel_kuo/CBDK_TSMC40_Arm_f2.0/CIC/Verilog/sc9_cln40g_base_rvt_udp.v",
  537: token is 'udp_o2lvluu_pp_or_vddi_vdd_vss'
  primitive udp_o2lvluu_pp_or_vddi_vdd_vss (y, a, b, vddi, vdd, vss);
                                          ^
  Current declaration will be ignored.


Warning-[WUPD] UDP previously declared
  UDP is previously declared: 
   "/home/daniel_kuo/CBDK_TSMC40_Arm_f2.0/CIC/Verilog/sc9_cln40g_base_rvt_udp.v",
  550: token is 'udp_ph2p'
  primitive udp_ph2p (LOUT, CLK1, CLK2, DATA1, DATA2, SET, RESET);
                    ^
  Current declaration will be ignored.


Warning-[WUPD] UDP previously declared
  UDP is previously declared: 
   "/home/daniel_kuo/CBDK_TSMC40_Arm_f2.0/CIC/Verilog/sc9_cln40g_base_rvt_udp.v",
  594: token is 'udp_mux'
  primitive udp_mux (out, in, s_in, s_sel);
                   ^
  Current declaration will be ignored.


Warning-[WUPD] UDP previously declared
  UDP is previously declared: 
   "/home/daniel_kuo/CBDK_TSMC40_Arm_f2.0/CIC/Verilog/sc9_cln40g_base_rvt_udp.v",
  612: token is 'udp_buf_pp'
  primitive udp_buf_pp (y, a, vddg, vssg);
                      ^
  Current declaration will be ignored.


Warning-[WUPD] UDP previously declared
  UDP is previously declared: 
   "/home/daniel_kuo/CBDK_TSMC40_Arm_f2.0/CIC/Verilog/sc9_cln40g_base_rvt_udp.v",
  625: token is 'udp_lv_pp_vddi_vdd_vss'
  primitive udp_lv_pp_vddi_vdd_vss (y, a, b, vddi, vdd, vss);
                                  ^
  Current declaration will be ignored.


Warning-[WUPD] UDP previously declared
  UDP is previously declared: 
   "/home/daniel_kuo/CBDK_TSMC40_Arm_f2.0/CIC/Verilog/sc9_cln40g_base_rvt_udp.v",
  640: token is 'udp_tlatrf2'
  primitive udp_tlatrf2 (out, in1, w1w, in2, w2w, NOTIFIER);
                       ^
  Current declaration will be ignored.


Warning-[WUPD] UDP previously declared
  UDP is previously declared: 
   "/home/daniel_kuo/CBDK_TSMC40_Arm_f2.0/CIC/Verilog/sc9_cln40g_base_rvt_udp.v",
  675: token is 'udp_tlatrf_PWR'
  primitive udp_tlatrf_PWR (out, in, ww, wwn, VDD, VSS, NOTIFIER);
                          ^
  Current declaration will be ignored.


Warning-[WUPD] UDP previously declared
  UDP is previously declared: 
   "/home/daniel_kuo/CBDK_TSMC40_Arm_f2.0/CIC/Verilog/sc9_cln40g_base_rvt_udp.v",
  703: token is 'udp_dff_PWR'
  primitive udp_dff_PWR (out, in, clk, clr_, set_, VDD, VSS, NOTIFIER);
                       ^
  Current declaration will be ignored.


Warning-[WUPD] UDP previously declared
  UDP is previously declared: 
   "/home/daniel_kuo/CBDK_TSMC40_Arm_f2.0/CIC/Verilog/sc9_cln40g_base_rvt_udp.v",
  732: token is 'udp_a2lvluu_pp_vddi_vdd_vss'
  primitive udp_a2lvluu_pp_vddi_vdd_vss (y, a, b, vddi, vdd, vss);
                                       ^
  Current declaration will be ignored.


Warning-[WUPD] UDP previously declared
  UDP is previously declared: 
   "/home/daniel_kuo/CBDK_TSMC40_Arm_f2.0/CIC/Verilog/sc9_cln40g_base_rvt_udp.v",
  746: token is 'udp_edff_PWR'
  primitive udp_edff_PWR (out, in, clk, clr_, set_, en, VDD, VSS, NOTIFIER);
                        ^
  Current declaration will be ignored.


Warning-[WUPD] UDP previously declared
  UDP is previously declared: 
   "/home/daniel_kuo/CBDK_TSMC40_Arm_f2.0/CIC/Verilog/sc9_cln40g_base_rvt_udp.v",
  782: token is 'udp_tlat_pwr'
  primitive udp_tlat_pwr (out, VDD, VSS, in, hold, clr_, set_, NOTIFIER);
                        ^
  Current declaration will be ignored.


Warning-[WUPD] UDP previously declared
  UDP is previously declared: 
   "/home/daniel_kuo/CBDK_TSMC40_Arm_f2.0/CIC/Verilog/sc9_cln40g_base_rvt_udp.v",
  812: token is 'udp_outrf'
  primitive udp_outrf (out, in, rwn, rw);
                     ^
  Current declaration will be ignored.


Warning-[WUPD] UDP previously declared
  UDP is previously declared: 
   "/home/daniel_kuo/CBDK_TSMC40_Arm_f2.0/CIC/Verilog/sc9_cln40g_base_rvt_udp.v",
  830: token is 'udp_and_pp'
  primitive udp_and_pp (y, a, b, vdd, vss);
                      ^
  Current declaration will be ignored.


Warning-[WUPD] UDP previously declared
  UDP is previously declared: 
   "/home/daniel_kuo/CBDK_TSMC40_Arm_f2.0/CIC/Verilog/sc9_cln40g_base_rvt_udp.v",
  845: token is 'udp_dffr2'
  primitive udp_dffr2 (out, d, ck, clr_, set_, pwr, notifier);
                     ^
  Current declaration will be ignored.


Warning-[WUPD] UDP previously declared
  UDP is previously declared: 
   "/home/daniel_kuo/CBDK_TSMC40_Arm_f2.0/CIC/Verilog/sc9_cln40g_base_rvt_udp.v",
  886: token is 'udp_dffr4'
  primitive udp_dffr4 (out, st1, st0, ck, retn);
                     ^
  Current declaration will be ignored.


Warning-[WUPD] UDP previously declared
  UDP is previously declared: 
   "/home/daniel_kuo/CBDK_TSMC40_Arm_f2.0/CIC/Verilog/sc9_cln40g_base_rvt_udp.v",
  904: token is 'udp_xprop'
  primitive udp_xprop (DOUT, DIN, NOTIFIER, RESET);
                     ^
  Current declaration will be ignored.


Warning-[WUPD] UDP previously declared
  UDP is previously declared: 
   "/home/daniel_kuo/CBDK_TSMC40_Arm_f2.0/CIC/Verilog/sc9_cln40g_base_rvt_udp.v",
  926: token is 'udp_lv_pp_vdd_vss'
  primitive udp_lv_pp_vdd_vss (y, a, b, vdd, vss);
                             ^
  Current declaration will be ignored.


Warning-[WUPD] UDP previously declared
  UDP is previously declared: 
   "/home/daniel_kuo/CBDK_TSMC40_Arm_f2.0/CIC/Verilog/sc9_cln40g_base_rvt_udp.v",
  939: token is 'udp_ph1p'
  primitive udp_ph1p (LOUT, CLK, DATA, SET, RESET);
                    ^
  Current declaration will be ignored.


Warning-[WUPD] UDP previously declared
  UDP is previously declared: 
   "/home/daniel_kuo/CBDK_TSMC40_Arm_f2.0/CIC/Verilog/sc9_cln40g_base_rvt_udp.v",
  968: token is 'udp_dffpower'
  primitive udp_dffpower (out, vdd, vss);
                        ^
  Current declaration will be ignored.


Warning-[WUPD] UDP previously declared
  UDP is previously declared: 
   "/home/daniel_kuo/CBDK_TSMC40_Arm_f2.0/CIC/Verilog/sc9_cln40g_base_rvt_udp.v",
  985: token is 'udp_rslat_out'
  primitive udp_rslat_out (out, r, s, NOTIFIER);
                         ^
  Current declaration will be ignored.


Warning-[WUPD] UDP previously declared
  UDP is previously declared: 
   "/home/daniel_kuo/CBDK_TSMC40_Arm_f2.0/CIC/Verilog/sc9_cln40g_base_rvt_udp.v",
  1008: token is 'udp_always0_pp'
  primitive udp_always0_pp (y, vddg, vssg);
                          ^
  Current declaration will be ignored.


Warning-[WUPD] UDP previously declared
  UDP is previously declared: 
   "/home/daniel_kuo/CBDK_TSMC40_Arm_f2.0/CIC/Verilog/sc9_cln40g_base_rvt_udp.v",
  1021: token is 'udp_edfft_PWR'
  primitive udp_edfft_PWR (out, in, clk, clr_, set_, en, VDD, VSS, NOTIFIER);
                         ^
  Current declaration will be ignored.


Warning-[WUPD] UDP previously declared
  UDP is previously declared: 
   "/home/daniel_kuo/CBDK_TSMC40_Arm_f2.0/CIC/Verilog/sc9_cln40g_base_rvt_udp.v",
  1061: token is 'udp_rslatn_out__PWR'
  primitive udp_rslatn_out__PWR (out_, r_, s_, VDD, VSS, NOTIFIER);
                               ^
  Current declaration will be ignored.


Warning-[WUPD] UDP previously declared
  UDP is previously declared: 
   "/home/daniel_kuo/CBDK_TSMC40_Arm_f2.0/CIC/Verilog/sc9_cln40g_base_rvt_udp.v",
  1089: token is 'udp_dff_ros'
  primitive udp_dff_ros (out, in, clk, clr_, set_, NOTIFIER);
                       ^
  Current declaration will be ignored.


Warning-[WUPD] UDP previously declared
  UDP is previously declared: 
   "/home/daniel_kuo/CBDK_TSMC40_Arm_f2.0/CIC/Verilog/sc9_cln40g_base_rvt_udp.v",
  1116: token is 'udp_rslatn_out_PWR'
  primitive udp_rslatn_out_PWR (out, r_, s_, VDD, VSS, NOTIFIER);
                              ^
  Current declaration will be ignored.


Warning-[WUPD] UDP previously declared
  UDP is previously declared: 
   "/home/daniel_kuo/CBDK_TSMC40_Arm_f2.0/CIC/Verilog/sc9_cln40g_base_rvt_udp.v",
  1149: token is 'udp_wao'
  primitive udp_wao (out, in1a, in1b, in2a, in2b);
                   ^
  Current declaration will be ignored.


Warning-[WUPD] UDP previously declared
  UDP is previously declared: 
   "/home/daniel_kuo/CBDK_TSMC40_Arm_f2.0/CIC/Verilog/sc9_cln40g_base_rvt_udp.v",
  1170: token is 'udp_mx21'
  primitive udp_mx21 (MUXOUT, SEL, DATA0, DATA1);
                    ^
  Current declaration will be ignored.


Warning-[WUPD] UDP previously declared
  UDP is previously declared: 
   "/home/daniel_kuo/CBDK_TSMC40_Arm_f2.0/CIC/Verilog/sc9_cln40g_base_rvt_udp.v",
  1189: token is 'udp_plat_PWR'
  primitive udp_plat_PWR (out, ovrd, clock, ena, VDD, VSS, NOTIFIER);
                        ^
  Current declaration will be ignored.


Warning-[WUPD] UDP previously declared
  UDP is previously declared: 
   "/home/daniel_kuo/CBDK_TSMC40_Arm_f2.0/CIC/Verilog/sc9_cln40g_base_rvt_udp.v",
  1211: token is 'udp_lvl_pp_vddi_vdd_vss'
  primitive udp_lvl_pp_vddi_vdd_vss (y, a, vddi, vdd, vss);
                                   ^
  Current declaration will be ignored.


Warning-[WUPD] UDP previously declared
  UDP is previously declared: 
   "/home/daniel_kuo/CBDK_TSMC40_Arm_f2.0/CIC/Verilog/sc9_cln40g_base_rvt_udp.v",
  1224: token is 'udp_tlatrf'
  primitive udp_tlatrf (out, in, ww, wwn, NOTIFIER);
                      ^
  Current declaration will be ignored.


Warning-[WUPD] UDP previously declared
  UDP is previously declared: 
   "/home/daniel_kuo/CBDK_TSMC40_Arm_f2.0/CIC/Verilog/sc9_cln40g_base_rvt_udp.v",
  1249: token is 'udp_power'
  primitive udp_power (out, out_temp, vdd, vss);
                     ^
  Current declaration will be ignored.


Warning-[WUPD] UDP previously declared
  UDP is previously declared: 
   "/home/daniel_kuo/CBDK_TSMC40_Arm_f2.0/CIC/Verilog/sc9_cln40g_base_rvt_udp.v",
  1264: token is 'udp_tlat_PWR'
  primitive udp_tlat_PWR (out, in, hold, clr_, set_, VDD, VSS, NOTIFIER);
                        ^
  Current declaration will be ignored.


Warning-[WUPD] UDP previously declared
  UDP is previously declared: 
   "/home/daniel_kuo/CBDK_TSMC40_Arm_f2.0/CIC/Verilog/sc9_cln40g_base_rvt_udp.v",
  1293: token is 'udp_dff'
  primitive udp_dff (out, in, clk, clr_, set_, NOTIFIER);
                   ^
  Current declaration will be ignored.


Warning-[WUPD] UDP previously declared
  UDP is previously declared: 
   "/home/daniel_kuo/CBDK_TSMC40_Arm_f2.0/CIC/Verilog/sc9_cln40g_base_rvt_udp.v",
  1318: token is 'udp_ph2p_pwr'
  primitive udp_ph2p_pwr (LOUT, VDD, VSS, CLK1, CLK2, DATA1, DATA2, SET, 
  RESET);
                        ^
  Current declaration will be ignored.


Warning-[WUPD] UDP previously declared
  UDP is previously declared: 
   "/home/daniel_kuo/CBDK_TSMC40_Arm_f2.0/CIC/Verilog/sc9_cln40g_base_rvt_udp.v",
  1360: token is 'udp_rslat_out__PWR'
  primitive udp_rslat_out__PWR (out_, r, s, VDD, VSS, NOTIFIER);
                              ^
  Current declaration will be ignored.


Warning-[WUPD] UDP previously declared
  UDP is previously declared: 
   "/home/daniel_kuo/CBDK_TSMC40_Arm_f2.0/CIC/Verilog/sc9_cln40g_base_rvt_udp.v",
  1387: token is 'udp_sedfft_PWR'
  primitive udp_sedfft_PWR (out, in, clk, clr_, si, se, en, VDD, VSS, 
  NOTIFIER);
                          ^
  Current declaration will be ignored.


Warning-[WUPD] UDP previously declared
  UDP is previously declared: 
   "/home/daniel_kuo/CBDK_TSMC40_Arm_f2.0/CIC/Verilog/sc9_cln40g_base_rvt_udp.v",
  1441: token is 'udp_edff'
  primitive udp_edff (out, in, clk, clr_, set_, en, NOTIFIER);
                    ^
  Current declaration will be ignored.


Warning-[WUPD] UDP previously declared
  UDP is previously declared: 
   "/home/daniel_kuo/CBDK_TSMC40_Arm_f2.0/CIC/Verilog/sc9_cln40g_base_rvt_udp.v",
  1474: token is 'udp_jkff_PWR'
  primitive udp_jkff_PWR (out, j, k, clk, clr_, set_, VDD, VSS, NOTIFIER);
                        ^
  Current declaration will be ignored.


Warning-[WUPD] UDP previously declared
  UDP is previously declared: 
   "/home/daniel_kuo/CBDK_TSMC40_Arm_f2.0/CIC/Verilog/sc9_cln40g_base_rvt_udp.v",
  1512: token is 'udp_retn'
  primitive udp_retn (out, n2, n4, clk, xRN, xSN);
                    ^
  Current declaration will be ignored.


Warning-[WUPD] UDP previously declared
  UDP is previously declared: 
   "/home/daniel_kuo/CBDK_TSMC40_Arm_f2.0/CIC/Verilog/sc9_cln40g_base_rvt_udp.v",
  1535: token is 'udp_lv_pp_or_vddi_vdd_vss'
  primitive udp_lv_pp_or_vddi_vdd_vss (y, a, b, vddi, vdd, vss);
                                     ^
  Current declaration will be ignored.


Warning-[WUPD] UDP previously declared
  UDP is previously declared: 
   "/home/daniel_kuo/CBDK_TSMC40_Arm_f2.0/CIC/Verilog/sc9_cln40g_base_rvt_udp.v",
  1549: token is 'udp_csa4to2_carry'
  primitive udp_csa4to2_carry(carry, a, b, c, ci, d);
                             ^
  Current declaration will be ignored.


Warning-[WUPD] UDP previously declared
  UDP is previously declared: 
   "/home/daniel_kuo/CBDK_TSMC40_Arm_f2.0/CIC/Verilog/sc9_cln40g_base_rvt_udp.v",
  1578: token is 'udp_sedff_PWR'
  primitive udp_sedff_PWR (out, in, clk, clr_, si, se, en, VDD, VSS, 
  NOTIFIER);
                         ^
  Current declaration will be ignored.


Warning-[WUPD] UDP previously declared
  UDP is previously declared: 
   "/home/daniel_kuo/CBDK_TSMC40_Arm_f2.0/CIC/Verilog/sc9_cln40g_base_rvt_udp.v",
  1634: token is 'udp_always1_pp'
  primitive udp_always1_pp (y, vddg, vssg);
                          ^
  Current declaration will be ignored.


Warning-[WUPD] UDP previously declared
  UDP is previously declared: 
   "/home/daniel_kuo/CBDK_TSMC40_Arm_f2.0/CIC/Verilog/sc9_cln40g_base_rvt_udp.v",
  1645: token is 'udp_ando_pp'
  primitive udp_ando_pp (y, a, b, vddo, vsso, vdd, vss);
                       ^
  Current declaration will be ignored.


Warning-[WUPD] UDP previously declared
  UDP is previously declared: 
   "/home/daniel_kuo/CBDK_TSMC40_Arm_f2.0/CIC/Verilog/sc9_cln40g_base_rvt_udp.v",
  1658: token is 'udp_lvl_pp_vdd_vss'
  primitive udp_lvl_pp_vdd_vss (y, a, vdd, vss);
                              ^
  Current declaration will be ignored.


Warning-[WUPD] UDP previously declared
  UDP is previously declared: 
   "/home/daniel_kuo/CBDK_TSMC40_Arm_f2.0/CIC/Verilog/sc9_cln40g_base_rvt_udp.v",
  1671: token is 'udp_sedffsr_PWR'
  primitive udp_sedffsr_PWR (out, in, clk, clr_, set_, si, se, en, VDD, VSS, 
  NOTIFIER);
                           ^
  Current declaration will be ignored.


Warning-[WUPD] UDP previously declared
  UDP is previously declared: 
   "/home/daniel_kuo/CBDK_TSMC40_Arm_f2.0/CIC/Verilog/sc9_cln40g_base_rvt_udp.v",
  1738: token is 'udp_tlat_ros'
  primitive udp_tlat_ros (out, in, hold, clr_, set_, NOTIFIER);
                        ^
  Current declaration will be ignored.


Warning-[WUPD] UDP previously declared
  UDP is previously declared: 
   "/home/daniel_kuo/CBDK_TSMC40_Arm_f2.0/CIC/Verilog/sc9_cln40g_base_rvt_udp.v",
  1764: token is 'udp_edfft'
  primitive udp_edfft (out, in, clk, clr_, set_, en, NOTIFIER);
                     ^
  Current declaration will be ignored.


Warning-[WUPD] UDP previously declared
  UDP is previously declared: 
   "/home/daniel_kuo/CBDK_TSMC40_Arm_f2.0/CIC/Verilog/sc9_cln40g_base_rvt_udp.v",
  1801: token is 'udp_rslatn_out_'
  primitive udp_rslatn_out_ (out_, r_, s_, NOTIFIER);
                           ^
  Current declaration will be ignored.


Warning-[WUPD] UDP previously declared
  UDP is previously declared: 
   "/home/daniel_kuo/CBDK_TSMC40_Arm_f2.0/CIC/Verilog/sc9_cln40g_base_rvt_udp.v",
  1825: token is 'udp_rslatn_out'
  primitive udp_rslatn_out (out, r_, s_, NOTIFIER);
                          ^
  Current declaration will be ignored.


Warning-[WUPD] UDP previously declared
  UDP is previously declared: 
   "/home/daniel_kuo/CBDK_TSMC40_Arm_f2.0/CIC/Verilog/sc9_cln40g_base_rvt_udp.v",
  1847: token is 'udp_oro_pp'
  primitive udp_oro_pp (y, a, b, vddo, vsso, vdd, vss);
                      ^
  Current declaration will be ignored.


Warning-[WUPD] UDP previously declared
  UDP is previously declared: 
   "/home/daniel_kuo/CBDK_TSMC40_Arm_f2.0/CIC/Verilog/sc9_cln40g_base_rvt_udp.v",
  1860: token is 'udp_not_pp'
  primitive udp_not_pp (y, a, vddg, vssg);
                      ^
  Current declaration will be ignored.


Warning-[WUPD] UDP previously declared
  UDP is previously declared: 
   "/home/daniel_kuo/CBDK_TSMC40_Arm_f2.0/CIC/Verilog/sc9_cln40g_base_rvt_udp.v",
  1875: token is 'udp_plat'
  primitive udp_plat (out, ovrd, clock, ena, NOTIFIER);
                    ^
  Current declaration will be ignored.


Warning-[WUPD] UDP previously declared
  UDP is previously declared: 
   "/home/daniel_kuo/CBDK_TSMC40_Arm_f2.0/CIC/Verilog/sc9_cln40g_base_rvt_udp.v",
  1893: token is 'udp_ph1p_pwr'
  primitive udp_ph1p_pwr (LOUT, VDD, VSS, CLK, DATA, SET, RESET);
                        ^
  Current declaration will be ignored.


Warning-[WUPD] UDP previously declared
  UDP is previously declared: 
   "/home/daniel_kuo/CBDK_TSMC40_Arm_f2.0/CIC/Verilog/sc9_cln40g_base_rvt_udp.v",
  1920: token is 'udp_xgen'
  primitive udp_xgen (out, in, en, e);
                    ^
  Current declaration will be ignored.


Warning-[WUPD] UDP previously declared
  UDP is previously declared: 
   "/home/daniel_kuo/CBDK_TSMC40_Arm_f2.0/CIC/Verilog/sc9_cln40g_base_rvt_udp.v",
  1943: token is 'udp_dffr1'
  primitive udp_dffr1 (out, in, clk, clr_, set_, retn, pwr, pwrg, NOTIFIER);
                     ^
  Current declaration will be ignored.

Parsing design file '/home/daniel_kuo/CBDK_TSMC40_Arm_f2.0/CIC/Verilog/sc9_cln40g_base_lvt_udp.v'

Warning-[WUPD] UDP previously declared
  UDP is previously declared: 
   "/home/daniel_kuo/CBDK_TSMC40_Arm_f2.0/CIC/Verilog/sc9_cln40g_base_lvt_udp.v",
  3: token is 'udp_dffr3'
  primitive udp_dffr3 (out, st1, st0, ck, clr_, set_, retn, pwr, pwrg);
                     ^
  Current declaration will be ignored.


Warning-[WUPD] UDP previously declared
  UDP is previously declared: 
   "/home/daniel_kuo/CBDK_TSMC40_Arm_f2.0/CIC/Verilog/sc9_cln40g_base_lvt_udp.v",
  38: token is 'udp_tlat'
  primitive udp_tlat (out, in, hold, clr_, set_, NOTIFIER);
                    ^
  Current declaration will be ignored.


Warning-[WUPD] UDP previously declared
  UDP is previously declared: 
   "/home/daniel_kuo/CBDK_TSMC40_Arm_f2.0/CIC/Verilog/sc9_cln40g_base_lvt_udp.v",
  63: token is 'udp_lcg'
  primitive udp_lcg(out, e, mgclk, ovrd, NOT);
                   ^
  Current declaration will be ignored.


Warning-[WUPD] UDP previously declared
  UDP is previously declared: 
   "/home/daniel_kuo/CBDK_TSMC40_Arm_f2.0/CIC/Verilog/sc9_cln40g_base_lvt_udp.v",
  86: token is 'udp_tlatrf2_PWR'
  primitive udp_tlatrf2_PWR (out, in1, w1w, in2, w2w, VDD, VSS, NOTIFIER);
                           ^
  Current declaration will be ignored.


Warning-[WUPD] UDP previously declared
  UDP is previously declared: 
   "/home/daniel_kuo/CBDK_TSMC40_Arm_f2.0/CIC/Verilog/sc9_cln40g_base_lvt_udp.v",
  123: token is 'udp_tlat_retpwr'
  primitive udp_tlat_retpwr (out, VDD, VSS, in, hold, clr_, set_, NOTIFIER);
                           ^
  Current declaration will be ignored.


Warning-[WUPD] UDP previously declared
  UDP is previously declared: 
   "/home/daniel_kuo/CBDK_TSMC40_Arm_f2.0/CIC/Verilog/sc9_cln40g_base_lvt_udp.v",
  152: token is 'udp_lv_pp_or_vdd_vss'
  primitive udp_lv_pp_or_vdd_vss (y, a, b, vdd, vss);
                                ^
  Current declaration will be ignored.


Warning-[WUPD] UDP previously declared
  UDP is previously declared: 
   "/home/daniel_kuo/CBDK_TSMC40_Arm_f2.0/CIC/Verilog/sc9_cln40g_base_lvt_udp.v",
  166: token is 'udp_rslat_out_'
  primitive udp_rslat_out_ (out_, r, s, NOTIFIER);
                          ^
  Current declaration will be ignored.


Warning-[WUPD] UDP previously declared
  UDP is previously declared: 
   "/home/daniel_kuo/CBDK_TSMC40_Arm_f2.0/CIC/Verilog/sc9_cln40g_base_lvt_udp.v",
  190: token is 'udp_sedfft'
  primitive udp_sedfft (out, in, clk, clr_, si, se, en, NOTIFIER);
                      ^
  Current declaration will be ignored.


Warning-[WUPD] UDP previously declared
  UDP is previously declared: 
   "/home/daniel_kuo/CBDK_TSMC40_Arm_f2.0/CIC/Verilog/sc9_cln40g_base_lvt_udp.v",
  240: token is 'udp_or_pp'
  primitive udp_or_pp (y, a, b, vdd, vss);
                     ^
  Current declaration will be ignored.


Warning-[WUPD] UDP previously declared
  UDP is previously declared: 
   "/home/daniel_kuo/CBDK_TSMC40_Arm_f2.0/CIC/Verilog/sc9_cln40g_base_lvt_udp.v",
  256: token is 'udp_jkff'
  primitive udp_jkff (out, j, k, clk, clr_, set_, NOTIFIER);
                    ^
  Current declaration will be ignored.


Warning-[WUPD] UDP previously declared
  UDP is previously declared: 
   "/home/daniel_kuo/CBDK_TSMC40_Arm_f2.0/CIC/Verilog/sc9_cln40g_base_lvt_udp.v",
  291: token is 'udp_bmx'
  primitive udp_bmx (out, x2, a, s, m1, m0);
                   ^
  Current declaration will be ignored.


Warning-[WUPD] UDP previously declared
  UDP is previously declared: 
   "/home/daniel_kuo/CBDK_TSMC40_Arm_f2.0/CIC/Verilog/sc9_cln40g_base_lvt_udp.v",
  317: token is 'udp_sedff'
  primitive udp_sedff (out, in, clk, clr_, si, se, en, NOTIFIER);
                     ^
  Current declaration will be ignored.


Warning-[WUPD] UDP previously declared
  UDP is previously declared: 
   "/home/daniel_kuo/CBDK_TSMC40_Arm_f2.0/CIC/Verilog/sc9_cln40g_base_lvt_udp.v",
  371: token is 'udp_mux2'
  primitive udp_mux2 (out, in0, in1, sel);
                    ^
  Current declaration will be ignored.


Warning-[WUPD] UDP previously declared
  UDP is previously declared: 
   "/home/daniel_kuo/CBDK_TSMC40_Arm_f2.0/CIC/Verilog/sc9_cln40g_base_lvt_udp.v",
  390: token is 'udp_sedffsr'
  primitive udp_sedffsr (out, in, clk, clr_, set_, si, se, en, NOTIFIER);
                       ^
  Current declaration will be ignored.


Warning-[WUPD] UDP previously declared
  UDP is previously declared: 
   "/home/daniel_kuo/CBDK_TSMC40_Arm_f2.0/CIC/Verilog/sc9_cln40g_base_lvt_udp.v",
  453: token is 'udp_mux4'
  primitive udp_mux4 (out, in0, in1, in2, in3, sel_0, sel_1);
                    ^
  Current declaration will be ignored.


Warning-[WUPD] UDP previously declared
  UDP is previously declared: 
   "/home/daniel_kuo/CBDK_TSMC40_Arm_f2.0/CIC/Verilog/sc9_cln40g_base_lvt_udp.v",
  484: token is 'udp_retn_pwr'
  primitive udp_retn_pwr (out, VDD, VSS, n2, n4, clk, xRN, xSN);
                        ^
  Current declaration will be ignored.


Warning-[WUPD] UDP previously declared
  UDP is previously declared: 
   "/home/daniel_kuo/CBDK_TSMC40_Arm_f2.0/CIC/Verilog/sc9_cln40g_base_lvt_udp.v",
  511: token is 'udp_rslat_out_PWR'
  primitive udp_rslat_out_PWR (out, r, s, VDD, VSS, NOTIFIER);
                             ^
  Current declaration will be ignored.


Warning-[WUPD] UDP previously declared
  UDP is previously declared: 
   "/home/daniel_kuo/CBDK_TSMC40_Arm_f2.0/CIC/Verilog/sc9_cln40g_base_lvt_udp.v",
  537: token is 'udp_o2lvluu_pp_or_vddi_vdd_vss'
  primitive udp_o2lvluu_pp_or_vddi_vdd_vss (y, a, b, vddi, vdd, vss);
                                          ^
  Current declaration will be ignored.


Warning-[WUPD] UDP previously declared
  UDP is previously declared: 
   "/home/daniel_kuo/CBDK_TSMC40_Arm_f2.0/CIC/Verilog/sc9_cln40g_base_lvt_udp.v",
  550: token is 'udp_ph2p'
  primitive udp_ph2p (LOUT, CLK1, CLK2, DATA1, DATA2, SET, RESET);
                    ^
  Current declaration will be ignored.


Warning-[WUPD] UDP previously declared
  UDP is previously declared: 
   "/home/daniel_kuo/CBDK_TSMC40_Arm_f2.0/CIC/Verilog/sc9_cln40g_base_lvt_udp.v",
  594: token is 'udp_mux'
  primitive udp_mux (out, in, s_in, s_sel);
                   ^
  Current declaration will be ignored.


Warning-[WUPD] UDP previously declared
  UDP is previously declared: 
   "/home/daniel_kuo/CBDK_TSMC40_Arm_f2.0/CIC/Verilog/sc9_cln40g_base_lvt_udp.v",
  612: token is 'udp_buf_pp'
  primitive udp_buf_pp (y, a, vddg, vssg);
                      ^
  Current declaration will be ignored.


Warning-[WUPD] UDP previously declared
  UDP is previously declared: 
   "/home/daniel_kuo/CBDK_TSMC40_Arm_f2.0/CIC/Verilog/sc9_cln40g_base_lvt_udp.v",
  625: token is 'udp_lv_pp_vddi_vdd_vss'
  primitive udp_lv_pp_vddi_vdd_vss (y, a, b, vddi, vdd, vss);
                                  ^
  Current declaration will be ignored.


Warning-[WUPD] UDP previously declared
  UDP is previously declared: 
   "/home/daniel_kuo/CBDK_TSMC40_Arm_f2.0/CIC/Verilog/sc9_cln40g_base_lvt_udp.v",
  640: token is 'udp_tlatrf2'
  primitive udp_tlatrf2 (out, in1, w1w, in2, w2w, NOTIFIER);
                       ^
  Current declaration will be ignored.


Warning-[WUPD] UDP previously declared
  UDP is previously declared: 
   "/home/daniel_kuo/CBDK_TSMC40_Arm_f2.0/CIC/Verilog/sc9_cln40g_base_lvt_udp.v",
  675: token is 'udp_tlatrf_PWR'
  primitive udp_tlatrf_PWR (out, in, ww, wwn, VDD, VSS, NOTIFIER);
                          ^
  Current declaration will be ignored.


Warning-[WUPD] UDP previously declared
  UDP is previously declared: 
   "/home/daniel_kuo/CBDK_TSMC40_Arm_f2.0/CIC/Verilog/sc9_cln40g_base_lvt_udp.v",
  703: token is 'udp_dff_PWR'
  primitive udp_dff_PWR (out, in, clk, clr_, set_, VDD, VSS, NOTIFIER);
                       ^
  Current declaration will be ignored.


Warning-[WUPD] UDP previously declared
  UDP is previously declared: 
   "/home/daniel_kuo/CBDK_TSMC40_Arm_f2.0/CIC/Verilog/sc9_cln40g_base_lvt_udp.v",
  732: token is 'udp_a2lvluu_pp_vddi_vdd_vss'
  primitive udp_a2lvluu_pp_vddi_vdd_vss (y, a, b, vddi, vdd, vss);
                                       ^
  Current declaration will be ignored.


Warning-[WUPD] UDP previously declared
  UDP is previously declared: 
   "/home/daniel_kuo/CBDK_TSMC40_Arm_f2.0/CIC/Verilog/sc9_cln40g_base_lvt_udp.v",
  746: token is 'udp_edff_PWR'
  primitive udp_edff_PWR (out, in, clk, clr_, set_, en, VDD, VSS, NOTIFIER);
                        ^
  Current declaration will be ignored.


Warning-[WUPD] UDP previously declared
  UDP is previously declared: 
   "/home/daniel_kuo/CBDK_TSMC40_Arm_f2.0/CIC/Verilog/sc9_cln40g_base_lvt_udp.v",
  782: token is 'udp_tlat_pwr'
  primitive udp_tlat_pwr (out, VDD, VSS, in, hold, clr_, set_, NOTIFIER);
                        ^
  Current declaration will be ignored.


Warning-[WUPD] UDP previously declared
  UDP is previously declared: 
   "/home/daniel_kuo/CBDK_TSMC40_Arm_f2.0/CIC/Verilog/sc9_cln40g_base_lvt_udp.v",
  812: token is 'udp_outrf'
  primitive udp_outrf (out, in, rwn, rw);
                     ^
  Current declaration will be ignored.


Warning-[WUPD] UDP previously declared
  UDP is previously declared: 
   "/home/daniel_kuo/CBDK_TSMC40_Arm_f2.0/CIC/Verilog/sc9_cln40g_base_lvt_udp.v",
  830: token is 'udp_and_pp'
  primitive udp_and_pp (y, a, b, vdd, vss);
                      ^
  Current declaration will be ignored.


Warning-[WUPD] UDP previously declared
  UDP is previously declared: 
   "/home/daniel_kuo/CBDK_TSMC40_Arm_f2.0/CIC/Verilog/sc9_cln40g_base_lvt_udp.v",
  845: token is 'udp_dffr2'
  primitive udp_dffr2 (out, d, ck, clr_, set_, pwr, notifier);
                     ^
  Current declaration will be ignored.


Warning-[WUPD] UDP previously declared
  UDP is previously declared: 
   "/home/daniel_kuo/CBDK_TSMC40_Arm_f2.0/CIC/Verilog/sc9_cln40g_base_lvt_udp.v",
  886: token is 'udp_dffr4'
  primitive udp_dffr4 (out, st1, st0, ck, retn);
                     ^
  Current declaration will be ignored.


Warning-[WUPD] UDP previously declared
  UDP is previously declared: 
   "/home/daniel_kuo/CBDK_TSMC40_Arm_f2.0/CIC/Verilog/sc9_cln40g_base_lvt_udp.v",
  904: token is 'udp_xprop'
  primitive udp_xprop (DOUT, DIN, NOTIFIER, RESET);
                     ^
  Current declaration will be ignored.


Warning-[WUPD] UDP previously declared
  UDP is previously declared: 
   "/home/daniel_kuo/CBDK_TSMC40_Arm_f2.0/CIC/Verilog/sc9_cln40g_base_lvt_udp.v",
  926: token is 'udp_lv_pp_vdd_vss'
  primitive udp_lv_pp_vdd_vss (y, a, b, vdd, vss);
                             ^
  Current declaration will be ignored.


Warning-[WUPD] UDP previously declared
  UDP is previously declared: 
   "/home/daniel_kuo/CBDK_TSMC40_Arm_f2.0/CIC/Verilog/sc9_cln40g_base_lvt_udp.v",
  939: token is 'udp_ph1p'
  primitive udp_ph1p (LOUT, CLK, DATA, SET, RESET);
                    ^
  Current declaration will be ignored.


Warning-[WUPD] UDP previously declared
  UDP is previously declared: 
   "/home/daniel_kuo/CBDK_TSMC40_Arm_f2.0/CIC/Verilog/sc9_cln40g_base_lvt_udp.v",
  968: token is 'udp_dffpower'
  primitive udp_dffpower (out, vdd, vss);
                        ^
  Current declaration will be ignored.


Warning-[WUPD] UDP previously declared
  UDP is previously declared: 
   "/home/daniel_kuo/CBDK_TSMC40_Arm_f2.0/CIC/Verilog/sc9_cln40g_base_lvt_udp.v",
  985: token is 'udp_rslat_out'
  primitive udp_rslat_out (out, r, s, NOTIFIER);
                         ^
  Current declaration will be ignored.


Warning-[WUPD] UDP previously declared
  UDP is previously declared: 
   "/home/daniel_kuo/CBDK_TSMC40_Arm_f2.0/CIC/Verilog/sc9_cln40g_base_lvt_udp.v",
  1008: token is 'udp_always0_pp'
  primitive udp_always0_pp (y, vddg, vssg);
                          ^
  Current declaration will be ignored.


Warning-[WUPD] UDP previously declared
  UDP is previously declared: 
   "/home/daniel_kuo/CBDK_TSMC40_Arm_f2.0/CIC/Verilog/sc9_cln40g_base_lvt_udp.v",
  1021: token is 'udp_edfft_PWR'
  primitive udp_edfft_PWR (out, in, clk, clr_, set_, en, VDD, VSS, NOTIFIER);
                         ^
  Current declaration will be ignored.


Warning-[WUPD] UDP previously declared
  UDP is previously declared: 
   "/home/daniel_kuo/CBDK_TSMC40_Arm_f2.0/CIC/Verilog/sc9_cln40g_base_lvt_udp.v",
  1061: token is 'udp_rslatn_out__PWR'
  primitive udp_rslatn_out__PWR (out_, r_, s_, VDD, VSS, NOTIFIER);
                               ^
  Current declaration will be ignored.


Warning-[WUPD] UDP previously declared
  UDP is previously declared: 
   "/home/daniel_kuo/CBDK_TSMC40_Arm_f2.0/CIC/Verilog/sc9_cln40g_base_lvt_udp.v",
  1089: token is 'udp_dff_ros'
  primitive udp_dff_ros (out, in, clk, clr_, set_, NOTIFIER);
                       ^
  Current declaration will be ignored.


Warning-[WUPD] UDP previously declared
  UDP is previously declared: 
   "/home/daniel_kuo/CBDK_TSMC40_Arm_f2.0/CIC/Verilog/sc9_cln40g_base_lvt_udp.v",
  1116: token is 'udp_rslatn_out_PWR'
  primitive udp_rslatn_out_PWR (out, r_, s_, VDD, VSS, NOTIFIER);
                              ^
  Current declaration will be ignored.


Warning-[WUPD] UDP previously declared
  UDP is previously declared: 
   "/home/daniel_kuo/CBDK_TSMC40_Arm_f2.0/CIC/Verilog/sc9_cln40g_base_lvt_udp.v",
  1149: token is 'udp_wao'
  primitive udp_wao (out, in1a, in1b, in2a, in2b);
                   ^
  Current declaration will be ignored.


Warning-[WUPD] UDP previously declared
  UDP is previously declared: 
   "/home/daniel_kuo/CBDK_TSMC40_Arm_f2.0/CIC/Verilog/sc9_cln40g_base_lvt_udp.v",
  1170: token is 'udp_mx21'
  primitive udp_mx21 (MUXOUT, SEL, DATA0, DATA1);
                    ^
  Current declaration will be ignored.


Warning-[WUPD] UDP previously declared
  UDP is previously declared: 
   "/home/daniel_kuo/CBDK_TSMC40_Arm_f2.0/CIC/Verilog/sc9_cln40g_base_lvt_udp.v",
  1189: token is 'udp_plat_PWR'
  primitive udp_plat_PWR (out, ovrd, clock, ena, VDD, VSS, NOTIFIER);
                        ^
  Current declaration will be ignored.


Warning-[WUPD] UDP previously declared
  UDP is previously declared: 
   "/home/daniel_kuo/CBDK_TSMC40_Arm_f2.0/CIC/Verilog/sc9_cln40g_base_lvt_udp.v",
  1211: token is 'udp_lvl_pp_vddi_vdd_vss'
  primitive udp_lvl_pp_vddi_vdd_vss (y, a, vddi, vdd, vss);
                                   ^
  Current declaration will be ignored.


Warning-[WUPD] UDP previously declared
  UDP is previously declared: 
   "/home/daniel_kuo/CBDK_TSMC40_Arm_f2.0/CIC/Verilog/sc9_cln40g_base_lvt_udp.v",
  1224: token is 'udp_tlatrf'
  primitive udp_tlatrf (out, in, ww, wwn, NOTIFIER);
                      ^
  Current declaration will be ignored.


Warning-[WUPD] UDP previously declared
  UDP is previously declared: 
   "/home/daniel_kuo/CBDK_TSMC40_Arm_f2.0/CIC/Verilog/sc9_cln40g_base_lvt_udp.v",
  1249: token is 'udp_power'
  primitive udp_power (out, out_temp, vdd, vss);
                     ^
  Current declaration will be ignored.


Warning-[WUPD] UDP previously declared
  UDP is previously declared: 
   "/home/daniel_kuo/CBDK_TSMC40_Arm_f2.0/CIC/Verilog/sc9_cln40g_base_lvt_udp.v",
  1264: token is 'udp_tlat_PWR'
  primitive udp_tlat_PWR (out, in, hold, clr_, set_, VDD, VSS, NOTIFIER);
                        ^
  Current declaration will be ignored.


Warning-[WUPD] UDP previously declared
  UDP is previously declared: 
   "/home/daniel_kuo/CBDK_TSMC40_Arm_f2.0/CIC/Verilog/sc9_cln40g_base_lvt_udp.v",
  1293: token is 'udp_dff'
  primitive udp_dff (out, in, clk, clr_, set_, NOTIFIER);
                   ^
  Current declaration will be ignored.


Warning-[WUPD] UDP previously declared
  UDP is previously declared: 
   "/home/daniel_kuo/CBDK_TSMC40_Arm_f2.0/CIC/Verilog/sc9_cln40g_base_lvt_udp.v",
  1318: token is 'udp_ph2p_pwr'
  primitive udp_ph2p_pwr (LOUT, VDD, VSS, CLK1, CLK2, DATA1, DATA2, SET, 
  RESET);
                        ^
  Current declaration will be ignored.


Warning-[WUPD] UDP previously declared
  UDP is previously declared: 
   "/home/daniel_kuo/CBDK_TSMC40_Arm_f2.0/CIC/Verilog/sc9_cln40g_base_lvt_udp.v",
  1360: token is 'udp_rslat_out__PWR'
  primitive udp_rslat_out__PWR (out_, r, s, VDD, VSS, NOTIFIER);
                              ^
  Current declaration will be ignored.


Warning-[WUPD] UDP previously declared
  UDP is previously declared: 
   "/home/daniel_kuo/CBDK_TSMC40_Arm_f2.0/CIC/Verilog/sc9_cln40g_base_lvt_udp.v",
  1387: token is 'udp_sedfft_PWR'
  primitive udp_sedfft_PWR (out, in, clk, clr_, si, se, en, VDD, VSS, 
  NOTIFIER);
                          ^
  Current declaration will be ignored.


Warning-[WUPD] UDP previously declared
  UDP is previously declared: 
   "/home/daniel_kuo/CBDK_TSMC40_Arm_f2.0/CIC/Verilog/sc9_cln40g_base_lvt_udp.v",
  1441: token is 'udp_edff'
  primitive udp_edff (out, in, clk, clr_, set_, en, NOTIFIER);
                    ^
  Current declaration will be ignored.


Warning-[WUPD] UDP previously declared
  UDP is previously declared: 
   "/home/daniel_kuo/CBDK_TSMC40_Arm_f2.0/CIC/Verilog/sc9_cln40g_base_lvt_udp.v",
  1474: token is 'udp_jkff_PWR'
  primitive udp_jkff_PWR (out, j, k, clk, clr_, set_, VDD, VSS, NOTIFIER);
                        ^
  Current declaration will be ignored.


Warning-[WUPD] UDP previously declared
  UDP is previously declared: 
   "/home/daniel_kuo/CBDK_TSMC40_Arm_f2.0/CIC/Verilog/sc9_cln40g_base_lvt_udp.v",
  1512: token is 'udp_retn'
  primitive udp_retn (out, n2, n4, clk, xRN, xSN);
                    ^
  Current declaration will be ignored.


Warning-[WUPD] UDP previously declared
  UDP is previously declared: 
   "/home/daniel_kuo/CBDK_TSMC40_Arm_f2.0/CIC/Verilog/sc9_cln40g_base_lvt_udp.v",
  1535: token is 'udp_lv_pp_or_vddi_vdd_vss'
  primitive udp_lv_pp_or_vddi_vdd_vss (y, a, b, vddi, vdd, vss);
                                     ^
  Current declaration will be ignored.


Warning-[WUPD] UDP previously declared
  UDP is previously declared: 
   "/home/daniel_kuo/CBDK_TSMC40_Arm_f2.0/CIC/Verilog/sc9_cln40g_base_lvt_udp.v",
  1549: token is 'udp_csa4to2_carry'
  primitive udp_csa4to2_carry(carry, a, b, c, ci, d);
                             ^
  Current declaration will be ignored.


Warning-[WUPD] UDP previously declared
  UDP is previously declared: 
   "/home/daniel_kuo/CBDK_TSMC40_Arm_f2.0/CIC/Verilog/sc9_cln40g_base_lvt_udp.v",
  1578: token is 'udp_sedff_PWR'
  primitive udp_sedff_PWR (out, in, clk, clr_, si, se, en, VDD, VSS, 
  NOTIFIER);
                         ^
  Current declaration will be ignored.


Warning-[WUPD] UDP previously declared
  UDP is previously declared: 
   "/home/daniel_kuo/CBDK_TSMC40_Arm_f2.0/CIC/Verilog/sc9_cln40g_base_lvt_udp.v",
  1634: token is 'udp_always1_pp'
  primitive udp_always1_pp (y, vddg, vssg);
                          ^
  Current declaration will be ignored.


Warning-[WUPD] UDP previously declared
  UDP is previously declared: 
   "/home/daniel_kuo/CBDK_TSMC40_Arm_f2.0/CIC/Verilog/sc9_cln40g_base_lvt_udp.v",
  1645: token is 'udp_ando_pp'
  primitive udp_ando_pp (y, a, b, vddo, vsso, vdd, vss);
                       ^
  Current declaration will be ignored.


Warning-[WUPD] UDP previously declared
  UDP is previously declared: 
   "/home/daniel_kuo/CBDK_TSMC40_Arm_f2.0/CIC/Verilog/sc9_cln40g_base_lvt_udp.v",
  1658: token is 'udp_lvl_pp_vdd_vss'
  primitive udp_lvl_pp_vdd_vss (y, a, vdd, vss);
                              ^
  Current declaration will be ignored.


Warning-[WUPD] UDP previously declared
  UDP is previously declared: 
   "/home/daniel_kuo/CBDK_TSMC40_Arm_f2.0/CIC/Verilog/sc9_cln40g_base_lvt_udp.v",
  1671: token is 'udp_sedffsr_PWR'
  primitive udp_sedffsr_PWR (out, in, clk, clr_, set_, si, se, en, VDD, VSS, 
  NOTIFIER);
                           ^
  Current declaration will be ignored.


Warning-[WUPD] UDP previously declared
  UDP is previously declared: 
   "/home/daniel_kuo/CBDK_TSMC40_Arm_f2.0/CIC/Verilog/sc9_cln40g_base_lvt_udp.v",
  1738: token is 'udp_tlat_ros'
  primitive udp_tlat_ros (out, in, hold, clr_, set_, NOTIFIER);
                        ^
  Current declaration will be ignored.


Warning-[WUPD] UDP previously declared
  UDP is previously declared: 
   "/home/daniel_kuo/CBDK_TSMC40_Arm_f2.0/CIC/Verilog/sc9_cln40g_base_lvt_udp.v",
  1764: token is 'udp_edfft'
  primitive udp_edfft (out, in, clk, clr_, set_, en, NOTIFIER);
                     ^
  Current declaration will be ignored.


Warning-[WUPD] UDP previously declared
  UDP is previously declared: 
   "/home/daniel_kuo/CBDK_TSMC40_Arm_f2.0/CIC/Verilog/sc9_cln40g_base_lvt_udp.v",
  1801: token is 'udp_rslatn_out_'
  primitive udp_rslatn_out_ (out_, r_, s_, NOTIFIER);
                           ^
  Current declaration will be ignored.


Warning-[WUPD] UDP previously declared
  UDP is previously declared: 
   "/home/daniel_kuo/CBDK_TSMC40_Arm_f2.0/CIC/Verilog/sc9_cln40g_base_lvt_udp.v",
  1825: token is 'udp_rslatn_out'
  primitive udp_rslatn_out (out, r_, s_, NOTIFIER);
                          ^
  Current declaration will be ignored.


Warning-[WUPD] UDP previously declared
  UDP is previously declared: 
   "/home/daniel_kuo/CBDK_TSMC40_Arm_f2.0/CIC/Verilog/sc9_cln40g_base_lvt_udp.v",
  1847: token is 'udp_oro_pp'
  primitive udp_oro_pp (y, a, b, vddo, vsso, vdd, vss);
                      ^
  Current declaration will be ignored.


Warning-[WUPD] UDP previously declared
  UDP is previously declared: 
   "/home/daniel_kuo/CBDK_TSMC40_Arm_f2.0/CIC/Verilog/sc9_cln40g_base_lvt_udp.v",
  1860: token is 'udp_not_pp'
  primitive udp_not_pp (y, a, vddg, vssg);
                      ^
  Current declaration will be ignored.


Warning-[WUPD] UDP previously declared
  UDP is previously declared: 
   "/home/daniel_kuo/CBDK_TSMC40_Arm_f2.0/CIC/Verilog/sc9_cln40g_base_lvt_udp.v",
  1875: token is 'udp_plat'
  primitive udp_plat (out, ovrd, clock, ena, NOTIFIER);
                    ^
  Current declaration will be ignored.


Warning-[WUPD] UDP previously declared
  UDP is previously declared: 
   "/home/daniel_kuo/CBDK_TSMC40_Arm_f2.0/CIC/Verilog/sc9_cln40g_base_lvt_udp.v",
  1893: token is 'udp_ph1p_pwr'
  primitive udp_ph1p_pwr (LOUT, VDD, VSS, CLK, DATA, SET, RESET);
                        ^
  Current declaration will be ignored.


Warning-[WUPD] UDP previously declared
  UDP is previously declared: 
   "/home/daniel_kuo/CBDK_TSMC40_Arm_f2.0/CIC/Verilog/sc9_cln40g_base_lvt_udp.v",
  1920: token is 'udp_xgen'
  primitive udp_xgen (out, in, en, e);
                    ^
  Current declaration will be ignored.


Warning-[WUPD] UDP previously declared
  UDP is previously declared: 
   "/home/daniel_kuo/CBDK_TSMC40_Arm_f2.0/CIC/Verilog/sc9_cln40g_base_lvt_udp.v",
  1943: token is 'udp_dffr1'
  primitive udp_dffr1 (out, in, clk, clr_, set_, retn, pwr, pwrg, NOTIFIER);
                     ^
  Current declaration will be ignored.

Parsing library file '/home/daniel_kuo/CBDK_TSMC40_Arm_f2.0/CIC/Verilog/sc9_cln40g_base_hvt_neg.v'
Top Level Modules:
       TESTBED
       A2SDFFQN_X0P5M_A9TR
       A2SDFFQN_X1M_A9TR
       A2SDFFQN_X2M_A9TR
       A2SDFFQN_X3M_A9TR
       A2SDFFQ_X0P5M_A9TR
       A2SDFFQ_X1M_A9TR
       A2SDFFQ_X2M_A9TR
       A2SDFFQ_X3M_A9TR
       A2SDFFQ_X4M_A9TR
       ADDFCIN_X1M_A9TR
       ADDFCIN_X1P4M_A9TR
       ADDFCIN_X2M_A9TR
       ADDFH_X1M_A9TR
       ADDFH_X1P4M_A9TR
       ADDFH_X2M_A9TR
       ADDF_X1P4M_A9TR
       ADDH_X1P4M_A9TR
       AND2_X0P5B_A9TR
       AND2_X0P7B_A9TR
       AND2_X11B_A9TR
       AND2_X11M_A9TR
       AND2_X1B_A9TR
       AND2_X2B_A9TR
       AND2_X3M_A9TR
       AND2_X4B_A9TR
       AND2_X6B_A9TR
       AND2_X6M_A9TR
       AND2_X8B_A9TR
       AND2_X8M_A9TR
       AND3_X0P5M_A9TR
       AND3_X0P7M_A9TR
       AND3_X11M_A9TR
       AND3_X1M_A9TR
       AND3_X1P4M_A9TR
       AND3_X2M_A9TR
       AND3_X3M_A9TR
       AND3_X4M_A9TR
       AND3_X6M_A9TR
       AND3_X8M_A9TR
       AND4_X0P5M_A9TR
       AND4_X0P7M_A9TR
       AND4_X1M_A9TR
       AND4_X1P4M_A9TR
       AND4_X2M_A9TR
       AND4_X3M_A9TR
       AND4_X4M_A9TR
       AND4_X6M_A9TR
       AND4_X8M_A9TR
       ANTENNA1_A9TR
       AO1B2_X0P5M_A9TR
       AO1B2_X0P7M_A9TR
       AO1B2_X1M_A9TR
       AO1B2_X1P4M_A9TR
       AO1B2_X3M_A9TR
       AO1B2_X4M_A9TR
       AO1B2_X6M_A9TR
       AO21A1AI2_X0P5M_A9TR
       AO21A1AI2_X1M_A9TR
       AO21A1AI2_X1P4M_A9TR
       AO21A1AI2_X2M_A9TR
       AO21A1AI2_X3M_A9TR
       AO21A1AI2_X4M_A9TR
       AO21A1AI2_X6M_A9TR
       AO21B_X1P4M_A9TR
       AO21B_X3M_A9TR
       AO21B_X4M_A9TR
       AO21B_X6M_A9TR
       AO21_X0P5M_A9TR
       AO21_X1P4M_A9TR
       AO21_X2M_A9TR
       AO21_X3M_A9TR
       AO21_X4M_A9TR
       AO21_X6M_A9TR
       AO22_X0P5M_A9TR
       AO22_X1P4M_A9TR
       AO22_X3M_A9TR
       AO22_X4M_A9TR
       AO22_X6M_A9TR
       AOI211_X0P5M_A9TR
       AOI211_X0P7M_A9TR
       AOI211_X1M_A9TR
       AOI211_X1P4M_A9TR
       AOI211_X2M_A9TR
       AOI211_X3M_A9TR
       AOI211_X4M_A9TR
       AOI21B_X0P5M_A9TR
       AOI21B_X0P7M_A9TR
       AOI21B_X1P4M_A9TR
       AOI21B_X2M_A9TR
       AOI21B_X3M_A9TR
       AOI21B_X4M_A9TR
       AOI21B_X6M_A9TR
       AOI21B_X8M_A9TR
       AOI21_X1P4M_A9TR
       AOI21_X4M_A9TR
       AOI21_X6M_A9TR
       AOI21_X8M_A9TR
       AOI221_X0P5M_A9TR
       AOI221_X1M_A9TR
       AOI221_X1P4M_A9TR
       AOI221_X2M_A9TR
       AOI221_X3M_A9TR
       AOI221_X4M_A9TR
       AOI222_X0P5M_A9TR
       AOI222_X1M_A9TR
       AOI222_X1P4M_A9TR
       AOI222_X2M_A9TR
       AOI222_X3M_A9TR
       AOI222_X4M_A9TR
       AOI22BB_X0P5M_A9TR
       AOI22BB_X0P7M_A9TR
       AOI22BB_X1P4M_A9TR
       AOI22BB_X3M_A9TR
       AOI22BB_X4M_A9TR
       AOI22BB_X6M_A9TR
       AOI22BB_X8M_A9TR
       AOI22_X0P5M_A9TR
       AOI22_X3M_A9TR
       AOI22_X4M_A9TR
       AOI22_X6M_A9TR
       AOI22_X8M_A9TR
       AOI2XB1_X0P5M_A9TR
       AOI2XB1_X0P7M_A9TR
       AOI2XB1_X1P4M_A9TR
       AOI2XB1_X2M_A9TR
       AOI2XB1_X3M_A9TR
       AOI2XB1_X4M_A9TR
       AOI2XB1_X6M_A9TR
       AOI2XB1_X8M_A9TR
       AOI31_X0P5M_A9TR
       AOI31_X0P7M_A9TR
       AOI31_X1M_A9TR
       AOI31_X1P4M_A9TR
       AOI31_X2M_A9TR
       AOI31_X3M_A9TR
       AOI31_X4M_A9TR
       AOI31_X6M_A9TR
       AOI32_X0P5M_A9TR
       AOI32_X0P7M_A9TR
       AOI32_X1M_A9TR
       AOI32_X1P4M_A9TR
       AOI32_X2M_A9TR
       AOI32_X3M_A9TR
       AOI32_X4M_A9TR
       AOI32_X6M_A9TR
       BENC_X11M_A9TR
       BENC_X16M_A9TR
       BENC_X2M_A9TR
       BENC_X3M_A9TR
       BENC_X4M_A9TR
       BENC_X6M_A9TR
       BENC_X8M_A9TR
       BMXIT_X0P7M_A9TR
       BMXIT_X1M_A9TR
       BMXIT_X1P4M_A9TR
       BMXIT_X2M_A9TR
       BMXT_X0P7M_A9TR
       BMXT_X1M_A9TR
       BMXT_X1P4M_A9TR
       BMXT_X2M_A9TR
       BUFH_X0P7M_A9TR
       BUFH_X0P8M_A9TR
       BUFH_X11M_A9TR
       BUFH_X13M_A9TR
       BUFH_X16M_A9TR
       BUFH_X1P2M_A9TR
       BUFH_X1P4M_A9TR
       BUFZ_X11M_A9TR
       BUFZ_X16M_A9TR
       BUFZ_X1M_A9TR
       BUFZ_X1P4M_A9TR
       BUFZ_X2M_A9TR
       BUFZ_X3M_A9TR
       BUFZ_X4M_A9TR
       BUFZ_X6M_A9TR
       BUFZ_X8M_A9TR
       BUF_X0P7B_A9TR
       BUF_X0P7M_A9TR
       BUF_X0P8B_A9TR
       BUF_X0P8M_A9TR
       BUF_X11B_A9TR
       BUF_X11M_A9TR
       BUF_X13B_A9TR
       BUF_X13M_A9TR
       BUF_X16B_A9TR
       BUF_X16M_A9TR
       BUF_X1P2B_A9TR
       BUF_X1P2M_A9TR
       BUF_X1P4M_A9TR
       BUF_X1P7B_A9TR
       BUF_X1P7M_A9TR
       BUF_X2B_A9TR
       BUF_X2P5B_A9TR
       BUF_X2P5M_A9TR
       BUF_X3B_A9TR
       BUF_X3P5B_A9TR
       BUF_X3P5M_A9TR
       BUF_X4B_A9TR
       BUF_X5B_A9TR
       BUF_X6B_A9TR
       BUF_X7P5B_A9TR
       BUF_X9B_A9TR
       BUF_X9M_A9TR
       CGENCIN_X1M_A9TR
       CGENCIN_X1P4M_A9TR
       CGENCIN_X2M_A9TR
       CGENCON_X1M_A9TR
       CGENCON_X1P4M_A9TR
       CGENCON_X2M_A9TR
       CGENI_X1M_A9TR
       CGENI_X1P4M_A9TR
       CGENI_X2M_A9TR
       CGEN_X1P4M_A9TR
       CGEN_X2M_A9TR
       CMPR42_X1M_A9TR
       CMPR42_X1P4M_A9TR
       CMPR42_X2M_A9TR
       DFFNQ_X1M_A9TR
       DFFNQ_X2M_A9TR
       DFFNQ_X3M_A9TR
       DFFNSRPQ_X1M_A9TR
       DFFNSRPQ_X2M_A9TR
       DFFNSRPQ_X3M_A9TR
       DFFQN_X0P5M_A9TR
       DFFQN_X1M_A9TR
       DFFQN_X2M_A9TR
       DFFQN_X3M_A9TR
       DFFQ_X0P5M_A9TR
       DFFQ_X1M_A9TR
       DFFQ_X2M_A9TR
       DFFQ_X3M_A9TR
       DFFQ_X4M_A9TR
       DFFRPQN_X0P5M_A9TR
       DFFRPQN_X1M_A9TR
       DFFRPQN_X2M_A9TR
       DFFRPQN_X3M_A9TR
       DFFRPQ_X0P5M_A9TR
       DFFSQN_X0P5M_A9TR
       DFFSQN_X1M_A9TR
       DFFSQN_X2M_A9TR
       DFFSQN_X3M_A9TR
       DFFSQ_X0P5M_A9TR
       DFFSQ_X1M_A9TR
       DFFSQ_X2M_A9TR
       DFFSQ_X3M_A9TR
       DFFSQ_X4M_A9TR
       DFFSRPQ_X0P5M_A9TR
       DFFSRPQ_X1M_A9TR
       DFFSRPQ_X2M_A9TR
       DFFSRPQ_X3M_A9TR
       DFFSRPQ_X4M_A9TR
       DLY2_X0P5M_A9TR
       DLY2_X1M_A9TR
       DLY4_X0P5M_A9TR
       DLY4_X1M_A9TR
       DLYCLK8S2_X1B_A9TR
       DLYCLK8S4_X1B_A9TR
       DLYCLK8S6_X1B_A9TR
       DLYCLK8S8_X1B_A9TR
       ENDCAPTIE3_A9TR
       ESDFFQN_X0P5M_A9TR
       ESDFFQN_X1M_A9TR
       ESDFFQN_X2M_A9TR
       ESDFFQN_X3M_A9TR
       ESDFFQ_X0P5M_A9TR
       ESDFFQ_X1M_A9TR
       ESDFFQ_X2M_A9TR
       ESDFFQ_X3M_A9TR
       FILL128_A9TR
       FILL16_A9TR
       FILL1_A9TR
       FILL2_A9TR
       FILL32_A9TR
       FILL4_A9TR
       FILL64_A9TR
       FILL8_A9TR
       FILLCAP128_A9TR
       FILLCAP16_A9TR
       FILLCAP32_A9TR
       FILLCAP4_A9TR
       FILLCAP64_A9TR
       FILLCAP8_A9TR
       FILLSGCAP128_A9TR
       FILLSGCAP16_A9TR
       FILLSGCAP32_A9TR
       FILLSGCAP4_A9TR
       FILLSGCAP64_A9TR
       FILLSGCAP8_A9TR
       FILLTIE128_A9TR
       FILLTIE16_A9TR
       FILLTIE32_A9TR
       FILLTIE3_A9TR
       FILLTIE4_A9TR
       FILLTIE64_A9TR
       FILLTIE8_A9TR
       FRICG_X0P5B_A9TR
       FRICG_X0P6B_A9TR
       FRICG_X0P7B_A9TR
       FRICG_X0P8B_A9TR
       FRICG_X11B_A9TR
       FRICG_X13B_A9TR
       FRICG_X16B_A9TR
       FRICG_X1B_A9TR
       FRICG_X1P2B_A9TR
       FRICG_X1P4B_A9TR
       FRICG_X1P7B_A9TR
       FRICG_X2B_A9TR
       FRICG_X2P5B_A9TR
       FRICG_X3B_A9TR
       FRICG_X3P5B_A9TR
       FRICG_X4B_A9TR
       FRICG_X5B_A9TR
       FRICG_X6B_A9TR
       FRICG_X7P5B_A9TR
       FRICG_X9B_A9TR
       INV_X0P5B_A9TR
       INV_X0P5M_A9TR
       INV_X0P7B_A9TR
       INV_X0P8B_A9TR
       INV_X0P8M_A9TR
       INV_X11B_A9TR
       INV_X13B_A9TR
       INV_X13M_A9TR
       INV_X16B_A9TR
       INV_X1P2B_A9TR
       INV_X1P4B_A9TR
       INV_X1P4M_A9TR
       INV_X2B_A9TR
       INV_X3B_A9TR
       INV_X3P5M_A9TR
       INV_X6B_A9TR
       INV_X7P5B_A9TR
       INV_X9B_A9TR
       LATNQN_X0P5M_A9TR
       LATNQN_X1M_A9TR
       LATNQN_X2M_A9TR
       LATNQN_X3M_A9TR
       LATNQN_X4M_A9TR
       LATNQ_X0P5M_A9TR
       LATNQ_X1M_A9TR
       LATNQ_X2M_A9TR
       LATNQ_X3M_A9TR
       LATNRPQN_X0P5M_A9TR
       LATNRPQN_X1M_A9TR
       LATNRPQN_X2M_A9TR
       LATNRPQN_X3M_A9TR
       LATNRPQN_X4M_A9TR
       LATNRQ_X0P5M_A9TR
       LATNRQ_X1M_A9TR
       LATNRQ_X2M_A9TR
       LATNRQ_X3M_A9TR
       LATNSPQ_X0P5M_A9TR
       LATNSPQ_X1M_A9TR
       LATNSPQ_X2M_A9TR
       LATNSPQ_X3M_A9TR
       LATNSQN_X0P5M_A9TR
       LATNSQN_X1M_A9TR
       LATNSQN_X2M_A9TR
       LATNSQN_X3M_A9TR
       LATNSQN_X4M_A9TR
       LATQN_X0P5M_A9TR
       LATQN_X1M_A9TR
       LATQN_X2M_A9TR
       LATQN_X3M_A9TR
       LATQN_X4M_A9TR
       LATQ_X0P5M_A9TR
       LATQ_X1M_A9TR
       LATQ_X2M_A9TR
       LATQ_X3M_A9TR
       LATRPQN_X0P5M_A9TR
       LATRPQN_X1M_A9TR
       LATRPQN_X2M_A9TR
       LATRPQN_X3M_A9TR
       LATRPQN_X4M_A9TR
       LATRQ_X0P5M_A9TR
       LATRQ_X1M_A9TR
       LATRQ_X2M_A9TR
       LATRQ_X3M_A9TR
       LATSPQ_X0P5M_A9TR
       LATSPQ_X1M_A9TR
       LATSPQ_X2M_A9TR
       LATSPQ_X3M_A9TR
       LATSQN_X0P5M_A9TR
       LATSQN_X1M_A9TR
       LATSQN_X2M_A9TR
       LATSQN_X3M_A9TR
       LATSQN_X4M_A9TR
       M2SDFFQN_X0P5M_A9TR
       M2SDFFQN_X1M_A9TR
       M2SDFFQN_X2M_A9TR
       M2SDFFQN_X3M_A9TR
       M2SDFFQ_X0P5M_A9TR
       M2SDFFQ_X1M_A9TR
       M2SDFFQ_X2M_A9TR
       M2SDFFQ_X3M_A9TR
       M2SDFFQ_X4M_A9TR
       MX2_X0P5B_A9TR
       MX2_X0P7B_A9TR
       MX2_X1B_A9TR
       MX2_X1P4B_A9TR
       MX2_X2B_A9TR
       MX2_X3B_A9TR
       MX2_X4B_A9TR
       MX2_X6B_A9TR
       MX2_X8B_A9TR
       MXGL2_X0P5B_A9TR
       MXGL2_X0P7B_A9TR
       MXGL2_X1B_A9TR
       MXGL2_X1P4B_A9TR
       MXGL2_X2B_A9TR
       MXGL2_X3B_A9TR
       MXGL2_X4B_A9TR
       MXGL2_X6B_A9TR
       MXIT2_X0P7M_A9TR
       MXIT2_X1M_A9TR
       MXIT2_X1P4M_A9TR
       MXIT2_X2M_A9TR
       MXIT2_X4M_A9TR
       MXIT4_X0P5M_A9TR
       MXIT4_X0P7M_A9TR
       MXIT4_X1M_A9TR
       MXIT4_X1P4M_A9TR
       MXIT4_X2M_A9TR
       MXIT4_X3M_A9TR
       MXT2_X0P5B_A9TR
       MXT2_X0P5M_A9TR
       MXT2_X0P7B_A9TR
       MXT2_X0P7M_A9TR
       MXT2_X1B_A9TR
       MXT2_X1M_A9TR
       MXT2_X1P4B_A9TR
       MXT2_X2B_A9TR
       MXT2_X3B_A9TR
       MXT2_X3M_A9TR
       MXT2_X4B_A9TR
       MXT2_X4M_A9TR
       MXT2_X6B_A9TR
       MXT2_X6M_A9TR
       MXT4_X0P5M_A9TR
       MXT4_X0P7M_A9TR
       MXT4_X1M_A9TR
       MXT4_X1P4M_A9TR
       MXT4_X2M_A9TR
       MXT4_X3M_A9TR
       NAND2B_X0P7M_A9TR
       NAND2B_X1M_A9TR
       NAND2B_X1P4M_A9TR
       NAND2B_X4M_A9TR
       NAND2B_X6M_A9TR
       NAND2B_X8M_A9TR
       NAND2XB_X0P5M_A9TR
       NAND2XB_X1P4M_A9TR
       NAND2XB_X4M_A9TR
       NAND2XB_X6M_A9TR
       NAND2XB_X8M_A9TR
       NAND2_X0P5B_A9TR
       NAND2_X0P5M_A9TR
       NAND2_X0P7B_A9TR
       NAND2_X0P7M_A9TR
       NAND2_X1M_A9TR
       NAND2_X1P4A_A9TR
       NAND2_X1P4B_A9TR
       NAND2_X1P4M_A9TR
       NAND2_X2A_A9TR
       NAND2_X2M_A9TR
       NAND2_X3A_A9TR
       NAND2_X3M_A9TR
       NAND2_X4A_A9TR
       NAND2_X4B_A9TR
       NAND2_X4M_A9TR
       NAND2_X6A_A9TR
       NAND2_X6B_A9TR
       NAND2_X6M_A9TR
       NAND2_X8A_A9TR
       NAND2_X8B_A9TR
       NAND2_X8M_A9TR
       NAND3BB_X0P5M_A9TR
       NAND3BB_X0P7M_A9TR
       NAND3BB_X1P4M_A9TR
       NAND3BB_X2M_A9TR
       NAND3BB_X3M_A9TR
       NAND3BB_X4M_A9TR
       NAND3BB_X6M_A9TR
       NAND3BB_X8M_A9TR
       NAND3B_X0P5M_A9TR
       NAND3B_X0P7M_A9TR
       NAND3B_X1M_A9TR
       NAND3B_X1P4M_A9TR
       NAND3B_X2M_A9TR
       NAND3B_X3M_A9TR
       NAND3B_X4M_A9TR
       NAND3B_X6M_A9TR
       NAND3XXB_X0P5M_A9TR
       NAND3XXB_X0P7M_A9TR
       NAND3XXB_X1M_A9TR
       NAND3XXB_X1P4M_A9TR
       NAND3XXB_X2M_A9TR
       NAND3XXB_X3M_A9TR
       NAND3XXB_X4M_A9TR
       NAND3XXB_X6M_A9TR
       NAND3_X0P5A_A9TR
       NAND3_X0P5M_A9TR
       NAND3_X0P7A_A9TR
       NAND3_X0P7M_A9TR
       NAND3_X1M_A9TR
       NAND3_X1P4A_A9TR
       NAND3_X1P4M_A9TR
       NAND3_X2A_A9TR
       NAND3_X2M_A9TR
       NAND3_X3A_A9TR
       NAND3_X3M_A9TR
       NAND3_X4A_A9TR
       NAND3_X4M_A9TR
       NAND3_X6A_A9TR
       NAND3_X6M_A9TR
       NAND4BB_X0P5M_A9TR
       NAND4BB_X0P7M_A9TR
       NAND4BB_X1P4M_A9TR
       NAND4BB_X2M_A9TR
       NAND4BB_X3M_A9TR
       NAND4BB_X4M_A9TR
       NAND4BB_X6M_A9TR
       NAND4B_X0P5M_A9TR
       NAND4B_X0P7M_A9TR
       NAND4B_X1M_A9TR
       NAND4B_X1P4M_A9TR
       NAND4B_X2M_A9TR
       NAND4B_X3M_A9TR
       NAND4B_X4M_A9TR
       NAND4XXXB_X0P5M_A9TR
       NAND4XXXB_X0P7M_A9TR
       NAND4XXXB_X1M_A9TR
       NAND4XXXB_X1P4M_A9TR
       NAND4XXXB_X2M_A9TR
       NAND4XXXB_X3M_A9TR
       NAND4XXXB_X4M_A9TR
       NAND4_X0P5A_A9TR
       NAND4_X0P5M_A9TR
       NAND4_X0P7A_A9TR
       NAND4_X0P7M_A9TR
       NAND4_X1M_A9TR
       NAND4_X1P4A_A9TR
       NAND4_X1P4M_A9TR
       NAND4_X2A_A9TR
       NAND4_X2M_A9TR
       NAND4_X3A_A9TR
       NAND4_X3M_A9TR
       NAND4_X4A_A9TR
       NAND4_X4M_A9TR
       NOR2B_X0P5M_A9TR
       NOR2B_X1P4M_A9TR
       NOR2B_X2M_A9TR
       NOR2B_X4M_A9TR
       NOR2B_X6M_A9TR
       NOR2B_X8M_A9TR
       NOR2XB_X4M_A9TR
       NOR2XB_X6M_A9TR
       NOR2XB_X8M_A9TR
       NOR2_X0P5A_A9TR
       NOR2_X0P5M_A9TR
       NOR2_X0P7A_A9TR
       NOR2_X0P7B_A9TR
       NOR2_X1B_A9TR
       NOR2_X1P4A_A9TR
       NOR2_X1P4B_A9TR
       NOR2_X6A_A9TR
       NOR2_X6B_A9TR
       NOR2_X6M_A9TR
       NOR2_X8A_A9TR
       NOR2_X8B_A9TR
       NOR2_X8M_A9TR
       NOR3BB_X0P5M_A9TR
       NOR3BB_X1P4M_A9TR
       NOR3BB_X2M_A9TR
       NOR3BB_X3M_A9TR
       NOR3BB_X4M_A9TR
       NOR3BB_X6M_A9TR
       NOR3BB_X8M_A9TR
       NOR3_X0P5A_A9TR
       NOR3_X0P5M_A9TR
       NOR3_X0P7A_A9TR
       NOR3_X0P7M_A9TR
       NOR3_X1A_A9TR
       NOR3_X1M_A9TR
       NOR3_X1P4A_A9TR
       NOR3_X1P4M_A9TR
       NOR3_X2A_A9TR
       NOR3_X2M_A9TR
       NOR3_X3A_A9TR
       NOR3_X3M_A9TR
       NOR3_X4A_A9TR
       NOR3_X4M_A9TR
       NOR4BB_X0P5M_A9TR
       NOR4BB_X0P7M_A9TR
       NOR4BB_X1M_A9TR
       NOR4BB_X1P4M_A9TR
       NOR4BB_X2M_A9TR
       NOR4BB_X3M_A9TR
       NOR4BB_X4M_A9TR
       OA1B2_X0P5M_A9TR
       OA1B2_X0P7M_A9TR
       OA1B2_X1M_A9TR
       OA1B2_X1P4M_A9TR
       OA1B2_X2M_A9TR
       OA1B2_X3M_A9TR
       OA1B2_X4M_A9TR
       OA1B2_X6M_A9TR
       OA1B2_X8M_A9TR
       OA211_X0P5M_A9TR
       OA211_X0P7M_A9TR
       OA211_X1M_A9TR
       OA211_X1P4M_A9TR
       OA211_X2M_A9TR
       OA211_X3M_A9TR
       OA211_X4M_A9TR
       OA211_X6M_A9TR
       OA21A1OI2_X0P5M_A9TR
       OA21A1OI2_X0P7M_A9TR
       OA21A1OI2_X1M_A9TR
       OA21A1OI2_X1P4M_A9TR
       OA21A1OI2_X2M_A9TR
       OA21A1OI2_X3M_A9TR
       OA21A1OI2_X4M_A9TR
       OA21A1OI2_X6M_A9TR
       OA21B_X0P5M_A9TR
       OA21B_X0P7M_A9TR
       OA21B_X1P4M_A9TR
       OA21B_X3M_A9TR
       OA21B_X4M_A9TR
       OA21B_X6M_A9TR
       OA21B_X8M_A9TR
       OA21_X0P5M_A9TR
       OA21_X0P7M_A9TR
       OA21_X1P4M_A9TR
       OA21_X2M_A9TR
       OA21_X3M_A9TR
       OA21_X6M_A9TR
       OA21_X8M_A9TR
       OA22_X0P5M_A9TR
       OA22_X0P7M_A9TR
       OA22_X1P4M_A9TR
       OA22_X2M_A9TR
       OA22_X3M_A9TR
       OA22_X4M_A9TR
       OA22_X6M_A9TR
       OA22_X8M_A9TR
       OAI211_X0P5M_A9TR
       OAI211_X0P7M_A9TR
       OAI211_X1P4M_A9TR
       OAI211_X2M_A9TR
       OAI211_X3M_A9TR
       OAI211_X4M_A9TR
       OAI21B_X0P5M_A9TR
       OAI21B_X0P7M_A9TR
       OAI21B_X1M_A9TR
       OAI21B_X1P4M_A9TR
       OAI21B_X2M_A9TR
       OAI21B_X3M_A9TR
       OAI21B_X4M_A9TR
       OAI21B_X6M_A9TR
       OAI21B_X8M_A9TR
       OAI21_X0P5M_A9TR
       OAI21_X4M_A9TR
       OAI21_X6M_A9TR
       OAI21_X8M_A9TR
       OAI221_X0P5M_A9TR
       OAI221_X0P7M_A9TR
       OAI221_X1P4M_A9TR
       OAI221_X2M_A9TR
       OAI221_X3M_A9TR
       OAI221_X4M_A9TR
       OAI222_X0P5M_A9TR
       OAI222_X0P7M_A9TR
       OAI222_X1M_A9TR
       OAI222_X1P4M_A9TR
       OAI222_X2M_A9TR
       OAI222_X3M_A9TR
       OAI222_X4M_A9TR
       OAI22BB_X0P5M_A9TR
       OAI22BB_X0P7M_A9TR
       OAI22BB_X1M_A9TR
       OAI22BB_X3M_A9TR
       OAI22BB_X4M_A9TR
       OAI22BB_X6M_A9TR
       OAI22BB_X8M_A9TR
       OAI22_X4M_A9TR
       OAI22_X6M_A9TR
       OAI22_X8M_A9TR
       OAI2XB1_X0P5M_A9TR
       OAI2XB1_X0P7M_A9TR
       OAI2XB1_X1P4M_A9TR
       OAI2XB1_X4M_A9TR
       OAI2XB1_X8M_A9TR
       OAI31_X0P5M_A9TR
       OAI31_X0P7M_A9TR
       OAI31_X1M_A9TR
       OAI31_X1P4M_A9TR
       OAI31_X2M_A9TR
       OAI31_X3M_A9TR
       OAI31_X4M_A9TR
       OAI31_X6M_A9TR
       OR2_X0P5B_A9TR
       OR2_X0P7B_A9TR
       OR2_X11B_A9TR
       OR2_X11M_A9TR
       OR2_X1P4B_A9TR
       OR2_X2M_A9TR
       OR2_X3B_A9TR
       OR2_X4B_A9TR
       OR2_X4M_A9TR
       OR2_X6B_A9TR
       OR2_X6M_A9TR
       OR2_X8B_A9TR
       OR2_X8M_A9TR
       OR3_X0P5M_A9TR
       OR3_X0P7M_A9TR
       OR3_X1M_A9TR
       OR3_X1P4M_A9TR
       OR3_X2M_A9TR
       OR3_X3M_A9TR
       OR3_X4M_A9TR
       OR3_X6M_A9TR
       OR3_X8M_A9TR
       OR4_X0P5M_A9TR
       OR4_X0P7M_A9TR
       OR4_X1M_A9TR
       OR4_X1P4M_A9TR
       OR4_X2M_A9TR
       OR4_X3M_A9TR
       OR4_X4M_A9TR
       OR4_X6M_A9TR
       OR4_X8M_A9TR
       OR6_X0P5M_A9TR
       OR6_X0P7M_A9TR
       OR6_X1M_A9TR
       OR6_X1P4M_A9TR
       OR6_X2M_A9TR
       OR6_X3M_A9TR
       OR6_X4M_A9TR
       OR6_X6M_A9TR
       POSTICG_X0P5B_A9TR
       POSTICG_X0P6B_A9TR
       POSTICG_X0P7B_A9TR
       POSTICG_X0P8B_A9TR
       POSTICG_X11B_A9TR
       POSTICG_X13B_A9TR
       POSTICG_X16B_A9TR
       POSTICG_X1B_A9TR
       POSTICG_X1P2B_A9TR
       POSTICG_X1P4B_A9TR
       POSTICG_X1P7B_A9TR
       POSTICG_X2B_A9TR
       POSTICG_X2P5B_A9TR
       POSTICG_X3B_A9TR
       POSTICG_X3P5B_A9TR
       POSTICG_X4B_A9TR
       POSTICG_X5B_A9TR
       POSTICG_X6B_A9TR
       POSTICG_X7P5B_A9TR
       POSTICG_X9B_A9TR
       PREICG_X0P5B_A9TR
       PREICG_X0P6B_A9TR
       PREICG_X0P7B_A9TR
       PREICG_X0P8B_A9TR
       PREICG_X11B_A9TR
       PREICG_X13B_A9TR
       PREICG_X16B_A9TR
       PREICG_X1B_A9TR
       PREICG_X1P2B_A9TR
       PREICG_X1P4B_A9TR
       PREICG_X1P7B_A9TR
       PREICG_X2B_A9TR
       PREICG_X2P5B_A9TR
       PREICG_X3B_A9TR
       PREICG_X3P5B_A9TR
       PREICG_X4B_A9TR
       PREICG_X5B_A9TR
       PREICG_X6B_A9TR
       PREICG_X7P5B_A9TR
       PREICG_X9B_A9TR
       RF1R1WS_X1M_A9TR
       RF1R1WS_X1P4M_A9TR
       RF1R1WS_X2M_A9TR
       RF1R2WS_X1M_A9TR
       RF1R2WS_X1P4M_A9TR
       RF1R2WS_X2M_A9TR
       RF2R1WS_X1M_A9TR
       RF2R1WS_X1P4M_A9TR
       RF2R1WS_X2M_A9TR
       RF2R2WS_X1M_A9TR
       RF2R2WS_X1P4M_A9TR
       RF2R2WS_X2M_A9TR
       SDFFNQ_X1M_A9TR
       SDFFNQ_X2M_A9TR
       SDFFNQ_X3M_A9TR
       SDFFNRPQ_X1M_A9TR
       SDFFNRPQ_X2M_A9TR
       SDFFNRPQ_X3M_A9TR
       SDFFNSQ_X1M_A9TR
       SDFFNSQ_X2M_A9TR
       SDFFNSQ_X3M_A9TR
       SDFFNSRPQ_X1M_A9TR
       SDFFNSRPQ_X2M_A9TR
       SDFFNSRPQ_X3M_A9TR
       SDFFQN_X0P5M_A9TR
       SDFFQN_X1M_A9TR
       SDFFQN_X2M_A9TR
       SDFFQN_X3M_A9TR
       SDFFQ_X0P5M_A9TR
       SDFFQ_X1M_A9TR
       SDFFQ_X2M_A9TR
       SDFFQ_X3M_A9TR
       SDFFQ_X4M_A9TR
       SDFFRPQN_X0P5M_A9TR
       SDFFRPQN_X1M_A9TR
       SDFFRPQN_X2M_A9TR
       SDFFRPQN_X3M_A9TR
       SDFFRPQ_X0P5M_A9TR
       SDFFRPQ_X1M_A9TR
       SDFFRPQ_X2M_A9TR
       SDFFRPQ_X3M_A9TR
       SDFFRPQ_X4M_A9TR
       SDFFSQN_X0P5M_A9TR
       SDFFSQN_X1M_A9TR
       SDFFSQN_X2M_A9TR
       SDFFSQN_X3M_A9TR
       SDFFSQ_X0P5M_A9TR
       SDFFSQ_X1M_A9TR
       SDFFSQ_X2M_A9TR
       SDFFSQ_X3M_A9TR
       SDFFSQ_X4M_A9TR
       SDFFSRPQ_X0P5M_A9TR
       SDFFSRPQ_X1M_A9TR
       SDFFSRPQ_X2M_A9TR
       SDFFSRPQ_X3M_A9TR
       SDFFSRPQ_X4M_A9TR
       SDFFYQ_X1M_A9TR
       SDFFYQ_X2M_A9TR
       SDFFYQ_X3M_A9TR
       SDFFYQ_X4M_A9TR
       TIEHI_X1M_A9TR
       TIELO_X1M_A9TR
       XNOR2_X4M_A9TR
       XNOR3_X0P5M_A9TR
       XNOR3_X0P7M_A9TR
       XNOR3_X1M_A9TR
       XNOR3_X1P4M_A9TR
       XNOR3_X2M_A9TR
       XNOR3_X3M_A9TR
       XNOR3_X4M_A9TR
       XOR2_X4M_A9TR
       XOR3_X0P5M_A9TR
       XOR3_X0P7M_A9TR
       XOR3_X2M_A9TR
       XOR3_X3M_A9TR
       XOR3_X4M_A9TR
       A2SDFFQN_X0P5M_A9TL
       A2SDFFQN_X1M_A9TL
       A2SDFFQN_X2M_A9TL
       A2SDFFQN_X3M_A9TL
       A2SDFFQ_X0P5M_A9TL
       A2SDFFQ_X1M_A9TL
       A2SDFFQ_X2M_A9TL
       A2SDFFQ_X3M_A9TL
       A2SDFFQ_X4M_A9TL
       ADDFCIN_X1M_A9TL
       ADDFCIN_X1P4M_A9TL
       ADDFCIN_X2M_A9TL
       ADDFH_X1M_A9TL
       AND2_X0P5B_A9TL
       AND2_X0P7B_A9TL
       AND2_X11M_A9TL
       AND2_X3M_A9TL
       AND2_X6M_A9TL
       AND2_X8M_A9TL
       AND3_X0P5M_A9TL
       AND3_X0P7M_A9TL
       AND3_X11M_A9TL
       AND3_X1M_A9TL
       AND3_X2M_A9TL
       AND3_X6M_A9TL
       AND3_X8M_A9TL
       AND4_X0P5M_A9TL
       AND4_X0P7M_A9TL
       AND4_X1M_A9TL
       AND4_X1P4M_A9TL
       AND4_X2M_A9TL
       AND4_X3M_A9TL
       AND4_X6M_A9TL
       AND4_X8M_A9TL
       ANTENNA1_A9TL
       AO1B2_X0P5M_A9TL
       AO1B2_X0P7M_A9TL
       AO1B2_X1M_A9TL
       AO1B2_X1P4M_A9TL
       AO1B2_X3M_A9TL
       AO21A1AI2_X0P5M_A9TL
       AO21A1AI2_X0P7M_A9TL
       AO21A1AI2_X1P4M_A9TL
       AO21B_X1P4M_A9TL
       AO21B_X6M_A9TL
       AO21_X0P5M_A9TL
       AO21_X1P4M_A9TL
       AO21_X3M_A9TL
       AO21_X4M_A9TL
       AO21_X6M_A9TL
       AO22_X0P5M_A9TL
       AO22_X1P4M_A9TL
       AO22_X4M_A9TL
       AO22_X6M_A9TL
       AOI211_X0P5M_A9TL
       AOI211_X0P7M_A9TL
       AOI211_X1M_A9TL
       AOI211_X1P4M_A9TL
       AOI211_X2M_A9TL
       AOI211_X3M_A9TL
       AOI211_X4M_A9TL
       AOI21B_X0P5M_A9TL
       AOI21B_X0P7M_A9TL
       AOI21B_X1P4M_A9TL
       AOI21B_X8M_A9TL
       AOI21_X0P5M_A9TL
       AOI221_X0P5M_A9TL
       AOI221_X1M_A9TL
       AOI221_X1P4M_A9TL
       AOI221_X2M_A9TL
       AOI221_X3M_A9TL
       AOI221_X4M_A9TL
       AOI222_X0P5M_A9TL
       AOI222_X0P7M_A9TL
       AOI222_X1M_A9TL
       AOI222_X1P4M_A9TL
       AOI222_X2M_A9TL
       AOI222_X3M_A9TL
       AOI22BB_X0P5M_A9TL
       AOI22BB_X6M_A9TL
       AOI22BB_X8M_A9TL
       AOI22_X0P5M_A9TL
       AOI22_X8M_A9TL
       AOI2XB1_X0P5M_A9TL
       AOI2XB1_X0P7M_A9TL
       AOI2XB1_X8M_A9TL
       AOI31_X0P5M_A9TL
       AOI31_X0P7M_A9TL
       AOI31_X1M_A9TL
       AOI31_X1P4M_A9TL
       AOI31_X4M_A9TL
       AOI32_X0P5M_A9TL
       AOI32_X0P7M_A9TL
       AOI32_X1M_A9TL
       AOI32_X1P4M_A9TL
       AOI32_X2M_A9TL
       AOI32_X3M_A9TL
       AOI32_X4M_A9TL
       AOI32_X6M_A9TL
       BENC_X11M_A9TL
       BENC_X16M_A9TL
       BENC_X2M_A9TL
       BENC_X3M_A9TL
       BENC_X4M_A9TL
       BENC_X6M_A9TL
       BENC_X8M_A9TL
       BMXIT_X0P7M_A9TL
       BMXIT_X1M_A9TL
       BMXIT_X1P4M_A9TL
       BMXIT_X2M_A9TL
       BMXT_X0P7M_A9TL
       BMXT_X1M_A9TL
       BMXT_X1P4M_A9TL
       BMXT_X2M_A9TL
       BUFH_X0P7M_A9TL
       BUFH_X0P8M_A9TL
       BUFH_X11M_A9TL
       BUFH_X16M_A9TL
       BUFH_X1M_A9TL
       BUFH_X1P2M_A9TL
       BUFH_X1P4M_A9TL
       BUFH_X4M_A9TL
       BUFZ_X11M_A9TL
       BUFZ_X16M_A9TL
       BUFZ_X1M_A9TL
       BUFZ_X1P4M_A9TL
       BUFZ_X2M_A9TL
       BUFZ_X3M_A9TL
       BUFZ_X4M_A9TL
       BUFZ_X6M_A9TL
       BUFZ_X8M_A9TL
       BUF_X0P7B_A9TL
       BUF_X0P7M_A9TL
       BUF_X0P8B_A9TL
       BUF_X0P8M_A9TL
       BUF_X11B_A9TL
       BUF_X11M_A9TL
       BUF_X13B_A9TL
       BUF_X13M_A9TL
       BUF_X16B_A9TL
       BUF_X16M_A9TL
       BUF_X1B_A9TL
       BUF_X1M_A9TL
       BUF_X1P2B_A9TL
       BUF_X1P2M_A9TL
       BUF_X1P4B_A9TL
       BUF_X1P4M_A9TL
       BUF_X1P7B_A9TL
       BUF_X1P7M_A9TL
       BUF_X2B_A9TL
       BUF_X2P5B_A9TL
       BUF_X2P5M_A9TL
       BUF_X3B_A9TL
       BUF_X3P5B_A9TL
       BUF_X4B_A9TL
       BUF_X4M_A9TL
       BUF_X5B_A9TL
       BUF_X6B_A9TL
       BUF_X7P5B_A9TL
       BUF_X9B_A9TL
       CGENCIN_X1M_A9TL
       CGENCIN_X1P4M_A9TL
       CGENCIN_X2M_A9TL
       CGENCON_X1M_A9TL
       CGENCON_X1P4M_A9TL
       CGENCON_X2M_A9TL
       CGENI_X1P4M_A9TL
       CMPR42_X1M_A9TL
       CMPR42_X1P4M_A9TL
       CMPR42_X2M_A9TL
       DFFNQ_X1M_A9TL
       DFFNQ_X2M_A9TL
       DFFNQ_X3M_A9TL
       DFFNSRPQ_X1M_A9TL
       DFFNSRPQ_X2M_A9TL
       DFFNSRPQ_X3M_A9TL
       DFFQN_X0P5M_A9TL
       DFFQN_X1M_A9TL
       DFFQN_X2M_A9TL
       DFFQN_X3M_A9TL
       DFFQ_X0P5M_A9TL
       DFFQ_X1M_A9TL
       DFFQ_X2M_A9TL
       DFFQ_X3M_A9TL
       DFFQ_X4M_A9TL
       DFFRPQN_X0P5M_A9TL
       DFFRPQN_X2M_A9TL
       DFFRPQN_X3M_A9TL
       DFFRPQ_X0P5M_A9TL
       DFFSQN_X0P5M_A9TL
       DFFSQN_X1M_A9TL
       DFFSQN_X2M_A9TL
       DFFSQ_X0P5M_A9TL
       DFFSQ_X1M_A9TL
       DFFSQ_X2M_A9TL
       DFFSQ_X3M_A9TL
       DFFSQ_X4M_A9TL
       DFFSRPQ_X0P5M_A9TL
       DFFSRPQ_X1M_A9TL
       DFFSRPQ_X2M_A9TL
       DFFSRPQ_X3M_A9TL
       DFFSRPQ_X4M_A9TL
       DLY2_X0P5M_A9TL
       DLY2_X1M_A9TL
       DLY4_X0P5M_A9TL
       DLY4_X1M_A9TL
       DLYCLK8S2_X1B_A9TL
       DLYCLK8S4_X1B_A9TL
       DLYCLK8S6_X1B_A9TL
       DLYCLK8S8_X1B_A9TL
       ENDCAPTIE3_A9TL
       ESDFFQN_X0P5M_A9TL
       ESDFFQN_X1M_A9TL
       ESDFFQN_X2M_A9TL
       ESDFFQN_X3M_A9TL
       ESDFFQ_X0P5M_A9TL
       ESDFFQ_X1M_A9TL
       ESDFFQ_X2M_A9TL
       ESDFFQ_X3M_A9TL
       FILL128_A9TL
       FILL16_A9TL
       FILL1_A9TL
       FILL2_A9TL
       FILL32_A9TL
       FILL4_A9TL
       FILL64_A9TL
       FILL8_A9TL
       FILLCAP128_A9TL
       FILLCAP16_A9TL
       FILLCAP32_A9TL
       FILLCAP4_A9TL
       FILLCAP64_A9TL
       FILLCAP8_A9TL
       FILLSGCAP128_A9TL
       FILLSGCAP16_A9TL
       FILLSGCAP32_A9TL
       FILLSGCAP4_A9TL
       FILLSGCAP64_A9TL
       FILLSGCAP8_A9TL
       FILLTIE128_A9TL
       FILLTIE16_A9TL
       FILLTIE32_A9TL
       FILLTIE3_A9TL
       FILLTIE4_A9TL
       FILLTIE64_A9TL
       FILLTIE8_A9TL
       FRICG_X0P5B_A9TL
       FRICG_X0P6B_A9TL
       FRICG_X0P7B_A9TL
       FRICG_X0P8B_A9TL
       FRICG_X11B_A9TL
       FRICG_X13B_A9TL
       FRICG_X16B_A9TL
       FRICG_X1B_A9TL
       FRICG_X1P2B_A9TL
       FRICG_X1P4B_A9TL
       FRICG_X1P7B_A9TL
       FRICG_X2B_A9TL
       FRICG_X2P5B_A9TL
       FRICG_X3B_A9TL
       FRICG_X3P5B_A9TL
       FRICG_X4B_A9TL
       FRICG_X5B_A9TL
       FRICG_X6B_A9TL
       FRICG_X7P5B_A9TL
       FRICG_X9B_A9TL
       INV_X0P5B_A9TL
       INV_X0P5M_A9TL
       INV_X0P7B_A9TL
       INV_X0P8B_A9TL
       INV_X11B_A9TL
       INV_X13B_A9TL
       INV_X13M_A9TL
       INV_X16B_A9TL
       INV_X1B_A9TL
       INV_X1P2B_A9TL
       INV_X1P2M_A9TL
       INV_X1P4B_A9TL
       INV_X1P4M_A9TL
       INV_X2B_A9TL
       INV_X3B_A9TL
       INV_X4B_A9TL
       INV_X5B_A9TL
       INV_X6B_A9TL
       INV_X9B_A9TL
       LATNQN_X0P5M_A9TL
       LATNQN_X1M_A9TL
       LATNQN_X2M_A9TL
       LATNQN_X3M_A9TL
       LATNQN_X4M_A9TL
       LATNQ_X0P5M_A9TL
       LATNQ_X1M_A9TL
       LATNQ_X2M_A9TL
       LATNQ_X3M_A9TL
       LATNRPQN_X0P5M_A9TL
       LATNRPQN_X1M_A9TL
       LATNRPQN_X2M_A9TL
       LATNRPQN_X3M_A9TL
       LATNRPQN_X4M_A9TL
       LATNRQ_X0P5M_A9TL
       LATNRQ_X1M_A9TL
       LATNRQ_X2M_A9TL
       LATNRQ_X3M_A9TL
       LATNSPQ_X0P5M_A9TL
       LATNSPQ_X1M_A9TL
       LATNSPQ_X2M_A9TL
       LATNSPQ_X3M_A9TL
       LATNSQN_X0P5M_A9TL
       LATNSQN_X1M_A9TL
       LATNSQN_X2M_A9TL
       LATNSQN_X3M_A9TL
       LATNSQN_X4M_A9TL
       LATQN_X0P5M_A9TL
       LATQN_X1M_A9TL
       LATQN_X2M_A9TL
       LATQN_X3M_A9TL
       LATQN_X4M_A9TL
       LATQ_X0P5M_A9TL
       LATQ_X1M_A9TL
       LATQ_X2M_A9TL
       LATQ_X3M_A9TL
       LATRPQN_X0P5M_A9TL
       LATRPQN_X1M_A9TL
       LATRPQN_X2M_A9TL
       LATRPQN_X3M_A9TL
       LATRPQN_X4M_A9TL
       LATRQ_X0P5M_A9TL
       LATRQ_X1M_A9TL
       LATRQ_X2M_A9TL
       LATRQ_X3M_A9TL
       LATSPQ_X0P5M_A9TL
       LATSPQ_X1M_A9TL
       LATSPQ_X2M_A9TL
       LATSPQ_X3M_A9TL
       LATSQN_X0P5M_A9TL
       LATSQN_X1M_A9TL
       LATSQN_X2M_A9TL
       LATSQN_X3M_A9TL
       LATSQN_X4M_A9TL
       M2SDFFQN_X0P5M_A9TL
       M2SDFFQN_X1M_A9TL
       M2SDFFQN_X2M_A9TL
       M2SDFFQN_X3M_A9TL
       M2SDFFQ_X0P5M_A9TL
       M2SDFFQ_X1M_A9TL
       M2SDFFQ_X2M_A9TL
       M2SDFFQ_X3M_A9TL
       M2SDFFQ_X4M_A9TL
       MX2_X0P5B_A9TL
       MX2_X0P7B_A9TL
       MX2_X1B_A9TL
       MX2_X1P4B_A9TL
       MX2_X6B_A9TL
       MX2_X8B_A9TL
       MXGL2_X0P5B_A9TL
       MXGL2_X0P7B_A9TL
       MXGL2_X1B_A9TL
       MXGL2_X1P4B_A9TL
       MXGL2_X2B_A9TL
       MXGL2_X3B_A9TL
       MXGL2_X4B_A9TL
       MXGL2_X6B_A9TL
       MXIT2_X0P5M_A9TL
       MXIT2_X0P7M_A9TL
       MXIT2_X1M_A9TL
       MXIT4_X0P5M_A9TL
       MXIT4_X0P7M_A9TL
       MXIT4_X1M_A9TL
       MXIT4_X1P4M_A9TL
       MXIT4_X2M_A9TL
       MXIT4_X3M_A9TL
       MXT2_X0P5B_A9TL
       MXT2_X0P5M_A9TL
       MXT2_X0P7B_A9TL
       MXT2_X0P7M_A9TL
       MXT2_X1B_A9TL
       MXT2_X1M_A9TL
       MXT2_X1P4B_A9TL
       MXT2_X2B_A9TL
       MXT2_X2M_A9TL
       MXT2_X3B_A9TL
       MXT2_X4B_A9TL
       MXT2_X6B_A9TL
       MXT2_X6M_A9TL
       MXT4_X0P5M_A9TL
       MXT4_X0P7M_A9TL
       MXT4_X1M_A9TL
       MXT4_X1P4M_A9TL
       MXT4_X2M_A9TL
       MXT4_X3M_A9TL
       NAND2B_X0P7M_A9TL
       NAND2B_X1M_A9TL
       NAND2B_X1P4M_A9TL
       NAND2B_X8M_A9TL
       NAND2XB_X0P5M_A9TL
       NAND2XB_X1P4M_A9TL
       NAND2_X0P5B_A9TL
       NAND2_X0P5M_A9TL
       NAND2_X0P7A_A9TL
       NAND2_X0P7B_A9TL
       NAND2_X0P7M_A9TL
       NAND2_X1B_A9TL
       NAND2_X1M_A9TL
       NAND2_X1P4B_A9TL
       NAND2_X1P4M_A9TL
       NAND2_X2A_A9TL
       NAND2_X2B_A9TL
       NAND2_X3A_A9TL
       NAND2_X3B_A9TL
       NAND2_X4A_A9TL
       NAND2_X4B_A9TL
       NAND2_X6A_A9TL
       NAND2_X6B_A9TL
       NAND2_X8A_A9TL
       NAND2_X8B_A9TL
       NAND3BB_X0P5M_A9TL
       NAND3BB_X0P7M_A9TL
       NAND3B_X0P5M_A9TL
       NAND3B_X0P7M_A9TL
       NAND3B_X1M_A9TL
       NAND3B_X1P4M_A9TL
       NAND3B_X2M_A9TL
       NAND3B_X3M_A9TL
       NAND3B_X6M_A9TL
       NAND3XXB_X0P5M_A9TL
       NAND3XXB_X0P7M_A9TL
       NAND3XXB_X1M_A9TL
       NAND3XXB_X1P4M_A9TL
       NAND3XXB_X4M_A9TL
       NAND3XXB_X6M_A9TL
       NAND3_X0P5A_A9TL
       NAND3_X0P5M_A9TL
       NAND3_X0P7A_A9TL
       NAND3_X0P7M_A9TL
       NAND3_X1P4A_A9TL
       NAND3_X1P4M_A9TL
       NAND4BB_X0P5M_A9TL
       NAND4BB_X0P7M_A9TL
       NAND4BB_X1M_A9TL
       NAND4BB_X1P4M_A9TL
       NAND4BB_X2M_A9TL
       NAND4BB_X3M_A9TL
       NAND4BB_X6M_A9TL
       NAND4B_X0P5M_A9TL
       NAND4B_X0P7M_A9TL
       NAND4B_X1M_A9TL
       NAND4B_X1P4M_A9TL
       NAND4B_X2M_A9TL
       NAND4B_X3M_A9TL
       NAND4B_X4M_A9TL
       NAND4XXXB_X0P5M_A9TL
       NAND4XXXB_X0P7M_A9TL
       NAND4XXXB_X1M_A9TL
       NAND4XXXB_X1P4M_A9TL
       NAND4XXXB_X3M_A9TL
       NAND4XXXB_X4M_A9TL
       NAND4_X0P5A_A9TL
       NAND4_X0P5M_A9TL
       NAND4_X0P7A_A9TL
       NAND4_X0P7M_A9TL
       NAND4_X1A_A9TL
       NAND4_X1M_A9TL
       NAND4_X1P4A_A9TL
       NAND4_X1P4M_A9TL
       NAND4_X2A_A9TL
       NAND4_X2M_A9TL
       NAND4_X3A_A9TL
       NAND4_X4A_A9TL
       NAND4_X4M_A9TL
       NOR2B_X0P5M_A9TL
       NOR2XB_X0P5M_A9TL
       NOR2XB_X8M_A9TL
       NOR2_X0P5A_A9TL
       NOR2_X0P5M_A9TL
       NOR2_X0P7A_A9TL
       NOR2_X0P7B_A9TL
       NOR2_X1B_A9TL
       NOR2_X1P4A_A9TL
       NOR2_X1P4B_A9TL
       NOR2_X8M_A9TL
       NOR3BB_X0P5M_A9TL
       NOR3BB_X0P7M_A9TL
       NOR3BB_X1M_A9TL
       NOR3BB_X1P4M_A9TL
       NOR3BB_X2M_A9TL
       NOR3BB_X8M_A9TL
       NOR3_X0P5A_A9TL
       NOR3_X0P5M_A9TL
       NOR3_X0P7A_A9TL
       NOR3_X0P7M_A9TL
       NOR3_X1M_A9TL
       NOR3_X1P4A_A9TL
       NOR3_X1P4M_A9TL
       NOR3_X2A_A9TL
       NOR3_X3M_A9TL
       NOR3_X4A_A9TL
       NOR4BB_X0P5M_A9TL
       NOR4BB_X0P7M_A9TL
       NOR4BB_X1M_A9TL
       NOR4BB_X1P4M_A9TL
       NOR4BB_X2M_A9TL
       NOR4BB_X3M_A9TL
       NOR4BB_X4M_A9TL
       OA1B2_X0P5M_A9TL
       OA1B2_X0P7M_A9TL
       OA1B2_X1M_A9TL
       OA1B2_X1P4M_A9TL
       OA1B2_X2M_A9TL
       OA211_X0P5M_A9TL
       OA211_X0P7M_A9TL
       OA211_X1P4M_A9TL
       OA211_X2M_A9TL
       OA211_X3M_A9TL
       OA211_X6M_A9TL
       OA21A1OI2_X0P5M_A9TL
       OA21A1OI2_X1M_A9TL
       OA21A1OI2_X1P4M_A9TL
       OA21A1OI2_X2M_A9TL
       OA21A1OI2_X4M_A9TL
       OA21A1OI2_X6M_A9TL
       OA21B_X0P5M_A9TL
       OA21B_X0P7M_A9TL
       OA21B_X1P4M_A9TL
       OA21B_X2M_A9TL
       OA21B_X3M_A9TL
       OA21B_X4M_A9TL
       OA21B_X6M_A9TL
       OA21B_X8M_A9TL
       OA21_X0P5M_A9TL
       OA21_X0P7M_A9TL
       OA22_X0P5M_A9TL
       OA22_X1M_A9TL
       OA22_X1P4M_A9TL
       OA22_X6M_A9TL
       OA22_X8M_A9TL
       OAI211_X0P5M_A9TL
       OAI211_X0P7M_A9TL
       OAI211_X1P4M_A9TL
       OAI21B_X0P5M_A9TL
       OAI21B_X0P7M_A9TL
       OAI21B_X1M_A9TL
       OAI21B_X1P4M_A9TL
       OAI21B_X4M_A9TL
       OAI21B_X8M_A9TL
       OAI21_X0P5M_A9TL
       OAI221_X0P5M_A9TL
       OAI221_X0P7M_A9TL
       OAI221_X1M_A9TL
       OAI221_X1P4M_A9TL
       OAI221_X2M_A9TL
       OAI221_X3M_A9TL
       OAI221_X4M_A9TL
       OAI222_X0P5M_A9TL
       OAI222_X0P7M_A9TL
       OAI222_X1M_A9TL
       OAI222_X1P4M_A9TL
       OAI222_X2M_A9TL
       OAI222_X3M_A9TL
       OAI222_X4M_A9TL
       OAI22BB_X0P5M_A9TL
       OAI22BB_X0P7M_A9TL
       OAI22BB_X8M_A9TL
       OAI22_X8M_A9TL
       OAI2XB1_X0P5M_A9TL
       OAI2XB1_X0P7M_A9TL
       OAI2XB1_X8M_A9TL
       OAI31_X0P5M_A9TL
       OAI31_X0P7M_A9TL
       OAI31_X1M_A9TL
       OAI31_X1P4M_A9TL
       OAI31_X2M_A9TL
       OAI31_X4M_A9TL
       OAI31_X6M_A9TL
       OR2_X0P5B_A9TL
       OR2_X0P5M_A9TL
       OR2_X0P7B_A9TL
       OR2_X11B_A9TL
       OR2_X11M_A9TL
       OR2_X6B_A9TL
       OR2_X8B_A9TL
       OR3_X0P5M_A9TL
       OR3_X0P7M_A9TL
       OR3_X1M_A9TL
       OR3_X1P4M_A9TL
       OR3_X2M_A9TL
       OR3_X3M_A9TL
       OR3_X4M_A9TL
       OR3_X6M_A9TL
       OR3_X8M_A9TL
       OR4_X0P5M_A9TL
       OR4_X0P7M_A9TL
       OR4_X1M_A9TL
       OR4_X1P4M_A9TL
       OR4_X2M_A9TL
       OR4_X3M_A9TL
       OR4_X4M_A9TL
       OR4_X6M_A9TL
       OR4_X8M_A9TL
       OR6_X0P5M_A9TL
       OR6_X0P7M_A9TL
       OR6_X1M_A9TL
       OR6_X1P4M_A9TL
       OR6_X2M_A9TL
       OR6_X3M_A9TL
       OR6_X4M_A9TL
       OR6_X6M_A9TL
       POSTICG_X0P5B_A9TL
       POSTICG_X0P6B_A9TL
       POSTICG_X0P7B_A9TL
       POSTICG_X0P8B_A9TL
       POSTICG_X11B_A9TL
       POSTICG_X13B_A9TL
       POSTICG_X16B_A9TL
       POSTICG_X1B_A9TL
       POSTICG_X1P2B_A9TL
       POSTICG_X1P4B_A9TL
       POSTICG_X1P7B_A9TL
       POSTICG_X2B_A9TL
       POSTICG_X2P5B_A9TL
       POSTICG_X3B_A9TL
       POSTICG_X3P5B_A9TL
       POSTICG_X4B_A9TL
       POSTICG_X5B_A9TL
       POSTICG_X6B_A9TL
       POSTICG_X7P5B_A9TL
       POSTICG_X9B_A9TL
       PREICG_X0P5B_A9TL
       PREICG_X0P6B_A9TL
       PREICG_X0P7B_A9TL
       PREICG_X0P8B_A9TL
       PREICG_X11B_A9TL
       PREICG_X13B_A9TL
       PREICG_X16B_A9TL
       PREICG_X1B_A9TL
       PREICG_X1P2B_A9TL
       PREICG_X1P4B_A9TL
       PREICG_X1P7B_A9TL
       PREICG_X2B_A9TL
       PREICG_X2P5B_A9TL
       PREICG_X3B_A9TL
       PREICG_X3P5B_A9TL
       PREICG_X4B_A9TL
       PREICG_X5B_A9TL
       PREICG_X6B_A9TL
       PREICG_X7P5B_A9TL
       PREICG_X9B_A9TL
       RF1R1WS_X1M_A9TL
       RF1R1WS_X1P4M_A9TL
       RF1R1WS_X2M_A9TL
       RF1R2WS_X1M_A9TL
       RF1R2WS_X1P4M_A9TL
       RF1R2WS_X2M_A9TL
       RF2R1WS_X1M_A9TL
       RF2R1WS_X1P4M_A9TL
       RF2R1WS_X2M_A9TL
       RF2R2WS_X1M_A9TL
       RF2R2WS_X1P4M_A9TL
       RF2R2WS_X2M_A9TL
       SDFFNQ_X1M_A9TL
       SDFFNQ_X2M_A9TL
       SDFFNQ_X3M_A9TL
       SDFFNRPQ_X1M_A9TL
       SDFFNRPQ_X2M_A9TL
       SDFFNRPQ_X3M_A9TL
       SDFFNSQ_X1M_A9TL
       SDFFNSQ_X2M_A9TL
       SDFFNSQ_X3M_A9TL
       SDFFNSRPQ_X1M_A9TL
       SDFFNSRPQ_X2M_A9TL
       SDFFNSRPQ_X3M_A9TL
       SDFFQN_X0P5M_A9TL
       SDFFQN_X1M_A9TL
       SDFFQN_X2M_A9TL
       SDFFQN_X3M_A9TL
       SDFFQ_X0P5M_A9TL
       SDFFQ_X1M_A9TL
       SDFFQ_X2M_A9TL
       SDFFQ_X3M_A9TL
       SDFFQ_X4M_A9TL
       SDFFRPQN_X0P5M_A9TL
       SDFFRPQN_X1M_A9TL
       SDFFRPQN_X2M_A9TL
       SDFFRPQN_X3M_A9TL
       SDFFRPQ_X0P5M_A9TL
       SDFFRPQ_X1M_A9TL
       SDFFRPQ_X2M_A9TL
       SDFFRPQ_X3M_A9TL
       SDFFRPQ_X4M_A9TL
       SDFFSQN_X0P5M_A9TL
       SDFFSQN_X1M_A9TL
       SDFFSQN_X2M_A9TL
       SDFFSQN_X3M_A9TL
       SDFFSQ_X0P5M_A9TL
       SDFFSQ_X1M_A9TL
       SDFFSQ_X2M_A9TL
       SDFFSQ_X3M_A9TL
       SDFFSQ_X4M_A9TL
       SDFFSRPQ_X0P5M_A9TL
       SDFFSRPQ_X1M_A9TL
       SDFFSRPQ_X2M_A9TL
       SDFFSRPQ_X3M_A9TL
       SDFFSRPQ_X4M_A9TL
       SDFFYQ_X1M_A9TL
       SDFFYQ_X2M_A9TL
       SDFFYQ_X3M_A9TL
       SDFFYQ_X4M_A9TL
       TIEHI_X1M_A9TL
       TIELO_X1M_A9TL
       XNOR3_X0P5M_A9TL
       XNOR3_X0P7M_A9TL
       XNOR3_X1M_A9TL
       XNOR3_X1P4M_A9TL
       XNOR3_X2M_A9TL
       XNOR3_X3M_A9TL
       XNOR3_X4M_A9TL
       XOR3_X0P5M_A9TL
       XOR3_X0P7M_A9TL
       XOR3_X1P4M_A9TL
       XOR3_X3M_A9TL
       XOR3_X4M_A9TL
TimeScale is 1 ns / 1 ps

Warning-[DDTC] Duplicate Timing Check is disabled
/home/daniel_kuo/CBDK_TSMC40_Arm_f2.0/CIC/Verilog/sc9_cln40g_base_rvt_neg.v, 58984
  The below duplicate timing check will be disabled:
  $recrem(negedge R, negedge CKN &&& (ENABLE_D_AND_SN == 1'b1), 
  1.0000000000000000, 0.50000000000000000, NOTIFIER, , , dR, dCKN);


Warning-[DDTC] Duplicate Timing Check is disabled
/home/daniel_kuo/CBDK_TSMC40_Arm_f2.0/CIC/Verilog/sc9_cln40g_base_rvt_neg.v, 58989
  The below duplicate timing check will be disabled:
  $recrem(posedge SN, negedge CKN &&& (ENABLE_NOT_D_AND_NOT_R == 1'b1), 
  1.0000000000000000, 0.50000000000000000, NOTIFIER, , , dSN, dCKN);


Warning-[DDTC] Duplicate Timing Check is disabled
/home/daniel_kuo/CBDK_TSMC40_Arm_f2.0/CIC/Verilog/sc9_cln40g_base_rvt_neg.v, 59089
  The below duplicate timing check will be disabled:
  $recrem(negedge R, negedge CKN &&& (ENABLE_D_AND_SN == 1'b1), 
  1.0000000000000000, 0.50000000000000000, NOTIFIER, , , dR, dCKN);


Warning-[DDTC] Duplicate Timing Check is disabled
/home/daniel_kuo/CBDK_TSMC40_Arm_f2.0/CIC/Verilog/sc9_cln40g_base_rvt_neg.v, 59094
  The below duplicate timing check will be disabled:
  $recrem(posedge SN, negedge CKN &&& (ENABLE_NOT_D_AND_NOT_R == 1'b1), 
  1.0000000000000000, 0.50000000000000000, NOTIFIER, , , dSN, dCKN);


Warning-[DDTC] Duplicate Timing Check is disabled
/home/daniel_kuo/CBDK_TSMC40_Arm_f2.0/CIC/Verilog/sc9_cln40g_base_rvt_neg.v, 59194
  The below duplicate timing check will be disabled:
  $recrem(negedge R, negedge CKN &&& (ENABLE_D_AND_SN == 1'b1), 
  1.0000000000000000, 0.50000000000000000, NOTIFIER, , , dR, dCKN);


Warning-[DDTC] Duplicate Timing Check is disabled
/home/daniel_kuo/CBDK_TSMC40_Arm_f2.0/CIC/Verilog/sc9_cln40g_base_rvt_neg.v, 59199
  The below duplicate timing check will be disabled:
  $recrem(posedge SN, negedge CKN &&& (ENABLE_NOT_D_AND_NOT_R == 1'b1), 
  1.0000000000000000, 0.50000000000000000, NOTIFIER, , , dSN, dCKN);


Warning-[DDTC] Duplicate Timing Check is disabled
/home/daniel_kuo/CBDK_TSMC40_Arm_f2.0/CIC/Verilog/sc9_cln40g_base_rvt_neg.v, 65129
  The below duplicate timing check will be disabled:
  $recrem(negedge R, negedge G &&& (ENABLE_D == 1'b1), 1.0000000000000000, 
  0.50000000000000000, NOTIFIER, , , dR, dG);


Warning-[DDTC] Duplicate Timing Check is disabled
/home/daniel_kuo/CBDK_TSMC40_Arm_f2.0/CIC/Verilog/sc9_cln40g_base_rvt_neg.v, 65181
  The below duplicate timing check will be disabled:
  $recrem(negedge R, negedge G &&& (ENABLE_D == 1'b1), 1.0000000000000000, 
  0.50000000000000000, NOTIFIER, , , dR, dG);


Warning-[DDTC] Duplicate Timing Check is disabled
/home/daniel_kuo/CBDK_TSMC40_Arm_f2.0/CIC/Verilog/sc9_cln40g_base_rvt_neg.v, 65233
  The below duplicate timing check will be disabled:
  $recrem(negedge R, negedge G &&& (ENABLE_D == 1'b1), 1.0000000000000000, 
  0.50000000000000000, NOTIFIER, , , dR, dG);


Warning-[DDTC] Duplicate Timing Check is disabled
/home/daniel_kuo/CBDK_TSMC40_Arm_f2.0/CIC/Verilog/sc9_cln40g_base_rvt_neg.v, 65285
  The below duplicate timing check will be disabled:
  $recrem(negedge R, negedge G &&& (ENABLE_D == 1'b1), 1.0000000000000000, 
  0.50000000000000000, NOTIFIER, , , dR, dG);


Warning-[DDTC] Duplicate Timing Check is disabled
/home/daniel_kuo/CBDK_TSMC40_Arm_f2.0/CIC/Verilog/sc9_cln40g_base_rvt_neg.v, 65337
  The below duplicate timing check will be disabled:
  $recrem(negedge R, negedge G &&& (ENABLE_D == 1'b1), 1.0000000000000000, 
  0.50000000000000000, NOTIFIER, , , dR, dG);


Warning-[DDTC] Duplicate Timing Check is disabled
/home/daniel_kuo/CBDK_TSMC40_Arm_f2.0/CIC/Verilog/sc9_cln40g_base_rvt_neg.v, 65389
  The below duplicate timing check will be disabled:
  $recrem(posedge RN, negedge G &&& (ENABLE_D == 1'b1), 1.0000000000000000, 
  0.50000000000000000, NOTIFIER, , , dRN, dG);


Warning-[DDTC] Duplicate Timing Check is disabled
/home/daniel_kuo/CBDK_TSMC40_Arm_f2.0/CIC/Verilog/sc9_cln40g_base_rvt_neg.v, 65441
  The below duplicate timing check will be disabled:
  $recrem(posedge RN, negedge G &&& (ENABLE_D == 1'b1), 1.0000000000000000, 
  0.50000000000000000, NOTIFIER, , , dRN, dG);


Warning-[DDTC] Duplicate Timing Check is disabled
/home/daniel_kuo/CBDK_TSMC40_Arm_f2.0/CIC/Verilog/sc9_cln40g_base_rvt_neg.v, 65493
  The below duplicate timing check will be disabled:
  $recrem(posedge RN, negedge G &&& (ENABLE_D == 1'b1), 1.0000000000000000, 
  0.50000000000000000, NOTIFIER, , , dRN, dG);


Warning-[DDTC] Duplicate Timing Check is disabled
/home/daniel_kuo/CBDK_TSMC40_Arm_f2.0/CIC/Verilog/sc9_cln40g_base_rvt_neg.v, 65545
  The below duplicate timing check will be disabled:
  $recrem(posedge RN, negedge G &&& (ENABLE_D == 1'b1), 1.0000000000000000, 
  0.50000000000000000, NOTIFIER, , , dRN, dG);


Warning-[DDTC] Duplicate Timing Check is disabled
/home/daniel_kuo/CBDK_TSMC40_Arm_f2.0/CIC/Verilog/sc9_cln40g_base_rvt_neg.v, 65597
  The below duplicate timing check will be disabled:
  $recrem(negedge S, negedge G &&& (ENABLE_NOT_D == 1'b1), 1.0000000000000000,
  0.50000000000000000, NOTIFIER, , , dS, dG);


Warning-[DDTC] Duplicate Timing Check is disabled
/home/daniel_kuo/CBDK_TSMC40_Arm_f2.0/CIC/Verilog/sc9_cln40g_base_rvt_neg.v, 65649
  The below duplicate timing check will be disabled:
  $recrem(negedge S, negedge G &&& (ENABLE_NOT_D == 1'b1), 1.0000000000000000,
  0.50000000000000000, NOTIFIER, , , dS, dG);


Warning-[DDTC] Duplicate Timing Check is disabled
/home/daniel_kuo/CBDK_TSMC40_Arm_f2.0/CIC/Verilog/sc9_cln40g_base_rvt_neg.v, 65701
  The below duplicate timing check will be disabled:
  $recrem(negedge S, negedge G &&& (ENABLE_NOT_D == 1'b1), 1.0000000000000000,
  0.50000000000000000, NOTIFIER, , , dS, dG);


Warning-[DDTC] Duplicate Timing Check is disabled
/home/daniel_kuo/CBDK_TSMC40_Arm_f2.0/CIC/Verilog/sc9_cln40g_base_rvt_neg.v, 65753
  The below duplicate timing check will be disabled:
  $recrem(negedge S, negedge G &&& (ENABLE_NOT_D == 1'b1), 1.0000000000000000,
  0.50000000000000000, NOTIFIER, , , dS, dG);


Warning-[DDTC] Duplicate Timing Check is disabled
/home/daniel_kuo/CBDK_TSMC40_Arm_f2.0/CIC/Verilog/sc9_cln40g_base_rvt_neg.v, 65805
  The below duplicate timing check will be disabled:
  $recrem(posedge SN, negedge G &&& (ENABLE_NOT_D == 1'b1), 
  1.0000000000000000, 0.50000000000000000, NOTIFIER, , , dSN, dG);


Warning-[DDTC] Duplicate Timing Check is disabled
/home/daniel_kuo/CBDK_TSMC40_Arm_f2.0/CIC/Verilog/sc9_cln40g_base_rvt_neg.v, 65857
  The below duplicate timing check will be disabled:
  $recrem(posedge SN, negedge G &&& (ENABLE_NOT_D == 1'b1), 
  1.0000000000000000, 0.50000000000000000, NOTIFIER, , , dSN, dG);


Warning-[DDTC] Duplicate Timing Check is disabled
/home/daniel_kuo/CBDK_TSMC40_Arm_f2.0/CIC/Verilog/sc9_cln40g_base_rvt_neg.v, 65909
  The below duplicate timing check will be disabled:
  $recrem(posedge SN, negedge G &&& (ENABLE_NOT_D == 1'b1), 
  1.0000000000000000, 0.50000000000000000, NOTIFIER, , , dSN, dG);


Warning-[DDTC] Duplicate Timing Check is disabled
/home/daniel_kuo/CBDK_TSMC40_Arm_f2.0/CIC/Verilog/sc9_cln40g_base_rvt_neg.v, 65961
  The below duplicate timing check will be disabled:
  $recrem(posedge SN, negedge G &&& (ENABLE_NOT_D == 1'b1), 
  1.0000000000000000, 0.50000000000000000, NOTIFIER, , , dSN, dG);


Warning-[DDTC] Duplicate Timing Check is disabled
/home/daniel_kuo/CBDK_TSMC40_Arm_f2.0/CIC/Verilog/sc9_cln40g_base_rvt_neg.v, 66013
  The below duplicate timing check will be disabled:
  $recrem(posedge SN, negedge G &&& (ENABLE_NOT_D == 1'b1), 
  1.0000000000000000, 0.50000000000000000, NOTIFIER, , , dSN, dG);


Warning-[DDTC] Duplicate Timing Check is disabled
/home/daniel_kuo/CBDK_TSMC40_Arm_f2.0/CIC/Verilog/sc9_cln40g_base_rvt_neg.v, 84637
  The below duplicate timing check will be disabled:
  $recrem(negedge R, negedge CKN &&& (ENABLE_NOT_D_AND_SE_AND_SI == 1'b1), 
  1.0000000000000000, 0.50000000000000000, NOTIFIER, , , dR, dCKN);


Warning-[DDTC] Duplicate Timing Check is disabled
/home/daniel_kuo/CBDK_TSMC40_Arm_f2.0/CIC/Verilog/sc9_cln40g_base_rvt_neg.v, 84638
  The below duplicate timing check will be disabled:
  $recrem(negedge R, negedge CKN &&& (ENABLE_D_AND_NOT_SE_AND_NOT_SI == 1'b1),
  1.0000000000000000, 0.50000000000000000, NOTIFIER, , , dR, dCKN);


Warning-[DDTC] Duplicate Timing Check is disabled
/home/daniel_kuo/CBDK_TSMC40_Arm_f2.0/CIC/Verilog/sc9_cln40g_base_rvt_neg.v, 84639
  The below duplicate timing check will be disabled:
  $recrem(negedge R, negedge CKN &&& (ENABLE_D_AND_NOT_SE_AND_SI == 1'b1), 
  1.0000000000000000, 0.50000000000000000, NOTIFIER, , , dR, dCKN);


Warning-[DDTC] Duplicate Timing Check is disabled
/home/daniel_kuo/CBDK_TSMC40_Arm_f2.0/CIC/Verilog/sc9_cln40g_base_rvt_neg.v, 84640
  The below duplicate timing check will be disabled:
  $recrem(negedge R, negedge CKN &&& (ENABLE_D_AND_SE_AND_SI == 1'b1), 
  1.0000000000000000, 0.50000000000000000, NOTIFIER, , , dR, dCKN);


Warning-[DDTC] Duplicate Timing Check is disabled
/home/daniel_kuo/CBDK_TSMC40_Arm_f2.0/CIC/Verilog/sc9_cln40g_base_rvt_neg.v, 84825
  The below duplicate timing check will be disabled:
  $recrem(negedge R, negedge CKN &&& (ENABLE_NOT_D_AND_SE_AND_SI == 1'b1), 
  1.0000000000000000, 0.50000000000000000, NOTIFIER, , , dR, dCKN);


Warning-[DDTC] Duplicate Timing Check is disabled
/home/daniel_kuo/CBDK_TSMC40_Arm_f2.0/CIC/Verilog/sc9_cln40g_base_rvt_neg.v, 84826
  The below duplicate timing check will be disabled:
  $recrem(negedge R, negedge CKN &&& (ENABLE_D_AND_NOT_SE_AND_NOT_SI == 1'b1),
  1.0000000000000000, 0.50000000000000000, NOTIFIER, , , dR, dCKN);


Warning-[DDTC] Duplicate Timing Check is disabled
/home/daniel_kuo/CBDK_TSMC40_Arm_f2.0/CIC/Verilog/sc9_cln40g_base_rvt_neg.v, 84827
  The below duplicate timing check will be disabled:
  $recrem(negedge R, negedge CKN &&& (ENABLE_D_AND_NOT_SE_AND_SI == 1'b1), 
  1.0000000000000000, 0.50000000000000000, NOTIFIER, , , dR, dCKN);


Warning-[DDTC] Duplicate Timing Check is disabled
/home/daniel_kuo/CBDK_TSMC40_Arm_f2.0/CIC/Verilog/sc9_cln40g_base_rvt_neg.v, 84828
  The below duplicate timing check will be disabled:
  $recrem(negedge R, negedge CKN &&& (ENABLE_D_AND_SE_AND_SI == 1'b1), 
  1.0000000000000000, 0.50000000000000000, NOTIFIER, , , dR, dCKN);


Warning-[DDTC] Duplicate Timing Check is disabled
/home/daniel_kuo/CBDK_TSMC40_Arm_f2.0/CIC/Verilog/sc9_cln40g_base_rvt_neg.v, 85013
  The below duplicate timing check will be disabled:
  $recrem(negedge R, negedge CKN &&& (ENABLE_NOT_D_AND_SE_AND_SI == 1'b1), 
  1.0000000000000000, 0.50000000000000000, NOTIFIER, , , dR, dCKN);


Warning-[DDTC] Duplicate Timing Check is disabled
/home/daniel_kuo/CBDK_TSMC40_Arm_f2.0/CIC/Verilog/sc9_cln40g_base_rvt_neg.v, 85014
  The below duplicate timing check will be disabled:
  $recrem(negedge R, negedge CKN &&& (ENABLE_D_AND_NOT_SE_AND_NOT_SI == 1'b1),
  1.0000000000000000, 0.50000000000000000, NOTIFIER, , , dR, dCKN);


Warning-[DDTC] Duplicate Timing Check is disabled
/home/daniel_kuo/CBDK_TSMC40_Arm_f2.0/CIC/Verilog/sc9_cln40g_base_rvt_neg.v, 85015
  The below duplicate timing check will be disabled:
  $recrem(negedge R, negedge CKN &&& (ENABLE_D_AND_NOT_SE_AND_SI == 1'b1), 
  1.0000000000000000, 0.50000000000000000, NOTIFIER, , , dR, dCKN);


Warning-[DDTC] Duplicate Timing Check is disabled
/home/daniel_kuo/CBDK_TSMC40_Arm_f2.0/CIC/Verilog/sc9_cln40g_base_rvt_neg.v, 85016
  The below duplicate timing check will be disabled:
  $recrem(negedge R, negedge CKN &&& (ENABLE_D_AND_SE_AND_SI == 1'b1), 
  1.0000000000000000, 0.50000000000000000, NOTIFIER, , , dR, dCKN);


Warning-[DDTC] Duplicate Timing Check is disabled
/home/daniel_kuo/CBDK_TSMC40_Arm_f2.0/CIC/Verilog/sc9_cln40g_base_rvt_neg.v, 85209
  The below duplicate timing check will be disabled:
  $recrem(posedge SN, negedge CKN &&& (ENABLE_NOT_D_AND_NOT_SE_AND_NOT_SI == 
  1'b1), 1.0000000000000000, 0.50000000000000000, NOTIFIER, , , dSN, dCKN);


Warning-[DDTC] Duplicate Timing Check is disabled
/home/daniel_kuo/CBDK_TSMC40_Arm_f2.0/CIC/Verilog/sc9_cln40g_base_rvt_neg.v, 85210
  The below duplicate timing check will be disabled:
  $recrem(posedge SN, negedge CKN &&& (ENABLE_NOT_D_AND_NOT_SE_AND_SI == 
  1'b1), 1.0000000000000000, 0.50000000000000000, NOTIFIER, , , dSN, dCKN);


Warning-[DDTC] Duplicate Timing Check is disabled
/home/daniel_kuo/CBDK_TSMC40_Arm_f2.0/CIC/Verilog/sc9_cln40g_base_rvt_neg.v, 85211
  The below duplicate timing check will be disabled:
  $recrem(posedge SN, negedge CKN &&& (ENABLE_NOT_D_AND_SE_AND_NOT_SI == 
  1'b1), 1.0000000000000000, 0.50000000000000000, NOTIFIER, , , dSN, dCKN);


Warning-[DDTC] Duplicate Timing Check is disabled
/home/daniel_kuo/CBDK_TSMC40_Arm_f2.0/CIC/Verilog/sc9_cln40g_base_rvt_neg.v, 85212
  The below duplicate timing check will be disabled:
  $recrem(posedge SN, negedge CKN &&& (ENABLE_D_AND_SE_AND_NOT_SI == 1'b1), 
  1.0000000000000000, 0.50000000000000000, NOTIFIER, , , dSN, dCKN);


Warning-[DDTC] Duplicate Timing Check is disabled
/home/daniel_kuo/CBDK_TSMC40_Arm_f2.0/CIC/Verilog/sc9_cln40g_base_rvt_neg.v, 85397
  The below duplicate timing check will be disabled:
  $recrem(posedge SN, negedge CKN &&& (ENABLE_NOT_D_AND_NOT_SE_AND_NOT_SI == 
  1'b1), 1.0000000000000000, 0.50000000000000000, NOTIFIER, , , dSN, dCKN);


Warning-[DDTC] Duplicate Timing Check is disabled
/home/daniel_kuo/CBDK_TSMC40_Arm_f2.0/CIC/Verilog/sc9_cln40g_base_rvt_neg.v, 85398
  The below duplicate timing check will be disabled:
  $recrem(posedge SN, negedge CKN &&& (ENABLE_NOT_D_AND_NOT_SE_AND_SI == 
  1'b1), 1.0000000000000000, 0.50000000000000000, NOTIFIER, , , dSN, dCKN);


Warning-[DDTC] Duplicate Timing Check is disabled
/home/daniel_kuo/CBDK_TSMC40_Arm_f2.0/CIC/Verilog/sc9_cln40g_base_rvt_neg.v, 85399
  The below duplicate timing check will be disabled:
  $recrem(posedge SN, negedge CKN &&& (ENABLE_NOT_D_AND_SE_AND_NOT_SI == 
  1'b1), 1.0000000000000000, 0.50000000000000000, NOTIFIER, , , dSN, dCKN);


Warning-[DDTC] Duplicate Timing Check is disabled
/home/daniel_kuo/CBDK_TSMC40_Arm_f2.0/CIC/Verilog/sc9_cln40g_base_rvt_neg.v, 85400
  The below duplicate timing check will be disabled:
  $recrem(posedge SN, negedge CKN &&& (ENABLE_D_AND_SE_AND_NOT_SI == 1'b1), 
  1.0000000000000000, 0.50000000000000000, NOTIFIER, , , dSN, dCKN);


Warning-[DDTC] Duplicate Timing Check is disabled
/home/daniel_kuo/CBDK_TSMC40_Arm_f2.0/CIC/Verilog/sc9_cln40g_base_rvt_neg.v, 85585
  The below duplicate timing check will be disabled:
  $recrem(posedge SN, negedge CKN &&& (ENABLE_NOT_D_AND_NOT_SE_AND_NOT_SI == 
  1'b1), 1.0000000000000000, 0.50000000000000000, NOTIFIER, , , dSN, dCKN);


Warning-[DDTC] Duplicate Timing Check is disabled
/home/daniel_kuo/CBDK_TSMC40_Arm_f2.0/CIC/Verilog/sc9_cln40g_base_rvt_neg.v, 85586
  The below duplicate timing check will be disabled:
  $recrem(posedge SN, negedge CKN &&& (ENABLE_NOT_D_AND_NOT_SE_AND_SI == 
  1'b1), 1.0000000000000000, 0.50000000000000000, NOTIFIER, , , dSN, dCKN);


Warning-[DDTC] Duplicate Timing Check is disabled
/home/daniel_kuo/CBDK_TSMC40_Arm_f2.0/CIC/Verilog/sc9_cln40g_base_rvt_neg.v, 85587
  The below duplicate timing check will be disabled:
  $recrem(posedge SN, negedge CKN &&& (ENABLE_NOT_D_AND_SE_AND_NOT_SI == 
  1'b1), 1.0000000000000000, 0.50000000000000000, NOTIFIER, , , dSN, dCKN);


Warning-[DDTC] Duplicate Timing Check is disabled
/home/daniel_kuo/CBDK_TSMC40_Arm_f2.0/CIC/Verilog/sc9_cln40g_base_rvt_neg.v, 85588
  The below duplicate timing check will be disabled:
  $recrem(posedge SN, negedge CKN &&& (ENABLE_D_AND_SE_AND_NOT_SI == 1'b1), 
  1.0000000000000000, 0.50000000000000000, NOTIFIER, , , dSN, dCKN);


Warning-[DDTC] Duplicate Timing Check is disabled
/home/daniel_kuo/CBDK_TSMC40_Arm_f2.0/CIC/Verilog/sc9_cln40g_base_rvt_neg.v, 85840
  The below duplicate timing check will be disabled:
  $recrem(negedge R, negedge CKN &&& (ENABLE_NOT_D_AND_SE_AND_SI_AND_SN == 
  1'b1), 1.0000000000000000, 0.50000000000000000, NOTIFIER, , , dR, dCKN);


Warning-[DDTC] Duplicate Timing Check is disabled
/home/daniel_kuo/CBDK_TSMC40_Arm_f2.0/CIC/Verilog/sc9_cln40g_base_rvt_neg.v, 85841
  The below duplicate timing check will be disabled:
  $recrem(negedge R, negedge CKN &&& (ENABLE_D_AND_NOT_SE_AND_NOT_SI_AND_SN ==
  1'b1), 1.0000000000000000, 0.50000000000000000, NOTIFIER, , , dR, dCKN);


Warning-[DDTC] Duplicate Timing Check is disabled
/home/daniel_kuo/CBDK_TSMC40_Arm_f2.0/CIC/Verilog/sc9_cln40g_base_rvt_neg.v, 85842
  The below duplicate timing check will be disabled:
  $recrem(negedge R, negedge CKN &&& (ENABLE_D_AND_NOT_SE_AND_SI_AND_SN == 
  1'b1), 1.0000000000000000, 0.50000000000000000, NOTIFIER, , , dR, dCKN);


Warning-[DDTC] Duplicate Timing Check is disabled
/home/daniel_kuo/CBDK_TSMC40_Arm_f2.0/CIC/Verilog/sc9_cln40g_base_rvt_neg.v, 85843
  The below duplicate timing check will be disabled:
  $recrem(negedge R, negedge CKN &&& (ENABLE_D_AND_SE_AND_SI_AND_SN == 1'b1), 
  1.0000000000000000, 0.50000000000000000, NOTIFIER, , , dR, dCKN);


Warning-[DDTC] Duplicate Timing Check is disabled
/home/daniel_kuo/CBDK_TSMC40_Arm_f2.0/CIC/Verilog/sc9_cln40g_base_rvt_neg.v, 85868
  The below duplicate timing check will be disabled:
  $recrem(posedge SN, negedge CKN &&& 
  (ENABLE_NOT_D_AND_NOT_R_AND_NOT_SE_AND_NOT_SI == 1'b1), 1.0000000000000000, 
  0.50000000000000000, NOTIFIER, , , dSN, dCKN);


Warning-[DDTC] Duplicate Timing Check is disabled
/home/daniel_kuo/CBDK_TSMC40_Arm_f2.0/CIC/Verilog/sc9_cln40g_base_rvt_neg.v, 85869
  The below duplicate timing check will be disabled:
  $recrem(posedge SN, negedge CKN &&& 
  (ENABLE_NOT_D_AND_NOT_R_AND_NOT_SE_AND_SI == 1'b1), 1.0000000000000000, 
  0.50000000000000000, NOTIFIER, , , dSN, dCKN);


Warning-[DDTC] Duplicate Timing Check is disabled
/home/daniel_kuo/CBDK_TSMC40_Arm_f2.0/CIC/Verilog/sc9_cln40g_base_rvt_neg.v, 85870
  The below duplicate timing check will be disabled:
  $recrem(posedge SN, negedge CKN &&& 
  (ENABLE_NOT_D_AND_NOT_R_AND_SE_AND_NOT_SI == 1'b1), 1.0000000000000000, 
  0.50000000000000000, NOTIFIER, , , dSN, dCKN);


Warning-[DDTC] Duplicate Timing Check is disabled
/home/daniel_kuo/CBDK_TSMC40_Arm_f2.0/CIC/Verilog/sc9_cln40g_base_rvt_neg.v, 85871
  The below duplicate timing check will be disabled:
  $recrem(posedge SN, negedge CKN &&& (ENABLE_D_AND_NOT_R_AND_SE_AND_NOT_SI ==
  1'b1), 1.0000000000000000, 0.50000000000000000, NOTIFIER, , , dSN, dCKN);


Warning-[DDTC] Duplicate Timing Check is disabled
/home/daniel_kuo/CBDK_TSMC40_Arm_f2.0/CIC/Verilog/sc9_cln40g_base_rvt_neg.v, 86203
  The below duplicate timing check will be disabled:
  $recrem(negedge R, negedge CKN &&& (ENABLE_NOT_D_AND_SE_AND_SI_AND_SN == 
  1'b1), 1.0000000000000000, 0.50000000000000000, NOTIFIER, , , dR, dCKN);


Warning-[DDTC] Duplicate Timing Check is disabled
/home/daniel_kuo/CBDK_TSMC40_Arm_f2.0/CIC/Verilog/sc9_cln40g_base_rvt_neg.v, 86204
  The below duplicate timing check will be disabled:
  $recrem(negedge R, negedge CKN &&& (ENABLE_D_AND_NOT_SE_AND_NOT_SI_AND_SN ==
  1'b1), 1.0000000000000000, 0.50000000000000000, NOTIFIER, , , dR, dCKN);


Warning-[DDTC] Duplicate Timing Check is disabled
/home/daniel_kuo/CBDK_TSMC40_Arm_f2.0/CIC/Verilog/sc9_cln40g_base_rvt_neg.v, 86205
  The below duplicate timing check will be disabled:
  $recrem(negedge R, negedge CKN &&& (ENABLE_D_AND_NOT_SE_AND_SI_AND_SN == 
  1'b1), 1.0000000000000000, 0.50000000000000000, NOTIFIER, , , dR, dCKN);


Warning-[DDTC] Duplicate Timing Check is disabled
/home/daniel_kuo/CBDK_TSMC40_Arm_f2.0/CIC/Verilog/sc9_cln40g_base_rvt_neg.v, 86206
  The below duplicate timing check will be disabled:
  $recrem(negedge R, negedge CKN &&& (ENABLE_D_AND_SE_AND_SI_AND_SN == 1'b1), 
  1.0000000000000000, 0.50000000000000000, NOTIFIER, , , dR, dCKN);


Warning-[DDTC] Duplicate Timing Check is disabled
/home/daniel_kuo/CBDK_TSMC40_Arm_f2.0/CIC/Verilog/sc9_cln40g_base_rvt_neg.v, 86231
  The below duplicate timing check will be disabled:
  $recrem(posedge SN, negedge CKN &&& 
  (ENABLE_NOT_D_AND_NOT_R_AND_NOT_SE_AND_NOT_SI == 1'b1), 1.0000000000000000, 
  0.50000000000000000, NOTIFIER, , , dSN, dCKN);


Warning-[DDTC] Duplicate Timing Check is disabled
/home/daniel_kuo/CBDK_TSMC40_Arm_f2.0/CIC/Verilog/sc9_cln40g_base_rvt_neg.v, 86232
  The below duplicate timing check will be disabled:
  $recrem(posedge SN, negedge CKN &&& 
  (ENABLE_NOT_D_AND_NOT_R_AND_NOT_SE_AND_SI == 1'b1), 1.0000000000000000, 
  0.50000000000000000, NOTIFIER, , , dSN, dCKN);


Warning-[DDTC] Duplicate Timing Check is disabled
/home/daniel_kuo/CBDK_TSMC40_Arm_f2.0/CIC/Verilog/sc9_cln40g_base_rvt_neg.v, 86233
  The below duplicate timing check will be disabled:
  $recrem(posedge SN, negedge CKN &&& 
  (ENABLE_NOT_D_AND_NOT_R_AND_SE_AND_NOT_SI == 1'b1), 1.0000000000000000, 
  0.50000000000000000, NOTIFIER, , , dSN, dCKN);


Warning-[DDTC] Duplicate Timing Check is disabled
/home/daniel_kuo/CBDK_TSMC40_Arm_f2.0/CIC/Verilog/sc9_cln40g_base_rvt_neg.v, 86234
  The below duplicate timing check will be disabled:
  $recrem(posedge SN, negedge CKN &&& (ENABLE_D_AND_NOT_R_AND_SE_AND_NOT_SI ==
  1'b1), 1.0000000000000000, 0.50000000000000000, NOTIFIER, , , dSN, dCKN);


Warning-[DDTC] Duplicate Timing Check is disabled
/home/daniel_kuo/CBDK_TSMC40_Arm_f2.0/CIC/Verilog/sc9_cln40g_base_rvt_neg.v, 86566
  The below duplicate timing check will be disabled:
  $recrem(negedge R, negedge CKN &&& (ENABLE_NOT_D_AND_SE_AND_SI_AND_SN == 
  1'b1), 1.0000000000000000, 0.50000000000000000, NOTIFIER, , , dR, dCKN);


Warning-[DDTC] Duplicate Timing Check is disabled
/home/daniel_kuo/CBDK_TSMC40_Arm_f2.0/CIC/Verilog/sc9_cln40g_base_rvt_neg.v, 86567
  The below duplicate timing check will be disabled:
  $recrem(negedge R, negedge CKN &&& (ENABLE_D_AND_NOT_SE_AND_NOT_SI_AND_SN ==
  1'b1), 1.0000000000000000, 0.50000000000000000, NOTIFIER, , , dR, dCKN);


Warning-[DDTC] Duplicate Timing Check is disabled
/home/daniel_kuo/CBDK_TSMC40_Arm_f2.0/CIC/Verilog/sc9_cln40g_base_rvt_neg.v, 86568
  The below duplicate timing check will be disabled:
  $recrem(negedge R, negedge CKN &&& (ENABLE_D_AND_NOT_SE_AND_SI_AND_SN == 
  1'b1), 1.0000000000000000, 0.50000000000000000, NOTIFIER, , , dR, dCKN);


Warning-[DDTC] Duplicate Timing Check is disabled
/home/daniel_kuo/CBDK_TSMC40_Arm_f2.0/CIC/Verilog/sc9_cln40g_base_rvt_neg.v, 86569
  The below duplicate timing check will be disabled:
  $recrem(negedge R, negedge CKN &&& (ENABLE_D_AND_SE_AND_SI_AND_SN == 1'b1), 
  1.0000000000000000, 0.50000000000000000, NOTIFIER, , , dR, dCKN);


Warning-[DDTC] Duplicate Timing Check is disabled
/home/daniel_kuo/CBDK_TSMC40_Arm_f2.0/CIC/Verilog/sc9_cln40g_base_rvt_neg.v, 86594
  The below duplicate timing check will be disabled:
  $recrem(posedge SN, negedge CKN &&& 
  (ENABLE_NOT_D_AND_NOT_R_AND_NOT_SE_AND_NOT_SI == 1'b1), 1.0000000000000000, 
  0.50000000000000000, NOTIFIER, , , dSN, dCKN);


Warning-[DDTC] Duplicate Timing Check is disabled
/home/daniel_kuo/CBDK_TSMC40_Arm_f2.0/CIC/Verilog/sc9_cln40g_base_rvt_neg.v, 86595
  The below duplicate timing check will be disabled:
  $recrem(posedge SN, negedge CKN &&& 
  (ENABLE_NOT_D_AND_NOT_R_AND_NOT_SE_AND_SI == 1'b1), 1.0000000000000000, 
  0.50000000000000000, NOTIFIER, , , dSN, dCKN);


Warning-[DDTC] Duplicate Timing Check is disabled
/home/daniel_kuo/CBDK_TSMC40_Arm_f2.0/CIC/Verilog/sc9_cln40g_base_rvt_neg.v, 86596
  The below duplicate timing check will be disabled:
  $recrem(posedge SN, negedge CKN &&& 
  (ENABLE_NOT_D_AND_NOT_R_AND_SE_AND_NOT_SI == 1'b1), 1.0000000000000000, 
  0.50000000000000000, NOTIFIER, , , dSN, dCKN);


Warning-[DDTC] Duplicate Timing Check is disabled
/home/daniel_kuo/CBDK_TSMC40_Arm_f2.0/CIC/Verilog/sc9_cln40g_base_rvt_neg.v, 86597
  The below duplicate timing check will be disabled:
  $recrem(posedge SN, negedge CKN &&& (ENABLE_D_AND_NOT_R_AND_SE_AND_NOT_SI ==
  1'b1), 1.0000000000000000, 0.50000000000000000, NOTIFIER, , , dSN, dCKN);


Warning-[DDTC] Duplicate Timing Check is disabled
/home/daniel_kuo/CBDK_TSMC40_Arm_f2.0/CIC/Verilog/sc9_cln40g_base_lvt_neg.v, 58984
  The below duplicate timing check will be disabled:
  $recrem(negedge R, negedge CKN &&& (ENABLE_D_AND_SN == 1'b1), 
  1.0000000000000000, 0.50000000000000000, NOTIFIER, , , dR, dCKN);


Warning-[DDTC] Duplicate Timing Check is disabled
/home/daniel_kuo/CBDK_TSMC40_Arm_f2.0/CIC/Verilog/sc9_cln40g_base_lvt_neg.v, 58989
  The below duplicate timing check will be disabled:
  $recrem(posedge SN, negedge CKN &&& (ENABLE_NOT_D_AND_NOT_R == 1'b1), 
  1.0000000000000000, 0.50000000000000000, NOTIFIER, , , dSN, dCKN);


Warning-[DDTC] Duplicate Timing Check is disabled
/home/daniel_kuo/CBDK_TSMC40_Arm_f2.0/CIC/Verilog/sc9_cln40g_base_lvt_neg.v, 59089
  The below duplicate timing check will be disabled:
  $recrem(negedge R, negedge CKN &&& (ENABLE_D_AND_SN == 1'b1), 
  1.0000000000000000, 0.50000000000000000, NOTIFIER, , , dR, dCKN);


Warning-[DDTC] Duplicate Timing Check is disabled
/home/daniel_kuo/CBDK_TSMC40_Arm_f2.0/CIC/Verilog/sc9_cln40g_base_lvt_neg.v, 59094
  The below duplicate timing check will be disabled:
  $recrem(posedge SN, negedge CKN &&& (ENABLE_NOT_D_AND_NOT_R == 1'b1), 
  1.0000000000000000, 0.50000000000000000, NOTIFIER, , , dSN, dCKN);


Warning-[DDTC] Duplicate Timing Check is disabled
/home/daniel_kuo/CBDK_TSMC40_Arm_f2.0/CIC/Verilog/sc9_cln40g_base_lvt_neg.v, 59194
  The below duplicate timing check will be disabled:
  $recrem(negedge R, negedge CKN &&& (ENABLE_D_AND_SN == 1'b1), 
  1.0000000000000000, 0.50000000000000000, NOTIFIER, , , dR, dCKN);


Warning-[DDTC] Duplicate Timing Check is disabled
/home/daniel_kuo/CBDK_TSMC40_Arm_f2.0/CIC/Verilog/sc9_cln40g_base_lvt_neg.v, 59199
  The below duplicate timing check will be disabled:
  $recrem(posedge SN, negedge CKN &&& (ENABLE_NOT_D_AND_NOT_R == 1'b1), 
  1.0000000000000000, 0.50000000000000000, NOTIFIER, , , dSN, dCKN);


Warning-[DDTC] Duplicate Timing Check is disabled
/home/daniel_kuo/CBDK_TSMC40_Arm_f2.0/CIC/Verilog/sc9_cln40g_base_lvt_neg.v, 65129
  The below duplicate timing check will be disabled:
  $recrem(negedge R, negedge G &&& (ENABLE_D == 1'b1), 1.0000000000000000, 
  0.50000000000000000, NOTIFIER, , , dR, dG);


Warning-[DDTC] Duplicate Timing Check is disabled
/home/daniel_kuo/CBDK_TSMC40_Arm_f2.0/CIC/Verilog/sc9_cln40g_base_lvt_neg.v, 65181
  The below duplicate timing check will be disabled:
  $recrem(negedge R, negedge G &&& (ENABLE_D == 1'b1), 1.0000000000000000, 
  0.50000000000000000, NOTIFIER, , , dR, dG);


Warning-[DDTC] Duplicate Timing Check is disabled
/home/daniel_kuo/CBDK_TSMC40_Arm_f2.0/CIC/Verilog/sc9_cln40g_base_lvt_neg.v, 65233
  The below duplicate timing check will be disabled:
  $recrem(negedge R, negedge G &&& (ENABLE_D == 1'b1), 1.0000000000000000, 
  0.50000000000000000, NOTIFIER, , , dR, dG);


Warning-[DDTC] Duplicate Timing Check is disabled
/home/daniel_kuo/CBDK_TSMC40_Arm_f2.0/CIC/Verilog/sc9_cln40g_base_lvt_neg.v, 65285
  The below duplicate timing check will be disabled:
  $recrem(negedge R, negedge G &&& (ENABLE_D == 1'b1), 1.0000000000000000, 
  0.50000000000000000, NOTIFIER, , , dR, dG);


Warning-[DDTC] Duplicate Timing Check is disabled
/home/daniel_kuo/CBDK_TSMC40_Arm_f2.0/CIC/Verilog/sc9_cln40g_base_lvt_neg.v, 65337
  The below duplicate timing check will be disabled:
  $recrem(negedge R, negedge G &&& (ENABLE_D == 1'b1), 1.0000000000000000, 
  0.50000000000000000, NOTIFIER, , , dR, dG);


Warning-[DDTC] Duplicate Timing Check is disabled
/home/daniel_kuo/CBDK_TSMC40_Arm_f2.0/CIC/Verilog/sc9_cln40g_base_lvt_neg.v, 65389
  The below duplicate timing check will be disabled:
  $recrem(posedge RN, negedge G &&& (ENABLE_D == 1'b1), 1.0000000000000000, 
  0.50000000000000000, NOTIFIER, , , dRN, dG);


Warning-[DDTC] Duplicate Timing Check is disabled
/home/daniel_kuo/CBDK_TSMC40_Arm_f2.0/CIC/Verilog/sc9_cln40g_base_lvt_neg.v, 65441
  The below duplicate timing check will be disabled:
  $recrem(posedge RN, negedge G &&& (ENABLE_D == 1'b1), 1.0000000000000000, 
  0.50000000000000000, NOTIFIER, , , dRN, dG);


Warning-[DDTC] Duplicate Timing Check is disabled
/home/daniel_kuo/CBDK_TSMC40_Arm_f2.0/CIC/Verilog/sc9_cln40g_base_lvt_neg.v, 65493
  The below duplicate timing check will be disabled:
  $recrem(posedge RN, negedge G &&& (ENABLE_D == 1'b1), 1.0000000000000000, 
  0.50000000000000000, NOTIFIER, , , dRN, dG);


Warning-[DDTC] Duplicate Timing Check is disabled
/home/daniel_kuo/CBDK_TSMC40_Arm_f2.0/CIC/Verilog/sc9_cln40g_base_lvt_neg.v, 65545
  The below duplicate timing check will be disabled:
  $recrem(posedge RN, negedge G &&& (ENABLE_D == 1'b1), 1.0000000000000000, 
  0.50000000000000000, NOTIFIER, , , dRN, dG);


Warning-[DDTC] Duplicate Timing Check is disabled
/home/daniel_kuo/CBDK_TSMC40_Arm_f2.0/CIC/Verilog/sc9_cln40g_base_lvt_neg.v, 65597
  The below duplicate timing check will be disabled:
  $recrem(negedge S, negedge G &&& (ENABLE_NOT_D == 1'b1), 1.0000000000000000,
  0.50000000000000000, NOTIFIER, , , dS, dG);


Warning-[DDTC] Duplicate Timing Check is disabled
/home/daniel_kuo/CBDK_TSMC40_Arm_f2.0/CIC/Verilog/sc9_cln40g_base_lvt_neg.v, 65649
  The below duplicate timing check will be disabled:
  $recrem(negedge S, negedge G &&& (ENABLE_NOT_D == 1'b1), 1.0000000000000000,
  0.50000000000000000, NOTIFIER, , , dS, dG);


Warning-[DDTC] Duplicate Timing Check is disabled
/home/daniel_kuo/CBDK_TSMC40_Arm_f2.0/CIC/Verilog/sc9_cln40g_base_lvt_neg.v, 65701
  The below duplicate timing check will be disabled:
  $recrem(negedge S, negedge G &&& (ENABLE_NOT_D == 1'b1), 1.0000000000000000,
  0.50000000000000000, NOTIFIER, , , dS, dG);


Warning-[DDTC] Duplicate Timing Check is disabled
/home/daniel_kuo/CBDK_TSMC40_Arm_f2.0/CIC/Verilog/sc9_cln40g_base_lvt_neg.v, 65753
  The below duplicate timing check will be disabled:
  $recrem(negedge S, negedge G &&& (ENABLE_NOT_D == 1'b1), 1.0000000000000000,
  0.50000000000000000, NOTIFIER, , , dS, dG);


Warning-[DDTC] Duplicate Timing Check is disabled
/home/daniel_kuo/CBDK_TSMC40_Arm_f2.0/CIC/Verilog/sc9_cln40g_base_lvt_neg.v, 65805
  The below duplicate timing check will be disabled:
  $recrem(posedge SN, negedge G &&& (ENABLE_NOT_D == 1'b1), 
  1.0000000000000000, 0.50000000000000000, NOTIFIER, , , dSN, dG);


Warning-[DDTC] Duplicate Timing Check is disabled
/home/daniel_kuo/CBDK_TSMC40_Arm_f2.0/CIC/Verilog/sc9_cln40g_base_lvt_neg.v, 65857
  The below duplicate timing check will be disabled:
  $recrem(posedge SN, negedge G &&& (ENABLE_NOT_D == 1'b1), 
  1.0000000000000000, 0.50000000000000000, NOTIFIER, , , dSN, dG);


Warning-[DDTC] Duplicate Timing Check is disabled
/home/daniel_kuo/CBDK_TSMC40_Arm_f2.0/CIC/Verilog/sc9_cln40g_base_lvt_neg.v, 65909
  The below duplicate timing check will be disabled:
  $recrem(posedge SN, negedge G &&& (ENABLE_NOT_D == 1'b1), 
  1.0000000000000000, 0.50000000000000000, NOTIFIER, , , dSN, dG);


Warning-[DDTC] Duplicate Timing Check is disabled
/home/daniel_kuo/CBDK_TSMC40_Arm_f2.0/CIC/Verilog/sc9_cln40g_base_lvt_neg.v, 65961
  The below duplicate timing check will be disabled:
  $recrem(posedge SN, negedge G &&& (ENABLE_NOT_D == 1'b1), 
  1.0000000000000000, 0.50000000000000000, NOTIFIER, , , dSN, dG);


Warning-[DDTC] Duplicate Timing Check is disabled
/home/daniel_kuo/CBDK_TSMC40_Arm_f2.0/CIC/Verilog/sc9_cln40g_base_lvt_neg.v, 66013
  The below duplicate timing check will be disabled:
  $recrem(posedge SN, negedge G &&& (ENABLE_NOT_D == 1'b1), 
  1.0000000000000000, 0.50000000000000000, NOTIFIER, , , dSN, dG);


Warning-[DDTC] Duplicate Timing Check is disabled
/home/daniel_kuo/CBDK_TSMC40_Arm_f2.0/CIC/Verilog/sc9_cln40g_base_lvt_neg.v, 84637
  The below duplicate timing check will be disabled:
  $recrem(negedge R, negedge CKN &&& (ENABLE_NOT_D_AND_SE_AND_SI == 1'b1), 
  1.0000000000000000, 0.50000000000000000, NOTIFIER, , , dR, dCKN);


Warning-[DDTC] Duplicate Timing Check is disabled
/home/daniel_kuo/CBDK_TSMC40_Arm_f2.0/CIC/Verilog/sc9_cln40g_base_lvt_neg.v, 84638
  The below duplicate timing check will be disabled:
  $recrem(negedge R, negedge CKN &&& (ENABLE_D_AND_NOT_SE_AND_NOT_SI == 1'b1),
  1.0000000000000000, 0.50000000000000000, NOTIFIER, , , dR, dCKN);


Warning-[DDTC] Duplicate Timing Check is disabled
/home/daniel_kuo/CBDK_TSMC40_Arm_f2.0/CIC/Verilog/sc9_cln40g_base_lvt_neg.v, 84639
  The below duplicate timing check will be disabled:
  $recrem(negedge R, negedge CKN &&& (ENABLE_D_AND_NOT_SE_AND_SI == 1'b1), 
  1.0000000000000000, 0.50000000000000000, NOTIFIER, , , dR, dCKN);


Warning-[DDTC] Duplicate Timing Check is disabled
/home/daniel_kuo/CBDK_TSMC40_Arm_f2.0/CIC/Verilog/sc9_cln40g_base_lvt_neg.v, 84640
  The below duplicate timing check will be disabled:
  $recrem(negedge R, negedge CKN &&& (ENABLE_D_AND_SE_AND_SI == 1'b1), 
  1.0000000000000000, 0.50000000000000000, NOTIFIER, , , dR, dCKN);


Warning-[DDTC] Duplicate Timing Check is disabled
/home/daniel_kuo/CBDK_TSMC40_Arm_f2.0/CIC/Verilog/sc9_cln40g_base_lvt_neg.v, 84825
  The below duplicate timing check will be disabled:
  $recrem(negedge R, negedge CKN &&& (ENABLE_NOT_D_AND_SE_AND_SI == 1'b1), 
  1.0000000000000000, 0.50000000000000000, NOTIFIER, , , dR, dCKN);


Warning-[DDTC] Duplicate Timing Check is disabled
/home/daniel_kuo/CBDK_TSMC40_Arm_f2.0/CIC/Verilog/sc9_cln40g_base_lvt_neg.v, 84826
  The below duplicate timing check will be disabled:
  $recrem(negedge R, negedge CKN &&& (ENABLE_D_AND_NOT_SE_AND_NOT_SI == 1'b1),
  1.0000000000000000, 0.50000000000000000, NOTIFIER, , , dR, dCKN);


Warning-[DDTC] Duplicate Timing Check is disabled
/home/daniel_kuo/CBDK_TSMC40_Arm_f2.0/CIC/Verilog/sc9_cln40g_base_lvt_neg.v, 84827
  The below duplicate timing check will be disabled:
  $recrem(negedge R, negedge CKN &&& (ENABLE_D_AND_NOT_SE_AND_SI == 1'b1), 
  1.0000000000000000, 0.50000000000000000, NOTIFIER, , , dR, dCKN);


Warning-[DDTC] Duplicate Timing Check is disabled
/home/daniel_kuo/CBDK_TSMC40_Arm_f2.0/CIC/Verilog/sc9_cln40g_base_lvt_neg.v, 84828
  The below duplicate timing check will be disabled:
  $recrem(negedge R, negedge CKN &&& (ENABLE_D_AND_SE_AND_SI == 1'b1), 
  1.0000000000000000, 0.50000000000000000, NOTIFIER, , , dR, dCKN);


Warning-[DDTC] Duplicate Timing Check is disabled
/home/daniel_kuo/CBDK_TSMC40_Arm_f2.0/CIC/Verilog/sc9_cln40g_base_lvt_neg.v, 85013
  The below duplicate timing check will be disabled:
  $recrem(negedge R, negedge CKN &&& (ENABLE_NOT_D_AND_SE_AND_SI == 1'b1), 
  1.0000000000000000, 0.50000000000000000, NOTIFIER, , , dR, dCKN);


Warning-[DDTC] Duplicate Timing Check is disabled
/home/daniel_kuo/CBDK_TSMC40_Arm_f2.0/CIC/Verilog/sc9_cln40g_base_lvt_neg.v, 85014
  The below duplicate timing check will be disabled:
  $recrem(negedge R, negedge CKN &&& (ENABLE_D_AND_NOT_SE_AND_NOT_SI == 1'b1),
  1.0000000000000000, 0.50000000000000000, NOTIFIER, , , dR, dCKN);


Warning-[DDTC] Duplicate Timing Check is disabled
/home/daniel_kuo/CBDK_TSMC40_Arm_f2.0/CIC/Verilog/sc9_cln40g_base_lvt_neg.v, 85015
  The below duplicate timing check will be disabled:
  $recrem(negedge R, negedge CKN &&& (ENABLE_D_AND_NOT_SE_AND_SI == 1'b1), 
  1.0000000000000000, 0.50000000000000000, NOTIFIER, , , dR, dCKN);


Warning-[DDTC] Duplicate Timing Check is disabled
/home/daniel_kuo/CBDK_TSMC40_Arm_f2.0/CIC/Verilog/sc9_cln40g_base_lvt_neg.v, 85016
  The below duplicate timing check will be disabled:
  $recrem(negedge R, negedge CKN &&& (ENABLE_D_AND_SE_AND_SI == 1'b1), 
  1.0000000000000000, 0.50000000000000000, NOTIFIER, , , dR, dCKN);


Warning-[DDTC] Duplicate Timing Check is disabled
/home/daniel_kuo/CBDK_TSMC40_Arm_f2.0/CIC/Verilog/sc9_cln40g_base_lvt_neg.v, 85209
  The below duplicate timing check will be disabled:
  $recrem(posedge SN, negedge CKN &&& (ENABLE_NOT_D_AND_NOT_SE_AND_NOT_SI == 
  1'b1), 1.0000000000000000, 0.50000000000000000, NOTIFIER, , , dSN, dCKN);


Warning-[DDTC] Duplicate Timing Check is disabled
/home/daniel_kuo/CBDK_TSMC40_Arm_f2.0/CIC/Verilog/sc9_cln40g_base_lvt_neg.v, 85210
  The below duplicate timing check will be disabled:
  $recrem(posedge SN, negedge CKN &&& (ENABLE_NOT_D_AND_NOT_SE_AND_SI == 
  1'b1), 1.0000000000000000, 0.50000000000000000, NOTIFIER, , , dSN, dCKN);


Warning-[DDTC] Duplicate Timing Check is disabled
/home/daniel_kuo/CBDK_TSMC40_Arm_f2.0/CIC/Verilog/sc9_cln40g_base_lvt_neg.v, 85211
  The below duplicate timing check will be disabled:
  $recrem(posedge SN, negedge CKN &&& (ENABLE_NOT_D_AND_SE_AND_NOT_SI == 
  1'b1), 1.0000000000000000, 0.50000000000000000, NOTIFIER, , , dSN, dCKN);


Warning-[DDTC] Duplicate Timing Check is disabled
/home/daniel_kuo/CBDK_TSMC40_Arm_f2.0/CIC/Verilog/sc9_cln40g_base_lvt_neg.v, 85212
  The below duplicate timing check will be disabled:
  $recrem(posedge SN, negedge CKN &&& (ENABLE_D_AND_SE_AND_NOT_SI == 1'b1), 
  1.0000000000000000, 0.50000000000000000, NOTIFIER, , , dSN, dCKN);


Warning-[DDTC] Duplicate Timing Check is disabled
/home/daniel_kuo/CBDK_TSMC40_Arm_f2.0/CIC/Verilog/sc9_cln40g_base_lvt_neg.v, 85397
  The below duplicate timing check will be disabled:
  $recrem(posedge SN, negedge CKN &&& (ENABLE_NOT_D_AND_NOT_SE_AND_NOT_SI == 
  1'b1), 1.0000000000000000, 0.50000000000000000, NOTIFIER, , , dSN, dCKN);


Warning-[DDTC] Duplicate Timing Check is disabled
/home/daniel_kuo/CBDK_TSMC40_Arm_f2.0/CIC/Verilog/sc9_cln40g_base_lvt_neg.v, 85398
  The below duplicate timing check will be disabled:
  $recrem(posedge SN, negedge CKN &&& (ENABLE_NOT_D_AND_NOT_SE_AND_SI == 
  1'b1), 1.0000000000000000, 0.50000000000000000, NOTIFIER, , , dSN, dCKN);


Warning-[DDTC] Duplicate Timing Check is disabled
/home/daniel_kuo/CBDK_TSMC40_Arm_f2.0/CIC/Verilog/sc9_cln40g_base_lvt_neg.v, 85399
  The below duplicate timing check will be disabled:
  $recrem(posedge SN, negedge CKN &&& (ENABLE_NOT_D_AND_SE_AND_NOT_SI == 
  1'b1), 1.0000000000000000, 0.50000000000000000, NOTIFIER, , , dSN, dCKN);


Warning-[DDTC] Duplicate Timing Check is disabled
/home/daniel_kuo/CBDK_TSMC40_Arm_f2.0/CIC/Verilog/sc9_cln40g_base_lvt_neg.v, 85400
  The below duplicate timing check will be disabled:
  $recrem(posedge SN, negedge CKN &&& (ENABLE_D_AND_SE_AND_NOT_SI == 1'b1), 
  1.0000000000000000, 0.50000000000000000, NOTIFIER, , , dSN, dCKN);


Warning-[DDTC] Duplicate Timing Check is disabled
/home/daniel_kuo/CBDK_TSMC40_Arm_f2.0/CIC/Verilog/sc9_cln40g_base_lvt_neg.v, 85585
  The below duplicate timing check will be disabled:
  $recrem(posedge SN, negedge CKN &&& (ENABLE_NOT_D_AND_NOT_SE_AND_NOT_SI == 
  1'b1), 1.0000000000000000, 0.50000000000000000, NOTIFIER, , , dSN, dCKN);


Warning-[DDTC] Duplicate Timing Check is disabled
/home/daniel_kuo/CBDK_TSMC40_Arm_f2.0/CIC/Verilog/sc9_cln40g_base_lvt_neg.v, 85586
  The below duplicate timing check will be disabled:
  $recrem(posedge SN, negedge CKN &&& (ENABLE_NOT_D_AND_NOT_SE_AND_SI == 
  1'b1), 1.0000000000000000, 0.50000000000000000, NOTIFIER, , , dSN, dCKN);


Warning-[DDTC] Duplicate Timing Check is disabled
/home/daniel_kuo/CBDK_TSMC40_Arm_f2.0/CIC/Verilog/sc9_cln40g_base_lvt_neg.v, 85587
  The below duplicate timing check will be disabled:
  $recrem(posedge SN, negedge CKN &&& (ENABLE_NOT_D_AND_SE_AND_NOT_SI == 
  1'b1), 1.0000000000000000, 0.50000000000000000, NOTIFIER, , , dSN, dCKN);


Warning-[DDTC] Duplicate Timing Check is disabled
/home/daniel_kuo/CBDK_TSMC40_Arm_f2.0/CIC/Verilog/sc9_cln40g_base_lvt_neg.v, 85588
  The below duplicate timing check will be disabled:
  $recrem(posedge SN, negedge CKN &&& (ENABLE_D_AND_SE_AND_NOT_SI == 1'b1), 
  1.0000000000000000, 0.50000000000000000, NOTIFIER, , , dSN, dCKN);


Warning-[DDTC] Duplicate Timing Check is disabled
/home/daniel_kuo/CBDK_TSMC40_Arm_f2.0/CIC/Verilog/sc9_cln40g_base_lvt_neg.v, 85840
  The below duplicate timing check will be disabled:
  $recrem(negedge R, negedge CKN &&& (ENABLE_NOT_D_AND_SE_AND_SI_AND_SN == 
  1'b1), 1.0000000000000000, 0.50000000000000000, NOTIFIER, , , dR, dCKN);


Warning-[DDTC] Duplicate Timing Check is disabled
/home/daniel_kuo/CBDK_TSMC40_Arm_f2.0/CIC/Verilog/sc9_cln40g_base_lvt_neg.v, 85841
  The below duplicate timing check will be disabled:
  $recrem(negedge R, negedge CKN &&& (ENABLE_D_AND_NOT_SE_AND_NOT_SI_AND_SN ==
  1'b1), 1.0000000000000000, 0.50000000000000000, NOTIFIER, , , dR, dCKN);


Warning-[DDTC] Duplicate Timing Check is disabled
/home/daniel_kuo/CBDK_TSMC40_Arm_f2.0/CIC/Verilog/sc9_cln40g_base_lvt_neg.v, 85842
  The below duplicate timing check will be disabled:
  $recrem(negedge R, negedge CKN &&& (ENABLE_D_AND_NOT_SE_AND_SI_AND_SN == 
  1'b1), 1.0000000000000000, 0.50000000000000000, NOTIFIER, , , dR, dCKN);


Warning-[DDTC] Duplicate Timing Check is disabled
/home/daniel_kuo/CBDK_TSMC40_Arm_f2.0/CIC/Verilog/sc9_cln40g_base_lvt_neg.v, 85843
  The below duplicate timing check will be disabled:
  $recrem(negedge R, negedge CKN &&& (ENABLE_D_AND_SE_AND_SI_AND_SN == 1'b1), 
  1.0000000000000000, 0.50000000000000000, NOTIFIER, , , dR, dCKN);


Warning-[DDTC] Duplicate Timing Check is disabled
/home/daniel_kuo/CBDK_TSMC40_Arm_f2.0/CIC/Verilog/sc9_cln40g_base_lvt_neg.v, 85868
  The below duplicate timing check will be disabled:
  $recrem(posedge SN, negedge CKN &&& 
  (ENABLE_NOT_D_AND_NOT_R_AND_NOT_SE_AND_NOT_SI == 1'b1), 1.0000000000000000, 
  0.50000000000000000, NOTIFIER, , , dSN, dCKN);


Warning-[DDTC] Duplicate Timing Check is disabled
/home/daniel_kuo/CBDK_TSMC40_Arm_f2.0/CIC/Verilog/sc9_cln40g_base_lvt_neg.v, 85869
  The below duplicate timing check will be disabled:
  $recrem(posedge SN, negedge CKN &&& 
  (ENABLE_NOT_D_AND_NOT_R_AND_NOT_SE_AND_SI == 1'b1), 1.0000000000000000, 
  0.50000000000000000, NOTIFIER, , , dSN, dCKN);


Warning-[DDTC] Duplicate Timing Check is disabled
/home/daniel_kuo/CBDK_TSMC40_Arm_f2.0/CIC/Verilog/sc9_cln40g_base_lvt_neg.v, 85870
  The below duplicate timing check will be disabled:
  $recrem(posedge SN, negedge CKN &&& 
  (ENABLE_NOT_D_AND_NOT_R_AND_SE_AND_NOT_SI == 1'b1), 1.0000000000000000, 
  0.50000000000000000, NOTIFIER, , , dSN, dCKN);


Warning-[DDTC] Duplicate Timing Check is disabled
/home/daniel_kuo/CBDK_TSMC40_Arm_f2.0/CIC/Verilog/sc9_cln40g_base_lvt_neg.v, 85871
  The below duplicate timing check will be disabled:
  $recrem(posedge SN, negedge CKN &&& (ENABLE_D_AND_NOT_R_AND_SE_AND_NOT_SI ==
  1'b1), 1.0000000000000000, 0.50000000000000000, NOTIFIER, , , dSN, dCKN);


Warning-[DDTC] Duplicate Timing Check is disabled
/home/daniel_kuo/CBDK_TSMC40_Arm_f2.0/CIC/Verilog/sc9_cln40g_base_lvt_neg.v, 86203
  The below duplicate timing check will be disabled:
  $recrem(negedge R, negedge CKN &&& (ENABLE_NOT_D_AND_SE_AND_SI_AND_SN == 
  1'b1), 1.0000000000000000, 0.50000000000000000, NOTIFIER, , , dR, dCKN);


Warning-[DDTC] Duplicate Timing Check is disabled
/home/daniel_kuo/CBDK_TSMC40_Arm_f2.0/CIC/Verilog/sc9_cln40g_base_lvt_neg.v, 86204
  The below duplicate timing check will be disabled:
  $recrem(negedge R, negedge CKN &&& (ENABLE_D_AND_NOT_SE_AND_NOT_SI_AND_SN ==
  1'b1), 1.0000000000000000, 0.50000000000000000, NOTIFIER, , , dR, dCKN);


Warning-[DDTC] Duplicate Timing Check is disabled
/home/daniel_kuo/CBDK_TSMC40_Arm_f2.0/CIC/Verilog/sc9_cln40g_base_lvt_neg.v, 86205
  The below duplicate timing check will be disabled:
  $recrem(negedge R, negedge CKN &&& (ENABLE_D_AND_NOT_SE_AND_SI_AND_SN == 
  1'b1), 1.0000000000000000, 0.50000000000000000, NOTIFIER, , , dR, dCKN);


Warning-[DDTC] Duplicate Timing Check is disabled
/home/daniel_kuo/CBDK_TSMC40_Arm_f2.0/CIC/Verilog/sc9_cln40g_base_lvt_neg.v, 86206
  The below duplicate timing check will be disabled:
  $recrem(negedge R, negedge CKN &&& (ENABLE_D_AND_SE_AND_SI_AND_SN == 1'b1), 
  1.0000000000000000, 0.50000000000000000, NOTIFIER, , , dR, dCKN);


Warning-[DDTC] Duplicate Timing Check is disabled
/home/daniel_kuo/CBDK_TSMC40_Arm_f2.0/CIC/Verilog/sc9_cln40g_base_lvt_neg.v, 86231
  The below duplicate timing check will be disabled:
  $recrem(posedge SN, negedge CKN &&& 
  (ENABLE_NOT_D_AND_NOT_R_AND_NOT_SE_AND_NOT_SI == 1'b1), 1.0000000000000000, 
  0.50000000000000000, NOTIFIER, , , dSN, dCKN);


Warning-[DDTC] Duplicate Timing Check is disabled
/home/daniel_kuo/CBDK_TSMC40_Arm_f2.0/CIC/Verilog/sc9_cln40g_base_lvt_neg.v, 86232
  The below duplicate timing check will be disabled:
  $recrem(posedge SN, negedge CKN &&& 
  (ENABLE_NOT_D_AND_NOT_R_AND_NOT_SE_AND_SI == 1'b1), 1.0000000000000000, 
  0.50000000000000000, NOTIFIER, , , dSN, dCKN);


Warning-[DDTC] Duplicate Timing Check is disabled
/home/daniel_kuo/CBDK_TSMC40_Arm_f2.0/CIC/Verilog/sc9_cln40g_base_lvt_neg.v, 86233
  The below duplicate timing check will be disabled:
  $recrem(posedge SN, negedge CKN &&& 
  (ENABLE_NOT_D_AND_NOT_R_AND_SE_AND_NOT_SI == 1'b1), 1.0000000000000000, 
  0.50000000000000000, NOTIFIER, , , dSN, dCKN);


Warning-[DDTC] Duplicate Timing Check is disabled
/home/daniel_kuo/CBDK_TSMC40_Arm_f2.0/CIC/Verilog/sc9_cln40g_base_lvt_neg.v, 86234
  The below duplicate timing check will be disabled:
  $recrem(posedge SN, negedge CKN &&& (ENABLE_D_AND_NOT_R_AND_SE_AND_NOT_SI ==
  1'b1), 1.0000000000000000, 0.50000000000000000, NOTIFIER, , , dSN, dCKN);


Warning-[DDTC] Duplicate Timing Check is disabled
/home/daniel_kuo/CBDK_TSMC40_Arm_f2.0/CIC/Verilog/sc9_cln40g_base_lvt_neg.v, 86566
  The below duplicate timing check will be disabled:
  $recrem(negedge R, negedge CKN &&& (ENABLE_NOT_D_AND_SE_AND_SI_AND_SN == 
  1'b1), 1.0000000000000000, 0.50000000000000000, NOTIFIER, , , dR, dCKN);


Warning-[DDTC] Duplicate Timing Check is disabled
/home/daniel_kuo/CBDK_TSMC40_Arm_f2.0/CIC/Verilog/sc9_cln40g_base_lvt_neg.v, 86567
  The below duplicate timing check will be disabled:
  $recrem(negedge R, negedge CKN &&& (ENABLE_D_AND_NOT_SE_AND_NOT_SI_AND_SN ==
  1'b1), 1.0000000000000000, 0.50000000000000000, NOTIFIER, , , dR, dCKN);


Warning-[DDTC] Duplicate Timing Check is disabled
/home/daniel_kuo/CBDK_TSMC40_Arm_f2.0/CIC/Verilog/sc9_cln40g_base_lvt_neg.v, 86568
  The below duplicate timing check will be disabled:
  $recrem(negedge R, negedge CKN &&& (ENABLE_D_AND_NOT_SE_AND_SI_AND_SN == 
  1'b1), 1.0000000000000000, 0.50000000000000000, NOTIFIER, , , dR, dCKN);


Warning-[DDTC] Duplicate Timing Check is disabled
/home/daniel_kuo/CBDK_TSMC40_Arm_f2.0/CIC/Verilog/sc9_cln40g_base_lvt_neg.v, 86569
  The below duplicate timing check will be disabled:
  $recrem(negedge R, negedge CKN &&& (ENABLE_D_AND_SE_AND_SI_AND_SN == 1'b1), 
  1.0000000000000000, 0.50000000000000000, NOTIFIER, , , dR, dCKN);


Warning-[DDTC] Duplicate Timing Check is disabled
/home/daniel_kuo/CBDK_TSMC40_Arm_f2.0/CIC/Verilog/sc9_cln40g_base_lvt_neg.v, 86594
  The below duplicate timing check will be disabled:
  $recrem(posedge SN, negedge CKN &&& 
  (ENABLE_NOT_D_AND_NOT_R_AND_NOT_SE_AND_NOT_SI == 1'b1), 1.0000000000000000, 
  0.50000000000000000, NOTIFIER, , , dSN, dCKN);


Warning-[DDTC] Duplicate Timing Check is disabled
/home/daniel_kuo/CBDK_TSMC40_Arm_f2.0/CIC/Verilog/sc9_cln40g_base_lvt_neg.v, 86595
  The below duplicate timing check will be disabled:
  $recrem(posedge SN, negedge CKN &&& 
  (ENABLE_NOT_D_AND_NOT_R_AND_NOT_SE_AND_SI == 1'b1), 1.0000000000000000, 
  0.50000000000000000, NOTIFIER, , , dSN, dCKN);


Warning-[DDTC] Duplicate Timing Check is disabled
/home/daniel_kuo/CBDK_TSMC40_Arm_f2.0/CIC/Verilog/sc9_cln40g_base_lvt_neg.v, 86596
  The below duplicate timing check will be disabled:
  $recrem(posedge SN, negedge CKN &&& 
  (ENABLE_NOT_D_AND_NOT_R_AND_SE_AND_NOT_SI == 1'b1), 1.0000000000000000, 
  0.50000000000000000, NOTIFIER, , , dSN, dCKN);


Warning-[DDTC] Duplicate Timing Check is disabled
/home/daniel_kuo/CBDK_TSMC40_Arm_f2.0/CIC/Verilog/sc9_cln40g_base_lvt_neg.v, 86597
  The below duplicate timing check will be disabled:
  $recrem(posedge SN, negedge CKN &&& (ENABLE_D_AND_NOT_R_AND_SE_AND_NOT_SI ==
  1'b1), 1.0000000000000000, 0.50000000000000000, NOTIFIER, , , dSN, dCKN);


   ***   $sdf_annotate() version 1.2R
   ***    SDF file: "KEYGEN_SYN.sdf"
   ***    Annotation scope: TESTBED.u_KEYGEN
   ***    No MTM selection argument specified
   ***    No SCALE FACTORS argument specified
   ***    No SCALE TYPE argument specified
   ***    MTM selection defaulted to "TOOL_CONTROL":
               (+typdelays compiled, TYPICAL delays selected)
   ***    SCALE FACTORS defaulted to "1.0:1.0:1.0":
   ***    SCALE TYPE defaulted to: "FROM_MTM"
   ***    Turnoff delay: "FROM_FILE"
   ***    Approximation (mipd) policy: "MAXIMUM"

   ***    SDF annotation begin: Wed Oct  8 04:50:02 2025


SDF Info: +pulse_r/100, +pulse_e/100 in effect

Warning-[SDFCOM_CFTC] Cannot find timing check 
KEYGEN_SYN.sdf, 293609
module: DFFRPQ_X3M_A9TL, "instance: TESTBED.u_KEYGEN.u_MODP_MKGM2_cnt_reg_8_"
  SDF Warning: Cannot find timing check $hold(posedge CK &&& 
  (ENABLE_D==1'h1),negedge R,...)
      


Warning-[SDFCOM_CFTC] Cannot find timing check 
KEYGEN_SYN.sdf, 293630
module: DFFRPQ_X3M_A9TL, "instance: TESTBED.u_KEYGEN.u_MODP_MONTYMUL_TOP_genblk1_0__u_MODP_MONTYMUL_a_b_p0i_reg_reg_21_"
  SDF Warning: Cannot find timing check $hold(posedge CK &&& 
  (ENABLE_D==1'h1),negedge R,...)
      


Warning-[SDFCOM_CFTC] Cannot find timing check 
KEYGEN_SYN.sdf, 293651
module: DFFRPQ_X3M_A9TL, "instance: TESTBED.u_KEYGEN.u_MODP_MONTYMUL_TOP_genblk1_1__u_MODP_MONTYMUL_p_reg_reg_9_"
  SDF Warning: Cannot find timing check $hold(posedge CK &&& 
  (ENABLE_D==1'h1),negedge R,...)
      


Warning-[SDFCOM_CFTC] Cannot find timing check 
KEYGEN_SYN.sdf, 293672
module: DFFRPQ_X3M_A9TL, "instance: TESTBED.u_KEYGEN.u_MODP_MONTYMUL_TOP_genblk1_0__u_MODP_MONTYMUL_p_reg_reg_9_"
  SDF Warning: Cannot find timing check $hold(posedge CK &&& 
  (ENABLE_D==1'h1),negedge R,...)
      


Warning-[SDFCOM_CFTC] Cannot find timing check 
KEYGEN_SYN.sdf, 293693
module: DFFRPQ_X3M_A9TL, "instance: TESTBED.u_KEYGEN.u_MODP_MONTYMUL_TOP_genblk1_0__u_MODP_MONTYMUL_p_reg_reg_4_"
  SDF Warning: Cannot find timing check $hold(posedge CK &&& 
  (ENABLE_D==1'h1),negedge R,...)
      


Warning-[SDFCOM_CFTC] Cannot find timing check 
KEYGEN_SYN.sdf, 293714
module: DFFRPQ_X3M_A9TL, "instance: TESTBED.u_KEYGEN.u_MODP_MONTYMUL_TOP_genblk1_0__u_MODP_MONTYMUL_p_reg_reg_15_"
  SDF Warning: Cannot find timing check $hold(posedge CK &&& 
  (ENABLE_D==1'h1),negedge R,...)
      


Warning-[SDFCOM_CFTC] Cannot find timing check 
KEYGEN_SYN.sdf, 293735
module: DFFRPQ_X3M_A9TL, "instance: TESTBED.u_KEYGEN.u_MODP_MONTYMUL_TOP_genblk1_1__u_MODP_MONTYMUL_a_b_p0i_reg_reg_1_"
  SDF Warning: Cannot find timing check $hold(posedge CK &&& 
  (ENABLE_D==1'h1),negedge R,...)
      


Warning-[SDFCOM_CFTC] Cannot find timing check 
KEYGEN_SYN.sdf, 293756
module: DFFRPQ_X3M_A9TL, "instance: TESTBED.u_KEYGEN.u_MODP_MONTYMUL_TOP_genblk1_0__u_MODP_MONTYMUL_a_b_p0i_reg_reg_9_"
  SDF Warning: Cannot find timing check $hold(posedge CK &&& 
  (ENABLE_D==1'h1),negedge R,...)
      


Warning-[SDFCOM_CFTC] Cannot find timing check 
KEYGEN_SYN.sdf, 293777
module: DFFRPQ_X3M_A9TL, "instance: TESTBED.u_KEYGEN.u_MODP_MONTYMUL_TOP_genblk1_0__u_MODP_MONTYMUL_a_b_p0i_reg_reg_4_"
  SDF Warning: Cannot find timing check $hold(posedge CK &&& 
  (ENABLE_D==1'h1),negedge R,...)
      

All future warnings not reported; use +sdfverbose to report them.

Warning-[SDFCOM_CFTC] Cannot find timing check 
KEYGEN_SYN.sdf, 293798
module: DFFRPQ_X2M_A9TR, "instance: TESTBED.u_KEYGEN.u_MODP_MKGM2_ig_reg_reg_12_"
  SDF Warning: Cannot find timing check $hold(posedge CK &&& 
  (ENABLE_D==1'h1),negedge R,...)
      


          Total errors: 0
          Total warnings: 606
   ***    SDF annotation completed: Wed Oct  8 04:50:02 2025



Warning-[DRTZ] Detect delay value roundoff to 0
  Delay from design or SDF file roundoff to 0 based on timescale
  Please use switch -diag timescale to dump detailed information.

Starting vcs inline pass...

Note-[VCS_PARAL] Parallel code-gen enabled
  VCS is running with parallel code generation(-j)...

2181 modules and 11 UDPs read.
	However, due to incremental compilation, no re-compilation is necessary.
make[1]: Entering directory `/home/daniel_kuo/Falcon/hardware/modp_mkgm2/03_GATE/csrc' \

rm -f _cuarc*.so _csrc*.so pre_vcsobj_*.so share_vcsobj_*.so
ld -shared  -Bsymbolic   -o .//../simv.daidir//_cuarc0.so objs/a/amcQw_d.o 
rm -f _cuarc0.so
if [ -x ../simv ]; then chmod a-x ../simv; fi
g++  -o ../simv      -rdynamic  -Wl,-rpath='$ORIGIN'/simv.daidir -Wl,-rpath=./simv.daidir \
-Wl,-rpath=/usr/cad/synopsys/vcs/2022.06/linux64/lib -L/usr/cad/synopsys/vcs/2022.06/linux64/lib \
-Wl,-rpath-link=./  /usr/lib64/libnuma.so.1     _16267_archive_1.so _prev_archive_1.so \
_cuarc0.so objs/udps/gSqMj.o objs/udps/AubIW.o objs/udps/D2wHf.o objs/udps/U7Vwg.o \
objs/udps/CjLsY.o objs/udps/vCfas.o objs/udps/V6gPN.o objs/udps/sk4QJ.o objs/udps/i2VqJ.o \
objs/udps/exIG1.o objs/udps/WTP7v.o  SIM_l.o      rmapats_mop.o rmapats.o rmar.o \
rmar_nd.o  rmar_llvm_0_1.o rmar_llvm_0_0.o           -lvirsim -lerrorinf -lsnpsmalloc \
-lvfs /usr/cad/synopsys/verdi/2022.06/share/PLI/VCS/linux64/pli.a    -lvcsnew -lsimprofile \
-luclinative /usr/cad/synopsys/vcs/2022.06/linux64/lib/vcs_tls.o   -Wl,-whole-archive \
-lvcsucli    -Wl,-no-whole-archive        _vcs_pli_stub_.o   /usr/cad/synopsys/vcs/2022.06/linux64/lib/vcs_save_restore_new.o \
/usr/cad/synopsys/verdi/2022.06//share/PLI/VCS/LINUX64/pli.a -ldl -lm  -lc -lpthread \
-ldl 
../simv up to date
make[1]: Leaving directory `/home/daniel_kuo/Falcon/hardware/modp_mkgm2/03_GATE/csrc' \

Command: /home/daniel_kuo/Falcon/hardware/modp_mkgm2/03_GATE/./simv +v2k -a vcs.log +define+GATE +neg_tchk
Chronologic VCS simulator copyright 1991-2022
Contains Synopsys proprietary information.
Compiler version T-2022.06_Full64; Runtime version T-2022.06_Full64;  Oct  8 04:50 2025
Doing SDF annotation ...... Done
PASS PATTERN NO.   1
PASS PATTERN NO.   2
PASS PATTERN NO.   3
PASS PATTERN NO.   4
PASS PATTERN NO.   5
PASS PATTERN NO.   6
PASS PATTERN NO.   7
PASS PATTERN NO.   8
PASS PATTERN NO.   9
PASS PATTERN NO.  10
PASS PATTERN NO.  11
PASS PATTERN NO.  12
PASS PATTERN NO.  13
PASS PATTERN NO.  14
PASS PATTERN NO.  15
PASS PATTERN NO.  16
PASS PATTERN NO.  17
PASS PATTERN NO.  18
PASS PATTERN NO.  19
PASS PATTERN NO.  20
PASS PATTERN NO.  21
PASS PATTERN NO.  22
PASS PATTERN NO.  23
PASS PATTERN NO.  24
PASS PATTERN NO.  25
PASS PATTERN NO.  26
PASS PATTERN NO.  27
PASS PATTERN NO.  28
PASS PATTERN NO.  29
PASS PATTERN NO.  30
PASS PATTERN NO.  31
PASS PATTERN NO.  32
PASS PATTERN NO.  33
PASS PATTERN NO.  34
PASS PATTERN NO.  35
PASS PATTERN NO.  36
PASS PATTERN NO.  37
PASS PATTERN NO.  38
PASS PATTERN NO.  39
PASS PATTERN NO.  40
PASS PATTERN NO.  41
PASS PATTERN NO.  42
PASS PATTERN NO.  43
PASS PATTERN NO.  44
PASS PATTERN NO.  45
PASS PATTERN NO.  46
PASS PATTERN NO.  47
PASS PATTERN NO.  48
PASS PATTERN NO.  49
PASS PATTERN NO.  50
PASS PATTERN NO.  51
PASS PATTERN NO.  52
PASS PATTERN NO.  53
PASS PATTERN NO.  54
PASS PATTERN NO.  55
PASS PATTERN NO.  56
PASS PATTERN NO.  57
PASS PATTERN NO.  58
PASS PATTERN NO.  59
PASS PATTERN NO.  60
PASS PATTERN NO.  61
PASS PATTERN NO.  62
PASS PATTERN NO.  63
PASS PATTERN NO.  64
PASS PATTERN NO.  65
PASS PATTERN NO.  66
PASS PATTERN NO.  67
PASS PATTERN NO.  68
PASS PATTERN NO.  69
PASS PATTERN NO.  70
PASS PATTERN NO.  71
PASS PATTERN NO.  72
PASS PATTERN NO.  73
PASS PATTERN NO.  74
PASS PATTERN NO.  75
PASS PATTERN NO.  76
PASS PATTERN NO.  77
PASS PATTERN NO.  78
PASS PATTERN NO.  79
PASS PATTERN NO.  80
PASS PATTERN NO.  81
PASS PATTERN NO.  82
PASS PATTERN NO.  83
PASS PATTERN NO.  84
PASS PATTERN NO.  85
PASS PATTERN NO.  86
PASS PATTERN NO.  87
PASS PATTERN NO.  88
PASS PATTERN NO.  89
PASS PATTERN NO.  90
PASS PATTERN NO.  91
PASS PATTERN NO.  92
PASS PATTERN NO.  93
PASS PATTERN NO.  94
PASS PATTERN NO.  95
PASS PATTERN NO.  96
PASS PATTERN NO.  97
PASS PATTERN NO.  98
PASS PATTERN NO.  99
PASS PATTERN NO. 100
PASS PATTERN NO. 101
PASS PATTERN NO. 102
PASS PATTERN NO. 103
PASS PATTERN NO. 104
PASS PATTERN NO. 105
PASS PATTERN NO. 106
PASS PATTERN NO. 107
PASS PATTERN NO. 108
PASS PATTERN NO. 109
PASS PATTERN NO. 110
PASS PATTERN NO. 111
PASS PATTERN NO. 112
PASS PATTERN NO. 113
PASS PATTERN NO. 114
PASS PATTERN NO. 115
PASS PATTERN NO. 116
PASS PATTERN NO. 117
PASS PATTERN NO. 118
PASS PATTERN NO. 119
PASS PATTERN NO. 120
PASS PATTERN NO. 121
PASS PATTERN NO. 122
PASS PATTERN NO. 123
PASS PATTERN NO. 124
PASS PATTERN NO. 125
PASS PATTERN NO. 126
PASS PATTERN NO. 127
PASS PATTERN NO. 128
PASS PATTERN NO. 129
PASS PATTERN NO. 130
PASS PATTERN NO. 131
PASS PATTERN NO. 132
PASS PATTERN NO. 133
PASS PATTERN NO. 134
PASS PATTERN NO. 135
PASS PATTERN NO. 136
PASS PATTERN NO. 137
PASS PATTERN NO. 138
PASS PATTERN NO. 139
PASS PATTERN NO. 140
PASS PATTERN NO. 141
PASS PATTERN NO. 142
PASS PATTERN NO. 143
PASS PATTERN NO. 144
PASS PATTERN NO. 145
PASS PATTERN NO. 146
PASS PATTERN NO. 147
PASS PATTERN NO. 148
PASS PATTERN NO. 149
PASS PATTERN NO. 150
PASS PATTERN NO. 151
PASS PATTERN NO. 152
PASS PATTERN NO. 153
PASS PATTERN NO. 154
PASS PATTERN NO. 155
PASS PATTERN NO. 156
PASS PATTERN NO. 157
PASS PATTERN NO. 158
PASS PATTERN NO. 159
PASS PATTERN NO. 160
PASS PATTERN NO. 161
PASS PATTERN NO. 162
PASS PATTERN NO. 163
PASS PATTERN NO. 164
PASS PATTERN NO. 165
PASS PATTERN NO. 166
PASS PATTERN NO. 167
PASS PATTERN NO. 168
PASS PATTERN NO. 169
PASS PATTERN NO. 170
PASS PATTERN NO. 171
PASS PATTERN NO. 172
PASS PATTERN NO. 173
PASS PATTERN NO. 174
PASS PATTERN NO. 175
PASS PATTERN NO. 176
PASS PATTERN NO. 177
PASS PATTERN NO. 178
PASS PATTERN NO. 179
PASS PATTERN NO. 180
PASS PATTERN NO. 181
PASS PATTERN NO. 182
PASS PATTERN NO. 183
PASS PATTERN NO. 184
PASS PATTERN NO. 185
PASS PATTERN NO. 186
PASS PATTERN NO. 187
PASS PATTERN NO. 188
PASS PATTERN NO. 189
PASS PATTERN NO. 190
PASS PATTERN NO. 191
PASS PATTERN NO. 192
PASS PATTERN NO. 193
PASS PATTERN NO. 194
PASS PATTERN NO. 195
PASS PATTERN NO. 196
PASS PATTERN NO. 197
PASS PATTERN NO. 198
PASS PATTERN NO. 199
PASS PATTERN NO. 200
PASS PATTERN NO. 201
PASS PATTERN NO. 202
PASS PATTERN NO. 203
PASS PATTERN NO. 204
PASS PATTERN NO. 205
PASS PATTERN NO. 206
PASS PATTERN NO. 207
PASS PATTERN NO. 208
PASS PATTERN NO. 209
PASS PATTERN NO. 210
PASS PATTERN NO. 211
PASS PATTERN NO. 212
PASS PATTERN NO. 213
PASS PATTERN NO. 214
PASS PATTERN NO. 215
PASS PATTERN NO. 216
PASS PATTERN NO. 217
PASS PATTERN NO. 218
PASS PATTERN NO. 219
PASS PATTERN NO. 220
PASS PATTERN NO. 221
PASS PATTERN NO. 222
PASS PATTERN NO. 223
PASS PATTERN NO. 224
PASS PATTERN NO. 225
PASS PATTERN NO. 226
PASS PATTERN NO. 227
PASS PATTERN NO. 228
PASS PATTERN NO. 229
PASS PATTERN NO. 230
PASS PATTERN NO. 231
PASS PATTERN NO. 232
PASS PATTERN NO. 233
PASS PATTERN NO. 234
PASS PATTERN NO. 235
PASS PATTERN NO. 236
PASS PATTERN NO. 237
PASS PATTERN NO. 238
PASS PATTERN NO. 239
PASS PATTERN NO. 240
PASS PATTERN NO. 241
PASS PATTERN NO. 242
PASS PATTERN NO. 243
PASS PATTERN NO. 244
PASS PATTERN NO. 245
PASS PATTERN NO. 246
PASS PATTERN NO. 247
PASS PATTERN NO. 248
PASS PATTERN NO. 249
PASS PATTERN NO. 250
PASS PATTERN NO. 251
PASS PATTERN NO. 252
PASS PATTERN NO. 253
PASS PATTERN NO. 254
PASS PATTERN NO. 255
PASS PATTERN NO. 256
PASS PATTERN NO. 257
PASS PATTERN NO. 258
PASS PATTERN NO. 259
PASS PATTERN NO. 260
PASS PATTERN NO. 261
PASS PATTERN NO. 262
PASS PATTERN NO. 263
PASS PATTERN NO. 264
PASS PATTERN NO. 265
PASS PATTERN NO. 266
PASS PATTERN NO. 267
PASS PATTERN NO. 268
PASS PATTERN NO. 269
PASS PATTERN NO. 270
PASS PATTERN NO. 271
PASS PATTERN NO. 272
PASS PATTERN NO. 273
PASS PATTERN NO. 274
PASS PATTERN NO. 275
PASS PATTERN NO. 276
PASS PATTERN NO. 277
PASS PATTERN NO. 278
PASS PATTERN NO. 279
PASS PATTERN NO. 280
PASS PATTERN NO. 281
PASS PATTERN NO. 282
PASS PATTERN NO. 283
PASS PATTERN NO. 284
PASS PATTERN NO. 285
PASS PATTERN NO. 286
PASS PATTERN NO. 287
PASS PATTERN NO. 288
PASS PATTERN NO. 289
PASS PATTERN NO. 290
PASS PATTERN NO. 291
PASS PATTERN NO. 292
PASS PATTERN NO. 293
PASS PATTERN NO. 294
PASS PATTERN NO. 295
PASS PATTERN NO. 296
PASS PATTERN NO. 297
PASS PATTERN NO. 298
PASS PATTERN NO. 299
PASS PATTERN NO. 300
PASS PATTERN NO. 301
PASS PATTERN NO. 302
PASS PATTERN NO. 303
PASS PATTERN NO. 304
PASS PATTERN NO. 305
PASS PATTERN NO. 306
PASS PATTERN NO. 307
PASS PATTERN NO. 308
PASS PATTERN NO. 309
PASS PATTERN NO. 310
PASS PATTERN NO. 311
PASS PATTERN NO. 312
PASS PATTERN NO. 313
PASS PATTERN NO. 314
PASS PATTERN NO. 315
PASS PATTERN NO. 316
PASS PATTERN NO. 317
PASS PATTERN NO. 318
PASS PATTERN NO. 319
PASS PATTERN NO. 320
PASS PATTERN NO. 321
PASS PATTERN NO. 322
PASS PATTERN NO. 323
PASS PATTERN NO. 324
PASS PATTERN NO. 325
PASS PATTERN NO. 326
PASS PATTERN NO. 327
PASS PATTERN NO. 328
PASS PATTERN NO. 329
PASS PATTERN NO. 330
PASS PATTERN NO. 331
PASS PATTERN NO. 332
PASS PATTERN NO. 333
PASS PATTERN NO. 334
PASS PATTERN NO. 335
PASS PATTERN NO. 336
PASS PATTERN NO. 337
PASS PATTERN NO. 338
PASS PATTERN NO. 339
PASS PATTERN NO. 340
PASS PATTERN NO. 341
PASS PATTERN NO. 342
PASS PATTERN NO. 343
PASS PATTERN NO. 344
PASS PATTERN NO. 345
PASS PATTERN NO. 346
PASS PATTERN NO. 347
PASS PATTERN NO. 348
PASS PATTERN NO. 349
PASS PATTERN NO. 350
PASS PATTERN NO. 351
PASS PATTERN NO. 352
PASS PATTERN NO. 353
PASS PATTERN NO. 354
PASS PATTERN NO. 355
PASS PATTERN NO. 356
PASS PATTERN NO. 357
PASS PATTERN NO. 358
PASS PATTERN NO. 359
PASS PATTERN NO. 360
PASS PATTERN NO. 361
PASS PATTERN NO. 362
PASS PATTERN NO. 363
PASS PATTERN NO. 364
PASS PATTERN NO. 365
PASS PATTERN NO. 366
PASS PATTERN NO. 367
PASS PATTERN NO. 368
PASS PATTERN NO. 369
PASS PATTERN NO. 370
PASS PATTERN NO. 371
PASS PATTERN NO. 372
PASS PATTERN NO. 373
PASS PATTERN NO. 374
PASS PATTERN NO. 375
PASS PATTERN NO. 376
PASS PATTERN NO. 377
PASS PATTERN NO. 378
PASS PATTERN NO. 379
PASS PATTERN NO. 380
PASS PATTERN NO. 381
PASS PATTERN NO. 382
PASS PATTERN NO. 383
PASS PATTERN NO. 384
PASS PATTERN NO. 385
PASS PATTERN NO. 386
PASS PATTERN NO. 387
PASS PATTERN NO. 388
PASS PATTERN NO. 389
PASS PATTERN NO. 390
PASS PATTERN NO. 391
PASS PATTERN NO. 392
PASS PATTERN NO. 393
PASS PATTERN NO. 394
PASS PATTERN NO. 395
PASS PATTERN NO. 396
PASS PATTERN NO. 397
PASS PATTERN NO. 398
PASS PATTERN NO. 399
PASS PATTERN NO. 400
PASS PATTERN NO. 401
PASS PATTERN NO. 402
PASS PATTERN NO. 403
PASS PATTERN NO. 404
PASS PATTERN NO. 405
PASS PATTERN NO. 406
PASS PATTERN NO. 407
PASS PATTERN NO. 408
PASS PATTERN NO. 409
PASS PATTERN NO. 410
PASS PATTERN NO. 411
PASS PATTERN NO. 412
PASS PATTERN NO. 413
PASS PATTERN NO. 414
PASS PATTERN NO. 415
PASS PATTERN NO. 416
PASS PATTERN NO. 417
PASS PATTERN NO. 418
PASS PATTERN NO. 419
PASS PATTERN NO. 420
PASS PATTERN NO. 421
PASS PATTERN NO. 422
PASS PATTERN NO. 423
PASS PATTERN NO. 424
PASS PATTERN NO. 425
PASS PATTERN NO. 426
PASS PATTERN NO. 427
PASS PATTERN NO. 428
PASS PATTERN NO. 429
PASS PATTERN NO. 430
PASS PATTERN NO. 431
PASS PATTERN NO. 432
PASS PATTERN NO. 433
PASS PATTERN NO. 434
PASS PATTERN NO. 435
PASS PATTERN NO. 436
PASS PATTERN NO. 437
PASS PATTERN NO. 438
PASS PATTERN NO. 439
PASS PATTERN NO. 440
PASS PATTERN NO. 441
PASS PATTERN NO. 442
PASS PATTERN NO. 443
PASS PATTERN NO. 444
PASS PATTERN NO. 445
PASS PATTERN NO. 446
PASS PATTERN NO. 447
PASS PATTERN NO. 448
PASS PATTERN NO. 449
PASS PATTERN NO. 450
PASS PATTERN NO. 451
PASS PATTERN NO. 452
PASS PATTERN NO. 453
PASS PATTERN NO. 454
PASS PATTERN NO. 455
PASS PATTERN NO. 456
PASS PATTERN NO. 457
PASS PATTERN NO. 458
PASS PATTERN NO. 459
PASS PATTERN NO. 460
PASS PATTERN NO. 461
PASS PATTERN NO. 462
PASS PATTERN NO. 463
PASS PATTERN NO. 464
PASS PATTERN NO. 465
PASS PATTERN NO. 466
PASS PATTERN NO. 467
PASS PATTERN NO. 468
PASS PATTERN NO. 469
PASS PATTERN NO. 470
PASS PATTERN NO. 471
PASS PATTERN NO. 472
PASS PATTERN NO. 473
PASS PATTERN NO. 474
PASS PATTERN NO. 475
PASS PATTERN NO. 476
PASS PATTERN NO. 477
PASS PATTERN NO. 478
PASS PATTERN NO. 479
PASS PATTERN NO. 480
PASS PATTERN NO. 481
PASS PATTERN NO. 482
PASS PATTERN NO. 483
PASS PATTERN NO. 484
PASS PATTERN NO. 485
PASS PATTERN NO. 486
PASS PATTERN NO. 487
PASS PATTERN NO. 488
PASS PATTERN NO. 489
PASS PATTERN NO. 490
PASS PATTERN NO. 491
PASS PATTERN NO. 492
PASS PATTERN NO. 493
PASS PATTERN NO. 494
PASS PATTERN NO. 495
PASS PATTERN NO. 496
PASS PATTERN NO. 497
PASS PATTERN NO. 498
PASS PATTERN NO. 499
PASS PATTERN NO. 500
PASS PATTERN NO. 501
PASS PATTERN NO. 502
PASS PATTERN NO. 503
PASS PATTERN NO. 504
PASS PATTERN NO. 505
PASS PATTERN NO. 506
PASS PATTERN NO. 507
PASS PATTERN NO. 508
PASS PATTERN NO. 509
PASS PATTERN NO. 510
PASS PATTERN NO. 511
PASS PATTERN NO. 512
PASS PATTERN NO. 513
PASS PATTERN NO. 514
PASS PATTERN NO. 515
PASS PATTERN NO. 516
PASS PATTERN NO. 517
PASS PATTERN NO. 518
PASS PATTERN NO. 519
PASS PATTERN NO. 520
PASS PATTERN NO. 521
PASS PATTERN NO. 522
PASS PATTERN NO. 523
PASS PATTERN NO. 524
PASS PATTERN NO. 525
PASS PATTERN NO. 526
PASS PATTERN NO. 527
PASS PATTERN NO. 528
PASS PATTERN NO. 529
PASS PATTERN NO. 530
PASS PATTERN NO. 531
PASS PATTERN NO. 532
PASS PATTERN NO. 533
PASS PATTERN NO. 534
PASS PATTERN NO. 535
PASS PATTERN NO. 536
PASS PATTERN NO. 537
PASS PATTERN NO. 538
PASS PATTERN NO. 539
PASS PATTERN NO. 540
PASS PATTERN NO. 541
PASS PATTERN NO. 542
PASS PATTERN NO. 543
PASS PATTERN NO. 544
PASS PATTERN NO. 545
PASS PATTERN NO. 546
PASS PATTERN NO. 547
PASS PATTERN NO. 548
PASS PATTERN NO. 549
PASS PATTERN NO. 550
PASS PATTERN NO. 551
PASS PATTERN NO. 552
PASS PATTERN NO. 553
PASS PATTERN NO. 554
PASS PATTERN NO. 555
PASS PATTERN NO. 556
PASS PATTERN NO. 557
PASS PATTERN NO. 558
PASS PATTERN NO. 559
PASS PATTERN NO. 560
PASS PATTERN NO. 561
PASS PATTERN NO. 562
PASS PATTERN NO. 563
PASS PATTERN NO. 564
PASS PATTERN NO. 565
PASS PATTERN NO. 566
PASS PATTERN NO. 567
PASS PATTERN NO. 568
PASS PATTERN NO. 569
PASS PATTERN NO. 570
PASS PATTERN NO. 571
PASS PATTERN NO. 572
PASS PATTERN NO. 573
PASS PATTERN NO. 574
PASS PATTERN NO. 575
PASS PATTERN NO. 576
PASS PATTERN NO. 577
PASS PATTERN NO. 578
PASS PATTERN NO. 579
PASS PATTERN NO. 580
PASS PATTERN NO. 581
PASS PATTERN NO. 582
PASS PATTERN NO. 583
PASS PATTERN NO. 584
PASS PATTERN NO. 585
PASS PATTERN NO. 586
PASS PATTERN NO. 587
PASS PATTERN NO. 588
PASS PATTERN NO. 589
PASS PATTERN NO. 590
PASS PATTERN NO. 591
PASS PATTERN NO. 592
PASS PATTERN NO. 593
PASS PATTERN NO. 594
PASS PATTERN NO. 595
PASS PATTERN NO. 596
PASS PATTERN NO. 597
PASS PATTERN NO. 598
PASS PATTERN NO. 599
PASS PATTERN NO. 600
PASS PATTERN NO. 601
PASS PATTERN NO. 602
PASS PATTERN NO. 603
PASS PATTERN NO. 604
PASS PATTERN NO. 605
PASS PATTERN NO. 606
PASS PATTERN NO. 607
PASS PATTERN NO. 608
PASS PATTERN NO. 609
PASS PATTERN NO. 610
PASS PATTERN NO. 611
PASS PATTERN NO. 612
PASS PATTERN NO. 613
PASS PATTERN NO. 614
PASS PATTERN NO. 615
PASS PATTERN NO. 616
PASS PATTERN NO. 617
PASS PATTERN NO. 618
PASS PATTERN NO. 619
PASS PATTERN NO. 620
PASS PATTERN NO. 621
PASS PATTERN NO. 622
PASS PATTERN NO. 623
PASS PATTERN NO. 624
PASS PATTERN NO. 625
PASS PATTERN NO. 626
PASS PATTERN NO. 627
PASS PATTERN NO. 628
PASS PATTERN NO. 629
PASS PATTERN NO. 630
PASS PATTERN NO. 631
PASS PATTERN NO. 632
PASS PATTERN NO. 633
PASS PATTERN NO. 634
PASS PATTERN NO. 635
PASS PATTERN NO. 636
PASS PATTERN NO. 637
PASS PATTERN NO. 638
PASS PATTERN NO. 639
PASS PATTERN NO. 640
PASS PATTERN NO. 641
PASS PATTERN NO. 642
PASS PATTERN NO. 643
PASS PATTERN NO. 644
PASS PATTERN NO. 645
PASS PATTERN NO. 646
PASS PATTERN NO. 647
PASS PATTERN NO. 648
PASS PATTERN NO. 649
PASS PATTERN NO. 650
PASS PATTERN NO. 651
PASS PATTERN NO. 652
PASS PATTERN NO. 653
PASS PATTERN NO. 654
PASS PATTERN NO. 655
PASS PATTERN NO. 656
PASS PATTERN NO. 657
PASS PATTERN NO. 658
PASS PATTERN NO. 659
PASS PATTERN NO. 660
PASS PATTERN NO. 661
PASS PATTERN NO. 662
PASS PATTERN NO. 663
PASS PATTERN NO. 664
PASS PATTERN NO. 665
PASS PATTERN NO. 666
PASS PATTERN NO. 667
PASS PATTERN NO. 668
PASS PATTERN NO. 669
PASS PATTERN NO. 670
PASS PATTERN NO. 671
PASS PATTERN NO. 672
PASS PATTERN NO. 673
PASS PATTERN NO. 674
PASS PATTERN NO. 675
PASS PATTERN NO. 676
PASS PATTERN NO. 677
PASS PATTERN NO. 678
PASS PATTERN NO. 679
PASS PATTERN NO. 680
PASS PATTERN NO. 681
PASS PATTERN NO. 682
PASS PATTERN NO. 683
PASS PATTERN NO. 684
PASS PATTERN NO. 685
PASS PATTERN NO. 686
PASS PATTERN NO. 687
PASS PATTERN NO. 688
PASS PATTERN NO. 689
PASS PATTERN NO. 690
PASS PATTERN NO. 691
PASS PATTERN NO. 692
PASS PATTERN NO. 693
PASS PATTERN NO. 694
PASS PATTERN NO. 695
PASS PATTERN NO. 696
PASS PATTERN NO. 697
PASS PATTERN NO. 698
PASS PATTERN NO. 699
PASS PATTERN NO. 700
PASS PATTERN NO. 701
PASS PATTERN NO. 702
PASS PATTERN NO. 703
PASS PATTERN NO. 704
PASS PATTERN NO. 705
PASS PATTERN NO. 706
PASS PATTERN NO. 707
PASS PATTERN NO. 708
PASS PATTERN NO. 709
PASS PATTERN NO. 710
PASS PATTERN NO. 711
PASS PATTERN NO. 712
PASS PATTERN NO. 713
PASS PATTERN NO. 714
PASS PATTERN NO. 715
PASS PATTERN NO. 716
PASS PATTERN NO. 717
PASS PATTERN NO. 718
PASS PATTERN NO. 719
PASS PATTERN NO. 720
PASS PATTERN NO. 721
PASS PATTERN NO. 722
PASS PATTERN NO. 723
PASS PATTERN NO. 724
PASS PATTERN NO. 725
PASS PATTERN NO. 726
PASS PATTERN NO. 727
PASS PATTERN NO. 728
PASS PATTERN NO. 729
PASS PATTERN NO. 730
PASS PATTERN NO. 731
PASS PATTERN NO. 732
PASS PATTERN NO. 733
PASS PATTERN NO. 734
PASS PATTERN NO. 735
PASS PATTERN NO. 736
PASS PATTERN NO. 737
PASS PATTERN NO. 738
PASS PATTERN NO. 739
PASS PATTERN NO. 740
PASS PATTERN NO. 741
PASS PATTERN NO. 742
PASS PATTERN NO. 743
PASS PATTERN NO. 744
PASS PATTERN NO. 745
PASS PATTERN NO. 746
PASS PATTERN NO. 747
PASS PATTERN NO. 748
PASS PATTERN NO. 749
PASS PATTERN NO. 750
PASS PATTERN NO. 751
PASS PATTERN NO. 752
PASS PATTERN NO. 753
PASS PATTERN NO. 754
PASS PATTERN NO. 755
PASS PATTERN NO. 756
PASS PATTERN NO. 757
PASS PATTERN NO. 758
PASS PATTERN NO. 759
PASS PATTERN NO. 760
PASS PATTERN NO. 761
PASS PATTERN NO. 762
PASS PATTERN NO. 763
PASS PATTERN NO. 764
PASS PATTERN NO. 765
PASS PATTERN NO. 766
PASS PATTERN NO. 767
PASS PATTERN NO. 768
PASS PATTERN NO. 769
PASS PATTERN NO. 770
PASS PATTERN NO. 771
PASS PATTERN NO. 772
PASS PATTERN NO. 773
PASS PATTERN NO. 774
PASS PATTERN NO. 775
PASS PATTERN NO. 776
PASS PATTERN NO. 777
PASS PATTERN NO. 778
PASS PATTERN NO. 779
PASS PATTERN NO. 780
PASS PATTERN NO. 781
PASS PATTERN NO. 782
PASS PATTERN NO. 783
PASS PATTERN NO. 784
PASS PATTERN NO. 785
PASS PATTERN NO. 786
PASS PATTERN NO. 787
PASS PATTERN NO. 788
PASS PATTERN NO. 789
PASS PATTERN NO. 790
PASS PATTERN NO. 791
PASS PATTERN NO. 792
PASS PATTERN NO. 793
PASS PATTERN NO. 794
PASS PATTERN NO. 795
PASS PATTERN NO. 796
PASS PATTERN NO. 797
PASS PATTERN NO. 798
PASS PATTERN NO. 799
PASS PATTERN NO. 800
PASS PATTERN NO. 801
PASS PATTERN NO. 802
PASS PATTERN NO. 803
PASS PATTERN NO. 804
PASS PATTERN NO. 805
PASS PATTERN NO. 806
PASS PATTERN NO. 807
PASS PATTERN NO. 808
PASS PATTERN NO. 809
PASS PATTERN NO. 810
PASS PATTERN NO. 811
PASS PATTERN NO. 812
PASS PATTERN NO. 813
PASS PATTERN NO. 814
PASS PATTERN NO. 815
PASS PATTERN NO. 816
PASS PATTERN NO. 817
PASS PATTERN NO. 818
PASS PATTERN NO. 819
PASS PATTERN NO. 820
PASS PATTERN NO. 821
PASS PATTERN NO. 822
PASS PATTERN NO. 823
PASS PATTERN NO. 824
PASS PATTERN NO. 825
PASS PATTERN NO. 826
PASS PATTERN NO. 827
PASS PATTERN NO. 828
PASS PATTERN NO. 829
PASS PATTERN NO. 830
PASS PATTERN NO. 831
PASS PATTERN NO. 832
PASS PATTERN NO. 833
PASS PATTERN NO. 834
PASS PATTERN NO. 835
PASS PATTERN NO. 836
PASS PATTERN NO. 837
PASS PATTERN NO. 838
PASS PATTERN NO. 839
PASS PATTERN NO. 840
PASS PATTERN NO. 841
PASS PATTERN NO. 842
PASS PATTERN NO. 843
PASS PATTERN NO. 844
PASS PATTERN NO. 845
PASS PATTERN NO. 846
PASS PATTERN NO. 847
PASS PATTERN NO. 848
PASS PATTERN NO. 849
PASS PATTERN NO. 850
PASS PATTERN NO. 851
PASS PATTERN NO. 852
PASS PATTERN NO. 853
PASS PATTERN NO. 854
PASS PATTERN NO. 855
PASS PATTERN NO. 856
PASS PATTERN NO. 857
PASS PATTERN NO. 858
PASS PATTERN NO. 859
PASS PATTERN NO. 860
PASS PATTERN NO. 861
PASS PATTERN NO. 862
PASS PATTERN NO. 863
PASS PATTERN NO. 864
PASS PATTERN NO. 865
PASS PATTERN NO. 866
PASS PATTERN NO. 867
PASS PATTERN NO. 868
PASS PATTERN NO. 869
PASS PATTERN NO. 870
PASS PATTERN NO. 871
PASS PATTERN NO. 872
PASS PATTERN NO. 873
PASS PATTERN NO. 874
PASS PATTERN NO. 875
PASS PATTERN NO. 876
PASS PATTERN NO. 877
PASS PATTERN NO. 878
PASS PATTERN NO. 879
PASS PATTERN NO. 880
PASS PATTERN NO. 881
PASS PATTERN NO. 882
PASS PATTERN NO. 883
PASS PATTERN NO. 884
PASS PATTERN NO. 885
PASS PATTERN NO. 886
PASS PATTERN NO. 887
PASS PATTERN NO. 888
PASS PATTERN NO. 889
PASS PATTERN NO. 890
PASS PATTERN NO. 891
PASS PATTERN NO. 892
PASS PATTERN NO. 893
PASS PATTERN NO. 894
PASS PATTERN NO. 895
PASS PATTERN NO. 896
PASS PATTERN NO. 897
PASS PATTERN NO. 898
PASS PATTERN NO. 899
PASS PATTERN NO. 900
PASS PATTERN NO. 901
PASS PATTERN NO. 902
PASS PATTERN NO. 903
PASS PATTERN NO. 904
PASS PATTERN NO. 905
PASS PATTERN NO. 906
PASS PATTERN NO. 907
PASS PATTERN NO. 908
PASS PATTERN NO. 909
PASS PATTERN NO. 910
PASS PATTERN NO. 911
PASS PATTERN NO. 912
PASS PATTERN NO. 913
PASS PATTERN NO. 914
PASS PATTERN NO. 915
PASS PATTERN NO. 916
PASS PATTERN NO. 917
PASS PATTERN NO. 918
PASS PATTERN NO. 919
PASS PATTERN NO. 920
PASS PATTERN NO. 921
PASS PATTERN NO. 922
PASS PATTERN NO. 923
PASS PATTERN NO. 924
PASS PATTERN NO. 925
PASS PATTERN NO. 926
PASS PATTERN NO. 927
PASS PATTERN NO. 928
PASS PATTERN NO. 929
PASS PATTERN NO. 930
PASS PATTERN NO. 931
PASS PATTERN NO. 932
PASS PATTERN NO. 933
PASS PATTERN NO. 934
PASS PATTERN NO. 935
PASS PATTERN NO. 936
PASS PATTERN NO. 937
PASS PATTERN NO. 938
PASS PATTERN NO. 939
PASS PATTERN NO. 940
PASS PATTERN NO. 941
PASS PATTERN NO. 942
PASS PATTERN NO. 943
PASS PATTERN NO. 944
PASS PATTERN NO. 945
PASS PATTERN NO. 946
PASS PATTERN NO. 947
PASS PATTERN NO. 948
PASS PATTERN NO. 949
PASS PATTERN NO. 950
PASS PATTERN NO. 951
PASS PATTERN NO. 952
PASS PATTERN NO. 953
PASS PATTERN NO. 954
PASS PATTERN NO. 955
PASS PATTERN NO. 956
PASS PATTERN NO. 957
PASS PATTERN NO. 958
PASS PATTERN NO. 959
PASS PATTERN NO. 960
PASS PATTERN NO. 961
PASS PATTERN NO. 962
PASS PATTERN NO. 963
PASS PATTERN NO. 964
PASS PATTERN NO. 965
PASS PATTERN NO. 966
PASS PATTERN NO. 967
PASS PATTERN NO. 968
PASS PATTERN NO. 969
PASS PATTERN NO. 970
PASS PATTERN NO. 971
PASS PATTERN NO. 972
PASS PATTERN NO. 973
PASS PATTERN NO. 974
PASS PATTERN NO. 975
PASS PATTERN NO. 976
PASS PATTERN NO. 977
PASS PATTERN NO. 978
PASS PATTERN NO. 979
PASS PATTERN NO. 980
PASS PATTERN NO. 981
PASS PATTERN NO. 982
PASS PATTERN NO. 983
PASS PATTERN NO. 984
PASS PATTERN NO. 985
PASS PATTERN NO. 986
PASS PATTERN NO. 987
PASS PATTERN NO. 988
PASS PATTERN NO. 989
PASS PATTERN NO. 990
PASS PATTERN NO. 991
PASS PATTERN NO. 992
PASS PATTERN NO. 993
PASS PATTERN NO. 994
PASS PATTERN NO. 995
PASS PATTERN NO. 996
PASS PATTERN NO. 997
PASS PATTERN NO. 998
PASS PATTERN NO. 999
PASS PATTERN NO.1000
--------------------------------------------------------------------
                         Congratulations!                           
                  You have passed all patterns!                     
                  Your execution cycles =     0 cycles                
                  Your clock period = 2.0 ns                       
                  Total Latency = 0.0 ns                           
--------------------------------------------------------------------
$finish called from file "PATTERN.v", line 300.
$finish at simulation time            369642000
           V C S   S i m u l a t i o n   R e p o r t 
Time: 369642000 ps
CPU Time:    185.450 seconds;       Data structure size:   6.0Mb
Wed Oct  8 04:53:13 2025
CPU time: 8.564 seconds to compile + .449 seconds to elab + .604 seconds to link + 185.492 seconds in simulation
