Command: vcs -timescale=1ns/1fs -j4 -sverilog +v2k -full64 -Mupdate -R -debug_access+all \
-f filelist.f -o simv -l vcs.log -P /usr/cad/synopsys/verdi/2022.06/share/PLI/VCS/linux64/novas.tab \
/usr/cad/synopsys/verdi/2022.06/share/PLI/VCS/linux64/pli.a -v /home/daniel_kuo/CBDK_TSMC40_Arm_f2.0/CIC/Verilog/sc9_cln40g_base_hvt_neg.v \
/home/daniel_kuo/CBDK_TSMC40_Arm_f2.0/CIC/Verilog/sc9_cln40g_base_rvt_neg.v /home/daniel_kuo/CBDK_TSMC40_Arm_f2.0/CIC/Verilog/sc9_cln40g_base_lvt_neg.v \
/home/daniel_kuo/CBDK_TSMC40_Arm_f2.0/CIC/Verilog/sc9_cln40g_base_hvt_udp.v /home/daniel_kuo/CBDK_TSMC40_Arm_f2.0/CIC/Verilog/sc9_cln40g_base_rvt_udp.v \
/home/daniel_kuo/CBDK_TSMC40_Arm_f2.0/CIC/Verilog/sc9_cln40g_base_lvt_udp.v +define+GATE \
+neg_tchk
*** Using c compiler gcc instead of cc ...
                         Chronologic VCS (TM)
         Version T-2022.06_Full64 -- Wed Sep 24 03:50:52 2025

                    Copyright (c) 1991 - 2022 Synopsys, Inc.
   This software and the associated documentation are proprietary to Synopsys,
 Inc. This software may only be used in accordance with the terms and conditions
 of a written license agreement with Synopsys, Inc. All other use, reproduction,
   or distribution of this software is strictly prohibited.  Licensed Products
     communicate with Synopsys servers for the purpose of providing software
    updates, detecting software piracy and verifying that customers are using
    Licensed Products in conformity with the applicable License Key for such
  Licensed Products. Synopsys will use information gathered in connection with
    this process to deliver software updates and pursue software pirates and
                                   infringers.

 Inclusivity & Diversity - Visit SolvNetPlus to read the "Synopsys Statement on
            Inclusivity and Diversity" (Refer to article 000036315 at
                        https://solvnetplus.synopsys.com)

Parsing design file 'TESTBED.v'
Parsing included file 'PATTERN.v'.
Back to file 'TESTBED.v'.
Parsing included file 'MODP_NINV31_SYN.v'.
Back to file 'TESTBED.v'.
Parsing design file '/home/daniel_kuo/CBDK_TSMC40_Arm_f2.0/CIC/Verilog/sc9_cln40g_base_rvt_neg.v'
Parsing design file '/home/daniel_kuo/CBDK_TSMC40_Arm_f2.0/CIC/Verilog/sc9_cln40g_base_lvt_neg.v'
Parsing design file '/home/daniel_kuo/CBDK_TSMC40_Arm_f2.0/CIC/Verilog/sc9_cln40g_base_hvt_udp.v'
Parsing design file '/home/daniel_kuo/CBDK_TSMC40_Arm_f2.0/CIC/Verilog/sc9_cln40g_base_rvt_udp.v'

Warning-[WUPD] UDP previously declared
  UDP is previously declared: 
   "/home/daniel_kuo/CBDK_TSMC40_Arm_f2.0/CIC/Verilog/sc9_cln40g_base_rvt_udp.v",
  3: token is 'udp_dffr3'
  primitive udp_dffr3 (out, st1, st0, ck, clr_, set_, retn, pwr, pwrg);
                     ^
  Current declaration will be ignored.


Warning-[WUPD] UDP previously declared
  UDP is previously declared: 
   "/home/daniel_kuo/CBDK_TSMC40_Arm_f2.0/CIC/Verilog/sc9_cln40g_base_rvt_udp.v",
  38: token is 'udp_tlat'
  primitive udp_tlat (out, in, hold, clr_, set_, NOTIFIER);
                    ^
  Current declaration will be ignored.


Warning-[WUPD] UDP previously declared
  UDP is previously declared: 
   "/home/daniel_kuo/CBDK_TSMC40_Arm_f2.0/CIC/Verilog/sc9_cln40g_base_rvt_udp.v",
  63: token is 'udp_lcg'
  primitive udp_lcg(out, e, mgclk, ovrd, NOT);
                   ^
  Current declaration will be ignored.


Warning-[WUPD] UDP previously declared
  UDP is previously declared: 
   "/home/daniel_kuo/CBDK_TSMC40_Arm_f2.0/CIC/Verilog/sc9_cln40g_base_rvt_udp.v",
  86: token is 'udp_tlatrf2_PWR'
  primitive udp_tlatrf2_PWR (out, in1, w1w, in2, w2w, VDD, VSS, NOTIFIER);
                           ^
  Current declaration will be ignored.


Warning-[WUPD] UDP previously declared
  UDP is previously declared: 
   "/home/daniel_kuo/CBDK_TSMC40_Arm_f2.0/CIC/Verilog/sc9_cln40g_base_rvt_udp.v",
  123: token is 'udp_tlat_retpwr'
  primitive udp_tlat_retpwr (out, VDD, VSS, in, hold, clr_, set_, NOTIFIER);
                           ^
  Current declaration will be ignored.


Warning-[WUPD] UDP previously declared
  UDP is previously declared: 
   "/home/daniel_kuo/CBDK_TSMC40_Arm_f2.0/CIC/Verilog/sc9_cln40g_base_rvt_udp.v",
  152: token is 'udp_lv_pp_or_vdd_vss'
  primitive udp_lv_pp_or_vdd_vss (y, a, b, vdd, vss);
                                ^
  Current declaration will be ignored.


Warning-[WUPD] UDP previously declared
  UDP is previously declared: 
   "/home/daniel_kuo/CBDK_TSMC40_Arm_f2.0/CIC/Verilog/sc9_cln40g_base_rvt_udp.v",
  166: token is 'udp_rslat_out_'
  primitive udp_rslat_out_ (out_, r, s, NOTIFIER);
                          ^
  Current declaration will be ignored.


Warning-[WUPD] UDP previously declared
  UDP is previously declared: 
   "/home/daniel_kuo/CBDK_TSMC40_Arm_f2.0/CIC/Verilog/sc9_cln40g_base_rvt_udp.v",
  190: token is 'udp_sedfft'
  primitive udp_sedfft (out, in, clk, clr_, si, se, en, NOTIFIER);
                      ^
  Current declaration will be ignored.


Warning-[WUPD] UDP previously declared
  UDP is previously declared: 
   "/home/daniel_kuo/CBDK_TSMC40_Arm_f2.0/CIC/Verilog/sc9_cln40g_base_rvt_udp.v",
  240: token is 'udp_or_pp'
  primitive udp_or_pp (y, a, b, vdd, vss);
                     ^
  Current declaration will be ignored.


Warning-[WUPD] UDP previously declared
  UDP is previously declared: 
   "/home/daniel_kuo/CBDK_TSMC40_Arm_f2.0/CIC/Verilog/sc9_cln40g_base_rvt_udp.v",
  256: token is 'udp_jkff'
  primitive udp_jkff (out, j, k, clk, clr_, set_, NOTIFIER);
                    ^
  Current declaration will be ignored.


Warning-[WUPD] UDP previously declared
  UDP is previously declared: 
   "/home/daniel_kuo/CBDK_TSMC40_Arm_f2.0/CIC/Verilog/sc9_cln40g_base_rvt_udp.v",
  291: token is 'udp_bmx'
  primitive udp_bmx (out, x2, a, s, m1, m0);
                   ^
  Current declaration will be ignored.


Warning-[WUPD] UDP previously declared
  UDP is previously declared: 
   "/home/daniel_kuo/CBDK_TSMC40_Arm_f2.0/CIC/Verilog/sc9_cln40g_base_rvt_udp.v",
  317: token is 'udp_sedff'
  primitive udp_sedff (out, in, clk, clr_, si, se, en, NOTIFIER);
                     ^
  Current declaration will be ignored.


Warning-[WUPD] UDP previously declared
  UDP is previously declared: 
   "/home/daniel_kuo/CBDK_TSMC40_Arm_f2.0/CIC/Verilog/sc9_cln40g_base_rvt_udp.v",
  371: token is 'udp_mux2'
  primitive udp_mux2 (out, in0, in1, sel);
                    ^
  Current declaration will be ignored.


Warning-[WUPD] UDP previously declared
  UDP is previously declared: 
   "/home/daniel_kuo/CBDK_TSMC40_Arm_f2.0/CIC/Verilog/sc9_cln40g_base_rvt_udp.v",
  390: token is 'udp_sedffsr'
  primitive udp_sedffsr (out, in, clk, clr_, set_, si, se, en, NOTIFIER);
                       ^
  Current declaration will be ignored.


Warning-[WUPD] UDP previously declared
  UDP is previously declared: 
   "/home/daniel_kuo/CBDK_TSMC40_Arm_f2.0/CIC/Verilog/sc9_cln40g_base_rvt_udp.v",
  453: token is 'udp_mux4'
  primitive udp_mux4 (out, in0, in1, in2, in3, sel_0, sel_1);
                    ^
  Current declaration will be ignored.


Warning-[WUPD] UDP previously declared
  UDP is previously declared: 
   "/home/daniel_kuo/CBDK_TSMC40_Arm_f2.0/CIC/Verilog/sc9_cln40g_base_rvt_udp.v",
  484: token is 'udp_retn_pwr'
  primitive udp_retn_pwr (out, VDD, VSS, n2, n4, clk, xRN, xSN);
                        ^
  Current declaration will be ignored.


Warning-[WUPD] UDP previously declared
  UDP is previously declared: 
   "/home/daniel_kuo/CBDK_TSMC40_Arm_f2.0/CIC/Verilog/sc9_cln40g_base_rvt_udp.v",
  511: token is 'udp_rslat_out_PWR'
  primitive udp_rslat_out_PWR (out, r, s, VDD, VSS, NOTIFIER);
                             ^
  Current declaration will be ignored.


Warning-[WUPD] UDP previously declared
  UDP is previously declared: 
   "/home/daniel_kuo/CBDK_TSMC40_Arm_f2.0/CIC/Verilog/sc9_cln40g_base_rvt_udp.v",
  537: token is 'udp_o2lvluu_pp_or_vddi_vdd_vss'
  primitive udp_o2lvluu_pp_or_vddi_vdd_vss (y, a, b, vddi, vdd, vss);
                                          ^
  Current declaration will be ignored.


Warning-[WUPD] UDP previously declared
  UDP is previously declared: 
   "/home/daniel_kuo/CBDK_TSMC40_Arm_f2.0/CIC/Verilog/sc9_cln40g_base_rvt_udp.v",
  550: token is 'udp_ph2p'
  primitive udp_ph2p (LOUT, CLK1, CLK2, DATA1, DATA2, SET, RESET);
                    ^
  Current declaration will be ignored.


Warning-[WUPD] UDP previously declared
  UDP is previously declared: 
   "/home/daniel_kuo/CBDK_TSMC40_Arm_f2.0/CIC/Verilog/sc9_cln40g_base_rvt_udp.v",
  594: token is 'udp_mux'
  primitive udp_mux (out, in, s_in, s_sel);
                   ^
  Current declaration will be ignored.


Warning-[WUPD] UDP previously declared
  UDP is previously declared: 
   "/home/daniel_kuo/CBDK_TSMC40_Arm_f2.0/CIC/Verilog/sc9_cln40g_base_rvt_udp.v",
  612: token is 'udp_buf_pp'
  primitive udp_buf_pp (y, a, vddg, vssg);
                      ^
  Current declaration will be ignored.


Warning-[WUPD] UDP previously declared
  UDP is previously declared: 
   "/home/daniel_kuo/CBDK_TSMC40_Arm_f2.0/CIC/Verilog/sc9_cln40g_base_rvt_udp.v",
  625: token is 'udp_lv_pp_vddi_vdd_vss'
  primitive udp_lv_pp_vddi_vdd_vss (y, a, b, vddi, vdd, vss);
                                  ^
  Current declaration will be ignored.


Warning-[WUPD] UDP previously declared
  UDP is previously declared: 
   "/home/daniel_kuo/CBDK_TSMC40_Arm_f2.0/CIC/Verilog/sc9_cln40g_base_rvt_udp.v",
  640: token is 'udp_tlatrf2'
  primitive udp_tlatrf2 (out, in1, w1w, in2, w2w, NOTIFIER);
                       ^
  Current declaration will be ignored.


Warning-[WUPD] UDP previously declared
  UDP is previously declared: 
   "/home/daniel_kuo/CBDK_TSMC40_Arm_f2.0/CIC/Verilog/sc9_cln40g_base_rvt_udp.v",
  675: token is 'udp_tlatrf_PWR'
  primitive udp_tlatrf_PWR (out, in, ww, wwn, VDD, VSS, NOTIFIER);
                          ^
  Current declaration will be ignored.


Warning-[WUPD] UDP previously declared
  UDP is previously declared: 
   "/home/daniel_kuo/CBDK_TSMC40_Arm_f2.0/CIC/Verilog/sc9_cln40g_base_rvt_udp.v",
  703: token is 'udp_dff_PWR'
  primitive udp_dff_PWR (out, in, clk, clr_, set_, VDD, VSS, NOTIFIER);
                       ^
  Current declaration will be ignored.


Warning-[WUPD] UDP previously declared
  UDP is previously declared: 
   "/home/daniel_kuo/CBDK_TSMC40_Arm_f2.0/CIC/Verilog/sc9_cln40g_base_rvt_udp.v",
  732: token is 'udp_a2lvluu_pp_vddi_vdd_vss'
  primitive udp_a2lvluu_pp_vddi_vdd_vss (y, a, b, vddi, vdd, vss);
                                       ^
  Current declaration will be ignored.


Warning-[WUPD] UDP previously declared
  UDP is previously declared: 
   "/home/daniel_kuo/CBDK_TSMC40_Arm_f2.0/CIC/Verilog/sc9_cln40g_base_rvt_udp.v",
  746: token is 'udp_edff_PWR'
  primitive udp_edff_PWR (out, in, clk, clr_, set_, en, VDD, VSS, NOTIFIER);
                        ^
  Current declaration will be ignored.


Warning-[WUPD] UDP previously declared
  UDP is previously declared: 
   "/home/daniel_kuo/CBDK_TSMC40_Arm_f2.0/CIC/Verilog/sc9_cln40g_base_rvt_udp.v",
  782: token is 'udp_tlat_pwr'
  primitive udp_tlat_pwr (out, VDD, VSS, in, hold, clr_, set_, NOTIFIER);
                        ^
  Current declaration will be ignored.


Warning-[WUPD] UDP previously declared
  UDP is previously declared: 
   "/home/daniel_kuo/CBDK_TSMC40_Arm_f2.0/CIC/Verilog/sc9_cln40g_base_rvt_udp.v",
  812: token is 'udp_outrf'
  primitive udp_outrf (out, in, rwn, rw);
                     ^
  Current declaration will be ignored.


Warning-[WUPD] UDP previously declared
  UDP is previously declared: 
   "/home/daniel_kuo/CBDK_TSMC40_Arm_f2.0/CIC/Verilog/sc9_cln40g_base_rvt_udp.v",
  830: token is 'udp_and_pp'
  primitive udp_and_pp (y, a, b, vdd, vss);
                      ^
  Current declaration will be ignored.


Warning-[WUPD] UDP previously declared
  UDP is previously declared: 
   "/home/daniel_kuo/CBDK_TSMC40_Arm_f2.0/CIC/Verilog/sc9_cln40g_base_rvt_udp.v",
  845: token is 'udp_dffr2'
  primitive udp_dffr2 (out, d, ck, clr_, set_, pwr, notifier);
                     ^
  Current declaration will be ignored.


Warning-[WUPD] UDP previously declared
  UDP is previously declared: 
   "/home/daniel_kuo/CBDK_TSMC40_Arm_f2.0/CIC/Verilog/sc9_cln40g_base_rvt_udp.v",
  886: token is 'udp_dffr4'
  primitive udp_dffr4 (out, st1, st0, ck, retn);
                     ^
  Current declaration will be ignored.


Warning-[WUPD] UDP previously declared
  UDP is previously declared: 
   "/home/daniel_kuo/CBDK_TSMC40_Arm_f2.0/CIC/Verilog/sc9_cln40g_base_rvt_udp.v",
  904: token is 'udp_xprop'
  primitive udp_xprop (DOUT, DIN, NOTIFIER, RESET);
                     ^
  Current declaration will be ignored.


Warning-[WUPD] UDP previously declared
  UDP is previously declared: 
   "/home/daniel_kuo/CBDK_TSMC40_Arm_f2.0/CIC/Verilog/sc9_cln40g_base_rvt_udp.v",
  926: token is 'udp_lv_pp_vdd_vss'
  primitive udp_lv_pp_vdd_vss (y, a, b, vdd, vss);
                             ^
  Current declaration will be ignored.


Warning-[WUPD] UDP previously declared
  UDP is previously declared: 
   "/home/daniel_kuo/CBDK_TSMC40_Arm_f2.0/CIC/Verilog/sc9_cln40g_base_rvt_udp.v",
  939: token is 'udp_ph1p'
  primitive udp_ph1p (LOUT, CLK, DATA, SET, RESET);
                    ^
  Current declaration will be ignored.


Warning-[WUPD] UDP previously declared
  UDP is previously declared: 
   "/home/daniel_kuo/CBDK_TSMC40_Arm_f2.0/CIC/Verilog/sc9_cln40g_base_rvt_udp.v",
  968: token is 'udp_dffpower'
  primitive udp_dffpower (out, vdd, vss);
                        ^
  Current declaration will be ignored.


Warning-[WUPD] UDP previously declared
  UDP is previously declared: 
   "/home/daniel_kuo/CBDK_TSMC40_Arm_f2.0/CIC/Verilog/sc9_cln40g_base_rvt_udp.v",
  985: token is 'udp_rslat_out'
  primitive udp_rslat_out (out, r, s, NOTIFIER);
                         ^
  Current declaration will be ignored.


Warning-[WUPD] UDP previously declared
  UDP is previously declared: 
   "/home/daniel_kuo/CBDK_TSMC40_Arm_f2.0/CIC/Verilog/sc9_cln40g_base_rvt_udp.v",
  1008: token is 'udp_always0_pp'
  primitive udp_always0_pp (y, vddg, vssg);
                          ^
  Current declaration will be ignored.


Warning-[WUPD] UDP previously declared
  UDP is previously declared: 
   "/home/daniel_kuo/CBDK_TSMC40_Arm_f2.0/CIC/Verilog/sc9_cln40g_base_rvt_udp.v",
  1021: token is 'udp_edfft_PWR'
  primitive udp_edfft_PWR (out, in, clk, clr_, set_, en, VDD, VSS, NOTIFIER);
                         ^
  Current declaration will be ignored.


Warning-[WUPD] UDP previously declared
  UDP is previously declared: 
   "/home/daniel_kuo/CBDK_TSMC40_Arm_f2.0/CIC/Verilog/sc9_cln40g_base_rvt_udp.v",
  1061: token is 'udp_rslatn_out__PWR'
  primitive udp_rslatn_out__PWR (out_, r_, s_, VDD, VSS, NOTIFIER);
                               ^
  Current declaration will be ignored.


Warning-[WUPD] UDP previously declared
  UDP is previously declared: 
   "/home/daniel_kuo/CBDK_TSMC40_Arm_f2.0/CIC/Verilog/sc9_cln40g_base_rvt_udp.v",
  1089: token is 'udp_dff_ros'
  primitive udp_dff_ros (out, in, clk, clr_, set_, NOTIFIER);
                       ^
  Current declaration will be ignored.


Warning-[WUPD] UDP previously declared
  UDP is previously declared: 
   "/home/daniel_kuo/CBDK_TSMC40_Arm_f2.0/CIC/Verilog/sc9_cln40g_base_rvt_udp.v",
  1116: token is 'udp_rslatn_out_PWR'
  primitive udp_rslatn_out_PWR (out, r_, s_, VDD, VSS, NOTIFIER);
                              ^
  Current declaration will be ignored.


Warning-[WUPD] UDP previously declared
  UDP is previously declared: 
   "/home/daniel_kuo/CBDK_TSMC40_Arm_f2.0/CIC/Verilog/sc9_cln40g_base_rvt_udp.v",
  1149: token is 'udp_wao'
  primitive udp_wao (out, in1a, in1b, in2a, in2b);
                   ^
  Current declaration will be ignored.


Warning-[WUPD] UDP previously declared
  UDP is previously declared: 
   "/home/daniel_kuo/CBDK_TSMC40_Arm_f2.0/CIC/Verilog/sc9_cln40g_base_rvt_udp.v",
  1170: token is 'udp_mx21'
  primitive udp_mx21 (MUXOUT, SEL, DATA0, DATA1);
                    ^
  Current declaration will be ignored.


Warning-[WUPD] UDP previously declared
  UDP is previously declared: 
   "/home/daniel_kuo/CBDK_TSMC40_Arm_f2.0/CIC/Verilog/sc9_cln40g_base_rvt_udp.v",
  1189: token is 'udp_plat_PWR'
  primitive udp_plat_PWR (out, ovrd, clock, ena, VDD, VSS, NOTIFIER);
                        ^
  Current declaration will be ignored.


Warning-[WUPD] UDP previously declared
  UDP is previously declared: 
   "/home/daniel_kuo/CBDK_TSMC40_Arm_f2.0/CIC/Verilog/sc9_cln40g_base_rvt_udp.v",
  1211: token is 'udp_lvl_pp_vddi_vdd_vss'
  primitive udp_lvl_pp_vddi_vdd_vss (y, a, vddi, vdd, vss);
                                   ^
  Current declaration will be ignored.


Warning-[WUPD] UDP previously declared
  UDP is previously declared: 
   "/home/daniel_kuo/CBDK_TSMC40_Arm_f2.0/CIC/Verilog/sc9_cln40g_base_rvt_udp.v",
  1224: token is 'udp_tlatrf'
  primitive udp_tlatrf (out, in, ww, wwn, NOTIFIER);
                      ^
  Current declaration will be ignored.


Warning-[WUPD] UDP previously declared
  UDP is previously declared: 
   "/home/daniel_kuo/CBDK_TSMC40_Arm_f2.0/CIC/Verilog/sc9_cln40g_base_rvt_udp.v",
  1249: token is 'udp_power'
  primitive udp_power (out, out_temp, vdd, vss);
                     ^
  Current declaration will be ignored.


Warning-[WUPD] UDP previously declared
  UDP is previously declared: 
   "/home/daniel_kuo/CBDK_TSMC40_Arm_f2.0/CIC/Verilog/sc9_cln40g_base_rvt_udp.v",
  1264: token is 'udp_tlat_PWR'
  primitive udp_tlat_PWR (out, in, hold, clr_, set_, VDD, VSS, NOTIFIER);
                        ^
  Current declaration will be ignored.


Warning-[WUPD] UDP previously declared
  UDP is previously declared: 
   "/home/daniel_kuo/CBDK_TSMC40_Arm_f2.0/CIC/Verilog/sc9_cln40g_base_rvt_udp.v",
  1293: token is 'udp_dff'
  primitive udp_dff (out, in, clk, clr_, set_, NOTIFIER);
                   ^
  Current declaration will be ignored.


Warning-[WUPD] UDP previously declared
  UDP is previously declared: 
   "/home/daniel_kuo/CBDK_TSMC40_Arm_f2.0/CIC/Verilog/sc9_cln40g_base_rvt_udp.v",
  1318: token is 'udp_ph2p_pwr'
  primitive udp_ph2p_pwr (LOUT, VDD, VSS, CLK1, CLK2, DATA1, DATA2, SET, 
  RESET);
                        ^
  Current declaration will be ignored.


Warning-[WUPD] UDP previously declared
  UDP is previously declared: 
   "/home/daniel_kuo/CBDK_TSMC40_Arm_f2.0/CIC/Verilog/sc9_cln40g_base_rvt_udp.v",
  1360: token is 'udp_rslat_out__PWR'
  primitive udp_rslat_out__PWR (out_, r, s, VDD, VSS, NOTIFIER);
                              ^
  Current declaration will be ignored.


Warning-[WUPD] UDP previously declared
  UDP is previously declared: 
   "/home/daniel_kuo/CBDK_TSMC40_Arm_f2.0/CIC/Verilog/sc9_cln40g_base_rvt_udp.v",
  1387: token is 'udp_sedfft_PWR'
  primitive udp_sedfft_PWR (out, in, clk, clr_, si, se, en, VDD, VSS, 
  NOTIFIER);
                          ^
  Current declaration will be ignored.


Warning-[WUPD] UDP previously declared
  UDP is previously declared: 
   "/home/daniel_kuo/CBDK_TSMC40_Arm_f2.0/CIC/Verilog/sc9_cln40g_base_rvt_udp.v",
  1441: token is 'udp_edff'
  primitive udp_edff (out, in, clk, clr_, set_, en, NOTIFIER);
                    ^
  Current declaration will be ignored.


Warning-[WUPD] UDP previously declared
  UDP is previously declared: 
   "/home/daniel_kuo/CBDK_TSMC40_Arm_f2.0/CIC/Verilog/sc9_cln40g_base_rvt_udp.v",
  1474: token is 'udp_jkff_PWR'
  primitive udp_jkff_PWR (out, j, k, clk, clr_, set_, VDD, VSS, NOTIFIER);
                        ^
  Current declaration will be ignored.


Warning-[WUPD] UDP previously declared
  UDP is previously declared: 
   "/home/daniel_kuo/CBDK_TSMC40_Arm_f2.0/CIC/Verilog/sc9_cln40g_base_rvt_udp.v",
  1512: token is 'udp_retn'
  primitive udp_retn (out, n2, n4, clk, xRN, xSN);
                    ^
  Current declaration will be ignored.


Warning-[WUPD] UDP previously declared
  UDP is previously declared: 
   "/home/daniel_kuo/CBDK_TSMC40_Arm_f2.0/CIC/Verilog/sc9_cln40g_base_rvt_udp.v",
  1535: token is 'udp_lv_pp_or_vddi_vdd_vss'
  primitive udp_lv_pp_or_vddi_vdd_vss (y, a, b, vddi, vdd, vss);
                                     ^
  Current declaration will be ignored.


Warning-[WUPD] UDP previously declared
  UDP is previously declared: 
   "/home/daniel_kuo/CBDK_TSMC40_Arm_f2.0/CIC/Verilog/sc9_cln40g_base_rvt_udp.v",
  1549: token is 'udp_csa4to2_carry'
  primitive udp_csa4to2_carry(carry, a, b, c, ci, d);
                             ^
  Current declaration will be ignored.


Warning-[WUPD] UDP previously declared
  UDP is previously declared: 
   "/home/daniel_kuo/CBDK_TSMC40_Arm_f2.0/CIC/Verilog/sc9_cln40g_base_rvt_udp.v",
  1578: token is 'udp_sedff_PWR'
  primitive udp_sedff_PWR (out, in, clk, clr_, si, se, en, VDD, VSS, 
  NOTIFIER);
                         ^
  Current declaration will be ignored.


Warning-[WUPD] UDP previously declared
  UDP is previously declared: 
   "/home/daniel_kuo/CBDK_TSMC40_Arm_f2.0/CIC/Verilog/sc9_cln40g_base_rvt_udp.v",
  1634: token is 'udp_always1_pp'
  primitive udp_always1_pp (y, vddg, vssg);
                          ^
  Current declaration will be ignored.


Warning-[WUPD] UDP previously declared
  UDP is previously declared: 
   "/home/daniel_kuo/CBDK_TSMC40_Arm_f2.0/CIC/Verilog/sc9_cln40g_base_rvt_udp.v",
  1645: token is 'udp_ando_pp'
  primitive udp_ando_pp (y, a, b, vddo, vsso, vdd, vss);
                       ^
  Current declaration will be ignored.


Warning-[WUPD] UDP previously declared
  UDP is previously declared: 
   "/home/daniel_kuo/CBDK_TSMC40_Arm_f2.0/CIC/Verilog/sc9_cln40g_base_rvt_udp.v",
  1658: token is 'udp_lvl_pp_vdd_vss'
  primitive udp_lvl_pp_vdd_vss (y, a, vdd, vss);
                              ^
  Current declaration will be ignored.


Warning-[WUPD] UDP previously declared
  UDP is previously declared: 
   "/home/daniel_kuo/CBDK_TSMC40_Arm_f2.0/CIC/Verilog/sc9_cln40g_base_rvt_udp.v",
  1671: token is 'udp_sedffsr_PWR'
  primitive udp_sedffsr_PWR (out, in, clk, clr_, set_, si, se, en, VDD, VSS, 
  NOTIFIER);
                           ^
  Current declaration will be ignored.


Warning-[WUPD] UDP previously declared
  UDP is previously declared: 
   "/home/daniel_kuo/CBDK_TSMC40_Arm_f2.0/CIC/Verilog/sc9_cln40g_base_rvt_udp.v",
  1738: token is 'udp_tlat_ros'
  primitive udp_tlat_ros (out, in, hold, clr_, set_, NOTIFIER);
                        ^
  Current declaration will be ignored.


Warning-[WUPD] UDP previously declared
  UDP is previously declared: 
   "/home/daniel_kuo/CBDK_TSMC40_Arm_f2.0/CIC/Verilog/sc9_cln40g_base_rvt_udp.v",
  1764: token is 'udp_edfft'
  primitive udp_edfft (out, in, clk, clr_, set_, en, NOTIFIER);
                     ^
  Current declaration will be ignored.


Warning-[WUPD] UDP previously declared
  UDP is previously declared: 
   "/home/daniel_kuo/CBDK_TSMC40_Arm_f2.0/CIC/Verilog/sc9_cln40g_base_rvt_udp.v",
  1801: token is 'udp_rslatn_out_'
  primitive udp_rslatn_out_ (out_, r_, s_, NOTIFIER);
                           ^
  Current declaration will be ignored.


Warning-[WUPD] UDP previously declared
  UDP is previously declared: 
   "/home/daniel_kuo/CBDK_TSMC40_Arm_f2.0/CIC/Verilog/sc9_cln40g_base_rvt_udp.v",
  1825: token is 'udp_rslatn_out'
  primitive udp_rslatn_out (out, r_, s_, NOTIFIER);
                          ^
  Current declaration will be ignored.


Warning-[WUPD] UDP previously declared
  UDP is previously declared: 
   "/home/daniel_kuo/CBDK_TSMC40_Arm_f2.0/CIC/Verilog/sc9_cln40g_base_rvt_udp.v",
  1847: token is 'udp_oro_pp'
  primitive udp_oro_pp (y, a, b, vddo, vsso, vdd, vss);
                      ^
  Current declaration will be ignored.


Warning-[WUPD] UDP previously declared
  UDP is previously declared: 
   "/home/daniel_kuo/CBDK_TSMC40_Arm_f2.0/CIC/Verilog/sc9_cln40g_base_rvt_udp.v",
  1860: token is 'udp_not_pp'
  primitive udp_not_pp (y, a, vddg, vssg);
                      ^
  Current declaration will be ignored.


Warning-[WUPD] UDP previously declared
  UDP is previously declared: 
   "/home/daniel_kuo/CBDK_TSMC40_Arm_f2.0/CIC/Verilog/sc9_cln40g_base_rvt_udp.v",
  1875: token is 'udp_plat'
  primitive udp_plat (out, ovrd, clock, ena, NOTIFIER);
                    ^
  Current declaration will be ignored.


Warning-[WUPD] UDP previously declared
  UDP is previously declared: 
   "/home/daniel_kuo/CBDK_TSMC40_Arm_f2.0/CIC/Verilog/sc9_cln40g_base_rvt_udp.v",
  1893: token is 'udp_ph1p_pwr'
  primitive udp_ph1p_pwr (LOUT, VDD, VSS, CLK, DATA, SET, RESET);
                        ^
  Current declaration will be ignored.


Warning-[WUPD] UDP previously declared
  UDP is previously declared: 
   "/home/daniel_kuo/CBDK_TSMC40_Arm_f2.0/CIC/Verilog/sc9_cln40g_base_rvt_udp.v",
  1920: token is 'udp_xgen'
  primitive udp_xgen (out, in, en, e);
                    ^
  Current declaration will be ignored.


Warning-[WUPD] UDP previously declared
  UDP is previously declared: 
   "/home/daniel_kuo/CBDK_TSMC40_Arm_f2.0/CIC/Verilog/sc9_cln40g_base_rvt_udp.v",
  1943: token is 'udp_dffr1'
  primitive udp_dffr1 (out, in, clk, clr_, set_, retn, pwr, pwrg, NOTIFIER);
                     ^
  Current declaration will be ignored.

Parsing design file '/home/daniel_kuo/CBDK_TSMC40_Arm_f2.0/CIC/Verilog/sc9_cln40g_base_lvt_udp.v'

Warning-[WUPD] UDP previously declared
  UDP is previously declared: 
   "/home/daniel_kuo/CBDK_TSMC40_Arm_f2.0/CIC/Verilog/sc9_cln40g_base_lvt_udp.v",
  3: token is 'udp_dffr3'
  primitive udp_dffr3 (out, st1, st0, ck, clr_, set_, retn, pwr, pwrg);
                     ^
  Current declaration will be ignored.


Warning-[WUPD] UDP previously declared
  UDP is previously declared: 
   "/home/daniel_kuo/CBDK_TSMC40_Arm_f2.0/CIC/Verilog/sc9_cln40g_base_lvt_udp.v",
  38: token is 'udp_tlat'
  primitive udp_tlat (out, in, hold, clr_, set_, NOTIFIER);
                    ^
  Current declaration will be ignored.


Warning-[WUPD] UDP previously declared
  UDP is previously declared: 
   "/home/daniel_kuo/CBDK_TSMC40_Arm_f2.0/CIC/Verilog/sc9_cln40g_base_lvt_udp.v",
  63: token is 'udp_lcg'
  primitive udp_lcg(out, e, mgclk, ovrd, NOT);
                   ^
  Current declaration will be ignored.


Warning-[WUPD] UDP previously declared
  UDP is previously declared: 
   "/home/daniel_kuo/CBDK_TSMC40_Arm_f2.0/CIC/Verilog/sc9_cln40g_base_lvt_udp.v",
  86: token is 'udp_tlatrf2_PWR'
  primitive udp_tlatrf2_PWR (out, in1, w1w, in2, w2w, VDD, VSS, NOTIFIER);
                           ^
  Current declaration will be ignored.


Warning-[WUPD] UDP previously declared
  UDP is previously declared: 
   "/home/daniel_kuo/CBDK_TSMC40_Arm_f2.0/CIC/Verilog/sc9_cln40g_base_lvt_udp.v",
  123: token is 'udp_tlat_retpwr'
  primitive udp_tlat_retpwr (out, VDD, VSS, in, hold, clr_, set_, NOTIFIER);
                           ^
  Current declaration will be ignored.


Warning-[WUPD] UDP previously declared
  UDP is previously declared: 
   "/home/daniel_kuo/CBDK_TSMC40_Arm_f2.0/CIC/Verilog/sc9_cln40g_base_lvt_udp.v",
  152: token is 'udp_lv_pp_or_vdd_vss'
  primitive udp_lv_pp_or_vdd_vss (y, a, b, vdd, vss);
                                ^
  Current declaration will be ignored.


Warning-[WUPD] UDP previously declared
  UDP is previously declared: 
   "/home/daniel_kuo/CBDK_TSMC40_Arm_f2.0/CIC/Verilog/sc9_cln40g_base_lvt_udp.v",
  166: token is 'udp_rslat_out_'
  primitive udp_rslat_out_ (out_, r, s, NOTIFIER);
                          ^
  Current declaration will be ignored.


Warning-[WUPD] UDP previously declared
  UDP is previously declared: 
   "/home/daniel_kuo/CBDK_TSMC40_Arm_f2.0/CIC/Verilog/sc9_cln40g_base_lvt_udp.v",
  190: token is 'udp_sedfft'
  primitive udp_sedfft (out, in, clk, clr_, si, se, en, NOTIFIER);
                      ^
  Current declaration will be ignored.


Warning-[WUPD] UDP previously declared
  UDP is previously declared: 
   "/home/daniel_kuo/CBDK_TSMC40_Arm_f2.0/CIC/Verilog/sc9_cln40g_base_lvt_udp.v",
  240: token is 'udp_or_pp'
  primitive udp_or_pp (y, a, b, vdd, vss);
                     ^
  Current declaration will be ignored.


Warning-[WUPD] UDP previously declared
  UDP is previously declared: 
   "/home/daniel_kuo/CBDK_TSMC40_Arm_f2.0/CIC/Verilog/sc9_cln40g_base_lvt_udp.v",
  256: token is 'udp_jkff'
  primitive udp_jkff (out, j, k, clk, clr_, set_, NOTIFIER);
                    ^
  Current declaration will be ignored.


Warning-[WUPD] UDP previously declared
  UDP is previously declared: 
   "/home/daniel_kuo/CBDK_TSMC40_Arm_f2.0/CIC/Verilog/sc9_cln40g_base_lvt_udp.v",
  291: token is 'udp_bmx'
  primitive udp_bmx (out, x2, a, s, m1, m0);
                   ^
  Current declaration will be ignored.


Warning-[WUPD] UDP previously declared
  UDP is previously declared: 
   "/home/daniel_kuo/CBDK_TSMC40_Arm_f2.0/CIC/Verilog/sc9_cln40g_base_lvt_udp.v",
  317: token is 'udp_sedff'
  primitive udp_sedff (out, in, clk, clr_, si, se, en, NOTIFIER);
                     ^
  Current declaration will be ignored.


Warning-[WUPD] UDP previously declared
  UDP is previously declared: 
   "/home/daniel_kuo/CBDK_TSMC40_Arm_f2.0/CIC/Verilog/sc9_cln40g_base_lvt_udp.v",
  371: token is 'udp_mux2'
  primitive udp_mux2 (out, in0, in1, sel);
                    ^
  Current declaration will be ignored.


Warning-[WUPD] UDP previously declared
  UDP is previously declared: 
   "/home/daniel_kuo/CBDK_TSMC40_Arm_f2.0/CIC/Verilog/sc9_cln40g_base_lvt_udp.v",
  390: token is 'udp_sedffsr'
  primitive udp_sedffsr (out, in, clk, clr_, set_, si, se, en, NOTIFIER);
                       ^
  Current declaration will be ignored.


Warning-[WUPD] UDP previously declared
  UDP is previously declared: 
   "/home/daniel_kuo/CBDK_TSMC40_Arm_f2.0/CIC/Verilog/sc9_cln40g_base_lvt_udp.v",
  453: token is 'udp_mux4'
  primitive udp_mux4 (out, in0, in1, in2, in3, sel_0, sel_1);
                    ^
  Current declaration will be ignored.


Warning-[WUPD] UDP previously declared
  UDP is previously declared: 
   "/home/daniel_kuo/CBDK_TSMC40_Arm_f2.0/CIC/Verilog/sc9_cln40g_base_lvt_udp.v",
  484: token is 'udp_retn_pwr'
  primitive udp_retn_pwr (out, VDD, VSS, n2, n4, clk, xRN, xSN);
                        ^
  Current declaration will be ignored.


Warning-[WUPD] UDP previously declared
  UDP is previously declared: 
   "/home/daniel_kuo/CBDK_TSMC40_Arm_f2.0/CIC/Verilog/sc9_cln40g_base_lvt_udp.v",
  511: token is 'udp_rslat_out_PWR'
  primitive udp_rslat_out_PWR (out, r, s, VDD, VSS, NOTIFIER);
                             ^
  Current declaration will be ignored.


Warning-[WUPD] UDP previously declared
  UDP is previously declared: 
   "/home/daniel_kuo/CBDK_TSMC40_Arm_f2.0/CIC/Verilog/sc9_cln40g_base_lvt_udp.v",
  537: token is 'udp_o2lvluu_pp_or_vddi_vdd_vss'
  primitive udp_o2lvluu_pp_or_vddi_vdd_vss (y, a, b, vddi, vdd, vss);
                                          ^
  Current declaration will be ignored.


Warning-[WUPD] UDP previously declared
  UDP is previously declared: 
   "/home/daniel_kuo/CBDK_TSMC40_Arm_f2.0/CIC/Verilog/sc9_cln40g_base_lvt_udp.v",
  550: token is 'udp_ph2p'
  primitive udp_ph2p (LOUT, CLK1, CLK2, DATA1, DATA2, SET, RESET);
                    ^
  Current declaration will be ignored.


Warning-[WUPD] UDP previously declared
  UDP is previously declared: 
   "/home/daniel_kuo/CBDK_TSMC40_Arm_f2.0/CIC/Verilog/sc9_cln40g_base_lvt_udp.v",
  594: token is 'udp_mux'
  primitive udp_mux (out, in, s_in, s_sel);
                   ^
  Current declaration will be ignored.


Warning-[WUPD] UDP previously declared
  UDP is previously declared: 
   "/home/daniel_kuo/CBDK_TSMC40_Arm_f2.0/CIC/Verilog/sc9_cln40g_base_lvt_udp.v",
  612: token is 'udp_buf_pp'
  primitive udp_buf_pp (y, a, vddg, vssg);
                      ^
  Current declaration will be ignored.


Warning-[WUPD] UDP previously declared
  UDP is previously declared: 
   "/home/daniel_kuo/CBDK_TSMC40_Arm_f2.0/CIC/Verilog/sc9_cln40g_base_lvt_udp.v",
  625: token is 'udp_lv_pp_vddi_vdd_vss'
  primitive udp_lv_pp_vddi_vdd_vss (y, a, b, vddi, vdd, vss);
                                  ^
  Current declaration will be ignored.


Warning-[WUPD] UDP previously declared
  UDP is previously declared: 
   "/home/daniel_kuo/CBDK_TSMC40_Arm_f2.0/CIC/Verilog/sc9_cln40g_base_lvt_udp.v",
  640: token is 'udp_tlatrf2'
  primitive udp_tlatrf2 (out, in1, w1w, in2, w2w, NOTIFIER);
                       ^
  Current declaration will be ignored.


Warning-[WUPD] UDP previously declared
  UDP is previously declared: 
   "/home/daniel_kuo/CBDK_TSMC40_Arm_f2.0/CIC/Verilog/sc9_cln40g_base_lvt_udp.v",
  675: token is 'udp_tlatrf_PWR'
  primitive udp_tlatrf_PWR (out, in, ww, wwn, VDD, VSS, NOTIFIER);
                          ^
  Current declaration will be ignored.


Warning-[WUPD] UDP previously declared
  UDP is previously declared: 
   "/home/daniel_kuo/CBDK_TSMC40_Arm_f2.0/CIC/Verilog/sc9_cln40g_base_lvt_udp.v",
  703: token is 'udp_dff_PWR'
  primitive udp_dff_PWR (out, in, clk, clr_, set_, VDD, VSS, NOTIFIER);
                       ^
  Current declaration will be ignored.


Warning-[WUPD] UDP previously declared
  UDP is previously declared: 
   "/home/daniel_kuo/CBDK_TSMC40_Arm_f2.0/CIC/Verilog/sc9_cln40g_base_lvt_udp.v",
  732: token is 'udp_a2lvluu_pp_vddi_vdd_vss'
  primitive udp_a2lvluu_pp_vddi_vdd_vss (y, a, b, vddi, vdd, vss);
                                       ^
  Current declaration will be ignored.


Warning-[WUPD] UDP previously declared
  UDP is previously declared: 
   "/home/daniel_kuo/CBDK_TSMC40_Arm_f2.0/CIC/Verilog/sc9_cln40g_base_lvt_udp.v",
  746: token is 'udp_edff_PWR'
  primitive udp_edff_PWR (out, in, clk, clr_, set_, en, VDD, VSS, NOTIFIER);
                        ^
  Current declaration will be ignored.


Warning-[WUPD] UDP previously declared
  UDP is previously declared: 
   "/home/daniel_kuo/CBDK_TSMC40_Arm_f2.0/CIC/Verilog/sc9_cln40g_base_lvt_udp.v",
  782: token is 'udp_tlat_pwr'
  primitive udp_tlat_pwr (out, VDD, VSS, in, hold, clr_, set_, NOTIFIER);
                        ^
  Current declaration will be ignored.


Warning-[WUPD] UDP previously declared
  UDP is previously declared: 
   "/home/daniel_kuo/CBDK_TSMC40_Arm_f2.0/CIC/Verilog/sc9_cln40g_base_lvt_udp.v",
  812: token is 'udp_outrf'
  primitive udp_outrf (out, in, rwn, rw);
                     ^
  Current declaration will be ignored.


Warning-[WUPD] UDP previously declared
  UDP is previously declared: 
   "/home/daniel_kuo/CBDK_TSMC40_Arm_f2.0/CIC/Verilog/sc9_cln40g_base_lvt_udp.v",
  830: token is 'udp_and_pp'
  primitive udp_and_pp (y, a, b, vdd, vss);
                      ^
  Current declaration will be ignored.


Warning-[WUPD] UDP previously declared
  UDP is previously declared: 
   "/home/daniel_kuo/CBDK_TSMC40_Arm_f2.0/CIC/Verilog/sc9_cln40g_base_lvt_udp.v",
  845: token is 'udp_dffr2'
  primitive udp_dffr2 (out, d, ck, clr_, set_, pwr, notifier);
                     ^
  Current declaration will be ignored.


Warning-[WUPD] UDP previously declared
  UDP is previously declared: 
   "/home/daniel_kuo/CBDK_TSMC40_Arm_f2.0/CIC/Verilog/sc9_cln40g_base_lvt_udp.v",
  886: token is 'udp_dffr4'
  primitive udp_dffr4 (out, st1, st0, ck, retn);
                     ^
  Current declaration will be ignored.


Warning-[WUPD] UDP previously declared
  UDP is previously declared: 
   "/home/daniel_kuo/CBDK_TSMC40_Arm_f2.0/CIC/Verilog/sc9_cln40g_base_lvt_udp.v",
  904: token is 'udp_xprop'
  primitive udp_xprop (DOUT, DIN, NOTIFIER, RESET);
                     ^
  Current declaration will be ignored.


Warning-[WUPD] UDP previously declared
  UDP is previously declared: 
   "/home/daniel_kuo/CBDK_TSMC40_Arm_f2.0/CIC/Verilog/sc9_cln40g_base_lvt_udp.v",
  926: token is 'udp_lv_pp_vdd_vss'
  primitive udp_lv_pp_vdd_vss (y, a, b, vdd, vss);
                             ^
  Current declaration will be ignored.


Warning-[WUPD] UDP previously declared
  UDP is previously declared: 
   "/home/daniel_kuo/CBDK_TSMC40_Arm_f2.0/CIC/Verilog/sc9_cln40g_base_lvt_udp.v",
  939: token is 'udp_ph1p'
  primitive udp_ph1p (LOUT, CLK, DATA, SET, RESET);
                    ^
  Current declaration will be ignored.


Warning-[WUPD] UDP previously declared
  UDP is previously declared: 
   "/home/daniel_kuo/CBDK_TSMC40_Arm_f2.0/CIC/Verilog/sc9_cln40g_base_lvt_udp.v",
  968: token is 'udp_dffpower'
  primitive udp_dffpower (out, vdd, vss);
                        ^
  Current declaration will be ignored.


Warning-[WUPD] UDP previously declared
  UDP is previously declared: 
   "/home/daniel_kuo/CBDK_TSMC40_Arm_f2.0/CIC/Verilog/sc9_cln40g_base_lvt_udp.v",
  985: token is 'udp_rslat_out'
  primitive udp_rslat_out (out, r, s, NOTIFIER);
                         ^
  Current declaration will be ignored.


Warning-[WUPD] UDP previously declared
  UDP is previously declared: 
   "/home/daniel_kuo/CBDK_TSMC40_Arm_f2.0/CIC/Verilog/sc9_cln40g_base_lvt_udp.v",
  1008: token is 'udp_always0_pp'
  primitive udp_always0_pp (y, vddg, vssg);
                          ^
  Current declaration will be ignored.


Warning-[WUPD] UDP previously declared
  UDP is previously declared: 
   "/home/daniel_kuo/CBDK_TSMC40_Arm_f2.0/CIC/Verilog/sc9_cln40g_base_lvt_udp.v",
  1021: token is 'udp_edfft_PWR'
  primitive udp_edfft_PWR (out, in, clk, clr_, set_, en, VDD, VSS, NOTIFIER);
                         ^
  Current declaration will be ignored.


Warning-[WUPD] UDP previously declared
  UDP is previously declared: 
   "/home/daniel_kuo/CBDK_TSMC40_Arm_f2.0/CIC/Verilog/sc9_cln40g_base_lvt_udp.v",
  1061: token is 'udp_rslatn_out__PWR'
  primitive udp_rslatn_out__PWR (out_, r_, s_, VDD, VSS, NOTIFIER);
                               ^
  Current declaration will be ignored.


Warning-[WUPD] UDP previously declared
  UDP is previously declared: 
   "/home/daniel_kuo/CBDK_TSMC40_Arm_f2.0/CIC/Verilog/sc9_cln40g_base_lvt_udp.v",
  1089: token is 'udp_dff_ros'
  primitive udp_dff_ros (out, in, clk, clr_, set_, NOTIFIER);
                       ^
  Current declaration will be ignored.


Warning-[WUPD] UDP previously declared
  UDP is previously declared: 
   "/home/daniel_kuo/CBDK_TSMC40_Arm_f2.0/CIC/Verilog/sc9_cln40g_base_lvt_udp.v",
  1116: token is 'udp_rslatn_out_PWR'
  primitive udp_rslatn_out_PWR (out, r_, s_, VDD, VSS, NOTIFIER);
                              ^
  Current declaration will be ignored.


Warning-[WUPD] UDP previously declared
  UDP is previously declared: 
   "/home/daniel_kuo/CBDK_TSMC40_Arm_f2.0/CIC/Verilog/sc9_cln40g_base_lvt_udp.v",
  1149: token is 'udp_wao'
  primitive udp_wao (out, in1a, in1b, in2a, in2b);
                   ^
  Current declaration will be ignored.


Warning-[WUPD] UDP previously declared
  UDP is previously declared: 
   "/home/daniel_kuo/CBDK_TSMC40_Arm_f2.0/CIC/Verilog/sc9_cln40g_base_lvt_udp.v",
  1170: token is 'udp_mx21'
  primitive udp_mx21 (MUXOUT, SEL, DATA0, DATA1);
                    ^
  Current declaration will be ignored.


Warning-[WUPD] UDP previously declared
  UDP is previously declared: 
   "/home/daniel_kuo/CBDK_TSMC40_Arm_f2.0/CIC/Verilog/sc9_cln40g_base_lvt_udp.v",
  1189: token is 'udp_plat_PWR'
  primitive udp_plat_PWR (out, ovrd, clock, ena, VDD, VSS, NOTIFIER);
                        ^
  Current declaration will be ignored.


Warning-[WUPD] UDP previously declared
  UDP is previously declared: 
   "/home/daniel_kuo/CBDK_TSMC40_Arm_f2.0/CIC/Verilog/sc9_cln40g_base_lvt_udp.v",
  1211: token is 'udp_lvl_pp_vddi_vdd_vss'
  primitive udp_lvl_pp_vddi_vdd_vss (y, a, vddi, vdd, vss);
                                   ^
  Current declaration will be ignored.


Warning-[WUPD] UDP previously declared
  UDP is previously declared: 
   "/home/daniel_kuo/CBDK_TSMC40_Arm_f2.0/CIC/Verilog/sc9_cln40g_base_lvt_udp.v",
  1224: token is 'udp_tlatrf'
  primitive udp_tlatrf (out, in, ww, wwn, NOTIFIER);
                      ^
  Current declaration will be ignored.


Warning-[WUPD] UDP previously declared
  UDP is previously declared: 
   "/home/daniel_kuo/CBDK_TSMC40_Arm_f2.0/CIC/Verilog/sc9_cln40g_base_lvt_udp.v",
  1249: token is 'udp_power'
  primitive udp_power (out, out_temp, vdd, vss);
                     ^
  Current declaration will be ignored.


Warning-[WUPD] UDP previously declared
  UDP is previously declared: 
   "/home/daniel_kuo/CBDK_TSMC40_Arm_f2.0/CIC/Verilog/sc9_cln40g_base_lvt_udp.v",
  1264: token is 'udp_tlat_PWR'
  primitive udp_tlat_PWR (out, in, hold, clr_, set_, VDD, VSS, NOTIFIER);
                        ^
  Current declaration will be ignored.


Warning-[WUPD] UDP previously declared
  UDP is previously declared: 
   "/home/daniel_kuo/CBDK_TSMC40_Arm_f2.0/CIC/Verilog/sc9_cln40g_base_lvt_udp.v",
  1293: token is 'udp_dff'
  primitive udp_dff (out, in, clk, clr_, set_, NOTIFIER);
                   ^
  Current declaration will be ignored.


Warning-[WUPD] UDP previously declared
  UDP is previously declared: 
   "/home/daniel_kuo/CBDK_TSMC40_Arm_f2.0/CIC/Verilog/sc9_cln40g_base_lvt_udp.v",
  1318: token is 'udp_ph2p_pwr'
  primitive udp_ph2p_pwr (LOUT, VDD, VSS, CLK1, CLK2, DATA1, DATA2, SET, 
  RESET);
                        ^
  Current declaration will be ignored.


Warning-[WUPD] UDP previously declared
  UDP is previously declared: 
   "/home/daniel_kuo/CBDK_TSMC40_Arm_f2.0/CIC/Verilog/sc9_cln40g_base_lvt_udp.v",
  1360: token is 'udp_rslat_out__PWR'
  primitive udp_rslat_out__PWR (out_, r, s, VDD, VSS, NOTIFIER);
                              ^
  Current declaration will be ignored.


Warning-[WUPD] UDP previously declared
  UDP is previously declared: 
   "/home/daniel_kuo/CBDK_TSMC40_Arm_f2.0/CIC/Verilog/sc9_cln40g_base_lvt_udp.v",
  1387: token is 'udp_sedfft_PWR'
  primitive udp_sedfft_PWR (out, in, clk, clr_, si, se, en, VDD, VSS, 
  NOTIFIER);
                          ^
  Current declaration will be ignored.


Warning-[WUPD] UDP previously declared
  UDP is previously declared: 
   "/home/daniel_kuo/CBDK_TSMC40_Arm_f2.0/CIC/Verilog/sc9_cln40g_base_lvt_udp.v",
  1441: token is 'udp_edff'
  primitive udp_edff (out, in, clk, clr_, set_, en, NOTIFIER);
                    ^
  Current declaration will be ignored.


Warning-[WUPD] UDP previously declared
  UDP is previously declared: 
   "/home/daniel_kuo/CBDK_TSMC40_Arm_f2.0/CIC/Verilog/sc9_cln40g_base_lvt_udp.v",
  1474: token is 'udp_jkff_PWR'
  primitive udp_jkff_PWR (out, j, k, clk, clr_, set_, VDD, VSS, NOTIFIER);
                        ^
  Current declaration will be ignored.


Warning-[WUPD] UDP previously declared
  UDP is previously declared: 
   "/home/daniel_kuo/CBDK_TSMC40_Arm_f2.0/CIC/Verilog/sc9_cln40g_base_lvt_udp.v",
  1512: token is 'udp_retn'
  primitive udp_retn (out, n2, n4, clk, xRN, xSN);
                    ^
  Current declaration will be ignored.


Warning-[WUPD] UDP previously declared
  UDP is previously declared: 
   "/home/daniel_kuo/CBDK_TSMC40_Arm_f2.0/CIC/Verilog/sc9_cln40g_base_lvt_udp.v",
  1535: token is 'udp_lv_pp_or_vddi_vdd_vss'
  primitive udp_lv_pp_or_vddi_vdd_vss (y, a, b, vddi, vdd, vss);
                                     ^
  Current declaration will be ignored.


Warning-[WUPD] UDP previously declared
  UDP is previously declared: 
   "/home/daniel_kuo/CBDK_TSMC40_Arm_f2.0/CIC/Verilog/sc9_cln40g_base_lvt_udp.v",
  1549: token is 'udp_csa4to2_carry'
  primitive udp_csa4to2_carry(carry, a, b, c, ci, d);
                             ^
  Current declaration will be ignored.


Warning-[WUPD] UDP previously declared
  UDP is previously declared: 
   "/home/daniel_kuo/CBDK_TSMC40_Arm_f2.0/CIC/Verilog/sc9_cln40g_base_lvt_udp.v",
  1578: token is 'udp_sedff_PWR'
  primitive udp_sedff_PWR (out, in, clk, clr_, si, se, en, VDD, VSS, 
  NOTIFIER);
                         ^
  Current declaration will be ignored.


Warning-[WUPD] UDP previously declared
  UDP is previously declared: 
   "/home/daniel_kuo/CBDK_TSMC40_Arm_f2.0/CIC/Verilog/sc9_cln40g_base_lvt_udp.v",
  1634: token is 'udp_always1_pp'
  primitive udp_always1_pp (y, vddg, vssg);
                          ^
  Current declaration will be ignored.


Warning-[WUPD] UDP previously declared
  UDP is previously declared: 
   "/home/daniel_kuo/CBDK_TSMC40_Arm_f2.0/CIC/Verilog/sc9_cln40g_base_lvt_udp.v",
  1645: token is 'udp_ando_pp'
  primitive udp_ando_pp (y, a, b, vddo, vsso, vdd, vss);
                       ^
  Current declaration will be ignored.


Warning-[WUPD] UDP previously declared
  UDP is previously declared: 
   "/home/daniel_kuo/CBDK_TSMC40_Arm_f2.0/CIC/Verilog/sc9_cln40g_base_lvt_udp.v",
  1658: token is 'udp_lvl_pp_vdd_vss'
  primitive udp_lvl_pp_vdd_vss (y, a, vdd, vss);
                              ^
  Current declaration will be ignored.


Warning-[WUPD] UDP previously declared
  UDP is previously declared: 
   "/home/daniel_kuo/CBDK_TSMC40_Arm_f2.0/CIC/Verilog/sc9_cln40g_base_lvt_udp.v",
  1671: token is 'udp_sedffsr_PWR'
  primitive udp_sedffsr_PWR (out, in, clk, clr_, set_, si, se, en, VDD, VSS, 
  NOTIFIER);
                           ^
  Current declaration will be ignored.


Warning-[WUPD] UDP previously declared
  UDP is previously declared: 
   "/home/daniel_kuo/CBDK_TSMC40_Arm_f2.0/CIC/Verilog/sc9_cln40g_base_lvt_udp.v",
  1738: token is 'udp_tlat_ros'
  primitive udp_tlat_ros (out, in, hold, clr_, set_, NOTIFIER);
                        ^
  Current declaration will be ignored.


Warning-[WUPD] UDP previously declared
  UDP is previously declared: 
   "/home/daniel_kuo/CBDK_TSMC40_Arm_f2.0/CIC/Verilog/sc9_cln40g_base_lvt_udp.v",
  1764: token is 'udp_edfft'
  primitive udp_edfft (out, in, clk, clr_, set_, en, NOTIFIER);
                     ^
  Current declaration will be ignored.


Warning-[WUPD] UDP previously declared
  UDP is previously declared: 
   "/home/daniel_kuo/CBDK_TSMC40_Arm_f2.0/CIC/Verilog/sc9_cln40g_base_lvt_udp.v",
  1801: token is 'udp_rslatn_out_'
  primitive udp_rslatn_out_ (out_, r_, s_, NOTIFIER);
                           ^
  Current declaration will be ignored.


Warning-[WUPD] UDP previously declared
  UDP is previously declared: 
   "/home/daniel_kuo/CBDK_TSMC40_Arm_f2.0/CIC/Verilog/sc9_cln40g_base_lvt_udp.v",
  1825: token is 'udp_rslatn_out'
  primitive udp_rslatn_out (out, r_, s_, NOTIFIER);
                          ^
  Current declaration will be ignored.


Warning-[WUPD] UDP previously declared
  UDP is previously declared: 
   "/home/daniel_kuo/CBDK_TSMC40_Arm_f2.0/CIC/Verilog/sc9_cln40g_base_lvt_udp.v",
  1847: token is 'udp_oro_pp'
  primitive udp_oro_pp (y, a, b, vddo, vsso, vdd, vss);
                      ^
  Current declaration will be ignored.


Warning-[WUPD] UDP previously declared
  UDP is previously declared: 
   "/home/daniel_kuo/CBDK_TSMC40_Arm_f2.0/CIC/Verilog/sc9_cln40g_base_lvt_udp.v",
  1860: token is 'udp_not_pp'
  primitive udp_not_pp (y, a, vddg, vssg);
                      ^
  Current declaration will be ignored.


Warning-[WUPD] UDP previously declared
  UDP is previously declared: 
   "/home/daniel_kuo/CBDK_TSMC40_Arm_f2.0/CIC/Verilog/sc9_cln40g_base_lvt_udp.v",
  1875: token is 'udp_plat'
  primitive udp_plat (out, ovrd, clock, ena, NOTIFIER);
                    ^
  Current declaration will be ignored.


Warning-[WUPD] UDP previously declared
  UDP is previously declared: 
   "/home/daniel_kuo/CBDK_TSMC40_Arm_f2.0/CIC/Verilog/sc9_cln40g_base_lvt_udp.v",
  1893: token is 'udp_ph1p_pwr'
  primitive udp_ph1p_pwr (LOUT, VDD, VSS, CLK, DATA, SET, RESET);
                        ^
  Current declaration will be ignored.


Warning-[WUPD] UDP previously declared
  UDP is previously declared: 
   "/home/daniel_kuo/CBDK_TSMC40_Arm_f2.0/CIC/Verilog/sc9_cln40g_base_lvt_udp.v",
  1920: token is 'udp_xgen'
  primitive udp_xgen (out, in, en, e);
                    ^
  Current declaration will be ignored.


Warning-[WUPD] UDP previously declared
  UDP is previously declared: 
   "/home/daniel_kuo/CBDK_TSMC40_Arm_f2.0/CIC/Verilog/sc9_cln40g_base_lvt_udp.v",
  1943: token is 'udp_dffr1'
  primitive udp_dffr1 (out, in, clk, clr_, set_, retn, pwr, pwrg, NOTIFIER);
                     ^
  Current declaration will be ignored.

Parsing library file '/home/daniel_kuo/CBDK_TSMC40_Arm_f2.0/CIC/Verilog/sc9_cln40g_base_hvt_neg.v'
Top Level Modules:
       TESTBED
       A2SDFFQN_X0P5M_A9TR
       A2SDFFQN_X1M_A9TR
       A2SDFFQN_X2M_A9TR
       A2SDFFQN_X3M_A9TR
       A2SDFFQ_X0P5M_A9TR
       A2SDFFQ_X1M_A9TR
       A2SDFFQ_X2M_A9TR
       A2SDFFQ_X3M_A9TR
       A2SDFFQ_X4M_A9TR
       ADDFCIN_X1M_A9TR
       ADDFCIN_X1P4M_A9TR
       ADDFCIN_X2M_A9TR
       ADDFH_X1M_A9TR
       ADDFH_X1P4M_A9TR
       ADDFH_X2M_A9TR
       ADDF_X1P4M_A9TR
       ADDH_X1P4M_A9TR
       AND2_X0P5B_A9TR
       AND2_X0P5M_A9TR
       AND2_X0P7B_A9TR
       AND2_X11B_A9TR
       AND2_X11M_A9TR
       AND2_X1B_A9TR
       AND2_X1P4M_A9TR
       AND2_X2B_A9TR
       AND2_X2M_A9TR
       AND2_X3B_A9TR
       AND2_X3M_A9TR
       AND2_X4B_A9TR
       AND2_X4M_A9TR
       AND2_X6B_A9TR
       AND2_X6M_A9TR
       AND2_X8B_A9TR
       AND2_X8M_A9TR
       AND3_X0P5M_A9TR
       AND3_X0P7M_A9TR
       AND3_X11M_A9TR
       AND3_X1M_A9TR
       AND3_X1P4M_A9TR
       AND3_X2M_A9TR
       AND3_X3M_A9TR
       AND3_X4M_A9TR
       AND3_X6M_A9TR
       AND3_X8M_A9TR
       AND4_X0P5M_A9TR
       AND4_X0P7M_A9TR
       AND4_X1M_A9TR
       AND4_X1P4M_A9TR
       AND4_X2M_A9TR
       AND4_X3M_A9TR
       AND4_X4M_A9TR
       AND4_X6M_A9TR
       AND4_X8M_A9TR
       ANTENNA1_A9TR
       AO1B2_X0P5M_A9TR
       AO1B2_X0P7M_A9TR
       AO1B2_X1M_A9TR
       AO1B2_X3M_A9TR
       AO1B2_X4M_A9TR
       AO1B2_X6M_A9TR
       AO21A1AI2_X0P5M_A9TR
       AO21A1AI2_X0P7M_A9TR
       AO21A1AI2_X1M_A9TR
       AO21A1AI2_X1P4M_A9TR
       AO21A1AI2_X2M_A9TR
       AO21A1AI2_X3M_A9TR
       AO21A1AI2_X4M_A9TR
       AO21A1AI2_X6M_A9TR
       AO21B_X0P5M_A9TR
       AO21B_X1P4M_A9TR
       AO21B_X2M_A9TR
       AO21B_X3M_A9TR
       AO21B_X4M_A9TR
       AO21B_X6M_A9TR
       AO21_X0P5M_A9TR
       AO21_X0P7M_A9TR
       AO21_X1M_A9TR
       AO21_X1P4M_A9TR
       AO21_X2M_A9TR
       AO21_X3M_A9TR
       AO21_X4M_A9TR
       AO21_X6M_A9TR
       AO22_X0P5M_A9TR
       AO22_X0P7M_A9TR
       AO22_X1M_A9TR
       AO22_X1P4M_A9TR
       AO22_X2M_A9TR
       AO22_X3M_A9TR
       AO22_X4M_A9TR
       AO22_X6M_A9TR
       AOI211_X0P5M_A9TR
       AOI211_X0P7M_A9TR
       AOI211_X1M_A9TR
       AOI211_X1P4M_A9TR
       AOI211_X2M_A9TR
       AOI211_X3M_A9TR
       AOI211_X4M_A9TR
       AOI21B_X0P5M_A9TR
       AOI21B_X0P7M_A9TR
       AOI21B_X1M_A9TR
       AOI21B_X1P4M_A9TR
       AOI21B_X2M_A9TR
       AOI21B_X3M_A9TR
       AOI21B_X4M_A9TR
       AOI21B_X6M_A9TR
       AOI21B_X8M_A9TR
       AOI21_X0P5M_A9TR
       AOI21_X0P7M_A9TR
       AOI21_X1P4M_A9TR
       AOI21_X3M_A9TR
       AOI21_X4M_A9TR
       AOI21_X6M_A9TR
       AOI21_X8M_A9TR
       AOI221_X0P5M_A9TR
       AOI221_X0P7M_A9TR
       AOI221_X1M_A9TR
       AOI221_X1P4M_A9TR
       AOI221_X2M_A9TR
       AOI221_X3M_A9TR
       AOI221_X4M_A9TR
       AOI222_X0P5M_A9TR
       AOI222_X0P7M_A9TR
       AOI222_X1M_A9TR
       AOI222_X1P4M_A9TR
       AOI222_X2M_A9TR
       AOI222_X3M_A9TR
       AOI222_X4M_A9TR
       AOI22BB_X0P5M_A9TR
       AOI22BB_X0P7M_A9TR
       AOI22BB_X1M_A9TR
       AOI22BB_X1P4M_A9TR
       AOI22BB_X2M_A9TR
       AOI22BB_X3M_A9TR
       AOI22BB_X4M_A9TR
       AOI22BB_X6M_A9TR
       AOI22BB_X8M_A9TR
       AOI22_X0P5M_A9TR
       AOI22_X0P7M_A9TR
       AOI22_X1M_A9TR
       AOI22_X1P4M_A9TR
       AOI22_X2M_A9TR
       AOI22_X3M_A9TR
       AOI22_X4M_A9TR
       AOI22_X6M_A9TR
       AOI22_X8M_A9TR
       AOI2XB1_X0P5M_A9TR
       AOI2XB1_X0P7M_A9TR
       AOI2XB1_X1M_A9TR
       AOI2XB1_X1P4M_A9TR
       AOI2XB1_X2M_A9TR
       AOI2XB1_X3M_A9TR
       AOI2XB1_X4M_A9TR
       AOI2XB1_X6M_A9TR
       AOI2XB1_X8M_A9TR
       AOI31_X0P5M_A9TR
       AOI31_X0P7M_A9TR
       AOI31_X1M_A9TR
       AOI31_X1P4M_A9TR
       AOI31_X2M_A9TR
       AOI31_X3M_A9TR
       AOI31_X4M_A9TR
       AOI31_X6M_A9TR
       AOI32_X0P5M_A9TR
       AOI32_X0P7M_A9TR
       AOI32_X1M_A9TR
       AOI32_X1P4M_A9TR
       AOI32_X2M_A9TR
       AOI32_X3M_A9TR
       AOI32_X4M_A9TR
       AOI32_X6M_A9TR
       BENC_X11M_A9TR
       BENC_X16M_A9TR
       BENC_X2M_A9TR
       BENC_X3M_A9TR
       BENC_X4M_A9TR
       BENC_X6M_A9TR
       BENC_X8M_A9TR
       BMXIT_X0P7M_A9TR
       BMXIT_X1M_A9TR
       BMXIT_X1P4M_A9TR
       BMXIT_X2M_A9TR
       BMXT_X0P7M_A9TR
       BMXT_X1M_A9TR
       BMXT_X1P4M_A9TR
       BMXT_X2M_A9TR
       BUFH_X0P7M_A9TR
       BUFH_X0P8M_A9TR
       BUFH_X11M_A9TR
       BUFH_X13M_A9TR
       BUFH_X16M_A9TR
       BUFH_X1P2M_A9TR
       BUFH_X1P4M_A9TR
       BUFH_X1P7M_A9TR
       BUFH_X2M_A9TR
       BUFH_X5M_A9TR
       BUFH_X6M_A9TR
       BUFH_X9M_A9TR
       BUFZ_X11M_A9TR
       BUFZ_X16M_A9TR
       BUFZ_X1M_A9TR
       BUFZ_X1P4M_A9TR
       BUFZ_X2M_A9TR
       BUFZ_X3M_A9TR
       BUFZ_X4M_A9TR
       BUFZ_X6M_A9TR
       BUFZ_X8M_A9TR
       BUF_X0P7B_A9TR
       BUF_X0P7M_A9TR
       BUF_X0P8B_A9TR
       BUF_X0P8M_A9TR
       BUF_X11B_A9TR
       BUF_X11M_A9TR
       BUF_X13B_A9TR
       BUF_X13M_A9TR
       BUF_X16B_A9TR
       BUF_X16M_A9TR
       BUF_X1B_A9TR
       BUF_X1M_A9TR
       BUF_X1P2B_A9TR
       BUF_X1P2M_A9TR
       BUF_X1P4B_A9TR
       BUF_X1P4M_A9TR
       BUF_X1P7B_A9TR
       BUF_X1P7M_A9TR
       BUF_X2B_A9TR
       BUF_X2P5M_A9TR
       BUF_X3B_A9TR
       BUF_X3P5B_A9TR
       BUF_X4B_A9TR
       BUF_X5B_A9TR
       BUF_X6B_A9TR
       BUF_X7P5B_A9TR
       BUF_X9B_A9TR
       CGENCIN_X1M_A9TR
       CGENCIN_X1P4M_A9TR
       CGENCIN_X2M_A9TR
       CGENCON_X1M_A9TR
       CGENCON_X1P4M_A9TR
       CGENCON_X2M_A9TR
       CGENI_X1M_A9TR
       CGENI_X1P4M_A9TR
       CGENI_X2M_A9TR
       CGEN_X2M_A9TR
       CMPR42_X1M_A9TR
       CMPR42_X1P4M_A9TR
       CMPR42_X2M_A9TR
       DFFNQ_X1M_A9TR
       DFFNQ_X2M_A9TR
       DFFNQ_X3M_A9TR
       DFFNSRPQ_X1M_A9TR
       DFFNSRPQ_X2M_A9TR
       DFFNSRPQ_X3M_A9TR
       DFFQN_X0P5M_A9TR
       DFFQN_X1M_A9TR
       DFFQN_X2M_A9TR
       DFFQN_X3M_A9TR
       DFFQ_X0P5M_A9TR
       DFFQ_X1M_A9TR
       DFFQ_X2M_A9TR
       DFFQ_X3M_A9TR
       DFFQ_X4M_A9TR
       DFFRPQN_X0P5M_A9TR
       DFFRPQN_X1M_A9TR
       DFFRPQN_X2M_A9TR
       DFFRPQN_X3M_A9TR
       DFFRPQ_X0P5M_A9TR
       DFFSQN_X0P5M_A9TR
       DFFSQN_X1M_A9TR
       DFFSQN_X2M_A9TR
       DFFSQN_X3M_A9TR
       DFFSQ_X0P5M_A9TR
       DFFSQ_X1M_A9TR
       DFFSQ_X2M_A9TR
       DFFSQ_X3M_A9TR
       DFFSQ_X4M_A9TR
       DFFSRPQ_X0P5M_A9TR
       DFFSRPQ_X1M_A9TR
       DFFSRPQ_X2M_A9TR
       DFFSRPQ_X3M_A9TR
       DFFSRPQ_X4M_A9TR
       DLY2_X0P5M_A9TR
       DLY2_X1M_A9TR
       DLY4_X0P5M_A9TR
       DLY4_X1M_A9TR
       DLYCLK8S2_X1B_A9TR
       DLYCLK8S4_X1B_A9TR
       DLYCLK8S6_X1B_A9TR
       DLYCLK8S8_X1B_A9TR
       ENDCAPTIE3_A9TR
       ESDFFQN_X0P5M_A9TR
       ESDFFQN_X1M_A9TR
       ESDFFQN_X2M_A9TR
       ESDFFQN_X3M_A9TR
       ESDFFQ_X0P5M_A9TR
       ESDFFQ_X1M_A9TR
       ESDFFQ_X2M_A9TR
       ESDFFQ_X3M_A9TR
       FILL128_A9TR
       FILL16_A9TR
       FILL1_A9TR
       FILL2_A9TR
       FILL32_A9TR
       FILL4_A9TR
       FILL64_A9TR
       FILL8_A9TR
       FILLCAP128_A9TR
       FILLCAP16_A9TR
       FILLCAP32_A9TR
       FILLCAP4_A9TR
       FILLCAP64_A9TR
       FILLCAP8_A9TR
       FILLSGCAP128_A9TR
       FILLSGCAP16_A9TR
       FILLSGCAP32_A9TR
       FILLSGCAP4_A9TR
       FILLSGCAP64_A9TR
       FILLSGCAP8_A9TR
       FILLTIE128_A9TR
       FILLTIE16_A9TR
       FILLTIE32_A9TR
       FILLTIE3_A9TR
       FILLTIE4_A9TR
       FILLTIE64_A9TR
       FILLTIE8_A9TR
       FRICG_X0P5B_A9TR
       FRICG_X0P6B_A9TR
       FRICG_X0P7B_A9TR
       FRICG_X0P8B_A9TR
       FRICG_X11B_A9TR
       FRICG_X13B_A9TR
       FRICG_X16B_A9TR
       FRICG_X1B_A9TR
       FRICG_X1P2B_A9TR
       FRICG_X1P4B_A9TR
       FRICG_X1P7B_A9TR
       FRICG_X2B_A9TR
       FRICG_X2P5B_A9TR
       FRICG_X3B_A9TR
       FRICG_X3P5B_A9TR
       FRICG_X4B_A9TR
       FRICG_X5B_A9TR
       FRICG_X6B_A9TR
       FRICG_X7P5B_A9TR
       FRICG_X9B_A9TR
       INV_X0P5B_A9TR
       INV_X0P5M_A9TR
       INV_X0P6B_A9TR
       INV_X0P6M_A9TR
       INV_X0P7B_A9TR
       INV_X0P8B_A9TR
       INV_X0P8M_A9TR
       INV_X11B_A9TR
       INV_X13B_A9TR
       INV_X13M_A9TR
       INV_X16B_A9TR
       INV_X1P2B_A9TR
       INV_X1P4B_A9TR
       INV_X1P4M_A9TR
       INV_X2B_A9TR
       INV_X3B_A9TR
       INV_X3P5M_A9TR
       INV_X6B_A9TR
       INV_X7P5B_A9TR
       INV_X9B_A9TR
       LATNQN_X0P5M_A9TR
       LATNQN_X1M_A9TR
       LATNQN_X2M_A9TR
       LATNQN_X3M_A9TR
       LATNQN_X4M_A9TR
       LATNQ_X0P5M_A9TR
       LATNQ_X1M_A9TR
       LATNQ_X2M_A9TR
       LATNQ_X3M_A9TR
       LATNRPQN_X0P5M_A9TR
       LATNRPQN_X1M_A9TR
       LATNRPQN_X2M_A9TR
       LATNRPQN_X3M_A9TR
       LATNRPQN_X4M_A9TR
       LATNRQ_X0P5M_A9TR
       LATNRQ_X1M_A9TR
       LATNRQ_X2M_A9TR
       LATNRQ_X3M_A9TR
       LATNSPQ_X0P5M_A9TR
       LATNSPQ_X1M_A9TR
       LATNSPQ_X2M_A9TR
       LATNSPQ_X3M_A9TR
       LATNSQN_X0P5M_A9TR
       LATNSQN_X1M_A9TR
       LATNSQN_X2M_A9TR
       LATNSQN_X3M_A9TR
       LATNSQN_X4M_A9TR
       LATQN_X0P5M_A9TR
       LATQN_X1M_A9TR
       LATQN_X2M_A9TR
       LATQN_X3M_A9TR
       LATQN_X4M_A9TR
       LATQ_X0P5M_A9TR
       LATQ_X1M_A9TR
       LATQ_X2M_A9TR
       LATQ_X3M_A9TR
       LATRPQN_X0P5M_A9TR
       LATRPQN_X1M_A9TR
       LATRPQN_X2M_A9TR
       LATRPQN_X3M_A9TR
       LATRPQN_X4M_A9TR
       LATRQ_X0P5M_A9TR
       LATRQ_X1M_A9TR
       LATRQ_X2M_A9TR
       LATRQ_X3M_A9TR
       LATSPQ_X0P5M_A9TR
       LATSPQ_X1M_A9TR
       LATSPQ_X2M_A9TR
       LATSPQ_X3M_A9TR
       LATSQN_X0P5M_A9TR
       LATSQN_X1M_A9TR
       LATSQN_X2M_A9TR
       LATSQN_X3M_A9TR
       LATSQN_X4M_A9TR
       M2SDFFQN_X0P5M_A9TR
       M2SDFFQN_X1M_A9TR
       M2SDFFQN_X2M_A9TR
       M2SDFFQN_X3M_A9TR
       M2SDFFQ_X0P5M_A9TR
       M2SDFFQ_X1M_A9TR
       M2SDFFQ_X2M_A9TR
       M2SDFFQ_X3M_A9TR
       M2SDFFQ_X4M_A9TR
       MX2_X0P5B_A9TR
       MX2_X0P7B_A9TR
       MX2_X1B_A9TR
       MX2_X1P4B_A9TR
       MX2_X2B_A9TR
       MX2_X3B_A9TR
       MX2_X4B_A9TR
       MX2_X6B_A9TR
       MX2_X8B_A9TR
       MXGL2_X0P5B_A9TR
       MXGL2_X0P7B_A9TR
       MXGL2_X1B_A9TR
       MXGL2_X1P4B_A9TR
       MXGL2_X2B_A9TR
       MXGL2_X3B_A9TR
       MXGL2_X4B_A9TR
       MXGL2_X6B_A9TR
       MXIT2_X0P5M_A9TR
       MXIT2_X0P7M_A9TR
       MXIT2_X1M_A9TR
       MXIT2_X1P4M_A9TR
       MXIT2_X2M_A9TR
       MXIT2_X3M_A9TR
       MXIT2_X4M_A9TR
       MXIT4_X0P5M_A9TR
       MXIT4_X0P7M_A9TR
       MXIT4_X1M_A9TR
       MXIT4_X1P4M_A9TR
       MXIT4_X2M_A9TR
       MXIT4_X3M_A9TR
       MXT2_X0P5B_A9TR
       MXT2_X0P5M_A9TR
       MXT2_X0P7B_A9TR
       MXT2_X0P7M_A9TR
       MXT2_X1B_A9TR
       MXT2_X1M_A9TR
       MXT2_X1P4B_A9TR
       MXT2_X1P4M_A9TR
       MXT2_X2B_A9TR
       MXT2_X2M_A9TR
       MXT2_X3B_A9TR
       MXT2_X3M_A9TR
       MXT2_X4B_A9TR
       MXT2_X4M_A9TR
       MXT2_X6B_A9TR
       MXT2_X6M_A9TR
       MXT4_X0P5M_A9TR
       MXT4_X0P7M_A9TR
       MXT4_X1M_A9TR
       MXT4_X1P4M_A9TR
       MXT4_X2M_A9TR
       MXT4_X3M_A9TR
       NAND2B_X0P7M_A9TR
       NAND2B_X1M_A9TR
       NAND2B_X1P4M_A9TR
       NAND2B_X3M_A9TR
       NAND2B_X4M_A9TR
       NAND2B_X6M_A9TR
       NAND2B_X8M_A9TR
       NAND2XB_X0P5M_A9TR
       NAND2XB_X1P4M_A9TR
       NAND2XB_X4M_A9TR
       NAND2XB_X6M_A9TR
       NAND2XB_X8M_A9TR
       NAND2_X0P5A_A9TR
       NAND2_X0P5B_A9TR
       NAND2_X0P5M_A9TR
       NAND2_X0P7B_A9TR
       NAND2_X0P7M_A9TR
       NAND2_X1M_A9TR
       NAND2_X1P4A_A9TR
       NAND2_X1P4B_A9TR
       NAND2_X1P4M_A9TR
       NAND2_X2A_A9TR
       NAND2_X2M_A9TR
       NAND2_X3A_A9TR
       NAND2_X3M_A9TR
       NAND2_X4A_A9TR
       NAND2_X4M_A9TR
       NAND2_X6A_A9TR
       NAND2_X6B_A9TR
       NAND2_X6M_A9TR
       NAND2_X8A_A9TR
       NAND2_X8B_A9TR
       NAND2_X8M_A9TR
       NAND3BB_X0P5M_A9TR
       NAND3BB_X0P7M_A9TR
       NAND3BB_X1P4M_A9TR
       NAND3BB_X2M_A9TR
       NAND3BB_X3M_A9TR
       NAND3BB_X4M_A9TR
       NAND3BB_X6M_A9TR
       NAND3BB_X8M_A9TR
       NAND3B_X0P5M_A9TR
       NAND3B_X0P7M_A9TR
       NAND3B_X1M_A9TR
       NAND3B_X1P4M_A9TR
       NAND3B_X2M_A9TR
       NAND3B_X3M_A9TR
       NAND3B_X4M_A9TR
       NAND3B_X6M_A9TR
       NAND3XXB_X0P5M_A9TR
       NAND3XXB_X0P7M_A9TR
       NAND3XXB_X1M_A9TR
       NAND3XXB_X1P4M_A9TR
       NAND3XXB_X2M_A9TR
       NAND3XXB_X3M_A9TR
       NAND3XXB_X4M_A9TR
       NAND3XXB_X6M_A9TR
       NAND3_X0P5A_A9TR
       NAND3_X0P5M_A9TR
       NAND3_X0P7A_A9TR
       NAND3_X0P7M_A9TR
       NAND3_X1A_A9TR
       NAND3_X1P4A_A9TR
       NAND3_X1P4M_A9TR
       NAND3_X2A_A9TR
       NAND3_X2M_A9TR
       NAND3_X3A_A9TR
       NAND3_X3M_A9TR
       NAND3_X4A_A9TR
       NAND3_X4M_A9TR
       NAND3_X6A_A9TR
       NAND3_X6M_A9TR
       NAND4BB_X0P5M_A9TR
       NAND4BB_X0P7M_A9TR
       NAND4BB_X1M_A9TR
       NAND4BB_X1P4M_A9TR
       NAND4BB_X2M_A9TR
       NAND4BB_X3M_A9TR
       NAND4BB_X4M_A9TR
       NAND4BB_X6M_A9TR
       NAND4B_X0P5M_A9TR
       NAND4B_X0P7M_A9TR
       NAND4B_X1M_A9TR
       NAND4B_X1P4M_A9TR
       NAND4B_X2M_A9TR
       NAND4B_X3M_A9TR
       NAND4B_X4M_A9TR
       NAND4XXXB_X0P5M_A9TR
       NAND4XXXB_X0P7M_A9TR
       NAND4XXXB_X1M_A9TR
       NAND4XXXB_X1P4M_A9TR
       NAND4XXXB_X2M_A9TR
       NAND4XXXB_X3M_A9TR
       NAND4XXXB_X4M_A9TR
       NAND4_X0P5A_A9TR
       NAND4_X0P5M_A9TR
       NAND4_X0P7A_A9TR
       NAND4_X0P7M_A9TR
       NAND4_X1A_A9TR
       NAND4_X1M_A9TR
       NAND4_X1P4A_A9TR
       NAND4_X1P4M_A9TR
       NAND4_X2A_A9TR
       NAND4_X2M_A9TR
       NAND4_X3A_A9TR
       NAND4_X3M_A9TR
       NAND4_X4A_A9TR
       NAND4_X4M_A9TR
       NOR2B_X0P5M_A9TR
       NOR2B_X1P4M_A9TR
       NOR2B_X3M_A9TR
       NOR2B_X4M_A9TR
       NOR2B_X6M_A9TR
       NOR2B_X8M_A9TR
       NOR2XB_X0P7M_A9TR
       NOR2XB_X3M_A9TR
       NOR2XB_X4M_A9TR
       NOR2XB_X6M_A9TR
       NOR2XB_X8M_A9TR
       NOR2_X0P5A_A9TR
       NOR2_X0P5M_A9TR
       NOR2_X0P7A_A9TR
       NOR2_X0P7B_A9TR
       NOR2_X1B_A9TR
       NOR2_X1P4A_A9TR
       NOR2_X1P4B_A9TR
       NOR2_X3M_A9TR
       NOR2_X4A_A9TR
       NOR2_X4B_A9TR
       NOR2_X4M_A9TR
       NOR2_X6A_A9TR
       NOR2_X6B_A9TR
       NOR2_X6M_A9TR
       NOR2_X8A_A9TR
       NOR2_X8B_A9TR
       NOR2_X8M_A9TR
       NOR3BB_X0P5M_A9TR
       NOR3BB_X0P7M_A9TR
       NOR3BB_X1M_A9TR
       NOR3BB_X1P4M_A9TR
       NOR3BB_X2M_A9TR
       NOR3BB_X3M_A9TR
       NOR3BB_X4M_A9TR
       NOR3BB_X6M_A9TR
       NOR3BB_X8M_A9TR
       NOR3_X0P5A_A9TR
       NOR3_X0P5M_A9TR
       NOR3_X0P7A_A9TR
       NOR3_X0P7M_A9TR
       NOR3_X1A_A9TR
       NOR3_X1M_A9TR
       NOR3_X1P4A_A9TR
       NOR3_X1P4M_A9TR
       NOR3_X2A_A9TR
       NOR3_X2M_A9TR
       NOR3_X3A_A9TR
       NOR3_X3M_A9TR
       NOR3_X4A_A9TR
       NOR3_X4M_A9TR
       NOR4BB_X0P5M_A9TR
       NOR4BB_X0P7M_A9TR
       NOR4BB_X1M_A9TR
       NOR4BB_X1P4M_A9TR
       NOR4BB_X2M_A9TR
       NOR4BB_X3M_A9TR
       NOR4BB_X4M_A9TR
       OA1B2_X0P5M_A9TR
       OA1B2_X0P7M_A9TR
       OA1B2_X1M_A9TR
       OA1B2_X1P4M_A9TR
       OA1B2_X2M_A9TR
       OA1B2_X3M_A9TR
       OA1B2_X4M_A9TR
       OA1B2_X6M_A9TR
       OA1B2_X8M_A9TR
       OA211_X0P5M_A9TR
       OA211_X0P7M_A9TR
       OA211_X1M_A9TR
       OA211_X1P4M_A9TR
       OA211_X2M_A9TR
       OA211_X3M_A9TR
       OA211_X4M_A9TR
       OA211_X6M_A9TR
       OA21A1OI2_X0P5M_A9TR
       OA21A1OI2_X0P7M_A9TR
       OA21A1OI2_X1M_A9TR
       OA21A1OI2_X1P4M_A9TR
       OA21A1OI2_X2M_A9TR
       OA21A1OI2_X3M_A9TR
       OA21A1OI2_X4M_A9TR
       OA21A1OI2_X6M_A9TR
       OA21B_X0P5M_A9TR
       OA21B_X0P7M_A9TR
       OA21B_X1M_A9TR
       OA21B_X1P4M_A9TR
       OA21B_X2M_A9TR
       OA21B_X3M_A9TR
       OA21B_X4M_A9TR
       OA21B_X6M_A9TR
       OA21B_X8M_A9TR
       OA21_X0P5M_A9TR
       OA21_X0P7M_A9TR
       OA21_X1M_A9TR
       OA21_X1P4M_A9TR
       OA21_X2M_A9TR
       OA21_X3M_A9TR
       OA21_X4M_A9TR
       OA21_X6M_A9TR
       OA21_X8M_A9TR
       OA22_X0P5M_A9TR
       OA22_X1M_A9TR
       OA22_X1P4M_A9TR
       OA22_X2M_A9TR
       OA22_X3M_A9TR
       OA22_X4M_A9TR
       OA22_X6M_A9TR
       OA22_X8M_A9TR
       OAI211_X0P5M_A9TR
       OAI211_X0P7M_A9TR
       OAI211_X1M_A9TR
       OAI211_X1P4M_A9TR
       OAI211_X2M_A9TR
       OAI211_X3M_A9TR
       OAI211_X4M_A9TR
       OAI21B_X0P5M_A9TR
       OAI21B_X0P7M_A9TR
       OAI21B_X1M_A9TR
       OAI21B_X1P4M_A9TR
       OAI21B_X2M_A9TR
       OAI21B_X3M_A9TR
       OAI21B_X4M_A9TR
       OAI21B_X6M_A9TR
       OAI21B_X8M_A9TR
       OAI21_X0P5M_A9TR
       OAI21_X3M_A9TR
       OAI21_X4M_A9TR
       OAI21_X6M_A9TR
       OAI21_X8M_A9TR
       OAI221_X0P5M_A9TR
       OAI221_X0P7M_A9TR
       OAI221_X1M_A9TR
       OAI221_X1P4M_A9TR
       OAI221_X2M_A9TR
       OAI221_X3M_A9TR
       OAI221_X4M_A9TR
       OAI222_X0P5M_A9TR
       OAI222_X0P7M_A9TR
       OAI222_X1M_A9TR
       OAI222_X1P4M_A9TR
       OAI222_X2M_A9TR
       OAI222_X3M_A9TR
       OAI222_X4M_A9TR
       OAI22BB_X0P5M_A9TR
       OAI22BB_X0P7M_A9TR
       OAI22BB_X1M_A9TR
       OAI22BB_X2M_A9TR
       OAI22BB_X3M_A9TR
       OAI22BB_X4M_A9TR
       OAI22BB_X6M_A9TR
       OAI22BB_X8M_A9TR
       OAI22_X4M_A9TR
       OAI22_X6M_A9TR
       OAI22_X8M_A9TR
       OAI2XB1_X0P5M_A9TR
       OAI2XB1_X0P7M_A9TR
       OAI2XB1_X1M_A9TR
       OAI2XB1_X1P4M_A9TR
       OAI2XB1_X2M_A9TR
       OAI2XB1_X4M_A9TR
       OAI2XB1_X6M_A9TR
       OAI2XB1_X8M_A9TR
       OAI31_X0P5M_A9TR
       OAI31_X0P7M_A9TR
       OAI31_X1M_A9TR
       OAI31_X1P4M_A9TR
       OAI31_X2M_A9TR
       OAI31_X3M_A9TR
       OAI31_X4M_A9TR
       OAI31_X6M_A9TR
       OR2_X0P5B_A9TR
       OR2_X0P5M_A9TR
       OR2_X0P7B_A9TR
       OR2_X0P7M_A9TR
       OR2_X11B_A9TR
       OR2_X11M_A9TR
       OR2_X1B_A9TR
       OR2_X1M_A9TR
       OR2_X2B_A9TR
       OR2_X2M_A9TR
       OR2_X3B_A9TR
       OR2_X4M_A9TR
       OR2_X6B_A9TR
       OR2_X6M_A9TR
       OR2_X8B_A9TR
       OR2_X8M_A9TR
       OR3_X0P5M_A9TR
       OR3_X0P7M_A9TR
       OR3_X1M_A9TR
       OR3_X1P4M_A9TR
       OR3_X2M_A9TR
       OR3_X3M_A9TR
       OR3_X4M_A9TR
       OR3_X6M_A9TR
       OR3_X8M_A9TR
       OR4_X0P5M_A9TR
       OR4_X0P7M_A9TR
       OR4_X1M_A9TR
       OR4_X1P4M_A9TR
       OR4_X2M_A9TR
       OR4_X3M_A9TR
       OR4_X4M_A9TR
       OR4_X6M_A9TR
       OR4_X8M_A9TR
       OR6_X0P5M_A9TR
       OR6_X0P7M_A9TR
       OR6_X1M_A9TR
       OR6_X1P4M_A9TR
       OR6_X2M_A9TR
       OR6_X3M_A9TR
       OR6_X4M_A9TR
       OR6_X6M_A9TR
       POSTICG_X0P5B_A9TR
       POSTICG_X0P6B_A9TR
       POSTICG_X0P7B_A9TR
       POSTICG_X0P8B_A9TR
       POSTICG_X11B_A9TR
       POSTICG_X13B_A9TR
       POSTICG_X16B_A9TR
       POSTICG_X1B_A9TR
       POSTICG_X1P2B_A9TR
       POSTICG_X1P4B_A9TR
       POSTICG_X1P7B_A9TR
       POSTICG_X2B_A9TR
       POSTICG_X2P5B_A9TR
       POSTICG_X3B_A9TR
       POSTICG_X3P5B_A9TR
       POSTICG_X4B_A9TR
       POSTICG_X5B_A9TR
       POSTICG_X6B_A9TR
       POSTICG_X7P5B_A9TR
       POSTICG_X9B_A9TR
       PREICG_X0P5B_A9TR
       PREICG_X0P6B_A9TR
       PREICG_X0P7B_A9TR
       PREICG_X0P8B_A9TR
       PREICG_X11B_A9TR
       PREICG_X13B_A9TR
       PREICG_X16B_A9TR
       PREICG_X1B_A9TR
       PREICG_X1P2B_A9TR
       PREICG_X1P4B_A9TR
       PREICG_X1P7B_A9TR
       PREICG_X2B_A9TR
       PREICG_X2P5B_A9TR
       PREICG_X3B_A9TR
       PREICG_X3P5B_A9TR
       PREICG_X4B_A9TR
       PREICG_X5B_A9TR
       PREICG_X6B_A9TR
       PREICG_X7P5B_A9TR
       PREICG_X9B_A9TR
       RF1R1WS_X1M_A9TR
       RF1R1WS_X1P4M_A9TR
       RF1R1WS_X2M_A9TR
       RF1R2WS_X1M_A9TR
       RF1R2WS_X1P4M_A9TR
       RF1R2WS_X2M_A9TR
       RF2R1WS_X1M_A9TR
       RF2R1WS_X1P4M_A9TR
       RF2R1WS_X2M_A9TR
       RF2R2WS_X1M_A9TR
       RF2R2WS_X1P4M_A9TR
       RF2R2WS_X2M_A9TR
       SDFFNQ_X1M_A9TR
       SDFFNQ_X2M_A9TR
       SDFFNQ_X3M_A9TR
       SDFFNRPQ_X1M_A9TR
       SDFFNRPQ_X2M_A9TR
       SDFFNRPQ_X3M_A9TR
       SDFFNSQ_X1M_A9TR
       SDFFNSQ_X2M_A9TR
       SDFFNSQ_X3M_A9TR
       SDFFNSRPQ_X1M_A9TR
       SDFFNSRPQ_X2M_A9TR
       SDFFNSRPQ_X3M_A9TR
       SDFFQN_X0P5M_A9TR
       SDFFQN_X1M_A9TR
       SDFFQN_X2M_A9TR
       SDFFQN_X3M_A9TR
       SDFFQ_X0P5M_A9TR
       SDFFQ_X1M_A9TR
       SDFFQ_X2M_A9TR
       SDFFQ_X3M_A9TR
       SDFFQ_X4M_A9TR
       SDFFRPQN_X0P5M_A9TR
       SDFFRPQN_X1M_A9TR
       SDFFRPQN_X2M_A9TR
       SDFFRPQN_X3M_A9TR
       SDFFRPQ_X0P5M_A9TR
       SDFFRPQ_X1M_A9TR
       SDFFRPQ_X2M_A9TR
       SDFFRPQ_X3M_A9TR
       SDFFRPQ_X4M_A9TR
       SDFFSQN_X0P5M_A9TR
       SDFFSQN_X1M_A9TR
       SDFFSQN_X2M_A9TR
       SDFFSQN_X3M_A9TR
       SDFFSQ_X0P5M_A9TR
       SDFFSQ_X1M_A9TR
       SDFFSQ_X2M_A9TR
       SDFFSQ_X3M_A9TR
       SDFFSQ_X4M_A9TR
       SDFFSRPQ_X0P5M_A9TR
       SDFFSRPQ_X1M_A9TR
       SDFFSRPQ_X2M_A9TR
       SDFFSRPQ_X3M_A9TR
       SDFFSRPQ_X4M_A9TR
       SDFFYQ_X1M_A9TR
       SDFFYQ_X2M_A9TR
       SDFFYQ_X3M_A9TR
       SDFFYQ_X4M_A9TR
       TIEHI_X1M_A9TR
       TIELO_X1M_A9TR
       XNOR3_X0P5M_A9TR
       XNOR3_X0P7M_A9TR
       XNOR3_X1M_A9TR
       XNOR3_X1P4M_A9TR
       XNOR3_X2M_A9TR
       XNOR3_X3M_A9TR
       XNOR3_X4M_A9TR
       XOR2_X4M_A9TR
       XOR3_X0P5M_A9TR
       XOR3_X1P4M_A9TR
       XOR3_X2M_A9TR
       XOR3_X3M_A9TR
       XOR3_X4M_A9TR
       A2SDFFQN_X0P5M_A9TL
       A2SDFFQN_X1M_A9TL
       A2SDFFQN_X2M_A9TL
       A2SDFFQN_X3M_A9TL
       A2SDFFQ_X0P5M_A9TL
       A2SDFFQ_X1M_A9TL
       A2SDFFQ_X2M_A9TL
       A2SDFFQ_X3M_A9TL
       A2SDFFQ_X4M_A9TL
       ADDFCIN_X1M_A9TL
       ADDFCIN_X1P4M_A9TL
       ADDFCIN_X2M_A9TL
       ADDFH_X1M_A9TL
       AND2_X0P5B_A9TL
       AND2_X0P5M_A9TL
       AND2_X0P7B_A9TL
       AND2_X0P7M_A9TL
       AND2_X11M_A9TL
       AND2_X1P4B_A9TL
       AND2_X1P4M_A9TL
       AND2_X2B_A9TL
       AND2_X3M_A9TL
       AND2_X4B_A9TL
       AND2_X6M_A9TL
       AND2_X8M_A9TL
       AND3_X0P5M_A9TL
       AND3_X0P7M_A9TL
       AND3_X11M_A9TL
       AND3_X1M_A9TL
       AND3_X1P4M_A9TL
       AND3_X2M_A9TL
       AND3_X3M_A9TL
       AND3_X4M_A9TL
       AND3_X6M_A9TL
       AND3_X8M_A9TL
       AND4_X0P5M_A9TL
       AND4_X0P7M_A9TL
       AND4_X1M_A9TL
       AND4_X1P4M_A9TL
       AND4_X2M_A9TL
       AND4_X3M_A9TL
       AND4_X4M_A9TL
       AND4_X6M_A9TL
       AND4_X8M_A9TL
       ANTENNA1_A9TL
       AO1B2_X0P5M_A9TL
       AO1B2_X0P7M_A9TL
       AO1B2_X1M_A9TL
       AO1B2_X1P4M_A9TL
       AO1B2_X3M_A9TL
       AO1B2_X6M_A9TL
       AO21A1AI2_X0P5M_A9TL
       AO21A1AI2_X0P7M_A9TL
       AO21A1AI2_X1M_A9TL
       AO21A1AI2_X1P4M_A9TL
       AO21A1AI2_X2M_A9TL
       AO21A1AI2_X4M_A9TL
       AO21A1AI2_X6M_A9TL
       AO21B_X0P5M_A9TL
       AO21B_X0P7M_A9TL
       AO21B_X1P4M_A9TL
       AO21B_X4M_A9TL
       AO21B_X6M_A9TL
       AO21_X0P5M_A9TL
       AO21_X0P7M_A9TL
       AO21_X1M_A9TL
       AO21_X2M_A9TL
       AO21_X3M_A9TL
       AO21_X4M_A9TL
       AO22_X0P5M_A9TL
       AO22_X0P7M_A9TL
       AO22_X1M_A9TL
       AO22_X1P4M_A9TL
       AO22_X2M_A9TL
       AO22_X3M_A9TL
       AO22_X4M_A9TL
       AO22_X6M_A9TL
       AOI211_X0P5M_A9TL
       AOI211_X0P7M_A9TL
       AOI211_X1M_A9TL
       AOI211_X1P4M_A9TL
       AOI211_X2M_A9TL
       AOI211_X3M_A9TL
       AOI211_X4M_A9TL
       AOI21B_X0P5M_A9TL
       AOI21B_X0P7M_A9TL
       AOI21B_X1M_A9TL
       AOI21B_X1P4M_A9TL
       AOI21B_X2M_A9TL
       AOI21B_X6M_A9TL
       AOI21B_X8M_A9TL
       AOI21_X0P5M_A9TL
       AOI21_X1M_A9TL
       AOI21_X1P4M_A9TL
       AOI21_X8M_A9TL
       AOI221_X0P5M_A9TL
       AOI221_X0P7M_A9TL
       AOI221_X1M_A9TL
       AOI221_X1P4M_A9TL
       AOI221_X2M_A9TL
       AOI221_X3M_A9TL
       AOI221_X4M_A9TL
       AOI222_X0P5M_A9TL
       AOI222_X0P7M_A9TL
       AOI222_X1M_A9TL
       AOI222_X1P4M_A9TL
       AOI222_X2M_A9TL
       AOI222_X3M_A9TL
       AOI222_X4M_A9TL
       AOI22BB_X0P5M_A9TL
       AOI22BB_X0P7M_A9TL
       AOI22BB_X1M_A9TL
       AOI22BB_X3M_A9TL
       AOI22BB_X4M_A9TL
       AOI22BB_X6M_A9TL
       AOI22BB_X8M_A9TL
       AOI22_X0P5M_A9TL
       AOI22_X0P7M_A9TL
       AOI22_X1M_A9TL
       AOI22_X1P4M_A9TL
       AOI22_X2M_A9TL
       AOI22_X3M_A9TL
       AOI22_X4M_A9TL
       AOI22_X6M_A9TL
       AOI22_X8M_A9TL
       AOI2XB1_X0P5M_A9TL
       AOI2XB1_X0P7M_A9TL
       AOI2XB1_X1P4M_A9TL
       AOI2XB1_X2M_A9TL
       AOI2XB1_X6M_A9TL
       AOI2XB1_X8M_A9TL
       AOI31_X0P5M_A9TL
       AOI31_X0P7M_A9TL
       AOI31_X1M_A9TL
       AOI31_X1P4M_A9TL
       AOI31_X2M_A9TL
       AOI31_X4M_A9TL
       AOI31_X6M_A9TL
       AOI32_X0P5M_A9TL
       AOI32_X0P7M_A9TL
       AOI32_X1M_A9TL
       AOI32_X1P4M_A9TL
       AOI32_X2M_A9TL
       AOI32_X3M_A9TL
       AOI32_X4M_A9TL
       AOI32_X6M_A9TL
       BENC_X11M_A9TL
       BENC_X16M_A9TL
       BENC_X2M_A9TL
       BENC_X3M_A9TL
       BENC_X4M_A9TL
       BENC_X6M_A9TL
       BENC_X8M_A9TL
       BMXIT_X0P7M_A9TL
       BMXIT_X1M_A9TL
       BMXIT_X1P4M_A9TL
       BMXIT_X2M_A9TL
       BMXT_X0P7M_A9TL
       BMXT_X1M_A9TL
       BMXT_X1P4M_A9TL
       BMXT_X2M_A9TL
       BUFH_X0P7M_A9TL
       BUFH_X0P8M_A9TL
       BUFH_X11M_A9TL
       BUFH_X16M_A9TL
       BUFH_X1P2M_A9TL
       BUFH_X1P4M_A9TL
       BUFH_X1P7M_A9TL
       BUFH_X2M_A9TL
       BUFH_X2P5M_A9TL
       BUFH_X4M_A9TL
       BUFZ_X11M_A9TL
       BUFZ_X16M_A9TL
       BUFZ_X1M_A9TL
       BUFZ_X1P4M_A9TL
       BUFZ_X2M_A9TL
       BUFZ_X3M_A9TL
       BUFZ_X4M_A9TL
       BUFZ_X6M_A9TL
       BUFZ_X8M_A9TL
       BUF_X0P7B_A9TL
       BUF_X0P7M_A9TL
       BUF_X0P8B_A9TL
       BUF_X0P8M_A9TL
       BUF_X11B_A9TL
       BUF_X11M_A9TL
       BUF_X13B_A9TL
       BUF_X13M_A9TL
       BUF_X16B_A9TL
       BUF_X16M_A9TL
       BUF_X1B_A9TL
       BUF_X1M_A9TL
       BUF_X1P2B_A9TL
       BUF_X1P2M_A9TL
       BUF_X1P4B_A9TL
       BUF_X1P4M_A9TL
       BUF_X1P7B_A9TL
       BUF_X1P7M_A9TL
       BUF_X2B_A9TL
       BUF_X2M_A9TL
       BUF_X2P5B_A9TL
       BUF_X2P5M_A9TL
       BUF_X3B_A9TL
       BUF_X3P5B_A9TL
       BUF_X4B_A9TL
       BUF_X4M_A9TL
       BUF_X5B_A9TL
       BUF_X6B_A9TL
       BUF_X7P5B_A9TL
       BUF_X9B_A9TL
       CGENCIN_X1M_A9TL
       CGENCIN_X1P4M_A9TL
       CGENCIN_X2M_A9TL
       CGENCON_X1M_A9TL
       CGENCON_X1P4M_A9TL
       CGENCON_X2M_A9TL
       CGENI_X1M_A9TL
       CGENI_X1P4M_A9TL
       CGENI_X2M_A9TL
       CMPR42_X1M_A9TL
       CMPR42_X1P4M_A9TL
       CMPR42_X2M_A9TL
       DFFNQ_X1M_A9TL
       DFFNQ_X2M_A9TL
       DFFNQ_X3M_A9TL
       DFFNSRPQ_X1M_A9TL
       DFFNSRPQ_X2M_A9TL
       DFFNSRPQ_X3M_A9TL
       DFFQN_X0P5M_A9TL
       DFFQN_X1M_A9TL
       DFFQN_X2M_A9TL
       DFFQN_X3M_A9TL
       DFFQ_X0P5M_A9TL
       DFFQ_X1M_A9TL
       DFFQ_X2M_A9TL
       DFFQ_X3M_A9TL
       DFFQ_X4M_A9TL
       DFFRPQN_X0P5M_A9TL
       DFFRPQN_X1M_A9TL
       DFFRPQN_X2M_A9TL
       DFFRPQN_X3M_A9TL
       DFFRPQ_X0P5M_A9TL
       DFFRPQ_X1M_A9TL
       DFFSQN_X0P5M_A9TL
       DFFSQN_X1M_A9TL
       DFFSQN_X2M_A9TL
       DFFSQN_X3M_A9TL
       DFFSQ_X0P5M_A9TL
       DFFSQ_X1M_A9TL
       DFFSQ_X2M_A9TL
       DFFSQ_X3M_A9TL
       DFFSQ_X4M_A9TL
       DFFSRPQ_X0P5M_A9TL
       DFFSRPQ_X1M_A9TL
       DFFSRPQ_X2M_A9TL
       DFFSRPQ_X3M_A9TL
       DFFSRPQ_X4M_A9TL
       DLY2_X0P5M_A9TL
       DLY2_X1M_A9TL
       DLY4_X0P5M_A9TL
       DLY4_X1M_A9TL
       DLYCLK8S2_X1B_A9TL
       DLYCLK8S4_X1B_A9TL
       DLYCLK8S6_X1B_A9TL
       DLYCLK8S8_X1B_A9TL
       ENDCAPTIE3_A9TL
       ESDFFQN_X0P5M_A9TL
       ESDFFQN_X1M_A9TL
       ESDFFQN_X2M_A9TL
       ESDFFQN_X3M_A9TL
       ESDFFQ_X0P5M_A9TL
       ESDFFQ_X1M_A9TL
       ESDFFQ_X2M_A9TL
       ESDFFQ_X3M_A9TL
       FILL128_A9TL
       FILL16_A9TL
       FILL1_A9TL
       FILL2_A9TL
       FILL32_A9TL
       FILL4_A9TL
       FILL64_A9TL
       FILL8_A9TL
       FILLCAP128_A9TL
       FILLCAP16_A9TL
       FILLCAP32_A9TL
       FILLCAP4_A9TL
       FILLCAP64_A9TL
       FILLCAP8_A9TL
       FILLSGCAP128_A9TL
       FILLSGCAP16_A9TL
       FILLSGCAP32_A9TL
       FILLSGCAP4_A9TL
       FILLSGCAP64_A9TL
       FILLSGCAP8_A9TL
       FILLTIE128_A9TL
       FILLTIE16_A9TL
       FILLTIE32_A9TL
       FILLTIE3_A9TL
       FILLTIE4_A9TL
       FILLTIE64_A9TL
       FILLTIE8_A9TL
       FRICG_X0P5B_A9TL
       FRICG_X0P6B_A9TL
       FRICG_X0P7B_A9TL
       FRICG_X0P8B_A9TL
       FRICG_X11B_A9TL
       FRICG_X13B_A9TL
       FRICG_X16B_A9TL
       FRICG_X1B_A9TL
       FRICG_X1P2B_A9TL
       FRICG_X1P4B_A9TL
       FRICG_X1P7B_A9TL
       FRICG_X2B_A9TL
       FRICG_X2P5B_A9TL
       FRICG_X3B_A9TL
       FRICG_X3P5B_A9TL
       FRICG_X4B_A9TL
       FRICG_X5B_A9TL
       FRICG_X6B_A9TL
       FRICG_X7P5B_A9TL
       FRICG_X9B_A9TL
       INV_X0P5B_A9TL
       INV_X0P5M_A9TL
       INV_X0P6B_A9TL
       INV_X0P6M_A9TL
       INV_X0P7B_A9TL
       INV_X0P8B_A9TL
       INV_X11B_A9TL
       INV_X13B_A9TL
       INV_X13M_A9TL
       INV_X16B_A9TL
       INV_X1B_A9TL
       INV_X1P2B_A9TL
       INV_X1P2M_A9TL
       INV_X1P4B_A9TL
       INV_X1P4M_A9TL
       INV_X2B_A9TL
       INV_X3B_A9TL
       INV_X4B_A9TL
       INV_X5B_A9TL
       INV_X6B_A9TL
       INV_X9B_A9TL
       LATNQN_X0P5M_A9TL
       LATNQN_X1M_A9TL
       LATNQN_X2M_A9TL
       LATNQN_X3M_A9TL
       LATNQN_X4M_A9TL
       LATNQ_X0P5M_A9TL
       LATNQ_X1M_A9TL
       LATNQ_X2M_A9TL
       LATNQ_X3M_A9TL
       LATNRPQN_X0P5M_A9TL
       LATNRPQN_X1M_A9TL
       LATNRPQN_X2M_A9TL
       LATNRPQN_X3M_A9TL
       LATNRPQN_X4M_A9TL
       LATNRQ_X0P5M_A9TL
       LATNRQ_X1M_A9TL
       LATNRQ_X2M_A9TL
       LATNRQ_X3M_A9TL
       LATNSPQ_X0P5M_A9TL
       LATNSPQ_X1M_A9TL
       LATNSPQ_X2M_A9TL
       LATNSPQ_X3M_A9TL
       LATNSQN_X0P5M_A9TL
       LATNSQN_X1M_A9TL
       LATNSQN_X2M_A9TL
       LATNSQN_X3M_A9TL
       LATNSQN_X4M_A9TL
       LATQN_X0P5M_A9TL
       LATQN_X1M_A9TL
       LATQN_X2M_A9TL
       LATQN_X3M_A9TL
       LATQN_X4M_A9TL
       LATQ_X0P5M_A9TL
       LATQ_X1M_A9TL
       LATQ_X2M_A9TL
       LATQ_X3M_A9TL
       LATRPQN_X0P5M_A9TL
       LATRPQN_X1M_A9TL
       LATRPQN_X2M_A9TL
       LATRPQN_X3M_A9TL
       LATRPQN_X4M_A9TL
       LATRQ_X0P5M_A9TL
       LATRQ_X1M_A9TL
       LATRQ_X2M_A9TL
       LATRQ_X3M_A9TL
       LATSPQ_X0P5M_A9TL
       LATSPQ_X1M_A9TL
       LATSPQ_X2M_A9TL
       LATSPQ_X3M_A9TL
       LATSQN_X0P5M_A9TL
       LATSQN_X1M_A9TL
       LATSQN_X2M_A9TL
       LATSQN_X3M_A9TL
       LATSQN_X4M_A9TL
       M2SDFFQN_X0P5M_A9TL
       M2SDFFQN_X1M_A9TL
       M2SDFFQN_X2M_A9TL
       M2SDFFQN_X3M_A9TL
       M2SDFFQ_X0P5M_A9TL
       M2SDFFQ_X1M_A9TL
       M2SDFFQ_X2M_A9TL
       M2SDFFQ_X3M_A9TL
       M2SDFFQ_X4M_A9TL
       MX2_X0P5B_A9TL
       MX2_X0P7B_A9TL
       MX2_X1B_A9TL
       MX2_X1P4B_A9TL
       MX2_X2B_A9TL
       MX2_X3B_A9TL
       MX2_X4B_A9TL
       MX2_X6B_A9TL
       MX2_X8B_A9TL
       MXGL2_X0P5B_A9TL
       MXGL2_X0P7B_A9TL
       MXGL2_X1B_A9TL
       MXGL2_X1P4B_A9TL
       MXGL2_X2B_A9TL
       MXGL2_X3B_A9TL
       MXGL2_X4B_A9TL
       MXGL2_X6B_A9TL
       MXIT2_X0P5M_A9TL
       MXIT2_X0P7M_A9TL
       MXIT2_X1M_A9TL
       MXIT2_X1P4M_A9TL
       MXIT2_X2M_A9TL
       MXIT2_X3M_A9TL
       MXIT2_X4M_A9TL
       MXIT4_X0P5M_A9TL
       MXIT4_X0P7M_A9TL
       MXIT4_X1M_A9TL
       MXIT4_X1P4M_A9TL
       MXIT4_X2M_A9TL
       MXIT4_X3M_A9TL
       MXT2_X0P5B_A9TL
       MXT2_X0P5M_A9TL
       MXT2_X0P7B_A9TL
       MXT2_X0P7M_A9TL
       MXT2_X1B_A9TL
       MXT2_X1M_A9TL
       MXT2_X1P4B_A9TL
       MXT2_X1P4M_A9TL
       MXT2_X2B_A9TL
       MXT2_X2M_A9TL
       MXT2_X3B_A9TL
       MXT2_X3M_A9TL
       MXT2_X4B_A9TL
       MXT2_X4M_A9TL
       MXT2_X6B_A9TL
       MXT2_X6M_A9TL
       MXT4_X0P5M_A9TL
       MXT4_X0P7M_A9TL
       MXT4_X1M_A9TL
       MXT4_X1P4M_A9TL
       MXT4_X2M_A9TL
       MXT4_X3M_A9TL
       NAND2B_X0P7M_A9TL
       NAND2B_X1M_A9TL
       NAND2B_X1P4M_A9TL
       NAND2B_X8M_A9TL
       NAND2XB_X0P5M_A9TL
       NAND2XB_X1P4M_A9TL
       NAND2XB_X6M_A9TL
       NAND2_X0P5A_A9TL
       NAND2_X0P5B_A9TL
       NAND2_X0P5M_A9TL
       NAND2_X0P7A_A9TL
       NAND2_X0P7B_A9TL
       NAND2_X0P7M_A9TL
       NAND2_X1B_A9TL
       NAND2_X1M_A9TL
       NAND2_X1P4A_A9TL
       NAND2_X1P4B_A9TL
       NAND2_X1P4M_A9TL
       NAND2_X2A_A9TL
       NAND2_X2B_A9TL
       NAND2_X3A_A9TL
       NAND2_X3B_A9TL
       NAND2_X4A_A9TL
       NAND2_X4B_A9TL
       NAND2_X6A_A9TL
       NAND2_X6B_A9TL
       NAND2_X8A_A9TL
       NAND2_X8B_A9TL
       NAND3BB_X0P5M_A9TL
       NAND3BB_X0P7M_A9TL
       NAND3BB_X1M_A9TL
       NAND3BB_X1P4M_A9TL
       NAND3BB_X3M_A9TL
       NAND3BB_X4M_A9TL
       NAND3BB_X6M_A9TL
       NAND3BB_X8M_A9TL
       NAND3B_X0P5M_A9TL
       NAND3B_X0P7M_A9TL
       NAND3B_X1M_A9TL
       NAND3B_X1P4M_A9TL
       NAND3B_X2M_A9TL
       NAND3B_X3M_A9TL
       NAND3B_X4M_A9TL
       NAND3B_X6M_A9TL
       NAND3XXB_X0P5M_A9TL
       NAND3XXB_X0P7M_A9TL
       NAND3XXB_X1M_A9TL
       NAND3XXB_X1P4M_A9TL
       NAND3XXB_X2M_A9TL
       NAND3XXB_X3M_A9TL
       NAND3XXB_X4M_A9TL
       NAND3XXB_X6M_A9TL
       NAND3_X0P5A_A9TL
       NAND3_X0P5M_A9TL
       NAND3_X0P7A_A9TL
       NAND3_X0P7M_A9TL
       NAND3_X1M_A9TL
       NAND3_X1P4A_A9TL
       NAND3_X1P4M_A9TL
       NAND3_X2M_A9TL
       NAND3_X4A_A9TL
       NAND3_X4M_A9TL
       NAND3_X6A_A9TL
       NAND3_X6M_A9TL
       NAND4BB_X0P5M_A9TL
       NAND4BB_X0P7M_A9TL
       NAND4BB_X1M_A9TL
       NAND4BB_X1P4M_A9TL
       NAND4BB_X2M_A9TL
       NAND4BB_X3M_A9TL
       NAND4BB_X4M_A9TL
       NAND4BB_X6M_A9TL
       NAND4B_X0P5M_A9TL
       NAND4B_X0P7M_A9TL
       NAND4B_X1M_A9TL
       NAND4B_X1P4M_A9TL
       NAND4B_X2M_A9TL
       NAND4B_X3M_A9TL
       NAND4B_X4M_A9TL
       NAND4XXXB_X0P5M_A9TL
       NAND4XXXB_X0P7M_A9TL
       NAND4XXXB_X1M_A9TL
       NAND4XXXB_X1P4M_A9TL
       NAND4XXXB_X2M_A9TL
       NAND4XXXB_X3M_A9TL
       NAND4XXXB_X4M_A9TL
       NAND4_X0P5A_A9TL
       NAND4_X0P5M_A9TL
       NAND4_X0P7A_A9TL
       NAND4_X0P7M_A9TL
       NAND4_X1A_A9TL
       NAND4_X1M_A9TL
       NAND4_X1P4A_A9TL
       NAND4_X1P4M_A9TL
       NAND4_X2A_A9TL
       NAND4_X2M_A9TL
       NAND4_X3A_A9TL
       NAND4_X3M_A9TL
       NAND4_X4A_A9TL
       NAND4_X4M_A9TL
       NOR2B_X0P5M_A9TL
       NOR2B_X1P4M_A9TL
       NOR2B_X3M_A9TL
       NOR2B_X6M_A9TL
       NOR2B_X8M_A9TL
       NOR2XB_X0P5M_A9TL
       NOR2XB_X0P7M_A9TL
       NOR2XB_X4M_A9TL
       NOR2XB_X6M_A9TL
       NOR2XB_X8M_A9TL
       NOR2_X0P5A_A9TL
       NOR2_X0P5M_A9TL
       NOR2_X0P7A_A9TL
       NOR2_X0P7B_A9TL
       NOR2_X1B_A9TL
       NOR2_X1P4A_A9TL
       NOR2_X1P4B_A9TL
       NOR2_X1P4M_A9TL
       NOR2_X6B_A9TL
       NOR2_X8A_A9TL
       NOR2_X8B_A9TL
       NOR2_X8M_A9TL
       NOR3BB_X0P5M_A9TL
       NOR3BB_X0P7M_A9TL
       NOR3BB_X1M_A9TL
       NOR3BB_X1P4M_A9TL
       NOR3BB_X3M_A9TL
       NOR3BB_X4M_A9TL
       NOR3BB_X6M_A9TL
       NOR3BB_X8M_A9TL
       NOR3_X0P5A_A9TL
       NOR3_X0P5M_A9TL
       NOR3_X0P7A_A9TL
       NOR3_X0P7M_A9TL
       NOR3_X1A_A9TL
       NOR3_X1P4A_A9TL
       NOR3_X1P4M_A9TL
       NOR3_X2A_A9TL
       NOR3_X2M_A9TL
       NOR3_X3A_A9TL
       NOR3_X3M_A9TL
       NOR3_X4A_A9TL
       NOR3_X4M_A9TL
       NOR4BB_X0P5M_A9TL
       NOR4BB_X0P7M_A9TL
       NOR4BB_X1M_A9TL
       NOR4BB_X1P4M_A9TL
       NOR4BB_X2M_A9TL
       NOR4BB_X3M_A9TL
       NOR4BB_X4M_A9TL
       OA1B2_X0P5M_A9TL
       OA1B2_X0P7M_A9TL
       OA1B2_X1M_A9TL
       OA1B2_X1P4M_A9TL
       OA1B2_X2M_A9TL
       OA1B2_X3M_A9TL
       OA1B2_X4M_A9TL
       OA1B2_X6M_A9TL
       OA1B2_X8M_A9TL
       OA211_X0P5M_A9TL
       OA211_X0P7M_A9TL
       OA211_X1M_A9TL
       OA211_X1P4M_A9TL
       OA211_X2M_A9TL
       OA211_X3M_A9TL
       OA211_X4M_A9TL
       OA211_X6M_A9TL
       OA21A1OI2_X0P5M_A9TL
       OA21A1OI2_X0P7M_A9TL
       OA21A1OI2_X1M_A9TL
       OA21A1OI2_X1P4M_A9TL
       OA21A1OI2_X2M_A9TL
       OA21A1OI2_X3M_A9TL
       OA21A1OI2_X4M_A9TL
       OA21A1OI2_X6M_A9TL
       OA21B_X0P5M_A9TL
       OA21B_X0P7M_A9TL
       OA21B_X1M_A9TL
       OA21B_X1P4M_A9TL
       OA21B_X2M_A9TL
       OA21B_X3M_A9TL
       OA21B_X4M_A9TL
       OA21B_X6M_A9TL
       OA21B_X8M_A9TL
       OA21_X0P5M_A9TL
       OA21_X0P7M_A9TL
       OA21_X2M_A9TL
       OA21_X3M_A9TL
       OA21_X6M_A9TL
       OA21_X8M_A9TL
       OA22_X0P5M_A9TL
       OA22_X0P7M_A9TL
       OA22_X1M_A9TL
       OA22_X1P4M_A9TL
       OA22_X2M_A9TL
       OA22_X3M_A9TL
       OA22_X4M_A9TL
       OA22_X6M_A9TL
       OA22_X8M_A9TL
       OAI211_X0P5M_A9TL
       OAI211_X0P7M_A9TL
       OAI211_X1M_A9TL
       OAI211_X1P4M_A9TL
       OAI211_X2M_A9TL
       OAI211_X3M_A9TL
       OAI211_X4M_A9TL
       OAI21B_X0P5M_A9TL
       OAI21B_X0P7M_A9TL
       OAI21B_X1M_A9TL
       OAI21B_X1P4M_A9TL
       OAI21B_X2M_A9TL
       OAI21B_X3M_A9TL
       OAI21B_X4M_A9TL
       OAI21B_X6M_A9TL
       OAI21B_X8M_A9TL
       OAI21_X0P5M_A9TL
       OAI21_X0P7M_A9TL
       OAI221_X0P5M_A9TL
       OAI221_X0P7M_A9TL
       OAI221_X1M_A9TL
       OAI221_X1P4M_A9TL
       OAI221_X2M_A9TL
       OAI221_X3M_A9TL
       OAI221_X4M_A9TL
       OAI222_X0P5M_A9TL
       OAI222_X0P7M_A9TL
       OAI222_X1M_A9TL
       OAI222_X1P4M_A9TL
       OAI222_X2M_A9TL
       OAI222_X3M_A9TL
       OAI222_X4M_A9TL
       OAI22BB_X0P5M_A9TL
       OAI22BB_X0P7M_A9TL
       OAI22BB_X4M_A9TL
       OAI22BB_X6M_A9TL
       OAI22BB_X8M_A9TL
       OAI22_X6M_A9TL
       OAI22_X8M_A9TL
       OAI2XB1_X0P5M_A9TL
       OAI2XB1_X0P7M_A9TL
       OAI2XB1_X4M_A9TL
       OAI2XB1_X8M_A9TL
       OAI31_X0P5M_A9TL
       OAI31_X0P7M_A9TL
       OAI31_X1M_A9TL
       OAI31_X1P4M_A9TL
       OAI31_X2M_A9TL
       OAI31_X3M_A9TL
       OAI31_X4M_A9TL
       OAI31_X6M_A9TL
       OR2_X0P5B_A9TL
       OR2_X0P7B_A9TL
       OR2_X0P7M_A9TL
       OR2_X11B_A9TL
       OR2_X11M_A9TL
       OR2_X3B_A9TL
       OR2_X4B_A9TL
       OR2_X6B_A9TL
       OR2_X8B_A9TL
       OR3_X0P5M_A9TL
       OR3_X0P7M_A9TL
       OR3_X1M_A9TL
       OR3_X1P4M_A9TL
       OR3_X2M_A9TL
       OR3_X3M_A9TL
       OR3_X4M_A9TL
       OR3_X6M_A9TL
       OR3_X8M_A9TL
       OR4_X0P5M_A9TL
       OR4_X0P7M_A9TL
       OR4_X1M_A9TL
       OR4_X1P4M_A9TL
       OR4_X2M_A9TL
       OR4_X3M_A9TL
       OR4_X4M_A9TL
       OR4_X6M_A9TL
       OR4_X8M_A9TL
       OR6_X0P5M_A9TL
       OR6_X0P7M_A9TL
       OR6_X1M_A9TL
       OR6_X1P4M_A9TL
       OR6_X2M_A9TL
       OR6_X3M_A9TL
       OR6_X4M_A9TL
       OR6_X6M_A9TL
       POSTICG_X0P5B_A9TL
       POSTICG_X0P6B_A9TL
       POSTICG_X0P7B_A9TL
       POSTICG_X0P8B_A9TL
       POSTICG_X11B_A9TL
       POSTICG_X13B_A9TL
       POSTICG_X16B_A9TL
       POSTICG_X1B_A9TL
       POSTICG_X1P2B_A9TL
       POSTICG_X1P4B_A9TL
       POSTICG_X1P7B_A9TL
       POSTICG_X2B_A9TL
       POSTICG_X2P5B_A9TL
       POSTICG_X3B_A9TL
       POSTICG_X3P5B_A9TL
       POSTICG_X4B_A9TL
       POSTICG_X5B_A9TL
       POSTICG_X6B_A9TL
       POSTICG_X7P5B_A9TL
       POSTICG_X9B_A9TL
       PREICG_X0P5B_A9TL
       PREICG_X0P6B_A9TL
       PREICG_X0P7B_A9TL
       PREICG_X0P8B_A9TL
       PREICG_X11B_A9TL
       PREICG_X13B_A9TL
       PREICG_X16B_A9TL
       PREICG_X1B_A9TL
       PREICG_X1P2B_A9TL
       PREICG_X1P4B_A9TL
       PREICG_X1P7B_A9TL
       PREICG_X2B_A9TL
       PREICG_X2P5B_A9TL
       PREICG_X3B_A9TL
       PREICG_X3P5B_A9TL
       PREICG_X4B_A9TL
       PREICG_X5B_A9TL
       PREICG_X6B_A9TL
       PREICG_X7P5B_A9TL
       PREICG_X9B_A9TL
       RF1R1WS_X1M_A9TL
       RF1R1WS_X1P4M_A9TL
       RF1R1WS_X2M_A9TL
       RF1R2WS_X1M_A9TL
       RF1R2WS_X1P4M_A9TL
       RF1R2WS_X2M_A9TL
       RF2R1WS_X1M_A9TL
       RF2R1WS_X1P4M_A9TL
       RF2R1WS_X2M_A9TL
       RF2R2WS_X1M_A9TL
       RF2R2WS_X1P4M_A9TL
       RF2R2WS_X2M_A9TL
       SDFFNQ_X1M_A9TL
       SDFFNQ_X2M_A9TL
       SDFFNQ_X3M_A9TL
       SDFFNRPQ_X1M_A9TL
       SDFFNRPQ_X2M_A9TL
       SDFFNRPQ_X3M_A9TL
       SDFFNSQ_X1M_A9TL
       SDFFNSQ_X2M_A9TL
       SDFFNSQ_X3M_A9TL
       SDFFNSRPQ_X1M_A9TL
       SDFFNSRPQ_X2M_A9TL
       SDFFNSRPQ_X3M_A9TL
       SDFFQN_X0P5M_A9TL
       SDFFQN_X1M_A9TL
       SDFFQN_X2M_A9TL
       SDFFQN_X3M_A9TL
       SDFFQ_X0P5M_A9TL
       SDFFQ_X1M_A9TL
       SDFFQ_X2M_A9TL
       SDFFQ_X3M_A9TL
       SDFFQ_X4M_A9TL
       SDFFRPQN_X0P5M_A9TL
       SDFFRPQN_X1M_A9TL
       SDFFRPQN_X2M_A9TL
       SDFFRPQN_X3M_A9TL
       SDFFRPQ_X0P5M_A9TL
       SDFFRPQ_X1M_A9TL
       SDFFRPQ_X2M_A9TL
       SDFFRPQ_X3M_A9TL
       SDFFRPQ_X4M_A9TL
       SDFFSQN_X0P5M_A9TL
       SDFFSQN_X1M_A9TL
       SDFFSQN_X2M_A9TL
       SDFFSQN_X3M_A9TL
       SDFFSQ_X0P5M_A9TL
       SDFFSQ_X1M_A9TL
       SDFFSQ_X2M_A9TL
       SDFFSQ_X3M_A9TL
       SDFFSQ_X4M_A9TL
       SDFFSRPQ_X0P5M_A9TL
       SDFFSRPQ_X1M_A9TL
       SDFFSRPQ_X2M_A9TL
       SDFFSRPQ_X3M_A9TL
       SDFFSRPQ_X4M_A9TL
       SDFFYQ_X1M_A9TL
       SDFFYQ_X2M_A9TL
       SDFFYQ_X3M_A9TL
       SDFFYQ_X4M_A9TL
       TIEHI_X1M_A9TL
       XNOR3_X0P5M_A9TL
       XNOR3_X0P7M_A9TL
       XNOR3_X1M_A9TL
       XNOR3_X1P4M_A9TL
       XNOR3_X2M_A9TL
       XNOR3_X3M_A9TL
       XNOR3_X4M_A9TL
       XOR3_X0P5M_A9TL
       XOR3_X3M_A9TL
       XOR3_X4M_A9TL
TimeScale is 1 ns / 1 ps

Warning-[TFIPC] Too few instance port connections
MODP_NINV31_SYN.v, 1536
MODP_NINV31, "ADDF_X1M_A9TH U184( .A (n7295),  .B (n7294),  .CI (n7293),  .S (n7305));"
  The above instance has fewer port connections than the module definition.
  Please use '+lint=TFIPC-L' to print out detailed information of unconnected 
  ports.


Warning-[TFIPC] Too few instance port connections
MODP_NINV31_SYN.v, 2085
MODP_NINV31, "ADDF_X1M_A9TH U620( .A (n7389),  .B (n7390),  .CI (n7395),  .S (n7396));"
  The above instance has fewer port connections than the module definition.
  Please use '+lint=TFIPC-L' to print out detailed information of unconnected 
  ports.


Warning-[TFIPC] Too few instance port connections
MODP_NINV31_SYN.v, 2086
MODP_NINV31, "ADDF_X1M_A9TL U621( .A (n3005),  .B (n3004),  .CI (n3003),  .S (n3006));"
  The above instance has fewer port connections than the module definition.
  Please use '+lint=TFIPC-L' to print out detailed information of unconnected 
  ports.


Warning-[TFIPC] Too few instance port connections
MODP_NINV31_SYN.v, 2087
MODP_NINV31, "ADDF_X1M_A9TR U622( .A (n7413),  .B (n7412),  .CI (n7411),  .S (n7431));"
  The above instance has fewer port connections than the module definition.
  Please use '+lint=TFIPC-L' to print out detailed information of unconnected 
  ports.


Warning-[TFIPC] Too few instance port connections
MODP_NINV31_SYN.v, 4885
MODP_NINV31, "ADDF_X1M_A9TL U3054( .A (n771),  .B (n9568),  .CI (n9571),  .S (n9588));"
  The above instance has fewer port connections than the module definition.
  Please use '+lint=TFIPC-L' to print out detailed information of unconnected 
  ports.


Warning-[TFIPC] Too few instance port connections
MODP_NINV31_SYN.v, 5535
MODP_NINV31, "ADDF_X1M_A9TR U3612( .A (n7275),  .B (n7274),  .CI (n7273),  .S (n7320));"
  The above instance has fewer port connections than the module definition.
  Please use '+lint=TFIPC-L' to print out detailed information of unconnected 
  ports.


Warning-[TFIPC] Too few instance port connections
MODP_NINV31_SYN.v, 6368
MODP_NINV31, "ADDF_X1M_A9TR U4329( .A (n9482),  .B (n9481),  .CI (n9480),  .S (n9487));"
  The above instance has fewer port connections than the module definition.
  Please use '+lint=TFIPC-L' to print out detailed information of unconnected 
  ports.


Warning-[TFIPC] Too few instance port connections
MODP_NINV31_SYN.v, 6696
MODP_NINV31, "ADDF_X1M_A9TL U4595( .A (n9684),  .B (n9683),  .CI (n9682),  .S (n9685));"
  The above instance has fewer port connections than the module definition.
  Please use '+lint=TFIPC-L' to print out detailed information of unconnected 
  ports.


Warning-[TFIPC] Too few instance port connections
MODP_NINV31_SYN.v, 7106
MODP_NINV31, "ADDF_X1M_A9TL U4964( .A (n9586),  .B (n9585),  .CI (n9584),  .S (n9587));"
  The above instance has fewer port connections than the module definition.
  Please use '+lint=TFIPC-L' to print out detailed information of unconnected 
  ports.


Warning-[TFIPC] Too few instance port connections
MODP_NINV31_SYN.v, 7724
MODP_NINV31, "ADDF_X1M_A9TL U5482( .A (n7236),  .B (n7235),  .CI (n7234),  .S (n7237));"
  The above instance has fewer port connections than the module definition.
  Please use '+lint=TFIPC-L' to print out detailed information of unconnected 
  ports.


Warning-[TFIPC] Too few instance port connections
MODP_NINV31_SYN.v, 7735
MODP_NINV31, "ADDF_X1M_A9TL U5490( .A (n7140),  .B (n7139),  .CI (n7138),  .S (n7149));"
  The above instance has fewer port connections than the module definition.
  Please use '+lint=TFIPC-L' to print out detailed information of unconnected 
  ports.


Warning-[TFIPC] Too few instance port connections
MODP_NINV31_SYN.v, 8085
MODP_NINV31, "ADDF_X1M_A9TL U5791( .A (n7464),  .B (n7463),  .CI (n7462),  .S (n7469));"
  The above instance has fewer port connections than the module definition.
  Please use '+lint=TFIPC-L' to print out detailed information of unconnected 
  ports.


Warning-[TFIPC] Too few instance port connections
MODP_NINV31_SYN.v, 8090
MODP_NINV31, "ADDF_X1M_A9TL U5795( .A (n3080),  .B (n3079),  .CI (n3078),  .S (n3085));"
  The above instance has fewer port connections than the module definition.
  Please use '+lint=TFIPC-L' to print out detailed information of unconnected 
  ports.


Warning-[TFIPC] Too few instance port connections
MODP_NINV31_SYN.v, 8244
MODP_NINV31, "ADDF_X1M_A9TR U5946( .A (n7382),  .B (n7381),  .CI (n7380),  .S (n7463));"
  The above instance has fewer port connections than the module definition.
  Please use '+lint=TFIPC-L' to print out detailed information of unconnected 
  ports.


Warning-[TFIPC] Too few instance port connections
MODP_NINV31_SYN.v, 8315
MODP_NINV31, "ADDF_X1M_A9TR U6015( .A (n7431),  .B (n7430),  .CI (n7429),  .S (n7432));"
  The above instance has fewer port connections than the module definition.
  Please use '+lint=TFIPC-L' to print out detailed information of unconnected 
  ports.


Warning-[TFIPC] Too few instance port connections
MODP_NINV31_SYN.v, 8327
MODP_NINV31, "ADDF_X1M_A9TR U6027( .A (n7376),  .B (n7375),  .CI (n7374),  .S (n7381));"
  The above instance has fewer port connections than the module definition.
  Please use '+lint=TFIPC-L' to print out detailed information of unconnected 
  ports.


Warning-[TFIPC] Too few instance port connections
MODP_NINV31_SYN.v, 8347
MODP_NINV31, "ADDF_X1M_A9TR U6045( .A (n9555),  .B (n9554),  .CI (n9553),  .S (n9592));"
  The above instance has fewer port connections than the module definition.
  Please use '+lint=TFIPC-L' to print out detailed information of unconnected 
  ports.


Warning-[TFIPC] Too few instance port connections
MODP_NINV31_SYN.v, 8383
MODP_NINV31, "ADDF_X1M_A9TR U6081( .A (n9589),  .B (n9588),  .CI (n9587),  .S (n9590));"
  The above instance has fewer port connections than the module definition.
  Please use '+lint=TFIPC-L' to print out detailed information of unconnected 
  ports.


Warning-[TFIPC] Too few instance port connections
MODP_NINV31_SYN.v, 8391
MODP_NINV31, "ADDF_X1M_A9TR U6088( .A (n7398),  .B (n7397),  .CI (n7396),  .S (n7434));"
  The above instance has fewer port connections than the module definition.
  Please use '+lint=TFIPC-L' to print out detailed information of unconnected 
  ports.


Warning-[TFIPC] Too few instance port connections
MODP_NINV31_SYN.v, 8815
MODP_NINV31, "ADDF_X1M_A9TL U6427( .A (n9543),  .B (n9542),  .CI (n9541),  .S (n9621));"
  The above instance has fewer port connections than the module definition.
  Please use '+lint=TFIPC-L' to print out detailed information of unconnected 
  ports.


Warning-[TFIPC] Too few instance port connections
MODP_NINV31_SYN.v, 9221
MODP_NINV31, "ADDF_X1M_A9TH U6747( .A (n7137),  .B (n7136),  .CI (n7135),  .S (n7138));"
  The above instance has fewer port connections than the module definition.
  Please use '+lint=TFIPC-L' to print out detailed information of unconnected 
  ports.


Warning-[TFIPC] Too few instance port connections
MODP_NINV31_SYN.v, 9334
MODP_NINV31, "ADDF_X1M_A9TH U6827( .A (n6980),  .B (n6979),  .CI (n6978),  .S (n6985));"
  The above instance has fewer port connections than the module definition.
  Please use '+lint=TFIPC-L' to print out detailed information of unconnected 
  ports.


Warning-[TFIPC] Too few instance port connections
MODP_NINV31_SYN.v, 9335
MODP_NINV31, "ADDF_X1M_A9TH U6828( .A (n7063),  .B (n7062),  .CI (n7061),  .S (n7068));"
  The above instance has fewer port connections than the module definition.
  Please use '+lint=TFIPC-L' to print out detailed information of unconnected 
  ports.


Warning-[TFIPC] Too few instance port connections
MODP_NINV31_SYN.v, 9336
MODP_NINV31, "ADDF_X1M_A9TH U6829( .A (n7041),  .B (n7040),  .CI (n7039),  .S (n7069));"
  The above instance has fewer port connections than the module definition.
  Please use '+lint=TFIPC-L' to print out detailed information of unconnected 
  ports.


Warning-[TFIPC] Too few instance port connections
MODP_NINV31_SYN.v, 9337
MODP_NINV31, "ADDF_X1M_A9TH U6830( .A (n7054),  .B (n7053),  .CI (n7052),  .S (n7063));"
  The above instance has fewer port connections than the module definition.
  Please use '+lint=TFIPC-L' to print out detailed information of unconnected 
  ports.


Warning-[TFIPC] Too few instance port connections
MODP_NINV31_SYN.v, 9384
MODP_NINV31, "ADDF_X1M_A9TL U6865( .A (n9497),  .B (n9496),  .CI (n9495),  .S (n9710));"
  The above instance has fewer port connections than the module definition.
  Please use '+lint=TFIPC-L' to print out detailed information of unconnected 
  ports.


Warning-[TFIPC] Too few instance port connections
MODP_NINV31_SYN.v, 9755
MODP_NINV31, "ADDF_X1M_A9TH U7137( .A (n7038),  .B (n7037),  .CI (n7036),  .S (n7039));"
  The above instance has fewer port connections than the module definition.
  Please use '+lint=TFIPC-L' to print out detailed information of unconnected 
  ports.


Warning-[TFIPC] Too few instance port connections
MODP_NINV31_SYN.v, 9756
MODP_NINV31, "ADDF_X1M_A9TH U7138( .A (n6998),  .B (n6997),  .CI (n6996),  .S (n7041));"
  The above instance has fewer port connections than the module definition.
  Please use '+lint=TFIPC-L' to print out detailed information of unconnected 
  ports.


Warning-[TFIPC] Too few instance port connections
MODP_NINV31_SYN.v, 9782
MODP_NINV31, "ADDF_X1M_A9TH U7158( .A (n7455),  .B (n7454),  .CI (n7453),  .S (n7460));"
  The above instance has fewer port connections than the module definition.
  Please use '+lint=TFIPC-L' to print out detailed information of unconnected 
  ports.


Warning-[TFIPC] Too few instance port connections
MODP_NINV31_SYN.v, 9783
MODP_NINV31, "ADDF_X1M_A9TH U7159( .A (n7446),  .B (n7445),  .CI (n7444),  .S (n7455));"
  The above instance has fewer port connections than the module definition.
  Please use '+lint=TFIPC-L' to print out detailed information of unconnected 
  ports.


Warning-[TFIPC] Too few instance port connections
MODP_NINV31_SYN.v, 9805
MODP_NINV31, "ADDF_X1M_A9TH U7181( .A (n9537),  .B (n9536),  .CI (n9535),  .S (n9542));"
  The above instance has fewer port connections than the module definition.
  Please use '+lint=TFIPC-L' to print out detailed information of unconnected 
  ports.


Warning-[TFIPC] Too few instance port connections
MODP_NINV31_SYN.v, 9806
MODP_NINV31, "ADDF_X1M_A9TH U7182( .A (n9517),  .B (n9516),  .CI (n9515),  .S (n9537));"
  The above instance has fewer port connections than the module definition.
  Please use '+lint=TFIPC-L' to print out detailed information of unconnected 
  ports.


Warning-[TFIPC] Too few instance port connections
MODP_NINV31_SYN.v, 9807
MODP_NINV31, "ADDF_X1M_A9TH U7183( .A (n9531),  .B (n9530),  .CI (n9529),  .S (n9536));"
  The above instance has fewer port connections than the module definition.
  Please use '+lint=TFIPC-L' to print out detailed information of unconnected 
  ports.


Warning-[TFIPC] Too few instance port connections
MODP_NINV31_SYN.v, 9808
MODP_NINV31, "ADDF_X1M_A9TH U7184( .A (n9613),  .B (n9612),  .CI (n9611),  .S (n9618));"
  The above instance has fewer port connections than the module definition.
  Please use '+lint=TFIPC-L' to print out detailed information of unconnected 
  ports.


Warning-[TFIPC] Too few instance port connections
MODP_NINV31_SYN.v, 9809
MODP_NINV31, "ADDF_X1M_A9TH U7185( .A (n9604),  .B (n9603),  .CI (n9602),  .S (n9613));"
  The above instance has fewer port connections than the module definition.
  Please use '+lint=TFIPC-L' to print out detailed information of unconnected 
  ports.


Warning-[TFIPC] Too few instance port connections
MODP_NINV31_SYN.v, 9944
MODP_NINV31, "ADDF_X1M_A9TL U7291( .A (n7072),  .B (n7071),  .CI (n7070),  .S (n7077));"
  The above instance has fewer port connections than the module definition.
  Please use '+lint=TFIPC-L' to print out detailed information of unconnected 
  ports.


Warning-[TFIPC] Too few instance port connections
MODP_NINV31_SYN.v, 9945
MODP_NINV31, "ADDF_X1M_A9TH U7292( .A (n6986),  .B (n6985),  .CI (n6984),  .S (n7071));"
  The above instance has fewer port connections than the module definition.
  Please use '+lint=TFIPC-L' to print out detailed information of unconnected 
  ports.


Warning-[TFIPC] Too few instance port connections
MODP_NINV31_SYN.v, 10091
MODP_NINV31, "ADDF_X1M_A9TL U7409( .A (n3077),  .B (n3076),  .CI (n3075),  .S (n3078));"
  The above instance has fewer port connections than the module definition.
  Please use '+lint=TFIPC-L' to print out detailed information of unconnected 
  ports.


Warning-[TFIPC] Too few instance port connections
MODP_NINV31_SYN.v, 10110
MODP_NINV31, "ADDF_X1M_A9TL U7424( .A (n7355),  .B (n7354),  .CI (n7353),  .S (n7376));"
  The above instance has fewer port connections than the module definition.
  Please use '+lint=TFIPC-L' to print out detailed information of unconnected 
  ports.


Warning-[TFIPC] Too few instance port connections
MODP_NINV31_SYN.v, 10123
MODP_NINV31, "ADDF_X1M_A9TL U7434( .A (n9696),  .B (n9695),  .CI (n9694),  .S (n9705));"
  The above instance has fewer port connections than the module definition.
  Please use '+lint=TFIPC-L' to print out detailed information of unconnected 
  ports.


Warning-[TFIPC] Too few instance port connections
MODP_NINV31_SYN.v, 10150
MODP_NINV31, "ADDF_X1M_A9TL U7454( .A (n7311),  .B (n7310),  .CI (n7309),  .S (n7316));"
  The above instance has fewer port connections than the module definition.
  Please use '+lint=TFIPC-L' to print out detailed information of unconnected 
  ports.


Warning-[TFIPC] Too few instance port connections
MODP_NINV31_SYN.v, 10175
MODP_NINV31, "ADDF_X1M_A9TL U7473( .A (n9463),  .B (n9462),  .CI (n9461),  .S (n9464));"
  The above instance has fewer port connections than the module definition.
  Please use '+lint=TFIPC-L' to print out detailed information of unconnected 
  ports.


Warning-[TFIPC] Too few instance port connections
MODP_NINV31_SYN.v, 10216
MODP_NINV31, "ADDF_X1M_A9TL U7503( .A (n9619),  .B (n9618),  .CI (n9617),  .S (n9620));"
  The above instance has fewer port connections than the module definition.
  Please use '+lint=TFIPC-L' to print out detailed information of unconnected 
  ports.


Warning-[TFIPC] Too few instance port connections
MODP_NINV31_SYN.v, 10321
MODP_NINV31, "ADDF_X1M_A9TL U7581( .A (n7261),  .B (n7260),  .CI (n7259),  .S (n7326));"
  The above instance has fewer port connections than the module definition.
  Please use '+lint=TFIPC-L' to print out detailed information of unconnected 
  ports.


Warning-[TFIPC] Too few instance port connections
MODP_NINV31_SYN.v, 10344
MODP_NINV31, "ADDF_X1M_A9TL U7600( .A (n7202),  .B (n7201),  .CI (n7200),  .S (n7207));"
  The above instance has fewer port connections than the module definition.
  Please use '+lint=TFIPC-L' to print out detailed information of unconnected 
  ports.


Warning-[TFIPC] Too few instance port connections
MODP_NINV31_SYN.v, 10392
MODP_NINV31, "ADDF_X1M_A9TL U7634( .A (n7495),  .B (n7494),  .CI (n7493),  .S (n7496));"
  The above instance has fewer port connections than the module definition.
  Please use '+lint=TFIPC-L' to print out detailed information of unconnected 
  ports.


Warning-[TFIPC] Too few instance port connections
MODP_NINV31_SYN.v, 10401
MODP_NINV31, "ADDF_X1M_A9TL U7642( .A (n9647),  .B (n9646),  .CI (n9645),  .S (n9708));"
  The above instance has fewer port connections than the module definition.
  Please use '+lint=TFIPC-L' to print out detailed information of unconnected 
  ports.


Warning-[TFIPC] Too few instance port connections
MODP_NINV31_SYN.v, 10402
MODP_NINV31, "ADDF_X1M_A9TL U7643( .A (n9705),  .B (n9704),  .CI (n9703),  .S (n9706));"
  The above instance has fewer port connections than the module definition.
  Please use '+lint=TFIPC-L' to print out detailed information of unconnected 
  ports.


Warning-[TFIPC] Too few instance port connections
MODP_NINV31_SYN.v, 10458
MODP_NINV31, "ADDF_X1M_A9TL U7686( .A (n7305),  .B (n7304),  .CI (n7303),  .S (n7310));"
  The above instance has fewer port connections than the module definition.
  Please use '+lint=TFIPC-L' to print out detailed information of unconnected 
  ports.


Warning-[TFIPC] Too few instance port connections
MODP_NINV31_SYN.v, 10562
MODP_NINV31, "ADDF_X1M_A9TL U7769( .A (n9450),  .B (n9449),  .CI (n9448),  .S (n9463));"
  The above instance has fewer port connections than the module definition.
  Please use '+lint=TFIPC-L' to print out detailed information of unconnected 
  ports.


Warning-[TFIPC] Too few instance port connections
MODP_NINV31_SYN.v, 10616
MODP_NINV31, "ADDF_X1M_A9TL U7811( .A (n9622),  .B (n9621),  .CI (n9620),  .S (n9627));"
  The above instance has fewer port connections than the module definition.
  Please use '+lint=TFIPC-L' to print out detailed information of unconnected 
  ports.


Warning-[TFIPC] Too few instance port connections
MODP_NINV31_SYN.v, 10673
MODP_NINV31, "ADDF_X1M_A9TL U7857( .A (n7098),  .B (n7097),  .CI (n7096),  .S (n7099));"
  The above instance has fewer port connections than the module definition.
  Please use '+lint=TFIPC-L' to print out detailed information of unconnected 
  ports.


Warning-[TFIPC] Too few instance port connections
MODP_NINV31_SYN.v, 10700
MODP_NINV31, "ADDF_X1M_A9TL U7878( .A (n9693),  .B (n9692),  .CI (n9691),  .S (n9694));"
  The above instance has fewer port connections than the module definition.
  Please use '+lint=TFIPC-L' to print out detailed information of unconnected 
  ports.


Warning-[TFIPC] Too few instance port connections
MODP_NINV31_SYN.v, 10769
MODP_NINV31, "ADDF_X1M_A9TL U7931( .A (n7326),  .B (n7325),  .CI (n7324),  .S (n7498));"
  The above instance has fewer port connections than the module definition.
  Please use '+lint=TFIPC-L' to print out detailed information of unconnected 
  ports.


Warning-[TFIPC] Too few instance port connections
MODP_NINV31_SYN.v, 10831
MODP_NINV31, "ADDF_X1M_A9TL U7979( .A (n7208),  .B (n7207),  .CI (n7206),  .S (n7209));"
  The above instance has fewer port connections than the module definition.
  Please use '+lint=TFIPC-L' to print out detailed information of unconnected 
  ports.


Warning-[TFIPC] Too few instance port connections
MODP_NINV31_SYN.v, 10903
MODP_NINV31, "ADDF_X1M_A9TL U8037( .A (n7252),  .B (n7251),  .CI (n7250),  .S (n7261));"
  The above instance has fewer port connections than the module definition.
  Please use '+lint=TFIPC-L' to print out detailed information of unconnected 
  ports.


Warning-[TFIPC] Too few instance port connections
MODP_NINV31_SYN.v, 11084
MODP_NINV31, "ADDF_X1M_A9TL U8184( .A (n7239),  .B (n7238),  .CI (n7237),  .S (n7252));"
  The above instance has fewer port connections than the module definition.
  Please use '+lint=TFIPC-L' to print out detailed information of unconnected 
  ports.


Warning-[TFIPC] Too few instance port connections
MODP_NINV31_SYN.v, 11126
MODP_NINV31, "ADDF_X1M_A9TL U8218( .A (n9488),  .B (n9487),  .CI (n9486),  .S (n9497));"
  The above instance has fewer port connections than the module definition.
  Please use '+lint=TFIPC-L' to print out detailed information of unconnected 
  ports.


Warning-[TFIPC] Too few instance port connections
MODP_NINV31_SYN.v, 11171
MODP_NINV31, "ADDF_X1M_A9TL U8249( .A (n7486),  .B (n7485),  .CI (n7484),  .S (n7495));"
  The above instance has fewer port connections than the module definition.
  Please use '+lint=TFIPC-L' to print out detailed information of unconnected 
  ports.


Warning-[TFIPC] Too few instance port connections
MODP_NINV31_SYN.v, 11241
MODP_NINV31, "ADDF_X1M_A9TL U8305( .A (n7172),  .B (n7171),  .CI (n7170),  .S (n7182));"
  The above instance has fewer port connections than the module definition.
  Please use '+lint=TFIPC-L' to print out detailed information of unconnected 
  ports.


Warning-[TFIPC] Too few instance port connections
MODP_NINV31_SYN.v, 11629
MODP_NINV31, "ADDF_X1M_A9TH U8614( .A (n2958),  .B (n2957),  .CI (n2956),  .S (n2977));"
  The above instance has fewer port connections than the module definition.
  Please use '+lint=TFIPC-L' to print out detailed information of unconnected 
  ports.


Warning-[TFIPC] Too few instance port connections
MODP_NINV31_SYN.v, 11634
MODP_NINV31, "ADDF_X1M_A9TH U8618( .A (n2971),  .B (n2970),  .CI (n2969),  .S (n2976));"
  The above instance has fewer port connections than the module definition.
  Please use '+lint=TFIPC-L' to print out detailed information of unconnected 
  ports.


Warning-[TFIPC] Too few instance port connections
MODP_NINV31_SYN.v, 11635
MODP_NINV31, "ADDF_X1M_A9TH U8619( .A (n2977),  .B (n2976),  .CI (n2975),  .S (n2982));"
  The above instance has fewer port connections than the module definition.
  Please use '+lint=TFIPC-L' to print out detailed information of unconnected 
  ports.


Warning-[TFIPC] Too few instance port connections
MODP_NINV31_SYN.v, 11636
MODP_NINV31, "ADDF_X1M_A9TH U8620( .A (n2983),  .B (n2982),  .CI (n2981),  .S (n3079));"
  The above instance has fewer port connections than the module definition.
  Please use '+lint=TFIPC-L' to print out detailed information of unconnected 
  ports.


Warning-[TFIPC] Too few instance port connections
MODP_NINV31_SYN.v, 11640
MODP_NINV31, "ADDF_X1M_A9TH U8624( .A (n3008),  .B (n3007),  .CI (n3006),  .S (n3050));"
  The above instance has fewer port connections than the module definition.
  Please use '+lint=TFIPC-L' to print out detailed information of unconnected 
  ports.


Warning-[TFIPC] Too few instance port connections
MODP_NINV31_SYN.v, 11647
MODP_NINV31, "ADDF_X1M_A9TH U8629( .A (n3048),  .B (n3047),  .CI (n3046),  .S (n3049));"
  The above instance has fewer port connections than the module definition.
  Please use '+lint=TFIPC-L' to print out detailed information of unconnected 
  ports.


Warning-[TFIPC] Too few instance port connections
MODP_NINV31_SYN.v, 11648
MODP_NINV31, "ADDF_X1M_A9TH U8630( .A (n3051),  .B (n3050),  .CI (n3049),  .S (n3077));"
  The above instance has fewer port connections than the module definition.
  Please use '+lint=TFIPC-L' to print out detailed information of unconnected 
  ports.


Warning-[TFIPC] Too few instance port connections
MODP_NINV31_SYN.v, 11651
MODP_NINV31, "ADDF_X1M_A9TH U8632( .A (n3062),  .B (n3061),  .CI (n3060),  .S (n3071));"
  The above instance has fewer port connections than the module definition.
  Please use '+lint=TFIPC-L' to print out detailed information of unconnected 
  ports.


Warning-[TFIPC] Too few instance port connections
MODP_NINV31_SYN.v, 11652
MODP_NINV31, "ADDF_X1M_A9TH U8633( .A (n3071),  .B (n3070),  .CI (n3069),  .S (n3076));"
  The above instance has fewer port connections than the module definition.
  Please use '+lint=TFIPC-L' to print out detailed information of unconnected 
  ports.


Warning-[TFIPC] Too few instance port connections
MODP_NINV31_SYN.v, 11849
MODP_NINV31, "ADDF_X1M_A9TH U8773( .A (n6957),  .B (n6956),  .CI (n6955),  .S (n6980));"
  The above instance has fewer port connections than the module definition.
  Please use '+lint=TFIPC-L' to print out detailed information of unconnected 
  ports.


Warning-[TFIPC] Too few instance port connections
MODP_NINV31_SYN.v, 11854
MODP_NINV31, "ADDF_X1M_A9TH U8777( .A (n6974),  .B (n6973),  .CI (n6972),  .S (n6979));"
  The above instance has fewer port connections than the module definition.
  Please use '+lint=TFIPC-L' to print out detailed information of unconnected 
  ports.


Warning-[DDTC] Duplicate Timing Check is disabled
/home/daniel_kuo/CBDK_TSMC40_Arm_f2.0/CIC/Verilog/sc9_cln40g_base_rvt_neg.v, 58984
  The below duplicate timing check will be disabled:
  $recrem(negedge R, negedge CKN &&& (ENABLE_D_AND_SN == 1'b1), 
  1.0000000000000000, 0.50000000000000000, NOTIFIER, , , dR, dCKN);


Warning-[DDTC] Duplicate Timing Check is disabled
/home/daniel_kuo/CBDK_TSMC40_Arm_f2.0/CIC/Verilog/sc9_cln40g_base_rvt_neg.v, 58989
  The below duplicate timing check will be disabled:
  $recrem(posedge SN, negedge CKN &&& (ENABLE_NOT_D_AND_NOT_R == 1'b1), 
  1.0000000000000000, 0.50000000000000000, NOTIFIER, , , dSN, dCKN);


Warning-[DDTC] Duplicate Timing Check is disabled
/home/daniel_kuo/CBDK_TSMC40_Arm_f2.0/CIC/Verilog/sc9_cln40g_base_rvt_neg.v, 59089
  The below duplicate timing check will be disabled:
  $recrem(negedge R, negedge CKN &&& (ENABLE_D_AND_SN == 1'b1), 
  1.0000000000000000, 0.50000000000000000, NOTIFIER, , , dR, dCKN);


Warning-[DDTC] Duplicate Timing Check is disabled
/home/daniel_kuo/CBDK_TSMC40_Arm_f2.0/CIC/Verilog/sc9_cln40g_base_rvt_neg.v, 59094
  The below duplicate timing check will be disabled:
  $recrem(posedge SN, negedge CKN &&& (ENABLE_NOT_D_AND_NOT_R == 1'b1), 
  1.0000000000000000, 0.50000000000000000, NOTIFIER, , , dSN, dCKN);


Warning-[DDTC] Duplicate Timing Check is disabled
/home/daniel_kuo/CBDK_TSMC40_Arm_f2.0/CIC/Verilog/sc9_cln40g_base_rvt_neg.v, 59194
  The below duplicate timing check will be disabled:
  $recrem(negedge R, negedge CKN &&& (ENABLE_D_AND_SN == 1'b1), 
  1.0000000000000000, 0.50000000000000000, NOTIFIER, , , dR, dCKN);


Warning-[DDTC] Duplicate Timing Check is disabled
/home/daniel_kuo/CBDK_TSMC40_Arm_f2.0/CIC/Verilog/sc9_cln40g_base_rvt_neg.v, 59199
  The below duplicate timing check will be disabled:
  $recrem(posedge SN, negedge CKN &&& (ENABLE_NOT_D_AND_NOT_R == 1'b1), 
  1.0000000000000000, 0.50000000000000000, NOTIFIER, , , dSN, dCKN);


Warning-[DDTC] Duplicate Timing Check is disabled
/home/daniel_kuo/CBDK_TSMC40_Arm_f2.0/CIC/Verilog/sc9_cln40g_base_rvt_neg.v, 65129
  The below duplicate timing check will be disabled:
  $recrem(negedge R, negedge G &&& (ENABLE_D == 1'b1), 1.0000000000000000, 
  0.50000000000000000, NOTIFIER, , , dR, dG);


Warning-[DDTC] Duplicate Timing Check is disabled
/home/daniel_kuo/CBDK_TSMC40_Arm_f2.0/CIC/Verilog/sc9_cln40g_base_rvt_neg.v, 65181
  The below duplicate timing check will be disabled:
  $recrem(negedge R, negedge G &&& (ENABLE_D == 1'b1), 1.0000000000000000, 
  0.50000000000000000, NOTIFIER, , , dR, dG);


Warning-[DDTC] Duplicate Timing Check is disabled
/home/daniel_kuo/CBDK_TSMC40_Arm_f2.0/CIC/Verilog/sc9_cln40g_base_rvt_neg.v, 65233
  The below duplicate timing check will be disabled:
  $recrem(negedge R, negedge G &&& (ENABLE_D == 1'b1), 1.0000000000000000, 
  0.50000000000000000, NOTIFIER, , , dR, dG);


Warning-[DDTC] Duplicate Timing Check is disabled
/home/daniel_kuo/CBDK_TSMC40_Arm_f2.0/CIC/Verilog/sc9_cln40g_base_rvt_neg.v, 65285
  The below duplicate timing check will be disabled:
  $recrem(negedge R, negedge G &&& (ENABLE_D == 1'b1), 1.0000000000000000, 
  0.50000000000000000, NOTIFIER, , , dR, dG);


Warning-[DDTC] Duplicate Timing Check is disabled
/home/daniel_kuo/CBDK_TSMC40_Arm_f2.0/CIC/Verilog/sc9_cln40g_base_rvt_neg.v, 65337
  The below duplicate timing check will be disabled:
  $recrem(negedge R, negedge G &&& (ENABLE_D == 1'b1), 1.0000000000000000, 
  0.50000000000000000, NOTIFIER, , , dR, dG);


Warning-[DDTC] Duplicate Timing Check is disabled
/home/daniel_kuo/CBDK_TSMC40_Arm_f2.0/CIC/Verilog/sc9_cln40g_base_rvt_neg.v, 65389
  The below duplicate timing check will be disabled:
  $recrem(posedge RN, negedge G &&& (ENABLE_D == 1'b1), 1.0000000000000000, 
  0.50000000000000000, NOTIFIER, , , dRN, dG);


Warning-[DDTC] Duplicate Timing Check is disabled
/home/daniel_kuo/CBDK_TSMC40_Arm_f2.0/CIC/Verilog/sc9_cln40g_base_rvt_neg.v, 65441
  The below duplicate timing check will be disabled:
  $recrem(posedge RN, negedge G &&& (ENABLE_D == 1'b1), 1.0000000000000000, 
  0.50000000000000000, NOTIFIER, , , dRN, dG);


Warning-[DDTC] Duplicate Timing Check is disabled
/home/daniel_kuo/CBDK_TSMC40_Arm_f2.0/CIC/Verilog/sc9_cln40g_base_rvt_neg.v, 65493
  The below duplicate timing check will be disabled:
  $recrem(posedge RN, negedge G &&& (ENABLE_D == 1'b1), 1.0000000000000000, 
  0.50000000000000000, NOTIFIER, , , dRN, dG);


Warning-[DDTC] Duplicate Timing Check is disabled
/home/daniel_kuo/CBDK_TSMC40_Arm_f2.0/CIC/Verilog/sc9_cln40g_base_rvt_neg.v, 65545
  The below duplicate timing check will be disabled:
  $recrem(posedge RN, negedge G &&& (ENABLE_D == 1'b1), 1.0000000000000000, 
  0.50000000000000000, NOTIFIER, , , dRN, dG);


Warning-[DDTC] Duplicate Timing Check is disabled
/home/daniel_kuo/CBDK_TSMC40_Arm_f2.0/CIC/Verilog/sc9_cln40g_base_rvt_neg.v, 65597
  The below duplicate timing check will be disabled:
  $recrem(negedge S, negedge G &&& (ENABLE_NOT_D == 1'b1), 1.0000000000000000,
  0.50000000000000000, NOTIFIER, , , dS, dG);


Warning-[DDTC] Duplicate Timing Check is disabled
/home/daniel_kuo/CBDK_TSMC40_Arm_f2.0/CIC/Verilog/sc9_cln40g_base_rvt_neg.v, 65649
  The below duplicate timing check will be disabled:
  $recrem(negedge S, negedge G &&& (ENABLE_NOT_D == 1'b1), 1.0000000000000000,
  0.50000000000000000, NOTIFIER, , , dS, dG);


Warning-[DDTC] Duplicate Timing Check is disabled
/home/daniel_kuo/CBDK_TSMC40_Arm_f2.0/CIC/Verilog/sc9_cln40g_base_rvt_neg.v, 65701
  The below duplicate timing check will be disabled:
  $recrem(negedge S, negedge G &&& (ENABLE_NOT_D == 1'b1), 1.0000000000000000,
  0.50000000000000000, NOTIFIER, , , dS, dG);


Warning-[DDTC] Duplicate Timing Check is disabled
/home/daniel_kuo/CBDK_TSMC40_Arm_f2.0/CIC/Verilog/sc9_cln40g_base_rvt_neg.v, 65753
  The below duplicate timing check will be disabled:
  $recrem(negedge S, negedge G &&& (ENABLE_NOT_D == 1'b1), 1.0000000000000000,
  0.50000000000000000, NOTIFIER, , , dS, dG);


Warning-[DDTC] Duplicate Timing Check is disabled
/home/daniel_kuo/CBDK_TSMC40_Arm_f2.0/CIC/Verilog/sc9_cln40g_base_rvt_neg.v, 65805
  The below duplicate timing check will be disabled:
  $recrem(posedge SN, negedge G &&& (ENABLE_NOT_D == 1'b1), 
  1.0000000000000000, 0.50000000000000000, NOTIFIER, , , dSN, dG);


Warning-[DDTC] Duplicate Timing Check is disabled
/home/daniel_kuo/CBDK_TSMC40_Arm_f2.0/CIC/Verilog/sc9_cln40g_base_rvt_neg.v, 65857
  The below duplicate timing check will be disabled:
  $recrem(posedge SN, negedge G &&& (ENABLE_NOT_D == 1'b1), 
  1.0000000000000000, 0.50000000000000000, NOTIFIER, , , dSN, dG);


Warning-[DDTC] Duplicate Timing Check is disabled
/home/daniel_kuo/CBDK_TSMC40_Arm_f2.0/CIC/Verilog/sc9_cln40g_base_rvt_neg.v, 65909
  The below duplicate timing check will be disabled:
  $recrem(posedge SN, negedge G &&& (ENABLE_NOT_D == 1'b1), 
  1.0000000000000000, 0.50000000000000000, NOTIFIER, , , dSN, dG);


Warning-[DDTC] Duplicate Timing Check is disabled
/home/daniel_kuo/CBDK_TSMC40_Arm_f2.0/CIC/Verilog/sc9_cln40g_base_rvt_neg.v, 65961
  The below duplicate timing check will be disabled:
  $recrem(posedge SN, negedge G &&& (ENABLE_NOT_D == 1'b1), 
  1.0000000000000000, 0.50000000000000000, NOTIFIER, , , dSN, dG);


Warning-[DDTC] Duplicate Timing Check is disabled
/home/daniel_kuo/CBDK_TSMC40_Arm_f2.0/CIC/Verilog/sc9_cln40g_base_rvt_neg.v, 66013
  The below duplicate timing check will be disabled:
  $recrem(posedge SN, negedge G &&& (ENABLE_NOT_D == 1'b1), 
  1.0000000000000000, 0.50000000000000000, NOTIFIER, , , dSN, dG);


Warning-[DDTC] Duplicate Timing Check is disabled
/home/daniel_kuo/CBDK_TSMC40_Arm_f2.0/CIC/Verilog/sc9_cln40g_base_rvt_neg.v, 84637
  The below duplicate timing check will be disabled:
  $recrem(negedge R, negedge CKN &&& (ENABLE_NOT_D_AND_SE_AND_SI == 1'b1), 
  1.0000000000000000, 0.50000000000000000, NOTIFIER, , , dR, dCKN);


Warning-[DDTC] Duplicate Timing Check is disabled
/home/daniel_kuo/CBDK_TSMC40_Arm_f2.0/CIC/Verilog/sc9_cln40g_base_rvt_neg.v, 84638
  The below duplicate timing check will be disabled:
  $recrem(negedge R, negedge CKN &&& (ENABLE_D_AND_NOT_SE_AND_NOT_SI == 1'b1),
  1.0000000000000000, 0.50000000000000000, NOTIFIER, , , dR, dCKN);


Warning-[DDTC] Duplicate Timing Check is disabled
/home/daniel_kuo/CBDK_TSMC40_Arm_f2.0/CIC/Verilog/sc9_cln40g_base_rvt_neg.v, 84639
  The below duplicate timing check will be disabled:
  $recrem(negedge R, negedge CKN &&& (ENABLE_D_AND_NOT_SE_AND_SI == 1'b1), 
  1.0000000000000000, 0.50000000000000000, NOTIFIER, , , dR, dCKN);


Warning-[DDTC] Duplicate Timing Check is disabled
/home/daniel_kuo/CBDK_TSMC40_Arm_f2.0/CIC/Verilog/sc9_cln40g_base_rvt_neg.v, 84640
  The below duplicate timing check will be disabled:
  $recrem(negedge R, negedge CKN &&& (ENABLE_D_AND_SE_AND_SI == 1'b1), 
  1.0000000000000000, 0.50000000000000000, NOTIFIER, , , dR, dCKN);


Warning-[DDTC] Duplicate Timing Check is disabled
/home/daniel_kuo/CBDK_TSMC40_Arm_f2.0/CIC/Verilog/sc9_cln40g_base_rvt_neg.v, 84825
  The below duplicate timing check will be disabled:
  $recrem(negedge R, negedge CKN &&& (ENABLE_NOT_D_AND_SE_AND_SI == 1'b1), 
  1.0000000000000000, 0.50000000000000000, NOTIFIER, , , dR, dCKN);


Warning-[DDTC] Duplicate Timing Check is disabled
/home/daniel_kuo/CBDK_TSMC40_Arm_f2.0/CIC/Verilog/sc9_cln40g_base_rvt_neg.v, 84826
  The below duplicate timing check will be disabled:
  $recrem(negedge R, negedge CKN &&& (ENABLE_D_AND_NOT_SE_AND_NOT_SI == 1'b1),
  1.0000000000000000, 0.50000000000000000, NOTIFIER, , , dR, dCKN);


Warning-[DDTC] Duplicate Timing Check is disabled
/home/daniel_kuo/CBDK_TSMC40_Arm_f2.0/CIC/Verilog/sc9_cln40g_base_rvt_neg.v, 84827
  The below duplicate timing check will be disabled:
  $recrem(negedge R, negedge CKN &&& (ENABLE_D_AND_NOT_SE_AND_SI == 1'b1), 
  1.0000000000000000, 0.50000000000000000, NOTIFIER, , , dR, dCKN);


Warning-[DDTC] Duplicate Timing Check is disabled
/home/daniel_kuo/CBDK_TSMC40_Arm_f2.0/CIC/Verilog/sc9_cln40g_base_rvt_neg.v, 84828
  The below duplicate timing check will be disabled:
  $recrem(negedge R, negedge CKN &&& (ENABLE_D_AND_SE_AND_SI == 1'b1), 
  1.0000000000000000, 0.50000000000000000, NOTIFIER, , , dR, dCKN);


Warning-[DDTC] Duplicate Timing Check is disabled
/home/daniel_kuo/CBDK_TSMC40_Arm_f2.0/CIC/Verilog/sc9_cln40g_base_rvt_neg.v, 85013
  The below duplicate timing check will be disabled:
  $recrem(negedge R, negedge CKN &&& (ENABLE_NOT_D_AND_SE_AND_SI == 1'b1), 
  1.0000000000000000, 0.50000000000000000, NOTIFIER, , , dR, dCKN);


Warning-[DDTC] Duplicate Timing Check is disabled
/home/daniel_kuo/CBDK_TSMC40_Arm_f2.0/CIC/Verilog/sc9_cln40g_base_rvt_neg.v, 85014
  The below duplicate timing check will be disabled:
  $recrem(negedge R, negedge CKN &&& (ENABLE_D_AND_NOT_SE_AND_NOT_SI == 1'b1),
  1.0000000000000000, 0.50000000000000000, NOTIFIER, , , dR, dCKN);


Warning-[DDTC] Duplicate Timing Check is disabled
/home/daniel_kuo/CBDK_TSMC40_Arm_f2.0/CIC/Verilog/sc9_cln40g_base_rvt_neg.v, 85015
  The below duplicate timing check will be disabled:
  $recrem(negedge R, negedge CKN &&& (ENABLE_D_AND_NOT_SE_AND_SI == 1'b1), 
  1.0000000000000000, 0.50000000000000000, NOTIFIER, , , dR, dCKN);


Warning-[DDTC] Duplicate Timing Check is disabled
/home/daniel_kuo/CBDK_TSMC40_Arm_f2.0/CIC/Verilog/sc9_cln40g_base_rvt_neg.v, 85016
  The below duplicate timing check will be disabled:
  $recrem(negedge R, negedge CKN &&& (ENABLE_D_AND_SE_AND_SI == 1'b1), 
  1.0000000000000000, 0.50000000000000000, NOTIFIER, , , dR, dCKN);


Warning-[DDTC] Duplicate Timing Check is disabled
/home/daniel_kuo/CBDK_TSMC40_Arm_f2.0/CIC/Verilog/sc9_cln40g_base_rvt_neg.v, 85209
  The below duplicate timing check will be disabled:
  $recrem(posedge SN, negedge CKN &&& (ENABLE_NOT_D_AND_NOT_SE_AND_NOT_SI == 
  1'b1), 1.0000000000000000, 0.50000000000000000, NOTIFIER, , , dSN, dCKN);


Warning-[DDTC] Duplicate Timing Check is disabled
/home/daniel_kuo/CBDK_TSMC40_Arm_f2.0/CIC/Verilog/sc9_cln40g_base_rvt_neg.v, 85210
  The below duplicate timing check will be disabled:
  $recrem(posedge SN, negedge CKN &&& (ENABLE_NOT_D_AND_NOT_SE_AND_SI == 
  1'b1), 1.0000000000000000, 0.50000000000000000, NOTIFIER, , , dSN, dCKN);


Warning-[DDTC] Duplicate Timing Check is disabled
/home/daniel_kuo/CBDK_TSMC40_Arm_f2.0/CIC/Verilog/sc9_cln40g_base_rvt_neg.v, 85211
  The below duplicate timing check will be disabled:
  $recrem(posedge SN, negedge CKN &&& (ENABLE_NOT_D_AND_SE_AND_NOT_SI == 
  1'b1), 1.0000000000000000, 0.50000000000000000, NOTIFIER, , , dSN, dCKN);


Warning-[DDTC] Duplicate Timing Check is disabled
/home/daniel_kuo/CBDK_TSMC40_Arm_f2.0/CIC/Verilog/sc9_cln40g_base_rvt_neg.v, 85212
  The below duplicate timing check will be disabled:
  $recrem(posedge SN, negedge CKN &&& (ENABLE_D_AND_SE_AND_NOT_SI == 1'b1), 
  1.0000000000000000, 0.50000000000000000, NOTIFIER, , , dSN, dCKN);


Warning-[DDTC] Duplicate Timing Check is disabled
/home/daniel_kuo/CBDK_TSMC40_Arm_f2.0/CIC/Verilog/sc9_cln40g_base_rvt_neg.v, 85397
  The below duplicate timing check will be disabled:
  $recrem(posedge SN, negedge CKN &&& (ENABLE_NOT_D_AND_NOT_SE_AND_NOT_SI == 
  1'b1), 1.0000000000000000, 0.50000000000000000, NOTIFIER, , , dSN, dCKN);


Warning-[DDTC] Duplicate Timing Check is disabled
/home/daniel_kuo/CBDK_TSMC40_Arm_f2.0/CIC/Verilog/sc9_cln40g_base_rvt_neg.v, 85398
  The below duplicate timing check will be disabled:
  $recrem(posedge SN, negedge CKN &&& (ENABLE_NOT_D_AND_NOT_SE_AND_SI == 
  1'b1), 1.0000000000000000, 0.50000000000000000, NOTIFIER, , , dSN, dCKN);


Warning-[DDTC] Duplicate Timing Check is disabled
/home/daniel_kuo/CBDK_TSMC40_Arm_f2.0/CIC/Verilog/sc9_cln40g_base_rvt_neg.v, 85399
  The below duplicate timing check will be disabled:
  $recrem(posedge SN, negedge CKN &&& (ENABLE_NOT_D_AND_SE_AND_NOT_SI == 
  1'b1), 1.0000000000000000, 0.50000000000000000, NOTIFIER, , , dSN, dCKN);


Warning-[DDTC] Duplicate Timing Check is disabled
/home/daniel_kuo/CBDK_TSMC40_Arm_f2.0/CIC/Verilog/sc9_cln40g_base_rvt_neg.v, 85400
  The below duplicate timing check will be disabled:
  $recrem(posedge SN, negedge CKN &&& (ENABLE_D_AND_SE_AND_NOT_SI == 1'b1), 
  1.0000000000000000, 0.50000000000000000, NOTIFIER, , , dSN, dCKN);


Warning-[DDTC] Duplicate Timing Check is disabled
/home/daniel_kuo/CBDK_TSMC40_Arm_f2.0/CIC/Verilog/sc9_cln40g_base_rvt_neg.v, 85585
  The below duplicate timing check will be disabled:
  $recrem(posedge SN, negedge CKN &&& (ENABLE_NOT_D_AND_NOT_SE_AND_NOT_SI == 
  1'b1), 1.0000000000000000, 0.50000000000000000, NOTIFIER, , , dSN, dCKN);


Warning-[DDTC] Duplicate Timing Check is disabled
/home/daniel_kuo/CBDK_TSMC40_Arm_f2.0/CIC/Verilog/sc9_cln40g_base_rvt_neg.v, 85586
  The below duplicate timing check will be disabled:
  $recrem(posedge SN, negedge CKN &&& (ENABLE_NOT_D_AND_NOT_SE_AND_SI == 
  1'b1), 1.0000000000000000, 0.50000000000000000, NOTIFIER, , , dSN, dCKN);


Warning-[DDTC] Duplicate Timing Check is disabled
/home/daniel_kuo/CBDK_TSMC40_Arm_f2.0/CIC/Verilog/sc9_cln40g_base_rvt_neg.v, 85587
  The below duplicate timing check will be disabled:
  $recrem(posedge SN, negedge CKN &&& (ENABLE_NOT_D_AND_SE_AND_NOT_SI == 
  1'b1), 1.0000000000000000, 0.50000000000000000, NOTIFIER, , , dSN, dCKN);


Warning-[DDTC] Duplicate Timing Check is disabled
/home/daniel_kuo/CBDK_TSMC40_Arm_f2.0/CIC/Verilog/sc9_cln40g_base_rvt_neg.v, 85588
  The below duplicate timing check will be disabled:
  $recrem(posedge SN, negedge CKN &&& (ENABLE_D_AND_SE_AND_NOT_SI == 1'b1), 
  1.0000000000000000, 0.50000000000000000, NOTIFIER, , , dSN, dCKN);


Warning-[DDTC] Duplicate Timing Check is disabled
/home/daniel_kuo/CBDK_TSMC40_Arm_f2.0/CIC/Verilog/sc9_cln40g_base_rvt_neg.v, 85840
  The below duplicate timing check will be disabled:
  $recrem(negedge R, negedge CKN &&& (ENABLE_NOT_D_AND_SE_AND_SI_AND_SN == 
  1'b1), 1.0000000000000000, 0.50000000000000000, NOTIFIER, , , dR, dCKN);


Warning-[DDTC] Duplicate Timing Check is disabled
/home/daniel_kuo/CBDK_TSMC40_Arm_f2.0/CIC/Verilog/sc9_cln40g_base_rvt_neg.v, 85841
  The below duplicate timing check will be disabled:
  $recrem(negedge R, negedge CKN &&& (ENABLE_D_AND_NOT_SE_AND_NOT_SI_AND_SN ==
  1'b1), 1.0000000000000000, 0.50000000000000000, NOTIFIER, , , dR, dCKN);


Warning-[DDTC] Duplicate Timing Check is disabled
/home/daniel_kuo/CBDK_TSMC40_Arm_f2.0/CIC/Verilog/sc9_cln40g_base_rvt_neg.v, 85842
  The below duplicate timing check will be disabled:
  $recrem(negedge R, negedge CKN &&& (ENABLE_D_AND_NOT_SE_AND_SI_AND_SN == 
  1'b1), 1.0000000000000000, 0.50000000000000000, NOTIFIER, , , dR, dCKN);


Warning-[DDTC] Duplicate Timing Check is disabled
/home/daniel_kuo/CBDK_TSMC40_Arm_f2.0/CIC/Verilog/sc9_cln40g_base_rvt_neg.v, 85843
  The below duplicate timing check will be disabled:
  $recrem(negedge R, negedge CKN &&& (ENABLE_D_AND_SE_AND_SI_AND_SN == 1'b1), 
  1.0000000000000000, 0.50000000000000000, NOTIFIER, , , dR, dCKN);


Warning-[DDTC] Duplicate Timing Check is disabled
/home/daniel_kuo/CBDK_TSMC40_Arm_f2.0/CIC/Verilog/sc9_cln40g_base_rvt_neg.v, 85868
  The below duplicate timing check will be disabled:
  $recrem(posedge SN, negedge CKN &&& 
  (ENABLE_NOT_D_AND_NOT_R_AND_NOT_SE_AND_NOT_SI == 1'b1), 1.0000000000000000, 
  0.50000000000000000, NOTIFIER, , , dSN, dCKN);


Warning-[DDTC] Duplicate Timing Check is disabled
/home/daniel_kuo/CBDK_TSMC40_Arm_f2.0/CIC/Verilog/sc9_cln40g_base_rvt_neg.v, 85869
  The below duplicate timing check will be disabled:
  $recrem(posedge SN, negedge CKN &&& 
  (ENABLE_NOT_D_AND_NOT_R_AND_NOT_SE_AND_SI == 1'b1), 1.0000000000000000, 
  0.50000000000000000, NOTIFIER, , , dSN, dCKN);


Warning-[DDTC] Duplicate Timing Check is disabled
/home/daniel_kuo/CBDK_TSMC40_Arm_f2.0/CIC/Verilog/sc9_cln40g_base_rvt_neg.v, 85870
  The below duplicate timing check will be disabled:
  $recrem(posedge SN, negedge CKN &&& 
  (ENABLE_NOT_D_AND_NOT_R_AND_SE_AND_NOT_SI == 1'b1), 1.0000000000000000, 
  0.50000000000000000, NOTIFIER, , , dSN, dCKN);


Warning-[DDTC] Duplicate Timing Check is disabled
/home/daniel_kuo/CBDK_TSMC40_Arm_f2.0/CIC/Verilog/sc9_cln40g_base_rvt_neg.v, 85871
  The below duplicate timing check will be disabled:
  $recrem(posedge SN, negedge CKN &&& (ENABLE_D_AND_NOT_R_AND_SE_AND_NOT_SI ==
  1'b1), 1.0000000000000000, 0.50000000000000000, NOTIFIER, , , dSN, dCKN);


Warning-[DDTC] Duplicate Timing Check is disabled
/home/daniel_kuo/CBDK_TSMC40_Arm_f2.0/CIC/Verilog/sc9_cln40g_base_rvt_neg.v, 86203
  The below duplicate timing check will be disabled:
  $recrem(negedge R, negedge CKN &&& (ENABLE_NOT_D_AND_SE_AND_SI_AND_SN == 
  1'b1), 1.0000000000000000, 0.50000000000000000, NOTIFIER, , , dR, dCKN);


Warning-[DDTC] Duplicate Timing Check is disabled
/home/daniel_kuo/CBDK_TSMC40_Arm_f2.0/CIC/Verilog/sc9_cln40g_base_rvt_neg.v, 86204
  The below duplicate timing check will be disabled:
  $recrem(negedge R, negedge CKN &&& (ENABLE_D_AND_NOT_SE_AND_NOT_SI_AND_SN ==
  1'b1), 1.0000000000000000, 0.50000000000000000, NOTIFIER, , , dR, dCKN);


Warning-[DDTC] Duplicate Timing Check is disabled
/home/daniel_kuo/CBDK_TSMC40_Arm_f2.0/CIC/Verilog/sc9_cln40g_base_rvt_neg.v, 86205
  The below duplicate timing check will be disabled:
  $recrem(negedge R, negedge CKN &&& (ENABLE_D_AND_NOT_SE_AND_SI_AND_SN == 
  1'b1), 1.0000000000000000, 0.50000000000000000, NOTIFIER, , , dR, dCKN);


Warning-[DDTC] Duplicate Timing Check is disabled
/home/daniel_kuo/CBDK_TSMC40_Arm_f2.0/CIC/Verilog/sc9_cln40g_base_rvt_neg.v, 86206
  The below duplicate timing check will be disabled:
  $recrem(negedge R, negedge CKN &&& (ENABLE_D_AND_SE_AND_SI_AND_SN == 1'b1), 
  1.0000000000000000, 0.50000000000000000, NOTIFIER, , , dR, dCKN);


Warning-[DDTC] Duplicate Timing Check is disabled
/home/daniel_kuo/CBDK_TSMC40_Arm_f2.0/CIC/Verilog/sc9_cln40g_base_rvt_neg.v, 86231
  The below duplicate timing check will be disabled:
  $recrem(posedge SN, negedge CKN &&& 
  (ENABLE_NOT_D_AND_NOT_R_AND_NOT_SE_AND_NOT_SI == 1'b1), 1.0000000000000000, 
  0.50000000000000000, NOTIFIER, , , dSN, dCKN);


Warning-[DDTC] Duplicate Timing Check is disabled
/home/daniel_kuo/CBDK_TSMC40_Arm_f2.0/CIC/Verilog/sc9_cln40g_base_rvt_neg.v, 86232
  The below duplicate timing check will be disabled:
  $recrem(posedge SN, negedge CKN &&& 
  (ENABLE_NOT_D_AND_NOT_R_AND_NOT_SE_AND_SI == 1'b1), 1.0000000000000000, 
  0.50000000000000000, NOTIFIER, , , dSN, dCKN);


Warning-[DDTC] Duplicate Timing Check is disabled
/home/daniel_kuo/CBDK_TSMC40_Arm_f2.0/CIC/Verilog/sc9_cln40g_base_rvt_neg.v, 86233
  The below duplicate timing check will be disabled:
  $recrem(posedge SN, negedge CKN &&& 
  (ENABLE_NOT_D_AND_NOT_R_AND_SE_AND_NOT_SI == 1'b1), 1.0000000000000000, 
  0.50000000000000000, NOTIFIER, , , dSN, dCKN);


Warning-[DDTC] Duplicate Timing Check is disabled
/home/daniel_kuo/CBDK_TSMC40_Arm_f2.0/CIC/Verilog/sc9_cln40g_base_rvt_neg.v, 86234
  The below duplicate timing check will be disabled:
  $recrem(posedge SN, negedge CKN &&& (ENABLE_D_AND_NOT_R_AND_SE_AND_NOT_SI ==
  1'b1), 1.0000000000000000, 0.50000000000000000, NOTIFIER, , , dSN, dCKN);


Warning-[DDTC] Duplicate Timing Check is disabled
/home/daniel_kuo/CBDK_TSMC40_Arm_f2.0/CIC/Verilog/sc9_cln40g_base_rvt_neg.v, 86566
  The below duplicate timing check will be disabled:
  $recrem(negedge R, negedge CKN &&& (ENABLE_NOT_D_AND_SE_AND_SI_AND_SN == 
  1'b1), 1.0000000000000000, 0.50000000000000000, NOTIFIER, , , dR, dCKN);


Warning-[DDTC] Duplicate Timing Check is disabled
/home/daniel_kuo/CBDK_TSMC40_Arm_f2.0/CIC/Verilog/sc9_cln40g_base_rvt_neg.v, 86567
  The below duplicate timing check will be disabled:
  $recrem(negedge R, negedge CKN &&& (ENABLE_D_AND_NOT_SE_AND_NOT_SI_AND_SN ==
  1'b1), 1.0000000000000000, 0.50000000000000000, NOTIFIER, , , dR, dCKN);


Warning-[DDTC] Duplicate Timing Check is disabled
/home/daniel_kuo/CBDK_TSMC40_Arm_f2.0/CIC/Verilog/sc9_cln40g_base_rvt_neg.v, 86568
  The below duplicate timing check will be disabled:
  $recrem(negedge R, negedge CKN &&& (ENABLE_D_AND_NOT_SE_AND_SI_AND_SN == 
  1'b1), 1.0000000000000000, 0.50000000000000000, NOTIFIER, , , dR, dCKN);


Warning-[DDTC] Duplicate Timing Check is disabled
/home/daniel_kuo/CBDK_TSMC40_Arm_f2.0/CIC/Verilog/sc9_cln40g_base_rvt_neg.v, 86569
  The below duplicate timing check will be disabled:
  $recrem(negedge R, negedge CKN &&& (ENABLE_D_AND_SE_AND_SI_AND_SN == 1'b1), 
  1.0000000000000000, 0.50000000000000000, NOTIFIER, , , dR, dCKN);


Warning-[DDTC] Duplicate Timing Check is disabled
/home/daniel_kuo/CBDK_TSMC40_Arm_f2.0/CIC/Verilog/sc9_cln40g_base_rvt_neg.v, 86594
  The below duplicate timing check will be disabled:
  $recrem(posedge SN, negedge CKN &&& 
  (ENABLE_NOT_D_AND_NOT_R_AND_NOT_SE_AND_NOT_SI == 1'b1), 1.0000000000000000, 
  0.50000000000000000, NOTIFIER, , , dSN, dCKN);


Warning-[DDTC] Duplicate Timing Check is disabled
/home/daniel_kuo/CBDK_TSMC40_Arm_f2.0/CIC/Verilog/sc9_cln40g_base_rvt_neg.v, 86595
  The below duplicate timing check will be disabled:
  $recrem(posedge SN, negedge CKN &&& 
  (ENABLE_NOT_D_AND_NOT_R_AND_NOT_SE_AND_SI == 1'b1), 1.0000000000000000, 
  0.50000000000000000, NOTIFIER, , , dSN, dCKN);


Warning-[DDTC] Duplicate Timing Check is disabled
/home/daniel_kuo/CBDK_TSMC40_Arm_f2.0/CIC/Verilog/sc9_cln40g_base_rvt_neg.v, 86596
  The below duplicate timing check will be disabled:
  $recrem(posedge SN, negedge CKN &&& 
  (ENABLE_NOT_D_AND_NOT_R_AND_SE_AND_NOT_SI == 1'b1), 1.0000000000000000, 
  0.50000000000000000, NOTIFIER, , , dSN, dCKN);


Warning-[DDTC] Duplicate Timing Check is disabled
/home/daniel_kuo/CBDK_TSMC40_Arm_f2.0/CIC/Verilog/sc9_cln40g_base_rvt_neg.v, 86597
  The below duplicate timing check will be disabled:
  $recrem(posedge SN, negedge CKN &&& (ENABLE_D_AND_NOT_R_AND_SE_AND_NOT_SI ==
  1'b1), 1.0000000000000000, 0.50000000000000000, NOTIFIER, , , dSN, dCKN);


Warning-[DDTC] Duplicate Timing Check is disabled
/home/daniel_kuo/CBDK_TSMC40_Arm_f2.0/CIC/Verilog/sc9_cln40g_base_lvt_neg.v, 58984
  The below duplicate timing check will be disabled:
  $recrem(negedge R, negedge CKN &&& (ENABLE_D_AND_SN == 1'b1), 
  1.0000000000000000, 0.50000000000000000, NOTIFIER, , , dR, dCKN);


Warning-[DDTC] Duplicate Timing Check is disabled
/home/daniel_kuo/CBDK_TSMC40_Arm_f2.0/CIC/Verilog/sc9_cln40g_base_lvt_neg.v, 58989
  The below duplicate timing check will be disabled:
  $recrem(posedge SN, negedge CKN &&& (ENABLE_NOT_D_AND_NOT_R == 1'b1), 
  1.0000000000000000, 0.50000000000000000, NOTIFIER, , , dSN, dCKN);


Warning-[DDTC] Duplicate Timing Check is disabled
/home/daniel_kuo/CBDK_TSMC40_Arm_f2.0/CIC/Verilog/sc9_cln40g_base_lvt_neg.v, 59089
  The below duplicate timing check will be disabled:
  $recrem(negedge R, negedge CKN &&& (ENABLE_D_AND_SN == 1'b1), 
  1.0000000000000000, 0.50000000000000000, NOTIFIER, , , dR, dCKN);


Warning-[DDTC] Duplicate Timing Check is disabled
/home/daniel_kuo/CBDK_TSMC40_Arm_f2.0/CIC/Verilog/sc9_cln40g_base_lvt_neg.v, 59094
  The below duplicate timing check will be disabled:
  $recrem(posedge SN, negedge CKN &&& (ENABLE_NOT_D_AND_NOT_R == 1'b1), 
  1.0000000000000000, 0.50000000000000000, NOTIFIER, , , dSN, dCKN);


Warning-[DDTC] Duplicate Timing Check is disabled
/home/daniel_kuo/CBDK_TSMC40_Arm_f2.0/CIC/Verilog/sc9_cln40g_base_lvt_neg.v, 59194
  The below duplicate timing check will be disabled:
  $recrem(negedge R, negedge CKN &&& (ENABLE_D_AND_SN == 1'b1), 
  1.0000000000000000, 0.50000000000000000, NOTIFIER, , , dR, dCKN);


Warning-[DDTC] Duplicate Timing Check is disabled
/home/daniel_kuo/CBDK_TSMC40_Arm_f2.0/CIC/Verilog/sc9_cln40g_base_lvt_neg.v, 59199
  The below duplicate timing check will be disabled:
  $recrem(posedge SN, negedge CKN &&& (ENABLE_NOT_D_AND_NOT_R == 1'b1), 
  1.0000000000000000, 0.50000000000000000, NOTIFIER, , , dSN, dCKN);


Warning-[DDTC] Duplicate Timing Check is disabled
/home/daniel_kuo/CBDK_TSMC40_Arm_f2.0/CIC/Verilog/sc9_cln40g_base_lvt_neg.v, 65129
  The below duplicate timing check will be disabled:
  $recrem(negedge R, negedge G &&& (ENABLE_D == 1'b1), 1.0000000000000000, 
  0.50000000000000000, NOTIFIER, , , dR, dG);


Warning-[DDTC] Duplicate Timing Check is disabled
/home/daniel_kuo/CBDK_TSMC40_Arm_f2.0/CIC/Verilog/sc9_cln40g_base_lvt_neg.v, 65181
  The below duplicate timing check will be disabled:
  $recrem(negedge R, negedge G &&& (ENABLE_D == 1'b1), 1.0000000000000000, 
  0.50000000000000000, NOTIFIER, , , dR, dG);


Warning-[DDTC] Duplicate Timing Check is disabled
/home/daniel_kuo/CBDK_TSMC40_Arm_f2.0/CIC/Verilog/sc9_cln40g_base_lvt_neg.v, 65233
  The below duplicate timing check will be disabled:
  $recrem(negedge R, negedge G &&& (ENABLE_D == 1'b1), 1.0000000000000000, 
  0.50000000000000000, NOTIFIER, , , dR, dG);


Warning-[DDTC] Duplicate Timing Check is disabled
/home/daniel_kuo/CBDK_TSMC40_Arm_f2.0/CIC/Verilog/sc9_cln40g_base_lvt_neg.v, 65285
  The below duplicate timing check will be disabled:
  $recrem(negedge R, negedge G &&& (ENABLE_D == 1'b1), 1.0000000000000000, 
  0.50000000000000000, NOTIFIER, , , dR, dG);


Warning-[DDTC] Duplicate Timing Check is disabled
/home/daniel_kuo/CBDK_TSMC40_Arm_f2.0/CIC/Verilog/sc9_cln40g_base_lvt_neg.v, 65337
  The below duplicate timing check will be disabled:
  $recrem(negedge R, negedge G &&& (ENABLE_D == 1'b1), 1.0000000000000000, 
  0.50000000000000000, NOTIFIER, , , dR, dG);


Warning-[DDTC] Duplicate Timing Check is disabled
/home/daniel_kuo/CBDK_TSMC40_Arm_f2.0/CIC/Verilog/sc9_cln40g_base_lvt_neg.v, 65389
  The below duplicate timing check will be disabled:
  $recrem(posedge RN, negedge G &&& (ENABLE_D == 1'b1), 1.0000000000000000, 
  0.50000000000000000, NOTIFIER, , , dRN, dG);


Warning-[DDTC] Duplicate Timing Check is disabled
/home/daniel_kuo/CBDK_TSMC40_Arm_f2.0/CIC/Verilog/sc9_cln40g_base_lvt_neg.v, 65441
  The below duplicate timing check will be disabled:
  $recrem(posedge RN, negedge G &&& (ENABLE_D == 1'b1), 1.0000000000000000, 
  0.50000000000000000, NOTIFIER, , , dRN, dG);


Warning-[DDTC] Duplicate Timing Check is disabled
/home/daniel_kuo/CBDK_TSMC40_Arm_f2.0/CIC/Verilog/sc9_cln40g_base_lvt_neg.v, 65493
  The below duplicate timing check will be disabled:
  $recrem(posedge RN, negedge G &&& (ENABLE_D == 1'b1), 1.0000000000000000, 
  0.50000000000000000, NOTIFIER, , , dRN, dG);


Warning-[DDTC] Duplicate Timing Check is disabled
/home/daniel_kuo/CBDK_TSMC40_Arm_f2.0/CIC/Verilog/sc9_cln40g_base_lvt_neg.v, 65545
  The below duplicate timing check will be disabled:
  $recrem(posedge RN, negedge G &&& (ENABLE_D == 1'b1), 1.0000000000000000, 
  0.50000000000000000, NOTIFIER, , , dRN, dG);


Warning-[DDTC] Duplicate Timing Check is disabled
/home/daniel_kuo/CBDK_TSMC40_Arm_f2.0/CIC/Verilog/sc9_cln40g_base_lvt_neg.v, 65597
  The below duplicate timing check will be disabled:
  $recrem(negedge S, negedge G &&& (ENABLE_NOT_D == 1'b1), 1.0000000000000000,
  0.50000000000000000, NOTIFIER, , , dS, dG);


Warning-[DDTC] Duplicate Timing Check is disabled
/home/daniel_kuo/CBDK_TSMC40_Arm_f2.0/CIC/Verilog/sc9_cln40g_base_lvt_neg.v, 65649
  The below duplicate timing check will be disabled:
  $recrem(negedge S, negedge G &&& (ENABLE_NOT_D == 1'b1), 1.0000000000000000,
  0.50000000000000000, NOTIFIER, , , dS, dG);


Warning-[DDTC] Duplicate Timing Check is disabled
/home/daniel_kuo/CBDK_TSMC40_Arm_f2.0/CIC/Verilog/sc9_cln40g_base_lvt_neg.v, 65701
  The below duplicate timing check will be disabled:
  $recrem(negedge S, negedge G &&& (ENABLE_NOT_D == 1'b1), 1.0000000000000000,
  0.50000000000000000, NOTIFIER, , , dS, dG);


Warning-[DDTC] Duplicate Timing Check is disabled
/home/daniel_kuo/CBDK_TSMC40_Arm_f2.0/CIC/Verilog/sc9_cln40g_base_lvt_neg.v, 65753
  The below duplicate timing check will be disabled:
  $recrem(negedge S, negedge G &&& (ENABLE_NOT_D == 1'b1), 1.0000000000000000,
  0.50000000000000000, NOTIFIER, , , dS, dG);


Warning-[DDTC] Duplicate Timing Check is disabled
/home/daniel_kuo/CBDK_TSMC40_Arm_f2.0/CIC/Verilog/sc9_cln40g_base_lvt_neg.v, 65805
  The below duplicate timing check will be disabled:
  $recrem(posedge SN, negedge G &&& (ENABLE_NOT_D == 1'b1), 
  1.0000000000000000, 0.50000000000000000, NOTIFIER, , , dSN, dG);


Warning-[DDTC] Duplicate Timing Check is disabled
/home/daniel_kuo/CBDK_TSMC40_Arm_f2.0/CIC/Verilog/sc9_cln40g_base_lvt_neg.v, 65857
  The below duplicate timing check will be disabled:
  $recrem(posedge SN, negedge G &&& (ENABLE_NOT_D == 1'b1), 
  1.0000000000000000, 0.50000000000000000, NOTIFIER, , , dSN, dG);


Warning-[DDTC] Duplicate Timing Check is disabled
/home/daniel_kuo/CBDK_TSMC40_Arm_f2.0/CIC/Verilog/sc9_cln40g_base_lvt_neg.v, 65909
  The below duplicate timing check will be disabled:
  $recrem(posedge SN, negedge G &&& (ENABLE_NOT_D == 1'b1), 
  1.0000000000000000, 0.50000000000000000, NOTIFIER, , , dSN, dG);


Warning-[DDTC] Duplicate Timing Check is disabled
/home/daniel_kuo/CBDK_TSMC40_Arm_f2.0/CIC/Verilog/sc9_cln40g_base_lvt_neg.v, 65961
  The below duplicate timing check will be disabled:
  $recrem(posedge SN, negedge G &&& (ENABLE_NOT_D == 1'b1), 
  1.0000000000000000, 0.50000000000000000, NOTIFIER, , , dSN, dG);


Warning-[DDTC] Duplicate Timing Check is disabled
/home/daniel_kuo/CBDK_TSMC40_Arm_f2.0/CIC/Verilog/sc9_cln40g_base_lvt_neg.v, 66013
  The below duplicate timing check will be disabled:
  $recrem(posedge SN, negedge G &&& (ENABLE_NOT_D == 1'b1), 
  1.0000000000000000, 0.50000000000000000, NOTIFIER, , , dSN, dG);


Warning-[DDTC] Duplicate Timing Check is disabled
/home/daniel_kuo/CBDK_TSMC40_Arm_f2.0/CIC/Verilog/sc9_cln40g_base_lvt_neg.v, 84637
  The below duplicate timing check will be disabled:
  $recrem(negedge R, negedge CKN &&& (ENABLE_NOT_D_AND_SE_AND_SI == 1'b1), 
  1.0000000000000000, 0.50000000000000000, NOTIFIER, , , dR, dCKN);


Warning-[DDTC] Duplicate Timing Check is disabled
/home/daniel_kuo/CBDK_TSMC40_Arm_f2.0/CIC/Verilog/sc9_cln40g_base_lvt_neg.v, 84638
  The below duplicate timing check will be disabled:
  $recrem(negedge R, negedge CKN &&& (ENABLE_D_AND_NOT_SE_AND_NOT_SI == 1'b1),
  1.0000000000000000, 0.50000000000000000, NOTIFIER, , , dR, dCKN);


Warning-[DDTC] Duplicate Timing Check is disabled
/home/daniel_kuo/CBDK_TSMC40_Arm_f2.0/CIC/Verilog/sc9_cln40g_base_lvt_neg.v, 84639
  The below duplicate timing check will be disabled:
  $recrem(negedge R, negedge CKN &&& (ENABLE_D_AND_NOT_SE_AND_SI == 1'b1), 
  1.0000000000000000, 0.50000000000000000, NOTIFIER, , , dR, dCKN);


Warning-[DDTC] Duplicate Timing Check is disabled
/home/daniel_kuo/CBDK_TSMC40_Arm_f2.0/CIC/Verilog/sc9_cln40g_base_lvt_neg.v, 84640
  The below duplicate timing check will be disabled:
  $recrem(negedge R, negedge CKN &&& (ENABLE_D_AND_SE_AND_SI == 1'b1), 
  1.0000000000000000, 0.50000000000000000, NOTIFIER, , , dR, dCKN);


Warning-[DDTC] Duplicate Timing Check is disabled
/home/daniel_kuo/CBDK_TSMC40_Arm_f2.0/CIC/Verilog/sc9_cln40g_base_lvt_neg.v, 84825
  The below duplicate timing check will be disabled:
  $recrem(negedge R, negedge CKN &&& (ENABLE_NOT_D_AND_SE_AND_SI == 1'b1), 
  1.0000000000000000, 0.50000000000000000, NOTIFIER, , , dR, dCKN);


Warning-[DDTC] Duplicate Timing Check is disabled
/home/daniel_kuo/CBDK_TSMC40_Arm_f2.0/CIC/Verilog/sc9_cln40g_base_lvt_neg.v, 84826
  The below duplicate timing check will be disabled:
  $recrem(negedge R, negedge CKN &&& (ENABLE_D_AND_NOT_SE_AND_NOT_SI == 1'b1),
  1.0000000000000000, 0.50000000000000000, NOTIFIER, , , dR, dCKN);


Warning-[DDTC] Duplicate Timing Check is disabled
/home/daniel_kuo/CBDK_TSMC40_Arm_f2.0/CIC/Verilog/sc9_cln40g_base_lvt_neg.v, 84827
  The below duplicate timing check will be disabled:
  $recrem(negedge R, negedge CKN &&& (ENABLE_D_AND_NOT_SE_AND_SI == 1'b1), 
  1.0000000000000000, 0.50000000000000000, NOTIFIER, , , dR, dCKN);


Warning-[DDTC] Duplicate Timing Check is disabled
/home/daniel_kuo/CBDK_TSMC40_Arm_f2.0/CIC/Verilog/sc9_cln40g_base_lvt_neg.v, 84828
  The below duplicate timing check will be disabled:
  $recrem(negedge R, negedge CKN &&& (ENABLE_D_AND_SE_AND_SI == 1'b1), 
  1.0000000000000000, 0.50000000000000000, NOTIFIER, , , dR, dCKN);


Warning-[DDTC] Duplicate Timing Check is disabled
/home/daniel_kuo/CBDK_TSMC40_Arm_f2.0/CIC/Verilog/sc9_cln40g_base_lvt_neg.v, 85013
  The below duplicate timing check will be disabled:
  $recrem(negedge R, negedge CKN &&& (ENABLE_NOT_D_AND_SE_AND_SI == 1'b1), 
  1.0000000000000000, 0.50000000000000000, NOTIFIER, , , dR, dCKN);


Warning-[DDTC] Duplicate Timing Check is disabled
/home/daniel_kuo/CBDK_TSMC40_Arm_f2.0/CIC/Verilog/sc9_cln40g_base_lvt_neg.v, 85014
  The below duplicate timing check will be disabled:
  $recrem(negedge R, negedge CKN &&& (ENABLE_D_AND_NOT_SE_AND_NOT_SI == 1'b1),
  1.0000000000000000, 0.50000000000000000, NOTIFIER, , , dR, dCKN);


Warning-[DDTC] Duplicate Timing Check is disabled
/home/daniel_kuo/CBDK_TSMC40_Arm_f2.0/CIC/Verilog/sc9_cln40g_base_lvt_neg.v, 85015
  The below duplicate timing check will be disabled:
  $recrem(negedge R, negedge CKN &&& (ENABLE_D_AND_NOT_SE_AND_SI == 1'b1), 
  1.0000000000000000, 0.50000000000000000, NOTIFIER, , , dR, dCKN);


Warning-[DDTC] Duplicate Timing Check is disabled
/home/daniel_kuo/CBDK_TSMC40_Arm_f2.0/CIC/Verilog/sc9_cln40g_base_lvt_neg.v, 85016
  The below duplicate timing check will be disabled:
  $recrem(negedge R, negedge CKN &&& (ENABLE_D_AND_SE_AND_SI == 1'b1), 
  1.0000000000000000, 0.50000000000000000, NOTIFIER, , , dR, dCKN);


Warning-[DDTC] Duplicate Timing Check is disabled
/home/daniel_kuo/CBDK_TSMC40_Arm_f2.0/CIC/Verilog/sc9_cln40g_base_lvt_neg.v, 85209
  The below duplicate timing check will be disabled:
  $recrem(posedge SN, negedge CKN &&& (ENABLE_NOT_D_AND_NOT_SE_AND_NOT_SI == 
  1'b1), 1.0000000000000000, 0.50000000000000000, NOTIFIER, , , dSN, dCKN);


Warning-[DDTC] Duplicate Timing Check is disabled
/home/daniel_kuo/CBDK_TSMC40_Arm_f2.0/CIC/Verilog/sc9_cln40g_base_lvt_neg.v, 85210
  The below duplicate timing check will be disabled:
  $recrem(posedge SN, negedge CKN &&& (ENABLE_NOT_D_AND_NOT_SE_AND_SI == 
  1'b1), 1.0000000000000000, 0.50000000000000000, NOTIFIER, , , dSN, dCKN);


Warning-[DDTC] Duplicate Timing Check is disabled
/home/daniel_kuo/CBDK_TSMC40_Arm_f2.0/CIC/Verilog/sc9_cln40g_base_lvt_neg.v, 85211
  The below duplicate timing check will be disabled:
  $recrem(posedge SN, negedge CKN &&& (ENABLE_NOT_D_AND_SE_AND_NOT_SI == 
  1'b1), 1.0000000000000000, 0.50000000000000000, NOTIFIER, , , dSN, dCKN);


Warning-[DDTC] Duplicate Timing Check is disabled
/home/daniel_kuo/CBDK_TSMC40_Arm_f2.0/CIC/Verilog/sc9_cln40g_base_lvt_neg.v, 85212
  The below duplicate timing check will be disabled:
  $recrem(posedge SN, negedge CKN &&& (ENABLE_D_AND_SE_AND_NOT_SI == 1'b1), 
  1.0000000000000000, 0.50000000000000000, NOTIFIER, , , dSN, dCKN);


Warning-[DDTC] Duplicate Timing Check is disabled
/home/daniel_kuo/CBDK_TSMC40_Arm_f2.0/CIC/Verilog/sc9_cln40g_base_lvt_neg.v, 85397
  The below duplicate timing check will be disabled:
  $recrem(posedge SN, negedge CKN &&& (ENABLE_NOT_D_AND_NOT_SE_AND_NOT_SI == 
  1'b1), 1.0000000000000000, 0.50000000000000000, NOTIFIER, , , dSN, dCKN);


Warning-[DDTC] Duplicate Timing Check is disabled
/home/daniel_kuo/CBDK_TSMC40_Arm_f2.0/CIC/Verilog/sc9_cln40g_base_lvt_neg.v, 85398
  The below duplicate timing check will be disabled:
  $recrem(posedge SN, negedge CKN &&& (ENABLE_NOT_D_AND_NOT_SE_AND_SI == 
  1'b1), 1.0000000000000000, 0.50000000000000000, NOTIFIER, , , dSN, dCKN);


Warning-[DDTC] Duplicate Timing Check is disabled
/home/daniel_kuo/CBDK_TSMC40_Arm_f2.0/CIC/Verilog/sc9_cln40g_base_lvt_neg.v, 85399
  The below duplicate timing check will be disabled:
  $recrem(posedge SN, negedge CKN &&& (ENABLE_NOT_D_AND_SE_AND_NOT_SI == 
  1'b1), 1.0000000000000000, 0.50000000000000000, NOTIFIER, , , dSN, dCKN);


Warning-[DDTC] Duplicate Timing Check is disabled
/home/daniel_kuo/CBDK_TSMC40_Arm_f2.0/CIC/Verilog/sc9_cln40g_base_lvt_neg.v, 85400
  The below duplicate timing check will be disabled:
  $recrem(posedge SN, negedge CKN &&& (ENABLE_D_AND_SE_AND_NOT_SI == 1'b1), 
  1.0000000000000000, 0.50000000000000000, NOTIFIER, , , dSN, dCKN);


Warning-[DDTC] Duplicate Timing Check is disabled
/home/daniel_kuo/CBDK_TSMC40_Arm_f2.0/CIC/Verilog/sc9_cln40g_base_lvt_neg.v, 85585
  The below duplicate timing check will be disabled:
  $recrem(posedge SN, negedge CKN &&& (ENABLE_NOT_D_AND_NOT_SE_AND_NOT_SI == 
  1'b1), 1.0000000000000000, 0.50000000000000000, NOTIFIER, , , dSN, dCKN);


Warning-[DDTC] Duplicate Timing Check is disabled
/home/daniel_kuo/CBDK_TSMC40_Arm_f2.0/CIC/Verilog/sc9_cln40g_base_lvt_neg.v, 85586
  The below duplicate timing check will be disabled:
  $recrem(posedge SN, negedge CKN &&& (ENABLE_NOT_D_AND_NOT_SE_AND_SI == 
  1'b1), 1.0000000000000000, 0.50000000000000000, NOTIFIER, , , dSN, dCKN);


Warning-[DDTC] Duplicate Timing Check is disabled
/home/daniel_kuo/CBDK_TSMC40_Arm_f2.0/CIC/Verilog/sc9_cln40g_base_lvt_neg.v, 85587
  The below duplicate timing check will be disabled:
  $recrem(posedge SN, negedge CKN &&& (ENABLE_NOT_D_AND_SE_AND_NOT_SI == 
  1'b1), 1.0000000000000000, 0.50000000000000000, NOTIFIER, , , dSN, dCKN);


Warning-[DDTC] Duplicate Timing Check is disabled
/home/daniel_kuo/CBDK_TSMC40_Arm_f2.0/CIC/Verilog/sc9_cln40g_base_lvt_neg.v, 85588
  The below duplicate timing check will be disabled:
  $recrem(posedge SN, negedge CKN &&& (ENABLE_D_AND_SE_AND_NOT_SI == 1'b1), 
  1.0000000000000000, 0.50000000000000000, NOTIFIER, , , dSN, dCKN);


Warning-[DDTC] Duplicate Timing Check is disabled
/home/daniel_kuo/CBDK_TSMC40_Arm_f2.0/CIC/Verilog/sc9_cln40g_base_lvt_neg.v, 85840
  The below duplicate timing check will be disabled:
  $recrem(negedge R, negedge CKN &&& (ENABLE_NOT_D_AND_SE_AND_SI_AND_SN == 
  1'b1), 1.0000000000000000, 0.50000000000000000, NOTIFIER, , , dR, dCKN);


Warning-[DDTC] Duplicate Timing Check is disabled
/home/daniel_kuo/CBDK_TSMC40_Arm_f2.0/CIC/Verilog/sc9_cln40g_base_lvt_neg.v, 85841
  The below duplicate timing check will be disabled:
  $recrem(negedge R, negedge CKN &&& (ENABLE_D_AND_NOT_SE_AND_NOT_SI_AND_SN ==
  1'b1), 1.0000000000000000, 0.50000000000000000, NOTIFIER, , , dR, dCKN);


Warning-[DDTC] Duplicate Timing Check is disabled
/home/daniel_kuo/CBDK_TSMC40_Arm_f2.0/CIC/Verilog/sc9_cln40g_base_lvt_neg.v, 85842
  The below duplicate timing check will be disabled:
  $recrem(negedge R, negedge CKN &&& (ENABLE_D_AND_NOT_SE_AND_SI_AND_SN == 
  1'b1), 1.0000000000000000, 0.50000000000000000, NOTIFIER, , , dR, dCKN);


Warning-[DDTC] Duplicate Timing Check is disabled
/home/daniel_kuo/CBDK_TSMC40_Arm_f2.0/CIC/Verilog/sc9_cln40g_base_lvt_neg.v, 85843
  The below duplicate timing check will be disabled:
  $recrem(negedge R, negedge CKN &&& (ENABLE_D_AND_SE_AND_SI_AND_SN == 1'b1), 
  1.0000000000000000, 0.50000000000000000, NOTIFIER, , , dR, dCKN);


Warning-[DDTC] Duplicate Timing Check is disabled
/home/daniel_kuo/CBDK_TSMC40_Arm_f2.0/CIC/Verilog/sc9_cln40g_base_lvt_neg.v, 85868
  The below duplicate timing check will be disabled:
  $recrem(posedge SN, negedge CKN &&& 
  (ENABLE_NOT_D_AND_NOT_R_AND_NOT_SE_AND_NOT_SI == 1'b1), 1.0000000000000000, 
  0.50000000000000000, NOTIFIER, , , dSN, dCKN);


Warning-[DDTC] Duplicate Timing Check is disabled
/home/daniel_kuo/CBDK_TSMC40_Arm_f2.0/CIC/Verilog/sc9_cln40g_base_lvt_neg.v, 85869
  The below duplicate timing check will be disabled:
  $recrem(posedge SN, negedge CKN &&& 
  (ENABLE_NOT_D_AND_NOT_R_AND_NOT_SE_AND_SI == 1'b1), 1.0000000000000000, 
  0.50000000000000000, NOTIFIER, , , dSN, dCKN);


Warning-[DDTC] Duplicate Timing Check is disabled
/home/daniel_kuo/CBDK_TSMC40_Arm_f2.0/CIC/Verilog/sc9_cln40g_base_lvt_neg.v, 85870
  The below duplicate timing check will be disabled:
  $recrem(posedge SN, negedge CKN &&& 
  (ENABLE_NOT_D_AND_NOT_R_AND_SE_AND_NOT_SI == 1'b1), 1.0000000000000000, 
  0.50000000000000000, NOTIFIER, , , dSN, dCKN);


Warning-[DDTC] Duplicate Timing Check is disabled
/home/daniel_kuo/CBDK_TSMC40_Arm_f2.0/CIC/Verilog/sc9_cln40g_base_lvt_neg.v, 85871
  The below duplicate timing check will be disabled:
  $recrem(posedge SN, negedge CKN &&& (ENABLE_D_AND_NOT_R_AND_SE_AND_NOT_SI ==
  1'b1), 1.0000000000000000, 0.50000000000000000, NOTIFIER, , , dSN, dCKN);


Warning-[DDTC] Duplicate Timing Check is disabled
/home/daniel_kuo/CBDK_TSMC40_Arm_f2.0/CIC/Verilog/sc9_cln40g_base_lvt_neg.v, 86203
  The below duplicate timing check will be disabled:
  $recrem(negedge R, negedge CKN &&& (ENABLE_NOT_D_AND_SE_AND_SI_AND_SN == 
  1'b1), 1.0000000000000000, 0.50000000000000000, NOTIFIER, , , dR, dCKN);


Warning-[DDTC] Duplicate Timing Check is disabled
/home/daniel_kuo/CBDK_TSMC40_Arm_f2.0/CIC/Verilog/sc9_cln40g_base_lvt_neg.v, 86204
  The below duplicate timing check will be disabled:
  $recrem(negedge R, negedge CKN &&& (ENABLE_D_AND_NOT_SE_AND_NOT_SI_AND_SN ==
  1'b1), 1.0000000000000000, 0.50000000000000000, NOTIFIER, , , dR, dCKN);


Warning-[DDTC] Duplicate Timing Check is disabled
/home/daniel_kuo/CBDK_TSMC40_Arm_f2.0/CIC/Verilog/sc9_cln40g_base_lvt_neg.v, 86205
  The below duplicate timing check will be disabled:
  $recrem(negedge R, negedge CKN &&& (ENABLE_D_AND_NOT_SE_AND_SI_AND_SN == 
  1'b1), 1.0000000000000000, 0.50000000000000000, NOTIFIER, , , dR, dCKN);


Warning-[DDTC] Duplicate Timing Check is disabled
/home/daniel_kuo/CBDK_TSMC40_Arm_f2.0/CIC/Verilog/sc9_cln40g_base_lvt_neg.v, 86206
  The below duplicate timing check will be disabled:
  $recrem(negedge R, negedge CKN &&& (ENABLE_D_AND_SE_AND_SI_AND_SN == 1'b1), 
  1.0000000000000000, 0.50000000000000000, NOTIFIER, , , dR, dCKN);


Warning-[DDTC] Duplicate Timing Check is disabled
/home/daniel_kuo/CBDK_TSMC40_Arm_f2.0/CIC/Verilog/sc9_cln40g_base_lvt_neg.v, 86231
  The below duplicate timing check will be disabled:
  $recrem(posedge SN, negedge CKN &&& 
  (ENABLE_NOT_D_AND_NOT_R_AND_NOT_SE_AND_NOT_SI == 1'b1), 1.0000000000000000, 
  0.50000000000000000, NOTIFIER, , , dSN, dCKN);


Warning-[DDTC] Duplicate Timing Check is disabled
/home/daniel_kuo/CBDK_TSMC40_Arm_f2.0/CIC/Verilog/sc9_cln40g_base_lvt_neg.v, 86232
  The below duplicate timing check will be disabled:
  $recrem(posedge SN, negedge CKN &&& 
  (ENABLE_NOT_D_AND_NOT_R_AND_NOT_SE_AND_SI == 1'b1), 1.0000000000000000, 
  0.50000000000000000, NOTIFIER, , , dSN, dCKN);


Warning-[DDTC] Duplicate Timing Check is disabled
/home/daniel_kuo/CBDK_TSMC40_Arm_f2.0/CIC/Verilog/sc9_cln40g_base_lvt_neg.v, 86233
  The below duplicate timing check will be disabled:
  $recrem(posedge SN, negedge CKN &&& 
  (ENABLE_NOT_D_AND_NOT_R_AND_SE_AND_NOT_SI == 1'b1), 1.0000000000000000, 
  0.50000000000000000, NOTIFIER, , , dSN, dCKN);


Warning-[DDTC] Duplicate Timing Check is disabled
/home/daniel_kuo/CBDK_TSMC40_Arm_f2.0/CIC/Verilog/sc9_cln40g_base_lvt_neg.v, 86234
  The below duplicate timing check will be disabled:
  $recrem(posedge SN, negedge CKN &&& (ENABLE_D_AND_NOT_R_AND_SE_AND_NOT_SI ==
  1'b1), 1.0000000000000000, 0.50000000000000000, NOTIFIER, , , dSN, dCKN);


Warning-[DDTC] Duplicate Timing Check is disabled
/home/daniel_kuo/CBDK_TSMC40_Arm_f2.0/CIC/Verilog/sc9_cln40g_base_lvt_neg.v, 86566
  The below duplicate timing check will be disabled:
  $recrem(negedge R, negedge CKN &&& (ENABLE_NOT_D_AND_SE_AND_SI_AND_SN == 
  1'b1), 1.0000000000000000, 0.50000000000000000, NOTIFIER, , , dR, dCKN);


Warning-[DDTC] Duplicate Timing Check is disabled
/home/daniel_kuo/CBDK_TSMC40_Arm_f2.0/CIC/Verilog/sc9_cln40g_base_lvt_neg.v, 86567
  The below duplicate timing check will be disabled:
  $recrem(negedge R, negedge CKN &&& (ENABLE_D_AND_NOT_SE_AND_NOT_SI_AND_SN ==
  1'b1), 1.0000000000000000, 0.50000000000000000, NOTIFIER, , , dR, dCKN);


Warning-[DDTC] Duplicate Timing Check is disabled
/home/daniel_kuo/CBDK_TSMC40_Arm_f2.0/CIC/Verilog/sc9_cln40g_base_lvt_neg.v, 86568
  The below duplicate timing check will be disabled:
  $recrem(negedge R, negedge CKN &&& (ENABLE_D_AND_NOT_SE_AND_SI_AND_SN == 
  1'b1), 1.0000000000000000, 0.50000000000000000, NOTIFIER, , , dR, dCKN);


Warning-[DDTC] Duplicate Timing Check is disabled
/home/daniel_kuo/CBDK_TSMC40_Arm_f2.0/CIC/Verilog/sc9_cln40g_base_lvt_neg.v, 86569
  The below duplicate timing check will be disabled:
  $recrem(negedge R, negedge CKN &&& (ENABLE_D_AND_SE_AND_SI_AND_SN == 1'b1), 
  1.0000000000000000, 0.50000000000000000, NOTIFIER, , , dR, dCKN);


Warning-[DDTC] Duplicate Timing Check is disabled
/home/daniel_kuo/CBDK_TSMC40_Arm_f2.0/CIC/Verilog/sc9_cln40g_base_lvt_neg.v, 86594
  The below duplicate timing check will be disabled:
  $recrem(posedge SN, negedge CKN &&& 
  (ENABLE_NOT_D_AND_NOT_R_AND_NOT_SE_AND_NOT_SI == 1'b1), 1.0000000000000000, 
  0.50000000000000000, NOTIFIER, , , dSN, dCKN);


Warning-[DDTC] Duplicate Timing Check is disabled
/home/daniel_kuo/CBDK_TSMC40_Arm_f2.0/CIC/Verilog/sc9_cln40g_base_lvt_neg.v, 86595
  The below duplicate timing check will be disabled:
  $recrem(posedge SN, negedge CKN &&& 
  (ENABLE_NOT_D_AND_NOT_R_AND_NOT_SE_AND_SI == 1'b1), 1.0000000000000000, 
  0.50000000000000000, NOTIFIER, , , dSN, dCKN);


Warning-[DDTC] Duplicate Timing Check is disabled
/home/daniel_kuo/CBDK_TSMC40_Arm_f2.0/CIC/Verilog/sc9_cln40g_base_lvt_neg.v, 86596
  The below duplicate timing check will be disabled:
  $recrem(posedge SN, negedge CKN &&& 
  (ENABLE_NOT_D_AND_NOT_R_AND_SE_AND_NOT_SI == 1'b1), 1.0000000000000000, 
  0.50000000000000000, NOTIFIER, , , dSN, dCKN);


Warning-[DDTC] Duplicate Timing Check is disabled
/home/daniel_kuo/CBDK_TSMC40_Arm_f2.0/CIC/Verilog/sc9_cln40g_base_lvt_neg.v, 86597
  The below duplicate timing check will be disabled:
  $recrem(posedge SN, negedge CKN &&& (ENABLE_D_AND_NOT_R_AND_SE_AND_NOT_SI ==
  1'b1), 1.0000000000000000, 0.50000000000000000, NOTIFIER, , , dSN, dCKN);


   ***   $sdf_annotate() version 1.2R
   ***    SDF file: "MODP_NINV31_SYN.sdf"
   ***    Annotation scope: TESTBED.u_MODP_NINV31
   ***    No MTM selection argument specified
   ***    No SCALE FACTORS argument specified
   ***    No SCALE TYPE argument specified
   ***    MTM selection defaulted to "TOOL_CONTROL":
               (+typdelays compiled, TYPICAL delays selected)
   ***    SCALE FACTORS defaulted to "1.0:1.0:1.0":
   ***    SCALE TYPE defaulted to: "FROM_MTM"
   ***    Turnoff delay: "FROM_FILE"
   ***    Approximation (mipd) policy: "MAXIMUM"

   ***    SDF annotation begin: Wed Sep 24 03:50:53 2025


SDF Info: +pulse_r/100, +pulse_e/100 in effect

Warning-[SDFCOM_CFTC] Cannot find timing check 
MODP_NINV31_SYN.sdf, 161071
module: DFFRPQ_X2M_A9TL, "instance: TESTBED.u_MODP_NINV31.y1_reg_4_"
  SDF Warning: Cannot find timing check $hold(posedge CK &&& 
  (ENABLE_D==1'h1),negedge R,...)
      


Warning-[SDFCOM_CFTC] Cannot find timing check 
MODP_NINV31_SYN.sdf, 161092
module: DFFRPQ_X3M_A9TL, "instance: TESTBED.u_MODP_NINV31.y1_reg_0_"
  SDF Warning: Cannot find timing check $hold(posedge CK &&& 
  (ENABLE_D==1'h1),negedge R,...)
      


Warning-[SDFCOM_CFTC] Cannot find timing check 
MODP_NINV31_SYN.sdf, 161113
module: DFFRPQ_X2M_A9TL, "instance: TESTBED.u_MODP_NINV31.p1_reg_18_"
  SDF Warning: Cannot find timing check $hold(posedge CK &&& 
  (ENABLE_D==1'h1),negedge R,...)
      


Warning-[SDFCOM_CFTC] Cannot find timing check 
MODP_NINV31_SYN.sdf, 161134
module: DFFRPQ_X2M_A9TL, "instance: TESTBED.u_MODP_NINV31.p3_reg_4_"
  SDF Warning: Cannot find timing check $hold(posedge CK &&& 
  (ENABLE_D==1'h1),negedge R,...)
      


Warning-[SDFCOM_CFTC] Cannot find timing check 
MODP_NINV31_SYN.sdf, 161155
module: DFFRPQ_X2M_A9TR, "instance: TESTBED.u_MODP_NINV31.p2_reg_12_"
  SDF Warning: Cannot find timing check $hold(posedge CK &&& 
  (ENABLE_D==1'h1),negedge R,...)
      


Warning-[SDFCOM_CFTC] Cannot find timing check 
MODP_NINV31_SYN.sdf, 161176
module: DFFRPQ_X2M_A9TL, "instance: TESTBED.u_MODP_NINV31.p1_reg_6_"
  SDF Warning: Cannot find timing check $hold(posedge CK &&& 
  (ENABLE_D==1'h1),negedge R,...)
      


Warning-[SDFCOM_CFTC] Cannot find timing check 
MODP_NINV31_SYN.sdf, 161197
module: DFFRPQ_X2M_A9TL, "instance: TESTBED.u_MODP_NINV31.y3_reg_17_"
  SDF Warning: Cannot find timing check $hold(posedge CK &&& 
  (ENABLE_D==1'h1),negedge R,...)
      


Warning-[SDFCOM_CFTC] Cannot find timing check 
MODP_NINV31_SYN.sdf, 161218
module: DFFRPQ_X2M_A9TL, "instance: TESTBED.u_MODP_NINV31.p1_reg_2_"
  SDF Warning: Cannot find timing check $hold(posedge CK &&& 
  (ENABLE_D==1'h1),negedge R,...)
      


Warning-[SDFCOM_CFTC] Cannot find timing check 
MODP_NINV31_SYN.sdf, 161239
module: DFFRPQ_X2M_A9TR, "instance: TESTBED.u_MODP_NINV31.p3_reg_18_"
  SDF Warning: Cannot find timing check $hold(posedge CK &&& 
  (ENABLE_D==1'h1),negedge R,...)
      

All future warnings not reported; use +sdfverbose to report them.

Warning-[SDFCOM_CFTC] Cannot find timing check 
MODP_NINV31_SYN.sdf, 161260
module: DFFRPQ_X2M_A9TL, "instance: TESTBED.u_MODP_NINV31.p1_reg_25_"
  SDF Warning: Cannot find timing check $hold(posedge CK &&& 
  (ENABLE_D==1'h1),negedge R,...)
      


          Total errors: 0
          Total warnings: 218
   ***    SDF annotation completed: Wed Sep 24 03:50:54 2025



Warning-[DRTZ] Detect delay value roundoff to 0
  Delay from design or SDF file roundoff to 0 based on timescale
  Please use switch -diag timescale to dump detailed information.

Starting vcs inline pass...

Note-[VCS_PARAL] Parallel code-gen enabled
  VCS is running with parallel code generation(-j)...

2124 modules and 11 UDPs read.
recompiling module DFFRPQ_X3M_A9TR
recompiling module DFFSQN_X2M_A9TH
recompiling module DFFRPQ_X1M_A9TR
recompiling module DFFRPQ_X3M_A9TL
recompiling module DFFRPQ_X1M_A9TH
recompiling module TESTBED
recompiling module DFFRPQ_X2M_A9TR
recompiling module DFFRPQ_X4M_A9TL
recompiling module DFFRPQ_X2M_A9TH
recompiling module DFFRPQ_X4M_A9TR
recompiling module DFFRPQ_X2M_A9TL
recompiling module DFFRPQ_X0P5M_A9TH
	However, due to incremental compilation, only 12 modules need to be compiled. 
make[1]: Entering directory `/home/daniel_kuo/Falcon/hardware/modp_ninv31/03_GATE/csrc' \

rm -f _cuarc*.so _csrc*.so pre_vcsobj_*.so share_vcsobj_*.so
ld -shared  -Bsymbolic   -o .//../simv.daidir//_cuarc0.so objs/a/amcQw_d.o 
rm -f _cuarc0.so
if [ -x ../simv ]; then chmod a-x ../simv; fi
g++  -o ../simv      -rdynamic  -Wl,-rpath='$ORIGIN'/simv.daidir -Wl,-rpath=./simv.daidir \
-Wl,-rpath=/usr/cad/synopsys/vcs/2022.06/linux64/lib -L/usr/cad/synopsys/vcs/2022.06/linux64/lib \
-Wl,-rpath-link=./  /usr/lib64/libnuma.so.1     _23431_archive_1.so _23463_archive_1.so \
_23464_archive_1.so _23465_archive_1.so _prev_archive_1.so _cuarc0.so objs/udps/gSqMj.o \
objs/udps/AubIW.o objs/udps/D2wHf.o objs/udps/U7Vwg.o objs/udps/CjLsY.o objs/udps/vCfas.o \
objs/udps/V6gPN.o objs/udps/sk4QJ.o objs/udps/i2VqJ.o objs/udps/exIG1.o objs/udps/WTP7v.o \
SIM_l.o      rmapats_mop.o rmapats.o rmar.o rmar_nd.o  rmar_llvm_0_1.o rmar_llvm_0_0.o \
-lvirsim -lerrorinf -lsnpsmalloc -lvfs /usr/cad/synopsys/verdi/2022.06/share/PLI/VCS/linux64/pli.a \
-lvcsnew -lsimprofile -luclinative /usr/cad/synopsys/vcs/2022.06/linux64/lib/vcs_tls.o \
-Wl,-whole-archive  -lvcsucli    -Wl,-no-whole-archive        _vcs_pli_stub_.o   \
/usr/cad/synopsys/vcs/2022.06/linux64/lib/vcs_save_restore_new.o /usr/cad/synopsys/verdi/2022.06//share/PLI/VCS/LINUX64/pli.a \
-ldl -lm  -lc -lpthread -ldl 
../simv up to date
make[1]: Leaving directory `/home/daniel_kuo/Falcon/hardware/modp_ninv31/03_GATE/csrc' \

Command: /home/daniel_kuo/Falcon/hardware/modp_ninv31/03_GATE/./simv +v2k -a vcs.log +define+GATE +neg_tchk
Chronologic VCS simulator copyright 1991-2022
Contains Synopsys proprietary information.
Compiler version T-2022.06_Full64; Runtime version T-2022.06_Full64;  Sep 24 03:50 2025
Doing SDF annotation ...... Done
PASS PATTERN NO.   1
PASS PATTERN NO.   2
PASS PATTERN NO.   3
PASS PATTERN NO.   4
PASS PATTERN NO.   5
PASS PATTERN NO.   6
PASS PATTERN NO.   7
PASS PATTERN NO.   8
PASS PATTERN NO.   9
PASS PATTERN NO.  10
PASS PATTERN NO.  11
PASS PATTERN NO.  12
PASS PATTERN NO.  13
PASS PATTERN NO.  14
PASS PATTERN NO.  15
PASS PATTERN NO.  16
PASS PATTERN NO.  17
PASS PATTERN NO.  18
PASS PATTERN NO.  19
PASS PATTERN NO.  20
PASS PATTERN NO.  21
PASS PATTERN NO.  22
PASS PATTERN NO.  23
PASS PATTERN NO.  24
PASS PATTERN NO.  25
PASS PATTERN NO.  26
PASS PATTERN NO.  27
PASS PATTERN NO.  28
PASS PATTERN NO.  29
PASS PATTERN NO.  30
PASS PATTERN NO.  31
PASS PATTERN NO.  32
PASS PATTERN NO.  33
PASS PATTERN NO.  34
PASS PATTERN NO.  35
PASS PATTERN NO.  36
PASS PATTERN NO.  37
PASS PATTERN NO.  38
PASS PATTERN NO.  39
PASS PATTERN NO.  40
PASS PATTERN NO.  41
PASS PATTERN NO.  42
PASS PATTERN NO.  43
PASS PATTERN NO.  44
PASS PATTERN NO.  45
PASS PATTERN NO.  46
PASS PATTERN NO.  47
PASS PATTERN NO.  48
PASS PATTERN NO.  49
PASS PATTERN NO.  50
PASS PATTERN NO.  51
PASS PATTERN NO.  52
PASS PATTERN NO.  53
PASS PATTERN NO.  54
PASS PATTERN NO.  55
PASS PATTERN NO.  56
PASS PATTERN NO.  57
PASS PATTERN NO.  58
PASS PATTERN NO.  59
PASS PATTERN NO.  60
PASS PATTERN NO.  61
PASS PATTERN NO.  62
PASS PATTERN NO.  63
PASS PATTERN NO.  64
PASS PATTERN NO.  65
PASS PATTERN NO.  66
PASS PATTERN NO.  67
PASS PATTERN NO.  68
PASS PATTERN NO.  69
PASS PATTERN NO.  70
PASS PATTERN NO.  71
PASS PATTERN NO.  72
PASS PATTERN NO.  73
PASS PATTERN NO.  74
PASS PATTERN NO.  75
PASS PATTERN NO.  76
PASS PATTERN NO.  77
PASS PATTERN NO.  78
PASS PATTERN NO.  79
PASS PATTERN NO.  80
PASS PATTERN NO.  81
PASS PATTERN NO.  82
PASS PATTERN NO.  83
PASS PATTERN NO.  84
PASS PATTERN NO.  85
PASS PATTERN NO.  86
PASS PATTERN NO.  87
PASS PATTERN NO.  88
PASS PATTERN NO.  89
PASS PATTERN NO.  90
PASS PATTERN NO.  91
PASS PATTERN NO.  92
PASS PATTERN NO.  93
PASS PATTERN NO.  94
PASS PATTERN NO.  95
PASS PATTERN NO.  96
PASS PATTERN NO.  97
PASS PATTERN NO.  98
PASS PATTERN NO.  99
PASS PATTERN NO. 100
PASS PATTERN NO. 101
PASS PATTERN NO. 102
PASS PATTERN NO. 103
PASS PATTERN NO. 104
PASS PATTERN NO. 105
PASS PATTERN NO. 106
PASS PATTERN NO. 107
PASS PATTERN NO. 108
PASS PATTERN NO. 109
PASS PATTERN NO. 110
PASS PATTERN NO. 111
PASS PATTERN NO. 112
PASS PATTERN NO. 113
PASS PATTERN NO. 114
PASS PATTERN NO. 115
PASS PATTERN NO. 116
PASS PATTERN NO. 117
PASS PATTERN NO. 118
PASS PATTERN NO. 119
PASS PATTERN NO. 120
PASS PATTERN NO. 121
PASS PATTERN NO. 122
PASS PATTERN NO. 123
PASS PATTERN NO. 124
PASS PATTERN NO. 125
PASS PATTERN NO. 126
PASS PATTERN NO. 127
PASS PATTERN NO. 128
PASS PATTERN NO. 129
PASS PATTERN NO. 130
PASS PATTERN NO. 131
PASS PATTERN NO. 132
PASS PATTERN NO. 133
PASS PATTERN NO. 134
PASS PATTERN NO. 135
PASS PATTERN NO. 136
PASS PATTERN NO. 137
PASS PATTERN NO. 138
PASS PATTERN NO. 139
PASS PATTERN NO. 140
PASS PATTERN NO. 141
PASS PATTERN NO. 142
PASS PATTERN NO. 143
PASS PATTERN NO. 144
PASS PATTERN NO. 145
PASS PATTERN NO. 146
PASS PATTERN NO. 147
PASS PATTERN NO. 148
PASS PATTERN NO. 149
PASS PATTERN NO. 150
PASS PATTERN NO. 151
PASS PATTERN NO. 152
PASS PATTERN NO. 153
PASS PATTERN NO. 154
PASS PATTERN NO. 155
PASS PATTERN NO. 156
PASS PATTERN NO. 157
PASS PATTERN NO. 158
PASS PATTERN NO. 159
PASS PATTERN NO. 160
PASS PATTERN NO. 161
PASS PATTERN NO. 162
PASS PATTERN NO. 163
PASS PATTERN NO. 164
PASS PATTERN NO. 165
PASS PATTERN NO. 166
PASS PATTERN NO. 167
PASS PATTERN NO. 168
PASS PATTERN NO. 169
PASS PATTERN NO. 170
PASS PATTERN NO. 171
PASS PATTERN NO. 172
PASS PATTERN NO. 173
PASS PATTERN NO. 174
PASS PATTERN NO. 175
PASS PATTERN NO. 176
PASS PATTERN NO. 177
PASS PATTERN NO. 178
PASS PATTERN NO. 179
PASS PATTERN NO. 180
PASS PATTERN NO. 181
PASS PATTERN NO. 182
PASS PATTERN NO. 183
PASS PATTERN NO. 184
PASS PATTERN NO. 185
PASS PATTERN NO. 186
PASS PATTERN NO. 187
PASS PATTERN NO. 188
PASS PATTERN NO. 189
PASS PATTERN NO. 190
PASS PATTERN NO. 191
PASS PATTERN NO. 192
PASS PATTERN NO. 193
PASS PATTERN NO. 194
PASS PATTERN NO. 195
PASS PATTERN NO. 196
PASS PATTERN NO. 197
PASS PATTERN NO. 198
PASS PATTERN NO. 199
PASS PATTERN NO. 200
PASS PATTERN NO. 201
PASS PATTERN NO. 202
PASS PATTERN NO. 203
PASS PATTERN NO. 204
PASS PATTERN NO. 205
PASS PATTERN NO. 206
PASS PATTERN NO. 207
PASS PATTERN NO. 208
PASS PATTERN NO. 209
PASS PATTERN NO. 210
PASS PATTERN NO. 211
PASS PATTERN NO. 212
PASS PATTERN NO. 213
PASS PATTERN NO. 214
PASS PATTERN NO. 215
PASS PATTERN NO. 216
PASS PATTERN NO. 217
PASS PATTERN NO. 218
PASS PATTERN NO. 219
PASS PATTERN NO. 220
PASS PATTERN NO. 221
PASS PATTERN NO. 222
PASS PATTERN NO. 223
PASS PATTERN NO. 224
PASS PATTERN NO. 225
PASS PATTERN NO. 226
PASS PATTERN NO. 227
PASS PATTERN NO. 228
PASS PATTERN NO. 229
PASS PATTERN NO. 230
PASS PATTERN NO. 231
PASS PATTERN NO. 232
PASS PATTERN NO. 233
PASS PATTERN NO. 234
PASS PATTERN NO. 235
PASS PATTERN NO. 236
PASS PATTERN NO. 237
PASS PATTERN NO. 238
PASS PATTERN NO. 239
PASS PATTERN NO. 240
PASS PATTERN NO. 241
PASS PATTERN NO. 242
PASS PATTERN NO. 243
PASS PATTERN NO. 244
PASS PATTERN NO. 245
PASS PATTERN NO. 246
PASS PATTERN NO. 247
PASS PATTERN NO. 248
PASS PATTERN NO. 249
PASS PATTERN NO. 250
PASS PATTERN NO. 251
PASS PATTERN NO. 252
PASS PATTERN NO. 253
PASS PATTERN NO. 254
PASS PATTERN NO. 255
PASS PATTERN NO. 256
PASS PATTERN NO. 257
PASS PATTERN NO. 258
PASS PATTERN NO. 259
PASS PATTERN NO. 260
PASS PATTERN NO. 261
PASS PATTERN NO. 262
PASS PATTERN NO. 263
PASS PATTERN NO. 264
PASS PATTERN NO. 265
PASS PATTERN NO. 266
PASS PATTERN NO. 267
PASS PATTERN NO. 268
PASS PATTERN NO. 269
PASS PATTERN NO. 270
PASS PATTERN NO. 271
PASS PATTERN NO. 272
PASS PATTERN NO. 273
PASS PATTERN NO. 274
PASS PATTERN NO. 275
PASS PATTERN NO. 276
PASS PATTERN NO. 277
PASS PATTERN NO. 278
PASS PATTERN NO. 279
PASS PATTERN NO. 280
PASS PATTERN NO. 281
PASS PATTERN NO. 282
PASS PATTERN NO. 283
PASS PATTERN NO. 284
PASS PATTERN NO. 285
PASS PATTERN NO. 286
PASS PATTERN NO. 287
PASS PATTERN NO. 288
PASS PATTERN NO. 289
PASS PATTERN NO. 290
PASS PATTERN NO. 291
PASS PATTERN NO. 292
PASS PATTERN NO. 293
PASS PATTERN NO. 294
PASS PATTERN NO. 295
PASS PATTERN NO. 296
PASS PATTERN NO. 297
PASS PATTERN NO. 298
PASS PATTERN NO. 299
PASS PATTERN NO. 300
PASS PATTERN NO. 301
PASS PATTERN NO. 302
PASS PATTERN NO. 303
PASS PATTERN NO. 304
PASS PATTERN NO. 305
PASS PATTERN NO. 306
PASS PATTERN NO. 307
PASS PATTERN NO. 308
PASS PATTERN NO. 309
PASS PATTERN NO. 310
PASS PATTERN NO. 311
PASS PATTERN NO. 312
PASS PATTERN NO. 313
PASS PATTERN NO. 314
PASS PATTERN NO. 315
PASS PATTERN NO. 316
PASS PATTERN NO. 317
PASS PATTERN NO. 318
PASS PATTERN NO. 319
PASS PATTERN NO. 320
PASS PATTERN NO. 321
PASS PATTERN NO. 322
PASS PATTERN NO. 323
PASS PATTERN NO. 324
PASS PATTERN NO. 325
PASS PATTERN NO. 326
PASS PATTERN NO. 327
PASS PATTERN NO. 328
PASS PATTERN NO. 329
PASS PATTERN NO. 330
PASS PATTERN NO. 331
PASS PATTERN NO. 332
PASS PATTERN NO. 333
PASS PATTERN NO. 334
PASS PATTERN NO. 335
PASS PATTERN NO. 336
PASS PATTERN NO. 337
PASS PATTERN NO. 338
PASS PATTERN NO. 339
PASS PATTERN NO. 340
PASS PATTERN NO. 341
PASS PATTERN NO. 342
PASS PATTERN NO. 343
PASS PATTERN NO. 344
PASS PATTERN NO. 345
PASS PATTERN NO. 346
PASS PATTERN NO. 347
PASS PATTERN NO. 348
PASS PATTERN NO. 349
PASS PATTERN NO. 350
PASS PATTERN NO. 351
PASS PATTERN NO. 352
PASS PATTERN NO. 353
PASS PATTERN NO. 354
PASS PATTERN NO. 355
PASS PATTERN NO. 356
PASS PATTERN NO. 357
PASS PATTERN NO. 358
PASS PATTERN NO. 359
PASS PATTERN NO. 360
PASS PATTERN NO. 361
PASS PATTERN NO. 362
PASS PATTERN NO. 363
PASS PATTERN NO. 364
PASS PATTERN NO. 365
PASS PATTERN NO. 366
PASS PATTERN NO. 367
PASS PATTERN NO. 368
PASS PATTERN NO. 369
PASS PATTERN NO. 370
PASS PATTERN NO. 371
PASS PATTERN NO. 372
PASS PATTERN NO. 373
PASS PATTERN NO. 374
PASS PATTERN NO. 375
PASS PATTERN NO. 376
PASS PATTERN NO. 377
PASS PATTERN NO. 378
PASS PATTERN NO. 379
PASS PATTERN NO. 380
PASS PATTERN NO. 381
PASS PATTERN NO. 382
PASS PATTERN NO. 383
PASS PATTERN NO. 384
PASS PATTERN NO. 385
PASS PATTERN NO. 386
PASS PATTERN NO. 387
PASS PATTERN NO. 388
PASS PATTERN NO. 389
PASS PATTERN NO. 390
PASS PATTERN NO. 391
PASS PATTERN NO. 392
PASS PATTERN NO. 393
PASS PATTERN NO. 394
PASS PATTERN NO. 395
PASS PATTERN NO. 396
PASS PATTERN NO. 397
PASS PATTERN NO. 398
PASS PATTERN NO. 399
PASS PATTERN NO. 400
PASS PATTERN NO. 401
PASS PATTERN NO. 402
PASS PATTERN NO. 403
PASS PATTERN NO. 404
PASS PATTERN NO. 405
PASS PATTERN NO. 406
PASS PATTERN NO. 407
PASS PATTERN NO. 408
PASS PATTERN NO. 409
PASS PATTERN NO. 410
PASS PATTERN NO. 411
PASS PATTERN NO. 412
PASS PATTERN NO. 413
PASS PATTERN NO. 414
PASS PATTERN NO. 415
PASS PATTERN NO. 416
PASS PATTERN NO. 417
PASS PATTERN NO. 418
PASS PATTERN NO. 419
PASS PATTERN NO. 420
PASS PATTERN NO. 421
PASS PATTERN NO. 422
PASS PATTERN NO. 423
PASS PATTERN NO. 424
PASS PATTERN NO. 425
PASS PATTERN NO. 426
PASS PATTERN NO. 427
PASS PATTERN NO. 428
PASS PATTERN NO. 429
PASS PATTERN NO. 430
PASS PATTERN NO. 431
PASS PATTERN NO. 432
PASS PATTERN NO. 433
PASS PATTERN NO. 434
PASS PATTERN NO. 435
PASS PATTERN NO. 436
PASS PATTERN NO. 437
PASS PATTERN NO. 438
PASS PATTERN NO. 439
PASS PATTERN NO. 440
PASS PATTERN NO. 441
PASS PATTERN NO. 442
PASS PATTERN NO. 443
PASS PATTERN NO. 444
PASS PATTERN NO. 445
PASS PATTERN NO. 446
PASS PATTERN NO. 447
PASS PATTERN NO. 448
PASS PATTERN NO. 449
PASS PATTERN NO. 450
PASS PATTERN NO. 451
PASS PATTERN NO. 452
PASS PATTERN NO. 453
PASS PATTERN NO. 454
PASS PATTERN NO. 455
PASS PATTERN NO. 456
PASS PATTERN NO. 457
PASS PATTERN NO. 458
PASS PATTERN NO. 459
PASS PATTERN NO. 460
PASS PATTERN NO. 461
PASS PATTERN NO. 462
PASS PATTERN NO. 463
PASS PATTERN NO. 464
PASS PATTERN NO. 465
PASS PATTERN NO. 466
PASS PATTERN NO. 467
PASS PATTERN NO. 468
PASS PATTERN NO. 469
PASS PATTERN NO. 470
PASS PATTERN NO. 471
PASS PATTERN NO. 472
PASS PATTERN NO. 473
PASS PATTERN NO. 474
PASS PATTERN NO. 475
PASS PATTERN NO. 476
PASS PATTERN NO. 477
PASS PATTERN NO. 478
PASS PATTERN NO. 479
PASS PATTERN NO. 480
PASS PATTERN NO. 481
PASS PATTERN NO. 482
PASS PATTERN NO. 483
PASS PATTERN NO. 484
PASS PATTERN NO. 485
PASS PATTERN NO. 486
PASS PATTERN NO. 487
PASS PATTERN NO. 488
PASS PATTERN NO. 489
PASS PATTERN NO. 490
PASS PATTERN NO. 491
PASS PATTERN NO. 492
PASS PATTERN NO. 493
PASS PATTERN NO. 494
PASS PATTERN NO. 495
PASS PATTERN NO. 496
PASS PATTERN NO. 497
PASS PATTERN NO. 498
PASS PATTERN NO. 499
PASS PATTERN NO. 500
PASS PATTERN NO. 501
PASS PATTERN NO. 502
PASS PATTERN NO. 503
PASS PATTERN NO. 504
PASS PATTERN NO. 505
PASS PATTERN NO. 506
PASS PATTERN NO. 507
PASS PATTERN NO. 508
PASS PATTERN NO. 509
PASS PATTERN NO. 510
PASS PATTERN NO. 511
PASS PATTERN NO. 512
PASS PATTERN NO. 513
PASS PATTERN NO. 514
PASS PATTERN NO. 515
PASS PATTERN NO. 516
PASS PATTERN NO. 517
PASS PATTERN NO. 518
PASS PATTERN NO. 519
PASS PATTERN NO. 520
PASS PATTERN NO. 521
PASS PATTERN NO. 522
PASS PATTERN NO. 523
PASS PATTERN NO. 524
PASS PATTERN NO. 525
PASS PATTERN NO. 526
PASS PATTERN NO. 527
PASS PATTERN NO. 528
PASS PATTERN NO. 529
PASS PATTERN NO. 530
PASS PATTERN NO. 531
PASS PATTERN NO. 532
PASS PATTERN NO. 533
PASS PATTERN NO. 534
PASS PATTERN NO. 535
PASS PATTERN NO. 536
PASS PATTERN NO. 537
PASS PATTERN NO. 538
PASS PATTERN NO. 539
PASS PATTERN NO. 540
PASS PATTERN NO. 541
PASS PATTERN NO. 542
PASS PATTERN NO. 543
PASS PATTERN NO. 544
PASS PATTERN NO. 545
PASS PATTERN NO. 546
PASS PATTERN NO. 547
PASS PATTERN NO. 548
PASS PATTERN NO. 549
PASS PATTERN NO. 550
PASS PATTERN NO. 551
PASS PATTERN NO. 552
PASS PATTERN NO. 553
PASS PATTERN NO. 554
PASS PATTERN NO. 555
PASS PATTERN NO. 556
PASS PATTERN NO. 557
PASS PATTERN NO. 558
PASS PATTERN NO. 559
PASS PATTERN NO. 560
PASS PATTERN NO. 561
PASS PATTERN NO. 562
PASS PATTERN NO. 563
PASS PATTERN NO. 564
PASS PATTERN NO. 565
PASS PATTERN NO. 566
PASS PATTERN NO. 567
PASS PATTERN NO. 568
PASS PATTERN NO. 569
PASS PATTERN NO. 570
PASS PATTERN NO. 571
PASS PATTERN NO. 572
PASS PATTERN NO. 573
PASS PATTERN NO. 574
PASS PATTERN NO. 575
PASS PATTERN NO. 576
PASS PATTERN NO. 577
PASS PATTERN NO. 578
PASS PATTERN NO. 579
PASS PATTERN NO. 580
PASS PATTERN NO. 581
PASS PATTERN NO. 582
PASS PATTERN NO. 583
PASS PATTERN NO. 584
PASS PATTERN NO. 585
PASS PATTERN NO. 586
PASS PATTERN NO. 587
PASS PATTERN NO. 588
PASS PATTERN NO. 589
PASS PATTERN NO. 590
PASS PATTERN NO. 591
PASS PATTERN NO. 592
PASS PATTERN NO. 593
PASS PATTERN NO. 594
PASS PATTERN NO. 595
PASS PATTERN NO. 596
PASS PATTERN NO. 597
PASS PATTERN NO. 598
PASS PATTERN NO. 599
PASS PATTERN NO. 600
PASS PATTERN NO. 601
PASS PATTERN NO. 602
PASS PATTERN NO. 603
PASS PATTERN NO. 604
PASS PATTERN NO. 605
PASS PATTERN NO. 606
PASS PATTERN NO. 607
PASS PATTERN NO. 608
PASS PATTERN NO. 609
PASS PATTERN NO. 610
PASS PATTERN NO. 611
PASS PATTERN NO. 612
PASS PATTERN NO. 613
PASS PATTERN NO. 614
PASS PATTERN NO. 615
PASS PATTERN NO. 616
PASS PATTERN NO. 617
PASS PATTERN NO. 618
PASS PATTERN NO. 619
PASS PATTERN NO. 620
PASS PATTERN NO. 621
PASS PATTERN NO. 622
PASS PATTERN NO. 623
PASS PATTERN NO. 624
PASS PATTERN NO. 625
PASS PATTERN NO. 626
PASS PATTERN NO. 627
PASS PATTERN NO. 628
PASS PATTERN NO. 629
PASS PATTERN NO. 630
PASS PATTERN NO. 631
PASS PATTERN NO. 632
PASS PATTERN NO. 633
PASS PATTERN NO. 634
PASS PATTERN NO. 635
PASS PATTERN NO. 636
PASS PATTERN NO. 637
PASS PATTERN NO. 638
PASS PATTERN NO. 639
PASS PATTERN NO. 640
PASS PATTERN NO. 641
PASS PATTERN NO. 642
PASS PATTERN NO. 643
PASS PATTERN NO. 644
PASS PATTERN NO. 645
PASS PATTERN NO. 646
PASS PATTERN NO. 647
PASS PATTERN NO. 648
PASS PATTERN NO. 649
PASS PATTERN NO. 650
PASS PATTERN NO. 651
PASS PATTERN NO. 652
PASS PATTERN NO. 653
PASS PATTERN NO. 654
PASS PATTERN NO. 655
PASS PATTERN NO. 656
PASS PATTERN NO. 657
PASS PATTERN NO. 658
PASS PATTERN NO. 659
PASS PATTERN NO. 660
PASS PATTERN NO. 661
PASS PATTERN NO. 662
PASS PATTERN NO. 663
PASS PATTERN NO. 664
PASS PATTERN NO. 665
PASS PATTERN NO. 666
PASS PATTERN NO. 667
PASS PATTERN NO. 668
PASS PATTERN NO. 669
PASS PATTERN NO. 670
PASS PATTERN NO. 671
PASS PATTERN NO. 672
PASS PATTERN NO. 673
PASS PATTERN NO. 674
PASS PATTERN NO. 675
PASS PATTERN NO. 676
PASS PATTERN NO. 677
PASS PATTERN NO. 678
PASS PATTERN NO. 679
PASS PATTERN NO. 680
PASS PATTERN NO. 681
PASS PATTERN NO. 682
PASS PATTERN NO. 683
PASS PATTERN NO. 684
PASS PATTERN NO. 685
PASS PATTERN NO. 686
PASS PATTERN NO. 687
PASS PATTERN NO. 688
PASS PATTERN NO. 689
PASS PATTERN NO. 690
PASS PATTERN NO. 691
PASS PATTERN NO. 692
PASS PATTERN NO. 693
PASS PATTERN NO. 694
PASS PATTERN NO. 695
PASS PATTERN NO. 696
PASS PATTERN NO. 697
PASS PATTERN NO. 698
PASS PATTERN NO. 699
PASS PATTERN NO. 700
PASS PATTERN NO. 701
PASS PATTERN NO. 702
PASS PATTERN NO. 703
PASS PATTERN NO. 704
PASS PATTERN NO. 705
PASS PATTERN NO. 706
PASS PATTERN NO. 707
PASS PATTERN NO. 708
PASS PATTERN NO. 709
PASS PATTERN NO. 710
PASS PATTERN NO. 711
PASS PATTERN NO. 712
PASS PATTERN NO. 713
PASS PATTERN NO. 714
PASS PATTERN NO. 715
PASS PATTERN NO. 716
PASS PATTERN NO. 717
PASS PATTERN NO. 718
PASS PATTERN NO. 719
PASS PATTERN NO. 720
PASS PATTERN NO. 721
PASS PATTERN NO. 722
PASS PATTERN NO. 723
PASS PATTERN NO. 724
PASS PATTERN NO. 725
PASS PATTERN NO. 726
PASS PATTERN NO. 727
PASS PATTERN NO. 728
PASS PATTERN NO. 729
PASS PATTERN NO. 730
PASS PATTERN NO. 731
PASS PATTERN NO. 732
PASS PATTERN NO. 733
PASS PATTERN NO. 734
PASS PATTERN NO. 735
PASS PATTERN NO. 736
PASS PATTERN NO. 737
PASS PATTERN NO. 738
PASS PATTERN NO. 739
PASS PATTERN NO. 740
PASS PATTERN NO. 741
PASS PATTERN NO. 742
PASS PATTERN NO. 743
PASS PATTERN NO. 744
PASS PATTERN NO. 745
PASS PATTERN NO. 746
PASS PATTERN NO. 747
PASS PATTERN NO. 748
PASS PATTERN NO. 749
PASS PATTERN NO. 750
PASS PATTERN NO. 751
PASS PATTERN NO. 752
PASS PATTERN NO. 753
PASS PATTERN NO. 754
PASS PATTERN NO. 755
PASS PATTERN NO. 756
PASS PATTERN NO. 757
PASS PATTERN NO. 758
PASS PATTERN NO. 759
PASS PATTERN NO. 760
PASS PATTERN NO. 761
PASS PATTERN NO. 762
PASS PATTERN NO. 763
PASS PATTERN NO. 764
PASS PATTERN NO. 765
PASS PATTERN NO. 766
PASS PATTERN NO. 767
PASS PATTERN NO. 768
PASS PATTERN NO. 769
PASS PATTERN NO. 770
PASS PATTERN NO. 771
PASS PATTERN NO. 772
PASS PATTERN NO. 773
PASS PATTERN NO. 774
PASS PATTERN NO. 775
PASS PATTERN NO. 776
PASS PATTERN NO. 777
PASS PATTERN NO. 778
PASS PATTERN NO. 779
PASS PATTERN NO. 780
PASS PATTERN NO. 781
PASS PATTERN NO. 782
PASS PATTERN NO. 783
PASS PATTERN NO. 784
PASS PATTERN NO. 785
PASS PATTERN NO. 786
PASS PATTERN NO. 787
PASS PATTERN NO. 788
PASS PATTERN NO. 789
PASS PATTERN NO. 790
PASS PATTERN NO. 791
PASS PATTERN NO. 792
PASS PATTERN NO. 793
PASS PATTERN NO. 794
PASS PATTERN NO. 795
PASS PATTERN NO. 796
PASS PATTERN NO. 797
PASS PATTERN NO. 798
PASS PATTERN NO. 799
PASS PATTERN NO. 800
PASS PATTERN NO. 801
PASS PATTERN NO. 802
PASS PATTERN NO. 803
PASS PATTERN NO. 804
PASS PATTERN NO. 805
PASS PATTERN NO. 806
PASS PATTERN NO. 807
PASS PATTERN NO. 808
PASS PATTERN NO. 809
PASS PATTERN NO. 810
PASS PATTERN NO. 811
PASS PATTERN NO. 812
PASS PATTERN NO. 813
PASS PATTERN NO. 814
PASS PATTERN NO. 815
PASS PATTERN NO. 816
PASS PATTERN NO. 817
PASS PATTERN NO. 818
PASS PATTERN NO. 819
PASS PATTERN NO. 820
PASS PATTERN NO. 821
PASS PATTERN NO. 822
PASS PATTERN NO. 823
PASS PATTERN NO. 824
PASS PATTERN NO. 825
PASS PATTERN NO. 826
PASS PATTERN NO. 827
PASS PATTERN NO. 828
PASS PATTERN NO. 829
PASS PATTERN NO. 830
PASS PATTERN NO. 831
PASS PATTERN NO. 832
PASS PATTERN NO. 833
PASS PATTERN NO. 834
PASS PATTERN NO. 835
PASS PATTERN NO. 836
PASS PATTERN NO. 837
PASS PATTERN NO. 838
PASS PATTERN NO. 839
PASS PATTERN NO. 840
PASS PATTERN NO. 841
PASS PATTERN NO. 842
PASS PATTERN NO. 843
PASS PATTERN NO. 844
PASS PATTERN NO. 845
PASS PATTERN NO. 846
PASS PATTERN NO. 847
PASS PATTERN NO. 848
PASS PATTERN NO. 849
PASS PATTERN NO. 850
PASS PATTERN NO. 851
PASS PATTERN NO. 852
PASS PATTERN NO. 853
PASS PATTERN NO. 854
PASS PATTERN NO. 855
PASS PATTERN NO. 856
PASS PATTERN NO. 857
PASS PATTERN NO. 858
PASS PATTERN NO. 859
PASS PATTERN NO. 860
PASS PATTERN NO. 861
PASS PATTERN NO. 862
PASS PATTERN NO. 863
PASS PATTERN NO. 864
PASS PATTERN NO. 865
PASS PATTERN NO. 866
PASS PATTERN NO. 867
PASS PATTERN NO. 868
PASS PATTERN NO. 869
PASS PATTERN NO. 870
PASS PATTERN NO. 871
PASS PATTERN NO. 872
PASS PATTERN NO. 873
PASS PATTERN NO. 874
PASS PATTERN NO. 875
PASS PATTERN NO. 876
PASS PATTERN NO. 877
PASS PATTERN NO. 878
PASS PATTERN NO. 879
PASS PATTERN NO. 880
PASS PATTERN NO. 881
PASS PATTERN NO. 882
PASS PATTERN NO. 883
PASS PATTERN NO. 884
PASS PATTERN NO. 885
PASS PATTERN NO. 886
PASS PATTERN NO. 887
PASS PATTERN NO. 888
PASS PATTERN NO. 889
PASS PATTERN NO. 890
PASS PATTERN NO. 891
PASS PATTERN NO. 892
PASS PATTERN NO. 893
PASS PATTERN NO. 894
PASS PATTERN NO. 895
PASS PATTERN NO. 896
PASS PATTERN NO. 897
PASS PATTERN NO. 898
PASS PATTERN NO. 899
PASS PATTERN NO. 900
PASS PATTERN NO. 901
PASS PATTERN NO. 902
PASS PATTERN NO. 903
PASS PATTERN NO. 904
PASS PATTERN NO. 905
PASS PATTERN NO. 906
PASS PATTERN NO. 907
PASS PATTERN NO. 908
PASS PATTERN NO. 909
PASS PATTERN NO. 910
PASS PATTERN NO. 911
PASS PATTERN NO. 912
PASS PATTERN NO. 913
PASS PATTERN NO. 914
PASS PATTERN NO. 915
PASS PATTERN NO. 916
PASS PATTERN NO. 917
PASS PATTERN NO. 918
PASS PATTERN NO. 919
PASS PATTERN NO. 920
PASS PATTERN NO. 921
PASS PATTERN NO. 922
PASS PATTERN NO. 923
PASS PATTERN NO. 924
PASS PATTERN NO. 925
PASS PATTERN NO. 926
PASS PATTERN NO. 927
PASS PATTERN NO. 928
PASS PATTERN NO. 929
PASS PATTERN NO. 930
PASS PATTERN NO. 931
PASS PATTERN NO. 932
PASS PATTERN NO. 933
PASS PATTERN NO. 934
PASS PATTERN NO. 935
PASS PATTERN NO. 936
PASS PATTERN NO. 937
PASS PATTERN NO. 938
PASS PATTERN NO. 939
PASS PATTERN NO. 940
PASS PATTERN NO. 941
PASS PATTERN NO. 942
PASS PATTERN NO. 943
PASS PATTERN NO. 944
PASS PATTERN NO. 945
PASS PATTERN NO. 946
PASS PATTERN NO. 947
PASS PATTERN NO. 948
PASS PATTERN NO. 949
PASS PATTERN NO. 950
PASS PATTERN NO. 951
PASS PATTERN NO. 952
PASS PATTERN NO. 953
PASS PATTERN NO. 954
PASS PATTERN NO. 955
PASS PATTERN NO. 956
PASS PATTERN NO. 957
PASS PATTERN NO. 958
PASS PATTERN NO. 959
PASS PATTERN NO. 960
PASS PATTERN NO. 961
PASS PATTERN NO. 962
PASS PATTERN NO. 963
PASS PATTERN NO. 964
PASS PATTERN NO. 965
PASS PATTERN NO. 966
PASS PATTERN NO. 967
PASS PATTERN NO. 968
PASS PATTERN NO. 969
PASS PATTERN NO. 970
PASS PATTERN NO. 971
PASS PATTERN NO. 972
PASS PATTERN NO. 973
PASS PATTERN NO. 974
PASS PATTERN NO. 975
PASS PATTERN NO. 976
PASS PATTERN NO. 977
PASS PATTERN NO. 978
PASS PATTERN NO. 979
PASS PATTERN NO. 980
PASS PATTERN NO. 981
PASS PATTERN NO. 982
PASS PATTERN NO. 983
PASS PATTERN NO. 984
PASS PATTERN NO. 985
PASS PATTERN NO. 986
PASS PATTERN NO. 987
PASS PATTERN NO. 988
PASS PATTERN NO. 989
PASS PATTERN NO. 990
PASS PATTERN NO. 991
PASS PATTERN NO. 992
PASS PATTERN NO. 993
PASS PATTERN NO. 994
PASS PATTERN NO. 995
PASS PATTERN NO. 996
PASS PATTERN NO. 997
PASS PATTERN NO. 998
PASS PATTERN NO. 999
PASS PATTERN NO.1000
PASS PATTERN NO.1001
PASS PATTERN NO.1002
PASS PATTERN NO.1003
PASS PATTERN NO.1004
PASS PATTERN NO.1005
PASS PATTERN NO.1006
PASS PATTERN NO.1007
PASS PATTERN NO.1008
PASS PATTERN NO.1009
PASS PATTERN NO.1010
PASS PATTERN NO.1011
PASS PATTERN NO.1012
PASS PATTERN NO.1013
PASS PATTERN NO.1014
PASS PATTERN NO.1015
PASS PATTERN NO.1016
PASS PATTERN NO.1017
PASS PATTERN NO.1018
PASS PATTERN NO.1019
PASS PATTERN NO.1020
PASS PATTERN NO.1021
PASS PATTERN NO.1022
PASS PATTERN NO.1023
PASS PATTERN NO.1024
PASS PATTERN NO.1025
PASS PATTERN NO.1026
PASS PATTERN NO.1027
PASS PATTERN NO.1028
PASS PATTERN NO.1029
PASS PATTERN NO.1030
PASS PATTERN NO.1031
PASS PATTERN NO.1032
PASS PATTERN NO.1033
PASS PATTERN NO.1034
PASS PATTERN NO.1035
PASS PATTERN NO.1036
PASS PATTERN NO.1037
PASS PATTERN NO.1038
PASS PATTERN NO.1039
PASS PATTERN NO.1040
PASS PATTERN NO.1041
PASS PATTERN NO.1042
PASS PATTERN NO.1043
PASS PATTERN NO.1044
PASS PATTERN NO.1045
PASS PATTERN NO.1046
PASS PATTERN NO.1047
PASS PATTERN NO.1048
PASS PATTERN NO.1049
PASS PATTERN NO.1050
PASS PATTERN NO.1051
PASS PATTERN NO.1052
PASS PATTERN NO.1053
PASS PATTERN NO.1054
PASS PATTERN NO.1055
PASS PATTERN NO.1056
PASS PATTERN NO.1057
PASS PATTERN NO.1058
PASS PATTERN NO.1059
PASS PATTERN NO.1060
PASS PATTERN NO.1061
PASS PATTERN NO.1062
PASS PATTERN NO.1063
PASS PATTERN NO.1064
PASS PATTERN NO.1065
PASS PATTERN NO.1066
PASS PATTERN NO.1067
PASS PATTERN NO.1068
PASS PATTERN NO.1069
PASS PATTERN NO.1070
PASS PATTERN NO.1071
PASS PATTERN NO.1072
PASS PATTERN NO.1073
PASS PATTERN NO.1074
PASS PATTERN NO.1075
PASS PATTERN NO.1076
PASS PATTERN NO.1077
PASS PATTERN NO.1078
PASS PATTERN NO.1079
PASS PATTERN NO.1080
PASS PATTERN NO.1081
PASS PATTERN NO.1082
PASS PATTERN NO.1083
PASS PATTERN NO.1084
PASS PATTERN NO.1085
PASS PATTERN NO.1086
PASS PATTERN NO.1087
PASS PATTERN NO.1088
PASS PATTERN NO.1089
PASS PATTERN NO.1090
PASS PATTERN NO.1091
PASS PATTERN NO.1092
PASS PATTERN NO.1093
PASS PATTERN NO.1094
PASS PATTERN NO.1095
PASS PATTERN NO.1096
PASS PATTERN NO.1097
PASS PATTERN NO.1098
PASS PATTERN NO.1099
PASS PATTERN NO.1100
PASS PATTERN NO.1101
PASS PATTERN NO.1102
PASS PATTERN NO.1103
PASS PATTERN NO.1104
PASS PATTERN NO.1105
PASS PATTERN NO.1106
PASS PATTERN NO.1107
PASS PATTERN NO.1108
PASS PATTERN NO.1109
PASS PATTERN NO.1110
PASS PATTERN NO.1111
PASS PATTERN NO.1112
PASS PATTERN NO.1113
PASS PATTERN NO.1114
PASS PATTERN NO.1115
PASS PATTERN NO.1116
PASS PATTERN NO.1117
PASS PATTERN NO.1118
PASS PATTERN NO.1119
PASS PATTERN NO.1120
PASS PATTERN NO.1121
PASS PATTERN NO.1122
PASS PATTERN NO.1123
PASS PATTERN NO.1124
PASS PATTERN NO.1125
PASS PATTERN NO.1126
PASS PATTERN NO.1127
PASS PATTERN NO.1128
PASS PATTERN NO.1129
PASS PATTERN NO.1130
PASS PATTERN NO.1131
PASS PATTERN NO.1132
PASS PATTERN NO.1133
PASS PATTERN NO.1134
PASS PATTERN NO.1135
PASS PATTERN NO.1136
PASS PATTERN NO.1137
PASS PATTERN NO.1138
PASS PATTERN NO.1139
PASS PATTERN NO.1140
PASS PATTERN NO.1141
PASS PATTERN NO.1142
PASS PATTERN NO.1143
PASS PATTERN NO.1144
PASS PATTERN NO.1145
PASS PATTERN NO.1146
PASS PATTERN NO.1147
PASS PATTERN NO.1148
PASS PATTERN NO.1149
PASS PATTERN NO.1150
PASS PATTERN NO.1151
PASS PATTERN NO.1152
PASS PATTERN NO.1153
PASS PATTERN NO.1154
PASS PATTERN NO.1155
PASS PATTERN NO.1156
PASS PATTERN NO.1157
PASS PATTERN NO.1158
PASS PATTERN NO.1159
PASS PATTERN NO.1160
PASS PATTERN NO.1161
PASS PATTERN NO.1162
PASS PATTERN NO.1163
PASS PATTERN NO.1164
PASS PATTERN NO.1165
PASS PATTERN NO.1166
PASS PATTERN NO.1167
PASS PATTERN NO.1168
PASS PATTERN NO.1169
PASS PATTERN NO.1170
PASS PATTERN NO.1171
PASS PATTERN NO.1172
PASS PATTERN NO.1173
PASS PATTERN NO.1174
PASS PATTERN NO.1175
PASS PATTERN NO.1176
PASS PATTERN NO.1177
PASS PATTERN NO.1178
PASS PATTERN NO.1179
PASS PATTERN NO.1180
PASS PATTERN NO.1181
PASS PATTERN NO.1182
PASS PATTERN NO.1183
PASS PATTERN NO.1184
PASS PATTERN NO.1185
PASS PATTERN NO.1186
PASS PATTERN NO.1187
PASS PATTERN NO.1188
PASS PATTERN NO.1189
PASS PATTERN NO.1190
PASS PATTERN NO.1191
PASS PATTERN NO.1192
PASS PATTERN NO.1193
PASS PATTERN NO.1194
PASS PATTERN NO.1195
PASS PATTERN NO.1196
PASS PATTERN NO.1197
PASS PATTERN NO.1198
PASS PATTERN NO.1199
PASS PATTERN NO.1200
PASS PATTERN NO.1201
PASS PATTERN NO.1202
PASS PATTERN NO.1203
PASS PATTERN NO.1204
PASS PATTERN NO.1205
PASS PATTERN NO.1206
PASS PATTERN NO.1207
PASS PATTERN NO.1208
PASS PATTERN NO.1209
PASS PATTERN NO.1210
PASS PATTERN NO.1211
PASS PATTERN NO.1212
PASS PATTERN NO.1213
PASS PATTERN NO.1214
PASS PATTERN NO.1215
PASS PATTERN NO.1216
PASS PATTERN NO.1217
PASS PATTERN NO.1218
PASS PATTERN NO.1219
PASS PATTERN NO.1220
PASS PATTERN NO.1221
PASS PATTERN NO.1222
PASS PATTERN NO.1223
PASS PATTERN NO.1224
PASS PATTERN NO.1225
PASS PATTERN NO.1226
PASS PATTERN NO.1227
PASS PATTERN NO.1228
PASS PATTERN NO.1229
PASS PATTERN NO.1230
PASS PATTERN NO.1231
PASS PATTERN NO.1232
PASS PATTERN NO.1233
PASS PATTERN NO.1234
PASS PATTERN NO.1235
PASS PATTERN NO.1236
PASS PATTERN NO.1237
PASS PATTERN NO.1238
PASS PATTERN NO.1239
PASS PATTERN NO.1240
PASS PATTERN NO.1241
PASS PATTERN NO.1242
PASS PATTERN NO.1243
PASS PATTERN NO.1244
PASS PATTERN NO.1245
PASS PATTERN NO.1246
PASS PATTERN NO.1247
PASS PATTERN NO.1248
PASS PATTERN NO.1249
PASS PATTERN NO.1250
PASS PATTERN NO.1251
PASS PATTERN NO.1252
PASS PATTERN NO.1253
PASS PATTERN NO.1254
PASS PATTERN NO.1255
PASS PATTERN NO.1256
PASS PATTERN NO.1257
PASS PATTERN NO.1258
PASS PATTERN NO.1259
PASS PATTERN NO.1260
PASS PATTERN NO.1261
PASS PATTERN NO.1262
PASS PATTERN NO.1263
PASS PATTERN NO.1264
PASS PATTERN NO.1265
PASS PATTERN NO.1266
PASS PATTERN NO.1267
PASS PATTERN NO.1268
PASS PATTERN NO.1269
PASS PATTERN NO.1270
PASS PATTERN NO.1271
PASS PATTERN NO.1272
PASS PATTERN NO.1273
PASS PATTERN NO.1274
PASS PATTERN NO.1275
PASS PATTERN NO.1276
PASS PATTERN NO.1277
PASS PATTERN NO.1278
PASS PATTERN NO.1279
PASS PATTERN NO.1280
PASS PATTERN NO.1281
PASS PATTERN NO.1282
PASS PATTERN NO.1283
PASS PATTERN NO.1284
PASS PATTERN NO.1285
PASS PATTERN NO.1286
PASS PATTERN NO.1287
PASS PATTERN NO.1288
PASS PATTERN NO.1289
PASS PATTERN NO.1290
PASS PATTERN NO.1291
PASS PATTERN NO.1292
PASS PATTERN NO.1293
PASS PATTERN NO.1294
PASS PATTERN NO.1295
PASS PATTERN NO.1296
PASS PATTERN NO.1297
PASS PATTERN NO.1298
PASS PATTERN NO.1299
PASS PATTERN NO.1300
PASS PATTERN NO.1301
PASS PATTERN NO.1302
PASS PATTERN NO.1303
PASS PATTERN NO.1304
PASS PATTERN NO.1305
PASS PATTERN NO.1306
PASS PATTERN NO.1307
PASS PATTERN NO.1308
PASS PATTERN NO.1309
PASS PATTERN NO.1310
PASS PATTERN NO.1311
PASS PATTERN NO.1312
PASS PATTERN NO.1313
PASS PATTERN NO.1314
PASS PATTERN NO.1315
PASS PATTERN NO.1316
PASS PATTERN NO.1317
PASS PATTERN NO.1318
PASS PATTERN NO.1319
PASS PATTERN NO.1320
PASS PATTERN NO.1321
PASS PATTERN NO.1322
PASS PATTERN NO.1323
PASS PATTERN NO.1324
PASS PATTERN NO.1325
PASS PATTERN NO.1326
PASS PATTERN NO.1327
PASS PATTERN NO.1328
PASS PATTERN NO.1329
PASS PATTERN NO.1330
PASS PATTERN NO.1331
PASS PATTERN NO.1332
PASS PATTERN NO.1333
PASS PATTERN NO.1334
PASS PATTERN NO.1335
PASS PATTERN NO.1336
PASS PATTERN NO.1337
PASS PATTERN NO.1338
PASS PATTERN NO.1339
PASS PATTERN NO.1340
PASS PATTERN NO.1341
PASS PATTERN NO.1342
PASS PATTERN NO.1343
PASS PATTERN NO.1344
PASS PATTERN NO.1345
PASS PATTERN NO.1346
PASS PATTERN NO.1347
PASS PATTERN NO.1348
PASS PATTERN NO.1349
PASS PATTERN NO.1350
PASS PATTERN NO.1351
PASS PATTERN NO.1352
PASS PATTERN NO.1353
PASS PATTERN NO.1354
PASS PATTERN NO.1355
PASS PATTERN NO.1356
PASS PATTERN NO.1357
PASS PATTERN NO.1358
PASS PATTERN NO.1359
PASS PATTERN NO.1360
PASS PATTERN NO.1361
PASS PATTERN NO.1362
PASS PATTERN NO.1363
PASS PATTERN NO.1364
PASS PATTERN NO.1365
PASS PATTERN NO.1366
PASS PATTERN NO.1367
PASS PATTERN NO.1368
PASS PATTERN NO.1369
PASS PATTERN NO.1370
PASS PATTERN NO.1371
PASS PATTERN NO.1372
PASS PATTERN NO.1373
PASS PATTERN NO.1374
PASS PATTERN NO.1375
PASS PATTERN NO.1376
PASS PATTERN NO.1377
PASS PATTERN NO.1378
PASS PATTERN NO.1379
PASS PATTERN NO.1380
PASS PATTERN NO.1381
PASS PATTERN NO.1382
PASS PATTERN NO.1383
PASS PATTERN NO.1384
PASS PATTERN NO.1385
PASS PATTERN NO.1386
PASS PATTERN NO.1387
PASS PATTERN NO.1388
PASS PATTERN NO.1389
PASS PATTERN NO.1390
PASS PATTERN NO.1391
PASS PATTERN NO.1392
PASS PATTERN NO.1393
PASS PATTERN NO.1394
PASS PATTERN NO.1395
PASS PATTERN NO.1396
PASS PATTERN NO.1397
PASS PATTERN NO.1398
PASS PATTERN NO.1399
PASS PATTERN NO.1400
PASS PATTERN NO.1401
PASS PATTERN NO.1402
PASS PATTERN NO.1403
PASS PATTERN NO.1404
PASS PATTERN NO.1405
PASS PATTERN NO.1406
PASS PATTERN NO.1407
PASS PATTERN NO.1408
PASS PATTERN NO.1409
PASS PATTERN NO.1410
PASS PATTERN NO.1411
PASS PATTERN NO.1412
PASS PATTERN NO.1413
PASS PATTERN NO.1414
PASS PATTERN NO.1415
PASS PATTERN NO.1416
PASS PATTERN NO.1417
PASS PATTERN NO.1418
PASS PATTERN NO.1419
PASS PATTERN NO.1420
PASS PATTERN NO.1421
PASS PATTERN NO.1422
PASS PATTERN NO.1423
PASS PATTERN NO.1424
PASS PATTERN NO.1425
PASS PATTERN NO.1426
PASS PATTERN NO.1427
PASS PATTERN NO.1428
PASS PATTERN NO.1429
PASS PATTERN NO.1430
PASS PATTERN NO.1431
PASS PATTERN NO.1432
PASS PATTERN NO.1433
PASS PATTERN NO.1434
PASS PATTERN NO.1435
PASS PATTERN NO.1436
PASS PATTERN NO.1437
PASS PATTERN NO.1438
PASS PATTERN NO.1439
PASS PATTERN NO.1440
PASS PATTERN NO.1441
PASS PATTERN NO.1442
PASS PATTERN NO.1443
PASS PATTERN NO.1444
PASS PATTERN NO.1445
PASS PATTERN NO.1446
PASS PATTERN NO.1447
PASS PATTERN NO.1448
PASS PATTERN NO.1449
PASS PATTERN NO.1450
PASS PATTERN NO.1451
PASS PATTERN NO.1452
PASS PATTERN NO.1453
PASS PATTERN NO.1454
PASS PATTERN NO.1455
PASS PATTERN NO.1456
PASS PATTERN NO.1457
PASS PATTERN NO.1458
PASS PATTERN NO.1459
PASS PATTERN NO.1460
PASS PATTERN NO.1461
PASS PATTERN NO.1462
PASS PATTERN NO.1463
PASS PATTERN NO.1464
PASS PATTERN NO.1465
PASS PATTERN NO.1466
PASS PATTERN NO.1467
PASS PATTERN NO.1468
PASS PATTERN NO.1469
PASS PATTERN NO.1470
PASS PATTERN NO.1471
PASS PATTERN NO.1472
PASS PATTERN NO.1473
PASS PATTERN NO.1474
PASS PATTERN NO.1475
PASS PATTERN NO.1476
PASS PATTERN NO.1477
PASS PATTERN NO.1478
PASS PATTERN NO.1479
PASS PATTERN NO.1480
PASS PATTERN NO.1481
PASS PATTERN NO.1482
PASS PATTERN NO.1483
PASS PATTERN NO.1484
PASS PATTERN NO.1485
PASS PATTERN NO.1486
PASS PATTERN NO.1487
PASS PATTERN NO.1488
PASS PATTERN NO.1489
PASS PATTERN NO.1490
PASS PATTERN NO.1491
PASS PATTERN NO.1492
PASS PATTERN NO.1493
PASS PATTERN NO.1494
PASS PATTERN NO.1495
PASS PATTERN NO.1496
PASS PATTERN NO.1497
PASS PATTERN NO.1498
PASS PATTERN NO.1499
PASS PATTERN NO.1500
PASS PATTERN NO.1501
PASS PATTERN NO.1502
PASS PATTERN NO.1503
PASS PATTERN NO.1504
PASS PATTERN NO.1505
PASS PATTERN NO.1506
PASS PATTERN NO.1507
PASS PATTERN NO.1508
PASS PATTERN NO.1509
PASS PATTERN NO.1510
PASS PATTERN NO.1511
PASS PATTERN NO.1512
PASS PATTERN NO.1513
PASS PATTERN NO.1514
PASS PATTERN NO.1515
PASS PATTERN NO.1516
PASS PATTERN NO.1517
PASS PATTERN NO.1518
PASS PATTERN NO.1519
PASS PATTERN NO.1520
PASS PATTERN NO.1521
PASS PATTERN NO.1522
PASS PATTERN NO.1523
PASS PATTERN NO.1524
PASS PATTERN NO.1525
PASS PATTERN NO.1526
PASS PATTERN NO.1527
PASS PATTERN NO.1528
PASS PATTERN NO.1529
PASS PATTERN NO.1530
PASS PATTERN NO.1531
PASS PATTERN NO.1532
PASS PATTERN NO.1533
PASS PATTERN NO.1534
PASS PATTERN NO.1535
PASS PATTERN NO.1536
PASS PATTERN NO.1537
PASS PATTERN NO.1538
PASS PATTERN NO.1539
PASS PATTERN NO.1540
PASS PATTERN NO.1541
PASS PATTERN NO.1542
PASS PATTERN NO.1543
PASS PATTERN NO.1544
PASS PATTERN NO.1545
PASS PATTERN NO.1546
PASS PATTERN NO.1547
PASS PATTERN NO.1548
PASS PATTERN NO.1549
PASS PATTERN NO.1550
PASS PATTERN NO.1551
PASS PATTERN NO.1552
PASS PATTERN NO.1553
PASS PATTERN NO.1554
PASS PATTERN NO.1555
PASS PATTERN NO.1556
PASS PATTERN NO.1557
PASS PATTERN NO.1558
PASS PATTERN NO.1559
PASS PATTERN NO.1560
PASS PATTERN NO.1561
PASS PATTERN NO.1562
PASS PATTERN NO.1563
PASS PATTERN NO.1564
PASS PATTERN NO.1565
PASS PATTERN NO.1566
PASS PATTERN NO.1567
PASS PATTERN NO.1568
PASS PATTERN NO.1569
PASS PATTERN NO.1570
PASS PATTERN NO.1571
PASS PATTERN NO.1572
PASS PATTERN NO.1573
PASS PATTERN NO.1574
PASS PATTERN NO.1575
PASS PATTERN NO.1576
PASS PATTERN NO.1577
PASS PATTERN NO.1578
PASS PATTERN NO.1579
PASS PATTERN NO.1580
PASS PATTERN NO.1581
PASS PATTERN NO.1582
PASS PATTERN NO.1583
PASS PATTERN NO.1584
PASS PATTERN NO.1585
PASS PATTERN NO.1586
PASS PATTERN NO.1587
PASS PATTERN NO.1588
PASS PATTERN NO.1589
PASS PATTERN NO.1590
PASS PATTERN NO.1591
PASS PATTERN NO.1592
PASS PATTERN NO.1593
PASS PATTERN NO.1594
PASS PATTERN NO.1595
PASS PATTERN NO.1596
PASS PATTERN NO.1597
PASS PATTERN NO.1598
PASS PATTERN NO.1599
PASS PATTERN NO.1600
PASS PATTERN NO.1601
PASS PATTERN NO.1602
PASS PATTERN NO.1603
PASS PATTERN NO.1604
PASS PATTERN NO.1605
PASS PATTERN NO.1606
PASS PATTERN NO.1607
PASS PATTERN NO.1608
PASS PATTERN NO.1609
PASS PATTERN NO.1610
PASS PATTERN NO.1611
PASS PATTERN NO.1612
PASS PATTERN NO.1613
PASS PATTERN NO.1614
PASS PATTERN NO.1615
PASS PATTERN NO.1616
PASS PATTERN NO.1617
PASS PATTERN NO.1618
PASS PATTERN NO.1619
PASS PATTERN NO.1620
PASS PATTERN NO.1621
PASS PATTERN NO.1622
PASS PATTERN NO.1623
PASS PATTERN NO.1624
PASS PATTERN NO.1625
PASS PATTERN NO.1626
PASS PATTERN NO.1627
PASS PATTERN NO.1628
PASS PATTERN NO.1629
PASS PATTERN NO.1630
PASS PATTERN NO.1631
PASS PATTERN NO.1632
PASS PATTERN NO.1633
PASS PATTERN NO.1634
PASS PATTERN NO.1635
PASS PATTERN NO.1636
PASS PATTERN NO.1637
PASS PATTERN NO.1638
PASS PATTERN NO.1639
PASS PATTERN NO.1640
PASS PATTERN NO.1641
PASS PATTERN NO.1642
PASS PATTERN NO.1643
PASS PATTERN NO.1644
PASS PATTERN NO.1645
PASS PATTERN NO.1646
PASS PATTERN NO.1647
PASS PATTERN NO.1648
PASS PATTERN NO.1649
PASS PATTERN NO.1650
PASS PATTERN NO.1651
PASS PATTERN NO.1652
PASS PATTERN NO.1653
PASS PATTERN NO.1654
PASS PATTERN NO.1655
PASS PATTERN NO.1656
PASS PATTERN NO.1657
PASS PATTERN NO.1658
PASS PATTERN NO.1659
PASS PATTERN NO.1660
PASS PATTERN NO.1661
PASS PATTERN NO.1662
PASS PATTERN NO.1663
PASS PATTERN NO.1664
PASS PATTERN NO.1665
PASS PATTERN NO.1666
PASS PATTERN NO.1667
PASS PATTERN NO.1668
PASS PATTERN NO.1669
PASS PATTERN NO.1670
PASS PATTERN NO.1671
PASS PATTERN NO.1672
PASS PATTERN NO.1673
PASS PATTERN NO.1674
PASS PATTERN NO.1675
PASS PATTERN NO.1676
PASS PATTERN NO.1677
PASS PATTERN NO.1678
PASS PATTERN NO.1679
PASS PATTERN NO.1680
PASS PATTERN NO.1681
PASS PATTERN NO.1682
PASS PATTERN NO.1683
PASS PATTERN NO.1684
PASS PATTERN NO.1685
PASS PATTERN NO.1686
PASS PATTERN NO.1687
PASS PATTERN NO.1688
PASS PATTERN NO.1689
PASS PATTERN NO.1690
PASS PATTERN NO.1691
PASS PATTERN NO.1692
PASS PATTERN NO.1693
PASS PATTERN NO.1694
PASS PATTERN NO.1695
PASS PATTERN NO.1696
PASS PATTERN NO.1697
PASS PATTERN NO.1698
PASS PATTERN NO.1699
PASS PATTERN NO.1700
PASS PATTERN NO.1701
PASS PATTERN NO.1702
PASS PATTERN NO.1703
PASS PATTERN NO.1704
PASS PATTERN NO.1705
PASS PATTERN NO.1706
PASS PATTERN NO.1707
PASS PATTERN NO.1708
PASS PATTERN NO.1709
PASS PATTERN NO.1710
PASS PATTERN NO.1711
PASS PATTERN NO.1712
PASS PATTERN NO.1713
PASS PATTERN NO.1714
PASS PATTERN NO.1715
PASS PATTERN NO.1716
PASS PATTERN NO.1717
PASS PATTERN NO.1718
PASS PATTERN NO.1719
PASS PATTERN NO.1720
PASS PATTERN NO.1721
PASS PATTERN NO.1722
PASS PATTERN NO.1723
PASS PATTERN NO.1724
PASS PATTERN NO.1725
PASS PATTERN NO.1726
PASS PATTERN NO.1727
PASS PATTERN NO.1728
PASS PATTERN NO.1729
PASS PATTERN NO.1730
PASS PATTERN NO.1731
PASS PATTERN NO.1732
PASS PATTERN NO.1733
PASS PATTERN NO.1734
PASS PATTERN NO.1735
PASS PATTERN NO.1736
PASS PATTERN NO.1737
PASS PATTERN NO.1738
PASS PATTERN NO.1739
PASS PATTERN NO.1740
PASS PATTERN NO.1741
PASS PATTERN NO.1742
PASS PATTERN NO.1743
PASS PATTERN NO.1744
PASS PATTERN NO.1745
PASS PATTERN NO.1746
PASS PATTERN NO.1747
PASS PATTERN NO.1748
PASS PATTERN NO.1749
PASS PATTERN NO.1750
PASS PATTERN NO.1751
PASS PATTERN NO.1752
PASS PATTERN NO.1753
PASS PATTERN NO.1754
PASS PATTERN NO.1755
PASS PATTERN NO.1756
PASS PATTERN NO.1757
PASS PATTERN NO.1758
PASS PATTERN NO.1759
PASS PATTERN NO.1760
PASS PATTERN NO.1761
PASS PATTERN NO.1762
PASS PATTERN NO.1763
PASS PATTERN NO.1764
PASS PATTERN NO.1765
PASS PATTERN NO.1766
PASS PATTERN NO.1767
PASS PATTERN NO.1768
PASS PATTERN NO.1769
PASS PATTERN NO.1770
PASS PATTERN NO.1771
PASS PATTERN NO.1772
PASS PATTERN NO.1773
PASS PATTERN NO.1774
PASS PATTERN NO.1775
PASS PATTERN NO.1776
PASS PATTERN NO.1777
PASS PATTERN NO.1778
PASS PATTERN NO.1779
PASS PATTERN NO.1780
PASS PATTERN NO.1781
PASS PATTERN NO.1782
PASS PATTERN NO.1783
PASS PATTERN NO.1784
PASS PATTERN NO.1785
PASS PATTERN NO.1786
PASS PATTERN NO.1787
PASS PATTERN NO.1788
PASS PATTERN NO.1789
PASS PATTERN NO.1790
PASS PATTERN NO.1791
PASS PATTERN NO.1792
PASS PATTERN NO.1793
PASS PATTERN NO.1794
PASS PATTERN NO.1795
PASS PATTERN NO.1796
PASS PATTERN NO.1797
PASS PATTERN NO.1798
PASS PATTERN NO.1799
PASS PATTERN NO.1800
PASS PATTERN NO.1801
PASS PATTERN NO.1802
PASS PATTERN NO.1803
PASS PATTERN NO.1804
PASS PATTERN NO.1805
PASS PATTERN NO.1806
PASS PATTERN NO.1807
PASS PATTERN NO.1808
PASS PATTERN NO.1809
PASS PATTERN NO.1810
PASS PATTERN NO.1811
PASS PATTERN NO.1812
PASS PATTERN NO.1813
PASS PATTERN NO.1814
PASS PATTERN NO.1815
PASS PATTERN NO.1816
PASS PATTERN NO.1817
PASS PATTERN NO.1818
PASS PATTERN NO.1819
PASS PATTERN NO.1820
PASS PATTERN NO.1821
PASS PATTERN NO.1822
PASS PATTERN NO.1823
PASS PATTERN NO.1824
PASS PATTERN NO.1825
PASS PATTERN NO.1826
PASS PATTERN NO.1827
PASS PATTERN NO.1828
PASS PATTERN NO.1829
PASS PATTERN NO.1830
PASS PATTERN NO.1831
PASS PATTERN NO.1832
PASS PATTERN NO.1833
PASS PATTERN NO.1834
PASS PATTERN NO.1835
PASS PATTERN NO.1836
PASS PATTERN NO.1837
PASS PATTERN NO.1838
PASS PATTERN NO.1839
PASS PATTERN NO.1840
PASS PATTERN NO.1841
PASS PATTERN NO.1842
PASS PATTERN NO.1843
PASS PATTERN NO.1844
PASS PATTERN NO.1845
PASS PATTERN NO.1846
PASS PATTERN NO.1847
PASS PATTERN NO.1848
PASS PATTERN NO.1849
PASS PATTERN NO.1850
PASS PATTERN NO.1851
PASS PATTERN NO.1852
PASS PATTERN NO.1853
PASS PATTERN NO.1854
PASS PATTERN NO.1855
PASS PATTERN NO.1856
PASS PATTERN NO.1857
PASS PATTERN NO.1858
PASS PATTERN NO.1859
PASS PATTERN NO.1860
PASS PATTERN NO.1861
PASS PATTERN NO.1862
PASS PATTERN NO.1863
PASS PATTERN NO.1864
PASS PATTERN NO.1865
PASS PATTERN NO.1866
PASS PATTERN NO.1867
PASS PATTERN NO.1868
PASS PATTERN NO.1869
PASS PATTERN NO.1870
PASS PATTERN NO.1871
PASS PATTERN NO.1872
PASS PATTERN NO.1873
PASS PATTERN NO.1874
PASS PATTERN NO.1875
PASS PATTERN NO.1876
PASS PATTERN NO.1877
PASS PATTERN NO.1878
PASS PATTERN NO.1879
PASS PATTERN NO.1880
PASS PATTERN NO.1881
PASS PATTERN NO.1882
PASS PATTERN NO.1883
PASS PATTERN NO.1884
PASS PATTERN NO.1885
PASS PATTERN NO.1886
PASS PATTERN NO.1887
PASS PATTERN NO.1888
PASS PATTERN NO.1889
PASS PATTERN NO.1890
PASS PATTERN NO.1891
PASS PATTERN NO.1892
PASS PATTERN NO.1893
PASS PATTERN NO.1894
PASS PATTERN NO.1895
PASS PATTERN NO.1896
PASS PATTERN NO.1897
PASS PATTERN NO.1898
PASS PATTERN NO.1899
PASS PATTERN NO.1900
PASS PATTERN NO.1901
PASS PATTERN NO.1902
PASS PATTERN NO.1903
PASS PATTERN NO.1904
PASS PATTERN NO.1905
PASS PATTERN NO.1906
PASS PATTERN NO.1907
PASS PATTERN NO.1908
PASS PATTERN NO.1909
PASS PATTERN NO.1910
PASS PATTERN NO.1911
PASS PATTERN NO.1912
PASS PATTERN NO.1913
PASS PATTERN NO.1914
PASS PATTERN NO.1915
PASS PATTERN NO.1916
PASS PATTERN NO.1917
PASS PATTERN NO.1918
PASS PATTERN NO.1919
PASS PATTERN NO.1920
PASS PATTERN NO.1921
PASS PATTERN NO.1922
PASS PATTERN NO.1923
PASS PATTERN NO.1924
PASS PATTERN NO.1925
PASS PATTERN NO.1926
PASS PATTERN NO.1927
PASS PATTERN NO.1928
PASS PATTERN NO.1929
PASS PATTERN NO.1930
PASS PATTERN NO.1931
PASS PATTERN NO.1932
PASS PATTERN NO.1933
PASS PATTERN NO.1934
PASS PATTERN NO.1935
PASS PATTERN NO.1936
PASS PATTERN NO.1937
PASS PATTERN NO.1938
PASS PATTERN NO.1939
PASS PATTERN NO.1940
PASS PATTERN NO.1941
PASS PATTERN NO.1942
PASS PATTERN NO.1943
PASS PATTERN NO.1944
PASS PATTERN NO.1945
PASS PATTERN NO.1946
PASS PATTERN NO.1947
PASS PATTERN NO.1948
PASS PATTERN NO.1949
PASS PATTERN NO.1950
PASS PATTERN NO.1951
PASS PATTERN NO.1952
PASS PATTERN NO.1953
PASS PATTERN NO.1954
PASS PATTERN NO.1955
PASS PATTERN NO.1956
PASS PATTERN NO.1957
PASS PATTERN NO.1958
PASS PATTERN NO.1959
PASS PATTERN NO.1960
PASS PATTERN NO.1961
PASS PATTERN NO.1962
PASS PATTERN NO.1963
PASS PATTERN NO.1964
PASS PATTERN NO.1965
PASS PATTERN NO.1966
PASS PATTERN NO.1967
PASS PATTERN NO.1968
PASS PATTERN NO.1969
PASS PATTERN NO.1970
PASS PATTERN NO.1971
PASS PATTERN NO.1972
PASS PATTERN NO.1973
PASS PATTERN NO.1974
PASS PATTERN NO.1975
PASS PATTERN NO.1976
PASS PATTERN NO.1977
PASS PATTERN NO.1978
PASS PATTERN NO.1979
PASS PATTERN NO.1980
PASS PATTERN NO.1981
PASS PATTERN NO.1982
PASS PATTERN NO.1983
PASS PATTERN NO.1984
PASS PATTERN NO.1985
PASS PATTERN NO.1986
PASS PATTERN NO.1987
PASS PATTERN NO.1988
PASS PATTERN NO.1989
PASS PATTERN NO.1990
PASS PATTERN NO.1991
PASS PATTERN NO.1992
PASS PATTERN NO.1993
PASS PATTERN NO.1994
PASS PATTERN NO.1995
PASS PATTERN NO.1996
PASS PATTERN NO.1997
PASS PATTERN NO.1998
PASS PATTERN NO.1999
PASS PATTERN NO.2000
PASS PATTERN NO.2001
PASS PATTERN NO.2002
PASS PATTERN NO.2003
PASS PATTERN NO.2004
PASS PATTERN NO.2005
PASS PATTERN NO.2006
PASS PATTERN NO.2007
PASS PATTERN NO.2008
PASS PATTERN NO.2009
PASS PATTERN NO.2010
PASS PATTERN NO.2011
PASS PATTERN NO.2012
PASS PATTERN NO.2013
PASS PATTERN NO.2014
PASS PATTERN NO.2015
PASS PATTERN NO.2016
PASS PATTERN NO.2017
PASS PATTERN NO.2018
PASS PATTERN NO.2019
PASS PATTERN NO.2020
PASS PATTERN NO.2021
PASS PATTERN NO.2022
PASS PATTERN NO.2023
PASS PATTERN NO.2024
PASS PATTERN NO.2025
PASS PATTERN NO.2026
PASS PATTERN NO.2027
PASS PATTERN NO.2028
PASS PATTERN NO.2029
PASS PATTERN NO.2030
PASS PATTERN NO.2031
PASS PATTERN NO.2032
PASS PATTERN NO.2033
PASS PATTERN NO.2034
PASS PATTERN NO.2035
PASS PATTERN NO.2036
PASS PATTERN NO.2037
PASS PATTERN NO.2038
PASS PATTERN NO.2039
PASS PATTERN NO.2040
PASS PATTERN NO.2041
PASS PATTERN NO.2042
PASS PATTERN NO.2043
PASS PATTERN NO.2044
PASS PATTERN NO.2045
PASS PATTERN NO.2046
PASS PATTERN NO.2047
PASS PATTERN NO.2048
PASS PATTERN NO.2049
PASS PATTERN NO.2050
PASS PATTERN NO.2051
PASS PATTERN NO.2052
PASS PATTERN NO.2053
PASS PATTERN NO.2054
PASS PATTERN NO.2055
PASS PATTERN NO.2056
PASS PATTERN NO.2057
PASS PATTERN NO.2058
PASS PATTERN NO.2059
PASS PATTERN NO.2060
PASS PATTERN NO.2061
PASS PATTERN NO.2062
PASS PATTERN NO.2063
PASS PATTERN NO.2064
PASS PATTERN NO.2065
PASS PATTERN NO.2066
PASS PATTERN NO.2067
PASS PATTERN NO.2068
PASS PATTERN NO.2069
PASS PATTERN NO.2070
PASS PATTERN NO.2071
PASS PATTERN NO.2072
PASS PATTERN NO.2073
PASS PATTERN NO.2074
PASS PATTERN NO.2075
PASS PATTERN NO.2076
PASS PATTERN NO.2077
PASS PATTERN NO.2078
PASS PATTERN NO.2079
PASS PATTERN NO.2080
PASS PATTERN NO.2081
PASS PATTERN NO.2082
PASS PATTERN NO.2083
PASS PATTERN NO.2084
PASS PATTERN NO.2085
PASS PATTERN NO.2086
PASS PATTERN NO.2087
PASS PATTERN NO.2088
PASS PATTERN NO.2089
PASS PATTERN NO.2090
PASS PATTERN NO.2091
PASS PATTERN NO.2092
PASS PATTERN NO.2093
PASS PATTERN NO.2094
PASS PATTERN NO.2095
PASS PATTERN NO.2096
PASS PATTERN NO.2097
PASS PATTERN NO.2098
PASS PATTERN NO.2099
PASS PATTERN NO.2100
PASS PATTERN NO.2101
PASS PATTERN NO.2102
PASS PATTERN NO.2103
PASS PATTERN NO.2104
PASS PATTERN NO.2105
PASS PATTERN NO.2106
PASS PATTERN NO.2107
PASS PATTERN NO.2108
PASS PATTERN NO.2109
PASS PATTERN NO.2110
PASS PATTERN NO.2111
PASS PATTERN NO.2112
PASS PATTERN NO.2113
PASS PATTERN NO.2114
PASS PATTERN NO.2115
PASS PATTERN NO.2116
PASS PATTERN NO.2117
PASS PATTERN NO.2118
PASS PATTERN NO.2119
PASS PATTERN NO.2120
PASS PATTERN NO.2121
PASS PATTERN NO.2122
PASS PATTERN NO.2123
PASS PATTERN NO.2124
PASS PATTERN NO.2125
PASS PATTERN NO.2126
PASS PATTERN NO.2127
PASS PATTERN NO.2128
PASS PATTERN NO.2129
PASS PATTERN NO.2130
PASS PATTERN NO.2131
PASS PATTERN NO.2132
PASS PATTERN NO.2133
PASS PATTERN NO.2134
PASS PATTERN NO.2135
PASS PATTERN NO.2136
PASS PATTERN NO.2137
PASS PATTERN NO.2138
PASS PATTERN NO.2139
PASS PATTERN NO.2140
PASS PATTERN NO.2141
PASS PATTERN NO.2142
PASS PATTERN NO.2143
PASS PATTERN NO.2144
PASS PATTERN NO.2145
PASS PATTERN NO.2146
PASS PATTERN NO.2147
PASS PATTERN NO.2148
PASS PATTERN NO.2149
PASS PATTERN NO.2150
PASS PATTERN NO.2151
PASS PATTERN NO.2152
PASS PATTERN NO.2153
PASS PATTERN NO.2154
PASS PATTERN NO.2155
PASS PATTERN NO.2156
PASS PATTERN NO.2157
PASS PATTERN NO.2158
PASS PATTERN NO.2159
PASS PATTERN NO.2160
PASS PATTERN NO.2161
PASS PATTERN NO.2162
PASS PATTERN NO.2163
PASS PATTERN NO.2164
PASS PATTERN NO.2165
PASS PATTERN NO.2166
PASS PATTERN NO.2167
PASS PATTERN NO.2168
PASS PATTERN NO.2169
PASS PATTERN NO.2170
PASS PATTERN NO.2171
PASS PATTERN NO.2172
PASS PATTERN NO.2173
PASS PATTERN NO.2174
PASS PATTERN NO.2175
PASS PATTERN NO.2176
PASS PATTERN NO.2177
PASS PATTERN NO.2178
PASS PATTERN NO.2179
PASS PATTERN NO.2180
PASS PATTERN NO.2181
PASS PATTERN NO.2182
PASS PATTERN NO.2183
PASS PATTERN NO.2184
PASS PATTERN NO.2185
PASS PATTERN NO.2186
PASS PATTERN NO.2187
PASS PATTERN NO.2188
PASS PATTERN NO.2189
PASS PATTERN NO.2190
PASS PATTERN NO.2191
PASS PATTERN NO.2192
PASS PATTERN NO.2193
PASS PATTERN NO.2194
PASS PATTERN NO.2195
PASS PATTERN NO.2196
PASS PATTERN NO.2197
PASS PATTERN NO.2198
PASS PATTERN NO.2199
PASS PATTERN NO.2200
PASS PATTERN NO.2201
PASS PATTERN NO.2202
PASS PATTERN NO.2203
PASS PATTERN NO.2204
PASS PATTERN NO.2205
PASS PATTERN NO.2206
PASS PATTERN NO.2207
PASS PATTERN NO.2208
PASS PATTERN NO.2209
PASS PATTERN NO.2210
PASS PATTERN NO.2211
PASS PATTERN NO.2212
PASS PATTERN NO.2213
PASS PATTERN NO.2214
PASS PATTERN NO.2215
PASS PATTERN NO.2216
PASS PATTERN NO.2217
PASS PATTERN NO.2218
PASS PATTERN NO.2219
PASS PATTERN NO.2220
PASS PATTERN NO.2221
PASS PATTERN NO.2222
PASS PATTERN NO.2223
PASS PATTERN NO.2224
PASS PATTERN NO.2225
PASS PATTERN NO.2226
PASS PATTERN NO.2227
PASS PATTERN NO.2228
PASS PATTERN NO.2229
PASS PATTERN NO.2230
PASS PATTERN NO.2231
PASS PATTERN NO.2232
PASS PATTERN NO.2233
PASS PATTERN NO.2234
PASS PATTERN NO.2235
PASS PATTERN NO.2236
PASS PATTERN NO.2237
PASS PATTERN NO.2238
PASS PATTERN NO.2239
PASS PATTERN NO.2240
PASS PATTERN NO.2241
PASS PATTERN NO.2242
PASS PATTERN NO.2243
PASS PATTERN NO.2244
PASS PATTERN NO.2245
PASS PATTERN NO.2246
PASS PATTERN NO.2247
PASS PATTERN NO.2248
PASS PATTERN NO.2249
PASS PATTERN NO.2250
PASS PATTERN NO.2251
PASS PATTERN NO.2252
PASS PATTERN NO.2253
PASS PATTERN NO.2254
PASS PATTERN NO.2255
PASS PATTERN NO.2256
PASS PATTERN NO.2257
PASS PATTERN NO.2258
PASS PATTERN NO.2259
PASS PATTERN NO.2260
PASS PATTERN NO.2261
PASS PATTERN NO.2262
PASS PATTERN NO.2263
PASS PATTERN NO.2264
PASS PATTERN NO.2265
PASS PATTERN NO.2266
PASS PATTERN NO.2267
PASS PATTERN NO.2268
PASS PATTERN NO.2269
PASS PATTERN NO.2270
PASS PATTERN NO.2271
PASS PATTERN NO.2272
PASS PATTERN NO.2273
PASS PATTERN NO.2274
PASS PATTERN NO.2275
PASS PATTERN NO.2276
PASS PATTERN NO.2277
PASS PATTERN NO.2278
PASS PATTERN NO.2279
PASS PATTERN NO.2280
PASS PATTERN NO.2281
PASS PATTERN NO.2282
PASS PATTERN NO.2283
PASS PATTERN NO.2284
PASS PATTERN NO.2285
PASS PATTERN NO.2286
PASS PATTERN NO.2287
PASS PATTERN NO.2288
PASS PATTERN NO.2289
PASS PATTERN NO.2290
PASS PATTERN NO.2291
PASS PATTERN NO.2292
PASS PATTERN NO.2293
PASS PATTERN NO.2294
PASS PATTERN NO.2295
PASS PATTERN NO.2296
PASS PATTERN NO.2297
PASS PATTERN NO.2298
PASS PATTERN NO.2299
PASS PATTERN NO.2300
PASS PATTERN NO.2301
PASS PATTERN NO.2302
PASS PATTERN NO.2303
PASS PATTERN NO.2304
PASS PATTERN NO.2305
PASS PATTERN NO.2306
PASS PATTERN NO.2307
PASS PATTERN NO.2308
PASS PATTERN NO.2309
PASS PATTERN NO.2310
PASS PATTERN NO.2311
PASS PATTERN NO.2312
PASS PATTERN NO.2313
PASS PATTERN NO.2314
PASS PATTERN NO.2315
PASS PATTERN NO.2316
PASS PATTERN NO.2317
PASS PATTERN NO.2318
PASS PATTERN NO.2319
PASS PATTERN NO.2320
PASS PATTERN NO.2321
PASS PATTERN NO.2322
PASS PATTERN NO.2323
PASS PATTERN NO.2324
PASS PATTERN NO.2325
PASS PATTERN NO.2326
PASS PATTERN NO.2327
PASS PATTERN NO.2328
PASS PATTERN NO.2329
PASS PATTERN NO.2330
PASS PATTERN NO.2331
PASS PATTERN NO.2332
PASS PATTERN NO.2333
PASS PATTERN NO.2334
PASS PATTERN NO.2335
PASS PATTERN NO.2336
PASS PATTERN NO.2337
PASS PATTERN NO.2338
PASS PATTERN NO.2339
PASS PATTERN NO.2340
PASS PATTERN NO.2341
PASS PATTERN NO.2342
PASS PATTERN NO.2343
PASS PATTERN NO.2344
PASS PATTERN NO.2345
PASS PATTERN NO.2346
PASS PATTERN NO.2347
PASS PATTERN NO.2348
PASS PATTERN NO.2349
PASS PATTERN NO.2350
PASS PATTERN NO.2351
PASS PATTERN NO.2352
PASS PATTERN NO.2353
PASS PATTERN NO.2354
PASS PATTERN NO.2355
PASS PATTERN NO.2356
PASS PATTERN NO.2357
PASS PATTERN NO.2358
PASS PATTERN NO.2359
PASS PATTERN NO.2360
PASS PATTERN NO.2361
PASS PATTERN NO.2362
PASS PATTERN NO.2363
PASS PATTERN NO.2364
PASS PATTERN NO.2365
PASS PATTERN NO.2366
PASS PATTERN NO.2367
PASS PATTERN NO.2368
PASS PATTERN NO.2369
PASS PATTERN NO.2370
PASS PATTERN NO.2371
PASS PATTERN NO.2372
PASS PATTERN NO.2373
PASS PATTERN NO.2374
PASS PATTERN NO.2375
PASS PATTERN NO.2376
PASS PATTERN NO.2377
PASS PATTERN NO.2378
PASS PATTERN NO.2379
PASS PATTERN NO.2380
PASS PATTERN NO.2381
PASS PATTERN NO.2382
PASS PATTERN NO.2383
PASS PATTERN NO.2384
PASS PATTERN NO.2385
PASS PATTERN NO.2386
PASS PATTERN NO.2387
PASS PATTERN NO.2388
PASS PATTERN NO.2389
PASS PATTERN NO.2390
PASS PATTERN NO.2391
PASS PATTERN NO.2392
PASS PATTERN NO.2393
PASS PATTERN NO.2394
PASS PATTERN NO.2395
PASS PATTERN NO.2396
PASS PATTERN NO.2397
PASS PATTERN NO.2398
PASS PATTERN NO.2399
PASS PATTERN NO.2400
PASS PATTERN NO.2401
PASS PATTERN NO.2402
PASS PATTERN NO.2403
PASS PATTERN NO.2404
PASS PATTERN NO.2405
PASS PATTERN NO.2406
PASS PATTERN NO.2407
PASS PATTERN NO.2408
PASS PATTERN NO.2409
PASS PATTERN NO.2410
PASS PATTERN NO.2411
PASS PATTERN NO.2412
PASS PATTERN NO.2413
PASS PATTERN NO.2414
PASS PATTERN NO.2415
PASS PATTERN NO.2416
PASS PATTERN NO.2417
PASS PATTERN NO.2418
PASS PATTERN NO.2419
PASS PATTERN NO.2420
PASS PATTERN NO.2421
PASS PATTERN NO.2422
PASS PATTERN NO.2423
PASS PATTERN NO.2424
PASS PATTERN NO.2425
PASS PATTERN NO.2426
PASS PATTERN NO.2427
PASS PATTERN NO.2428
PASS PATTERN NO.2429
PASS PATTERN NO.2430
PASS PATTERN NO.2431
PASS PATTERN NO.2432
PASS PATTERN NO.2433
PASS PATTERN NO.2434
PASS PATTERN NO.2435
PASS PATTERN NO.2436
PASS PATTERN NO.2437
PASS PATTERN NO.2438
PASS PATTERN NO.2439
PASS PATTERN NO.2440
PASS PATTERN NO.2441
PASS PATTERN NO.2442
PASS PATTERN NO.2443
PASS PATTERN NO.2444
PASS PATTERN NO.2445
PASS PATTERN NO.2446
PASS PATTERN NO.2447
PASS PATTERN NO.2448
PASS PATTERN NO.2449
PASS PATTERN NO.2450
PASS PATTERN NO.2451
PASS PATTERN NO.2452
PASS PATTERN NO.2453
PASS PATTERN NO.2454
PASS PATTERN NO.2455
PASS PATTERN NO.2456
PASS PATTERN NO.2457
PASS PATTERN NO.2458
PASS PATTERN NO.2459
PASS PATTERN NO.2460
PASS PATTERN NO.2461
PASS PATTERN NO.2462
PASS PATTERN NO.2463
PASS PATTERN NO.2464
PASS PATTERN NO.2465
PASS PATTERN NO.2466
PASS PATTERN NO.2467
PASS PATTERN NO.2468
PASS PATTERN NO.2469
PASS PATTERN NO.2470
PASS PATTERN NO.2471
PASS PATTERN NO.2472
PASS PATTERN NO.2473
PASS PATTERN NO.2474
PASS PATTERN NO.2475
PASS PATTERN NO.2476
PASS PATTERN NO.2477
PASS PATTERN NO.2478
PASS PATTERN NO.2479
PASS PATTERN NO.2480
PASS PATTERN NO.2481
PASS PATTERN NO.2482
PASS PATTERN NO.2483
PASS PATTERN NO.2484
PASS PATTERN NO.2485
PASS PATTERN NO.2486
PASS PATTERN NO.2487
PASS PATTERN NO.2488
PASS PATTERN NO.2489
PASS PATTERN NO.2490
PASS PATTERN NO.2491
PASS PATTERN NO.2492
PASS PATTERN NO.2493
PASS PATTERN NO.2494
PASS PATTERN NO.2495
PASS PATTERN NO.2496
PASS PATTERN NO.2497
PASS PATTERN NO.2498
PASS PATTERN NO.2499
PASS PATTERN NO.2500
PASS PATTERN NO.2501
PASS PATTERN NO.2502
PASS PATTERN NO.2503
PASS PATTERN NO.2504
PASS PATTERN NO.2505
PASS PATTERN NO.2506
PASS PATTERN NO.2507
PASS PATTERN NO.2508
PASS PATTERN NO.2509
PASS PATTERN NO.2510
PASS PATTERN NO.2511
PASS PATTERN NO.2512
PASS PATTERN NO.2513
PASS PATTERN NO.2514
PASS PATTERN NO.2515
PASS PATTERN NO.2516
PASS PATTERN NO.2517
PASS PATTERN NO.2518
PASS PATTERN NO.2519
PASS PATTERN NO.2520
PASS PATTERN NO.2521
PASS PATTERN NO.2522
PASS PATTERN NO.2523
PASS PATTERN NO.2524
PASS PATTERN NO.2525
PASS PATTERN NO.2526
PASS PATTERN NO.2527
PASS PATTERN NO.2528
PASS PATTERN NO.2529
PASS PATTERN NO.2530
PASS PATTERN NO.2531
PASS PATTERN NO.2532
PASS PATTERN NO.2533
PASS PATTERN NO.2534
PASS PATTERN NO.2535
PASS PATTERN NO.2536
PASS PATTERN NO.2537
PASS PATTERN NO.2538
PASS PATTERN NO.2539
PASS PATTERN NO.2540
PASS PATTERN NO.2541
PASS PATTERN NO.2542
PASS PATTERN NO.2543
PASS PATTERN NO.2544
PASS PATTERN NO.2545
PASS PATTERN NO.2546
PASS PATTERN NO.2547
PASS PATTERN NO.2548
PASS PATTERN NO.2549
PASS PATTERN NO.2550
PASS PATTERN NO.2551
PASS PATTERN NO.2552
PASS PATTERN NO.2553
PASS PATTERN NO.2554
PASS PATTERN NO.2555
PASS PATTERN NO.2556
PASS PATTERN NO.2557
PASS PATTERN NO.2558
PASS PATTERN NO.2559
PASS PATTERN NO.2560
PASS PATTERN NO.2561
PASS PATTERN NO.2562
PASS PATTERN NO.2563
PASS PATTERN NO.2564
PASS PATTERN NO.2565
PASS PATTERN NO.2566
PASS PATTERN NO.2567
PASS PATTERN NO.2568
PASS PATTERN NO.2569
PASS PATTERN NO.2570
PASS PATTERN NO.2571
PASS PATTERN NO.2572
PASS PATTERN NO.2573
PASS PATTERN NO.2574
PASS PATTERN NO.2575
PASS PATTERN NO.2576
PASS PATTERN NO.2577
PASS PATTERN NO.2578
PASS PATTERN NO.2579
PASS PATTERN NO.2580
PASS PATTERN NO.2581
PASS PATTERN NO.2582
PASS PATTERN NO.2583
PASS PATTERN NO.2584
PASS PATTERN NO.2585
PASS PATTERN NO.2586
PASS PATTERN NO.2587
PASS PATTERN NO.2588
PASS PATTERN NO.2589
PASS PATTERN NO.2590
PASS PATTERN NO.2591
PASS PATTERN NO.2592
PASS PATTERN NO.2593
PASS PATTERN NO.2594
PASS PATTERN NO.2595
PASS PATTERN NO.2596
PASS PATTERN NO.2597
PASS PATTERN NO.2598
PASS PATTERN NO.2599
PASS PATTERN NO.2600
PASS PATTERN NO.2601
PASS PATTERN NO.2602
PASS PATTERN NO.2603
PASS PATTERN NO.2604
PASS PATTERN NO.2605
PASS PATTERN NO.2606
PASS PATTERN NO.2607
PASS PATTERN NO.2608
PASS PATTERN NO.2609
PASS PATTERN NO.2610
PASS PATTERN NO.2611
PASS PATTERN NO.2612
PASS PATTERN NO.2613
PASS PATTERN NO.2614
PASS PATTERN NO.2615
PASS PATTERN NO.2616
PASS PATTERN NO.2617
PASS PATTERN NO.2618
PASS PATTERN NO.2619
PASS PATTERN NO.2620
PASS PATTERN NO.2621
PASS PATTERN NO.2622
PASS PATTERN NO.2623
PASS PATTERN NO.2624
PASS PATTERN NO.2625
PASS PATTERN NO.2626
PASS PATTERN NO.2627
PASS PATTERN NO.2628
PASS PATTERN NO.2629
PASS PATTERN NO.2630
PASS PATTERN NO.2631
PASS PATTERN NO.2632
PASS PATTERN NO.2633
PASS PATTERN NO.2634
PASS PATTERN NO.2635
PASS PATTERN NO.2636
PASS PATTERN NO.2637
PASS PATTERN NO.2638
PASS PATTERN NO.2639
PASS PATTERN NO.2640
PASS PATTERN NO.2641
PASS PATTERN NO.2642
PASS PATTERN NO.2643
PASS PATTERN NO.2644
PASS PATTERN NO.2645
PASS PATTERN NO.2646
PASS PATTERN NO.2647
PASS PATTERN NO.2648
PASS PATTERN NO.2649
PASS PATTERN NO.2650
PASS PATTERN NO.2651
PASS PATTERN NO.2652
PASS PATTERN NO.2653
PASS PATTERN NO.2654
PASS PATTERN NO.2655
PASS PATTERN NO.2656
PASS PATTERN NO.2657
PASS PATTERN NO.2658
PASS PATTERN NO.2659
PASS PATTERN NO.2660
PASS PATTERN NO.2661
PASS PATTERN NO.2662
PASS PATTERN NO.2663
PASS PATTERN NO.2664
PASS PATTERN NO.2665
PASS PATTERN NO.2666
PASS PATTERN NO.2667
PASS PATTERN NO.2668
PASS PATTERN NO.2669
PASS PATTERN NO.2670
PASS PATTERN NO.2671
PASS PATTERN NO.2672
PASS PATTERN NO.2673
PASS PATTERN NO.2674
PASS PATTERN NO.2675
PASS PATTERN NO.2676
PASS PATTERN NO.2677
PASS PATTERN NO.2678
PASS PATTERN NO.2679
PASS PATTERN NO.2680
PASS PATTERN NO.2681
PASS PATTERN NO.2682
PASS PATTERN NO.2683
PASS PATTERN NO.2684
PASS PATTERN NO.2685
PASS PATTERN NO.2686
PASS PATTERN NO.2687
PASS PATTERN NO.2688
PASS PATTERN NO.2689
PASS PATTERN NO.2690
PASS PATTERN NO.2691
PASS PATTERN NO.2692
PASS PATTERN NO.2693
PASS PATTERN NO.2694
PASS PATTERN NO.2695
PASS PATTERN NO.2696
PASS PATTERN NO.2697
PASS PATTERN NO.2698
PASS PATTERN NO.2699
PASS PATTERN NO.2700
PASS PATTERN NO.2701
PASS PATTERN NO.2702
PASS PATTERN NO.2703
PASS PATTERN NO.2704
PASS PATTERN NO.2705
PASS PATTERN NO.2706
PASS PATTERN NO.2707
PASS PATTERN NO.2708
PASS PATTERN NO.2709
PASS PATTERN NO.2710
PASS PATTERN NO.2711
PASS PATTERN NO.2712
PASS PATTERN NO.2713
PASS PATTERN NO.2714
PASS PATTERN NO.2715
PASS PATTERN NO.2716
PASS PATTERN NO.2717
PASS PATTERN NO.2718
PASS PATTERN NO.2719
PASS PATTERN NO.2720
PASS PATTERN NO.2721
PASS PATTERN NO.2722
PASS PATTERN NO.2723
PASS PATTERN NO.2724
PASS PATTERN NO.2725
PASS PATTERN NO.2726
PASS PATTERN NO.2727
PASS PATTERN NO.2728
PASS PATTERN NO.2729
PASS PATTERN NO.2730
PASS PATTERN NO.2731
PASS PATTERN NO.2732
PASS PATTERN NO.2733
PASS PATTERN NO.2734
PASS PATTERN NO.2735
PASS PATTERN NO.2736
PASS PATTERN NO.2737
PASS PATTERN NO.2738
PASS PATTERN NO.2739
PASS PATTERN NO.2740
PASS PATTERN NO.2741
PASS PATTERN NO.2742
PASS PATTERN NO.2743
PASS PATTERN NO.2744
PASS PATTERN NO.2745
PASS PATTERN NO.2746
PASS PATTERN NO.2747
PASS PATTERN NO.2748
PASS PATTERN NO.2749
PASS PATTERN NO.2750
PASS PATTERN NO.2751
PASS PATTERN NO.2752
PASS PATTERN NO.2753
PASS PATTERN NO.2754
PASS PATTERN NO.2755
PASS PATTERN NO.2756
PASS PATTERN NO.2757
PASS PATTERN NO.2758
PASS PATTERN NO.2759
PASS PATTERN NO.2760
PASS PATTERN NO.2761
PASS PATTERN NO.2762
PASS PATTERN NO.2763
PASS PATTERN NO.2764
PASS PATTERN NO.2765
PASS PATTERN NO.2766
PASS PATTERN NO.2767
PASS PATTERN NO.2768
PASS PATTERN NO.2769
PASS PATTERN NO.2770
PASS PATTERN NO.2771
PASS PATTERN NO.2772
PASS PATTERN NO.2773
PASS PATTERN NO.2774
PASS PATTERN NO.2775
PASS PATTERN NO.2776
PASS PATTERN NO.2777
PASS PATTERN NO.2778
PASS PATTERN NO.2779
PASS PATTERN NO.2780
PASS PATTERN NO.2781
PASS PATTERN NO.2782
PASS PATTERN NO.2783
PASS PATTERN NO.2784
PASS PATTERN NO.2785
PASS PATTERN NO.2786
PASS PATTERN NO.2787
PASS PATTERN NO.2788
PASS PATTERN NO.2789
PASS PATTERN NO.2790
PASS PATTERN NO.2791
PASS PATTERN NO.2792
PASS PATTERN NO.2793
PASS PATTERN NO.2794
PASS PATTERN NO.2795
PASS PATTERN NO.2796
PASS PATTERN NO.2797
PASS PATTERN NO.2798
PASS PATTERN NO.2799
PASS PATTERN NO.2800
PASS PATTERN NO.2801
PASS PATTERN NO.2802
PASS PATTERN NO.2803
PASS PATTERN NO.2804
PASS PATTERN NO.2805
PASS PATTERN NO.2806
PASS PATTERN NO.2807
PASS PATTERN NO.2808
PASS PATTERN NO.2809
PASS PATTERN NO.2810
PASS PATTERN NO.2811
PASS PATTERN NO.2812
PASS PATTERN NO.2813
PASS PATTERN NO.2814
PASS PATTERN NO.2815
PASS PATTERN NO.2816
PASS PATTERN NO.2817
PASS PATTERN NO.2818
PASS PATTERN NO.2819
PASS PATTERN NO.2820
PASS PATTERN NO.2821
PASS PATTERN NO.2822
PASS PATTERN NO.2823
PASS PATTERN NO.2824
PASS PATTERN NO.2825
PASS PATTERN NO.2826
PASS PATTERN NO.2827
PASS PATTERN NO.2828
PASS PATTERN NO.2829
PASS PATTERN NO.2830
PASS PATTERN NO.2831
PASS PATTERN NO.2832
PASS PATTERN NO.2833
PASS PATTERN NO.2834
PASS PATTERN NO.2835
PASS PATTERN NO.2836
PASS PATTERN NO.2837
PASS PATTERN NO.2838
PASS PATTERN NO.2839
PASS PATTERN NO.2840
PASS PATTERN NO.2841
PASS PATTERN NO.2842
PASS PATTERN NO.2843
PASS PATTERN NO.2844
PASS PATTERN NO.2845
PASS PATTERN NO.2846
PASS PATTERN NO.2847
PASS PATTERN NO.2848
PASS PATTERN NO.2849
PASS PATTERN NO.2850
PASS PATTERN NO.2851
PASS PATTERN NO.2852
PASS PATTERN NO.2853
PASS PATTERN NO.2854
PASS PATTERN NO.2855
PASS PATTERN NO.2856
PASS PATTERN NO.2857
PASS PATTERN NO.2858
PASS PATTERN NO.2859
PASS PATTERN NO.2860
PASS PATTERN NO.2861
PASS PATTERN NO.2862
PASS PATTERN NO.2863
PASS PATTERN NO.2864
PASS PATTERN NO.2865
PASS PATTERN NO.2866
PASS PATTERN NO.2867
PASS PATTERN NO.2868
PASS PATTERN NO.2869
PASS PATTERN NO.2870
PASS PATTERN NO.2871
PASS PATTERN NO.2872
PASS PATTERN NO.2873
PASS PATTERN NO.2874
PASS PATTERN NO.2875
PASS PATTERN NO.2876
PASS PATTERN NO.2877
PASS PATTERN NO.2878
PASS PATTERN NO.2879
PASS PATTERN NO.2880
PASS PATTERN NO.2881
PASS PATTERN NO.2882
PASS PATTERN NO.2883
PASS PATTERN NO.2884
PASS PATTERN NO.2885
PASS PATTERN NO.2886
PASS PATTERN NO.2887
PASS PATTERN NO.2888
PASS PATTERN NO.2889
PASS PATTERN NO.2890
PASS PATTERN NO.2891
PASS PATTERN NO.2892
PASS PATTERN NO.2893
PASS PATTERN NO.2894
PASS PATTERN NO.2895
PASS PATTERN NO.2896
PASS PATTERN NO.2897
PASS PATTERN NO.2898
PASS PATTERN NO.2899
PASS PATTERN NO.2900
PASS PATTERN NO.2901
PASS PATTERN NO.2902
PASS PATTERN NO.2903
PASS PATTERN NO.2904
PASS PATTERN NO.2905
PASS PATTERN NO.2906
PASS PATTERN NO.2907
PASS PATTERN NO.2908
PASS PATTERN NO.2909
PASS PATTERN NO.2910
PASS PATTERN NO.2911
PASS PATTERN NO.2912
PASS PATTERN NO.2913
PASS PATTERN NO.2914
PASS PATTERN NO.2915
PASS PATTERN NO.2916
PASS PATTERN NO.2917
PASS PATTERN NO.2918
PASS PATTERN NO.2919
PASS PATTERN NO.2920
PASS PATTERN NO.2921
PASS PATTERN NO.2922
PASS PATTERN NO.2923
PASS PATTERN NO.2924
PASS PATTERN NO.2925
PASS PATTERN NO.2926
PASS PATTERN NO.2927
PASS PATTERN NO.2928
PASS PATTERN NO.2929
PASS PATTERN NO.2930
PASS PATTERN NO.2931
PASS PATTERN NO.2932
PASS PATTERN NO.2933
PASS PATTERN NO.2934
PASS PATTERN NO.2935
PASS PATTERN NO.2936
PASS PATTERN NO.2937
PASS PATTERN NO.2938
PASS PATTERN NO.2939
PASS PATTERN NO.2940
PASS PATTERN NO.2941
PASS PATTERN NO.2942
PASS PATTERN NO.2943
PASS PATTERN NO.2944
PASS PATTERN NO.2945
PASS PATTERN NO.2946
PASS PATTERN NO.2947
PASS PATTERN NO.2948
PASS PATTERN NO.2949
PASS PATTERN NO.2950
PASS PATTERN NO.2951
PASS PATTERN NO.2952
PASS PATTERN NO.2953
PASS PATTERN NO.2954
PASS PATTERN NO.2955
PASS PATTERN NO.2956
PASS PATTERN NO.2957
PASS PATTERN NO.2958
PASS PATTERN NO.2959
PASS PATTERN NO.2960
PASS PATTERN NO.2961
PASS PATTERN NO.2962
PASS PATTERN NO.2963
PASS PATTERN NO.2964
PASS PATTERN NO.2965
PASS PATTERN NO.2966
PASS PATTERN NO.2967
PASS PATTERN NO.2968
PASS PATTERN NO.2969
PASS PATTERN NO.2970
PASS PATTERN NO.2971
PASS PATTERN NO.2972
PASS PATTERN NO.2973
PASS PATTERN NO.2974
PASS PATTERN NO.2975
PASS PATTERN NO.2976
PASS PATTERN NO.2977
PASS PATTERN NO.2978
PASS PATTERN NO.2979
PASS PATTERN NO.2980
PASS PATTERN NO.2981
PASS PATTERN NO.2982
PASS PATTERN NO.2983
PASS PATTERN NO.2984
PASS PATTERN NO.2985
PASS PATTERN NO.2986
PASS PATTERN NO.2987
PASS PATTERN NO.2988
PASS PATTERN NO.2989
PASS PATTERN NO.2990
PASS PATTERN NO.2991
PASS PATTERN NO.2992
PASS PATTERN NO.2993
PASS PATTERN NO.2994
PASS PATTERN NO.2995
PASS PATTERN NO.2996
PASS PATTERN NO.2997
PASS PATTERN NO.2998
PASS PATTERN NO.2999
PASS PATTERN NO.3000
PASS PATTERN NO.3001
PASS PATTERN NO.3002
PASS PATTERN NO.3003
PASS PATTERN NO.3004
PASS PATTERN NO.3005
PASS PATTERN NO.3006
PASS PATTERN NO.3007
PASS PATTERN NO.3008
PASS PATTERN NO.3009
PASS PATTERN NO.3010
PASS PATTERN NO.3011
PASS PATTERN NO.3012
PASS PATTERN NO.3013
PASS PATTERN NO.3014
PASS PATTERN NO.3015
PASS PATTERN NO.3016
PASS PATTERN NO.3017
PASS PATTERN NO.3018
PASS PATTERN NO.3019
PASS PATTERN NO.3020
PASS PATTERN NO.3021
PASS PATTERN NO.3022
PASS PATTERN NO.3023
PASS PATTERN NO.3024
PASS PATTERN NO.3025
PASS PATTERN NO.3026
PASS PATTERN NO.3027
PASS PATTERN NO.3028
PASS PATTERN NO.3029
PASS PATTERN NO.3030
PASS PATTERN NO.3031
PASS PATTERN NO.3032
PASS PATTERN NO.3033
PASS PATTERN NO.3034
PASS PATTERN NO.3035
PASS PATTERN NO.3036
PASS PATTERN NO.3037
PASS PATTERN NO.3038
PASS PATTERN NO.3039
PASS PATTERN NO.3040
PASS PATTERN NO.3041
PASS PATTERN NO.3042
PASS PATTERN NO.3043
PASS PATTERN NO.3044
PASS PATTERN NO.3045
PASS PATTERN NO.3046
PASS PATTERN NO.3047
PASS PATTERN NO.3048
PASS PATTERN NO.3049
PASS PATTERN NO.3050
PASS PATTERN NO.3051
PASS PATTERN NO.3052
PASS PATTERN NO.3053
PASS PATTERN NO.3054
PASS PATTERN NO.3055
PASS PATTERN NO.3056
PASS PATTERN NO.3057
PASS PATTERN NO.3058
PASS PATTERN NO.3059
PASS PATTERN NO.3060
PASS PATTERN NO.3061
PASS PATTERN NO.3062
PASS PATTERN NO.3063
PASS PATTERN NO.3064
PASS PATTERN NO.3065
PASS PATTERN NO.3066
PASS PATTERN NO.3067
PASS PATTERN NO.3068
PASS PATTERN NO.3069
PASS PATTERN NO.3070
PASS PATTERN NO.3071
PASS PATTERN NO.3072
PASS PATTERN NO.3073
PASS PATTERN NO.3074
PASS PATTERN NO.3075
PASS PATTERN NO.3076
PASS PATTERN NO.3077
PASS PATTERN NO.3078
PASS PATTERN NO.3079
PASS PATTERN NO.3080
PASS PATTERN NO.3081
PASS PATTERN NO.3082
PASS PATTERN NO.3083
PASS PATTERN NO.3084
PASS PATTERN NO.3085
PASS PATTERN NO.3086
PASS PATTERN NO.3087
PASS PATTERN NO.3088
PASS PATTERN NO.3089
PASS PATTERN NO.3090
PASS PATTERN NO.3091
PASS PATTERN NO.3092
PASS PATTERN NO.3093
PASS PATTERN NO.3094
PASS PATTERN NO.3095
PASS PATTERN NO.3096
PASS PATTERN NO.3097
PASS PATTERN NO.3098
PASS PATTERN NO.3099
PASS PATTERN NO.3100
PASS PATTERN NO.3101
PASS PATTERN NO.3102
PASS PATTERN NO.3103
PASS PATTERN NO.3104
PASS PATTERN NO.3105
PASS PATTERN NO.3106
PASS PATTERN NO.3107
PASS PATTERN NO.3108
PASS PATTERN NO.3109
PASS PATTERN NO.3110
PASS PATTERN NO.3111
PASS PATTERN NO.3112
PASS PATTERN NO.3113
PASS PATTERN NO.3114
PASS PATTERN NO.3115
PASS PATTERN NO.3116
PASS PATTERN NO.3117
PASS PATTERN NO.3118
PASS PATTERN NO.3119
PASS PATTERN NO.3120
PASS PATTERN NO.3121
PASS PATTERN NO.3122
PASS PATTERN NO.3123
PASS PATTERN NO.3124
PASS PATTERN NO.3125
PASS PATTERN NO.3126
PASS PATTERN NO.3127
PASS PATTERN NO.3128
PASS PATTERN NO.3129
PASS PATTERN NO.3130
PASS PATTERN NO.3131
PASS PATTERN NO.3132
PASS PATTERN NO.3133
PASS PATTERN NO.3134
PASS PATTERN NO.3135
PASS PATTERN NO.3136
PASS PATTERN NO.3137
PASS PATTERN NO.3138
PASS PATTERN NO.3139
PASS PATTERN NO.3140
PASS PATTERN NO.3141
PASS PATTERN NO.3142
PASS PATTERN NO.3143
PASS PATTERN NO.3144
PASS PATTERN NO.3145
PASS PATTERN NO.3146
PASS PATTERN NO.3147
PASS PATTERN NO.3148
PASS PATTERN NO.3149
PASS PATTERN NO.3150
PASS PATTERN NO.3151
PASS PATTERN NO.3152
PASS PATTERN NO.3153
PASS PATTERN NO.3154
PASS PATTERN NO.3155
PASS PATTERN NO.3156
PASS PATTERN NO.3157
PASS PATTERN NO.3158
PASS PATTERN NO.3159
PASS PATTERN NO.3160
PASS PATTERN NO.3161
PASS PATTERN NO.3162
PASS PATTERN NO.3163
PASS PATTERN NO.3164
PASS PATTERN NO.3165
PASS PATTERN NO.3166
PASS PATTERN NO.3167
PASS PATTERN NO.3168
PASS PATTERN NO.3169
PASS PATTERN NO.3170
PASS PATTERN NO.3171
PASS PATTERN NO.3172
PASS PATTERN NO.3173
PASS PATTERN NO.3174
PASS PATTERN NO.3175
PASS PATTERN NO.3176
PASS PATTERN NO.3177
PASS PATTERN NO.3178
PASS PATTERN NO.3179
PASS PATTERN NO.3180
PASS PATTERN NO.3181
PASS PATTERN NO.3182
PASS PATTERN NO.3183
PASS PATTERN NO.3184
PASS PATTERN NO.3185
PASS PATTERN NO.3186
PASS PATTERN NO.3187
PASS PATTERN NO.3188
PASS PATTERN NO.3189
PASS PATTERN NO.3190
PASS PATTERN NO.3191
PASS PATTERN NO.3192
PASS PATTERN NO.3193
PASS PATTERN NO.3194
PASS PATTERN NO.3195
PASS PATTERN NO.3196
PASS PATTERN NO.3197
PASS PATTERN NO.3198
PASS PATTERN NO.3199
PASS PATTERN NO.3200
PASS PATTERN NO.3201
PASS PATTERN NO.3202
PASS PATTERN NO.3203
PASS PATTERN NO.3204
PASS PATTERN NO.3205
PASS PATTERN NO.3206
PASS PATTERN NO.3207
PASS PATTERN NO.3208
PASS PATTERN NO.3209
PASS PATTERN NO.3210
PASS PATTERN NO.3211
PASS PATTERN NO.3212
PASS PATTERN NO.3213
PASS PATTERN NO.3214
PASS PATTERN NO.3215
PASS PATTERN NO.3216
PASS PATTERN NO.3217
PASS PATTERN NO.3218
PASS PATTERN NO.3219
PASS PATTERN NO.3220
PASS PATTERN NO.3221
PASS PATTERN NO.3222
PASS PATTERN NO.3223
PASS PATTERN NO.3224
PASS PATTERN NO.3225
PASS PATTERN NO.3226
PASS PATTERN NO.3227
PASS PATTERN NO.3228
PASS PATTERN NO.3229
PASS PATTERN NO.3230
PASS PATTERN NO.3231
PASS PATTERN NO.3232
PASS PATTERN NO.3233
PASS PATTERN NO.3234
PASS PATTERN NO.3235
PASS PATTERN NO.3236
PASS PATTERN NO.3237
PASS PATTERN NO.3238
PASS PATTERN NO.3239
PASS PATTERN NO.3240
PASS PATTERN NO.3241
PASS PATTERN NO.3242
PASS PATTERN NO.3243
PASS PATTERN NO.3244
PASS PATTERN NO.3245
PASS PATTERN NO.3246
PASS PATTERN NO.3247
PASS PATTERN NO.3248
PASS PATTERN NO.3249
PASS PATTERN NO.3250
PASS PATTERN NO.3251
PASS PATTERN NO.3252
PASS PATTERN NO.3253
PASS PATTERN NO.3254
PASS PATTERN NO.3255
PASS PATTERN NO.3256
PASS PATTERN NO.3257
PASS PATTERN NO.3258
PASS PATTERN NO.3259
PASS PATTERN NO.3260
PASS PATTERN NO.3261
PASS PATTERN NO.3262
PASS PATTERN NO.3263
PASS PATTERN NO.3264
PASS PATTERN NO.3265
PASS PATTERN NO.3266
PASS PATTERN NO.3267
PASS PATTERN NO.3268
PASS PATTERN NO.3269
PASS PATTERN NO.3270
PASS PATTERN NO.3271
PASS PATTERN NO.3272
PASS PATTERN NO.3273
PASS PATTERN NO.3274
PASS PATTERN NO.3275
PASS PATTERN NO.3276
PASS PATTERN NO.3277
PASS PATTERN NO.3278
PASS PATTERN NO.3279
PASS PATTERN NO.3280
PASS PATTERN NO.3281
PASS PATTERN NO.3282
PASS PATTERN NO.3283
PASS PATTERN NO.3284
PASS PATTERN NO.3285
PASS PATTERN NO.3286
PASS PATTERN NO.3287
PASS PATTERN NO.3288
PASS PATTERN NO.3289
PASS PATTERN NO.3290
PASS PATTERN NO.3291
PASS PATTERN NO.3292
PASS PATTERN NO.3293
PASS PATTERN NO.3294
PASS PATTERN NO.3295
PASS PATTERN NO.3296
PASS PATTERN NO.3297
PASS PATTERN NO.3298
PASS PATTERN NO.3299
PASS PATTERN NO.3300
PASS PATTERN NO.3301
PASS PATTERN NO.3302
PASS PATTERN NO.3303
PASS PATTERN NO.3304
PASS PATTERN NO.3305
PASS PATTERN NO.3306
PASS PATTERN NO.3307
PASS PATTERN NO.3308
PASS PATTERN NO.3309
PASS PATTERN NO.3310
PASS PATTERN NO.3311
PASS PATTERN NO.3312
PASS PATTERN NO.3313
PASS PATTERN NO.3314
PASS PATTERN NO.3315
PASS PATTERN NO.3316
PASS PATTERN NO.3317
PASS PATTERN NO.3318
PASS PATTERN NO.3319
PASS PATTERN NO.3320
PASS PATTERN NO.3321
PASS PATTERN NO.3322
PASS PATTERN NO.3323
PASS PATTERN NO.3324
PASS PATTERN NO.3325
PASS PATTERN NO.3326
PASS PATTERN NO.3327
PASS PATTERN NO.3328
PASS PATTERN NO.3329
PASS PATTERN NO.3330
PASS PATTERN NO.3331
PASS PATTERN NO.3332
PASS PATTERN NO.3333
PASS PATTERN NO.3334
PASS PATTERN NO.3335
PASS PATTERN NO.3336
PASS PATTERN NO.3337
PASS PATTERN NO.3338
PASS PATTERN NO.3339
PASS PATTERN NO.3340
PASS PATTERN NO.3341
PASS PATTERN NO.3342
PASS PATTERN NO.3343
PASS PATTERN NO.3344
PASS PATTERN NO.3345
PASS PATTERN NO.3346
PASS PATTERN NO.3347
PASS PATTERN NO.3348
PASS PATTERN NO.3349
PASS PATTERN NO.3350
PASS PATTERN NO.3351
PASS PATTERN NO.3352
PASS PATTERN NO.3353
PASS PATTERN NO.3354
PASS PATTERN NO.3355
PASS PATTERN NO.3356
PASS PATTERN NO.3357
PASS PATTERN NO.3358
PASS PATTERN NO.3359
PASS PATTERN NO.3360
PASS PATTERN NO.3361
PASS PATTERN NO.3362
PASS PATTERN NO.3363
PASS PATTERN NO.3364
PASS PATTERN NO.3365
PASS PATTERN NO.3366
PASS PATTERN NO.3367
PASS PATTERN NO.3368
PASS PATTERN NO.3369
PASS PATTERN NO.3370
PASS PATTERN NO.3371
PASS PATTERN NO.3372
PASS PATTERN NO.3373
PASS PATTERN NO.3374
PASS PATTERN NO.3375
PASS PATTERN NO.3376
PASS PATTERN NO.3377
PASS PATTERN NO.3378
PASS PATTERN NO.3379
PASS PATTERN NO.3380
PASS PATTERN NO.3381
PASS PATTERN NO.3382
PASS PATTERN NO.3383
PASS PATTERN NO.3384
PASS PATTERN NO.3385
PASS PATTERN NO.3386
PASS PATTERN NO.3387
PASS PATTERN NO.3388
PASS PATTERN NO.3389
PASS PATTERN NO.3390
PASS PATTERN NO.3391
PASS PATTERN NO.3392
PASS PATTERN NO.3393
PASS PATTERN NO.3394
PASS PATTERN NO.3395
PASS PATTERN NO.3396
PASS PATTERN NO.3397
PASS PATTERN NO.3398
PASS PATTERN NO.3399
PASS PATTERN NO.3400
PASS PATTERN NO.3401
PASS PATTERN NO.3402
PASS PATTERN NO.3403
PASS PATTERN NO.3404
PASS PATTERN NO.3405
PASS PATTERN NO.3406
PASS PATTERN NO.3407
PASS PATTERN NO.3408
PASS PATTERN NO.3409
PASS PATTERN NO.3410
PASS PATTERN NO.3411
PASS PATTERN NO.3412
PASS PATTERN NO.3413
PASS PATTERN NO.3414
PASS PATTERN NO.3415
PASS PATTERN NO.3416
PASS PATTERN NO.3417
PASS PATTERN NO.3418
PASS PATTERN NO.3419
PASS PATTERN NO.3420
PASS PATTERN NO.3421
PASS PATTERN NO.3422
PASS PATTERN NO.3423
PASS PATTERN NO.3424
PASS PATTERN NO.3425
PASS PATTERN NO.3426
PASS PATTERN NO.3427
PASS PATTERN NO.3428
PASS PATTERN NO.3429
PASS PATTERN NO.3430
PASS PATTERN NO.3431
PASS PATTERN NO.3432
PASS PATTERN NO.3433
PASS PATTERN NO.3434
PASS PATTERN NO.3435
PASS PATTERN NO.3436
PASS PATTERN NO.3437
PASS PATTERN NO.3438
PASS PATTERN NO.3439
PASS PATTERN NO.3440
PASS PATTERN NO.3441
PASS PATTERN NO.3442
PASS PATTERN NO.3443
PASS PATTERN NO.3444
PASS PATTERN NO.3445
PASS PATTERN NO.3446
PASS PATTERN NO.3447
PASS PATTERN NO.3448
PASS PATTERN NO.3449
PASS PATTERN NO.3450
PASS PATTERN NO.3451
PASS PATTERN NO.3452
PASS PATTERN NO.3453
PASS PATTERN NO.3454
PASS PATTERN NO.3455
PASS PATTERN NO.3456
PASS PATTERN NO.3457
PASS PATTERN NO.3458
PASS PATTERN NO.3459
PASS PATTERN NO.3460
PASS PATTERN NO.3461
PASS PATTERN NO.3462
PASS PATTERN NO.3463
PASS PATTERN NO.3464
PASS PATTERN NO.3465
PASS PATTERN NO.3466
PASS PATTERN NO.3467
PASS PATTERN NO.3468
PASS PATTERN NO.3469
PASS PATTERN NO.3470
PASS PATTERN NO.3471
PASS PATTERN NO.3472
PASS PATTERN NO.3473
PASS PATTERN NO.3474
PASS PATTERN NO.3475
PASS PATTERN NO.3476
PASS PATTERN NO.3477
PASS PATTERN NO.3478
PASS PATTERN NO.3479
PASS PATTERN NO.3480
PASS PATTERN NO.3481
PASS PATTERN NO.3482
PASS PATTERN NO.3483
PASS PATTERN NO.3484
PASS PATTERN NO.3485
PASS PATTERN NO.3486
PASS PATTERN NO.3487
PASS PATTERN NO.3488
PASS PATTERN NO.3489
PASS PATTERN NO.3490
PASS PATTERN NO.3491
PASS PATTERN NO.3492
PASS PATTERN NO.3493
PASS PATTERN NO.3494
PASS PATTERN NO.3495
PASS PATTERN NO.3496
PASS PATTERN NO.3497
PASS PATTERN NO.3498
PASS PATTERN NO.3499
PASS PATTERN NO.3500
PASS PATTERN NO.3501
PASS PATTERN NO.3502
PASS PATTERN NO.3503
PASS PATTERN NO.3504
PASS PATTERN NO.3505
PASS PATTERN NO.3506
PASS PATTERN NO.3507
PASS PATTERN NO.3508
PASS PATTERN NO.3509
PASS PATTERN NO.3510
PASS PATTERN NO.3511
PASS PATTERN NO.3512
PASS PATTERN NO.3513
PASS PATTERN NO.3514
PASS PATTERN NO.3515
PASS PATTERN NO.3516
PASS PATTERN NO.3517
PASS PATTERN NO.3518
PASS PATTERN NO.3519
PASS PATTERN NO.3520
PASS PATTERN NO.3521
PASS PATTERN NO.3522
PASS PATTERN NO.3523
PASS PATTERN NO.3524
PASS PATTERN NO.3525
PASS PATTERN NO.3526
PASS PATTERN NO.3527
PASS PATTERN NO.3528
PASS PATTERN NO.3529
PASS PATTERN NO.3530
PASS PATTERN NO.3531
PASS PATTERN NO.3532
PASS PATTERN NO.3533
PASS PATTERN NO.3534
PASS PATTERN NO.3535
PASS PATTERN NO.3536
PASS PATTERN NO.3537
PASS PATTERN NO.3538
PASS PATTERN NO.3539
PASS PATTERN NO.3540
PASS PATTERN NO.3541
PASS PATTERN NO.3542
PASS PATTERN NO.3543
PASS PATTERN NO.3544
PASS PATTERN NO.3545
PASS PATTERN NO.3546
PASS PATTERN NO.3547
PASS PATTERN NO.3548
PASS PATTERN NO.3549
PASS PATTERN NO.3550
PASS PATTERN NO.3551
PASS PATTERN NO.3552
PASS PATTERN NO.3553
PASS PATTERN NO.3554
PASS PATTERN NO.3555
PASS PATTERN NO.3556
PASS PATTERN NO.3557
PASS PATTERN NO.3558
PASS PATTERN NO.3559
PASS PATTERN NO.3560
PASS PATTERN NO.3561
PASS PATTERN NO.3562
PASS PATTERN NO.3563
PASS PATTERN NO.3564
PASS PATTERN NO.3565
PASS PATTERN NO.3566
PASS PATTERN NO.3567
PASS PATTERN NO.3568
PASS PATTERN NO.3569
PASS PATTERN NO.3570
PASS PATTERN NO.3571
PASS PATTERN NO.3572
PASS PATTERN NO.3573
PASS PATTERN NO.3574
PASS PATTERN NO.3575
PASS PATTERN NO.3576
PASS PATTERN NO.3577
PASS PATTERN NO.3578
PASS PATTERN NO.3579
PASS PATTERN NO.3580
PASS PATTERN NO.3581
PASS PATTERN NO.3582
PASS PATTERN NO.3583
PASS PATTERN NO.3584
PASS PATTERN NO.3585
PASS PATTERN NO.3586
PASS PATTERN NO.3587
PASS PATTERN NO.3588
PASS PATTERN NO.3589
PASS PATTERN NO.3590
PASS PATTERN NO.3591
PASS PATTERN NO.3592
PASS PATTERN NO.3593
PASS PATTERN NO.3594
PASS PATTERN NO.3595
PASS PATTERN NO.3596
PASS PATTERN NO.3597
PASS PATTERN NO.3598
PASS PATTERN NO.3599
PASS PATTERN NO.3600
PASS PATTERN NO.3601
PASS PATTERN NO.3602
PASS PATTERN NO.3603
PASS PATTERN NO.3604
PASS PATTERN NO.3605
PASS PATTERN NO.3606
PASS PATTERN NO.3607
PASS PATTERN NO.3608
PASS PATTERN NO.3609
PASS PATTERN NO.3610
PASS PATTERN NO.3611
PASS PATTERN NO.3612
PASS PATTERN NO.3613
PASS PATTERN NO.3614
PASS PATTERN NO.3615
PASS PATTERN NO.3616
PASS PATTERN NO.3617
PASS PATTERN NO.3618
PASS PATTERN NO.3619
PASS PATTERN NO.3620
PASS PATTERN NO.3621
PASS PATTERN NO.3622
PASS PATTERN NO.3623
PASS PATTERN NO.3624
PASS PATTERN NO.3625
PASS PATTERN NO.3626
PASS PATTERN NO.3627
PASS PATTERN NO.3628
PASS PATTERN NO.3629
PASS PATTERN NO.3630
PASS PATTERN NO.3631
PASS PATTERN NO.3632
PASS PATTERN NO.3633
PASS PATTERN NO.3634
PASS PATTERN NO.3635
PASS PATTERN NO.3636
PASS PATTERN NO.3637
PASS PATTERN NO.3638
PASS PATTERN NO.3639
PASS PATTERN NO.3640
PASS PATTERN NO.3641
PASS PATTERN NO.3642
PASS PATTERN NO.3643
PASS PATTERN NO.3644
PASS PATTERN NO.3645
PASS PATTERN NO.3646
PASS PATTERN NO.3647
PASS PATTERN NO.3648
PASS PATTERN NO.3649
PASS PATTERN NO.3650
PASS PATTERN NO.3651
PASS PATTERN NO.3652
PASS PATTERN NO.3653
PASS PATTERN NO.3654
PASS PATTERN NO.3655
PASS PATTERN NO.3656
PASS PATTERN NO.3657
PASS PATTERN NO.3658
PASS PATTERN NO.3659
PASS PATTERN NO.3660
PASS PATTERN NO.3661
PASS PATTERN NO.3662
PASS PATTERN NO.3663
PASS PATTERN NO.3664
PASS PATTERN NO.3665
PASS PATTERN NO.3666
PASS PATTERN NO.3667
PASS PATTERN NO.3668
PASS PATTERN NO.3669
PASS PATTERN NO.3670
PASS PATTERN NO.3671
PASS PATTERN NO.3672
PASS PATTERN NO.3673
PASS PATTERN NO.3674
PASS PATTERN NO.3675
PASS PATTERN NO.3676
PASS PATTERN NO.3677
PASS PATTERN NO.3678
PASS PATTERN NO.3679
PASS PATTERN NO.3680
PASS PATTERN NO.3681
PASS PATTERN NO.3682
PASS PATTERN NO.3683
PASS PATTERN NO.3684
PASS PATTERN NO.3685
PASS PATTERN NO.3686
PASS PATTERN NO.3687
PASS PATTERN NO.3688
PASS PATTERN NO.3689
PASS PATTERN NO.3690
PASS PATTERN NO.3691
PASS PATTERN NO.3692
PASS PATTERN NO.3693
PASS PATTERN NO.3694
PASS PATTERN NO.3695
PASS PATTERN NO.3696
PASS PATTERN NO.3697
PASS PATTERN NO.3698
PASS PATTERN NO.3699
PASS PATTERN NO.3700
PASS PATTERN NO.3701
PASS PATTERN NO.3702
PASS PATTERN NO.3703
PASS PATTERN NO.3704
PASS PATTERN NO.3705
PASS PATTERN NO.3706
PASS PATTERN NO.3707
PASS PATTERN NO.3708
PASS PATTERN NO.3709
PASS PATTERN NO.3710
PASS PATTERN NO.3711
PASS PATTERN NO.3712
PASS PATTERN NO.3713
PASS PATTERN NO.3714
PASS PATTERN NO.3715
PASS PATTERN NO.3716
PASS PATTERN NO.3717
PASS PATTERN NO.3718
PASS PATTERN NO.3719
PASS PATTERN NO.3720
PASS PATTERN NO.3721
PASS PATTERN NO.3722
PASS PATTERN NO.3723
PASS PATTERN NO.3724
PASS PATTERN NO.3725
PASS PATTERN NO.3726
PASS PATTERN NO.3727
PASS PATTERN NO.3728
PASS PATTERN NO.3729
PASS PATTERN NO.3730
PASS PATTERN NO.3731
PASS PATTERN NO.3732
PASS PATTERN NO.3733
PASS PATTERN NO.3734
PASS PATTERN NO.3735
PASS PATTERN NO.3736
PASS PATTERN NO.3737
PASS PATTERN NO.3738
PASS PATTERN NO.3739
PASS PATTERN NO.3740
PASS PATTERN NO.3741
PASS PATTERN NO.3742
PASS PATTERN NO.3743
PASS PATTERN NO.3744
PASS PATTERN NO.3745
PASS PATTERN NO.3746
PASS PATTERN NO.3747
PASS PATTERN NO.3748
PASS PATTERN NO.3749
PASS PATTERN NO.3750
PASS PATTERN NO.3751
PASS PATTERN NO.3752
PASS PATTERN NO.3753
PASS PATTERN NO.3754
PASS PATTERN NO.3755
PASS PATTERN NO.3756
PASS PATTERN NO.3757
PASS PATTERN NO.3758
PASS PATTERN NO.3759
PASS PATTERN NO.3760
PASS PATTERN NO.3761
PASS PATTERN NO.3762
PASS PATTERN NO.3763
PASS PATTERN NO.3764
PASS PATTERN NO.3765
PASS PATTERN NO.3766
PASS PATTERN NO.3767
PASS PATTERN NO.3768
PASS PATTERN NO.3769
PASS PATTERN NO.3770
PASS PATTERN NO.3771
PASS PATTERN NO.3772
PASS PATTERN NO.3773
PASS PATTERN NO.3774
PASS PATTERN NO.3775
PASS PATTERN NO.3776
PASS PATTERN NO.3777
PASS PATTERN NO.3778
PASS PATTERN NO.3779
PASS PATTERN NO.3780
PASS PATTERN NO.3781
PASS PATTERN NO.3782
PASS PATTERN NO.3783
PASS PATTERN NO.3784
PASS PATTERN NO.3785
PASS PATTERN NO.3786
PASS PATTERN NO.3787
PASS PATTERN NO.3788
PASS PATTERN NO.3789
PASS PATTERN NO.3790
PASS PATTERN NO.3791
PASS PATTERN NO.3792
PASS PATTERN NO.3793
PASS PATTERN NO.3794
PASS PATTERN NO.3795
PASS PATTERN NO.3796
PASS PATTERN NO.3797
PASS PATTERN NO.3798
PASS PATTERN NO.3799
PASS PATTERN NO.3800
PASS PATTERN NO.3801
PASS PATTERN NO.3802
PASS PATTERN NO.3803
PASS PATTERN NO.3804
PASS PATTERN NO.3805
PASS PATTERN NO.3806
PASS PATTERN NO.3807
PASS PATTERN NO.3808
PASS PATTERN NO.3809
PASS PATTERN NO.3810
PASS PATTERN NO.3811
PASS PATTERN NO.3812
PASS PATTERN NO.3813
PASS PATTERN NO.3814
PASS PATTERN NO.3815
PASS PATTERN NO.3816
PASS PATTERN NO.3817
PASS PATTERN NO.3818
PASS PATTERN NO.3819
PASS PATTERN NO.3820
PASS PATTERN NO.3821
PASS PATTERN NO.3822
PASS PATTERN NO.3823
PASS PATTERN NO.3824
PASS PATTERN NO.3825
PASS PATTERN NO.3826
PASS PATTERN NO.3827
PASS PATTERN NO.3828
PASS PATTERN NO.3829
PASS PATTERN NO.3830
PASS PATTERN NO.3831
PASS PATTERN NO.3832
PASS PATTERN NO.3833
PASS PATTERN NO.3834
PASS PATTERN NO.3835
PASS PATTERN NO.3836
PASS PATTERN NO.3837
PASS PATTERN NO.3838
PASS PATTERN NO.3839
PASS PATTERN NO.3840
PASS PATTERN NO.3841
PASS PATTERN NO.3842
PASS PATTERN NO.3843
PASS PATTERN NO.3844
PASS PATTERN NO.3845
PASS PATTERN NO.3846
PASS PATTERN NO.3847
PASS PATTERN NO.3848
PASS PATTERN NO.3849
PASS PATTERN NO.3850
PASS PATTERN NO.3851
PASS PATTERN NO.3852
PASS PATTERN NO.3853
PASS PATTERN NO.3854
PASS PATTERN NO.3855
PASS PATTERN NO.3856
PASS PATTERN NO.3857
PASS PATTERN NO.3858
PASS PATTERN NO.3859
PASS PATTERN NO.3860
PASS PATTERN NO.3861
PASS PATTERN NO.3862
PASS PATTERN NO.3863
PASS PATTERN NO.3864
PASS PATTERN NO.3865
PASS PATTERN NO.3866
PASS PATTERN NO.3867
PASS PATTERN NO.3868
PASS PATTERN NO.3869
PASS PATTERN NO.3870
PASS PATTERN NO.3871
PASS PATTERN NO.3872
PASS PATTERN NO.3873
PASS PATTERN NO.3874
PASS PATTERN NO.3875
PASS PATTERN NO.3876
PASS PATTERN NO.3877
PASS PATTERN NO.3878
PASS PATTERN NO.3879
PASS PATTERN NO.3880
PASS PATTERN NO.3881
PASS PATTERN NO.3882
PASS PATTERN NO.3883
PASS PATTERN NO.3884
PASS PATTERN NO.3885
PASS PATTERN NO.3886
PASS PATTERN NO.3887
PASS PATTERN NO.3888
PASS PATTERN NO.3889
PASS PATTERN NO.3890
PASS PATTERN NO.3891
PASS PATTERN NO.3892
PASS PATTERN NO.3893
PASS PATTERN NO.3894
PASS PATTERN NO.3895
PASS PATTERN NO.3896
PASS PATTERN NO.3897
PASS PATTERN NO.3898
PASS PATTERN NO.3899
PASS PATTERN NO.3900
PASS PATTERN NO.3901
PASS PATTERN NO.3902
PASS PATTERN NO.3903
PASS PATTERN NO.3904
PASS PATTERN NO.3905
PASS PATTERN NO.3906
PASS PATTERN NO.3907
PASS PATTERN NO.3908
PASS PATTERN NO.3909
PASS PATTERN NO.3910
PASS PATTERN NO.3911
PASS PATTERN NO.3912
PASS PATTERN NO.3913
PASS PATTERN NO.3914
PASS PATTERN NO.3915
PASS PATTERN NO.3916
PASS PATTERN NO.3917
PASS PATTERN NO.3918
PASS PATTERN NO.3919
PASS PATTERN NO.3920
PASS PATTERN NO.3921
PASS PATTERN NO.3922
PASS PATTERN NO.3923
PASS PATTERN NO.3924
PASS PATTERN NO.3925
PASS PATTERN NO.3926
PASS PATTERN NO.3927
PASS PATTERN NO.3928
PASS PATTERN NO.3929
PASS PATTERN NO.3930
PASS PATTERN NO.3931
PASS PATTERN NO.3932
PASS PATTERN NO.3933
PASS PATTERN NO.3934
PASS PATTERN NO.3935
PASS PATTERN NO.3936
PASS PATTERN NO.3937
PASS PATTERN NO.3938
PASS PATTERN NO.3939
PASS PATTERN NO.3940
PASS PATTERN NO.3941
PASS PATTERN NO.3942
PASS PATTERN NO.3943
PASS PATTERN NO.3944
PASS PATTERN NO.3945
PASS PATTERN NO.3946
PASS PATTERN NO.3947
PASS PATTERN NO.3948
PASS PATTERN NO.3949
PASS PATTERN NO.3950
PASS PATTERN NO.3951
PASS PATTERN NO.3952
PASS PATTERN NO.3953
PASS PATTERN NO.3954
PASS PATTERN NO.3955
PASS PATTERN NO.3956
PASS PATTERN NO.3957
PASS PATTERN NO.3958
PASS PATTERN NO.3959
PASS PATTERN NO.3960
PASS PATTERN NO.3961
PASS PATTERN NO.3962
PASS PATTERN NO.3963
PASS PATTERN NO.3964
PASS PATTERN NO.3965
PASS PATTERN NO.3966
PASS PATTERN NO.3967
PASS PATTERN NO.3968
PASS PATTERN NO.3969
PASS PATTERN NO.3970
PASS PATTERN NO.3971
PASS PATTERN NO.3972
PASS PATTERN NO.3973
PASS PATTERN NO.3974
PASS PATTERN NO.3975
PASS PATTERN NO.3976
PASS PATTERN NO.3977
PASS PATTERN NO.3978
PASS PATTERN NO.3979
PASS PATTERN NO.3980
PASS PATTERN NO.3981
PASS PATTERN NO.3982
PASS PATTERN NO.3983
PASS PATTERN NO.3984
PASS PATTERN NO.3985
PASS PATTERN NO.3986
PASS PATTERN NO.3987
PASS PATTERN NO.3988
PASS PATTERN NO.3989
PASS PATTERN NO.3990
PASS PATTERN NO.3991
PASS PATTERN NO.3992
PASS PATTERN NO.3993
PASS PATTERN NO.3994
PASS PATTERN NO.3995
PASS PATTERN NO.3996
PASS PATTERN NO.3997
PASS PATTERN NO.3998
PASS PATTERN NO.3999
PASS PATTERN NO.4000
PASS PATTERN NO.4001
PASS PATTERN NO.4002
PASS PATTERN NO.4003
PASS PATTERN NO.4004
PASS PATTERN NO.4005
PASS PATTERN NO.4006
PASS PATTERN NO.4007
PASS PATTERN NO.4008
PASS PATTERN NO.4009
PASS PATTERN NO.4010
PASS PATTERN NO.4011
PASS PATTERN NO.4012
PASS PATTERN NO.4013
PASS PATTERN NO.4014
PASS PATTERN NO.4015
PASS PATTERN NO.4016
PASS PATTERN NO.4017
PASS PATTERN NO.4018
PASS PATTERN NO.4019
PASS PATTERN NO.4020
PASS PATTERN NO.4021
PASS PATTERN NO.4022
PASS PATTERN NO.4023
PASS PATTERN NO.4024
PASS PATTERN NO.4025
PASS PATTERN NO.4026
PASS PATTERN NO.4027
PASS PATTERN NO.4028
PASS PATTERN NO.4029
PASS PATTERN NO.4030
PASS PATTERN NO.4031
PASS PATTERN NO.4032
PASS PATTERN NO.4033
PASS PATTERN NO.4034
PASS PATTERN NO.4035
PASS PATTERN NO.4036
PASS PATTERN NO.4037
PASS PATTERN NO.4038
PASS PATTERN NO.4039
PASS PATTERN NO.4040
PASS PATTERN NO.4041
PASS PATTERN NO.4042
PASS PATTERN NO.4043
PASS PATTERN NO.4044
PASS PATTERN NO.4045
PASS PATTERN NO.4046
PASS PATTERN NO.4047
PASS PATTERN NO.4048
PASS PATTERN NO.4049
PASS PATTERN NO.4050
PASS PATTERN NO.4051
PASS PATTERN NO.4052
PASS PATTERN NO.4053
PASS PATTERN NO.4054
PASS PATTERN NO.4055
PASS PATTERN NO.4056
PASS PATTERN NO.4057
PASS PATTERN NO.4058
PASS PATTERN NO.4059
PASS PATTERN NO.4060
PASS PATTERN NO.4061
PASS PATTERN NO.4062
PASS PATTERN NO.4063
PASS PATTERN NO.4064
PASS PATTERN NO.4065
PASS PATTERN NO.4066
PASS PATTERN NO.4067
PASS PATTERN NO.4068
PASS PATTERN NO.4069
PASS PATTERN NO.4070
PASS PATTERN NO.4071
PASS PATTERN NO.4072
PASS PATTERN NO.4073
PASS PATTERN NO.4074
PASS PATTERN NO.4075
PASS PATTERN NO.4076
PASS PATTERN NO.4077
PASS PATTERN NO.4078
PASS PATTERN NO.4079
PASS PATTERN NO.4080
PASS PATTERN NO.4081
PASS PATTERN NO.4082
PASS PATTERN NO.4083
PASS PATTERN NO.4084
PASS PATTERN NO.4085
PASS PATTERN NO.4086
PASS PATTERN NO.4087
PASS PATTERN NO.4088
PASS PATTERN NO.4089
PASS PATTERN NO.4090
PASS PATTERN NO.4091
PASS PATTERN NO.4092
PASS PATTERN NO.4093
PASS PATTERN NO.4094
PASS PATTERN NO.4095
PASS PATTERN NO.4096
PASS PATTERN NO.4097
PASS PATTERN NO.4098
PASS PATTERN NO.4099
PASS PATTERN NO.4100
PASS PATTERN NO.4101
PASS PATTERN NO.4102
PASS PATTERN NO.4103
PASS PATTERN NO.4104
PASS PATTERN NO.4105
PASS PATTERN NO.4106
PASS PATTERN NO.4107
PASS PATTERN NO.4108
PASS PATTERN NO.4109
PASS PATTERN NO.4110
PASS PATTERN NO.4111
PASS PATTERN NO.4112
PASS PATTERN NO.4113
PASS PATTERN NO.4114
PASS PATTERN NO.4115
PASS PATTERN NO.4116
PASS PATTERN NO.4117
PASS PATTERN NO.4118
PASS PATTERN NO.4119
PASS PATTERN NO.4120
PASS PATTERN NO.4121
PASS PATTERN NO.4122
PASS PATTERN NO.4123
PASS PATTERN NO.4124
PASS PATTERN NO.4125
PASS PATTERN NO.4126
PASS PATTERN NO.4127
PASS PATTERN NO.4128
PASS PATTERN NO.4129
PASS PATTERN NO.4130
PASS PATTERN NO.4131
PASS PATTERN NO.4132
PASS PATTERN NO.4133
PASS PATTERN NO.4134
PASS PATTERN NO.4135
PASS PATTERN NO.4136
PASS PATTERN NO.4137
PASS PATTERN NO.4138
PASS PATTERN NO.4139
PASS PATTERN NO.4140
PASS PATTERN NO.4141
PASS PATTERN NO.4142
PASS PATTERN NO.4143
PASS PATTERN NO.4144
PASS PATTERN NO.4145
PASS PATTERN NO.4146
PASS PATTERN NO.4147
PASS PATTERN NO.4148
PASS PATTERN NO.4149
PASS PATTERN NO.4150
PASS PATTERN NO.4151
PASS PATTERN NO.4152
PASS PATTERN NO.4153
PASS PATTERN NO.4154
PASS PATTERN NO.4155
PASS PATTERN NO.4156
PASS PATTERN NO.4157
PASS PATTERN NO.4158
PASS PATTERN NO.4159
PASS PATTERN NO.4160
PASS PATTERN NO.4161
PASS PATTERN NO.4162
PASS PATTERN NO.4163
PASS PATTERN NO.4164
PASS PATTERN NO.4165
PASS PATTERN NO.4166
PASS PATTERN NO.4167
PASS PATTERN NO.4168
PASS PATTERN NO.4169
PASS PATTERN NO.4170
PASS PATTERN NO.4171
PASS PATTERN NO.4172
PASS PATTERN NO.4173
PASS PATTERN NO.4174
PASS PATTERN NO.4175
PASS PATTERN NO.4176
PASS PATTERN NO.4177
PASS PATTERN NO.4178
PASS PATTERN NO.4179
PASS PATTERN NO.4180
PASS PATTERN NO.4181
PASS PATTERN NO.4182
PASS PATTERN NO.4183
PASS PATTERN NO.4184
PASS PATTERN NO.4185
PASS PATTERN NO.4186
PASS PATTERN NO.4187
PASS PATTERN NO.4188
PASS PATTERN NO.4189
PASS PATTERN NO.4190
PASS PATTERN NO.4191
PASS PATTERN NO.4192
PASS PATTERN NO.4193
PASS PATTERN NO.4194
PASS PATTERN NO.4195
PASS PATTERN NO.4196
PASS PATTERN NO.4197
PASS PATTERN NO.4198
PASS PATTERN NO.4199
PASS PATTERN NO.4200
PASS PATTERN NO.4201
PASS PATTERN NO.4202
PASS PATTERN NO.4203
PASS PATTERN NO.4204
PASS PATTERN NO.4205
PASS PATTERN NO.4206
PASS PATTERN NO.4207
PASS PATTERN NO.4208
PASS PATTERN NO.4209
PASS PATTERN NO.4210
PASS PATTERN NO.4211
PASS PATTERN NO.4212
PASS PATTERN NO.4213
PASS PATTERN NO.4214
PASS PATTERN NO.4215
PASS PATTERN NO.4216
PASS PATTERN NO.4217
PASS PATTERN NO.4218
PASS PATTERN NO.4219
PASS PATTERN NO.4220
PASS PATTERN NO.4221
PASS PATTERN NO.4222
PASS PATTERN NO.4223
PASS PATTERN NO.4224
PASS PATTERN NO.4225
PASS PATTERN NO.4226
PASS PATTERN NO.4227
PASS PATTERN NO.4228
PASS PATTERN NO.4229
PASS PATTERN NO.4230
PASS PATTERN NO.4231
PASS PATTERN NO.4232
PASS PATTERN NO.4233
PASS PATTERN NO.4234
PASS PATTERN NO.4235
PASS PATTERN NO.4236
PASS PATTERN NO.4237
PASS PATTERN NO.4238
PASS PATTERN NO.4239
PASS PATTERN NO.4240
PASS PATTERN NO.4241
PASS PATTERN NO.4242
PASS PATTERN NO.4243
PASS PATTERN NO.4244
PASS PATTERN NO.4245
PASS PATTERN NO.4246
PASS PATTERN NO.4247
PASS PATTERN NO.4248
PASS PATTERN NO.4249
PASS PATTERN NO.4250
PASS PATTERN NO.4251
PASS PATTERN NO.4252
PASS PATTERN NO.4253
PASS PATTERN NO.4254
PASS PATTERN NO.4255
PASS PATTERN NO.4256
PASS PATTERN NO.4257
PASS PATTERN NO.4258
PASS PATTERN NO.4259
PASS PATTERN NO.4260
PASS PATTERN NO.4261
PASS PATTERN NO.4262
PASS PATTERN NO.4263
PASS PATTERN NO.4264
PASS PATTERN NO.4265
PASS PATTERN NO.4266
PASS PATTERN NO.4267
PASS PATTERN NO.4268
PASS PATTERN NO.4269
PASS PATTERN NO.4270
PASS PATTERN NO.4271
PASS PATTERN NO.4272
PASS PATTERN NO.4273
PASS PATTERN NO.4274
PASS PATTERN NO.4275
PASS PATTERN NO.4276
PASS PATTERN NO.4277
PASS PATTERN NO.4278
PASS PATTERN NO.4279
PASS PATTERN NO.4280
PASS PATTERN NO.4281
PASS PATTERN NO.4282
PASS PATTERN NO.4283
PASS PATTERN NO.4284
PASS PATTERN NO.4285
PASS PATTERN NO.4286
PASS PATTERN NO.4287
PASS PATTERN NO.4288
PASS PATTERN NO.4289
PASS PATTERN NO.4290
PASS PATTERN NO.4291
PASS PATTERN NO.4292
PASS PATTERN NO.4293
PASS PATTERN NO.4294
PASS PATTERN NO.4295
PASS PATTERN NO.4296
PASS PATTERN NO.4297
PASS PATTERN NO.4298
PASS PATTERN NO.4299
PASS PATTERN NO.4300
PASS PATTERN NO.4301
PASS PATTERN NO.4302
PASS PATTERN NO.4303
PASS PATTERN NO.4304
PASS PATTERN NO.4305
PASS PATTERN NO.4306
PASS PATTERN NO.4307
PASS PATTERN NO.4308
PASS PATTERN NO.4309
PASS PATTERN NO.4310
PASS PATTERN NO.4311
PASS PATTERN NO.4312
PASS PATTERN NO.4313
PASS PATTERN NO.4314
PASS PATTERN NO.4315
PASS PATTERN NO.4316
PASS PATTERN NO.4317
PASS PATTERN NO.4318
PASS PATTERN NO.4319
PASS PATTERN NO.4320
PASS PATTERN NO.4321
PASS PATTERN NO.4322
PASS PATTERN NO.4323
PASS PATTERN NO.4324
PASS PATTERN NO.4325
PASS PATTERN NO.4326
PASS PATTERN NO.4327
PASS PATTERN NO.4328
PASS PATTERN NO.4329
PASS PATTERN NO.4330
PASS PATTERN NO.4331
PASS PATTERN NO.4332
PASS PATTERN NO.4333
PASS PATTERN NO.4334
PASS PATTERN NO.4335
PASS PATTERN NO.4336
PASS PATTERN NO.4337
PASS PATTERN NO.4338
PASS PATTERN NO.4339
PASS PATTERN NO.4340
PASS PATTERN NO.4341
PASS PATTERN NO.4342
PASS PATTERN NO.4343
PASS PATTERN NO.4344
PASS PATTERN NO.4345
PASS PATTERN NO.4346
PASS PATTERN NO.4347
PASS PATTERN NO.4348
PASS PATTERN NO.4349
PASS PATTERN NO.4350
PASS PATTERN NO.4351
PASS PATTERN NO.4352
PASS PATTERN NO.4353
PASS PATTERN NO.4354
PASS PATTERN NO.4355
PASS PATTERN NO.4356
PASS PATTERN NO.4357
PASS PATTERN NO.4358
PASS PATTERN NO.4359
PASS PATTERN NO.4360
PASS PATTERN NO.4361
PASS PATTERN NO.4362
PASS PATTERN NO.4363
PASS PATTERN NO.4364
PASS PATTERN NO.4365
PASS PATTERN NO.4366
PASS PATTERN NO.4367
PASS PATTERN NO.4368
PASS PATTERN NO.4369
PASS PATTERN NO.4370
PASS PATTERN NO.4371
PASS PATTERN NO.4372
PASS PATTERN NO.4373
PASS PATTERN NO.4374
PASS PATTERN NO.4375
PASS PATTERN NO.4376
PASS PATTERN NO.4377
PASS PATTERN NO.4378
PASS PATTERN NO.4379
PASS PATTERN NO.4380
PASS PATTERN NO.4381
PASS PATTERN NO.4382
PASS PATTERN NO.4383
PASS PATTERN NO.4384
PASS PATTERN NO.4385
PASS PATTERN NO.4386
PASS PATTERN NO.4387
PASS PATTERN NO.4388
PASS PATTERN NO.4389
PASS PATTERN NO.4390
PASS PATTERN NO.4391
PASS PATTERN NO.4392
PASS PATTERN NO.4393
PASS PATTERN NO.4394
PASS PATTERN NO.4395
PASS PATTERN NO.4396
PASS PATTERN NO.4397
PASS PATTERN NO.4398
PASS PATTERN NO.4399
PASS PATTERN NO.4400
PASS PATTERN NO.4401
PASS PATTERN NO.4402
PASS PATTERN NO.4403
PASS PATTERN NO.4404
PASS PATTERN NO.4405
PASS PATTERN NO.4406
PASS PATTERN NO.4407
PASS PATTERN NO.4408
PASS PATTERN NO.4409
PASS PATTERN NO.4410
PASS PATTERN NO.4411
PASS PATTERN NO.4412
PASS PATTERN NO.4413
PASS PATTERN NO.4414
PASS PATTERN NO.4415
PASS PATTERN NO.4416
PASS PATTERN NO.4417
PASS PATTERN NO.4418
PASS PATTERN NO.4419
PASS PATTERN NO.4420
PASS PATTERN NO.4421
PASS PATTERN NO.4422
PASS PATTERN NO.4423
PASS PATTERN NO.4424
PASS PATTERN NO.4425
PASS PATTERN NO.4426
PASS PATTERN NO.4427
PASS PATTERN NO.4428
PASS PATTERN NO.4429
PASS PATTERN NO.4430
PASS PATTERN NO.4431
PASS PATTERN NO.4432
PASS PATTERN NO.4433
PASS PATTERN NO.4434
PASS PATTERN NO.4435
PASS PATTERN NO.4436
PASS PATTERN NO.4437
PASS PATTERN NO.4438
PASS PATTERN NO.4439
PASS PATTERN NO.4440
PASS PATTERN NO.4441
PASS PATTERN NO.4442
PASS PATTERN NO.4443
PASS PATTERN NO.4444
PASS PATTERN NO.4445
PASS PATTERN NO.4446
PASS PATTERN NO.4447
PASS PATTERN NO.4448
PASS PATTERN NO.4449
PASS PATTERN NO.4450
PASS PATTERN NO.4451
PASS PATTERN NO.4452
PASS PATTERN NO.4453
PASS PATTERN NO.4454
PASS PATTERN NO.4455
PASS PATTERN NO.4456
PASS PATTERN NO.4457
PASS PATTERN NO.4458
PASS PATTERN NO.4459
PASS PATTERN NO.4460
PASS PATTERN NO.4461
PASS PATTERN NO.4462
PASS PATTERN NO.4463
PASS PATTERN NO.4464
PASS PATTERN NO.4465
PASS PATTERN NO.4466
PASS PATTERN NO.4467
PASS PATTERN NO.4468
PASS PATTERN NO.4469
PASS PATTERN NO.4470
PASS PATTERN NO.4471
PASS PATTERN NO.4472
PASS PATTERN NO.4473
PASS PATTERN NO.4474
PASS PATTERN NO.4475
PASS PATTERN NO.4476
PASS PATTERN NO.4477
PASS PATTERN NO.4478
PASS PATTERN NO.4479
PASS PATTERN NO.4480
PASS PATTERN NO.4481
PASS PATTERN NO.4482
PASS PATTERN NO.4483
PASS PATTERN NO.4484
PASS PATTERN NO.4485
PASS PATTERN NO.4486
PASS PATTERN NO.4487
PASS PATTERN NO.4488
PASS PATTERN NO.4489
PASS PATTERN NO.4490
PASS PATTERN NO.4491
PASS PATTERN NO.4492
PASS PATTERN NO.4493
PASS PATTERN NO.4494
PASS PATTERN NO.4495
PASS PATTERN NO.4496
PASS PATTERN NO.4497
PASS PATTERN NO.4498
PASS PATTERN NO.4499
PASS PATTERN NO.4500
PASS PATTERN NO.4501
PASS PATTERN NO.4502
PASS PATTERN NO.4503
PASS PATTERN NO.4504
PASS PATTERN NO.4505
PASS PATTERN NO.4506
PASS PATTERN NO.4507
PASS PATTERN NO.4508
PASS PATTERN NO.4509
PASS PATTERN NO.4510
PASS PATTERN NO.4511
PASS PATTERN NO.4512
PASS PATTERN NO.4513
PASS PATTERN NO.4514
PASS PATTERN NO.4515
PASS PATTERN NO.4516
PASS PATTERN NO.4517
PASS PATTERN NO.4518
PASS PATTERN NO.4519
PASS PATTERN NO.4520
PASS PATTERN NO.4521
PASS PATTERN NO.4522
PASS PATTERN NO.4523
PASS PATTERN NO.4524
PASS PATTERN NO.4525
PASS PATTERN NO.4526
PASS PATTERN NO.4527
PASS PATTERN NO.4528
PASS PATTERN NO.4529
PASS PATTERN NO.4530
PASS PATTERN NO.4531
PASS PATTERN NO.4532
PASS PATTERN NO.4533
PASS PATTERN NO.4534
PASS PATTERN NO.4535
PASS PATTERN NO.4536
PASS PATTERN NO.4537
PASS PATTERN NO.4538
PASS PATTERN NO.4539
PASS PATTERN NO.4540
PASS PATTERN NO.4541
PASS PATTERN NO.4542
PASS PATTERN NO.4543
PASS PATTERN NO.4544
PASS PATTERN NO.4545
PASS PATTERN NO.4546
PASS PATTERN NO.4547
PASS PATTERN NO.4548
PASS PATTERN NO.4549
PASS PATTERN NO.4550
PASS PATTERN NO.4551
PASS PATTERN NO.4552
PASS PATTERN NO.4553
PASS PATTERN NO.4554
PASS PATTERN NO.4555
PASS PATTERN NO.4556
PASS PATTERN NO.4557
PASS PATTERN NO.4558
PASS PATTERN NO.4559
PASS PATTERN NO.4560
PASS PATTERN NO.4561
PASS PATTERN NO.4562
PASS PATTERN NO.4563
PASS PATTERN NO.4564
PASS PATTERN NO.4565
PASS PATTERN NO.4566
PASS PATTERN NO.4567
PASS PATTERN NO.4568
PASS PATTERN NO.4569
PASS PATTERN NO.4570
PASS PATTERN NO.4571
PASS PATTERN NO.4572
PASS PATTERN NO.4573
PASS PATTERN NO.4574
PASS PATTERN NO.4575
PASS PATTERN NO.4576
PASS PATTERN NO.4577
PASS PATTERN NO.4578
PASS PATTERN NO.4579
PASS PATTERN NO.4580
PASS PATTERN NO.4581
PASS PATTERN NO.4582
PASS PATTERN NO.4583
PASS PATTERN NO.4584
PASS PATTERN NO.4585
PASS PATTERN NO.4586
PASS PATTERN NO.4587
PASS PATTERN NO.4588
PASS PATTERN NO.4589
PASS PATTERN NO.4590
PASS PATTERN NO.4591
PASS PATTERN NO.4592
PASS PATTERN NO.4593
PASS PATTERN NO.4594
PASS PATTERN NO.4595
PASS PATTERN NO.4596
PASS PATTERN NO.4597
PASS PATTERN NO.4598
PASS PATTERN NO.4599
PASS PATTERN NO.4600
PASS PATTERN NO.4601
PASS PATTERN NO.4602
PASS PATTERN NO.4603
PASS PATTERN NO.4604
PASS PATTERN NO.4605
PASS PATTERN NO.4606
PASS PATTERN NO.4607
PASS PATTERN NO.4608
PASS PATTERN NO.4609
PASS PATTERN NO.4610
PASS PATTERN NO.4611
PASS PATTERN NO.4612
PASS PATTERN NO.4613
PASS PATTERN NO.4614
PASS PATTERN NO.4615
PASS PATTERN NO.4616
PASS PATTERN NO.4617
PASS PATTERN NO.4618
PASS PATTERN NO.4619
PASS PATTERN NO.4620
PASS PATTERN NO.4621
PASS PATTERN NO.4622
PASS PATTERN NO.4623
PASS PATTERN NO.4624
PASS PATTERN NO.4625
PASS PATTERN NO.4626
PASS PATTERN NO.4627
PASS PATTERN NO.4628
PASS PATTERN NO.4629
PASS PATTERN NO.4630
PASS PATTERN NO.4631
PASS PATTERN NO.4632
PASS PATTERN NO.4633
PASS PATTERN NO.4634
PASS PATTERN NO.4635
PASS PATTERN NO.4636
PASS PATTERN NO.4637
PASS PATTERN NO.4638
PASS PATTERN NO.4639
PASS PATTERN NO.4640
PASS PATTERN NO.4641
PASS PATTERN NO.4642
PASS PATTERN NO.4643
PASS PATTERN NO.4644
PASS PATTERN NO.4645
PASS PATTERN NO.4646
PASS PATTERN NO.4647
PASS PATTERN NO.4648
PASS PATTERN NO.4649
PASS PATTERN NO.4650
PASS PATTERN NO.4651
PASS PATTERN NO.4652
PASS PATTERN NO.4653
PASS PATTERN NO.4654
PASS PATTERN NO.4655
PASS PATTERN NO.4656
PASS PATTERN NO.4657
PASS PATTERN NO.4658
PASS PATTERN NO.4659
PASS PATTERN NO.4660
PASS PATTERN NO.4661
PASS PATTERN NO.4662
PASS PATTERN NO.4663
PASS PATTERN NO.4664
PASS PATTERN NO.4665
PASS PATTERN NO.4666
PASS PATTERN NO.4667
PASS PATTERN NO.4668
PASS PATTERN NO.4669
PASS PATTERN NO.4670
PASS PATTERN NO.4671
PASS PATTERN NO.4672
PASS PATTERN NO.4673
PASS PATTERN NO.4674
PASS PATTERN NO.4675
PASS PATTERN NO.4676
PASS PATTERN NO.4677
PASS PATTERN NO.4678
PASS PATTERN NO.4679
PASS PATTERN NO.4680
PASS PATTERN NO.4681
PASS PATTERN NO.4682
PASS PATTERN NO.4683
PASS PATTERN NO.4684
PASS PATTERN NO.4685
PASS PATTERN NO.4686
PASS PATTERN NO.4687
PASS PATTERN NO.4688
PASS PATTERN NO.4689
PASS PATTERN NO.4690
PASS PATTERN NO.4691
PASS PATTERN NO.4692
PASS PATTERN NO.4693
PASS PATTERN NO.4694
PASS PATTERN NO.4695
PASS PATTERN NO.4696
PASS PATTERN NO.4697
PASS PATTERN NO.4698
PASS PATTERN NO.4699
PASS PATTERN NO.4700
PASS PATTERN NO.4701
PASS PATTERN NO.4702
PASS PATTERN NO.4703
PASS PATTERN NO.4704
PASS PATTERN NO.4705
PASS PATTERN NO.4706
PASS PATTERN NO.4707
PASS PATTERN NO.4708
PASS PATTERN NO.4709
PASS PATTERN NO.4710
PASS PATTERN NO.4711
PASS PATTERN NO.4712
PASS PATTERN NO.4713
PASS PATTERN NO.4714
PASS PATTERN NO.4715
PASS PATTERN NO.4716
PASS PATTERN NO.4717
PASS PATTERN NO.4718
PASS PATTERN NO.4719
PASS PATTERN NO.4720
PASS PATTERN NO.4721
PASS PATTERN NO.4722
PASS PATTERN NO.4723
PASS PATTERN NO.4724
PASS PATTERN NO.4725
PASS PATTERN NO.4726
PASS PATTERN NO.4727
PASS PATTERN NO.4728
PASS PATTERN NO.4729
PASS PATTERN NO.4730
PASS PATTERN NO.4731
PASS PATTERN NO.4732
PASS PATTERN NO.4733
PASS PATTERN NO.4734
PASS PATTERN NO.4735
PASS PATTERN NO.4736
PASS PATTERN NO.4737
PASS PATTERN NO.4738
PASS PATTERN NO.4739
PASS PATTERN NO.4740
PASS PATTERN NO.4741
PASS PATTERN NO.4742
PASS PATTERN NO.4743
PASS PATTERN NO.4744
PASS PATTERN NO.4745
PASS PATTERN NO.4746
PASS PATTERN NO.4747
PASS PATTERN NO.4748
PASS PATTERN NO.4749
PASS PATTERN NO.4750
PASS PATTERN NO.4751
PASS PATTERN NO.4752
PASS PATTERN NO.4753
PASS PATTERN NO.4754
PASS PATTERN NO.4755
PASS PATTERN NO.4756
PASS PATTERN NO.4757
PASS PATTERN NO.4758
PASS PATTERN NO.4759
PASS PATTERN NO.4760
PASS PATTERN NO.4761
PASS PATTERN NO.4762
PASS PATTERN NO.4763
PASS PATTERN NO.4764
PASS PATTERN NO.4765
PASS PATTERN NO.4766
PASS PATTERN NO.4767
PASS PATTERN NO.4768
PASS PATTERN NO.4769
PASS PATTERN NO.4770
PASS PATTERN NO.4771
PASS PATTERN NO.4772
PASS PATTERN NO.4773
PASS PATTERN NO.4774
PASS PATTERN NO.4775
PASS PATTERN NO.4776
PASS PATTERN NO.4777
PASS PATTERN NO.4778
PASS PATTERN NO.4779
PASS PATTERN NO.4780
PASS PATTERN NO.4781
PASS PATTERN NO.4782
PASS PATTERN NO.4783
PASS PATTERN NO.4784
PASS PATTERN NO.4785
PASS PATTERN NO.4786
PASS PATTERN NO.4787
PASS PATTERN NO.4788
PASS PATTERN NO.4789
PASS PATTERN NO.4790
PASS PATTERN NO.4791
PASS PATTERN NO.4792
PASS PATTERN NO.4793
PASS PATTERN NO.4794
PASS PATTERN NO.4795
PASS PATTERN NO.4796
PASS PATTERN NO.4797
PASS PATTERN NO.4798
PASS PATTERN NO.4799
PASS PATTERN NO.4800
PASS PATTERN NO.4801
PASS PATTERN NO.4802
PASS PATTERN NO.4803
PASS PATTERN NO.4804
PASS PATTERN NO.4805
PASS PATTERN NO.4806
PASS PATTERN NO.4807
PASS PATTERN NO.4808
PASS PATTERN NO.4809
PASS PATTERN NO.4810
PASS PATTERN NO.4811
PASS PATTERN NO.4812
PASS PATTERN NO.4813
PASS PATTERN NO.4814
PASS PATTERN NO.4815
PASS PATTERN NO.4816
PASS PATTERN NO.4817
PASS PATTERN NO.4818
PASS PATTERN NO.4819
PASS PATTERN NO.4820
PASS PATTERN NO.4821
PASS PATTERN NO.4822
PASS PATTERN NO.4823
PASS PATTERN NO.4824
PASS PATTERN NO.4825
PASS PATTERN NO.4826
PASS PATTERN NO.4827
PASS PATTERN NO.4828
PASS PATTERN NO.4829
PASS PATTERN NO.4830
PASS PATTERN NO.4831
PASS PATTERN NO.4832
PASS PATTERN NO.4833
PASS PATTERN NO.4834
PASS PATTERN NO.4835
PASS PATTERN NO.4836
PASS PATTERN NO.4837
PASS PATTERN NO.4838
PASS PATTERN NO.4839
PASS PATTERN NO.4840
PASS PATTERN NO.4841
PASS PATTERN NO.4842
PASS PATTERN NO.4843
PASS PATTERN NO.4844
PASS PATTERN NO.4845
PASS PATTERN NO.4846
PASS PATTERN NO.4847
PASS PATTERN NO.4848
PASS PATTERN NO.4849
PASS PATTERN NO.4850
PASS PATTERN NO.4851
PASS PATTERN NO.4852
PASS PATTERN NO.4853
PASS PATTERN NO.4854
PASS PATTERN NO.4855
PASS PATTERN NO.4856
PASS PATTERN NO.4857
PASS PATTERN NO.4858
PASS PATTERN NO.4859
PASS PATTERN NO.4860
PASS PATTERN NO.4861
PASS PATTERN NO.4862
PASS PATTERN NO.4863
PASS PATTERN NO.4864
PASS PATTERN NO.4865
PASS PATTERN NO.4866
PASS PATTERN NO.4867
PASS PATTERN NO.4868
PASS PATTERN NO.4869
PASS PATTERN NO.4870
PASS PATTERN NO.4871
PASS PATTERN NO.4872
PASS PATTERN NO.4873
PASS PATTERN NO.4874
PASS PATTERN NO.4875
PASS PATTERN NO.4876
PASS PATTERN NO.4877
PASS PATTERN NO.4878
PASS PATTERN NO.4879
PASS PATTERN NO.4880
PASS PATTERN NO.4881
PASS PATTERN NO.4882
PASS PATTERN NO.4883
PASS PATTERN NO.4884
PASS PATTERN NO.4885
PASS PATTERN NO.4886
PASS PATTERN NO.4887
PASS PATTERN NO.4888
PASS PATTERN NO.4889
PASS PATTERN NO.4890
PASS PATTERN NO.4891
PASS PATTERN NO.4892
PASS PATTERN NO.4893
PASS PATTERN NO.4894
PASS PATTERN NO.4895
PASS PATTERN NO.4896
PASS PATTERN NO.4897
PASS PATTERN NO.4898
PASS PATTERN NO.4899
PASS PATTERN NO.4900
PASS PATTERN NO.4901
PASS PATTERN NO.4902
PASS PATTERN NO.4903
PASS PATTERN NO.4904
PASS PATTERN NO.4905
PASS PATTERN NO.4906
PASS PATTERN NO.4907
PASS PATTERN NO.4908
PASS PATTERN NO.4909
PASS PATTERN NO.4910
PASS PATTERN NO.4911
PASS PATTERN NO.4912
PASS PATTERN NO.4913
PASS PATTERN NO.4914
PASS PATTERN NO.4915
PASS PATTERN NO.4916
PASS PATTERN NO.4917
PASS PATTERN NO.4918
PASS PATTERN NO.4919
PASS PATTERN NO.4920
PASS PATTERN NO.4921
PASS PATTERN NO.4922
PASS PATTERN NO.4923
PASS PATTERN NO.4924
PASS PATTERN NO.4925
PASS PATTERN NO.4926
PASS PATTERN NO.4927
PASS PATTERN NO.4928
PASS PATTERN NO.4929
PASS PATTERN NO.4930
PASS PATTERN NO.4931
PASS PATTERN NO.4932
PASS PATTERN NO.4933
PASS PATTERN NO.4934
PASS PATTERN NO.4935
PASS PATTERN NO.4936
PASS PATTERN NO.4937
PASS PATTERN NO.4938
PASS PATTERN NO.4939
PASS PATTERN NO.4940
PASS PATTERN NO.4941
PASS PATTERN NO.4942
PASS PATTERN NO.4943
PASS PATTERN NO.4944
PASS PATTERN NO.4945
PASS PATTERN NO.4946
PASS PATTERN NO.4947
PASS PATTERN NO.4948
PASS PATTERN NO.4949
PASS PATTERN NO.4950
PASS PATTERN NO.4951
PASS PATTERN NO.4952
PASS PATTERN NO.4953
PASS PATTERN NO.4954
PASS PATTERN NO.4955
PASS PATTERN NO.4956
PASS PATTERN NO.4957
PASS PATTERN NO.4958
PASS PATTERN NO.4959
PASS PATTERN NO.4960
PASS PATTERN NO.4961
PASS PATTERN NO.4962
PASS PATTERN NO.4963
PASS PATTERN NO.4964
PASS PATTERN NO.4965
PASS PATTERN NO.4966
PASS PATTERN NO.4967
PASS PATTERN NO.4968
PASS PATTERN NO.4969
PASS PATTERN NO.4970
PASS PATTERN NO.4971
PASS PATTERN NO.4972
PASS PATTERN NO.4973
PASS PATTERN NO.4974
PASS PATTERN NO.4975
PASS PATTERN NO.4976
PASS PATTERN NO.4977
PASS PATTERN NO.4978
PASS PATTERN NO.4979
PASS PATTERN NO.4980
PASS PATTERN NO.4981
PASS PATTERN NO.4982
PASS PATTERN NO.4983
PASS PATTERN NO.4984
PASS PATTERN NO.4985
PASS PATTERN NO.4986
PASS PATTERN NO.4987
PASS PATTERN NO.4988
PASS PATTERN NO.4989
PASS PATTERN NO.4990
PASS PATTERN NO.4991
PASS PATTERN NO.4992
PASS PATTERN NO.4993
PASS PATTERN NO.4994
PASS PATTERN NO.4995
PASS PATTERN NO.4996
PASS PATTERN NO.4997
PASS PATTERN NO.4998
PASS PATTERN NO.4999
PASS PATTERN NO.5000
PASS PATTERN NO.5001
PASS PATTERN NO.5002
PASS PATTERN NO.5003
PASS PATTERN NO.5004
PASS PATTERN NO.5005
PASS PATTERN NO.5006
PASS PATTERN NO.5007
PASS PATTERN NO.5008
PASS PATTERN NO.5009
PASS PATTERN NO.5010
PASS PATTERN NO.5011
PASS PATTERN NO.5012
PASS PATTERN NO.5013
PASS PATTERN NO.5014
PASS PATTERN NO.5015
PASS PATTERN NO.5016
PASS PATTERN NO.5017
PASS PATTERN NO.5018
PASS PATTERN NO.5019
PASS PATTERN NO.5020
PASS PATTERN NO.5021
PASS PATTERN NO.5022
PASS PATTERN NO.5023
PASS PATTERN NO.5024
PASS PATTERN NO.5025
PASS PATTERN NO.5026
PASS PATTERN NO.5027
PASS PATTERN NO.5028
PASS PATTERN NO.5029
PASS PATTERN NO.5030
PASS PATTERN NO.5031
PASS PATTERN NO.5032
PASS PATTERN NO.5033
PASS PATTERN NO.5034
PASS PATTERN NO.5035
PASS PATTERN NO.5036
PASS PATTERN NO.5037
PASS PATTERN NO.5038
PASS PATTERN NO.5039
PASS PATTERN NO.5040
PASS PATTERN NO.5041
PASS PATTERN NO.5042
PASS PATTERN NO.5043
PASS PATTERN NO.5044
PASS PATTERN NO.5045
PASS PATTERN NO.5046
PASS PATTERN NO.5047
PASS PATTERN NO.5048
PASS PATTERN NO.5049
PASS PATTERN NO.5050
PASS PATTERN NO.5051
PASS PATTERN NO.5052
PASS PATTERN NO.5053
PASS PATTERN NO.5054
PASS PATTERN NO.5055
PASS PATTERN NO.5056
PASS PATTERN NO.5057
PASS PATTERN NO.5058
PASS PATTERN NO.5059
PASS PATTERN NO.5060
PASS PATTERN NO.5061
PASS PATTERN NO.5062
PASS PATTERN NO.5063
PASS PATTERN NO.5064
PASS PATTERN NO.5065
PASS PATTERN NO.5066
PASS PATTERN NO.5067
PASS PATTERN NO.5068
PASS PATTERN NO.5069
PASS PATTERN NO.5070
PASS PATTERN NO.5071
PASS PATTERN NO.5072
PASS PATTERN NO.5073
PASS PATTERN NO.5074
PASS PATTERN NO.5075
PASS PATTERN NO.5076
PASS PATTERN NO.5077
PASS PATTERN NO.5078
PASS PATTERN NO.5079
PASS PATTERN NO.5080
PASS PATTERN NO.5081
PASS PATTERN NO.5082
PASS PATTERN NO.5083
PASS PATTERN NO.5084
PASS PATTERN NO.5085
PASS PATTERN NO.5086
PASS PATTERN NO.5087
PASS PATTERN NO.5088
PASS PATTERN NO.5089
PASS PATTERN NO.5090
PASS PATTERN NO.5091
PASS PATTERN NO.5092
PASS PATTERN NO.5093
PASS PATTERN NO.5094
PASS PATTERN NO.5095
PASS PATTERN NO.5096
PASS PATTERN NO.5097
PASS PATTERN NO.5098
PASS PATTERN NO.5099
PASS PATTERN NO.5100
PASS PATTERN NO.5101
PASS PATTERN NO.5102
PASS PATTERN NO.5103
PASS PATTERN NO.5104
PASS PATTERN NO.5105
PASS PATTERN NO.5106
PASS PATTERN NO.5107
PASS PATTERN NO.5108
PASS PATTERN NO.5109
PASS PATTERN NO.5110
PASS PATTERN NO.5111
PASS PATTERN NO.5112
PASS PATTERN NO.5113
PASS PATTERN NO.5114
PASS PATTERN NO.5115
PASS PATTERN NO.5116
PASS PATTERN NO.5117
PASS PATTERN NO.5118
PASS PATTERN NO.5119
PASS PATTERN NO.5120
PASS PATTERN NO.5121
PASS PATTERN NO.5122
PASS PATTERN NO.5123
PASS PATTERN NO.5124
PASS PATTERN NO.5125
PASS PATTERN NO.5126
PASS PATTERN NO.5127
PASS PATTERN NO.5128
PASS PATTERN NO.5129
PASS PATTERN NO.5130
PASS PATTERN NO.5131
PASS PATTERN NO.5132
PASS PATTERN NO.5133
PASS PATTERN NO.5134
PASS PATTERN NO.5135
PASS PATTERN NO.5136
PASS PATTERN NO.5137
PASS PATTERN NO.5138
PASS PATTERN NO.5139
PASS PATTERN NO.5140
PASS PATTERN NO.5141
PASS PATTERN NO.5142
PASS PATTERN NO.5143
PASS PATTERN NO.5144
PASS PATTERN NO.5145
PASS PATTERN NO.5146
PASS PATTERN NO.5147
PASS PATTERN NO.5148
PASS PATTERN NO.5149
PASS PATTERN NO.5150
PASS PATTERN NO.5151
PASS PATTERN NO.5152
PASS PATTERN NO.5153
PASS PATTERN NO.5154
PASS PATTERN NO.5155
PASS PATTERN NO.5156
PASS PATTERN NO.5157
PASS PATTERN NO.5158
PASS PATTERN NO.5159
PASS PATTERN NO.5160
PASS PATTERN NO.5161
PASS PATTERN NO.5162
PASS PATTERN NO.5163
PASS PATTERN NO.5164
PASS PATTERN NO.5165
PASS PATTERN NO.5166
PASS PATTERN NO.5167
PASS PATTERN NO.5168
PASS PATTERN NO.5169
PASS PATTERN NO.5170
PASS PATTERN NO.5171
PASS PATTERN NO.5172
PASS PATTERN NO.5173
PASS PATTERN NO.5174
PASS PATTERN NO.5175
PASS PATTERN NO.5176
PASS PATTERN NO.5177
PASS PATTERN NO.5178
PASS PATTERN NO.5179
PASS PATTERN NO.5180
PASS PATTERN NO.5181
PASS PATTERN NO.5182
PASS PATTERN NO.5183
PASS PATTERN NO.5184
PASS PATTERN NO.5185
PASS PATTERN NO.5186
PASS PATTERN NO.5187
PASS PATTERN NO.5188
PASS PATTERN NO.5189
PASS PATTERN NO.5190
PASS PATTERN NO.5191
PASS PATTERN NO.5192
PASS PATTERN NO.5193
PASS PATTERN NO.5194
PASS PATTERN NO.5195
PASS PATTERN NO.5196
PASS PATTERN NO.5197
PASS PATTERN NO.5198
PASS PATTERN NO.5199
PASS PATTERN NO.5200
PASS PATTERN NO.5201
PASS PATTERN NO.5202
PASS PATTERN NO.5203
PASS PATTERN NO.5204
PASS PATTERN NO.5205
PASS PATTERN NO.5206
PASS PATTERN NO.5207
PASS PATTERN NO.5208
PASS PATTERN NO.5209
PASS PATTERN NO.5210
PASS PATTERN NO.5211
PASS PATTERN NO.5212
PASS PATTERN NO.5213
PASS PATTERN NO.5214
PASS PATTERN NO.5215
PASS PATTERN NO.5216
PASS PATTERN NO.5217
PASS PATTERN NO.5218
PASS PATTERN NO.5219
PASS PATTERN NO.5220
PASS PATTERN NO.5221
PASS PATTERN NO.5222
PASS PATTERN NO.5223
PASS PATTERN NO.5224
PASS PATTERN NO.5225
PASS PATTERN NO.5226
PASS PATTERN NO.5227
PASS PATTERN NO.5228
PASS PATTERN NO.5229
PASS PATTERN NO.5230
PASS PATTERN NO.5231
PASS PATTERN NO.5232
PASS PATTERN NO.5233
PASS PATTERN NO.5234
PASS PATTERN NO.5235
PASS PATTERN NO.5236
PASS PATTERN NO.5237
PASS PATTERN NO.5238
PASS PATTERN NO.5239
PASS PATTERN NO.5240
PASS PATTERN NO.5241
PASS PATTERN NO.5242
PASS PATTERN NO.5243
PASS PATTERN NO.5244
PASS PATTERN NO.5245
PASS PATTERN NO.5246
PASS PATTERN NO.5247
PASS PATTERN NO.5248
PASS PATTERN NO.5249
PASS PATTERN NO.5250
PASS PATTERN NO.5251
PASS PATTERN NO.5252
PASS PATTERN NO.5253
PASS PATTERN NO.5254
PASS PATTERN NO.5255
PASS PATTERN NO.5256
PASS PATTERN NO.5257
PASS PATTERN NO.5258
PASS PATTERN NO.5259
PASS PATTERN NO.5260
PASS PATTERN NO.5261
PASS PATTERN NO.5262
PASS PATTERN NO.5263
PASS PATTERN NO.5264
PASS PATTERN NO.5265
PASS PATTERN NO.5266
PASS PATTERN NO.5267
PASS PATTERN NO.5268
PASS PATTERN NO.5269
PASS PATTERN NO.5270
PASS PATTERN NO.5271
PASS PATTERN NO.5272
PASS PATTERN NO.5273
PASS PATTERN NO.5274
PASS PATTERN NO.5275
PASS PATTERN NO.5276
PASS PATTERN NO.5277
PASS PATTERN NO.5278
PASS PATTERN NO.5279
PASS PATTERN NO.5280
PASS PATTERN NO.5281
PASS PATTERN NO.5282
PASS PATTERN NO.5283
PASS PATTERN NO.5284
PASS PATTERN NO.5285
PASS PATTERN NO.5286
PASS PATTERN NO.5287
PASS PATTERN NO.5288
PASS PATTERN NO.5289
PASS PATTERN NO.5290
PASS PATTERN NO.5291
PASS PATTERN NO.5292
PASS PATTERN NO.5293
PASS PATTERN NO.5294
PASS PATTERN NO.5295
PASS PATTERN NO.5296
PASS PATTERN NO.5297
PASS PATTERN NO.5298
PASS PATTERN NO.5299
PASS PATTERN NO.5300
PASS PATTERN NO.5301
PASS PATTERN NO.5302
PASS PATTERN NO.5303
PASS PATTERN NO.5304
PASS PATTERN NO.5305
PASS PATTERN NO.5306
PASS PATTERN NO.5307
PASS PATTERN NO.5308
PASS PATTERN NO.5309
PASS PATTERN NO.5310
PASS PATTERN NO.5311
PASS PATTERN NO.5312
PASS PATTERN NO.5313
PASS PATTERN NO.5314
PASS PATTERN NO.5315
PASS PATTERN NO.5316
PASS PATTERN NO.5317
PASS PATTERN NO.5318
PASS PATTERN NO.5319
PASS PATTERN NO.5320
PASS PATTERN NO.5321
PASS PATTERN NO.5322
PASS PATTERN NO.5323
PASS PATTERN NO.5324
PASS PATTERN NO.5325
PASS PATTERN NO.5326
PASS PATTERN NO.5327
PASS PATTERN NO.5328
PASS PATTERN NO.5329
PASS PATTERN NO.5330
PASS PATTERN NO.5331
PASS PATTERN NO.5332
PASS PATTERN NO.5333
PASS PATTERN NO.5334
PASS PATTERN NO.5335
PASS PATTERN NO.5336
PASS PATTERN NO.5337
PASS PATTERN NO.5338
PASS PATTERN NO.5339
PASS PATTERN NO.5340
PASS PATTERN NO.5341
PASS PATTERN NO.5342
PASS PATTERN NO.5343
PASS PATTERN NO.5344
PASS PATTERN NO.5345
PASS PATTERN NO.5346
PASS PATTERN NO.5347
PASS PATTERN NO.5348
PASS PATTERN NO.5349
PASS PATTERN NO.5350
PASS PATTERN NO.5351
PASS PATTERN NO.5352
PASS PATTERN NO.5353
PASS PATTERN NO.5354
PASS PATTERN NO.5355
PASS PATTERN NO.5356
PASS PATTERN NO.5357
PASS PATTERN NO.5358
PASS PATTERN NO.5359
PASS PATTERN NO.5360
PASS PATTERN NO.5361
PASS PATTERN NO.5362
PASS PATTERN NO.5363
PASS PATTERN NO.5364
PASS PATTERN NO.5365
PASS PATTERN NO.5366
PASS PATTERN NO.5367
PASS PATTERN NO.5368
PASS PATTERN NO.5369
PASS PATTERN NO.5370
PASS PATTERN NO.5371
PASS PATTERN NO.5372
PASS PATTERN NO.5373
PASS PATTERN NO.5374
PASS PATTERN NO.5375
PASS PATTERN NO.5376
PASS PATTERN NO.5377
PASS PATTERN NO.5378
PASS PATTERN NO.5379
PASS PATTERN NO.5380
PASS PATTERN NO.5381
PASS PATTERN NO.5382
PASS PATTERN NO.5383
PASS PATTERN NO.5384
PASS PATTERN NO.5385
PASS PATTERN NO.5386
PASS PATTERN NO.5387
PASS PATTERN NO.5388
PASS PATTERN NO.5389
PASS PATTERN NO.5390
PASS PATTERN NO.5391
PASS PATTERN NO.5392
PASS PATTERN NO.5393
PASS PATTERN NO.5394
PASS PATTERN NO.5395
PASS PATTERN NO.5396
PASS PATTERN NO.5397
PASS PATTERN NO.5398
PASS PATTERN NO.5399
PASS PATTERN NO.5400
PASS PATTERN NO.5401
PASS PATTERN NO.5402
PASS PATTERN NO.5403
PASS PATTERN NO.5404
PASS PATTERN NO.5405
PASS PATTERN NO.5406
PASS PATTERN NO.5407
PASS PATTERN NO.5408
PASS PATTERN NO.5409
PASS PATTERN NO.5410
PASS PATTERN NO.5411
PASS PATTERN NO.5412
PASS PATTERN NO.5413
PASS PATTERN NO.5414
PASS PATTERN NO.5415
PASS PATTERN NO.5416
PASS PATTERN NO.5417
PASS PATTERN NO.5418
PASS PATTERN NO.5419
PASS PATTERN NO.5420
PASS PATTERN NO.5421
PASS PATTERN NO.5422
PASS PATTERN NO.5423
PASS PATTERN NO.5424
PASS PATTERN NO.5425
PASS PATTERN NO.5426
PASS PATTERN NO.5427
PASS PATTERN NO.5428
PASS PATTERN NO.5429
PASS PATTERN NO.5430
PASS PATTERN NO.5431
PASS PATTERN NO.5432
PASS PATTERN NO.5433
PASS PATTERN NO.5434
PASS PATTERN NO.5435
PASS PATTERN NO.5436
PASS PATTERN NO.5437
PASS PATTERN NO.5438
PASS PATTERN NO.5439
PASS PATTERN NO.5440
PASS PATTERN NO.5441
PASS PATTERN NO.5442
PASS PATTERN NO.5443
PASS PATTERN NO.5444
PASS PATTERN NO.5445
PASS PATTERN NO.5446
PASS PATTERN NO.5447
PASS PATTERN NO.5448
PASS PATTERN NO.5449
PASS PATTERN NO.5450
PASS PATTERN NO.5451
PASS PATTERN NO.5452
PASS PATTERN NO.5453
PASS PATTERN NO.5454
PASS PATTERN NO.5455
PASS PATTERN NO.5456
PASS PATTERN NO.5457
PASS PATTERN NO.5458
PASS PATTERN NO.5459
PASS PATTERN NO.5460
PASS PATTERN NO.5461
PASS PATTERN NO.5462
PASS PATTERN NO.5463
PASS PATTERN NO.5464
PASS PATTERN NO.5465
PASS PATTERN NO.5466
PASS PATTERN NO.5467
PASS PATTERN NO.5468
PASS PATTERN NO.5469
PASS PATTERN NO.5470
PASS PATTERN NO.5471
PASS PATTERN NO.5472
PASS PATTERN NO.5473
PASS PATTERN NO.5474
PASS PATTERN NO.5475
PASS PATTERN NO.5476
PASS PATTERN NO.5477
PASS PATTERN NO.5478
PASS PATTERN NO.5479
PASS PATTERN NO.5480
PASS PATTERN NO.5481
PASS PATTERN NO.5482
PASS PATTERN NO.5483
PASS PATTERN NO.5484
PASS PATTERN NO.5485
PASS PATTERN NO.5486
PASS PATTERN NO.5487
PASS PATTERN NO.5488
PASS PATTERN NO.5489
PASS PATTERN NO.5490
PASS PATTERN NO.5491
PASS PATTERN NO.5492
PASS PATTERN NO.5493
PASS PATTERN NO.5494
PASS PATTERN NO.5495
PASS PATTERN NO.5496
PASS PATTERN NO.5497
PASS PATTERN NO.5498
PASS PATTERN NO.5499
PASS PATTERN NO.5500
PASS PATTERN NO.5501
PASS PATTERN NO.5502
PASS PATTERN NO.5503
PASS PATTERN NO.5504
PASS PATTERN NO.5505
PASS PATTERN NO.5506
PASS PATTERN NO.5507
PASS PATTERN NO.5508
PASS PATTERN NO.5509
PASS PATTERN NO.5510
PASS PATTERN NO.5511
PASS PATTERN NO.5512
PASS PATTERN NO.5513
PASS PATTERN NO.5514
PASS PATTERN NO.5515
PASS PATTERN NO.5516
PASS PATTERN NO.5517
PASS PATTERN NO.5518
PASS PATTERN NO.5519
PASS PATTERN NO.5520
PASS PATTERN NO.5521
PASS PATTERN NO.5522
PASS PATTERN NO.5523
PASS PATTERN NO.5524
PASS PATTERN NO.5525
PASS PATTERN NO.5526
PASS PATTERN NO.5527
PASS PATTERN NO.5528
PASS PATTERN NO.5529
PASS PATTERN NO.5530
PASS PATTERN NO.5531
PASS PATTERN NO.5532
PASS PATTERN NO.5533
PASS PATTERN NO.5534
PASS PATTERN NO.5535
PASS PATTERN NO.5536
PASS PATTERN NO.5537
PASS PATTERN NO.5538
PASS PATTERN NO.5539
PASS PATTERN NO.5540
PASS PATTERN NO.5541
PASS PATTERN NO.5542
PASS PATTERN NO.5543
PASS PATTERN NO.5544
PASS PATTERN NO.5545
PASS PATTERN NO.5546
PASS PATTERN NO.5547
PASS PATTERN NO.5548
PASS PATTERN NO.5549
PASS PATTERN NO.5550
PASS PATTERN NO.5551
PASS PATTERN NO.5552
PASS PATTERN NO.5553
PASS PATTERN NO.5554
PASS PATTERN NO.5555
PASS PATTERN NO.5556
PASS PATTERN NO.5557
PASS PATTERN NO.5558
PASS PATTERN NO.5559
PASS PATTERN NO.5560
PASS PATTERN NO.5561
PASS PATTERN NO.5562
PASS PATTERN NO.5563
PASS PATTERN NO.5564
PASS PATTERN NO.5565
PASS PATTERN NO.5566
PASS PATTERN NO.5567
PASS PATTERN NO.5568
PASS PATTERN NO.5569
PASS PATTERN NO.5570
PASS PATTERN NO.5571
PASS PATTERN NO.5572
PASS PATTERN NO.5573
PASS PATTERN NO.5574
PASS PATTERN NO.5575
PASS PATTERN NO.5576
PASS PATTERN NO.5577
PASS PATTERN NO.5578
PASS PATTERN NO.5579
PASS PATTERN NO.5580
PASS PATTERN NO.5581
PASS PATTERN NO.5582
PASS PATTERN NO.5583
PASS PATTERN NO.5584
PASS PATTERN NO.5585
PASS PATTERN NO.5586
PASS PATTERN NO.5587
PASS PATTERN NO.5588
PASS PATTERN NO.5589
PASS PATTERN NO.5590
PASS PATTERN NO.5591
PASS PATTERN NO.5592
PASS PATTERN NO.5593
PASS PATTERN NO.5594
PASS PATTERN NO.5595
PASS PATTERN NO.5596
PASS PATTERN NO.5597
PASS PATTERN NO.5598
PASS PATTERN NO.5599
PASS PATTERN NO.5600
PASS PATTERN NO.5601
PASS PATTERN NO.5602
PASS PATTERN NO.5603
PASS PATTERN NO.5604
PASS PATTERN NO.5605
PASS PATTERN NO.5606
PASS PATTERN NO.5607
PASS PATTERN NO.5608
PASS PATTERN NO.5609
PASS PATTERN NO.5610
PASS PATTERN NO.5611
PASS PATTERN NO.5612
PASS PATTERN NO.5613
PASS PATTERN NO.5614
PASS PATTERN NO.5615
PASS PATTERN NO.5616
PASS PATTERN NO.5617
PASS PATTERN NO.5618
PASS PATTERN NO.5619
PASS PATTERN NO.5620
PASS PATTERN NO.5621
PASS PATTERN NO.5622
PASS PATTERN NO.5623
PASS PATTERN NO.5624
PASS PATTERN NO.5625
PASS PATTERN NO.5626
PASS PATTERN NO.5627
PASS PATTERN NO.5628
PASS PATTERN NO.5629
PASS PATTERN NO.5630
PASS PATTERN NO.5631
PASS PATTERN NO.5632
PASS PATTERN NO.5633
PASS PATTERN NO.5634
PASS PATTERN NO.5635
PASS PATTERN NO.5636
PASS PATTERN NO.5637
PASS PATTERN NO.5638
PASS PATTERN NO.5639
PASS PATTERN NO.5640
PASS PATTERN NO.5641
PASS PATTERN NO.5642
PASS PATTERN NO.5643
PASS PATTERN NO.5644
PASS PATTERN NO.5645
PASS PATTERN NO.5646
PASS PATTERN NO.5647
PASS PATTERN NO.5648
PASS PATTERN NO.5649
PASS PATTERN NO.5650
PASS PATTERN NO.5651
PASS PATTERN NO.5652
PASS PATTERN NO.5653
PASS PATTERN NO.5654
PASS PATTERN NO.5655
PASS PATTERN NO.5656
PASS PATTERN NO.5657
PASS PATTERN NO.5658
PASS PATTERN NO.5659
PASS PATTERN NO.5660
PASS PATTERN NO.5661
PASS PATTERN NO.5662
PASS PATTERN NO.5663
PASS PATTERN NO.5664
PASS PATTERN NO.5665
PASS PATTERN NO.5666
PASS PATTERN NO.5667
PASS PATTERN NO.5668
PASS PATTERN NO.5669
PASS PATTERN NO.5670
PASS PATTERN NO.5671
PASS PATTERN NO.5672
PASS PATTERN NO.5673
PASS PATTERN NO.5674
PASS PATTERN NO.5675
PASS PATTERN NO.5676
PASS PATTERN NO.5677
PASS PATTERN NO.5678
PASS PATTERN NO.5679
PASS PATTERN NO.5680
PASS PATTERN NO.5681
PASS PATTERN NO.5682
PASS PATTERN NO.5683
PASS PATTERN NO.5684
PASS PATTERN NO.5685
PASS PATTERN NO.5686
PASS PATTERN NO.5687
PASS PATTERN NO.5688
PASS PATTERN NO.5689
PASS PATTERN NO.5690
PASS PATTERN NO.5691
PASS PATTERN NO.5692
PASS PATTERN NO.5693
PASS PATTERN NO.5694
PASS PATTERN NO.5695
PASS PATTERN NO.5696
PASS PATTERN NO.5697
PASS PATTERN NO.5698
PASS PATTERN NO.5699
PASS PATTERN NO.5700
PASS PATTERN NO.5701
PASS PATTERN NO.5702
PASS PATTERN NO.5703
PASS PATTERN NO.5704
PASS PATTERN NO.5705
PASS PATTERN NO.5706
PASS PATTERN NO.5707
PASS PATTERN NO.5708
PASS PATTERN NO.5709
PASS PATTERN NO.5710
PASS PATTERN NO.5711
PASS PATTERN NO.5712
PASS PATTERN NO.5713
PASS PATTERN NO.5714
PASS PATTERN NO.5715
PASS PATTERN NO.5716
PASS PATTERN NO.5717
PASS PATTERN NO.5718
PASS PATTERN NO.5719
PASS PATTERN NO.5720
PASS PATTERN NO.5721
PASS PATTERN NO.5722
PASS PATTERN NO.5723
PASS PATTERN NO.5724
PASS PATTERN NO.5725
PASS PATTERN NO.5726
PASS PATTERN NO.5727
PASS PATTERN NO.5728
PASS PATTERN NO.5729
PASS PATTERN NO.5730
PASS PATTERN NO.5731
PASS PATTERN NO.5732
PASS PATTERN NO.5733
PASS PATTERN NO.5734
PASS PATTERN NO.5735
PASS PATTERN NO.5736
PASS PATTERN NO.5737
PASS PATTERN NO.5738
PASS PATTERN NO.5739
PASS PATTERN NO.5740
PASS PATTERN NO.5741
PASS PATTERN NO.5742
PASS PATTERN NO.5743
PASS PATTERN NO.5744
PASS PATTERN NO.5745
PASS PATTERN NO.5746
PASS PATTERN NO.5747
PASS PATTERN NO.5748
PASS PATTERN NO.5749
PASS PATTERN NO.5750
PASS PATTERN NO.5751
PASS PATTERN NO.5752
PASS PATTERN NO.5753
PASS PATTERN NO.5754
PASS PATTERN NO.5755
PASS PATTERN NO.5756
PASS PATTERN NO.5757
PASS PATTERN NO.5758
PASS PATTERN NO.5759
PASS PATTERN NO.5760
PASS PATTERN NO.5761
PASS PATTERN NO.5762
PASS PATTERN NO.5763
PASS PATTERN NO.5764
PASS PATTERN NO.5765
PASS PATTERN NO.5766
PASS PATTERN NO.5767
PASS PATTERN NO.5768
PASS PATTERN NO.5769
PASS PATTERN NO.5770
PASS PATTERN NO.5771
PASS PATTERN NO.5772
PASS PATTERN NO.5773
PASS PATTERN NO.5774
PASS PATTERN NO.5775
PASS PATTERN NO.5776
PASS PATTERN NO.5777
PASS PATTERN NO.5778
PASS PATTERN NO.5779
PASS PATTERN NO.5780
PASS PATTERN NO.5781
PASS PATTERN NO.5782
PASS PATTERN NO.5783
PASS PATTERN NO.5784
PASS PATTERN NO.5785
PASS PATTERN NO.5786
PASS PATTERN NO.5787
PASS PATTERN NO.5788
PASS PATTERN NO.5789
PASS PATTERN NO.5790
PASS PATTERN NO.5791
PASS PATTERN NO.5792
PASS PATTERN NO.5793
PASS PATTERN NO.5794
PASS PATTERN NO.5795
PASS PATTERN NO.5796
PASS PATTERN NO.5797
PASS PATTERN NO.5798
PASS PATTERN NO.5799
PASS PATTERN NO.5800
PASS PATTERN NO.5801
PASS PATTERN NO.5802
PASS PATTERN NO.5803
PASS PATTERN NO.5804
PASS PATTERN NO.5805
PASS PATTERN NO.5806
PASS PATTERN NO.5807
PASS PATTERN NO.5808
PASS PATTERN NO.5809
PASS PATTERN NO.5810
PASS PATTERN NO.5811
PASS PATTERN NO.5812
PASS PATTERN NO.5813
PASS PATTERN NO.5814
PASS PATTERN NO.5815
PASS PATTERN NO.5816
PASS PATTERN NO.5817
PASS PATTERN NO.5818
PASS PATTERN NO.5819
PASS PATTERN NO.5820
PASS PATTERN NO.5821
PASS PATTERN NO.5822
PASS PATTERN NO.5823
PASS PATTERN NO.5824
PASS PATTERN NO.5825
PASS PATTERN NO.5826
PASS PATTERN NO.5827
PASS PATTERN NO.5828
PASS PATTERN NO.5829
PASS PATTERN NO.5830
PASS PATTERN NO.5831
PASS PATTERN NO.5832
PASS PATTERN NO.5833
PASS PATTERN NO.5834
PASS PATTERN NO.5835
PASS PATTERN NO.5836
PASS PATTERN NO.5837
PASS PATTERN NO.5838
PASS PATTERN NO.5839
PASS PATTERN NO.5840
PASS PATTERN NO.5841
PASS PATTERN NO.5842
PASS PATTERN NO.5843
PASS PATTERN NO.5844
PASS PATTERN NO.5845
PASS PATTERN NO.5846
PASS PATTERN NO.5847
PASS PATTERN NO.5848
PASS PATTERN NO.5849
PASS PATTERN NO.5850
PASS PATTERN NO.5851
PASS PATTERN NO.5852
PASS PATTERN NO.5853
PASS PATTERN NO.5854
PASS PATTERN NO.5855
PASS PATTERN NO.5856
PASS PATTERN NO.5857
PASS PATTERN NO.5858
PASS PATTERN NO.5859
PASS PATTERN NO.5860
PASS PATTERN NO.5861
PASS PATTERN NO.5862
PASS PATTERN NO.5863
PASS PATTERN NO.5864
PASS PATTERN NO.5865
PASS PATTERN NO.5866
PASS PATTERN NO.5867
PASS PATTERN NO.5868
PASS PATTERN NO.5869
PASS PATTERN NO.5870
PASS PATTERN NO.5871
PASS PATTERN NO.5872
PASS PATTERN NO.5873
PASS PATTERN NO.5874
PASS PATTERN NO.5875
PASS PATTERN NO.5876
PASS PATTERN NO.5877
PASS PATTERN NO.5878
PASS PATTERN NO.5879
PASS PATTERN NO.5880
PASS PATTERN NO.5881
PASS PATTERN NO.5882
PASS PATTERN NO.5883
PASS PATTERN NO.5884
PASS PATTERN NO.5885
PASS PATTERN NO.5886
PASS PATTERN NO.5887
PASS PATTERN NO.5888
PASS PATTERN NO.5889
PASS PATTERN NO.5890
PASS PATTERN NO.5891
PASS PATTERN NO.5892
PASS PATTERN NO.5893
PASS PATTERN NO.5894
PASS PATTERN NO.5895
PASS PATTERN NO.5896
PASS PATTERN NO.5897
PASS PATTERN NO.5898
PASS PATTERN NO.5899
PASS PATTERN NO.5900
PASS PATTERN NO.5901
PASS PATTERN NO.5902
PASS PATTERN NO.5903
PASS PATTERN NO.5904
PASS PATTERN NO.5905
PASS PATTERN NO.5906
PASS PATTERN NO.5907
PASS PATTERN NO.5908
PASS PATTERN NO.5909
PASS PATTERN NO.5910
PASS PATTERN NO.5911
PASS PATTERN NO.5912
PASS PATTERN NO.5913
PASS PATTERN NO.5914
PASS PATTERN NO.5915
PASS PATTERN NO.5916
PASS PATTERN NO.5917
PASS PATTERN NO.5918
PASS PATTERN NO.5919
PASS PATTERN NO.5920
PASS PATTERN NO.5921
PASS PATTERN NO.5922
PASS PATTERN NO.5923
PASS PATTERN NO.5924
PASS PATTERN NO.5925
PASS PATTERN NO.5926
PASS PATTERN NO.5927
PASS PATTERN NO.5928
PASS PATTERN NO.5929
PASS PATTERN NO.5930
PASS PATTERN NO.5931
PASS PATTERN NO.5932
PASS PATTERN NO.5933
PASS PATTERN NO.5934
PASS PATTERN NO.5935
PASS PATTERN NO.5936
PASS PATTERN NO.5937
PASS PATTERN NO.5938
PASS PATTERN NO.5939
PASS PATTERN NO.5940
PASS PATTERN NO.5941
PASS PATTERN NO.5942
PASS PATTERN NO.5943
PASS PATTERN NO.5944
PASS PATTERN NO.5945
PASS PATTERN NO.5946
PASS PATTERN NO.5947
PASS PATTERN NO.5948
PASS PATTERN NO.5949
PASS PATTERN NO.5950
PASS PATTERN NO.5951
PASS PATTERN NO.5952
PASS PATTERN NO.5953
PASS PATTERN NO.5954
PASS PATTERN NO.5955
PASS PATTERN NO.5956
PASS PATTERN NO.5957
PASS PATTERN NO.5958
PASS PATTERN NO.5959
PASS PATTERN NO.5960
PASS PATTERN NO.5961
PASS PATTERN NO.5962
PASS PATTERN NO.5963
PASS PATTERN NO.5964
PASS PATTERN NO.5965
PASS PATTERN NO.5966
PASS PATTERN NO.5967
PASS PATTERN NO.5968
PASS PATTERN NO.5969
PASS PATTERN NO.5970
PASS PATTERN NO.5971
PASS PATTERN NO.5972
PASS PATTERN NO.5973
PASS PATTERN NO.5974
PASS PATTERN NO.5975
PASS PATTERN NO.5976
PASS PATTERN NO.5977
PASS PATTERN NO.5978
PASS PATTERN NO.5979
PASS PATTERN NO.5980
PASS PATTERN NO.5981
PASS PATTERN NO.5982
PASS PATTERN NO.5983
PASS PATTERN NO.5984
PASS PATTERN NO.5985
PASS PATTERN NO.5986
PASS PATTERN NO.5987
PASS PATTERN NO.5988
PASS PATTERN NO.5989
PASS PATTERN NO.5990
PASS PATTERN NO.5991
PASS PATTERN NO.5992
PASS PATTERN NO.5993
PASS PATTERN NO.5994
PASS PATTERN NO.5995
PASS PATTERN NO.5996
PASS PATTERN NO.5997
PASS PATTERN NO.5998
PASS PATTERN NO.5999
PASS PATTERN NO.6000
PASS PATTERN NO.6001
PASS PATTERN NO.6002
PASS PATTERN NO.6003
PASS PATTERN NO.6004
PASS PATTERN NO.6005
PASS PATTERN NO.6006
PASS PATTERN NO.6007
PASS PATTERN NO.6008
PASS PATTERN NO.6009
PASS PATTERN NO.6010
PASS PATTERN NO.6011
PASS PATTERN NO.6012
PASS PATTERN NO.6013
PASS PATTERN NO.6014
PASS PATTERN NO.6015
PASS PATTERN NO.6016
PASS PATTERN NO.6017
PASS PATTERN NO.6018
PASS PATTERN NO.6019
PASS PATTERN NO.6020
PASS PATTERN NO.6021
PASS PATTERN NO.6022
PASS PATTERN NO.6023
PASS PATTERN NO.6024
PASS PATTERN NO.6025
PASS PATTERN NO.6026
PASS PATTERN NO.6027
PASS PATTERN NO.6028
PASS PATTERN NO.6029
PASS PATTERN NO.6030
PASS PATTERN NO.6031
PASS PATTERN NO.6032
PASS PATTERN NO.6033
PASS PATTERN NO.6034
PASS PATTERN NO.6035
PASS PATTERN NO.6036
PASS PATTERN NO.6037
PASS PATTERN NO.6038
PASS PATTERN NO.6039
PASS PATTERN NO.6040
PASS PATTERN NO.6041
PASS PATTERN NO.6042
PASS PATTERN NO.6043
PASS PATTERN NO.6044
PASS PATTERN NO.6045
PASS PATTERN NO.6046
PASS PATTERN NO.6047
PASS PATTERN NO.6048
PASS PATTERN NO.6049
PASS PATTERN NO.6050
PASS PATTERN NO.6051
PASS PATTERN NO.6052
PASS PATTERN NO.6053
PASS PATTERN NO.6054
PASS PATTERN NO.6055
PASS PATTERN NO.6056
PASS PATTERN NO.6057
PASS PATTERN NO.6058
PASS PATTERN NO.6059
PASS PATTERN NO.6060
PASS PATTERN NO.6061
PASS PATTERN NO.6062
PASS PATTERN NO.6063
PASS PATTERN NO.6064
PASS PATTERN NO.6065
PASS PATTERN NO.6066
PASS PATTERN NO.6067
PASS PATTERN NO.6068
PASS PATTERN NO.6069
PASS PATTERN NO.6070
PASS PATTERN NO.6071
PASS PATTERN NO.6072
PASS PATTERN NO.6073
PASS PATTERN NO.6074
PASS PATTERN NO.6075
PASS PATTERN NO.6076
PASS PATTERN NO.6077
PASS PATTERN NO.6078
PASS PATTERN NO.6079
PASS PATTERN NO.6080
PASS PATTERN NO.6081
PASS PATTERN NO.6082
PASS PATTERN NO.6083
PASS PATTERN NO.6084
PASS PATTERN NO.6085
PASS PATTERN NO.6086
PASS PATTERN NO.6087
PASS PATTERN NO.6088
PASS PATTERN NO.6089
PASS PATTERN NO.6090
PASS PATTERN NO.6091
PASS PATTERN NO.6092
PASS PATTERN NO.6093
PASS PATTERN NO.6094
PASS PATTERN NO.6095
PASS PATTERN NO.6096
PASS PATTERN NO.6097
PASS PATTERN NO.6098
PASS PATTERN NO.6099
PASS PATTERN NO.6100
PASS PATTERN NO.6101
PASS PATTERN NO.6102
PASS PATTERN NO.6103
PASS PATTERN NO.6104
PASS PATTERN NO.6105
PASS PATTERN NO.6106
PASS PATTERN NO.6107
PASS PATTERN NO.6108
PASS PATTERN NO.6109
PASS PATTERN NO.6110
PASS PATTERN NO.6111
PASS PATTERN NO.6112
PASS PATTERN NO.6113
PASS PATTERN NO.6114
PASS PATTERN NO.6115
PASS PATTERN NO.6116
PASS PATTERN NO.6117
PASS PATTERN NO.6118
PASS PATTERN NO.6119
PASS PATTERN NO.6120
PASS PATTERN NO.6121
PASS PATTERN NO.6122
PASS PATTERN NO.6123
PASS PATTERN NO.6124
PASS PATTERN NO.6125
PASS PATTERN NO.6126
PASS PATTERN NO.6127
PASS PATTERN NO.6128
PASS PATTERN NO.6129
PASS PATTERN NO.6130
PASS PATTERN NO.6131
PASS PATTERN NO.6132
PASS PATTERN NO.6133
PASS PATTERN NO.6134
PASS PATTERN NO.6135
PASS PATTERN NO.6136
PASS PATTERN NO.6137
PASS PATTERN NO.6138
PASS PATTERN NO.6139
PASS PATTERN NO.6140
PASS PATTERN NO.6141
PASS PATTERN NO.6142
PASS PATTERN NO.6143
PASS PATTERN NO.6144
PASS PATTERN NO.6145
PASS PATTERN NO.6146
PASS PATTERN NO.6147
PASS PATTERN NO.6148
PASS PATTERN NO.6149
PASS PATTERN NO.6150
PASS PATTERN NO.6151
PASS PATTERN NO.6152
PASS PATTERN NO.6153
PASS PATTERN NO.6154
PASS PATTERN NO.6155
PASS PATTERN NO.6156
PASS PATTERN NO.6157
PASS PATTERN NO.6158
PASS PATTERN NO.6159
PASS PATTERN NO.6160
PASS PATTERN NO.6161
PASS PATTERN NO.6162
PASS PATTERN NO.6163
PASS PATTERN NO.6164
PASS PATTERN NO.6165
PASS PATTERN NO.6166
PASS PATTERN NO.6167
PASS PATTERN NO.6168
PASS PATTERN NO.6169
PASS PATTERN NO.6170
PASS PATTERN NO.6171
PASS PATTERN NO.6172
PASS PATTERN NO.6173
PASS PATTERN NO.6174
PASS PATTERN NO.6175
PASS PATTERN NO.6176
PASS PATTERN NO.6177
PASS PATTERN NO.6178
PASS PATTERN NO.6179
PASS PATTERN NO.6180
PASS PATTERN NO.6181
PASS PATTERN NO.6182
PASS PATTERN NO.6183
PASS PATTERN NO.6184
PASS PATTERN NO.6185
PASS PATTERN NO.6186
PASS PATTERN NO.6187
PASS PATTERN NO.6188
PASS PATTERN NO.6189
PASS PATTERN NO.6190
PASS PATTERN NO.6191
PASS PATTERN NO.6192
PASS PATTERN NO.6193
PASS PATTERN NO.6194
PASS PATTERN NO.6195
PASS PATTERN NO.6196
PASS PATTERN NO.6197
PASS PATTERN NO.6198
PASS PATTERN NO.6199
PASS PATTERN NO.6200
PASS PATTERN NO.6201
PASS PATTERN NO.6202
PASS PATTERN NO.6203
PASS PATTERN NO.6204
PASS PATTERN NO.6205
PASS PATTERN NO.6206
PASS PATTERN NO.6207
PASS PATTERN NO.6208
PASS PATTERN NO.6209
PASS PATTERN NO.6210
PASS PATTERN NO.6211
PASS PATTERN NO.6212
PASS PATTERN NO.6213
PASS PATTERN NO.6214
PASS PATTERN NO.6215
PASS PATTERN NO.6216
PASS PATTERN NO.6217
PASS PATTERN NO.6218
PASS PATTERN NO.6219
PASS PATTERN NO.6220
PASS PATTERN NO.6221
PASS PATTERN NO.6222
PASS PATTERN NO.6223
PASS PATTERN NO.6224
PASS PATTERN NO.6225
PASS PATTERN NO.6226
PASS PATTERN NO.6227
PASS PATTERN NO.6228
PASS PATTERN NO.6229
PASS PATTERN NO.6230
PASS PATTERN NO.6231
PASS PATTERN NO.6232
PASS PATTERN NO.6233
PASS PATTERN NO.6234
PASS PATTERN NO.6235
PASS PATTERN NO.6236
PASS PATTERN NO.6237
PASS PATTERN NO.6238
PASS PATTERN NO.6239
PASS PATTERN NO.6240
PASS PATTERN NO.6241
PASS PATTERN NO.6242
PASS PATTERN NO.6243
PASS PATTERN NO.6244
PASS PATTERN NO.6245
PASS PATTERN NO.6246
PASS PATTERN NO.6247
PASS PATTERN NO.6248
PASS PATTERN NO.6249
PASS PATTERN NO.6250
PASS PATTERN NO.6251
PASS PATTERN NO.6252
PASS PATTERN NO.6253
PASS PATTERN NO.6254
PASS PATTERN NO.6255
PASS PATTERN NO.6256
PASS PATTERN NO.6257
PASS PATTERN NO.6258
PASS PATTERN NO.6259
PASS PATTERN NO.6260
PASS PATTERN NO.6261
PASS PATTERN NO.6262
PASS PATTERN NO.6263
PASS PATTERN NO.6264
PASS PATTERN NO.6265
PASS PATTERN NO.6266
PASS PATTERN NO.6267
PASS PATTERN NO.6268
PASS PATTERN NO.6269
PASS PATTERN NO.6270
PASS PATTERN NO.6271
PASS PATTERN NO.6272
PASS PATTERN NO.6273
PASS PATTERN NO.6274
PASS PATTERN NO.6275
PASS PATTERN NO.6276
PASS PATTERN NO.6277
PASS PATTERN NO.6278
PASS PATTERN NO.6279
PASS PATTERN NO.6280
PASS PATTERN NO.6281
PASS PATTERN NO.6282
PASS PATTERN NO.6283
PASS PATTERN NO.6284
PASS PATTERN NO.6285
PASS PATTERN NO.6286
PASS PATTERN NO.6287
PASS PATTERN NO.6288
PASS PATTERN NO.6289
PASS PATTERN NO.6290
PASS PATTERN NO.6291
PASS PATTERN NO.6292
PASS PATTERN NO.6293
PASS PATTERN NO.6294
PASS PATTERN NO.6295
PASS PATTERN NO.6296
PASS PATTERN NO.6297
PASS PATTERN NO.6298
PASS PATTERN NO.6299
PASS PATTERN NO.6300
PASS PATTERN NO.6301
PASS PATTERN NO.6302
PASS PATTERN NO.6303
PASS PATTERN NO.6304
PASS PATTERN NO.6305
PASS PATTERN NO.6306
PASS PATTERN NO.6307
PASS PATTERN NO.6308
PASS PATTERN NO.6309
PASS PATTERN NO.6310
PASS PATTERN NO.6311
PASS PATTERN NO.6312
PASS PATTERN NO.6313
PASS PATTERN NO.6314
PASS PATTERN NO.6315
PASS PATTERN NO.6316
PASS PATTERN NO.6317
PASS PATTERN NO.6318
PASS PATTERN NO.6319
PASS PATTERN NO.6320
PASS PATTERN NO.6321
PASS PATTERN NO.6322
PASS PATTERN NO.6323
PASS PATTERN NO.6324
PASS PATTERN NO.6325
PASS PATTERN NO.6326
PASS PATTERN NO.6327
PASS PATTERN NO.6328
PASS PATTERN NO.6329
PASS PATTERN NO.6330
PASS PATTERN NO.6331
PASS PATTERN NO.6332
PASS PATTERN NO.6333
PASS PATTERN NO.6334
PASS PATTERN NO.6335
PASS PATTERN NO.6336
PASS PATTERN NO.6337
PASS PATTERN NO.6338
PASS PATTERN NO.6339
PASS PATTERN NO.6340
PASS PATTERN NO.6341
PASS PATTERN NO.6342
PASS PATTERN NO.6343
PASS PATTERN NO.6344
PASS PATTERN NO.6345
PASS PATTERN NO.6346
PASS PATTERN NO.6347
PASS PATTERN NO.6348
PASS PATTERN NO.6349
PASS PATTERN NO.6350
PASS PATTERN NO.6351
PASS PATTERN NO.6352
PASS PATTERN NO.6353
PASS PATTERN NO.6354
PASS PATTERN NO.6355
PASS PATTERN NO.6356
PASS PATTERN NO.6357
PASS PATTERN NO.6358
PASS PATTERN NO.6359
PASS PATTERN NO.6360
PASS PATTERN NO.6361
PASS PATTERN NO.6362
PASS PATTERN NO.6363
PASS PATTERN NO.6364
PASS PATTERN NO.6365
PASS PATTERN NO.6366
PASS PATTERN NO.6367
PASS PATTERN NO.6368
PASS PATTERN NO.6369
PASS PATTERN NO.6370
PASS PATTERN NO.6371
PASS PATTERN NO.6372
PASS PATTERN NO.6373
PASS PATTERN NO.6374
PASS PATTERN NO.6375
PASS PATTERN NO.6376
PASS PATTERN NO.6377
PASS PATTERN NO.6378
PASS PATTERN NO.6379
PASS PATTERN NO.6380
PASS PATTERN NO.6381
PASS PATTERN NO.6382
PASS PATTERN NO.6383
PASS PATTERN NO.6384
PASS PATTERN NO.6385
PASS PATTERN NO.6386
PASS PATTERN NO.6387
PASS PATTERN NO.6388
PASS PATTERN NO.6389
PASS PATTERN NO.6390
PASS PATTERN NO.6391
PASS PATTERN NO.6392
PASS PATTERN NO.6393
PASS PATTERN NO.6394
PASS PATTERN NO.6395
PASS PATTERN NO.6396
PASS PATTERN NO.6397
PASS PATTERN NO.6398
PASS PATTERN NO.6399
PASS PATTERN NO.6400
PASS PATTERN NO.6401
PASS PATTERN NO.6402
PASS PATTERN NO.6403
PASS PATTERN NO.6404
PASS PATTERN NO.6405
PASS PATTERN NO.6406
PASS PATTERN NO.6407
PASS PATTERN NO.6408
PASS PATTERN NO.6409
PASS PATTERN NO.6410
PASS PATTERN NO.6411
PASS PATTERN NO.6412
PASS PATTERN NO.6413
PASS PATTERN NO.6414
PASS PATTERN NO.6415
PASS PATTERN NO.6416
PASS PATTERN NO.6417
PASS PATTERN NO.6418
PASS PATTERN NO.6419
PASS PATTERN NO.6420
PASS PATTERN NO.6421
PASS PATTERN NO.6422
PASS PATTERN NO.6423
PASS PATTERN NO.6424
PASS PATTERN NO.6425
PASS PATTERN NO.6426
PASS PATTERN NO.6427
PASS PATTERN NO.6428
PASS PATTERN NO.6429
PASS PATTERN NO.6430
PASS PATTERN NO.6431
PASS PATTERN NO.6432
PASS PATTERN NO.6433
PASS PATTERN NO.6434
PASS PATTERN NO.6435
PASS PATTERN NO.6436
PASS PATTERN NO.6437
PASS PATTERN NO.6438
PASS PATTERN NO.6439
PASS PATTERN NO.6440
PASS PATTERN NO.6441
PASS PATTERN NO.6442
PASS PATTERN NO.6443
PASS PATTERN NO.6444
PASS PATTERN NO.6445
PASS PATTERN NO.6446
PASS PATTERN NO.6447
PASS PATTERN NO.6448
PASS PATTERN NO.6449
PASS PATTERN NO.6450
PASS PATTERN NO.6451
PASS PATTERN NO.6452
PASS PATTERN NO.6453
PASS PATTERN NO.6454
PASS PATTERN NO.6455
PASS PATTERN NO.6456
PASS PATTERN NO.6457
PASS PATTERN NO.6458
PASS PATTERN NO.6459
PASS PATTERN NO.6460
PASS PATTERN NO.6461
PASS PATTERN NO.6462
PASS PATTERN NO.6463
PASS PATTERN NO.6464
PASS PATTERN NO.6465
PASS PATTERN NO.6466
PASS PATTERN NO.6467
PASS PATTERN NO.6468
PASS PATTERN NO.6469
PASS PATTERN NO.6470
PASS PATTERN NO.6471
PASS PATTERN NO.6472
PASS PATTERN NO.6473
PASS PATTERN NO.6474
PASS PATTERN NO.6475
PASS PATTERN NO.6476
PASS PATTERN NO.6477
PASS PATTERN NO.6478
PASS PATTERN NO.6479
PASS PATTERN NO.6480
PASS PATTERN NO.6481
PASS PATTERN NO.6482
PASS PATTERN NO.6483
PASS PATTERN NO.6484
PASS PATTERN NO.6485
PASS PATTERN NO.6486
PASS PATTERN NO.6487
PASS PATTERN NO.6488
PASS PATTERN NO.6489
PASS PATTERN NO.6490
PASS PATTERN NO.6491
PASS PATTERN NO.6492
PASS PATTERN NO.6493
PASS PATTERN NO.6494
PASS PATTERN NO.6495
PASS PATTERN NO.6496
PASS PATTERN NO.6497
PASS PATTERN NO.6498
PASS PATTERN NO.6499
PASS PATTERN NO.6500
PASS PATTERN NO.6501
PASS PATTERN NO.6502
PASS PATTERN NO.6503
PASS PATTERN NO.6504
PASS PATTERN NO.6505
PASS PATTERN NO.6506
PASS PATTERN NO.6507
PASS PATTERN NO.6508
PASS PATTERN NO.6509
PASS PATTERN NO.6510
PASS PATTERN NO.6511
PASS PATTERN NO.6512
PASS PATTERN NO.6513
PASS PATTERN NO.6514
PASS PATTERN NO.6515
PASS PATTERN NO.6516
PASS PATTERN NO.6517
PASS PATTERN NO.6518
PASS PATTERN NO.6519
PASS PATTERN NO.6520
PASS PATTERN NO.6521
PASS PATTERN NO.6522
PASS PATTERN NO.6523
PASS PATTERN NO.6524
PASS PATTERN NO.6525
PASS PATTERN NO.6526
PASS PATTERN NO.6527
PASS PATTERN NO.6528
PASS PATTERN NO.6529
PASS PATTERN NO.6530
PASS PATTERN NO.6531
PASS PATTERN NO.6532
PASS PATTERN NO.6533
PASS PATTERN NO.6534
PASS PATTERN NO.6535
PASS PATTERN NO.6536
PASS PATTERN NO.6537
PASS PATTERN NO.6538
PASS PATTERN NO.6539
PASS PATTERN NO.6540
PASS PATTERN NO.6541
PASS PATTERN NO.6542
PASS PATTERN NO.6543
PASS PATTERN NO.6544
PASS PATTERN NO.6545
PASS PATTERN NO.6546
PASS PATTERN NO.6547
PASS PATTERN NO.6548
PASS PATTERN NO.6549
PASS PATTERN NO.6550
PASS PATTERN NO.6551
PASS PATTERN NO.6552
PASS PATTERN NO.6553
PASS PATTERN NO.6554
PASS PATTERN NO.6555
PASS PATTERN NO.6556
PASS PATTERN NO.6557
PASS PATTERN NO.6558
PASS PATTERN NO.6559
PASS PATTERN NO.6560
PASS PATTERN NO.6561
PASS PATTERN NO.6562
PASS PATTERN NO.6563
PASS PATTERN NO.6564
PASS PATTERN NO.6565
PASS PATTERN NO.6566
PASS PATTERN NO.6567
PASS PATTERN NO.6568
PASS PATTERN NO.6569
PASS PATTERN NO.6570
PASS PATTERN NO.6571
PASS PATTERN NO.6572
PASS PATTERN NO.6573
PASS PATTERN NO.6574
PASS PATTERN NO.6575
PASS PATTERN NO.6576
PASS PATTERN NO.6577
PASS PATTERN NO.6578
PASS PATTERN NO.6579
PASS PATTERN NO.6580
PASS PATTERN NO.6581
PASS PATTERN NO.6582
PASS PATTERN NO.6583
PASS PATTERN NO.6584
PASS PATTERN NO.6585
PASS PATTERN NO.6586
PASS PATTERN NO.6587
PASS PATTERN NO.6588
PASS PATTERN NO.6589
PASS PATTERN NO.6590
PASS PATTERN NO.6591
PASS PATTERN NO.6592
PASS PATTERN NO.6593
PASS PATTERN NO.6594
PASS PATTERN NO.6595
PASS PATTERN NO.6596
PASS PATTERN NO.6597
PASS PATTERN NO.6598
PASS PATTERN NO.6599
PASS PATTERN NO.6600
PASS PATTERN NO.6601
PASS PATTERN NO.6602
PASS PATTERN NO.6603
PASS PATTERN NO.6604
PASS PATTERN NO.6605
PASS PATTERN NO.6606
PASS PATTERN NO.6607
PASS PATTERN NO.6608
PASS PATTERN NO.6609
PASS PATTERN NO.6610
PASS PATTERN NO.6611
PASS PATTERN NO.6612
PASS PATTERN NO.6613
PASS PATTERN NO.6614
PASS PATTERN NO.6615
PASS PATTERN NO.6616
PASS PATTERN NO.6617
PASS PATTERN NO.6618
PASS PATTERN NO.6619
PASS PATTERN NO.6620
PASS PATTERN NO.6621
PASS PATTERN NO.6622
PASS PATTERN NO.6623
PASS PATTERN NO.6624
PASS PATTERN NO.6625
PASS PATTERN NO.6626
PASS PATTERN NO.6627
PASS PATTERN NO.6628
PASS PATTERN NO.6629
PASS PATTERN NO.6630
PASS PATTERN NO.6631
PASS PATTERN NO.6632
PASS PATTERN NO.6633
PASS PATTERN NO.6634
PASS PATTERN NO.6635
PASS PATTERN NO.6636
PASS PATTERN NO.6637
PASS PATTERN NO.6638
PASS PATTERN NO.6639
PASS PATTERN NO.6640
PASS PATTERN NO.6641
PASS PATTERN NO.6642
PASS PATTERN NO.6643
PASS PATTERN NO.6644
PASS PATTERN NO.6645
PASS PATTERN NO.6646
PASS PATTERN NO.6647
PASS PATTERN NO.6648
PASS PATTERN NO.6649
PASS PATTERN NO.6650
PASS PATTERN NO.6651
PASS PATTERN NO.6652
PASS PATTERN NO.6653
PASS PATTERN NO.6654
PASS PATTERN NO.6655
PASS PATTERN NO.6656
PASS PATTERN NO.6657
PASS PATTERN NO.6658
PASS PATTERN NO.6659
PASS PATTERN NO.6660
PASS PATTERN NO.6661
PASS PATTERN NO.6662
PASS PATTERN NO.6663
PASS PATTERN NO.6664
PASS PATTERN NO.6665
PASS PATTERN NO.6666
PASS PATTERN NO.6667
PASS PATTERN NO.6668
PASS PATTERN NO.6669
PASS PATTERN NO.6670
PASS PATTERN NO.6671
PASS PATTERN NO.6672
PASS PATTERN NO.6673
PASS PATTERN NO.6674
PASS PATTERN NO.6675
PASS PATTERN NO.6676
PASS PATTERN NO.6677
PASS PATTERN NO.6678
PASS PATTERN NO.6679
PASS PATTERN NO.6680
PASS PATTERN NO.6681
PASS PATTERN NO.6682
PASS PATTERN NO.6683
PASS PATTERN NO.6684
PASS PATTERN NO.6685
PASS PATTERN NO.6686
PASS PATTERN NO.6687
PASS PATTERN NO.6688
PASS PATTERN NO.6689
PASS PATTERN NO.6690
PASS PATTERN NO.6691
PASS PATTERN NO.6692
PASS PATTERN NO.6693
PASS PATTERN NO.6694
PASS PATTERN NO.6695
PASS PATTERN NO.6696
PASS PATTERN NO.6697
PASS PATTERN NO.6698
PASS PATTERN NO.6699
PASS PATTERN NO.6700
PASS PATTERN NO.6701
PASS PATTERN NO.6702
PASS PATTERN NO.6703
PASS PATTERN NO.6704
PASS PATTERN NO.6705
PASS PATTERN NO.6706
PASS PATTERN NO.6707
PASS PATTERN NO.6708
PASS PATTERN NO.6709
PASS PATTERN NO.6710
PASS PATTERN NO.6711
PASS PATTERN NO.6712
PASS PATTERN NO.6713
PASS PATTERN NO.6714
PASS PATTERN NO.6715
PASS PATTERN NO.6716
PASS PATTERN NO.6717
PASS PATTERN NO.6718
PASS PATTERN NO.6719
PASS PATTERN NO.6720
PASS PATTERN NO.6721
PASS PATTERN NO.6722
PASS PATTERN NO.6723
PASS PATTERN NO.6724
PASS PATTERN NO.6725
PASS PATTERN NO.6726
PASS PATTERN NO.6727
PASS PATTERN NO.6728
PASS PATTERN NO.6729
PASS PATTERN NO.6730
PASS PATTERN NO.6731
PASS PATTERN NO.6732
PASS PATTERN NO.6733
PASS PATTERN NO.6734
PASS PATTERN NO.6735
PASS PATTERN NO.6736
PASS PATTERN NO.6737
PASS PATTERN NO.6738
PASS PATTERN NO.6739
PASS PATTERN NO.6740
PASS PATTERN NO.6741
PASS PATTERN NO.6742
PASS PATTERN NO.6743
PASS PATTERN NO.6744
PASS PATTERN NO.6745
PASS PATTERN NO.6746
PASS PATTERN NO.6747
PASS PATTERN NO.6748
PASS PATTERN NO.6749
PASS PATTERN NO.6750
PASS PATTERN NO.6751
PASS PATTERN NO.6752
PASS PATTERN NO.6753
PASS PATTERN NO.6754
PASS PATTERN NO.6755
PASS PATTERN NO.6756
PASS PATTERN NO.6757
PASS PATTERN NO.6758
PASS PATTERN NO.6759
PASS PATTERN NO.6760
PASS PATTERN NO.6761
PASS PATTERN NO.6762
PASS PATTERN NO.6763
PASS PATTERN NO.6764
PASS PATTERN NO.6765
PASS PATTERN NO.6766
PASS PATTERN NO.6767
PASS PATTERN NO.6768
PASS PATTERN NO.6769
PASS PATTERN NO.6770
PASS PATTERN NO.6771
PASS PATTERN NO.6772
PASS PATTERN NO.6773
PASS PATTERN NO.6774
PASS PATTERN NO.6775
PASS PATTERN NO.6776
PASS PATTERN NO.6777
PASS PATTERN NO.6778
PASS PATTERN NO.6779
PASS PATTERN NO.6780
PASS PATTERN NO.6781
PASS PATTERN NO.6782
PASS PATTERN NO.6783
PASS PATTERN NO.6784
PASS PATTERN NO.6785
PASS PATTERN NO.6786
PASS PATTERN NO.6787
PASS PATTERN NO.6788
PASS PATTERN NO.6789
PASS PATTERN NO.6790
PASS PATTERN NO.6791
PASS PATTERN NO.6792
PASS PATTERN NO.6793
PASS PATTERN NO.6794
PASS PATTERN NO.6795
PASS PATTERN NO.6796
PASS PATTERN NO.6797
PASS PATTERN NO.6798
PASS PATTERN NO.6799
PASS PATTERN NO.6800
PASS PATTERN NO.6801
PASS PATTERN NO.6802
PASS PATTERN NO.6803
PASS PATTERN NO.6804
PASS PATTERN NO.6805
PASS PATTERN NO.6806
PASS PATTERN NO.6807
PASS PATTERN NO.6808
PASS PATTERN NO.6809
PASS PATTERN NO.6810
PASS PATTERN NO.6811
PASS PATTERN NO.6812
PASS PATTERN NO.6813
PASS PATTERN NO.6814
PASS PATTERN NO.6815
PASS PATTERN NO.6816
PASS PATTERN NO.6817
PASS PATTERN NO.6818
PASS PATTERN NO.6819
PASS PATTERN NO.6820
PASS PATTERN NO.6821
PASS PATTERN NO.6822
PASS PATTERN NO.6823
PASS PATTERN NO.6824
PASS PATTERN NO.6825
PASS PATTERN NO.6826
PASS PATTERN NO.6827
PASS PATTERN NO.6828
PASS PATTERN NO.6829
PASS PATTERN NO.6830
PASS PATTERN NO.6831
PASS PATTERN NO.6832
PASS PATTERN NO.6833
PASS PATTERN NO.6834
PASS PATTERN NO.6835
PASS PATTERN NO.6836
PASS PATTERN NO.6837
PASS PATTERN NO.6838
PASS PATTERN NO.6839
PASS PATTERN NO.6840
PASS PATTERN NO.6841
PASS PATTERN NO.6842
PASS PATTERN NO.6843
PASS PATTERN NO.6844
PASS PATTERN NO.6845
PASS PATTERN NO.6846
PASS PATTERN NO.6847
PASS PATTERN NO.6848
PASS PATTERN NO.6849
PASS PATTERN NO.6850
PASS PATTERN NO.6851
PASS PATTERN NO.6852
PASS PATTERN NO.6853
PASS PATTERN NO.6854
PASS PATTERN NO.6855
PASS PATTERN NO.6856
PASS PATTERN NO.6857
PASS PATTERN NO.6858
PASS PATTERN NO.6859
PASS PATTERN NO.6860
PASS PATTERN NO.6861
PASS PATTERN NO.6862
PASS PATTERN NO.6863
PASS PATTERN NO.6864
PASS PATTERN NO.6865
PASS PATTERN NO.6866
PASS PATTERN NO.6867
PASS PATTERN NO.6868
PASS PATTERN NO.6869
PASS PATTERN NO.6870
PASS PATTERN NO.6871
PASS PATTERN NO.6872
PASS PATTERN NO.6873
PASS PATTERN NO.6874
PASS PATTERN NO.6875
PASS PATTERN NO.6876
PASS PATTERN NO.6877
PASS PATTERN NO.6878
PASS PATTERN NO.6879
PASS PATTERN NO.6880
PASS PATTERN NO.6881
PASS PATTERN NO.6882
PASS PATTERN NO.6883
PASS PATTERN NO.6884
PASS PATTERN NO.6885
PASS PATTERN NO.6886
PASS PATTERN NO.6887
PASS PATTERN NO.6888
PASS PATTERN NO.6889
PASS PATTERN NO.6890
PASS PATTERN NO.6891
PASS PATTERN NO.6892
PASS PATTERN NO.6893
PASS PATTERN NO.6894
PASS PATTERN NO.6895
PASS PATTERN NO.6896
PASS PATTERN NO.6897
PASS PATTERN NO.6898
PASS PATTERN NO.6899
PASS PATTERN NO.6900
PASS PATTERN NO.6901
PASS PATTERN NO.6902
PASS PATTERN NO.6903
PASS PATTERN NO.6904
PASS PATTERN NO.6905
PASS PATTERN NO.6906
PASS PATTERN NO.6907
PASS PATTERN NO.6908
PASS PATTERN NO.6909
PASS PATTERN NO.6910
PASS PATTERN NO.6911
PASS PATTERN NO.6912
PASS PATTERN NO.6913
PASS PATTERN NO.6914
PASS PATTERN NO.6915
PASS PATTERN NO.6916
PASS PATTERN NO.6917
PASS PATTERN NO.6918
PASS PATTERN NO.6919
PASS PATTERN NO.6920
PASS PATTERN NO.6921
PASS PATTERN NO.6922
PASS PATTERN NO.6923
PASS PATTERN NO.6924
PASS PATTERN NO.6925
PASS PATTERN NO.6926
PASS PATTERN NO.6927
PASS PATTERN NO.6928
PASS PATTERN NO.6929
PASS PATTERN NO.6930
PASS PATTERN NO.6931
PASS PATTERN NO.6932
PASS PATTERN NO.6933
PASS PATTERN NO.6934
PASS PATTERN NO.6935
PASS PATTERN NO.6936
PASS PATTERN NO.6937
PASS PATTERN NO.6938
PASS PATTERN NO.6939
PASS PATTERN NO.6940
PASS PATTERN NO.6941
PASS PATTERN NO.6942
PASS PATTERN NO.6943
PASS PATTERN NO.6944
PASS PATTERN NO.6945
PASS PATTERN NO.6946
PASS PATTERN NO.6947
PASS PATTERN NO.6948
PASS PATTERN NO.6949
PASS PATTERN NO.6950
PASS PATTERN NO.6951
PASS PATTERN NO.6952
PASS PATTERN NO.6953
PASS PATTERN NO.6954
PASS PATTERN NO.6955
PASS PATTERN NO.6956
PASS PATTERN NO.6957
PASS PATTERN NO.6958
PASS PATTERN NO.6959
PASS PATTERN NO.6960
PASS PATTERN NO.6961
PASS PATTERN NO.6962
PASS PATTERN NO.6963
PASS PATTERN NO.6964
PASS PATTERN NO.6965
PASS PATTERN NO.6966
PASS PATTERN NO.6967
PASS PATTERN NO.6968
PASS PATTERN NO.6969
PASS PATTERN NO.6970
PASS PATTERN NO.6971
PASS PATTERN NO.6972
PASS PATTERN NO.6973
PASS PATTERN NO.6974
PASS PATTERN NO.6975
PASS PATTERN NO.6976
PASS PATTERN NO.6977
PASS PATTERN NO.6978
PASS PATTERN NO.6979
PASS PATTERN NO.6980
PASS PATTERN NO.6981
PASS PATTERN NO.6982
PASS PATTERN NO.6983
PASS PATTERN NO.6984
PASS PATTERN NO.6985
PASS PATTERN NO.6986
PASS PATTERN NO.6987
PASS PATTERN NO.6988
PASS PATTERN NO.6989
PASS PATTERN NO.6990
PASS PATTERN NO.6991
PASS PATTERN NO.6992
PASS PATTERN NO.6993
PASS PATTERN NO.6994
PASS PATTERN NO.6995
PASS PATTERN NO.6996
PASS PATTERN NO.6997
PASS PATTERN NO.6998
PASS PATTERN NO.6999
PASS PATTERN NO.7000
PASS PATTERN NO.7001
PASS PATTERN NO.7002
PASS PATTERN NO.7003
PASS PATTERN NO.7004
PASS PATTERN NO.7005
PASS PATTERN NO.7006
PASS PATTERN NO.7007
PASS PATTERN NO.7008
PASS PATTERN NO.7009
PASS PATTERN NO.7010
PASS PATTERN NO.7011
PASS PATTERN NO.7012
PASS PATTERN NO.7013
PASS PATTERN NO.7014
PASS PATTERN NO.7015
PASS PATTERN NO.7016
PASS PATTERN NO.7017
PASS PATTERN NO.7018
PASS PATTERN NO.7019
PASS PATTERN NO.7020
PASS PATTERN NO.7021
PASS PATTERN NO.7022
PASS PATTERN NO.7023
PASS PATTERN NO.7024
PASS PATTERN NO.7025
PASS PATTERN NO.7026
PASS PATTERN NO.7027
PASS PATTERN NO.7028
PASS PATTERN NO.7029
PASS PATTERN NO.7030
PASS PATTERN NO.7031
PASS PATTERN NO.7032
PASS PATTERN NO.7033
PASS PATTERN NO.7034
PASS PATTERN NO.7035
PASS PATTERN NO.7036
PASS PATTERN NO.7037
PASS PATTERN NO.7038
PASS PATTERN NO.7039
PASS PATTERN NO.7040
PASS PATTERN NO.7041
PASS PATTERN NO.7042
PASS PATTERN NO.7043
PASS PATTERN NO.7044
PASS PATTERN NO.7045
PASS PATTERN NO.7046
PASS PATTERN NO.7047
PASS PATTERN NO.7048
PASS PATTERN NO.7049
PASS PATTERN NO.7050
PASS PATTERN NO.7051
PASS PATTERN NO.7052
PASS PATTERN NO.7053
PASS PATTERN NO.7054
PASS PATTERN NO.7055
PASS PATTERN NO.7056
PASS PATTERN NO.7057
PASS PATTERN NO.7058
PASS PATTERN NO.7059
PASS PATTERN NO.7060
PASS PATTERN NO.7061
PASS PATTERN NO.7062
PASS PATTERN NO.7063
PASS PATTERN NO.7064
PASS PATTERN NO.7065
PASS PATTERN NO.7066
PASS PATTERN NO.7067
PASS PATTERN NO.7068
PASS PATTERN NO.7069
PASS PATTERN NO.7070
PASS PATTERN NO.7071
PASS PATTERN NO.7072
PASS PATTERN NO.7073
PASS PATTERN NO.7074
PASS PATTERN NO.7075
PASS PATTERN NO.7076
PASS PATTERN NO.7077
PASS PATTERN NO.7078
PASS PATTERN NO.7079
PASS PATTERN NO.7080
PASS PATTERN NO.7081
PASS PATTERN NO.7082
PASS PATTERN NO.7083
PASS PATTERN NO.7084
PASS PATTERN NO.7085
PASS PATTERN NO.7086
PASS PATTERN NO.7087
PASS PATTERN NO.7088
PASS PATTERN NO.7089
PASS PATTERN NO.7090
PASS PATTERN NO.7091
PASS PATTERN NO.7092
PASS PATTERN NO.7093
PASS PATTERN NO.7094
PASS PATTERN NO.7095
PASS PATTERN NO.7096
PASS PATTERN NO.7097
PASS PATTERN NO.7098
PASS PATTERN NO.7099
PASS PATTERN NO.7100
PASS PATTERN NO.7101
PASS PATTERN NO.7102
PASS PATTERN NO.7103
PASS PATTERN NO.7104
PASS PATTERN NO.7105
PASS PATTERN NO.7106
PASS PATTERN NO.7107
PASS PATTERN NO.7108
PASS PATTERN NO.7109
PASS PATTERN NO.7110
PASS PATTERN NO.7111
PASS PATTERN NO.7112
PASS PATTERN NO.7113
PASS PATTERN NO.7114
PASS PATTERN NO.7115
PASS PATTERN NO.7116
PASS PATTERN NO.7117
PASS PATTERN NO.7118
PASS PATTERN NO.7119
PASS PATTERN NO.7120
PASS PATTERN NO.7121
PASS PATTERN NO.7122
PASS PATTERN NO.7123
PASS PATTERN NO.7124
PASS PATTERN NO.7125
PASS PATTERN NO.7126
PASS PATTERN NO.7127
PASS PATTERN NO.7128
PASS PATTERN NO.7129
PASS PATTERN NO.7130
PASS PATTERN NO.7131
PASS PATTERN NO.7132
PASS PATTERN NO.7133
PASS PATTERN NO.7134
PASS PATTERN NO.7135
PASS PATTERN NO.7136
PASS PATTERN NO.7137
PASS PATTERN NO.7138
PASS PATTERN NO.7139
PASS PATTERN NO.7140
PASS PATTERN NO.7141
PASS PATTERN NO.7142
PASS PATTERN NO.7143
PASS PATTERN NO.7144
PASS PATTERN NO.7145
PASS PATTERN NO.7146
PASS PATTERN NO.7147
PASS PATTERN NO.7148
PASS PATTERN NO.7149
PASS PATTERN NO.7150
PASS PATTERN NO.7151
PASS PATTERN NO.7152
PASS PATTERN NO.7153
PASS PATTERN NO.7154
PASS PATTERN NO.7155
PASS PATTERN NO.7156
PASS PATTERN NO.7157
PASS PATTERN NO.7158
PASS PATTERN NO.7159
PASS PATTERN NO.7160
PASS PATTERN NO.7161
PASS PATTERN NO.7162
PASS PATTERN NO.7163
PASS PATTERN NO.7164
PASS PATTERN NO.7165
PASS PATTERN NO.7166
PASS PATTERN NO.7167
PASS PATTERN NO.7168
PASS PATTERN NO.7169
PASS PATTERN NO.7170
PASS PATTERN NO.7171
PASS PATTERN NO.7172
PASS PATTERN NO.7173
PASS PATTERN NO.7174
PASS PATTERN NO.7175
PASS PATTERN NO.7176
PASS PATTERN NO.7177
PASS PATTERN NO.7178
PASS PATTERN NO.7179
PASS PATTERN NO.7180
PASS PATTERN NO.7181
PASS PATTERN NO.7182
PASS PATTERN NO.7183
PASS PATTERN NO.7184
PASS PATTERN NO.7185
PASS PATTERN NO.7186
PASS PATTERN NO.7187
PASS PATTERN NO.7188
PASS PATTERN NO.7189
PASS PATTERN NO.7190
PASS PATTERN NO.7191
PASS PATTERN NO.7192
PASS PATTERN NO.7193
PASS PATTERN NO.7194
PASS PATTERN NO.7195
PASS PATTERN NO.7196
PASS PATTERN NO.7197
PASS PATTERN NO.7198
PASS PATTERN NO.7199
PASS PATTERN NO.7200
PASS PATTERN NO.7201
PASS PATTERN NO.7202
PASS PATTERN NO.7203
PASS PATTERN NO.7204
PASS PATTERN NO.7205
PASS PATTERN NO.7206
PASS PATTERN NO.7207
PASS PATTERN NO.7208
PASS PATTERN NO.7209
PASS PATTERN NO.7210
PASS PATTERN NO.7211
PASS PATTERN NO.7212
PASS PATTERN NO.7213
PASS PATTERN NO.7214
PASS PATTERN NO.7215
PASS PATTERN NO.7216
PASS PATTERN NO.7217
PASS PATTERN NO.7218
PASS PATTERN NO.7219
PASS PATTERN NO.7220
PASS PATTERN NO.7221
PASS PATTERN NO.7222
PASS PATTERN NO.7223
PASS PATTERN NO.7224
PASS PATTERN NO.7225
PASS PATTERN NO.7226
PASS PATTERN NO.7227
PASS PATTERN NO.7228
PASS PATTERN NO.7229
PASS PATTERN NO.7230
PASS PATTERN NO.7231
PASS PATTERN NO.7232
PASS PATTERN NO.7233
PASS PATTERN NO.7234
PASS PATTERN NO.7235
PASS PATTERN NO.7236
PASS PATTERN NO.7237
PASS PATTERN NO.7238
PASS PATTERN NO.7239
PASS PATTERN NO.7240
PASS PATTERN NO.7241
PASS PATTERN NO.7242
PASS PATTERN NO.7243
PASS PATTERN NO.7244
PASS PATTERN NO.7245
PASS PATTERN NO.7246
PASS PATTERN NO.7247
PASS PATTERN NO.7248
PASS PATTERN NO.7249
PASS PATTERN NO.7250
PASS PATTERN NO.7251
PASS PATTERN NO.7252
PASS PATTERN NO.7253
PASS PATTERN NO.7254
PASS PATTERN NO.7255
PASS PATTERN NO.7256
PASS PATTERN NO.7257
PASS PATTERN NO.7258
PASS PATTERN NO.7259
PASS PATTERN NO.7260
PASS PATTERN NO.7261
PASS PATTERN NO.7262
PASS PATTERN NO.7263
PASS PATTERN NO.7264
PASS PATTERN NO.7265
PASS PATTERN NO.7266
PASS PATTERN NO.7267
PASS PATTERN NO.7268
PASS PATTERN NO.7269
PASS PATTERN NO.7270
PASS PATTERN NO.7271
PASS PATTERN NO.7272
PASS PATTERN NO.7273
PASS PATTERN NO.7274
PASS PATTERN NO.7275
PASS PATTERN NO.7276
PASS PATTERN NO.7277
PASS PATTERN NO.7278
PASS PATTERN NO.7279
PASS PATTERN NO.7280
PASS PATTERN NO.7281
PASS PATTERN NO.7282
PASS PATTERN NO.7283
PASS PATTERN NO.7284
PASS PATTERN NO.7285
PASS PATTERN NO.7286
PASS PATTERN NO.7287
PASS PATTERN NO.7288
PASS PATTERN NO.7289
PASS PATTERN NO.7290
PASS PATTERN NO.7291
PASS PATTERN NO.7292
PASS PATTERN NO.7293
PASS PATTERN NO.7294
PASS PATTERN NO.7295
PASS PATTERN NO.7296
PASS PATTERN NO.7297
PASS PATTERN NO.7298
PASS PATTERN NO.7299
PASS PATTERN NO.7300
PASS PATTERN NO.7301
PASS PATTERN NO.7302
PASS PATTERN NO.7303
PASS PATTERN NO.7304
PASS PATTERN NO.7305
PASS PATTERN NO.7306
PASS PATTERN NO.7307
PASS PATTERN NO.7308
PASS PATTERN NO.7309
PASS PATTERN NO.7310
PASS PATTERN NO.7311
PASS PATTERN NO.7312
PASS PATTERN NO.7313
PASS PATTERN NO.7314
PASS PATTERN NO.7315
PASS PATTERN NO.7316
PASS PATTERN NO.7317
PASS PATTERN NO.7318
PASS PATTERN NO.7319
PASS PATTERN NO.7320
PASS PATTERN NO.7321
PASS PATTERN NO.7322
PASS PATTERN NO.7323
PASS PATTERN NO.7324
PASS PATTERN NO.7325
PASS PATTERN NO.7326
PASS PATTERN NO.7327
PASS PATTERN NO.7328
PASS PATTERN NO.7329
PASS PATTERN NO.7330
PASS PATTERN NO.7331
PASS PATTERN NO.7332
PASS PATTERN NO.7333
PASS PATTERN NO.7334
PASS PATTERN NO.7335
PASS PATTERN NO.7336
PASS PATTERN NO.7337
PASS PATTERN NO.7338
PASS PATTERN NO.7339
PASS PATTERN NO.7340
PASS PATTERN NO.7341
PASS PATTERN NO.7342
PASS PATTERN NO.7343
PASS PATTERN NO.7344
PASS PATTERN NO.7345
PASS PATTERN NO.7346
PASS PATTERN NO.7347
PASS PATTERN NO.7348
PASS PATTERN NO.7349
PASS PATTERN NO.7350
PASS PATTERN NO.7351
PASS PATTERN NO.7352
PASS PATTERN NO.7353
PASS PATTERN NO.7354
PASS PATTERN NO.7355
PASS PATTERN NO.7356
PASS PATTERN NO.7357
PASS PATTERN NO.7358
PASS PATTERN NO.7359
PASS PATTERN NO.7360
PASS PATTERN NO.7361
PASS PATTERN NO.7362
PASS PATTERN NO.7363
PASS PATTERN NO.7364
PASS PATTERN NO.7365
PASS PATTERN NO.7366
PASS PATTERN NO.7367
PASS PATTERN NO.7368
PASS PATTERN NO.7369
PASS PATTERN NO.7370
PASS PATTERN NO.7371
PASS PATTERN NO.7372
PASS PATTERN NO.7373
PASS PATTERN NO.7374
PASS PATTERN NO.7375
PASS PATTERN NO.7376
PASS PATTERN NO.7377
PASS PATTERN NO.7378
PASS PATTERN NO.7379
PASS PATTERN NO.7380
PASS PATTERN NO.7381
PASS PATTERN NO.7382
PASS PATTERN NO.7383
PASS PATTERN NO.7384
PASS PATTERN NO.7385
PASS PATTERN NO.7386
PASS PATTERN NO.7387
PASS PATTERN NO.7388
PASS PATTERN NO.7389
PASS PATTERN NO.7390
PASS PATTERN NO.7391
PASS PATTERN NO.7392
PASS PATTERN NO.7393
PASS PATTERN NO.7394
PASS PATTERN NO.7395
PASS PATTERN NO.7396
PASS PATTERN NO.7397
PASS PATTERN NO.7398
PASS PATTERN NO.7399
PASS PATTERN NO.7400
PASS PATTERN NO.7401
PASS PATTERN NO.7402
PASS PATTERN NO.7403
PASS PATTERN NO.7404
PASS PATTERN NO.7405
PASS PATTERN NO.7406
PASS PATTERN NO.7407
PASS PATTERN NO.7408
PASS PATTERN NO.7409
PASS PATTERN NO.7410
PASS PATTERN NO.7411
PASS PATTERN NO.7412
PASS PATTERN NO.7413
PASS PATTERN NO.7414
PASS PATTERN NO.7415
PASS PATTERN NO.7416
PASS PATTERN NO.7417
PASS PATTERN NO.7418
PASS PATTERN NO.7419
PASS PATTERN NO.7420
PASS PATTERN NO.7421
PASS PATTERN NO.7422
PASS PATTERN NO.7423
PASS PATTERN NO.7424
PASS PATTERN NO.7425
PASS PATTERN NO.7426
PASS PATTERN NO.7427
PASS PATTERN NO.7428
PASS PATTERN NO.7429
PASS PATTERN NO.7430
PASS PATTERN NO.7431
PASS PATTERN NO.7432
PASS PATTERN NO.7433
PASS PATTERN NO.7434
PASS PATTERN NO.7435
PASS PATTERN NO.7436
PASS PATTERN NO.7437
PASS PATTERN NO.7438
PASS PATTERN NO.7439
PASS PATTERN NO.7440
PASS PATTERN NO.7441
PASS PATTERN NO.7442
PASS PATTERN NO.7443
PASS PATTERN NO.7444
PASS PATTERN NO.7445
PASS PATTERN NO.7446
PASS PATTERN NO.7447
PASS PATTERN NO.7448
PASS PATTERN NO.7449
PASS PATTERN NO.7450
PASS PATTERN NO.7451
PASS PATTERN NO.7452
PASS PATTERN NO.7453
PASS PATTERN NO.7454
PASS PATTERN NO.7455
PASS PATTERN NO.7456
PASS PATTERN NO.7457
PASS PATTERN NO.7458
PASS PATTERN NO.7459
PASS PATTERN NO.7460
PASS PATTERN NO.7461
PASS PATTERN NO.7462
PASS PATTERN NO.7463
PASS PATTERN NO.7464
PASS PATTERN NO.7465
PASS PATTERN NO.7466
PASS PATTERN NO.7467
PASS PATTERN NO.7468
PASS PATTERN NO.7469
PASS PATTERN NO.7470
PASS PATTERN NO.7471
PASS PATTERN NO.7472
PASS PATTERN NO.7473
PASS PATTERN NO.7474
PASS PATTERN NO.7475
PASS PATTERN NO.7476
PASS PATTERN NO.7477
PASS PATTERN NO.7478
PASS PATTERN NO.7479
PASS PATTERN NO.7480
PASS PATTERN NO.7481
PASS PATTERN NO.7482
PASS PATTERN NO.7483
PASS PATTERN NO.7484
PASS PATTERN NO.7485
PASS PATTERN NO.7486
PASS PATTERN NO.7487
PASS PATTERN NO.7488
PASS PATTERN NO.7489
PASS PATTERN NO.7490
PASS PATTERN NO.7491
PASS PATTERN NO.7492
PASS PATTERN NO.7493
PASS PATTERN NO.7494
PASS PATTERN NO.7495
PASS PATTERN NO.7496
PASS PATTERN NO.7497
PASS PATTERN NO.7498
PASS PATTERN NO.7499
PASS PATTERN NO.7500
PASS PATTERN NO.7501
PASS PATTERN NO.7502
PASS PATTERN NO.7503
PASS PATTERN NO.7504
PASS PATTERN NO.7505
PASS PATTERN NO.7506
PASS PATTERN NO.7507
PASS PATTERN NO.7508
PASS PATTERN NO.7509
PASS PATTERN NO.7510
PASS PATTERN NO.7511
PASS PATTERN NO.7512
PASS PATTERN NO.7513
PASS PATTERN NO.7514
PASS PATTERN NO.7515
PASS PATTERN NO.7516
PASS PATTERN NO.7517
PASS PATTERN NO.7518
PASS PATTERN NO.7519
PASS PATTERN NO.7520
PASS PATTERN NO.7521
PASS PATTERN NO.7522
PASS PATTERN NO.7523
PASS PATTERN NO.7524
PASS PATTERN NO.7525
PASS PATTERN NO.7526
PASS PATTERN NO.7527
PASS PATTERN NO.7528
PASS PATTERN NO.7529
PASS PATTERN NO.7530
PASS PATTERN NO.7531
PASS PATTERN NO.7532
PASS PATTERN NO.7533
PASS PATTERN NO.7534
PASS PATTERN NO.7535
PASS PATTERN NO.7536
PASS PATTERN NO.7537
PASS PATTERN NO.7538
PASS PATTERN NO.7539
PASS PATTERN NO.7540
PASS PATTERN NO.7541
PASS PATTERN NO.7542
PASS PATTERN NO.7543
PASS PATTERN NO.7544
PASS PATTERN NO.7545
PASS PATTERN NO.7546
PASS PATTERN NO.7547
PASS PATTERN NO.7548
PASS PATTERN NO.7549
PASS PATTERN NO.7550
PASS PATTERN NO.7551
PASS PATTERN NO.7552
PASS PATTERN NO.7553
PASS PATTERN NO.7554
PASS PATTERN NO.7555
PASS PATTERN NO.7556
PASS PATTERN NO.7557
PASS PATTERN NO.7558
PASS PATTERN NO.7559
PASS PATTERN NO.7560
PASS PATTERN NO.7561
PASS PATTERN NO.7562
PASS PATTERN NO.7563
PASS PATTERN NO.7564
PASS PATTERN NO.7565
PASS PATTERN NO.7566
PASS PATTERN NO.7567
PASS PATTERN NO.7568
PASS PATTERN NO.7569
PASS PATTERN NO.7570
PASS PATTERN NO.7571
PASS PATTERN NO.7572
PASS PATTERN NO.7573
PASS PATTERN NO.7574
PASS PATTERN NO.7575
PASS PATTERN NO.7576
PASS PATTERN NO.7577
PASS PATTERN NO.7578
PASS PATTERN NO.7579
PASS PATTERN NO.7580
PASS PATTERN NO.7581
PASS PATTERN NO.7582
PASS PATTERN NO.7583
PASS PATTERN NO.7584
PASS PATTERN NO.7585
PASS PATTERN NO.7586
PASS PATTERN NO.7587
PASS PATTERN NO.7588
PASS PATTERN NO.7589
PASS PATTERN NO.7590
PASS PATTERN NO.7591
PASS PATTERN NO.7592
PASS PATTERN NO.7593
PASS PATTERN NO.7594
PASS PATTERN NO.7595
PASS PATTERN NO.7596
PASS PATTERN NO.7597
PASS PATTERN NO.7598
PASS PATTERN NO.7599
PASS PATTERN NO.7600
PASS PATTERN NO.7601
PASS PATTERN NO.7602
PASS PATTERN NO.7603
PASS PATTERN NO.7604
PASS PATTERN NO.7605
PASS PATTERN NO.7606
PASS PATTERN NO.7607
PASS PATTERN NO.7608
PASS PATTERN NO.7609
PASS PATTERN NO.7610
PASS PATTERN NO.7611
PASS PATTERN NO.7612
PASS PATTERN NO.7613
PASS PATTERN NO.7614
PASS PATTERN NO.7615
PASS PATTERN NO.7616
PASS PATTERN NO.7617
PASS PATTERN NO.7618
PASS PATTERN NO.7619
PASS PATTERN NO.7620
PASS PATTERN NO.7621
PASS PATTERN NO.7622
PASS PATTERN NO.7623
PASS PATTERN NO.7624
PASS PATTERN NO.7625
PASS PATTERN NO.7626
PASS PATTERN NO.7627
PASS PATTERN NO.7628
PASS PATTERN NO.7629
PASS PATTERN NO.7630
PASS PATTERN NO.7631
PASS PATTERN NO.7632
PASS PATTERN NO.7633
PASS PATTERN NO.7634
PASS PATTERN NO.7635
PASS PATTERN NO.7636
PASS PATTERN NO.7637
PASS PATTERN NO.7638
PASS PATTERN NO.7639
PASS PATTERN NO.7640
PASS PATTERN NO.7641
PASS PATTERN NO.7642
PASS PATTERN NO.7643
PASS PATTERN NO.7644
PASS PATTERN NO.7645
PASS PATTERN NO.7646
PASS PATTERN NO.7647
PASS PATTERN NO.7648
PASS PATTERN NO.7649
PASS PATTERN NO.7650
PASS PATTERN NO.7651
PASS PATTERN NO.7652
PASS PATTERN NO.7653
PASS PATTERN NO.7654
PASS PATTERN NO.7655
PASS PATTERN NO.7656
PASS PATTERN NO.7657
PASS PATTERN NO.7658
PASS PATTERN NO.7659
PASS PATTERN NO.7660
PASS PATTERN NO.7661
PASS PATTERN NO.7662
PASS PATTERN NO.7663
PASS PATTERN NO.7664
PASS PATTERN NO.7665
PASS PATTERN NO.7666
PASS PATTERN NO.7667
PASS PATTERN NO.7668
PASS PATTERN NO.7669
PASS PATTERN NO.7670
PASS PATTERN NO.7671
PASS PATTERN NO.7672
PASS PATTERN NO.7673
PASS PATTERN NO.7674
PASS PATTERN NO.7675
PASS PATTERN NO.7676
PASS PATTERN NO.7677
PASS PATTERN NO.7678
PASS PATTERN NO.7679
PASS PATTERN NO.7680
PASS PATTERN NO.7681
PASS PATTERN NO.7682
PASS PATTERN NO.7683
PASS PATTERN NO.7684
PASS PATTERN NO.7685
PASS PATTERN NO.7686
PASS PATTERN NO.7687
PASS PATTERN NO.7688
PASS PATTERN NO.7689
PASS PATTERN NO.7690
PASS PATTERN NO.7691
PASS PATTERN NO.7692
PASS PATTERN NO.7693
PASS PATTERN NO.7694
PASS PATTERN NO.7695
PASS PATTERN NO.7696
PASS PATTERN NO.7697
PASS PATTERN NO.7698
PASS PATTERN NO.7699
PASS PATTERN NO.7700
PASS PATTERN NO.7701
PASS PATTERN NO.7702
PASS PATTERN NO.7703
PASS PATTERN NO.7704
PASS PATTERN NO.7705
PASS PATTERN NO.7706
PASS PATTERN NO.7707
PASS PATTERN NO.7708
PASS PATTERN NO.7709
PASS PATTERN NO.7710
PASS PATTERN NO.7711
PASS PATTERN NO.7712
PASS PATTERN NO.7713
PASS PATTERN NO.7714
PASS PATTERN NO.7715
PASS PATTERN NO.7716
PASS PATTERN NO.7717
PASS PATTERN NO.7718
PASS PATTERN NO.7719
PASS PATTERN NO.7720
PASS PATTERN NO.7721
PASS PATTERN NO.7722
PASS PATTERN NO.7723
PASS PATTERN NO.7724
PASS PATTERN NO.7725
PASS PATTERN NO.7726
PASS PATTERN NO.7727
PASS PATTERN NO.7728
PASS PATTERN NO.7729
PASS PATTERN NO.7730
PASS PATTERN NO.7731
PASS PATTERN NO.7732
PASS PATTERN NO.7733
PASS PATTERN NO.7734
PASS PATTERN NO.7735
PASS PATTERN NO.7736
PASS PATTERN NO.7737
PASS PATTERN NO.7738
PASS PATTERN NO.7739
PASS PATTERN NO.7740
PASS PATTERN NO.7741
PASS PATTERN NO.7742
PASS PATTERN NO.7743
PASS PATTERN NO.7744
PASS PATTERN NO.7745
PASS PATTERN NO.7746
PASS PATTERN NO.7747
PASS PATTERN NO.7748
PASS PATTERN NO.7749
PASS PATTERN NO.7750
PASS PATTERN NO.7751
PASS PATTERN NO.7752
PASS PATTERN NO.7753
PASS PATTERN NO.7754
PASS PATTERN NO.7755
PASS PATTERN NO.7756
PASS PATTERN NO.7757
PASS PATTERN NO.7758
PASS PATTERN NO.7759
PASS PATTERN NO.7760
PASS PATTERN NO.7761
PASS PATTERN NO.7762
PASS PATTERN NO.7763
PASS PATTERN NO.7764
PASS PATTERN NO.7765
PASS PATTERN NO.7766
PASS PATTERN NO.7767
PASS PATTERN NO.7768
PASS PATTERN NO.7769
PASS PATTERN NO.7770
PASS PATTERN NO.7771
PASS PATTERN NO.7772
PASS PATTERN NO.7773
PASS PATTERN NO.7774
PASS PATTERN NO.7775
PASS PATTERN NO.7776
PASS PATTERN NO.7777
PASS PATTERN NO.7778
PASS PATTERN NO.7779
PASS PATTERN NO.7780
PASS PATTERN NO.7781
PASS PATTERN NO.7782
PASS PATTERN NO.7783
PASS PATTERN NO.7784
PASS PATTERN NO.7785
PASS PATTERN NO.7786
PASS PATTERN NO.7787
PASS PATTERN NO.7788
PASS PATTERN NO.7789
PASS PATTERN NO.7790
PASS PATTERN NO.7791
PASS PATTERN NO.7792
PASS PATTERN NO.7793
PASS PATTERN NO.7794
PASS PATTERN NO.7795
PASS PATTERN NO.7796
PASS PATTERN NO.7797
PASS PATTERN NO.7798
PASS PATTERN NO.7799
PASS PATTERN NO.7800
PASS PATTERN NO.7801
PASS PATTERN NO.7802
PASS PATTERN NO.7803
PASS PATTERN NO.7804
PASS PATTERN NO.7805
PASS PATTERN NO.7806
PASS PATTERN NO.7807
PASS PATTERN NO.7808
PASS PATTERN NO.7809
PASS PATTERN NO.7810
PASS PATTERN NO.7811
PASS PATTERN NO.7812
PASS PATTERN NO.7813
PASS PATTERN NO.7814
PASS PATTERN NO.7815
PASS PATTERN NO.7816
PASS PATTERN NO.7817
PASS PATTERN NO.7818
PASS PATTERN NO.7819
PASS PATTERN NO.7820
PASS PATTERN NO.7821
PASS PATTERN NO.7822
PASS PATTERN NO.7823
PASS PATTERN NO.7824
PASS PATTERN NO.7825
PASS PATTERN NO.7826
PASS PATTERN NO.7827
PASS PATTERN NO.7828
PASS PATTERN NO.7829
PASS PATTERN NO.7830
PASS PATTERN NO.7831
PASS PATTERN NO.7832
PASS PATTERN NO.7833
PASS PATTERN NO.7834
PASS PATTERN NO.7835
PASS PATTERN NO.7836
PASS PATTERN NO.7837
PASS PATTERN NO.7838
PASS PATTERN NO.7839
PASS PATTERN NO.7840
PASS PATTERN NO.7841
PASS PATTERN NO.7842
PASS PATTERN NO.7843
PASS PATTERN NO.7844
PASS PATTERN NO.7845
PASS PATTERN NO.7846
PASS PATTERN NO.7847
PASS PATTERN NO.7848
PASS PATTERN NO.7849
PASS PATTERN NO.7850
PASS PATTERN NO.7851
PASS PATTERN NO.7852
PASS PATTERN NO.7853
PASS PATTERN NO.7854
PASS PATTERN NO.7855
PASS PATTERN NO.7856
PASS PATTERN NO.7857
PASS PATTERN NO.7858
PASS PATTERN NO.7859
PASS PATTERN NO.7860
PASS PATTERN NO.7861
PASS PATTERN NO.7862
PASS PATTERN NO.7863
PASS PATTERN NO.7864
PASS PATTERN NO.7865
PASS PATTERN NO.7866
PASS PATTERN NO.7867
PASS PATTERN NO.7868
PASS PATTERN NO.7869
PASS PATTERN NO.7870
PASS PATTERN NO.7871
PASS PATTERN NO.7872
PASS PATTERN NO.7873
PASS PATTERN NO.7874
PASS PATTERN NO.7875
PASS PATTERN NO.7876
PASS PATTERN NO.7877
PASS PATTERN NO.7878
PASS PATTERN NO.7879
PASS PATTERN NO.7880
PASS PATTERN NO.7881
PASS PATTERN NO.7882
PASS PATTERN NO.7883
PASS PATTERN NO.7884
PASS PATTERN NO.7885
PASS PATTERN NO.7886
PASS PATTERN NO.7887
PASS PATTERN NO.7888
PASS PATTERN NO.7889
PASS PATTERN NO.7890
PASS PATTERN NO.7891
PASS PATTERN NO.7892
PASS PATTERN NO.7893
PASS PATTERN NO.7894
PASS PATTERN NO.7895
PASS PATTERN NO.7896
PASS PATTERN NO.7897
PASS PATTERN NO.7898
PASS PATTERN NO.7899
PASS PATTERN NO.7900
PASS PATTERN NO.7901
PASS PATTERN NO.7902
PASS PATTERN NO.7903
PASS PATTERN NO.7904
PASS PATTERN NO.7905
PASS PATTERN NO.7906
PASS PATTERN NO.7907
PASS PATTERN NO.7908
PASS PATTERN NO.7909
PASS PATTERN NO.7910
PASS PATTERN NO.7911
PASS PATTERN NO.7912
PASS PATTERN NO.7913
PASS PATTERN NO.7914
PASS PATTERN NO.7915
PASS PATTERN NO.7916
PASS PATTERN NO.7917
PASS PATTERN NO.7918
PASS PATTERN NO.7919
PASS PATTERN NO.7920
PASS PATTERN NO.7921
PASS PATTERN NO.7922
PASS PATTERN NO.7923
PASS PATTERN NO.7924
PASS PATTERN NO.7925
PASS PATTERN NO.7926
PASS PATTERN NO.7927
PASS PATTERN NO.7928
PASS PATTERN NO.7929
PASS PATTERN NO.7930
PASS PATTERN NO.7931
PASS PATTERN NO.7932
PASS PATTERN NO.7933
PASS PATTERN NO.7934
PASS PATTERN NO.7935
PASS PATTERN NO.7936
PASS PATTERN NO.7937
PASS PATTERN NO.7938
PASS PATTERN NO.7939
PASS PATTERN NO.7940
PASS PATTERN NO.7941
PASS PATTERN NO.7942
PASS PATTERN NO.7943
PASS PATTERN NO.7944
PASS PATTERN NO.7945
PASS PATTERN NO.7946
PASS PATTERN NO.7947
PASS PATTERN NO.7948
PASS PATTERN NO.7949
PASS PATTERN NO.7950
PASS PATTERN NO.7951
PASS PATTERN NO.7952
PASS PATTERN NO.7953
PASS PATTERN NO.7954
PASS PATTERN NO.7955
PASS PATTERN NO.7956
PASS PATTERN NO.7957
PASS PATTERN NO.7958
PASS PATTERN NO.7959
PASS PATTERN NO.7960
PASS PATTERN NO.7961
PASS PATTERN NO.7962
PASS PATTERN NO.7963
PASS PATTERN NO.7964
PASS PATTERN NO.7965
PASS PATTERN NO.7966
PASS PATTERN NO.7967
PASS PATTERN NO.7968
PASS PATTERN NO.7969
PASS PATTERN NO.7970
PASS PATTERN NO.7971
PASS PATTERN NO.7972
PASS PATTERN NO.7973
PASS PATTERN NO.7974
PASS PATTERN NO.7975
PASS PATTERN NO.7976
PASS PATTERN NO.7977
PASS PATTERN NO.7978
PASS PATTERN NO.7979
PASS PATTERN NO.7980
PASS PATTERN NO.7981
PASS PATTERN NO.7982
PASS PATTERN NO.7983
PASS PATTERN NO.7984
PASS PATTERN NO.7985
PASS PATTERN NO.7986
PASS PATTERN NO.7987
PASS PATTERN NO.7988
PASS PATTERN NO.7989
PASS PATTERN NO.7990
PASS PATTERN NO.7991
PASS PATTERN NO.7992
PASS PATTERN NO.7993
PASS PATTERN NO.7994
PASS PATTERN NO.7995
PASS PATTERN NO.7996
PASS PATTERN NO.7997
PASS PATTERN NO.7998
PASS PATTERN NO.7999
PASS PATTERN NO.8000
PASS PATTERN NO.8001
PASS PATTERN NO.8002
PASS PATTERN NO.8003
PASS PATTERN NO.8004
PASS PATTERN NO.8005
PASS PATTERN NO.8006
PASS PATTERN NO.8007
PASS PATTERN NO.8008
PASS PATTERN NO.8009
PASS PATTERN NO.8010
PASS PATTERN NO.8011
PASS PATTERN NO.8012
PASS PATTERN NO.8013
PASS PATTERN NO.8014
PASS PATTERN NO.8015
PASS PATTERN NO.8016
PASS PATTERN NO.8017
PASS PATTERN NO.8018
PASS PATTERN NO.8019
PASS PATTERN NO.8020
PASS PATTERN NO.8021
PASS PATTERN NO.8022
PASS PATTERN NO.8023
PASS PATTERN NO.8024
PASS PATTERN NO.8025
PASS PATTERN NO.8026
PASS PATTERN NO.8027
PASS PATTERN NO.8028
PASS PATTERN NO.8029
PASS PATTERN NO.8030
PASS PATTERN NO.8031
PASS PATTERN NO.8032
PASS PATTERN NO.8033
PASS PATTERN NO.8034
PASS PATTERN NO.8035
PASS PATTERN NO.8036
PASS PATTERN NO.8037
PASS PATTERN NO.8038
PASS PATTERN NO.8039
PASS PATTERN NO.8040
PASS PATTERN NO.8041
PASS PATTERN NO.8042
PASS PATTERN NO.8043
PASS PATTERN NO.8044
PASS PATTERN NO.8045
PASS PATTERN NO.8046
PASS PATTERN NO.8047
PASS PATTERN NO.8048
PASS PATTERN NO.8049
PASS PATTERN NO.8050
PASS PATTERN NO.8051
PASS PATTERN NO.8052
PASS PATTERN NO.8053
PASS PATTERN NO.8054
PASS PATTERN NO.8055
PASS PATTERN NO.8056
PASS PATTERN NO.8057
PASS PATTERN NO.8058
PASS PATTERN NO.8059
PASS PATTERN NO.8060
PASS PATTERN NO.8061
PASS PATTERN NO.8062
PASS PATTERN NO.8063
PASS PATTERN NO.8064
PASS PATTERN NO.8065
PASS PATTERN NO.8066
PASS PATTERN NO.8067
PASS PATTERN NO.8068
PASS PATTERN NO.8069
PASS PATTERN NO.8070
PASS PATTERN NO.8071
PASS PATTERN NO.8072
PASS PATTERN NO.8073
PASS PATTERN NO.8074
PASS PATTERN NO.8075
PASS PATTERN NO.8076
PASS PATTERN NO.8077
PASS PATTERN NO.8078
PASS PATTERN NO.8079
PASS PATTERN NO.8080
PASS PATTERN NO.8081
PASS PATTERN NO.8082
PASS PATTERN NO.8083
PASS PATTERN NO.8084
PASS PATTERN NO.8085
PASS PATTERN NO.8086
PASS PATTERN NO.8087
PASS PATTERN NO.8088
PASS PATTERN NO.8089
PASS PATTERN NO.8090
PASS PATTERN NO.8091
PASS PATTERN NO.8092
PASS PATTERN NO.8093
PASS PATTERN NO.8094
PASS PATTERN NO.8095
PASS PATTERN NO.8096
PASS PATTERN NO.8097
PASS PATTERN NO.8098
PASS PATTERN NO.8099
PASS PATTERN NO.8100
PASS PATTERN NO.8101
PASS PATTERN NO.8102
PASS PATTERN NO.8103
PASS PATTERN NO.8104
PASS PATTERN NO.8105
PASS PATTERN NO.8106
PASS PATTERN NO.8107
PASS PATTERN NO.8108
PASS PATTERN NO.8109
PASS PATTERN NO.8110
PASS PATTERN NO.8111
PASS PATTERN NO.8112
PASS PATTERN NO.8113
PASS PATTERN NO.8114
PASS PATTERN NO.8115
PASS PATTERN NO.8116
PASS PATTERN NO.8117
PASS PATTERN NO.8118
PASS PATTERN NO.8119
PASS PATTERN NO.8120
PASS PATTERN NO.8121
PASS PATTERN NO.8122
PASS PATTERN NO.8123
PASS PATTERN NO.8124
PASS PATTERN NO.8125
PASS PATTERN NO.8126
PASS PATTERN NO.8127
PASS PATTERN NO.8128
PASS PATTERN NO.8129
PASS PATTERN NO.8130
PASS PATTERN NO.8131
PASS PATTERN NO.8132
PASS PATTERN NO.8133
PASS PATTERN NO.8134
PASS PATTERN NO.8135
PASS PATTERN NO.8136
PASS PATTERN NO.8137
PASS PATTERN NO.8138
PASS PATTERN NO.8139
PASS PATTERN NO.8140
PASS PATTERN NO.8141
PASS PATTERN NO.8142
PASS PATTERN NO.8143
PASS PATTERN NO.8144
PASS PATTERN NO.8145
PASS PATTERN NO.8146
PASS PATTERN NO.8147
PASS PATTERN NO.8148
PASS PATTERN NO.8149
PASS PATTERN NO.8150
PASS PATTERN NO.8151
PASS PATTERN NO.8152
PASS PATTERN NO.8153
PASS PATTERN NO.8154
PASS PATTERN NO.8155
PASS PATTERN NO.8156
PASS PATTERN NO.8157
PASS PATTERN NO.8158
PASS PATTERN NO.8159
PASS PATTERN NO.8160
PASS PATTERN NO.8161
PASS PATTERN NO.8162
PASS PATTERN NO.8163
PASS PATTERN NO.8164
PASS PATTERN NO.8165
PASS PATTERN NO.8166
PASS PATTERN NO.8167
PASS PATTERN NO.8168
PASS PATTERN NO.8169
PASS PATTERN NO.8170
PASS PATTERN NO.8171
PASS PATTERN NO.8172
PASS PATTERN NO.8173
PASS PATTERN NO.8174
PASS PATTERN NO.8175
PASS PATTERN NO.8176
PASS PATTERN NO.8177
PASS PATTERN NO.8178
PASS PATTERN NO.8179
PASS PATTERN NO.8180
PASS PATTERN NO.8181
PASS PATTERN NO.8182
PASS PATTERN NO.8183
PASS PATTERN NO.8184
PASS PATTERN NO.8185
PASS PATTERN NO.8186
PASS PATTERN NO.8187
PASS PATTERN NO.8188
PASS PATTERN NO.8189
PASS PATTERN NO.8190
PASS PATTERN NO.8191
PASS PATTERN NO.8192
PASS PATTERN NO.8193
PASS PATTERN NO.8194
PASS PATTERN NO.8195
PASS PATTERN NO.8196
PASS PATTERN NO.8197
PASS PATTERN NO.8198
PASS PATTERN NO.8199
PASS PATTERN NO.8200
PASS PATTERN NO.8201
PASS PATTERN NO.8202
PASS PATTERN NO.8203
PASS PATTERN NO.8204
PASS PATTERN NO.8205
PASS PATTERN NO.8206
PASS PATTERN NO.8207
PASS PATTERN NO.8208
PASS PATTERN NO.8209
PASS PATTERN NO.8210
PASS PATTERN NO.8211
PASS PATTERN NO.8212
PASS PATTERN NO.8213
PASS PATTERN NO.8214
PASS PATTERN NO.8215
PASS PATTERN NO.8216
PASS PATTERN NO.8217
PASS PATTERN NO.8218
PASS PATTERN NO.8219
PASS PATTERN NO.8220
PASS PATTERN NO.8221
PASS PATTERN NO.8222
PASS PATTERN NO.8223
PASS PATTERN NO.8224
PASS PATTERN NO.8225
PASS PATTERN NO.8226
PASS PATTERN NO.8227
PASS PATTERN NO.8228
PASS PATTERN NO.8229
PASS PATTERN NO.8230
PASS PATTERN NO.8231
PASS PATTERN NO.8232
PASS PATTERN NO.8233
PASS PATTERN NO.8234
PASS PATTERN NO.8235
PASS PATTERN NO.8236
PASS PATTERN NO.8237
PASS PATTERN NO.8238
PASS PATTERN NO.8239
PASS PATTERN NO.8240
PASS PATTERN NO.8241
PASS PATTERN NO.8242
PASS PATTERN NO.8243
PASS PATTERN NO.8244
PASS PATTERN NO.8245
PASS PATTERN NO.8246
PASS PATTERN NO.8247
PASS PATTERN NO.8248
PASS PATTERN NO.8249
PASS PATTERN NO.8250
PASS PATTERN NO.8251
PASS PATTERN NO.8252
PASS PATTERN NO.8253
PASS PATTERN NO.8254
PASS PATTERN NO.8255
PASS PATTERN NO.8256
PASS PATTERN NO.8257
PASS PATTERN NO.8258
PASS PATTERN NO.8259
PASS PATTERN NO.8260
PASS PATTERN NO.8261
PASS PATTERN NO.8262
PASS PATTERN NO.8263
PASS PATTERN NO.8264
PASS PATTERN NO.8265
PASS PATTERN NO.8266
PASS PATTERN NO.8267
PASS PATTERN NO.8268
PASS PATTERN NO.8269
PASS PATTERN NO.8270
PASS PATTERN NO.8271
PASS PATTERN NO.8272
PASS PATTERN NO.8273
PASS PATTERN NO.8274
PASS PATTERN NO.8275
PASS PATTERN NO.8276
PASS PATTERN NO.8277
PASS PATTERN NO.8278
PASS PATTERN NO.8279
PASS PATTERN NO.8280
PASS PATTERN NO.8281
PASS PATTERN NO.8282
PASS PATTERN NO.8283
PASS PATTERN NO.8284
PASS PATTERN NO.8285
PASS PATTERN NO.8286
PASS PATTERN NO.8287
PASS PATTERN NO.8288
PASS PATTERN NO.8289
PASS PATTERN NO.8290
PASS PATTERN NO.8291
PASS PATTERN NO.8292
PASS PATTERN NO.8293
PASS PATTERN NO.8294
PASS PATTERN NO.8295
PASS PATTERN NO.8296
PASS PATTERN NO.8297
PASS PATTERN NO.8298
PASS PATTERN NO.8299
PASS PATTERN NO.8300
PASS PATTERN NO.8301
PASS PATTERN NO.8302
PASS PATTERN NO.8303
PASS PATTERN NO.8304
PASS PATTERN NO.8305
PASS PATTERN NO.8306
PASS PATTERN NO.8307
PASS PATTERN NO.8308
PASS PATTERN NO.8309
PASS PATTERN NO.8310
PASS PATTERN NO.8311
PASS PATTERN NO.8312
PASS PATTERN NO.8313
PASS PATTERN NO.8314
PASS PATTERN NO.8315
PASS PATTERN NO.8316
PASS PATTERN NO.8317
PASS PATTERN NO.8318
PASS PATTERN NO.8319
PASS PATTERN NO.8320
PASS PATTERN NO.8321
PASS PATTERN NO.8322
PASS PATTERN NO.8323
PASS PATTERN NO.8324
PASS PATTERN NO.8325
PASS PATTERN NO.8326
PASS PATTERN NO.8327
PASS PATTERN NO.8328
PASS PATTERN NO.8329
PASS PATTERN NO.8330
PASS PATTERN NO.8331
PASS PATTERN NO.8332
PASS PATTERN NO.8333
PASS PATTERN NO.8334
PASS PATTERN NO.8335
PASS PATTERN NO.8336
PASS PATTERN NO.8337
PASS PATTERN NO.8338
PASS PATTERN NO.8339
PASS PATTERN NO.8340
PASS PATTERN NO.8341
PASS PATTERN NO.8342
PASS PATTERN NO.8343
PASS PATTERN NO.8344
PASS PATTERN NO.8345
PASS PATTERN NO.8346
PASS PATTERN NO.8347
PASS PATTERN NO.8348
PASS PATTERN NO.8349
PASS PATTERN NO.8350
PASS PATTERN NO.8351
PASS PATTERN NO.8352
PASS PATTERN NO.8353
PASS PATTERN NO.8354
PASS PATTERN NO.8355
PASS PATTERN NO.8356
PASS PATTERN NO.8357
PASS PATTERN NO.8358
PASS PATTERN NO.8359
PASS PATTERN NO.8360
PASS PATTERN NO.8361
PASS PATTERN NO.8362
PASS PATTERN NO.8363
PASS PATTERN NO.8364
PASS PATTERN NO.8365
PASS PATTERN NO.8366
PASS PATTERN NO.8367
PASS PATTERN NO.8368
PASS PATTERN NO.8369
PASS PATTERN NO.8370
PASS PATTERN NO.8371
PASS PATTERN NO.8372
PASS PATTERN NO.8373
PASS PATTERN NO.8374
PASS PATTERN NO.8375
PASS PATTERN NO.8376
PASS PATTERN NO.8377
PASS PATTERN NO.8378
PASS PATTERN NO.8379
PASS PATTERN NO.8380
PASS PATTERN NO.8381
PASS PATTERN NO.8382
PASS PATTERN NO.8383
PASS PATTERN NO.8384
PASS PATTERN NO.8385
PASS PATTERN NO.8386
PASS PATTERN NO.8387
PASS PATTERN NO.8388
PASS PATTERN NO.8389
PASS PATTERN NO.8390
PASS PATTERN NO.8391
PASS PATTERN NO.8392
PASS PATTERN NO.8393
PASS PATTERN NO.8394
PASS PATTERN NO.8395
PASS PATTERN NO.8396
PASS PATTERN NO.8397
PASS PATTERN NO.8398
PASS PATTERN NO.8399
PASS PATTERN NO.8400
PASS PATTERN NO.8401
PASS PATTERN NO.8402
PASS PATTERN NO.8403
PASS PATTERN NO.8404
PASS PATTERN NO.8405
PASS PATTERN NO.8406
PASS PATTERN NO.8407
PASS PATTERN NO.8408
PASS PATTERN NO.8409
PASS PATTERN NO.8410
PASS PATTERN NO.8411
PASS PATTERN NO.8412
PASS PATTERN NO.8413
PASS PATTERN NO.8414
PASS PATTERN NO.8415
PASS PATTERN NO.8416
PASS PATTERN NO.8417
PASS PATTERN NO.8418
PASS PATTERN NO.8419
PASS PATTERN NO.8420
PASS PATTERN NO.8421
PASS PATTERN NO.8422
PASS PATTERN NO.8423
PASS PATTERN NO.8424
PASS PATTERN NO.8425
PASS PATTERN NO.8426
PASS PATTERN NO.8427
PASS PATTERN NO.8428
PASS PATTERN NO.8429
PASS PATTERN NO.8430
PASS PATTERN NO.8431
PASS PATTERN NO.8432
PASS PATTERN NO.8433
PASS PATTERN NO.8434
PASS PATTERN NO.8435
PASS PATTERN NO.8436
PASS PATTERN NO.8437
PASS PATTERN NO.8438
PASS PATTERN NO.8439
PASS PATTERN NO.8440
PASS PATTERN NO.8441
PASS PATTERN NO.8442
PASS PATTERN NO.8443
PASS PATTERN NO.8444
PASS PATTERN NO.8445
PASS PATTERN NO.8446
PASS PATTERN NO.8447
PASS PATTERN NO.8448
PASS PATTERN NO.8449
PASS PATTERN NO.8450
PASS PATTERN NO.8451
PASS PATTERN NO.8452
PASS PATTERN NO.8453
PASS PATTERN NO.8454
PASS PATTERN NO.8455
PASS PATTERN NO.8456
PASS PATTERN NO.8457
PASS PATTERN NO.8458
PASS PATTERN NO.8459
PASS PATTERN NO.8460
PASS PATTERN NO.8461
PASS PATTERN NO.8462
PASS PATTERN NO.8463
PASS PATTERN NO.8464
PASS PATTERN NO.8465
PASS PATTERN NO.8466
PASS PATTERN NO.8467
PASS PATTERN NO.8468
PASS PATTERN NO.8469
PASS PATTERN NO.8470
PASS PATTERN NO.8471
PASS PATTERN NO.8472
PASS PATTERN NO.8473
PASS PATTERN NO.8474
PASS PATTERN NO.8475
PASS PATTERN NO.8476
PASS PATTERN NO.8477
PASS PATTERN NO.8478
PASS PATTERN NO.8479
PASS PATTERN NO.8480
PASS PATTERN NO.8481
PASS PATTERN NO.8482
PASS PATTERN NO.8483
PASS PATTERN NO.8484
PASS PATTERN NO.8485
PASS PATTERN NO.8486
PASS PATTERN NO.8487
PASS PATTERN NO.8488
PASS PATTERN NO.8489
PASS PATTERN NO.8490
PASS PATTERN NO.8491
PASS PATTERN NO.8492
PASS PATTERN NO.8493
PASS PATTERN NO.8494
PASS PATTERN NO.8495
PASS PATTERN NO.8496
PASS PATTERN NO.8497
PASS PATTERN NO.8498
PASS PATTERN NO.8499
PASS PATTERN NO.8500
PASS PATTERN NO.8501
PASS PATTERN NO.8502
PASS PATTERN NO.8503
PASS PATTERN NO.8504
PASS PATTERN NO.8505
PASS PATTERN NO.8506
PASS PATTERN NO.8507
PASS PATTERN NO.8508
PASS PATTERN NO.8509
PASS PATTERN NO.8510
PASS PATTERN NO.8511
PASS PATTERN NO.8512
PASS PATTERN NO.8513
PASS PATTERN NO.8514
PASS PATTERN NO.8515
PASS PATTERN NO.8516
PASS PATTERN NO.8517
PASS PATTERN NO.8518
PASS PATTERN NO.8519
PASS PATTERN NO.8520
PASS PATTERN NO.8521
PASS PATTERN NO.8522
PASS PATTERN NO.8523
PASS PATTERN NO.8524
PASS PATTERN NO.8525
PASS PATTERN NO.8526
PASS PATTERN NO.8527
PASS PATTERN NO.8528
PASS PATTERN NO.8529
PASS PATTERN NO.8530
PASS PATTERN NO.8531
PASS PATTERN NO.8532
PASS PATTERN NO.8533
PASS PATTERN NO.8534
PASS PATTERN NO.8535
PASS PATTERN NO.8536
PASS PATTERN NO.8537
PASS PATTERN NO.8538
PASS PATTERN NO.8539
PASS PATTERN NO.8540
PASS PATTERN NO.8541
PASS PATTERN NO.8542
PASS PATTERN NO.8543
PASS PATTERN NO.8544
PASS PATTERN NO.8545
PASS PATTERN NO.8546
PASS PATTERN NO.8547
PASS PATTERN NO.8548
PASS PATTERN NO.8549
PASS PATTERN NO.8550
PASS PATTERN NO.8551
PASS PATTERN NO.8552
PASS PATTERN NO.8553
PASS PATTERN NO.8554
PASS PATTERN NO.8555
PASS PATTERN NO.8556
PASS PATTERN NO.8557
PASS PATTERN NO.8558
PASS PATTERN NO.8559
PASS PATTERN NO.8560
PASS PATTERN NO.8561
PASS PATTERN NO.8562
PASS PATTERN NO.8563
PASS PATTERN NO.8564
PASS PATTERN NO.8565
PASS PATTERN NO.8566
PASS PATTERN NO.8567
PASS PATTERN NO.8568
PASS PATTERN NO.8569
PASS PATTERN NO.8570
PASS PATTERN NO.8571
PASS PATTERN NO.8572
PASS PATTERN NO.8573
PASS PATTERN NO.8574
PASS PATTERN NO.8575
PASS PATTERN NO.8576
PASS PATTERN NO.8577
PASS PATTERN NO.8578
PASS PATTERN NO.8579
PASS PATTERN NO.8580
PASS PATTERN NO.8581
PASS PATTERN NO.8582
PASS PATTERN NO.8583
PASS PATTERN NO.8584
PASS PATTERN NO.8585
PASS PATTERN NO.8586
PASS PATTERN NO.8587
PASS PATTERN NO.8588
PASS PATTERN NO.8589
PASS PATTERN NO.8590
PASS PATTERN NO.8591
PASS PATTERN NO.8592
PASS PATTERN NO.8593
PASS PATTERN NO.8594
PASS PATTERN NO.8595
PASS PATTERN NO.8596
PASS PATTERN NO.8597
PASS PATTERN NO.8598
PASS PATTERN NO.8599
PASS PATTERN NO.8600
PASS PATTERN NO.8601
PASS PATTERN NO.8602
PASS PATTERN NO.8603
PASS PATTERN NO.8604
PASS PATTERN NO.8605
PASS PATTERN NO.8606
PASS PATTERN NO.8607
PASS PATTERN NO.8608
PASS PATTERN NO.8609
PASS PATTERN NO.8610
PASS PATTERN NO.8611
PASS PATTERN NO.8612
PASS PATTERN NO.8613
PASS PATTERN NO.8614
PASS PATTERN NO.8615
PASS PATTERN NO.8616
PASS PATTERN NO.8617
PASS PATTERN NO.8618
PASS PATTERN NO.8619
PASS PATTERN NO.8620
PASS PATTERN NO.8621
PASS PATTERN NO.8622
PASS PATTERN NO.8623
PASS PATTERN NO.8624
PASS PATTERN NO.8625
PASS PATTERN NO.8626
PASS PATTERN NO.8627
PASS PATTERN NO.8628
PASS PATTERN NO.8629
PASS PATTERN NO.8630
PASS PATTERN NO.8631
PASS PATTERN NO.8632
PASS PATTERN NO.8633
PASS PATTERN NO.8634
PASS PATTERN NO.8635
PASS PATTERN NO.8636
PASS PATTERN NO.8637
PASS PATTERN NO.8638
PASS PATTERN NO.8639
PASS PATTERN NO.8640
PASS PATTERN NO.8641
PASS PATTERN NO.8642
PASS PATTERN NO.8643
PASS PATTERN NO.8644
PASS PATTERN NO.8645
PASS PATTERN NO.8646
PASS PATTERN NO.8647
PASS PATTERN NO.8648
PASS PATTERN NO.8649
PASS PATTERN NO.8650
PASS PATTERN NO.8651
PASS PATTERN NO.8652
PASS PATTERN NO.8653
PASS PATTERN NO.8654
PASS PATTERN NO.8655
PASS PATTERN NO.8656
PASS PATTERN NO.8657
PASS PATTERN NO.8658
PASS PATTERN NO.8659
PASS PATTERN NO.8660
PASS PATTERN NO.8661
PASS PATTERN NO.8662
PASS PATTERN NO.8663
PASS PATTERN NO.8664
PASS PATTERN NO.8665
PASS PATTERN NO.8666
PASS PATTERN NO.8667
PASS PATTERN NO.8668
PASS PATTERN NO.8669
PASS PATTERN NO.8670
PASS PATTERN NO.8671
PASS PATTERN NO.8672
PASS PATTERN NO.8673
PASS PATTERN NO.8674
PASS PATTERN NO.8675
PASS PATTERN NO.8676
PASS PATTERN NO.8677
PASS PATTERN NO.8678
PASS PATTERN NO.8679
PASS PATTERN NO.8680
PASS PATTERN NO.8681
PASS PATTERN NO.8682
PASS PATTERN NO.8683
PASS PATTERN NO.8684
PASS PATTERN NO.8685
PASS PATTERN NO.8686
PASS PATTERN NO.8687
PASS PATTERN NO.8688
PASS PATTERN NO.8689
PASS PATTERN NO.8690
PASS PATTERN NO.8691
PASS PATTERN NO.8692
PASS PATTERN NO.8693
PASS PATTERN NO.8694
PASS PATTERN NO.8695
PASS PATTERN NO.8696
PASS PATTERN NO.8697
PASS PATTERN NO.8698
PASS PATTERN NO.8699
PASS PATTERN NO.8700
PASS PATTERN NO.8701
PASS PATTERN NO.8702
PASS PATTERN NO.8703
PASS PATTERN NO.8704
PASS PATTERN NO.8705
PASS PATTERN NO.8706
PASS PATTERN NO.8707
PASS PATTERN NO.8708
PASS PATTERN NO.8709
PASS PATTERN NO.8710
PASS PATTERN NO.8711
PASS PATTERN NO.8712
PASS PATTERN NO.8713
PASS PATTERN NO.8714
PASS PATTERN NO.8715
PASS PATTERN NO.8716
PASS PATTERN NO.8717
PASS PATTERN NO.8718
PASS PATTERN NO.8719
PASS PATTERN NO.8720
PASS PATTERN NO.8721
PASS PATTERN NO.8722
PASS PATTERN NO.8723
PASS PATTERN NO.8724
PASS PATTERN NO.8725
PASS PATTERN NO.8726
PASS PATTERN NO.8727
PASS PATTERN NO.8728
PASS PATTERN NO.8729
PASS PATTERN NO.8730
PASS PATTERN NO.8731
PASS PATTERN NO.8732
PASS PATTERN NO.8733
PASS PATTERN NO.8734
PASS PATTERN NO.8735
PASS PATTERN NO.8736
PASS PATTERN NO.8737
PASS PATTERN NO.8738
PASS PATTERN NO.8739
PASS PATTERN NO.8740
PASS PATTERN NO.8741
PASS PATTERN NO.8742
PASS PATTERN NO.8743
PASS PATTERN NO.8744
PASS PATTERN NO.8745
PASS PATTERN NO.8746
PASS PATTERN NO.8747
PASS PATTERN NO.8748
PASS PATTERN NO.8749
PASS PATTERN NO.8750
PASS PATTERN NO.8751
PASS PATTERN NO.8752
PASS PATTERN NO.8753
PASS PATTERN NO.8754
PASS PATTERN NO.8755
PASS PATTERN NO.8756
PASS PATTERN NO.8757
PASS PATTERN NO.8758
PASS PATTERN NO.8759
PASS PATTERN NO.8760
PASS PATTERN NO.8761
PASS PATTERN NO.8762
PASS PATTERN NO.8763
PASS PATTERN NO.8764
PASS PATTERN NO.8765
PASS PATTERN NO.8766
PASS PATTERN NO.8767
PASS PATTERN NO.8768
PASS PATTERN NO.8769
PASS PATTERN NO.8770
PASS PATTERN NO.8771
PASS PATTERN NO.8772
PASS PATTERN NO.8773
PASS PATTERN NO.8774
PASS PATTERN NO.8775
PASS PATTERN NO.8776
PASS PATTERN NO.8777
PASS PATTERN NO.8778
PASS PATTERN NO.8779
PASS PATTERN NO.8780
PASS PATTERN NO.8781
PASS PATTERN NO.8782
PASS PATTERN NO.8783
PASS PATTERN NO.8784
PASS PATTERN NO.8785
PASS PATTERN NO.8786
PASS PATTERN NO.8787
PASS PATTERN NO.8788
PASS PATTERN NO.8789
PASS PATTERN NO.8790
PASS PATTERN NO.8791
PASS PATTERN NO.8792
PASS PATTERN NO.8793
PASS PATTERN NO.8794
PASS PATTERN NO.8795
PASS PATTERN NO.8796
PASS PATTERN NO.8797
PASS PATTERN NO.8798
PASS PATTERN NO.8799
PASS PATTERN NO.8800
PASS PATTERN NO.8801
PASS PATTERN NO.8802
PASS PATTERN NO.8803
PASS PATTERN NO.8804
PASS PATTERN NO.8805
PASS PATTERN NO.8806
PASS PATTERN NO.8807
PASS PATTERN NO.8808
PASS PATTERN NO.8809
PASS PATTERN NO.8810
PASS PATTERN NO.8811
PASS PATTERN NO.8812
PASS PATTERN NO.8813
PASS PATTERN NO.8814
PASS PATTERN NO.8815
PASS PATTERN NO.8816
PASS PATTERN NO.8817
PASS PATTERN NO.8818
PASS PATTERN NO.8819
PASS PATTERN NO.8820
PASS PATTERN NO.8821
PASS PATTERN NO.8822
PASS PATTERN NO.8823
PASS PATTERN NO.8824
PASS PATTERN NO.8825
PASS PATTERN NO.8826
PASS PATTERN NO.8827
PASS PATTERN NO.8828
PASS PATTERN NO.8829
PASS PATTERN NO.8830
PASS PATTERN NO.8831
PASS PATTERN NO.8832
PASS PATTERN NO.8833
PASS PATTERN NO.8834
PASS PATTERN NO.8835
PASS PATTERN NO.8836
PASS PATTERN NO.8837
PASS PATTERN NO.8838
PASS PATTERN NO.8839
PASS PATTERN NO.8840
PASS PATTERN NO.8841
PASS PATTERN NO.8842
PASS PATTERN NO.8843
PASS PATTERN NO.8844
PASS PATTERN NO.8845
PASS PATTERN NO.8846
PASS PATTERN NO.8847
PASS PATTERN NO.8848
PASS PATTERN NO.8849
PASS PATTERN NO.8850
PASS PATTERN NO.8851
PASS PATTERN NO.8852
PASS PATTERN NO.8853
PASS PATTERN NO.8854
PASS PATTERN NO.8855
PASS PATTERN NO.8856
PASS PATTERN NO.8857
PASS PATTERN NO.8858
PASS PATTERN NO.8859
PASS PATTERN NO.8860
PASS PATTERN NO.8861
PASS PATTERN NO.8862
PASS PATTERN NO.8863
PASS PATTERN NO.8864
PASS PATTERN NO.8865
PASS PATTERN NO.8866
PASS PATTERN NO.8867
PASS PATTERN NO.8868
PASS PATTERN NO.8869
PASS PATTERN NO.8870
PASS PATTERN NO.8871
PASS PATTERN NO.8872
PASS PATTERN NO.8873
PASS PATTERN NO.8874
PASS PATTERN NO.8875
PASS PATTERN NO.8876
PASS PATTERN NO.8877
PASS PATTERN NO.8878
PASS PATTERN NO.8879
PASS PATTERN NO.8880
PASS PATTERN NO.8881
PASS PATTERN NO.8882
PASS PATTERN NO.8883
PASS PATTERN NO.8884
PASS PATTERN NO.8885
PASS PATTERN NO.8886
PASS PATTERN NO.8887
PASS PATTERN NO.8888
PASS PATTERN NO.8889
PASS PATTERN NO.8890
PASS PATTERN NO.8891
PASS PATTERN NO.8892
PASS PATTERN NO.8893
PASS PATTERN NO.8894
PASS PATTERN NO.8895
PASS PATTERN NO.8896
PASS PATTERN NO.8897
PASS PATTERN NO.8898
PASS PATTERN NO.8899
PASS PATTERN NO.8900
PASS PATTERN NO.8901
PASS PATTERN NO.8902
PASS PATTERN NO.8903
PASS PATTERN NO.8904
PASS PATTERN NO.8905
PASS PATTERN NO.8906
PASS PATTERN NO.8907
PASS PATTERN NO.8908
PASS PATTERN NO.8909
PASS PATTERN NO.8910
PASS PATTERN NO.8911
PASS PATTERN NO.8912
PASS PATTERN NO.8913
PASS PATTERN NO.8914
PASS PATTERN NO.8915
PASS PATTERN NO.8916
PASS PATTERN NO.8917
PASS PATTERN NO.8918
PASS PATTERN NO.8919
PASS PATTERN NO.8920
PASS PATTERN NO.8921
PASS PATTERN NO.8922
PASS PATTERN NO.8923
PASS PATTERN NO.8924
PASS PATTERN NO.8925
PASS PATTERN NO.8926
PASS PATTERN NO.8927
PASS PATTERN NO.8928
PASS PATTERN NO.8929
PASS PATTERN NO.8930
PASS PATTERN NO.8931
PASS PATTERN NO.8932
PASS PATTERN NO.8933
PASS PATTERN NO.8934
PASS PATTERN NO.8935
PASS PATTERN NO.8936
PASS PATTERN NO.8937
PASS PATTERN NO.8938
PASS PATTERN NO.8939
PASS PATTERN NO.8940
PASS PATTERN NO.8941
PASS PATTERN NO.8942
PASS PATTERN NO.8943
PASS PATTERN NO.8944
PASS PATTERN NO.8945
PASS PATTERN NO.8946
PASS PATTERN NO.8947
PASS PATTERN NO.8948
PASS PATTERN NO.8949
PASS PATTERN NO.8950
PASS PATTERN NO.8951
PASS PATTERN NO.8952
PASS PATTERN NO.8953
PASS PATTERN NO.8954
PASS PATTERN NO.8955
PASS PATTERN NO.8956
PASS PATTERN NO.8957
PASS PATTERN NO.8958
PASS PATTERN NO.8959
PASS PATTERN NO.8960
PASS PATTERN NO.8961
PASS PATTERN NO.8962
PASS PATTERN NO.8963
PASS PATTERN NO.8964
PASS PATTERN NO.8965
PASS PATTERN NO.8966
PASS PATTERN NO.8967
PASS PATTERN NO.8968
PASS PATTERN NO.8969
PASS PATTERN NO.8970
PASS PATTERN NO.8971
PASS PATTERN NO.8972
PASS PATTERN NO.8973
PASS PATTERN NO.8974
PASS PATTERN NO.8975
PASS PATTERN NO.8976
PASS PATTERN NO.8977
PASS PATTERN NO.8978
PASS PATTERN NO.8979
PASS PATTERN NO.8980
PASS PATTERN NO.8981
PASS PATTERN NO.8982
PASS PATTERN NO.8983
PASS PATTERN NO.8984
PASS PATTERN NO.8985
PASS PATTERN NO.8986
PASS PATTERN NO.8987
PASS PATTERN NO.8988
PASS PATTERN NO.8989
PASS PATTERN NO.8990
PASS PATTERN NO.8991
PASS PATTERN NO.8992
PASS PATTERN NO.8993
PASS PATTERN NO.8994
PASS PATTERN NO.8995
PASS PATTERN NO.8996
PASS PATTERN NO.8997
PASS PATTERN NO.8998
PASS PATTERN NO.8999
PASS PATTERN NO.9000
PASS PATTERN NO.9001
PASS PATTERN NO.9002
PASS PATTERN NO.9003
PASS PATTERN NO.9004
PASS PATTERN NO.9005
PASS PATTERN NO.9006
PASS PATTERN NO.9007
PASS PATTERN NO.9008
PASS PATTERN NO.9009
PASS PATTERN NO.9010
PASS PATTERN NO.9011
PASS PATTERN NO.9012
PASS PATTERN NO.9013
PASS PATTERN NO.9014
PASS PATTERN NO.9015
PASS PATTERN NO.9016
PASS PATTERN NO.9017
PASS PATTERN NO.9018
PASS PATTERN NO.9019
PASS PATTERN NO.9020
PASS PATTERN NO.9021
PASS PATTERN NO.9022
PASS PATTERN NO.9023
PASS PATTERN NO.9024
PASS PATTERN NO.9025
PASS PATTERN NO.9026
PASS PATTERN NO.9027
PASS PATTERN NO.9028
PASS PATTERN NO.9029
PASS PATTERN NO.9030
PASS PATTERN NO.9031
PASS PATTERN NO.9032
PASS PATTERN NO.9033
PASS PATTERN NO.9034
PASS PATTERN NO.9035
PASS PATTERN NO.9036
PASS PATTERN NO.9037
PASS PATTERN NO.9038
PASS PATTERN NO.9039
PASS PATTERN NO.9040
PASS PATTERN NO.9041
PASS PATTERN NO.9042
PASS PATTERN NO.9043
PASS PATTERN NO.9044
PASS PATTERN NO.9045
PASS PATTERN NO.9046
PASS PATTERN NO.9047
PASS PATTERN NO.9048
PASS PATTERN NO.9049
PASS PATTERN NO.9050
PASS PATTERN NO.9051
PASS PATTERN NO.9052
PASS PATTERN NO.9053
PASS PATTERN NO.9054
PASS PATTERN NO.9055
PASS PATTERN NO.9056
PASS PATTERN NO.9057
PASS PATTERN NO.9058
PASS PATTERN NO.9059
PASS PATTERN NO.9060
PASS PATTERN NO.9061
PASS PATTERN NO.9062
PASS PATTERN NO.9063
PASS PATTERN NO.9064
PASS PATTERN NO.9065
PASS PATTERN NO.9066
PASS PATTERN NO.9067
PASS PATTERN NO.9068
PASS PATTERN NO.9069
PASS PATTERN NO.9070
PASS PATTERN NO.9071
PASS PATTERN NO.9072
PASS PATTERN NO.9073
PASS PATTERN NO.9074
PASS PATTERN NO.9075
PASS PATTERN NO.9076
PASS PATTERN NO.9077
PASS PATTERN NO.9078
PASS PATTERN NO.9079
PASS PATTERN NO.9080
PASS PATTERN NO.9081
PASS PATTERN NO.9082
PASS PATTERN NO.9083
PASS PATTERN NO.9084
PASS PATTERN NO.9085
PASS PATTERN NO.9086
PASS PATTERN NO.9087
PASS PATTERN NO.9088
PASS PATTERN NO.9089
PASS PATTERN NO.9090
PASS PATTERN NO.9091
PASS PATTERN NO.9092
PASS PATTERN NO.9093
PASS PATTERN NO.9094
PASS PATTERN NO.9095
PASS PATTERN NO.9096
PASS PATTERN NO.9097
PASS PATTERN NO.9098
PASS PATTERN NO.9099
PASS PATTERN NO.9100
PASS PATTERN NO.9101
PASS PATTERN NO.9102
PASS PATTERN NO.9103
PASS PATTERN NO.9104
PASS PATTERN NO.9105
PASS PATTERN NO.9106
PASS PATTERN NO.9107
PASS PATTERN NO.9108
PASS PATTERN NO.9109
PASS PATTERN NO.9110
PASS PATTERN NO.9111
PASS PATTERN NO.9112
PASS PATTERN NO.9113
PASS PATTERN NO.9114
PASS PATTERN NO.9115
PASS PATTERN NO.9116
PASS PATTERN NO.9117
PASS PATTERN NO.9118
PASS PATTERN NO.9119
PASS PATTERN NO.9120
PASS PATTERN NO.9121
PASS PATTERN NO.9122
PASS PATTERN NO.9123
PASS PATTERN NO.9124
PASS PATTERN NO.9125
PASS PATTERN NO.9126
PASS PATTERN NO.9127
PASS PATTERN NO.9128
PASS PATTERN NO.9129
PASS PATTERN NO.9130
PASS PATTERN NO.9131
PASS PATTERN NO.9132
PASS PATTERN NO.9133
PASS PATTERN NO.9134
PASS PATTERN NO.9135
PASS PATTERN NO.9136
PASS PATTERN NO.9137
PASS PATTERN NO.9138
PASS PATTERN NO.9139
PASS PATTERN NO.9140
PASS PATTERN NO.9141
PASS PATTERN NO.9142
PASS PATTERN NO.9143
PASS PATTERN NO.9144
PASS PATTERN NO.9145
PASS PATTERN NO.9146
PASS PATTERN NO.9147
PASS PATTERN NO.9148
PASS PATTERN NO.9149
PASS PATTERN NO.9150
PASS PATTERN NO.9151
PASS PATTERN NO.9152
PASS PATTERN NO.9153
PASS PATTERN NO.9154
PASS PATTERN NO.9155
PASS PATTERN NO.9156
PASS PATTERN NO.9157
PASS PATTERN NO.9158
PASS PATTERN NO.9159
PASS PATTERN NO.9160
PASS PATTERN NO.9161
PASS PATTERN NO.9162
PASS PATTERN NO.9163
PASS PATTERN NO.9164
PASS PATTERN NO.9165
PASS PATTERN NO.9166
PASS PATTERN NO.9167
PASS PATTERN NO.9168
PASS PATTERN NO.9169
PASS PATTERN NO.9170
PASS PATTERN NO.9171
PASS PATTERN NO.9172
PASS PATTERN NO.9173
PASS PATTERN NO.9174
PASS PATTERN NO.9175
PASS PATTERN NO.9176
PASS PATTERN NO.9177
PASS PATTERN NO.9178
PASS PATTERN NO.9179
PASS PATTERN NO.9180
PASS PATTERN NO.9181
PASS PATTERN NO.9182
PASS PATTERN NO.9183
PASS PATTERN NO.9184
PASS PATTERN NO.9185
PASS PATTERN NO.9186
PASS PATTERN NO.9187
PASS PATTERN NO.9188
PASS PATTERN NO.9189
PASS PATTERN NO.9190
PASS PATTERN NO.9191
PASS PATTERN NO.9192
PASS PATTERN NO.9193
PASS PATTERN NO.9194
PASS PATTERN NO.9195
PASS PATTERN NO.9196
PASS PATTERN NO.9197
PASS PATTERN NO.9198
PASS PATTERN NO.9199
PASS PATTERN NO.9200
PASS PATTERN NO.9201
PASS PATTERN NO.9202
PASS PATTERN NO.9203
PASS PATTERN NO.9204
PASS PATTERN NO.9205
PASS PATTERN NO.9206
PASS PATTERN NO.9207
PASS PATTERN NO.9208
PASS PATTERN NO.9209
PASS PATTERN NO.9210
PASS PATTERN NO.9211
PASS PATTERN NO.9212
PASS PATTERN NO.9213
PASS PATTERN NO.9214
PASS PATTERN NO.9215
PASS PATTERN NO.9216
PASS PATTERN NO.9217
PASS PATTERN NO.9218
PASS PATTERN NO.9219
PASS PATTERN NO.9220
PASS PATTERN NO.9221
PASS PATTERN NO.9222
PASS PATTERN NO.9223
PASS PATTERN NO.9224
PASS PATTERN NO.9225
PASS PATTERN NO.9226
PASS PATTERN NO.9227
PASS PATTERN NO.9228
PASS PATTERN NO.9229
PASS PATTERN NO.9230
PASS PATTERN NO.9231
PASS PATTERN NO.9232
PASS PATTERN NO.9233
PASS PATTERN NO.9234
PASS PATTERN NO.9235
PASS PATTERN NO.9236
PASS PATTERN NO.9237
PASS PATTERN NO.9238
PASS PATTERN NO.9239
PASS PATTERN NO.9240
PASS PATTERN NO.9241
PASS PATTERN NO.9242
PASS PATTERN NO.9243
PASS PATTERN NO.9244
PASS PATTERN NO.9245
PASS PATTERN NO.9246
PASS PATTERN NO.9247
PASS PATTERN NO.9248
PASS PATTERN NO.9249
PASS PATTERN NO.9250
PASS PATTERN NO.9251
PASS PATTERN NO.9252
PASS PATTERN NO.9253
PASS PATTERN NO.9254
PASS PATTERN NO.9255
PASS PATTERN NO.9256
PASS PATTERN NO.9257
PASS PATTERN NO.9258
PASS PATTERN NO.9259
PASS PATTERN NO.9260
PASS PATTERN NO.9261
PASS PATTERN NO.9262
PASS PATTERN NO.9263
PASS PATTERN NO.9264
PASS PATTERN NO.9265
PASS PATTERN NO.9266
PASS PATTERN NO.9267
PASS PATTERN NO.9268
PASS PATTERN NO.9269
PASS PATTERN NO.9270
PASS PATTERN NO.9271
PASS PATTERN NO.9272
PASS PATTERN NO.9273
PASS PATTERN NO.9274
PASS PATTERN NO.9275
PASS PATTERN NO.9276
PASS PATTERN NO.9277
PASS PATTERN NO.9278
PASS PATTERN NO.9279
PASS PATTERN NO.9280
PASS PATTERN NO.9281
PASS PATTERN NO.9282
PASS PATTERN NO.9283
PASS PATTERN NO.9284
PASS PATTERN NO.9285
PASS PATTERN NO.9286
PASS PATTERN NO.9287
PASS PATTERN NO.9288
PASS PATTERN NO.9289
PASS PATTERN NO.9290
PASS PATTERN NO.9291
PASS PATTERN NO.9292
PASS PATTERN NO.9293
PASS PATTERN NO.9294
PASS PATTERN NO.9295
PASS PATTERN NO.9296
PASS PATTERN NO.9297
PASS PATTERN NO.9298
PASS PATTERN NO.9299
PASS PATTERN NO.9300
PASS PATTERN NO.9301
PASS PATTERN NO.9302
PASS PATTERN NO.9303
PASS PATTERN NO.9304
PASS PATTERN NO.9305
PASS PATTERN NO.9306
PASS PATTERN NO.9307
PASS PATTERN NO.9308
PASS PATTERN NO.9309
PASS PATTERN NO.9310
PASS PATTERN NO.9311
PASS PATTERN NO.9312
PASS PATTERN NO.9313
PASS PATTERN NO.9314
PASS PATTERN NO.9315
PASS PATTERN NO.9316
PASS PATTERN NO.9317
PASS PATTERN NO.9318
PASS PATTERN NO.9319
PASS PATTERN NO.9320
PASS PATTERN NO.9321
PASS PATTERN NO.9322
PASS PATTERN NO.9323
PASS PATTERN NO.9324
PASS PATTERN NO.9325
PASS PATTERN NO.9326
PASS PATTERN NO.9327
PASS PATTERN NO.9328
PASS PATTERN NO.9329
PASS PATTERN NO.9330
PASS PATTERN NO.9331
PASS PATTERN NO.9332
PASS PATTERN NO.9333
PASS PATTERN NO.9334
PASS PATTERN NO.9335
PASS PATTERN NO.9336
PASS PATTERN NO.9337
PASS PATTERN NO.9338
PASS PATTERN NO.9339
PASS PATTERN NO.9340
PASS PATTERN NO.9341
PASS PATTERN NO.9342
PASS PATTERN NO.9343
PASS PATTERN NO.9344
PASS PATTERN NO.9345
PASS PATTERN NO.9346
PASS PATTERN NO.9347
PASS PATTERN NO.9348
PASS PATTERN NO.9349
PASS PATTERN NO.9350
PASS PATTERN NO.9351
PASS PATTERN NO.9352
PASS PATTERN NO.9353
PASS PATTERN NO.9354
PASS PATTERN NO.9355
PASS PATTERN NO.9356
PASS PATTERN NO.9357
PASS PATTERN NO.9358
PASS PATTERN NO.9359
PASS PATTERN NO.9360
PASS PATTERN NO.9361
PASS PATTERN NO.9362
PASS PATTERN NO.9363
PASS PATTERN NO.9364
PASS PATTERN NO.9365
PASS PATTERN NO.9366
PASS PATTERN NO.9367
PASS PATTERN NO.9368
PASS PATTERN NO.9369
PASS PATTERN NO.9370
PASS PATTERN NO.9371
PASS PATTERN NO.9372
PASS PATTERN NO.9373
PASS PATTERN NO.9374
PASS PATTERN NO.9375
PASS PATTERN NO.9376
PASS PATTERN NO.9377
PASS PATTERN NO.9378
PASS PATTERN NO.9379
PASS PATTERN NO.9380
PASS PATTERN NO.9381
PASS PATTERN NO.9382
PASS PATTERN NO.9383
PASS PATTERN NO.9384
PASS PATTERN NO.9385
PASS PATTERN NO.9386
PASS PATTERN NO.9387
PASS PATTERN NO.9388
PASS PATTERN NO.9389
PASS PATTERN NO.9390
PASS PATTERN NO.9391
PASS PATTERN NO.9392
PASS PATTERN NO.9393
PASS PATTERN NO.9394
PASS PATTERN NO.9395
PASS PATTERN NO.9396
PASS PATTERN NO.9397
PASS PATTERN NO.9398
PASS PATTERN NO.9399
PASS PATTERN NO.9400
PASS PATTERN NO.9401
PASS PATTERN NO.9402
PASS PATTERN NO.9403
PASS PATTERN NO.9404
PASS PATTERN NO.9405
PASS PATTERN NO.9406
PASS PATTERN NO.9407
PASS PATTERN NO.9408
PASS PATTERN NO.9409
PASS PATTERN NO.9410
PASS PATTERN NO.9411
PASS PATTERN NO.9412
PASS PATTERN NO.9413
PASS PATTERN NO.9414
PASS PATTERN NO.9415
PASS PATTERN NO.9416
PASS PATTERN NO.9417
PASS PATTERN NO.9418
PASS PATTERN NO.9419
PASS PATTERN NO.9420
PASS PATTERN NO.9421
PASS PATTERN NO.9422
PASS PATTERN NO.9423
PASS PATTERN NO.9424
PASS PATTERN NO.9425
PASS PATTERN NO.9426
PASS PATTERN NO.9427
PASS PATTERN NO.9428
PASS PATTERN NO.9429
PASS PATTERN NO.9430
PASS PATTERN NO.9431
PASS PATTERN NO.9432
PASS PATTERN NO.9433
PASS PATTERN NO.9434
PASS PATTERN NO.9435
PASS PATTERN NO.9436
PASS PATTERN NO.9437
PASS PATTERN NO.9438
PASS PATTERN NO.9439
PASS PATTERN NO.9440
PASS PATTERN NO.9441
PASS PATTERN NO.9442
PASS PATTERN NO.9443
PASS PATTERN NO.9444
PASS PATTERN NO.9445
PASS PATTERN NO.9446
PASS PATTERN NO.9447
PASS PATTERN NO.9448
PASS PATTERN NO.9449
PASS PATTERN NO.9450
PASS PATTERN NO.9451
PASS PATTERN NO.9452
PASS PATTERN NO.9453
PASS PATTERN NO.9454
PASS PATTERN NO.9455
PASS PATTERN NO.9456
PASS PATTERN NO.9457
PASS PATTERN NO.9458
PASS PATTERN NO.9459
PASS PATTERN NO.9460
PASS PATTERN NO.9461
PASS PATTERN NO.9462
PASS PATTERN NO.9463
PASS PATTERN NO.9464
PASS PATTERN NO.9465
PASS PATTERN NO.9466
PASS PATTERN NO.9467
PASS PATTERN NO.9468
PASS PATTERN NO.9469
PASS PATTERN NO.9470
PASS PATTERN NO.9471
PASS PATTERN NO.9472
PASS PATTERN NO.9473
PASS PATTERN NO.9474
PASS PATTERN NO.9475
PASS PATTERN NO.9476
PASS PATTERN NO.9477
PASS PATTERN NO.9478
PASS PATTERN NO.9479
PASS PATTERN NO.9480
PASS PATTERN NO.9481
PASS PATTERN NO.9482
PASS PATTERN NO.9483
PASS PATTERN NO.9484
PASS PATTERN NO.9485
PASS PATTERN NO.9486
PASS PATTERN NO.9487
PASS PATTERN NO.9488
PASS PATTERN NO.9489
PASS PATTERN NO.9490
PASS PATTERN NO.9491
PASS PATTERN NO.9492
PASS PATTERN NO.9493
PASS PATTERN NO.9494
PASS PATTERN NO.9495
PASS PATTERN NO.9496
PASS PATTERN NO.9497
PASS PATTERN NO.9498
PASS PATTERN NO.9499
PASS PATTERN NO.9500
PASS PATTERN NO.9501
PASS PATTERN NO.9502
PASS PATTERN NO.9503
PASS PATTERN NO.9504
PASS PATTERN NO.9505
PASS PATTERN NO.9506
PASS PATTERN NO.9507
PASS PATTERN NO.9508
PASS PATTERN NO.9509
PASS PATTERN NO.9510
PASS PATTERN NO.9511
PASS PATTERN NO.9512
PASS PATTERN NO.9513
PASS PATTERN NO.9514
PASS PATTERN NO.9515
PASS PATTERN NO.9516
PASS PATTERN NO.9517
PASS PATTERN NO.9518
PASS PATTERN NO.9519
PASS PATTERN NO.9520
PASS PATTERN NO.9521
PASS PATTERN NO.9522
PASS PATTERN NO.9523
PASS PATTERN NO.9524
PASS PATTERN NO.9525
PASS PATTERN NO.9526
PASS PATTERN NO.9527
PASS PATTERN NO.9528
PASS PATTERN NO.9529
PASS PATTERN NO.9530
PASS PATTERN NO.9531
PASS PATTERN NO.9532
PASS PATTERN NO.9533
PASS PATTERN NO.9534
PASS PATTERN NO.9535
PASS PATTERN NO.9536
PASS PATTERN NO.9537
PASS PATTERN NO.9538
PASS PATTERN NO.9539
PASS PATTERN NO.9540
PASS PATTERN NO.9541
PASS PATTERN NO.9542
PASS PATTERN NO.9543
PASS PATTERN NO.9544
PASS PATTERN NO.9545
PASS PATTERN NO.9546
PASS PATTERN NO.9547
PASS PATTERN NO.9548
PASS PATTERN NO.9549
PASS PATTERN NO.9550
PASS PATTERN NO.9551
PASS PATTERN NO.9552
PASS PATTERN NO.9553
PASS PATTERN NO.9554
PASS PATTERN NO.9555
PASS PATTERN NO.9556
PASS PATTERN NO.9557
PASS PATTERN NO.9558
PASS PATTERN NO.9559
PASS PATTERN NO.9560
PASS PATTERN NO.9561
PASS PATTERN NO.9562
PASS PATTERN NO.9563
PASS PATTERN NO.9564
PASS PATTERN NO.9565
PASS PATTERN NO.9566
PASS PATTERN NO.9567
PASS PATTERN NO.9568
PASS PATTERN NO.9569
PASS PATTERN NO.9570
PASS PATTERN NO.9571
PASS PATTERN NO.9572
PASS PATTERN NO.9573
PASS PATTERN NO.9574
PASS PATTERN NO.9575
PASS PATTERN NO.9576
PASS PATTERN NO.9577
PASS PATTERN NO.9578
PASS PATTERN NO.9579
PASS PATTERN NO.9580
PASS PATTERN NO.9581
PASS PATTERN NO.9582
PASS PATTERN NO.9583
PASS PATTERN NO.9584
PASS PATTERN NO.9585
PASS PATTERN NO.9586
PASS PATTERN NO.9587
PASS PATTERN NO.9588
PASS PATTERN NO.9589
PASS PATTERN NO.9590
PASS PATTERN NO.9591
PASS PATTERN NO.9592
PASS PATTERN NO.9593
PASS PATTERN NO.9594
PASS PATTERN NO.9595
PASS PATTERN NO.9596
PASS PATTERN NO.9597
PASS PATTERN NO.9598
PASS PATTERN NO.9599
PASS PATTERN NO.9600
PASS PATTERN NO.9601
PASS PATTERN NO.9602
PASS PATTERN NO.9603
PASS PATTERN NO.9604
PASS PATTERN NO.9605
PASS PATTERN NO.9606
PASS PATTERN NO.9607
PASS PATTERN NO.9608
PASS PATTERN NO.9609
PASS PATTERN NO.9610
PASS PATTERN NO.9611
PASS PATTERN NO.9612
PASS PATTERN NO.9613
PASS PATTERN NO.9614
PASS PATTERN NO.9615
PASS PATTERN NO.9616
PASS PATTERN NO.9617
PASS PATTERN NO.9618
PASS PATTERN NO.9619
PASS PATTERN NO.9620
PASS PATTERN NO.9621
PASS PATTERN NO.9622
PASS PATTERN NO.9623
PASS PATTERN NO.9624
PASS PATTERN NO.9625
PASS PATTERN NO.9626
PASS PATTERN NO.9627
PASS PATTERN NO.9628
PASS PATTERN NO.9629
PASS PATTERN NO.9630
PASS PATTERN NO.9631
PASS PATTERN NO.9632
PASS PATTERN NO.9633
PASS PATTERN NO.9634
PASS PATTERN NO.9635
PASS PATTERN NO.9636
PASS PATTERN NO.9637
PASS PATTERN NO.9638
PASS PATTERN NO.9639
PASS PATTERN NO.9640
PASS PATTERN NO.9641
PASS PATTERN NO.9642
PASS PATTERN NO.9643
PASS PATTERN NO.9644
PASS PATTERN NO.9645
PASS PATTERN NO.9646
PASS PATTERN NO.9647
PASS PATTERN NO.9648
PASS PATTERN NO.9649
PASS PATTERN NO.9650
PASS PATTERN NO.9651
PASS PATTERN NO.9652
PASS PATTERN NO.9653
PASS PATTERN NO.9654
PASS PATTERN NO.9655
PASS PATTERN NO.9656
PASS PATTERN NO.9657
PASS PATTERN NO.9658
PASS PATTERN NO.9659
PASS PATTERN NO.9660
PASS PATTERN NO.9661
PASS PATTERN NO.9662
PASS PATTERN NO.9663
PASS PATTERN NO.9664
PASS PATTERN NO.9665
PASS PATTERN NO.9666
PASS PATTERN NO.9667
PASS PATTERN NO.9668
PASS PATTERN NO.9669
PASS PATTERN NO.9670
PASS PATTERN NO.9671
PASS PATTERN NO.9672
PASS PATTERN NO.9673
PASS PATTERN NO.9674
PASS PATTERN NO.9675
PASS PATTERN NO.9676
PASS PATTERN NO.9677
PASS PATTERN NO.9678
PASS PATTERN NO.9679
PASS PATTERN NO.9680
PASS PATTERN NO.9681
PASS PATTERN NO.9682
PASS PATTERN NO.9683
PASS PATTERN NO.9684
PASS PATTERN NO.9685
PASS PATTERN NO.9686
PASS PATTERN NO.9687
PASS PATTERN NO.9688
PASS PATTERN NO.9689
PASS PATTERN NO.9690
PASS PATTERN NO.9691
PASS PATTERN NO.9692
PASS PATTERN NO.9693
PASS PATTERN NO.9694
PASS PATTERN NO.9695
PASS PATTERN NO.9696
PASS PATTERN NO.9697
PASS PATTERN NO.9698
PASS PATTERN NO.9699
PASS PATTERN NO.9700
PASS PATTERN NO.9701
PASS PATTERN NO.9702
PASS PATTERN NO.9703
PASS PATTERN NO.9704
PASS PATTERN NO.9705
PASS PATTERN NO.9706
PASS PATTERN NO.9707
PASS PATTERN NO.9708
PASS PATTERN NO.9709
PASS PATTERN NO.9710
PASS PATTERN NO.9711
PASS PATTERN NO.9712
PASS PATTERN NO.9713
PASS PATTERN NO.9714
PASS PATTERN NO.9715
PASS PATTERN NO.9716
PASS PATTERN NO.9717
PASS PATTERN NO.9718
PASS PATTERN NO.9719
PASS PATTERN NO.9720
PASS PATTERN NO.9721
PASS PATTERN NO.9722
PASS PATTERN NO.9723
PASS PATTERN NO.9724
PASS PATTERN NO.9725
PASS PATTERN NO.9726
PASS PATTERN NO.9727
PASS PATTERN NO.9728
PASS PATTERN NO.9729
PASS PATTERN NO.9730
PASS PATTERN NO.9731
PASS PATTERN NO.9732
PASS PATTERN NO.9733
PASS PATTERN NO.9734
PASS PATTERN NO.9735
PASS PATTERN NO.9736
PASS PATTERN NO.9737
PASS PATTERN NO.9738
PASS PATTERN NO.9739
PASS PATTERN NO.9740
PASS PATTERN NO.9741
PASS PATTERN NO.9742
PASS PATTERN NO.9743
PASS PATTERN NO.9744
PASS PATTERN NO.9745
PASS PATTERN NO.9746
PASS PATTERN NO.9747
PASS PATTERN NO.9748
PASS PATTERN NO.9749
PASS PATTERN NO.9750
PASS PATTERN NO.9751
PASS PATTERN NO.9752
PASS PATTERN NO.9753
PASS PATTERN NO.9754
PASS PATTERN NO.9755
PASS PATTERN NO.9756
PASS PATTERN NO.9757
PASS PATTERN NO.9758
PASS PATTERN NO.9759
PASS PATTERN NO.9760
PASS PATTERN NO.9761
PASS PATTERN NO.9762
PASS PATTERN NO.9763
PASS PATTERN NO.9764
PASS PATTERN NO.9765
PASS PATTERN NO.9766
PASS PATTERN NO.9767
PASS PATTERN NO.9768
PASS PATTERN NO.9769
PASS PATTERN NO.9770
PASS PATTERN NO.9771
PASS PATTERN NO.9772
PASS PATTERN NO.9773
PASS PATTERN NO.9774
PASS PATTERN NO.9775
PASS PATTERN NO.9776
PASS PATTERN NO.9777
PASS PATTERN NO.9778
PASS PATTERN NO.9779
PASS PATTERN NO.9780
PASS PATTERN NO.9781
PASS PATTERN NO.9782
PASS PATTERN NO.9783
PASS PATTERN NO.9784
PASS PATTERN NO.9785
PASS PATTERN NO.9786
PASS PATTERN NO.9787
PASS PATTERN NO.9788
PASS PATTERN NO.9789
PASS PATTERN NO.9790
PASS PATTERN NO.9791
PASS PATTERN NO.9792
PASS PATTERN NO.9793
PASS PATTERN NO.9794
PASS PATTERN NO.9795
PASS PATTERN NO.9796
PASS PATTERN NO.9797
PASS PATTERN NO.9798
PASS PATTERN NO.9799
PASS PATTERN NO.9800
PASS PATTERN NO.9801
PASS PATTERN NO.9802
PASS PATTERN NO.9803
PASS PATTERN NO.9804
PASS PATTERN NO.9805
PASS PATTERN NO.9806
PASS PATTERN NO.9807
PASS PATTERN NO.9808
PASS PATTERN NO.9809
PASS PATTERN NO.9810
PASS PATTERN NO.9811
PASS PATTERN NO.9812
PASS PATTERN NO.9813
PASS PATTERN NO.9814
PASS PATTERN NO.9815
PASS PATTERN NO.9816
PASS PATTERN NO.9817
PASS PATTERN NO.9818
PASS PATTERN NO.9819
PASS PATTERN NO.9820
PASS PATTERN NO.9821
PASS PATTERN NO.9822
PASS PATTERN NO.9823
PASS PATTERN NO.9824
PASS PATTERN NO.9825
PASS PATTERN NO.9826
PASS PATTERN NO.9827
PASS PATTERN NO.9828
PASS PATTERN NO.9829
PASS PATTERN NO.9830
PASS PATTERN NO.9831
PASS PATTERN NO.9832
PASS PATTERN NO.9833
PASS PATTERN NO.9834
PASS PATTERN NO.9835
PASS PATTERN NO.9836
PASS PATTERN NO.9837
PASS PATTERN NO.9838
PASS PATTERN NO.9839
PASS PATTERN NO.9840
PASS PATTERN NO.9841
PASS PATTERN NO.9842
PASS PATTERN NO.9843
PASS PATTERN NO.9844
PASS PATTERN NO.9845
PASS PATTERN NO.9846
PASS PATTERN NO.9847
PASS PATTERN NO.9848
PASS PATTERN NO.9849
PASS PATTERN NO.9850
PASS PATTERN NO.9851
PASS PATTERN NO.9852
PASS PATTERN NO.9853
PASS PATTERN NO.9854
PASS PATTERN NO.9855
PASS PATTERN NO.9856
PASS PATTERN NO.9857
PASS PATTERN NO.9858
PASS PATTERN NO.9859
PASS PATTERN NO.9860
PASS PATTERN NO.9861
PASS PATTERN NO.9862
PASS PATTERN NO.9863
PASS PATTERN NO.9864
PASS PATTERN NO.9865
PASS PATTERN NO.9866
PASS PATTERN NO.9867
PASS PATTERN NO.9868
PASS PATTERN NO.9869
PASS PATTERN NO.9870
PASS PATTERN NO.9871
PASS PATTERN NO.9872
PASS PATTERN NO.9873
PASS PATTERN NO.9874
PASS PATTERN NO.9875
PASS PATTERN NO.9876
PASS PATTERN NO.9877
PASS PATTERN NO.9878
PASS PATTERN NO.9879
PASS PATTERN NO.9880
PASS PATTERN NO.9881
PASS PATTERN NO.9882
PASS PATTERN NO.9883
PASS PATTERN NO.9884
PASS PATTERN NO.9885
PASS PATTERN NO.9886
PASS PATTERN NO.9887
PASS PATTERN NO.9888
PASS PATTERN NO.9889
PASS PATTERN NO.9890
PASS PATTERN NO.9891
PASS PATTERN NO.9892
PASS PATTERN NO.9893
PASS PATTERN NO.9894
PASS PATTERN NO.9895
PASS PATTERN NO.9896
PASS PATTERN NO.9897
PASS PATTERN NO.9898
PASS PATTERN NO.9899
PASS PATTERN NO.9900
PASS PATTERN NO.9901
PASS PATTERN NO.9902
PASS PATTERN NO.9903
PASS PATTERN NO.9904
PASS PATTERN NO.9905
PASS PATTERN NO.9906
PASS PATTERN NO.9907
PASS PATTERN NO.9908
PASS PATTERN NO.9909
PASS PATTERN NO.9910
PASS PATTERN NO.9911
PASS PATTERN NO.9912
PASS PATTERN NO.9913
PASS PATTERN NO.9914
PASS PATTERN NO.9915
PASS PATTERN NO.9916
PASS PATTERN NO.9917
PASS PATTERN NO.9918
PASS PATTERN NO.9919
PASS PATTERN NO.9920
PASS PATTERN NO.9921
PASS PATTERN NO.9922
PASS PATTERN NO.9923
PASS PATTERN NO.9924
PASS PATTERN NO.9925
PASS PATTERN NO.9926
PASS PATTERN NO.9927
PASS PATTERN NO.9928
PASS PATTERN NO.9929
PASS PATTERN NO.9930
PASS PATTERN NO.9931
PASS PATTERN NO.9932
PASS PATTERN NO.9933
PASS PATTERN NO.9934
PASS PATTERN NO.9935
PASS PATTERN NO.9936
PASS PATTERN NO.9937
PASS PATTERN NO.9938
PASS PATTERN NO.9939
PASS PATTERN NO.9940
PASS PATTERN NO.9941
PASS PATTERN NO.9942
PASS PATTERN NO.9943
PASS PATTERN NO.9944
PASS PATTERN NO.9945
PASS PATTERN NO.9946
PASS PATTERN NO.9947
PASS PATTERN NO.9948
PASS PATTERN NO.9949
PASS PATTERN NO.9950
PASS PATTERN NO.9951
PASS PATTERN NO.9952
PASS PATTERN NO.9953
PASS PATTERN NO.9954
PASS PATTERN NO.9955
PASS PATTERN NO.9956
PASS PATTERN NO.9957
PASS PATTERN NO.9958
PASS PATTERN NO.9959
PASS PATTERN NO.9960
PASS PATTERN NO.9961
PASS PATTERN NO.9962
PASS PATTERN NO.9963
PASS PATTERN NO.9964
PASS PATTERN NO.9965
PASS PATTERN NO.9966
PASS PATTERN NO.9967
PASS PATTERN NO.9968
PASS PATTERN NO.9969
PASS PATTERN NO.9970
PASS PATTERN NO.9971
PASS PATTERN NO.9972
PASS PATTERN NO.9973
PASS PATTERN NO.9974
PASS PATTERN NO.9975
PASS PATTERN NO.9976
PASS PATTERN NO.9977
PASS PATTERN NO.9978
PASS PATTERN NO.9979
PASS PATTERN NO.9980
PASS PATTERN NO.9981
PASS PATTERN NO.9982
PASS PATTERN NO.9983
PASS PATTERN NO.9984
PASS PATTERN NO.9985
PASS PATTERN NO.9986
PASS PATTERN NO.9987
PASS PATTERN NO.9988
PASS PATTERN NO.9989
PASS PATTERN NO.9990
PASS PATTERN NO.9991
PASS PATTERN NO.9992
PASS PATTERN NO.9993
PASS PATTERN NO.9994
PASS PATTERN NO.9995
PASS PATTERN NO.9996
PASS PATTERN NO.9997
PASS PATTERN NO.9998
PASS PATTERN NO.9999
PASS PATTERN NO.10000
PASS PATTERN NO.10001
PASS PATTERN NO.10002
PASS PATTERN NO.10003
PASS PATTERN NO.10004
PASS PATTERN NO.10005
PASS PATTERN NO.10006
PASS PATTERN NO.10007
PASS PATTERN NO.10008
PASS PATTERN NO.10009
PASS PATTERN NO.10010
PASS PATTERN NO.10011
PASS PATTERN NO.10012
PASS PATTERN NO.10013
PASS PATTERN NO.10014
PASS PATTERN NO.10015
PASS PATTERN NO.10016
PASS PATTERN NO.10017
PASS PATTERN NO.10018
PASS PATTERN NO.10019
PASS PATTERN NO.10020
PASS PATTERN NO.10021
PASS PATTERN NO.10022
PASS PATTERN NO.10023
PASS PATTERN NO.10024
PASS PATTERN NO.10025
PASS PATTERN NO.10026
PASS PATTERN NO.10027
PASS PATTERN NO.10028
PASS PATTERN NO.10029
PASS PATTERN NO.10030
PASS PATTERN NO.10031
PASS PATTERN NO.10032
PASS PATTERN NO.10033
PASS PATTERN NO.10034
PASS PATTERN NO.10035
PASS PATTERN NO.10036
PASS PATTERN NO.10037
PASS PATTERN NO.10038
PASS PATTERN NO.10039
PASS PATTERN NO.10040
PASS PATTERN NO.10041
PASS PATTERN NO.10042
PASS PATTERN NO.10043
PASS PATTERN NO.10044
PASS PATTERN NO.10045
PASS PATTERN NO.10046
PASS PATTERN NO.10047
PASS PATTERN NO.10048
PASS PATTERN NO.10049
PASS PATTERN NO.10050
PASS PATTERN NO.10051
PASS PATTERN NO.10052
PASS PATTERN NO.10053
PASS PATTERN NO.10054
PASS PATTERN NO.10055
PASS PATTERN NO.10056
PASS PATTERN NO.10057
PASS PATTERN NO.10058
PASS PATTERN NO.10059
PASS PATTERN NO.10060
PASS PATTERN NO.10061
PASS PATTERN NO.10062
PASS PATTERN NO.10063
PASS PATTERN NO.10064
PASS PATTERN NO.10065
PASS PATTERN NO.10066
PASS PATTERN NO.10067
PASS PATTERN NO.10068
PASS PATTERN NO.10069
PASS PATTERN NO.10070
PASS PATTERN NO.10071
PASS PATTERN NO.10072
PASS PATTERN NO.10073
PASS PATTERN NO.10074
PASS PATTERN NO.10075
PASS PATTERN NO.10076
PASS PATTERN NO.10077
PASS PATTERN NO.10078
PASS PATTERN NO.10079
PASS PATTERN NO.10080
PASS PATTERN NO.10081
PASS PATTERN NO.10082
PASS PATTERN NO.10083
PASS PATTERN NO.10084
PASS PATTERN NO.10085
PASS PATTERN NO.10086
PASS PATTERN NO.10087
PASS PATTERN NO.10088
PASS PATTERN NO.10089
PASS PATTERN NO.10090
PASS PATTERN NO.10091
PASS PATTERN NO.10092
PASS PATTERN NO.10093
PASS PATTERN NO.10094
PASS PATTERN NO.10095
PASS PATTERN NO.10096
PASS PATTERN NO.10097
PASS PATTERN NO.10098
PASS PATTERN NO.10099
PASS PATTERN NO.10100
PASS PATTERN NO.10101
PASS PATTERN NO.10102
PASS PATTERN NO.10103
PASS PATTERN NO.10104
PASS PATTERN NO.10105
PASS PATTERN NO.10106
PASS PATTERN NO.10107
PASS PATTERN NO.10108
PASS PATTERN NO.10109
PASS PATTERN NO.10110
PASS PATTERN NO.10111
PASS PATTERN NO.10112
PASS PATTERN NO.10113
PASS PATTERN NO.10114
PASS PATTERN NO.10115
PASS PATTERN NO.10116
PASS PATTERN NO.10117
PASS PATTERN NO.10118
PASS PATTERN NO.10119
PASS PATTERN NO.10120
PASS PATTERN NO.10121
PASS PATTERN NO.10122
PASS PATTERN NO.10123
PASS PATTERN NO.10124
PASS PATTERN NO.10125
PASS PATTERN NO.10126
PASS PATTERN NO.10127
PASS PATTERN NO.10128
PASS PATTERN NO.10129
PASS PATTERN NO.10130
PASS PATTERN NO.10131
PASS PATTERN NO.10132
PASS PATTERN NO.10133
PASS PATTERN NO.10134
PASS PATTERN NO.10135
PASS PATTERN NO.10136
PASS PATTERN NO.10137
PASS PATTERN NO.10138
PASS PATTERN NO.10139
PASS PATTERN NO.10140
PASS PATTERN NO.10141
PASS PATTERN NO.10142
PASS PATTERN NO.10143
PASS PATTERN NO.10144
PASS PATTERN NO.10145
PASS PATTERN NO.10146
PASS PATTERN NO.10147
PASS PATTERN NO.10148
PASS PATTERN NO.10149
PASS PATTERN NO.10150
PASS PATTERN NO.10151
PASS PATTERN NO.10152
PASS PATTERN NO.10153
PASS PATTERN NO.10154
PASS PATTERN NO.10155
PASS PATTERN NO.10156
PASS PATTERN NO.10157
PASS PATTERN NO.10158
PASS PATTERN NO.10159
PASS PATTERN NO.10160
PASS PATTERN NO.10161
PASS PATTERN NO.10162
PASS PATTERN NO.10163
PASS PATTERN NO.10164
PASS PATTERN NO.10165
PASS PATTERN NO.10166
PASS PATTERN NO.10167
PASS PATTERN NO.10168
PASS PATTERN NO.10169
PASS PATTERN NO.10170
PASS PATTERN NO.10171
PASS PATTERN NO.10172
PASS PATTERN NO.10173
PASS PATTERN NO.10174
PASS PATTERN NO.10175
PASS PATTERN NO.10176
PASS PATTERN NO.10177
PASS PATTERN NO.10178
PASS PATTERN NO.10179
PASS PATTERN NO.10180
PASS PATTERN NO.10181
PASS PATTERN NO.10182
PASS PATTERN NO.10183
PASS PATTERN NO.10184
PASS PATTERN NO.10185
PASS PATTERN NO.10186
PASS PATTERN NO.10187
PASS PATTERN NO.10188
PASS PATTERN NO.10189
PASS PATTERN NO.10190
PASS PATTERN NO.10191
PASS PATTERN NO.10192
PASS PATTERN NO.10193
PASS PATTERN NO.10194
PASS PATTERN NO.10195
PASS PATTERN NO.10196
PASS PATTERN NO.10197
PASS PATTERN NO.10198
PASS PATTERN NO.10199
PASS PATTERN NO.10200
PASS PATTERN NO.10201
PASS PATTERN NO.10202
PASS PATTERN NO.10203
PASS PATTERN NO.10204
PASS PATTERN NO.10205
PASS PATTERN NO.10206
PASS PATTERN NO.10207
PASS PATTERN NO.10208
PASS PATTERN NO.10209
PASS PATTERN NO.10210
PASS PATTERN NO.10211
PASS PATTERN NO.10212
PASS PATTERN NO.10213
PASS PATTERN NO.10214
PASS PATTERN NO.10215
PASS PATTERN NO.10216
PASS PATTERN NO.10217
PASS PATTERN NO.10218
PASS PATTERN NO.10219
PASS PATTERN NO.10220
PASS PATTERN NO.10221
PASS PATTERN NO.10222
PASS PATTERN NO.10223
PASS PATTERN NO.10224
PASS PATTERN NO.10225
PASS PATTERN NO.10226
PASS PATTERN NO.10227
PASS PATTERN NO.10228
PASS PATTERN NO.10229
PASS PATTERN NO.10230
PASS PATTERN NO.10231
PASS PATTERN NO.10232
PASS PATTERN NO.10233
PASS PATTERN NO.10234
PASS PATTERN NO.10235
PASS PATTERN NO.10236
PASS PATTERN NO.10237
PASS PATTERN NO.10238
PASS PATTERN NO.10239
PASS PATTERN NO.10240
PASS PATTERN NO.10241
PASS PATTERN NO.10242
PASS PATTERN NO.10243
PASS PATTERN NO.10244
PASS PATTERN NO.10245
PASS PATTERN NO.10246
PASS PATTERN NO.10247
PASS PATTERN NO.10248
PASS PATTERN NO.10249
PASS PATTERN NO.10250
PASS PATTERN NO.10251
PASS PATTERN NO.10252
PASS PATTERN NO.10253
PASS PATTERN NO.10254
PASS PATTERN NO.10255
PASS PATTERN NO.10256
PASS PATTERN NO.10257
PASS PATTERN NO.10258
PASS PATTERN NO.10259
PASS PATTERN NO.10260
PASS PATTERN NO.10261
PASS PATTERN NO.10262
PASS PATTERN NO.10263
PASS PATTERN NO.10264
PASS PATTERN NO.10265
PASS PATTERN NO.10266
PASS PATTERN NO.10267
PASS PATTERN NO.10268
PASS PATTERN NO.10269
PASS PATTERN NO.10270
PASS PATTERN NO.10271
PASS PATTERN NO.10272
PASS PATTERN NO.10273
PASS PATTERN NO.10274
PASS PATTERN NO.10275
PASS PATTERN NO.10276
PASS PATTERN NO.10277
PASS PATTERN NO.10278
PASS PATTERN NO.10279
PASS PATTERN NO.10280
PASS PATTERN NO.10281
PASS PATTERN NO.10282
PASS PATTERN NO.10283
PASS PATTERN NO.10284
PASS PATTERN NO.10285
PASS PATTERN NO.10286
PASS PATTERN NO.10287
PASS PATTERN NO.10288
PASS PATTERN NO.10289
PASS PATTERN NO.10290
PASS PATTERN NO.10291
PASS PATTERN NO.10292
PASS PATTERN NO.10293
PASS PATTERN NO.10294
PASS PATTERN NO.10295
PASS PATTERN NO.10296
PASS PATTERN NO.10297
PASS PATTERN NO.10298
PASS PATTERN NO.10299
PASS PATTERN NO.10300
PASS PATTERN NO.10301
PASS PATTERN NO.10302
PASS PATTERN NO.10303
PASS PATTERN NO.10304
PASS PATTERN NO.10305
PASS PATTERN NO.10306
PASS PATTERN NO.10307
PASS PATTERN NO.10308
PASS PATTERN NO.10309
PASS PATTERN NO.10310
PASS PATTERN NO.10311
PASS PATTERN NO.10312
PASS PATTERN NO.10313
PASS PATTERN NO.10314
PASS PATTERN NO.10315
PASS PATTERN NO.10316
PASS PATTERN NO.10317
PASS PATTERN NO.10318
PASS PATTERN NO.10319
PASS PATTERN NO.10320
PASS PATTERN NO.10321
PASS PATTERN NO.10322
PASS PATTERN NO.10323
PASS PATTERN NO.10324
PASS PATTERN NO.10325
PASS PATTERN NO.10326
PASS PATTERN NO.10327
PASS PATTERN NO.10328
PASS PATTERN NO.10329
PASS PATTERN NO.10330
PASS PATTERN NO.10331
PASS PATTERN NO.10332
PASS PATTERN NO.10333
PASS PATTERN NO.10334
PASS PATTERN NO.10335
PASS PATTERN NO.10336
PASS PATTERN NO.10337
PASS PATTERN NO.10338
PASS PATTERN NO.10339
PASS PATTERN NO.10340
PASS PATTERN NO.10341
PASS PATTERN NO.10342
PASS PATTERN NO.10343
PASS PATTERN NO.10344
PASS PATTERN NO.10345
PASS PATTERN NO.10346
PASS PATTERN NO.10347
PASS PATTERN NO.10348
PASS PATTERN NO.10349
PASS PATTERN NO.10350
PASS PATTERN NO.10351
PASS PATTERN NO.10352
PASS PATTERN NO.10353
PASS PATTERN NO.10354
PASS PATTERN NO.10355
PASS PATTERN NO.10356
PASS PATTERN NO.10357
PASS PATTERN NO.10358
PASS PATTERN NO.10359
PASS PATTERN NO.10360
PASS PATTERN NO.10361
PASS PATTERN NO.10362
PASS PATTERN NO.10363
PASS PATTERN NO.10364
PASS PATTERN NO.10365
PASS PATTERN NO.10366
PASS PATTERN NO.10367
PASS PATTERN NO.10368
PASS PATTERN NO.10369
PASS PATTERN NO.10370
PASS PATTERN NO.10371
PASS PATTERN NO.10372
PASS PATTERN NO.10373
PASS PATTERN NO.10374
PASS PATTERN NO.10375
PASS PATTERN NO.10376
PASS PATTERN NO.10377
PASS PATTERN NO.10378
PASS PATTERN NO.10379
PASS PATTERN NO.10380
PASS PATTERN NO.10381
PASS PATTERN NO.10382
PASS PATTERN NO.10383
PASS PATTERN NO.10384
PASS PATTERN NO.10385
PASS PATTERN NO.10386
PASS PATTERN NO.10387
PASS PATTERN NO.10388
PASS PATTERN NO.10389
PASS PATTERN NO.10390
PASS PATTERN NO.10391
PASS PATTERN NO.10392
PASS PATTERN NO.10393
PASS PATTERN NO.10394
PASS PATTERN NO.10395
PASS PATTERN NO.10396
PASS PATTERN NO.10397
PASS PATTERN NO.10398
PASS PATTERN NO.10399
PASS PATTERN NO.10400
PASS PATTERN NO.10401
PASS PATTERN NO.10402
PASS PATTERN NO.10403
PASS PATTERN NO.10404
PASS PATTERN NO.10405
PASS PATTERN NO.10406
PASS PATTERN NO.10407
PASS PATTERN NO.10408
PASS PATTERN NO.10409
PASS PATTERN NO.10410
PASS PATTERN NO.10411
PASS PATTERN NO.10412
PASS PATTERN NO.10413
PASS PATTERN NO.10414
PASS PATTERN NO.10415
PASS PATTERN NO.10416
PASS PATTERN NO.10417
PASS PATTERN NO.10418
PASS PATTERN NO.10419
PASS PATTERN NO.10420
PASS PATTERN NO.10421
PASS PATTERN NO.10422
PASS PATTERN NO.10423
PASS PATTERN NO.10424
PASS PATTERN NO.10425
PASS PATTERN NO.10426
PASS PATTERN NO.10427
PASS PATTERN NO.10428
PASS PATTERN NO.10429
PASS PATTERN NO.10430
PASS PATTERN NO.10431
PASS PATTERN NO.10432
PASS PATTERN NO.10433
PASS PATTERN NO.10434
PASS PATTERN NO.10435
PASS PATTERN NO.10436
PASS PATTERN NO.10437
PASS PATTERN NO.10438
PASS PATTERN NO.10439
PASS PATTERN NO.10440
PASS PATTERN NO.10441
PASS PATTERN NO.10442
PASS PATTERN NO.10443
PASS PATTERN NO.10444
PASS PATTERN NO.10445
PASS PATTERN NO.10446
PASS PATTERN NO.10447
PASS PATTERN NO.10448
PASS PATTERN NO.10449
PASS PATTERN NO.10450
PASS PATTERN NO.10451
PASS PATTERN NO.10452
PASS PATTERN NO.10453
PASS PATTERN NO.10454
PASS PATTERN NO.10455
PASS PATTERN NO.10456
PASS PATTERN NO.10457
PASS PATTERN NO.10458
PASS PATTERN NO.10459
PASS PATTERN NO.10460
PASS PATTERN NO.10461
PASS PATTERN NO.10462
PASS PATTERN NO.10463
PASS PATTERN NO.10464
PASS PATTERN NO.10465
PASS PATTERN NO.10466
PASS PATTERN NO.10467
PASS PATTERN NO.10468
PASS PATTERN NO.10469
PASS PATTERN NO.10470
PASS PATTERN NO.10471
PASS PATTERN NO.10472
PASS PATTERN NO.10473
PASS PATTERN NO.10474
PASS PATTERN NO.10475
PASS PATTERN NO.10476
PASS PATTERN NO.10477
PASS PATTERN NO.10478
PASS PATTERN NO.10479
PASS PATTERN NO.10480
PASS PATTERN NO.10481
PASS PATTERN NO.10482
PASS PATTERN NO.10483
PASS PATTERN NO.10484
PASS PATTERN NO.10485
PASS PATTERN NO.10486
PASS PATTERN NO.10487
PASS PATTERN NO.10488
PASS PATTERN NO.10489
PASS PATTERN NO.10490
PASS PATTERN NO.10491
PASS PATTERN NO.10492
PASS PATTERN NO.10493
PASS PATTERN NO.10494
PASS PATTERN NO.10495
PASS PATTERN NO.10496
PASS PATTERN NO.10497
PASS PATTERN NO.10498
PASS PATTERN NO.10499
PASS PATTERN NO.10500
PASS PATTERN NO.10501
PASS PATTERN NO.10502
PASS PATTERN NO.10503
PASS PATTERN NO.10504
PASS PATTERN NO.10505
PASS PATTERN NO.10506
PASS PATTERN NO.10507
PASS PATTERN NO.10508
PASS PATTERN NO.10509
PASS PATTERN NO.10510
PASS PATTERN NO.10511
PASS PATTERN NO.10512
PASS PATTERN NO.10513
PASS PATTERN NO.10514
PASS PATTERN NO.10515
PASS PATTERN NO.10516
PASS PATTERN NO.10517
PASS PATTERN NO.10518
PASS PATTERN NO.10519
PASS PATTERN NO.10520
PASS PATTERN NO.10521
PASS PATTERN NO.10522
PASS PATTERN NO.10523
PASS PATTERN NO.10524
PASS PATTERN NO.10525
PASS PATTERN NO.10526
PASS PATTERN NO.10527
PASS PATTERN NO.10528
PASS PATTERN NO.10529
PASS PATTERN NO.10530
PASS PATTERN NO.10531
PASS PATTERN NO.10532
PASS PATTERN NO.10533
PASS PATTERN NO.10534
PASS PATTERN NO.10535
PASS PATTERN NO.10536
PASS PATTERN NO.10537
PASS PATTERN NO.10538
PASS PATTERN NO.10539
PASS PATTERN NO.10540
PASS PATTERN NO.10541
PASS PATTERN NO.10542
PASS PATTERN NO.10543
PASS PATTERN NO.10544
PASS PATTERN NO.10545
PASS PATTERN NO.10546
PASS PATTERN NO.10547
PASS PATTERN NO.10548
PASS PATTERN NO.10549
PASS PATTERN NO.10550
PASS PATTERN NO.10551
PASS PATTERN NO.10552
PASS PATTERN NO.10553
PASS PATTERN NO.10554
PASS PATTERN NO.10555
PASS PATTERN NO.10556
PASS PATTERN NO.10557
PASS PATTERN NO.10558
PASS PATTERN NO.10559
PASS PATTERN NO.10560
PASS PATTERN NO.10561
PASS PATTERN NO.10562
PASS PATTERN NO.10563
PASS PATTERN NO.10564
PASS PATTERN NO.10565
PASS PATTERN NO.10566
PASS PATTERN NO.10567
PASS PATTERN NO.10568
PASS PATTERN NO.10569
PASS PATTERN NO.10570
PASS PATTERN NO.10571
PASS PATTERN NO.10572
PASS PATTERN NO.10573
PASS PATTERN NO.10574
PASS PATTERN NO.10575
PASS PATTERN NO.10576
PASS PATTERN NO.10577
PASS PATTERN NO.10578
PASS PATTERN NO.10579
PASS PATTERN NO.10580
PASS PATTERN NO.10581
PASS PATTERN NO.10582
PASS PATTERN NO.10583
PASS PATTERN NO.10584
PASS PATTERN NO.10585
PASS PATTERN NO.10586
PASS PATTERN NO.10587
PASS PATTERN NO.10588
PASS PATTERN NO.10589
PASS PATTERN NO.10590
PASS PATTERN NO.10591
PASS PATTERN NO.10592
PASS PATTERN NO.10593
PASS PATTERN NO.10594
PASS PATTERN NO.10595
PASS PATTERN NO.10596
PASS PATTERN NO.10597
PASS PATTERN NO.10598
PASS PATTERN NO.10599
PASS PATTERN NO.10600
PASS PATTERN NO.10601
PASS PATTERN NO.10602
PASS PATTERN NO.10603
PASS PATTERN NO.10604
PASS PATTERN NO.10605
PASS PATTERN NO.10606
PASS PATTERN NO.10607
PASS PATTERN NO.10608
PASS PATTERN NO.10609
PASS PATTERN NO.10610
PASS PATTERN NO.10611
PASS PATTERN NO.10612
PASS PATTERN NO.10613
PASS PATTERN NO.10614
PASS PATTERN NO.10615
PASS PATTERN NO.10616
PASS PATTERN NO.10617
PASS PATTERN NO.10618
PASS PATTERN NO.10619
PASS PATTERN NO.10620
PASS PATTERN NO.10621
PASS PATTERN NO.10622
PASS PATTERN NO.10623
PASS PATTERN NO.10624
PASS PATTERN NO.10625
PASS PATTERN NO.10626
PASS PATTERN NO.10627
PASS PATTERN NO.10628
PASS PATTERN NO.10629
PASS PATTERN NO.10630
PASS PATTERN NO.10631
PASS PATTERN NO.10632
PASS PATTERN NO.10633
PASS PATTERN NO.10634
PASS PATTERN NO.10635
PASS PATTERN NO.10636
PASS PATTERN NO.10637
PASS PATTERN NO.10638
PASS PATTERN NO.10639
PASS PATTERN NO.10640
PASS PATTERN NO.10641
PASS PATTERN NO.10642
PASS PATTERN NO.10643
PASS PATTERN NO.10644
PASS PATTERN NO.10645
PASS PATTERN NO.10646
PASS PATTERN NO.10647
PASS PATTERN NO.10648
PASS PATTERN NO.10649
PASS PATTERN NO.10650
PASS PATTERN NO.10651
PASS PATTERN NO.10652
PASS PATTERN NO.10653
PASS PATTERN NO.10654
PASS PATTERN NO.10655
PASS PATTERN NO.10656
PASS PATTERN NO.10657
PASS PATTERN NO.10658
PASS PATTERN NO.10659
PASS PATTERN NO.10660
PASS PATTERN NO.10661
PASS PATTERN NO.10662
PASS PATTERN NO.10663
PASS PATTERN NO.10664
PASS PATTERN NO.10665
PASS PATTERN NO.10666
PASS PATTERN NO.10667
PASS PATTERN NO.10668
PASS PATTERN NO.10669
PASS PATTERN NO.10670
PASS PATTERN NO.10671
PASS PATTERN NO.10672
PASS PATTERN NO.10673
PASS PATTERN NO.10674
PASS PATTERN NO.10675
PASS PATTERN NO.10676
PASS PATTERN NO.10677
PASS PATTERN NO.10678
PASS PATTERN NO.10679
PASS PATTERN NO.10680
PASS PATTERN NO.10681
PASS PATTERN NO.10682
PASS PATTERN NO.10683
PASS PATTERN NO.10684
PASS PATTERN NO.10685
PASS PATTERN NO.10686
PASS PATTERN NO.10687
PASS PATTERN NO.10688
PASS PATTERN NO.10689
PASS PATTERN NO.10690
PASS PATTERN NO.10691
PASS PATTERN NO.10692
PASS PATTERN NO.10693
PASS PATTERN NO.10694
PASS PATTERN NO.10695
PASS PATTERN NO.10696
PASS PATTERN NO.10697
PASS PATTERN NO.10698
PASS PATTERN NO.10699
PASS PATTERN NO.10700
PASS PATTERN NO.10701
PASS PATTERN NO.10702
PASS PATTERN NO.10703
PASS PATTERN NO.10704
PASS PATTERN NO.10705
PASS PATTERN NO.10706
PASS PATTERN NO.10707
PASS PATTERN NO.10708
PASS PATTERN NO.10709
PASS PATTERN NO.10710
PASS PATTERN NO.10711
PASS PATTERN NO.10712
PASS PATTERN NO.10713
PASS PATTERN NO.10714
PASS PATTERN NO.10715
PASS PATTERN NO.10716
PASS PATTERN NO.10717
PASS PATTERN NO.10718
PASS PATTERN NO.10719
PASS PATTERN NO.10720
PASS PATTERN NO.10721
PASS PATTERN NO.10722
PASS PATTERN NO.10723
PASS PATTERN NO.10724
PASS PATTERN NO.10725
PASS PATTERN NO.10726
PASS PATTERN NO.10727
PASS PATTERN NO.10728
PASS PATTERN NO.10729
PASS PATTERN NO.10730
PASS PATTERN NO.10731
PASS PATTERN NO.10732
PASS PATTERN NO.10733
PASS PATTERN NO.10734
PASS PATTERN NO.10735
PASS PATTERN NO.10736
PASS PATTERN NO.10737
PASS PATTERN NO.10738
PASS PATTERN NO.10739
PASS PATTERN NO.10740
PASS PATTERN NO.10741
PASS PATTERN NO.10742
PASS PATTERN NO.10743
PASS PATTERN NO.10744
PASS PATTERN NO.10745
PASS PATTERN NO.10746
PASS PATTERN NO.10747
PASS PATTERN NO.10748
PASS PATTERN NO.10749
PASS PATTERN NO.10750
PASS PATTERN NO.10751
PASS PATTERN NO.10752
PASS PATTERN NO.10753
PASS PATTERN NO.10754
PASS PATTERN NO.10755
PASS PATTERN NO.10756
PASS PATTERN NO.10757
PASS PATTERN NO.10758
PASS PATTERN NO.10759
PASS PATTERN NO.10760
PASS PATTERN NO.10761
PASS PATTERN NO.10762
PASS PATTERN NO.10763
PASS PATTERN NO.10764
PASS PATTERN NO.10765
PASS PATTERN NO.10766
PASS PATTERN NO.10767
PASS PATTERN NO.10768
PASS PATTERN NO.10769
PASS PATTERN NO.10770
PASS PATTERN NO.10771
PASS PATTERN NO.10772
PASS PATTERN NO.10773
PASS PATTERN NO.10774
PASS PATTERN NO.10775
PASS PATTERN NO.10776
PASS PATTERN NO.10777
PASS PATTERN NO.10778
PASS PATTERN NO.10779
PASS PATTERN NO.10780
PASS PATTERN NO.10781
PASS PATTERN NO.10782
PASS PATTERN NO.10783
PASS PATTERN NO.10784
PASS PATTERN NO.10785
PASS PATTERN NO.10786
PASS PATTERN NO.10787
PASS PATTERN NO.10788
PASS PATTERN NO.10789
PASS PATTERN NO.10790
PASS PATTERN NO.10791
PASS PATTERN NO.10792
PASS PATTERN NO.10793
PASS PATTERN NO.10794
PASS PATTERN NO.10795
PASS PATTERN NO.10796
PASS PATTERN NO.10797
PASS PATTERN NO.10798
PASS PATTERN NO.10799
PASS PATTERN NO.10800
PASS PATTERN NO.10801
PASS PATTERN NO.10802
PASS PATTERN NO.10803
PASS PATTERN NO.10804
PASS PATTERN NO.10805
PASS PATTERN NO.10806
PASS PATTERN NO.10807
PASS PATTERN NO.10808
PASS PATTERN NO.10809
PASS PATTERN NO.10810
PASS PATTERN NO.10811
PASS PATTERN NO.10812
PASS PATTERN NO.10813
PASS PATTERN NO.10814
PASS PATTERN NO.10815
PASS PATTERN NO.10816
PASS PATTERN NO.10817
PASS PATTERN NO.10818
PASS PATTERN NO.10819
PASS PATTERN NO.10820
PASS PATTERN NO.10821
PASS PATTERN NO.10822
PASS PATTERN NO.10823
PASS PATTERN NO.10824
PASS PATTERN NO.10825
PASS PATTERN NO.10826
PASS PATTERN NO.10827
PASS PATTERN NO.10828
PASS PATTERN NO.10829
PASS PATTERN NO.10830
PASS PATTERN NO.10831
PASS PATTERN NO.10832
PASS PATTERN NO.10833
PASS PATTERN NO.10834
PASS PATTERN NO.10835
PASS PATTERN NO.10836
PASS PATTERN NO.10837
PASS PATTERN NO.10838
PASS PATTERN NO.10839
PASS PATTERN NO.10840
PASS PATTERN NO.10841
PASS PATTERN NO.10842
PASS PATTERN NO.10843
PASS PATTERN NO.10844
PASS PATTERN NO.10845
PASS PATTERN NO.10846
PASS PATTERN NO.10847
PASS PATTERN NO.10848
PASS PATTERN NO.10849
PASS PATTERN NO.10850
PASS PATTERN NO.10851
PASS PATTERN NO.10852
PASS PATTERN NO.10853
PASS PATTERN NO.10854
PASS PATTERN NO.10855
PASS PATTERN NO.10856
PASS PATTERN NO.10857
PASS PATTERN NO.10858
PASS PATTERN NO.10859
PASS PATTERN NO.10860
PASS PATTERN NO.10861
PASS PATTERN NO.10862
PASS PATTERN NO.10863
PASS PATTERN NO.10864
PASS PATTERN NO.10865
PASS PATTERN NO.10866
PASS PATTERN NO.10867
PASS PATTERN NO.10868
PASS PATTERN NO.10869
PASS PATTERN NO.10870
PASS PATTERN NO.10871
PASS PATTERN NO.10872
PASS PATTERN NO.10873
PASS PATTERN NO.10874
PASS PATTERN NO.10875
PASS PATTERN NO.10876
PASS PATTERN NO.10877
PASS PATTERN NO.10878
PASS PATTERN NO.10879
PASS PATTERN NO.10880
PASS PATTERN NO.10881
PASS PATTERN NO.10882
PASS PATTERN NO.10883
PASS PATTERN NO.10884
PASS PATTERN NO.10885
PASS PATTERN NO.10886
PASS PATTERN NO.10887
PASS PATTERN NO.10888
PASS PATTERN NO.10889
PASS PATTERN NO.10890
PASS PATTERN NO.10891
PASS PATTERN NO.10892
PASS PATTERN NO.10893
PASS PATTERN NO.10894
PASS PATTERN NO.10895
PASS PATTERN NO.10896
PASS PATTERN NO.10897
PASS PATTERN NO.10898
PASS PATTERN NO.10899
PASS PATTERN NO.10900
PASS PATTERN NO.10901
PASS PATTERN NO.10902
PASS PATTERN NO.10903
PASS PATTERN NO.10904
PASS PATTERN NO.10905
PASS PATTERN NO.10906
PASS PATTERN NO.10907
PASS PATTERN NO.10908
PASS PATTERN NO.10909
PASS PATTERN NO.10910
PASS PATTERN NO.10911
PASS PATTERN NO.10912
PASS PATTERN NO.10913
PASS PATTERN NO.10914
PASS PATTERN NO.10915
PASS PATTERN NO.10916
PASS PATTERN NO.10917
PASS PATTERN NO.10918
PASS PATTERN NO.10919
PASS PATTERN NO.10920
PASS PATTERN NO.10921
PASS PATTERN NO.10922
PASS PATTERN NO.10923
PASS PATTERN NO.10924
PASS PATTERN NO.10925
PASS PATTERN NO.10926
PASS PATTERN NO.10927
PASS PATTERN NO.10928
PASS PATTERN NO.10929
PASS PATTERN NO.10930
PASS PATTERN NO.10931
PASS PATTERN NO.10932
PASS PATTERN NO.10933
PASS PATTERN NO.10934
PASS PATTERN NO.10935
PASS PATTERN NO.10936
PASS PATTERN NO.10937
PASS PATTERN NO.10938
PASS PATTERN NO.10939
PASS PATTERN NO.10940
PASS PATTERN NO.10941
PASS PATTERN NO.10942
PASS PATTERN NO.10943
PASS PATTERN NO.10944
PASS PATTERN NO.10945
PASS PATTERN NO.10946
PASS PATTERN NO.10947
PASS PATTERN NO.10948
PASS PATTERN NO.10949
PASS PATTERN NO.10950
PASS PATTERN NO.10951
PASS PATTERN NO.10952
PASS PATTERN NO.10953
PASS PATTERN NO.10954
PASS PATTERN NO.10955
PASS PATTERN NO.10956
PASS PATTERN NO.10957
PASS PATTERN NO.10958
PASS PATTERN NO.10959
PASS PATTERN NO.10960
PASS PATTERN NO.10961
PASS PATTERN NO.10962
PASS PATTERN NO.10963
PASS PATTERN NO.10964
PASS PATTERN NO.10965
PASS PATTERN NO.10966
PASS PATTERN NO.10967
PASS PATTERN NO.10968
PASS PATTERN NO.10969
PASS PATTERN NO.10970
PASS PATTERN NO.10971
PASS PATTERN NO.10972
PASS PATTERN NO.10973
PASS PATTERN NO.10974
PASS PATTERN NO.10975
PASS PATTERN NO.10976
PASS PATTERN NO.10977
PASS PATTERN NO.10978
PASS PATTERN NO.10979
PASS PATTERN NO.10980
PASS PATTERN NO.10981
PASS PATTERN NO.10982
PASS PATTERN NO.10983
PASS PATTERN NO.10984
PASS PATTERN NO.10985
PASS PATTERN NO.10986
PASS PATTERN NO.10987
PASS PATTERN NO.10988
PASS PATTERN NO.10989
PASS PATTERN NO.10990
PASS PATTERN NO.10991
PASS PATTERN NO.10992
PASS PATTERN NO.10993
PASS PATTERN NO.10994
PASS PATTERN NO.10995
PASS PATTERN NO.10996
PASS PATTERN NO.10997
PASS PATTERN NO.10998
PASS PATTERN NO.10999
PASS PATTERN NO.11000
PASS PATTERN NO.11001
PASS PATTERN NO.11002
PASS PATTERN NO.11003
PASS PATTERN NO.11004
PASS PATTERN NO.11005
PASS PATTERN NO.11006
PASS PATTERN NO.11007
PASS PATTERN NO.11008
PASS PATTERN NO.11009
PASS PATTERN NO.11010
PASS PATTERN NO.11011
PASS PATTERN NO.11012
PASS PATTERN NO.11013
PASS PATTERN NO.11014
PASS PATTERN NO.11015
PASS PATTERN NO.11016
PASS PATTERN NO.11017
PASS PATTERN NO.11018
PASS PATTERN NO.11019
PASS PATTERN NO.11020
PASS PATTERN NO.11021
PASS PATTERN NO.11022
PASS PATTERN NO.11023
PASS PATTERN NO.11024
PASS PATTERN NO.11025
PASS PATTERN NO.11026
PASS PATTERN NO.11027
PASS PATTERN NO.11028
PASS PATTERN NO.11029
PASS PATTERN NO.11030
PASS PATTERN NO.11031
PASS PATTERN NO.11032
PASS PATTERN NO.11033
PASS PATTERN NO.11034
PASS PATTERN NO.11035
PASS PATTERN NO.11036
PASS PATTERN NO.11037
PASS PATTERN NO.11038
PASS PATTERN NO.11039
PASS PATTERN NO.11040
PASS PATTERN NO.11041
PASS PATTERN NO.11042
PASS PATTERN NO.11043
PASS PATTERN NO.11044
PASS PATTERN NO.11045
PASS PATTERN NO.11046
PASS PATTERN NO.11047
PASS PATTERN NO.11048
PASS PATTERN NO.11049
PASS PATTERN NO.11050
PASS PATTERN NO.11051
PASS PATTERN NO.11052
PASS PATTERN NO.11053
PASS PATTERN NO.11054
PASS PATTERN NO.11055
PASS PATTERN NO.11056
PASS PATTERN NO.11057
PASS PATTERN NO.11058
PASS PATTERN NO.11059
PASS PATTERN NO.11060
PASS PATTERN NO.11061
PASS PATTERN NO.11062
PASS PATTERN NO.11063
PASS PATTERN NO.11064
PASS PATTERN NO.11065
PASS PATTERN NO.11066
PASS PATTERN NO.11067
PASS PATTERN NO.11068
PASS PATTERN NO.11069
PASS PATTERN NO.11070
PASS PATTERN NO.11071
PASS PATTERN NO.11072
PASS PATTERN NO.11073
PASS PATTERN NO.11074
PASS PATTERN NO.11075
PASS PATTERN NO.11076
PASS PATTERN NO.11077
PASS PATTERN NO.11078
PASS PATTERN NO.11079
PASS PATTERN NO.11080
PASS PATTERN NO.11081
PASS PATTERN NO.11082
PASS PATTERN NO.11083
PASS PATTERN NO.11084
PASS PATTERN NO.11085
PASS PATTERN NO.11086
PASS PATTERN NO.11087
PASS PATTERN NO.11088
PASS PATTERN NO.11089
PASS PATTERN NO.11090
PASS PATTERN NO.11091
PASS PATTERN NO.11092
PASS PATTERN NO.11093
PASS PATTERN NO.11094
PASS PATTERN NO.11095
PASS PATTERN NO.11096
PASS PATTERN NO.11097
PASS PATTERN NO.11098
PASS PATTERN NO.11099
PASS PATTERN NO.11100
PASS PATTERN NO.11101
PASS PATTERN NO.11102
PASS PATTERN NO.11103
PASS PATTERN NO.11104
PASS PATTERN NO.11105
PASS PATTERN NO.11106
PASS PATTERN NO.11107
PASS PATTERN NO.11108
PASS PATTERN NO.11109
PASS PATTERN NO.11110
PASS PATTERN NO.11111
PASS PATTERN NO.11112
PASS PATTERN NO.11113
PASS PATTERN NO.11114
PASS PATTERN NO.11115
PASS PATTERN NO.11116
PASS PATTERN NO.11117
PASS PATTERN NO.11118
PASS PATTERN NO.11119
PASS PATTERN NO.11120
PASS PATTERN NO.11121
PASS PATTERN NO.11122
PASS PATTERN NO.11123
PASS PATTERN NO.11124
PASS PATTERN NO.11125
PASS PATTERN NO.11126
PASS PATTERN NO.11127
PASS PATTERN NO.11128
PASS PATTERN NO.11129
PASS PATTERN NO.11130
PASS PATTERN NO.11131
PASS PATTERN NO.11132
PASS PATTERN NO.11133
PASS PATTERN NO.11134
PASS PATTERN NO.11135
PASS PATTERN NO.11136
PASS PATTERN NO.11137
PASS PATTERN NO.11138
PASS PATTERN NO.11139
PASS PATTERN NO.11140
PASS PATTERN NO.11141
PASS PATTERN NO.11142
PASS PATTERN NO.11143
PASS PATTERN NO.11144
PASS PATTERN NO.11145
PASS PATTERN NO.11146
PASS PATTERN NO.11147
PASS PATTERN NO.11148
PASS PATTERN NO.11149
PASS PATTERN NO.11150
PASS PATTERN NO.11151
PASS PATTERN NO.11152
PASS PATTERN NO.11153
PASS PATTERN NO.11154
PASS PATTERN NO.11155
PASS PATTERN NO.11156
PASS PATTERN NO.11157
PASS PATTERN NO.11158
PASS PATTERN NO.11159
PASS PATTERN NO.11160
PASS PATTERN NO.11161
PASS PATTERN NO.11162
PASS PATTERN NO.11163
PASS PATTERN NO.11164
PASS PATTERN NO.11165
PASS PATTERN NO.11166
PASS PATTERN NO.11167
PASS PATTERN NO.11168
PASS PATTERN NO.11169
PASS PATTERN NO.11170
PASS PATTERN NO.11171
PASS PATTERN NO.11172
PASS PATTERN NO.11173
PASS PATTERN NO.11174
PASS PATTERN NO.11175
PASS PATTERN NO.11176
PASS PATTERN NO.11177
PASS PATTERN NO.11178
PASS PATTERN NO.11179
PASS PATTERN NO.11180
PASS PATTERN NO.11181
PASS PATTERN NO.11182
PASS PATTERN NO.11183
PASS PATTERN NO.11184
PASS PATTERN NO.11185
PASS PATTERN NO.11186
PASS PATTERN NO.11187
PASS PATTERN NO.11188
PASS PATTERN NO.11189
PASS PATTERN NO.11190
PASS PATTERN NO.11191
PASS PATTERN NO.11192
PASS PATTERN NO.11193
PASS PATTERN NO.11194
PASS PATTERN NO.11195
PASS PATTERN NO.11196
PASS PATTERN NO.11197
PASS PATTERN NO.11198
PASS PATTERN NO.11199
PASS PATTERN NO.11200
PASS PATTERN NO.11201
PASS PATTERN NO.11202
PASS PATTERN NO.11203
PASS PATTERN NO.11204
PASS PATTERN NO.11205
PASS PATTERN NO.11206
PASS PATTERN NO.11207
PASS PATTERN NO.11208
PASS PATTERN NO.11209
PASS PATTERN NO.11210
PASS PATTERN NO.11211
PASS PATTERN NO.11212
PASS PATTERN NO.11213
PASS PATTERN NO.11214
PASS PATTERN NO.11215
PASS PATTERN NO.11216
PASS PATTERN NO.11217
PASS PATTERN NO.11218
PASS PATTERN NO.11219
PASS PATTERN NO.11220
PASS PATTERN NO.11221
PASS PATTERN NO.11222
PASS PATTERN NO.11223
PASS PATTERN NO.11224
PASS PATTERN NO.11225
PASS PATTERN NO.11226
PASS PATTERN NO.11227
PASS PATTERN NO.11228
PASS PATTERN NO.11229
PASS PATTERN NO.11230
PASS PATTERN NO.11231
PASS PATTERN NO.11232
PASS PATTERN NO.11233
PASS PATTERN NO.11234
PASS PATTERN NO.11235
PASS PATTERN NO.11236
PASS PATTERN NO.11237
PASS PATTERN NO.11238
PASS PATTERN NO.11239
PASS PATTERN NO.11240
PASS PATTERN NO.11241
PASS PATTERN NO.11242
PASS PATTERN NO.11243
PASS PATTERN NO.11244
PASS PATTERN NO.11245
PASS PATTERN NO.11246
PASS PATTERN NO.11247
PASS PATTERN NO.11248
PASS PATTERN NO.11249
PASS PATTERN NO.11250
PASS PATTERN NO.11251
PASS PATTERN NO.11252
PASS PATTERN NO.11253
PASS PATTERN NO.11254
PASS PATTERN NO.11255
PASS PATTERN NO.11256
PASS PATTERN NO.11257
PASS PATTERN NO.11258
PASS PATTERN NO.11259
PASS PATTERN NO.11260
PASS PATTERN NO.11261
PASS PATTERN NO.11262
PASS PATTERN NO.11263
PASS PATTERN NO.11264
PASS PATTERN NO.11265
PASS PATTERN NO.11266
PASS PATTERN NO.11267
PASS PATTERN NO.11268
PASS PATTERN NO.11269
PASS PATTERN NO.11270
PASS PATTERN NO.11271
PASS PATTERN NO.11272
PASS PATTERN NO.11273
PASS PATTERN NO.11274
PASS PATTERN NO.11275
PASS PATTERN NO.11276
PASS PATTERN NO.11277
PASS PATTERN NO.11278
PASS PATTERN NO.11279
PASS PATTERN NO.11280
PASS PATTERN NO.11281
PASS PATTERN NO.11282
PASS PATTERN NO.11283
PASS PATTERN NO.11284
PASS PATTERN NO.11285
PASS PATTERN NO.11286
PASS PATTERN NO.11287
PASS PATTERN NO.11288
PASS PATTERN NO.11289
PASS PATTERN NO.11290
PASS PATTERN NO.11291
PASS PATTERN NO.11292
PASS PATTERN NO.11293
PASS PATTERN NO.11294
PASS PATTERN NO.11295
PASS PATTERN NO.11296
PASS PATTERN NO.11297
PASS PATTERN NO.11298
PASS PATTERN NO.11299
PASS PATTERN NO.11300
PASS PATTERN NO.11301
PASS PATTERN NO.11302
PASS PATTERN NO.11303
PASS PATTERN NO.11304
PASS PATTERN NO.11305
PASS PATTERN NO.11306
PASS PATTERN NO.11307
PASS PATTERN NO.11308
PASS PATTERN NO.11309
PASS PATTERN NO.11310
PASS PATTERN NO.11311
PASS PATTERN NO.11312
PASS PATTERN NO.11313
PASS PATTERN NO.11314
PASS PATTERN NO.11315
PASS PATTERN NO.11316
PASS PATTERN NO.11317
PASS PATTERN NO.11318
PASS PATTERN NO.11319
PASS PATTERN NO.11320
PASS PATTERN NO.11321
PASS PATTERN NO.11322
PASS PATTERN NO.11323
PASS PATTERN NO.11324
PASS PATTERN NO.11325
PASS PATTERN NO.11326
PASS PATTERN NO.11327
PASS PATTERN NO.11328
PASS PATTERN NO.11329
PASS PATTERN NO.11330
PASS PATTERN NO.11331
PASS PATTERN NO.11332
PASS PATTERN NO.11333
PASS PATTERN NO.11334
PASS PATTERN NO.11335
PASS PATTERN NO.11336
PASS PATTERN NO.11337
PASS PATTERN NO.11338
PASS PATTERN NO.11339
PASS PATTERN NO.11340
PASS PATTERN NO.11341
PASS PATTERN NO.11342
PASS PATTERN NO.11343
PASS PATTERN NO.11344
PASS PATTERN NO.11345
PASS PATTERN NO.11346
PASS PATTERN NO.11347
PASS PATTERN NO.11348
PASS PATTERN NO.11349
PASS PATTERN NO.11350
PASS PATTERN NO.11351
PASS PATTERN NO.11352
PASS PATTERN NO.11353
PASS PATTERN NO.11354
PASS PATTERN NO.11355
PASS PATTERN NO.11356
PASS PATTERN NO.11357
PASS PATTERN NO.11358
PASS PATTERN NO.11359
PASS PATTERN NO.11360
PASS PATTERN NO.11361
PASS PATTERN NO.11362
PASS PATTERN NO.11363
PASS PATTERN NO.11364
PASS PATTERN NO.11365
PASS PATTERN NO.11366
PASS PATTERN NO.11367
PASS PATTERN NO.11368
PASS PATTERN NO.11369
PASS PATTERN NO.11370
PASS PATTERN NO.11371
PASS PATTERN NO.11372
PASS PATTERN NO.11373
PASS PATTERN NO.11374
PASS PATTERN NO.11375
PASS PATTERN NO.11376
PASS PATTERN NO.11377
PASS PATTERN NO.11378
PASS PATTERN NO.11379
PASS PATTERN NO.11380
PASS PATTERN NO.11381
PASS PATTERN NO.11382
PASS PATTERN NO.11383
PASS PATTERN NO.11384
PASS PATTERN NO.11385
PASS PATTERN NO.11386
PASS PATTERN NO.11387
PASS PATTERN NO.11388
PASS PATTERN NO.11389
PASS PATTERN NO.11390
PASS PATTERN NO.11391
PASS PATTERN NO.11392
PASS PATTERN NO.11393
PASS PATTERN NO.11394
PASS PATTERN NO.11395
PASS PATTERN NO.11396
PASS PATTERN NO.11397
PASS PATTERN NO.11398
PASS PATTERN NO.11399
PASS PATTERN NO.11400
PASS PATTERN NO.11401
PASS PATTERN NO.11402
PASS PATTERN NO.11403
PASS PATTERN NO.11404
PASS PATTERN NO.11405
PASS PATTERN NO.11406
PASS PATTERN NO.11407
PASS PATTERN NO.11408
PASS PATTERN NO.11409
PASS PATTERN NO.11410
PASS PATTERN NO.11411
PASS PATTERN NO.11412
PASS PATTERN NO.11413
PASS PATTERN NO.11414
PASS PATTERN NO.11415
PASS PATTERN NO.11416
PASS PATTERN NO.11417
PASS PATTERN NO.11418
PASS PATTERN NO.11419
PASS PATTERN NO.11420
PASS PATTERN NO.11421
PASS PATTERN NO.11422
PASS PATTERN NO.11423
PASS PATTERN NO.11424
PASS PATTERN NO.11425
PASS PATTERN NO.11426
PASS PATTERN NO.11427
PASS PATTERN NO.11428
PASS PATTERN NO.11429
PASS PATTERN NO.11430
PASS PATTERN NO.11431
PASS PATTERN NO.11432
PASS PATTERN NO.11433
PASS PATTERN NO.11434
PASS PATTERN NO.11435
PASS PATTERN NO.11436
PASS PATTERN NO.11437
PASS PATTERN NO.11438
PASS PATTERN NO.11439
PASS PATTERN NO.11440
PASS PATTERN NO.11441
PASS PATTERN NO.11442
PASS PATTERN NO.11443
PASS PATTERN NO.11444
PASS PATTERN NO.11445
PASS PATTERN NO.11446
PASS PATTERN NO.11447
PASS PATTERN NO.11448
PASS PATTERN NO.11449
PASS PATTERN NO.11450
PASS PATTERN NO.11451
PASS PATTERN NO.11452
PASS PATTERN NO.11453
PASS PATTERN NO.11454
PASS PATTERN NO.11455
PASS PATTERN NO.11456
PASS PATTERN NO.11457
PASS PATTERN NO.11458
PASS PATTERN NO.11459
PASS PATTERN NO.11460
PASS PATTERN NO.11461
PASS PATTERN NO.11462
PASS PATTERN NO.11463
PASS PATTERN NO.11464
PASS PATTERN NO.11465
PASS PATTERN NO.11466
PASS PATTERN NO.11467
PASS PATTERN NO.11468
PASS PATTERN NO.11469
PASS PATTERN NO.11470
PASS PATTERN NO.11471
PASS PATTERN NO.11472
PASS PATTERN NO.11473
PASS PATTERN NO.11474
PASS PATTERN NO.11475
PASS PATTERN NO.11476
PASS PATTERN NO.11477
PASS PATTERN NO.11478
PASS PATTERN NO.11479
PASS PATTERN NO.11480
PASS PATTERN NO.11481
PASS PATTERN NO.11482
PASS PATTERN NO.11483
PASS PATTERN NO.11484
PASS PATTERN NO.11485
PASS PATTERN NO.11486
PASS PATTERN NO.11487
PASS PATTERN NO.11488
PASS PATTERN NO.11489
PASS PATTERN NO.11490
PASS PATTERN NO.11491
PASS PATTERN NO.11492
PASS PATTERN NO.11493
PASS PATTERN NO.11494
PASS PATTERN NO.11495
PASS PATTERN NO.11496
PASS PATTERN NO.11497
PASS PATTERN NO.11498
PASS PATTERN NO.11499
PASS PATTERN NO.11500
PASS PATTERN NO.11501
PASS PATTERN NO.11502
PASS PATTERN NO.11503
PASS PATTERN NO.11504
PASS PATTERN NO.11505
PASS PATTERN NO.11506
PASS PATTERN NO.11507
PASS PATTERN NO.11508
PASS PATTERN NO.11509
PASS PATTERN NO.11510
PASS PATTERN NO.11511
PASS PATTERN NO.11512
PASS PATTERN NO.11513
PASS PATTERN NO.11514
PASS PATTERN NO.11515
PASS PATTERN NO.11516
PASS PATTERN NO.11517
PASS PATTERN NO.11518
PASS PATTERN NO.11519
PASS PATTERN NO.11520
PASS PATTERN NO.11521
PASS PATTERN NO.11522
PASS PATTERN NO.11523
PASS PATTERN NO.11524
PASS PATTERN NO.11525
PASS PATTERN NO.11526
PASS PATTERN NO.11527
PASS PATTERN NO.11528
PASS PATTERN NO.11529
PASS PATTERN NO.11530
PASS PATTERN NO.11531
PASS PATTERN NO.11532
PASS PATTERN NO.11533
PASS PATTERN NO.11534
PASS PATTERN NO.11535
PASS PATTERN NO.11536
PASS PATTERN NO.11537
PASS PATTERN NO.11538
PASS PATTERN NO.11539
PASS PATTERN NO.11540
PASS PATTERN NO.11541
PASS PATTERN NO.11542
PASS PATTERN NO.11543
PASS PATTERN NO.11544
PASS PATTERN NO.11545
PASS PATTERN NO.11546
PASS PATTERN NO.11547
PASS PATTERN NO.11548
PASS PATTERN NO.11549
PASS PATTERN NO.11550
PASS PATTERN NO.11551
PASS PATTERN NO.11552
PASS PATTERN NO.11553
PASS PATTERN NO.11554
PASS PATTERN NO.11555
PASS PATTERN NO.11556
PASS PATTERN NO.11557
PASS PATTERN NO.11558
PASS PATTERN NO.11559
PASS PATTERN NO.11560
PASS PATTERN NO.11561
PASS PATTERN NO.11562
PASS PATTERN NO.11563
PASS PATTERN NO.11564
PASS PATTERN NO.11565
PASS PATTERN NO.11566
PASS PATTERN NO.11567
PASS PATTERN NO.11568
PASS PATTERN NO.11569
PASS PATTERN NO.11570
PASS PATTERN NO.11571
PASS PATTERN NO.11572
PASS PATTERN NO.11573
PASS PATTERN NO.11574
PASS PATTERN NO.11575
PASS PATTERN NO.11576
PASS PATTERN NO.11577
PASS PATTERN NO.11578
PASS PATTERN NO.11579
PASS PATTERN NO.11580
PASS PATTERN NO.11581
PASS PATTERN NO.11582
PASS PATTERN NO.11583
PASS PATTERN NO.11584
PASS PATTERN NO.11585
PASS PATTERN NO.11586
PASS PATTERN NO.11587
PASS PATTERN NO.11588
PASS PATTERN NO.11589
PASS PATTERN NO.11590
PASS PATTERN NO.11591
PASS PATTERN NO.11592
PASS PATTERN NO.11593
PASS PATTERN NO.11594
PASS PATTERN NO.11595
PASS PATTERN NO.11596
PASS PATTERN NO.11597
PASS PATTERN NO.11598
PASS PATTERN NO.11599
PASS PATTERN NO.11600
PASS PATTERN NO.11601
PASS PATTERN NO.11602
PASS PATTERN NO.11603
PASS PATTERN NO.11604
PASS PATTERN NO.11605
PASS PATTERN NO.11606
PASS PATTERN NO.11607
PASS PATTERN NO.11608
PASS PATTERN NO.11609
PASS PATTERN NO.11610
PASS PATTERN NO.11611
PASS PATTERN NO.11612
PASS PATTERN NO.11613
PASS PATTERN NO.11614
PASS PATTERN NO.11615
PASS PATTERN NO.11616
PASS PATTERN NO.11617
PASS PATTERN NO.11618
PASS PATTERN NO.11619
PASS PATTERN NO.11620
PASS PATTERN NO.11621
PASS PATTERN NO.11622
PASS PATTERN NO.11623
PASS PATTERN NO.11624
PASS PATTERN NO.11625
PASS PATTERN NO.11626
PASS PATTERN NO.11627
PASS PATTERN NO.11628
PASS PATTERN NO.11629
PASS PATTERN NO.11630
PASS PATTERN NO.11631
PASS PATTERN NO.11632
PASS PATTERN NO.11633
PASS PATTERN NO.11634
PASS PATTERN NO.11635
PASS PATTERN NO.11636
PASS PATTERN NO.11637
PASS PATTERN NO.11638
PASS PATTERN NO.11639
PASS PATTERN NO.11640
PASS PATTERN NO.11641
PASS PATTERN NO.11642
PASS PATTERN NO.11643
PASS PATTERN NO.11644
PASS PATTERN NO.11645
PASS PATTERN NO.11646
PASS PATTERN NO.11647
PASS PATTERN NO.11648
PASS PATTERN NO.11649
PASS PATTERN NO.11650
PASS PATTERN NO.11651
PASS PATTERN NO.11652
PASS PATTERN NO.11653
PASS PATTERN NO.11654
PASS PATTERN NO.11655
PASS PATTERN NO.11656
PASS PATTERN NO.11657
PASS PATTERN NO.11658
PASS PATTERN NO.11659
PASS PATTERN NO.11660
PASS PATTERN NO.11661
PASS PATTERN NO.11662
PASS PATTERN NO.11663
PASS PATTERN NO.11664
PASS PATTERN NO.11665
PASS PATTERN NO.11666
PASS PATTERN NO.11667
PASS PATTERN NO.11668
PASS PATTERN NO.11669
PASS PATTERN NO.11670
PASS PATTERN NO.11671
PASS PATTERN NO.11672
PASS PATTERN NO.11673
PASS PATTERN NO.11674
PASS PATTERN NO.11675
PASS PATTERN NO.11676
PASS PATTERN NO.11677
PASS PATTERN NO.11678
PASS PATTERN NO.11679
PASS PATTERN NO.11680
PASS PATTERN NO.11681
PASS PATTERN NO.11682
PASS PATTERN NO.11683
PASS PATTERN NO.11684
PASS PATTERN NO.11685
PASS PATTERN NO.11686
PASS PATTERN NO.11687
PASS PATTERN NO.11688
PASS PATTERN NO.11689
PASS PATTERN NO.11690
PASS PATTERN NO.11691
PASS PATTERN NO.11692
PASS PATTERN NO.11693
PASS PATTERN NO.11694
PASS PATTERN NO.11695
PASS PATTERN NO.11696
PASS PATTERN NO.11697
PASS PATTERN NO.11698
PASS PATTERN NO.11699
PASS PATTERN NO.11700
PASS PATTERN NO.11701
PASS PATTERN NO.11702
PASS PATTERN NO.11703
PASS PATTERN NO.11704
PASS PATTERN NO.11705
PASS PATTERN NO.11706
PASS PATTERN NO.11707
PASS PATTERN NO.11708
PASS PATTERN NO.11709
PASS PATTERN NO.11710
PASS PATTERN NO.11711
PASS PATTERN NO.11712
PASS PATTERN NO.11713
PASS PATTERN NO.11714
PASS PATTERN NO.11715
PASS PATTERN NO.11716
PASS PATTERN NO.11717
PASS PATTERN NO.11718
PASS PATTERN NO.11719
PASS PATTERN NO.11720
PASS PATTERN NO.11721
PASS PATTERN NO.11722
PASS PATTERN NO.11723
PASS PATTERN NO.11724
PASS PATTERN NO.11725
PASS PATTERN NO.11726
PASS PATTERN NO.11727
PASS PATTERN NO.11728
PASS PATTERN NO.11729
PASS PATTERN NO.11730
PASS PATTERN NO.11731
PASS PATTERN NO.11732
PASS PATTERN NO.11733
PASS PATTERN NO.11734
PASS PATTERN NO.11735
PASS PATTERN NO.11736
PASS PATTERN NO.11737
PASS PATTERN NO.11738
PASS PATTERN NO.11739
PASS PATTERN NO.11740
PASS PATTERN NO.11741
PASS PATTERN NO.11742
PASS PATTERN NO.11743
PASS PATTERN NO.11744
PASS PATTERN NO.11745
PASS PATTERN NO.11746
PASS PATTERN NO.11747
PASS PATTERN NO.11748
PASS PATTERN NO.11749
PASS PATTERN NO.11750
PASS PATTERN NO.11751
PASS PATTERN NO.11752
PASS PATTERN NO.11753
PASS PATTERN NO.11754
PASS PATTERN NO.11755
PASS PATTERN NO.11756
PASS PATTERN NO.11757
PASS PATTERN NO.11758
PASS PATTERN NO.11759
PASS PATTERN NO.11760
PASS PATTERN NO.11761
PASS PATTERN NO.11762
PASS PATTERN NO.11763
PASS PATTERN NO.11764
PASS PATTERN NO.11765
PASS PATTERN NO.11766
PASS PATTERN NO.11767
PASS PATTERN NO.11768
PASS PATTERN NO.11769
PASS PATTERN NO.11770
PASS PATTERN NO.11771
PASS PATTERN NO.11772
PASS PATTERN NO.11773
PASS PATTERN NO.11774
PASS PATTERN NO.11775
PASS PATTERN NO.11776
PASS PATTERN NO.11777
PASS PATTERN NO.11778
PASS PATTERN NO.11779
PASS PATTERN NO.11780
PASS PATTERN NO.11781
PASS PATTERN NO.11782
PASS PATTERN NO.11783
PASS PATTERN NO.11784
PASS PATTERN NO.11785
PASS PATTERN NO.11786
PASS PATTERN NO.11787
PASS PATTERN NO.11788
PASS PATTERN NO.11789
PASS PATTERN NO.11790
PASS PATTERN NO.11791
PASS PATTERN NO.11792
PASS PATTERN NO.11793
PASS PATTERN NO.11794
PASS PATTERN NO.11795
PASS PATTERN NO.11796
PASS PATTERN NO.11797
PASS PATTERN NO.11798
PASS PATTERN NO.11799
PASS PATTERN NO.11800
PASS PATTERN NO.11801
PASS PATTERN NO.11802
PASS PATTERN NO.11803
PASS PATTERN NO.11804
PASS PATTERN NO.11805
PASS PATTERN NO.11806
PASS PATTERN NO.11807
PASS PATTERN NO.11808
PASS PATTERN NO.11809
PASS PATTERN NO.11810
PASS PATTERN NO.11811
PASS PATTERN NO.11812
PASS PATTERN NO.11813
PASS PATTERN NO.11814
PASS PATTERN NO.11815
PASS PATTERN NO.11816
PASS PATTERN NO.11817
PASS PATTERN NO.11818
PASS PATTERN NO.11819
PASS PATTERN NO.11820
PASS PATTERN NO.11821
PASS PATTERN NO.11822
PASS PATTERN NO.11823
PASS PATTERN NO.11824
PASS PATTERN NO.11825
PASS PATTERN NO.11826
PASS PATTERN NO.11827
PASS PATTERN NO.11828
PASS PATTERN NO.11829
PASS PATTERN NO.11830
PASS PATTERN NO.11831
PASS PATTERN NO.11832
PASS PATTERN NO.11833
PASS PATTERN NO.11834
PASS PATTERN NO.11835
PASS PATTERN NO.11836
PASS PATTERN NO.11837
PASS PATTERN NO.11838
PASS PATTERN NO.11839
PASS PATTERN NO.11840
PASS PATTERN NO.11841
PASS PATTERN NO.11842
PASS PATTERN NO.11843
PASS PATTERN NO.11844
PASS PATTERN NO.11845
PASS PATTERN NO.11846
PASS PATTERN NO.11847
PASS PATTERN NO.11848
PASS PATTERN NO.11849
PASS PATTERN NO.11850
PASS PATTERN NO.11851
PASS PATTERN NO.11852
PASS PATTERN NO.11853
PASS PATTERN NO.11854
PASS PATTERN NO.11855
PASS PATTERN NO.11856
PASS PATTERN NO.11857
PASS PATTERN NO.11858
PASS PATTERN NO.11859
PASS PATTERN NO.11860
PASS PATTERN NO.11861
PASS PATTERN NO.11862
PASS PATTERN NO.11863
PASS PATTERN NO.11864
PASS PATTERN NO.11865
PASS PATTERN NO.11866
PASS PATTERN NO.11867
PASS PATTERN NO.11868
PASS PATTERN NO.11869
PASS PATTERN NO.11870
PASS PATTERN NO.11871
PASS PATTERN NO.11872
PASS PATTERN NO.11873
PASS PATTERN NO.11874
PASS PATTERN NO.11875
PASS PATTERN NO.11876
PASS PATTERN NO.11877
PASS PATTERN NO.11878
PASS PATTERN NO.11879
PASS PATTERN NO.11880
PASS PATTERN NO.11881
PASS PATTERN NO.11882
PASS PATTERN NO.11883
PASS PATTERN NO.11884
PASS PATTERN NO.11885
PASS PATTERN NO.11886
PASS PATTERN NO.11887
PASS PATTERN NO.11888
PASS PATTERN NO.11889
PASS PATTERN NO.11890
PASS PATTERN NO.11891
PASS PATTERN NO.11892
PASS PATTERN NO.11893
PASS PATTERN NO.11894
PASS PATTERN NO.11895
PASS PATTERN NO.11896
PASS PATTERN NO.11897
PASS PATTERN NO.11898
PASS PATTERN NO.11899
PASS PATTERN NO.11900
PASS PATTERN NO.11901
PASS PATTERN NO.11902
PASS PATTERN NO.11903
PASS PATTERN NO.11904
PASS PATTERN NO.11905
PASS PATTERN NO.11906
PASS PATTERN NO.11907
PASS PATTERN NO.11908
PASS PATTERN NO.11909
PASS PATTERN NO.11910
PASS PATTERN NO.11911
PASS PATTERN NO.11912
PASS PATTERN NO.11913
PASS PATTERN NO.11914
PASS PATTERN NO.11915
PASS PATTERN NO.11916
PASS PATTERN NO.11917
PASS PATTERN NO.11918
PASS PATTERN NO.11919
PASS PATTERN NO.11920
PASS PATTERN NO.11921
PASS PATTERN NO.11922
PASS PATTERN NO.11923
PASS PATTERN NO.11924
PASS PATTERN NO.11925
PASS PATTERN NO.11926
PASS PATTERN NO.11927
PASS PATTERN NO.11928
PASS PATTERN NO.11929
PASS PATTERN NO.11930
PASS PATTERN NO.11931
PASS PATTERN NO.11932
PASS PATTERN NO.11933
PASS PATTERN NO.11934
PASS PATTERN NO.11935
PASS PATTERN NO.11936
PASS PATTERN NO.11937
PASS PATTERN NO.11938
PASS PATTERN NO.11939
PASS PATTERN NO.11940
PASS PATTERN NO.11941
PASS PATTERN NO.11942
PASS PATTERN NO.11943
PASS PATTERN NO.11944
PASS PATTERN NO.11945
PASS PATTERN NO.11946
PASS PATTERN NO.11947
PASS PATTERN NO.11948
PASS PATTERN NO.11949
PASS PATTERN NO.11950
PASS PATTERN NO.11951
PASS PATTERN NO.11952
PASS PATTERN NO.11953
PASS PATTERN NO.11954
PASS PATTERN NO.11955
PASS PATTERN NO.11956
PASS PATTERN NO.11957
PASS PATTERN NO.11958
PASS PATTERN NO.11959
PASS PATTERN NO.11960
PASS PATTERN NO.11961
PASS PATTERN NO.11962
PASS PATTERN NO.11963
PASS PATTERN NO.11964
PASS PATTERN NO.11965
PASS PATTERN NO.11966
PASS PATTERN NO.11967
PASS PATTERN NO.11968
PASS PATTERN NO.11969
PASS PATTERN NO.11970
PASS PATTERN NO.11971
PASS PATTERN NO.11972
PASS PATTERN NO.11973
PASS PATTERN NO.11974
PASS PATTERN NO.11975
PASS PATTERN NO.11976
PASS PATTERN NO.11977
PASS PATTERN NO.11978
PASS PATTERN NO.11979
PASS PATTERN NO.11980
PASS PATTERN NO.11981
PASS PATTERN NO.11982
PASS PATTERN NO.11983
PASS PATTERN NO.11984
PASS PATTERN NO.11985
PASS PATTERN NO.11986
PASS PATTERN NO.11987
PASS PATTERN NO.11988
PASS PATTERN NO.11989
PASS PATTERN NO.11990
PASS PATTERN NO.11991
PASS PATTERN NO.11992
PASS PATTERN NO.11993
PASS PATTERN NO.11994
PASS PATTERN NO.11995
PASS PATTERN NO.11996
PASS PATTERN NO.11997
PASS PATTERN NO.11998
PASS PATTERN NO.11999
PASS PATTERN NO.12000
PASS PATTERN NO.12001
PASS PATTERN NO.12002
PASS PATTERN NO.12003
PASS PATTERN NO.12004
PASS PATTERN NO.12005
PASS PATTERN NO.12006
PASS PATTERN NO.12007
PASS PATTERN NO.12008
PASS PATTERN NO.12009
PASS PATTERN NO.12010
PASS PATTERN NO.12011
PASS PATTERN NO.12012
PASS PATTERN NO.12013
PASS PATTERN NO.12014
PASS PATTERN NO.12015
PASS PATTERN NO.12016
PASS PATTERN NO.12017
PASS PATTERN NO.12018
PASS PATTERN NO.12019
PASS PATTERN NO.12020
PASS PATTERN NO.12021
PASS PATTERN NO.12022
PASS PATTERN NO.12023
PASS PATTERN NO.12024
PASS PATTERN NO.12025
PASS PATTERN NO.12026
PASS PATTERN NO.12027
PASS PATTERN NO.12028
PASS PATTERN NO.12029
PASS PATTERN NO.12030
PASS PATTERN NO.12031
PASS PATTERN NO.12032
PASS PATTERN NO.12033
PASS PATTERN NO.12034
PASS PATTERN NO.12035
PASS PATTERN NO.12036
PASS PATTERN NO.12037
PASS PATTERN NO.12038
PASS PATTERN NO.12039
PASS PATTERN NO.12040
PASS PATTERN NO.12041
PASS PATTERN NO.12042
PASS PATTERN NO.12043
PASS PATTERN NO.12044
PASS PATTERN NO.12045
PASS PATTERN NO.12046
PASS PATTERN NO.12047
PASS PATTERN NO.12048
PASS PATTERN NO.12049
PASS PATTERN NO.12050
PASS PATTERN NO.12051
PASS PATTERN NO.12052
PASS PATTERN NO.12053
PASS PATTERN NO.12054
PASS PATTERN NO.12055
PASS PATTERN NO.12056
PASS PATTERN NO.12057
PASS PATTERN NO.12058
PASS PATTERN NO.12059
PASS PATTERN NO.12060
PASS PATTERN NO.12061
PASS PATTERN NO.12062
PASS PATTERN NO.12063
PASS PATTERN NO.12064
PASS PATTERN NO.12065
PASS PATTERN NO.12066
PASS PATTERN NO.12067
PASS PATTERN NO.12068
PASS PATTERN NO.12069
PASS PATTERN NO.12070
PASS PATTERN NO.12071
PASS PATTERN NO.12072
PASS PATTERN NO.12073
PASS PATTERN NO.12074
PASS PATTERN NO.12075
PASS PATTERN NO.12076
PASS PATTERN NO.12077
PASS PATTERN NO.12078
PASS PATTERN NO.12079
PASS PATTERN NO.12080
PASS PATTERN NO.12081
PASS PATTERN NO.12082
PASS PATTERN NO.12083
PASS PATTERN NO.12084
PASS PATTERN NO.12085
PASS PATTERN NO.12086
PASS PATTERN NO.12087
PASS PATTERN NO.12088
PASS PATTERN NO.12089
PASS PATTERN NO.12090
PASS PATTERN NO.12091
PASS PATTERN NO.12092
PASS PATTERN NO.12093
PASS PATTERN NO.12094
PASS PATTERN NO.12095
PASS PATTERN NO.12096
PASS PATTERN NO.12097
PASS PATTERN NO.12098
PASS PATTERN NO.12099
PASS PATTERN NO.12100
PASS PATTERN NO.12101
PASS PATTERN NO.12102
PASS PATTERN NO.12103
PASS PATTERN NO.12104
PASS PATTERN NO.12105
PASS PATTERN NO.12106
PASS PATTERN NO.12107
PASS PATTERN NO.12108
PASS PATTERN NO.12109
PASS PATTERN NO.12110
PASS PATTERN NO.12111
PASS PATTERN NO.12112
PASS PATTERN NO.12113
PASS PATTERN NO.12114
PASS PATTERN NO.12115
PASS PATTERN NO.12116
PASS PATTERN NO.12117
PASS PATTERN NO.12118
PASS PATTERN NO.12119
PASS PATTERN NO.12120
PASS PATTERN NO.12121
PASS PATTERN NO.12122
PASS PATTERN NO.12123
PASS PATTERN NO.12124
PASS PATTERN NO.12125
PASS PATTERN NO.12126
PASS PATTERN NO.12127
PASS PATTERN NO.12128
PASS PATTERN NO.12129
PASS PATTERN NO.12130
PASS PATTERN NO.12131
PASS PATTERN NO.12132
PASS PATTERN NO.12133
PASS PATTERN NO.12134
PASS PATTERN NO.12135
PASS PATTERN NO.12136
PASS PATTERN NO.12137
PASS PATTERN NO.12138
PASS PATTERN NO.12139
PASS PATTERN NO.12140
PASS PATTERN NO.12141
PASS PATTERN NO.12142
PASS PATTERN NO.12143
PASS PATTERN NO.12144
PASS PATTERN NO.12145
PASS PATTERN NO.12146
PASS PATTERN NO.12147
PASS PATTERN NO.12148
PASS PATTERN NO.12149
PASS PATTERN NO.12150
PASS PATTERN NO.12151
PASS PATTERN NO.12152
PASS PATTERN NO.12153
PASS PATTERN NO.12154
PASS PATTERN NO.12155
PASS PATTERN NO.12156
PASS PATTERN NO.12157
PASS PATTERN NO.12158
PASS PATTERN NO.12159
PASS PATTERN NO.12160
PASS PATTERN NO.12161
PASS PATTERN NO.12162
PASS PATTERN NO.12163
PASS PATTERN NO.12164
PASS PATTERN NO.12165
PASS PATTERN NO.12166
PASS PATTERN NO.12167
PASS PATTERN NO.12168
PASS PATTERN NO.12169
PASS PATTERN NO.12170
PASS PATTERN NO.12171
PASS PATTERN NO.12172
PASS PATTERN NO.12173
PASS PATTERN NO.12174
PASS PATTERN NO.12175
PASS PATTERN NO.12176
PASS PATTERN NO.12177
PASS PATTERN NO.12178
PASS PATTERN NO.12179
PASS PATTERN NO.12180
PASS PATTERN NO.12181
PASS PATTERN NO.12182
PASS PATTERN NO.12183
PASS PATTERN NO.12184
PASS PATTERN NO.12185
PASS PATTERN NO.12186
PASS PATTERN NO.12187
PASS PATTERN NO.12188
PASS PATTERN NO.12189
PASS PATTERN NO.12190
PASS PATTERN NO.12191
PASS PATTERN NO.12192
PASS PATTERN NO.12193
PASS PATTERN NO.12194
PASS PATTERN NO.12195
PASS PATTERN NO.12196
PASS PATTERN NO.12197
PASS PATTERN NO.12198
PASS PATTERN NO.12199
PASS PATTERN NO.12200
PASS PATTERN NO.12201
PASS PATTERN NO.12202
PASS PATTERN NO.12203
PASS PATTERN NO.12204
PASS PATTERN NO.12205
PASS PATTERN NO.12206
PASS PATTERN NO.12207
PASS PATTERN NO.12208
PASS PATTERN NO.12209
PASS PATTERN NO.12210
PASS PATTERN NO.12211
PASS PATTERN NO.12212
PASS PATTERN NO.12213
PASS PATTERN NO.12214
PASS PATTERN NO.12215
PASS PATTERN NO.12216
PASS PATTERN NO.12217
PASS PATTERN NO.12218
PASS PATTERN NO.12219
PASS PATTERN NO.12220
PASS PATTERN NO.12221
PASS PATTERN NO.12222
PASS PATTERN NO.12223
PASS PATTERN NO.12224
PASS PATTERN NO.12225
PASS PATTERN NO.12226
PASS PATTERN NO.12227
PASS PATTERN NO.12228
PASS PATTERN NO.12229
PASS PATTERN NO.12230
PASS PATTERN NO.12231
PASS PATTERN NO.12232
PASS PATTERN NO.12233
PASS PATTERN NO.12234
PASS PATTERN NO.12235
PASS PATTERN NO.12236
PASS PATTERN NO.12237
PASS PATTERN NO.12238
PASS PATTERN NO.12239
PASS PATTERN NO.12240
PASS PATTERN NO.12241
PASS PATTERN NO.12242
PASS PATTERN NO.12243
PASS PATTERN NO.12244
PASS PATTERN NO.12245
PASS PATTERN NO.12246
PASS PATTERN NO.12247
PASS PATTERN NO.12248
PASS PATTERN NO.12249
PASS PATTERN NO.12250
PASS PATTERN NO.12251
PASS PATTERN NO.12252
PASS PATTERN NO.12253
PASS PATTERN NO.12254
PASS PATTERN NO.12255
PASS PATTERN NO.12256
PASS PATTERN NO.12257
PASS PATTERN NO.12258
PASS PATTERN NO.12259
PASS PATTERN NO.12260
PASS PATTERN NO.12261
PASS PATTERN NO.12262
PASS PATTERN NO.12263
PASS PATTERN NO.12264
PASS PATTERN NO.12265
PASS PATTERN NO.12266
PASS PATTERN NO.12267
PASS PATTERN NO.12268
PASS PATTERN NO.12269
PASS PATTERN NO.12270
PASS PATTERN NO.12271
PASS PATTERN NO.12272
PASS PATTERN NO.12273
PASS PATTERN NO.12274
PASS PATTERN NO.12275
PASS PATTERN NO.12276
PASS PATTERN NO.12277
PASS PATTERN NO.12278
PASS PATTERN NO.12279
PASS PATTERN NO.12280
PASS PATTERN NO.12281
PASS PATTERN NO.12282
PASS PATTERN NO.12283
PASS PATTERN NO.12284
PASS PATTERN NO.12285
PASS PATTERN NO.12286
PASS PATTERN NO.12287
PASS PATTERN NO.12288
PASS PATTERN NO.12289
PASS PATTERN NO.12290
PASS PATTERN NO.12291
PASS PATTERN NO.12292
PASS PATTERN NO.12293
PASS PATTERN NO.12294
PASS PATTERN NO.12295
PASS PATTERN NO.12296
PASS PATTERN NO.12297
PASS PATTERN NO.12298
PASS PATTERN NO.12299
PASS PATTERN NO.12300
PASS PATTERN NO.12301
PASS PATTERN NO.12302
PASS PATTERN NO.12303
PASS PATTERN NO.12304
PASS PATTERN NO.12305
PASS PATTERN NO.12306
PASS PATTERN NO.12307
PASS PATTERN NO.12308
PASS PATTERN NO.12309
PASS PATTERN NO.12310
PASS PATTERN NO.12311
PASS PATTERN NO.12312
PASS PATTERN NO.12313
PASS PATTERN NO.12314
PASS PATTERN NO.12315
PASS PATTERN NO.12316
PASS PATTERN NO.12317
PASS PATTERN NO.12318
PASS PATTERN NO.12319
PASS PATTERN NO.12320
PASS PATTERN NO.12321
PASS PATTERN NO.12322
PASS PATTERN NO.12323
PASS PATTERN NO.12324
PASS PATTERN NO.12325
PASS PATTERN NO.12326
PASS PATTERN NO.12327
PASS PATTERN NO.12328
PASS PATTERN NO.12329
PASS PATTERN NO.12330
PASS PATTERN NO.12331
PASS PATTERN NO.12332
PASS PATTERN NO.12333
PASS PATTERN NO.12334
PASS PATTERN NO.12335
PASS PATTERN NO.12336
PASS PATTERN NO.12337
PASS PATTERN NO.12338
PASS PATTERN NO.12339
PASS PATTERN NO.12340
PASS PATTERN NO.12341
PASS PATTERN NO.12342
PASS PATTERN NO.12343
PASS PATTERN NO.12344
PASS PATTERN NO.12345
PASS PATTERN NO.12346
PASS PATTERN NO.12347
PASS PATTERN NO.12348
PASS PATTERN NO.12349
PASS PATTERN NO.12350
PASS PATTERN NO.12351
PASS PATTERN NO.12352
PASS PATTERN NO.12353
PASS PATTERN NO.12354
PASS PATTERN NO.12355
PASS PATTERN NO.12356
PASS PATTERN NO.12357
PASS PATTERN NO.12358
PASS PATTERN NO.12359
PASS PATTERN NO.12360
PASS PATTERN NO.12361
PASS PATTERN NO.12362
PASS PATTERN NO.12363
PASS PATTERN NO.12364
PASS PATTERN NO.12365
PASS PATTERN NO.12366
PASS PATTERN NO.12367
PASS PATTERN NO.12368
PASS PATTERN NO.12369
PASS PATTERN NO.12370
PASS PATTERN NO.12371
PASS PATTERN NO.12372
PASS PATTERN NO.12373
PASS PATTERN NO.12374
PASS PATTERN NO.12375
PASS PATTERN NO.12376
PASS PATTERN NO.12377
PASS PATTERN NO.12378
PASS PATTERN NO.12379
PASS PATTERN NO.12380
PASS PATTERN NO.12381
PASS PATTERN NO.12382
PASS PATTERN NO.12383
PASS PATTERN NO.12384
PASS PATTERN NO.12385
PASS PATTERN NO.12386
PASS PATTERN NO.12387
PASS PATTERN NO.12388
PASS PATTERN NO.12389
PASS PATTERN NO.12390
PASS PATTERN NO.12391
PASS PATTERN NO.12392
PASS PATTERN NO.12393
PASS PATTERN NO.12394
PASS PATTERN NO.12395
PASS PATTERN NO.12396
PASS PATTERN NO.12397
PASS PATTERN NO.12398
PASS PATTERN NO.12399
PASS PATTERN NO.12400
PASS PATTERN NO.12401
PASS PATTERN NO.12402
PASS PATTERN NO.12403
PASS PATTERN NO.12404
PASS PATTERN NO.12405
PASS PATTERN NO.12406
PASS PATTERN NO.12407
PASS PATTERN NO.12408
PASS PATTERN NO.12409
PASS PATTERN NO.12410
PASS PATTERN NO.12411
PASS PATTERN NO.12412
PASS PATTERN NO.12413
PASS PATTERN NO.12414
PASS PATTERN NO.12415
PASS PATTERN NO.12416
PASS PATTERN NO.12417
PASS PATTERN NO.12418
PASS PATTERN NO.12419
PASS PATTERN NO.12420
PASS PATTERN NO.12421
PASS PATTERN NO.12422
PASS PATTERN NO.12423
PASS PATTERN NO.12424
PASS PATTERN NO.12425
PASS PATTERN NO.12426
PASS PATTERN NO.12427
PASS PATTERN NO.12428
PASS PATTERN NO.12429
PASS PATTERN NO.12430
PASS PATTERN NO.12431
PASS PATTERN NO.12432
PASS PATTERN NO.12433
PASS PATTERN NO.12434
PASS PATTERN NO.12435
PASS PATTERN NO.12436
PASS PATTERN NO.12437
PASS PATTERN NO.12438
PASS PATTERN NO.12439
PASS PATTERN NO.12440
PASS PATTERN NO.12441
PASS PATTERN NO.12442
PASS PATTERN NO.12443
PASS PATTERN NO.12444
PASS PATTERN NO.12445
PASS PATTERN NO.12446
PASS PATTERN NO.12447
PASS PATTERN NO.12448
PASS PATTERN NO.12449
PASS PATTERN NO.12450
PASS PATTERN NO.12451
PASS PATTERN NO.12452
PASS PATTERN NO.12453
PASS PATTERN NO.12454
PASS PATTERN NO.12455
PASS PATTERN NO.12456
PASS PATTERN NO.12457
PASS PATTERN NO.12458
PASS PATTERN NO.12459
PASS PATTERN NO.12460
PASS PATTERN NO.12461
PASS PATTERN NO.12462
PASS PATTERN NO.12463
PASS PATTERN NO.12464
PASS PATTERN NO.12465
PASS PATTERN NO.12466
PASS PATTERN NO.12467
PASS PATTERN NO.12468
PASS PATTERN NO.12469
PASS PATTERN NO.12470
PASS PATTERN NO.12471
PASS PATTERN NO.12472
PASS PATTERN NO.12473
PASS PATTERN NO.12474
PASS PATTERN NO.12475
PASS PATTERN NO.12476
PASS PATTERN NO.12477
PASS PATTERN NO.12478
PASS PATTERN NO.12479
PASS PATTERN NO.12480
PASS PATTERN NO.12481
PASS PATTERN NO.12482
PASS PATTERN NO.12483
PASS PATTERN NO.12484
PASS PATTERN NO.12485
PASS PATTERN NO.12486
PASS PATTERN NO.12487
PASS PATTERN NO.12488
PASS PATTERN NO.12489
PASS PATTERN NO.12490
PASS PATTERN NO.12491
PASS PATTERN NO.12492
PASS PATTERN NO.12493
PASS PATTERN NO.12494
PASS PATTERN NO.12495
PASS PATTERN NO.12496
PASS PATTERN NO.12497
PASS PATTERN NO.12498
PASS PATTERN NO.12499
PASS PATTERN NO.12500
PASS PATTERN NO.12501
PASS PATTERN NO.12502
PASS PATTERN NO.12503
PASS PATTERN NO.12504
PASS PATTERN NO.12505
PASS PATTERN NO.12506
PASS PATTERN NO.12507
PASS PATTERN NO.12508
PASS PATTERN NO.12509
PASS PATTERN NO.12510
PASS PATTERN NO.12511
PASS PATTERN NO.12512
PASS PATTERN NO.12513
PASS PATTERN NO.12514
PASS PATTERN NO.12515
PASS PATTERN NO.12516
PASS PATTERN NO.12517
PASS PATTERN NO.12518
PASS PATTERN NO.12519
PASS PATTERN NO.12520
PASS PATTERN NO.12521
PASS PATTERN NO.12522
PASS PATTERN NO.12523
PASS PATTERN NO.12524
PASS PATTERN NO.12525
PASS PATTERN NO.12526
PASS PATTERN NO.12527
PASS PATTERN NO.12528
PASS PATTERN NO.12529
PASS PATTERN NO.12530
PASS PATTERN NO.12531
PASS PATTERN NO.12532
PASS PATTERN NO.12533
PASS PATTERN NO.12534
PASS PATTERN NO.12535
PASS PATTERN NO.12536
PASS PATTERN NO.12537
PASS PATTERN NO.12538
PASS PATTERN NO.12539
PASS PATTERN NO.12540
PASS PATTERN NO.12541
PASS PATTERN NO.12542
PASS PATTERN NO.12543
PASS PATTERN NO.12544
PASS PATTERN NO.12545
PASS PATTERN NO.12546
PASS PATTERN NO.12547
PASS PATTERN NO.12548
PASS PATTERN NO.12549
PASS PATTERN NO.12550
PASS PATTERN NO.12551
PASS PATTERN NO.12552
PASS PATTERN NO.12553
PASS PATTERN NO.12554
PASS PATTERN NO.12555
PASS PATTERN NO.12556
PASS PATTERN NO.12557
PASS PATTERN NO.12558
PASS PATTERN NO.12559
PASS PATTERN NO.12560
PASS PATTERN NO.12561
PASS PATTERN NO.12562
PASS PATTERN NO.12563
PASS PATTERN NO.12564
PASS PATTERN NO.12565
PASS PATTERN NO.12566
PASS PATTERN NO.12567
PASS PATTERN NO.12568
PASS PATTERN NO.12569
PASS PATTERN NO.12570
PASS PATTERN NO.12571
PASS PATTERN NO.12572
PASS PATTERN NO.12573
PASS PATTERN NO.12574
PASS PATTERN NO.12575
PASS PATTERN NO.12576
PASS PATTERN NO.12577
PASS PATTERN NO.12578
PASS PATTERN NO.12579
PASS PATTERN NO.12580
PASS PATTERN NO.12581
PASS PATTERN NO.12582
PASS PATTERN NO.12583
PASS PATTERN NO.12584
PASS PATTERN NO.12585
PASS PATTERN NO.12586
PASS PATTERN NO.12587
PASS PATTERN NO.12588
PASS PATTERN NO.12589
PASS PATTERN NO.12590
PASS PATTERN NO.12591
PASS PATTERN NO.12592
PASS PATTERN NO.12593
PASS PATTERN NO.12594
PASS PATTERN NO.12595
PASS PATTERN NO.12596
PASS PATTERN NO.12597
PASS PATTERN NO.12598
PASS PATTERN NO.12599
PASS PATTERN NO.12600
PASS PATTERN NO.12601
PASS PATTERN NO.12602
PASS PATTERN NO.12603
PASS PATTERN NO.12604
PASS PATTERN NO.12605
PASS PATTERN NO.12606
PASS PATTERN NO.12607
PASS PATTERN NO.12608
PASS PATTERN NO.12609
PASS PATTERN NO.12610
PASS PATTERN NO.12611
PASS PATTERN NO.12612
PASS PATTERN NO.12613
PASS PATTERN NO.12614
PASS PATTERN NO.12615
PASS PATTERN NO.12616
PASS PATTERN NO.12617
PASS PATTERN NO.12618
PASS PATTERN NO.12619
PASS PATTERN NO.12620
PASS PATTERN NO.12621
PASS PATTERN NO.12622
PASS PATTERN NO.12623
PASS PATTERN NO.12624
PASS PATTERN NO.12625
PASS PATTERN NO.12626
PASS PATTERN NO.12627
PASS PATTERN NO.12628
PASS PATTERN NO.12629
PASS PATTERN NO.12630
PASS PATTERN NO.12631
PASS PATTERN NO.12632
PASS PATTERN NO.12633
PASS PATTERN NO.12634
PASS PATTERN NO.12635
PASS PATTERN NO.12636
PASS PATTERN NO.12637
PASS PATTERN NO.12638
PASS PATTERN NO.12639
PASS PATTERN NO.12640
PASS PATTERN NO.12641
PASS PATTERN NO.12642
PASS PATTERN NO.12643
PASS PATTERN NO.12644
PASS PATTERN NO.12645
PASS PATTERN NO.12646
PASS PATTERN NO.12647
PASS PATTERN NO.12648
PASS PATTERN NO.12649
PASS PATTERN NO.12650
PASS PATTERN NO.12651
PASS PATTERN NO.12652
PASS PATTERN NO.12653
PASS PATTERN NO.12654
PASS PATTERN NO.12655
PASS PATTERN NO.12656
PASS PATTERN NO.12657
PASS PATTERN NO.12658
PASS PATTERN NO.12659
PASS PATTERN NO.12660
PASS PATTERN NO.12661
PASS PATTERN NO.12662
PASS PATTERN NO.12663
PASS PATTERN NO.12664
PASS PATTERN NO.12665
PASS PATTERN NO.12666
PASS PATTERN NO.12667
PASS PATTERN NO.12668
PASS PATTERN NO.12669
PASS PATTERN NO.12670
PASS PATTERN NO.12671
PASS PATTERN NO.12672
PASS PATTERN NO.12673
PASS PATTERN NO.12674
PASS PATTERN NO.12675
PASS PATTERN NO.12676
PASS PATTERN NO.12677
PASS PATTERN NO.12678
PASS PATTERN NO.12679
PASS PATTERN NO.12680
PASS PATTERN NO.12681
PASS PATTERN NO.12682
PASS PATTERN NO.12683
PASS PATTERN NO.12684
PASS PATTERN NO.12685
PASS PATTERN NO.12686
PASS PATTERN NO.12687
PASS PATTERN NO.12688
PASS PATTERN NO.12689
PASS PATTERN NO.12690
PASS PATTERN NO.12691
PASS PATTERN NO.12692
PASS PATTERN NO.12693
PASS PATTERN NO.12694
PASS PATTERN NO.12695
PASS PATTERN NO.12696
PASS PATTERN NO.12697
PASS PATTERN NO.12698
PASS PATTERN NO.12699
PASS PATTERN NO.12700
PASS PATTERN NO.12701
PASS PATTERN NO.12702
PASS PATTERN NO.12703
PASS PATTERN NO.12704
PASS PATTERN NO.12705
PASS PATTERN NO.12706
PASS PATTERN NO.12707
PASS PATTERN NO.12708
PASS PATTERN NO.12709
PASS PATTERN NO.12710
PASS PATTERN NO.12711
PASS PATTERN NO.12712
PASS PATTERN NO.12713
PASS PATTERN NO.12714
PASS PATTERN NO.12715
PASS PATTERN NO.12716
PASS PATTERN NO.12717
PASS PATTERN NO.12718
PASS PATTERN NO.12719
PASS PATTERN NO.12720
PASS PATTERN NO.12721
PASS PATTERN NO.12722
PASS PATTERN NO.12723
PASS PATTERN NO.12724
PASS PATTERN NO.12725
PASS PATTERN NO.12726
PASS PATTERN NO.12727
PASS PATTERN NO.12728
PASS PATTERN NO.12729
PASS PATTERN NO.12730
PASS PATTERN NO.12731
PASS PATTERN NO.12732
PASS PATTERN NO.12733
PASS PATTERN NO.12734
PASS PATTERN NO.12735
PASS PATTERN NO.12736
PASS PATTERN NO.12737
PASS PATTERN NO.12738
PASS PATTERN NO.12739
PASS PATTERN NO.12740
PASS PATTERN NO.12741
PASS PATTERN NO.12742
PASS PATTERN NO.12743
PASS PATTERN NO.12744
PASS PATTERN NO.12745
PASS PATTERN NO.12746
PASS PATTERN NO.12747
PASS PATTERN NO.12748
PASS PATTERN NO.12749
PASS PATTERN NO.12750
PASS PATTERN NO.12751
PASS PATTERN NO.12752
PASS PATTERN NO.12753
PASS PATTERN NO.12754
PASS PATTERN NO.12755
PASS PATTERN NO.12756
PASS PATTERN NO.12757
PASS PATTERN NO.12758
PASS PATTERN NO.12759
PASS PATTERN NO.12760
PASS PATTERN NO.12761
PASS PATTERN NO.12762
PASS PATTERN NO.12763
PASS PATTERN NO.12764
PASS PATTERN NO.12765
PASS PATTERN NO.12766
PASS PATTERN NO.12767
PASS PATTERN NO.12768
PASS PATTERN NO.12769
PASS PATTERN NO.12770
PASS PATTERN NO.12771
PASS PATTERN NO.12772
PASS PATTERN NO.12773
PASS PATTERN NO.12774
PASS PATTERN NO.12775
PASS PATTERN NO.12776
PASS PATTERN NO.12777
PASS PATTERN NO.12778
PASS PATTERN NO.12779
PASS PATTERN NO.12780
PASS PATTERN NO.12781
PASS PATTERN NO.12782
PASS PATTERN NO.12783
PASS PATTERN NO.12784
PASS PATTERN NO.12785
PASS PATTERN NO.12786
PASS PATTERN NO.12787
PASS PATTERN NO.12788
PASS PATTERN NO.12789
PASS PATTERN NO.12790
PASS PATTERN NO.12791
PASS PATTERN NO.12792
PASS PATTERN NO.12793
PASS PATTERN NO.12794
PASS PATTERN NO.12795
PASS PATTERN NO.12796
PASS PATTERN NO.12797
PASS PATTERN NO.12798
PASS PATTERN NO.12799
PASS PATTERN NO.12800
PASS PATTERN NO.12801
PASS PATTERN NO.12802
PASS PATTERN NO.12803
PASS PATTERN NO.12804
PASS PATTERN NO.12805
PASS PATTERN NO.12806
PASS PATTERN NO.12807
PASS PATTERN NO.12808
PASS PATTERN NO.12809
PASS PATTERN NO.12810
PASS PATTERN NO.12811
PASS PATTERN NO.12812
PASS PATTERN NO.12813
PASS PATTERN NO.12814
PASS PATTERN NO.12815
PASS PATTERN NO.12816
PASS PATTERN NO.12817
PASS PATTERN NO.12818
PASS PATTERN NO.12819
PASS PATTERN NO.12820
PASS PATTERN NO.12821
PASS PATTERN NO.12822
PASS PATTERN NO.12823
PASS PATTERN NO.12824
PASS PATTERN NO.12825
PASS PATTERN NO.12826
PASS PATTERN NO.12827
PASS PATTERN NO.12828
PASS PATTERN NO.12829
PASS PATTERN NO.12830
PASS PATTERN NO.12831
PASS PATTERN NO.12832
PASS PATTERN NO.12833
PASS PATTERN NO.12834
PASS PATTERN NO.12835
PASS PATTERN NO.12836
PASS PATTERN NO.12837
PASS PATTERN NO.12838
PASS PATTERN NO.12839
PASS PATTERN NO.12840
PASS PATTERN NO.12841
PASS PATTERN NO.12842
PASS PATTERN NO.12843
PASS PATTERN NO.12844
PASS PATTERN NO.12845
PASS PATTERN NO.12846
PASS PATTERN NO.12847
PASS PATTERN NO.12848
PASS PATTERN NO.12849
PASS PATTERN NO.12850
PASS PATTERN NO.12851
PASS PATTERN NO.12852
PASS PATTERN NO.12853
PASS PATTERN NO.12854
PASS PATTERN NO.12855
PASS PATTERN NO.12856
PASS PATTERN NO.12857
PASS PATTERN NO.12858
PASS PATTERN NO.12859
PASS PATTERN NO.12860
PASS PATTERN NO.12861
PASS PATTERN NO.12862
PASS PATTERN NO.12863
PASS PATTERN NO.12864
PASS PATTERN NO.12865
PASS PATTERN NO.12866
PASS PATTERN NO.12867
PASS PATTERN NO.12868
PASS PATTERN NO.12869
PASS PATTERN NO.12870
PASS PATTERN NO.12871
PASS PATTERN NO.12872
PASS PATTERN NO.12873
PASS PATTERN NO.12874
PASS PATTERN NO.12875
PASS PATTERN NO.12876
PASS PATTERN NO.12877
PASS PATTERN NO.12878
PASS PATTERN NO.12879
PASS PATTERN NO.12880
PASS PATTERN NO.12881
PASS PATTERN NO.12882
PASS PATTERN NO.12883
PASS PATTERN NO.12884
PASS PATTERN NO.12885
PASS PATTERN NO.12886
PASS PATTERN NO.12887
PASS PATTERN NO.12888
PASS PATTERN NO.12889
PASS PATTERN NO.12890
PASS PATTERN NO.12891
PASS PATTERN NO.12892
PASS PATTERN NO.12893
PASS PATTERN NO.12894
PASS PATTERN NO.12895
PASS PATTERN NO.12896
PASS PATTERN NO.12897
PASS PATTERN NO.12898
PASS PATTERN NO.12899
PASS PATTERN NO.12900
PASS PATTERN NO.12901
PASS PATTERN NO.12902
PASS PATTERN NO.12903
PASS PATTERN NO.12904
PASS PATTERN NO.12905
PASS PATTERN NO.12906
PASS PATTERN NO.12907
PASS PATTERN NO.12908
PASS PATTERN NO.12909
PASS PATTERN NO.12910
PASS PATTERN NO.12911
PASS PATTERN NO.12912
PASS PATTERN NO.12913
PASS PATTERN NO.12914
PASS PATTERN NO.12915
PASS PATTERN NO.12916
PASS PATTERN NO.12917
PASS PATTERN NO.12918
PASS PATTERN NO.12919
PASS PATTERN NO.12920
PASS PATTERN NO.12921
PASS PATTERN NO.12922
PASS PATTERN NO.12923
PASS PATTERN NO.12924
PASS PATTERN NO.12925
PASS PATTERN NO.12926
PASS PATTERN NO.12927
PASS PATTERN NO.12928
PASS PATTERN NO.12929
PASS PATTERN NO.12930
PASS PATTERN NO.12931
PASS PATTERN NO.12932
PASS PATTERN NO.12933
PASS PATTERN NO.12934
PASS PATTERN NO.12935
PASS PATTERN NO.12936
PASS PATTERN NO.12937
PASS PATTERN NO.12938
PASS PATTERN NO.12939
PASS PATTERN NO.12940
PASS PATTERN NO.12941
PASS PATTERN NO.12942
PASS PATTERN NO.12943
PASS PATTERN NO.12944
PASS PATTERN NO.12945
PASS PATTERN NO.12946
PASS PATTERN NO.12947
PASS PATTERN NO.12948
PASS PATTERN NO.12949
PASS PATTERN NO.12950
PASS PATTERN NO.12951
PASS PATTERN NO.12952
PASS PATTERN NO.12953
PASS PATTERN NO.12954
PASS PATTERN NO.12955
PASS PATTERN NO.12956
PASS PATTERN NO.12957
PASS PATTERN NO.12958
PASS PATTERN NO.12959
PASS PATTERN NO.12960
PASS PATTERN NO.12961
PASS PATTERN NO.12962
PASS PATTERN NO.12963
PASS PATTERN NO.12964
PASS PATTERN NO.12965
PASS PATTERN NO.12966
PASS PATTERN NO.12967
PASS PATTERN NO.12968
PASS PATTERN NO.12969
PASS PATTERN NO.12970
PASS PATTERN NO.12971
PASS PATTERN NO.12972
PASS PATTERN NO.12973
PASS PATTERN NO.12974
PASS PATTERN NO.12975
PASS PATTERN NO.12976
PASS PATTERN NO.12977
PASS PATTERN NO.12978
PASS PATTERN NO.12979
PASS PATTERN NO.12980
PASS PATTERN NO.12981
PASS PATTERN NO.12982
PASS PATTERN NO.12983
PASS PATTERN NO.12984
PASS PATTERN NO.12985
PASS PATTERN NO.12986
PASS PATTERN NO.12987
PASS PATTERN NO.12988
PASS PATTERN NO.12989
PASS PATTERN NO.12990
PASS PATTERN NO.12991
PASS PATTERN NO.12992
PASS PATTERN NO.12993
PASS PATTERN NO.12994
PASS PATTERN NO.12995
PASS PATTERN NO.12996
PASS PATTERN NO.12997
PASS PATTERN NO.12998
PASS PATTERN NO.12999
PASS PATTERN NO.13000
PASS PATTERN NO.13001
PASS PATTERN NO.13002
PASS PATTERN NO.13003
PASS PATTERN NO.13004
PASS PATTERN NO.13005
PASS PATTERN NO.13006
PASS PATTERN NO.13007
PASS PATTERN NO.13008
PASS PATTERN NO.13009
PASS PATTERN NO.13010
PASS PATTERN NO.13011
PASS PATTERN NO.13012
PASS PATTERN NO.13013
PASS PATTERN NO.13014
PASS PATTERN NO.13015
PASS PATTERN NO.13016
PASS PATTERN NO.13017
PASS PATTERN NO.13018
PASS PATTERN NO.13019
PASS PATTERN NO.13020
PASS PATTERN NO.13021
PASS PATTERN NO.13022
PASS PATTERN NO.13023
PASS PATTERN NO.13024
PASS PATTERN NO.13025
PASS PATTERN NO.13026
PASS PATTERN NO.13027
PASS PATTERN NO.13028
PASS PATTERN NO.13029
PASS PATTERN NO.13030
PASS PATTERN NO.13031
PASS PATTERN NO.13032
PASS PATTERN NO.13033
PASS PATTERN NO.13034
PASS PATTERN NO.13035
PASS PATTERN NO.13036
PASS PATTERN NO.13037
PASS PATTERN NO.13038
PASS PATTERN NO.13039
PASS PATTERN NO.13040
PASS PATTERN NO.13041
PASS PATTERN NO.13042
PASS PATTERN NO.13043
PASS PATTERN NO.13044
PASS PATTERN NO.13045
PASS PATTERN NO.13046
PASS PATTERN NO.13047
PASS PATTERN NO.13048
PASS PATTERN NO.13049
PASS PATTERN NO.13050
PASS PATTERN NO.13051
PASS PATTERN NO.13052
PASS PATTERN NO.13053
PASS PATTERN NO.13054
PASS PATTERN NO.13055
PASS PATTERN NO.13056
PASS PATTERN NO.13057
PASS PATTERN NO.13058
PASS PATTERN NO.13059
PASS PATTERN NO.13060
PASS PATTERN NO.13061
PASS PATTERN NO.13062
PASS PATTERN NO.13063
PASS PATTERN NO.13064
PASS PATTERN NO.13065
PASS PATTERN NO.13066
PASS PATTERN NO.13067
PASS PATTERN NO.13068
PASS PATTERN NO.13069
PASS PATTERN NO.13070
PASS PATTERN NO.13071
PASS PATTERN NO.13072
PASS PATTERN NO.13073
PASS PATTERN NO.13074
PASS PATTERN NO.13075
PASS PATTERN NO.13076
PASS PATTERN NO.13077
PASS PATTERN NO.13078
PASS PATTERN NO.13079
PASS PATTERN NO.13080
PASS PATTERN NO.13081
PASS PATTERN NO.13082
PASS PATTERN NO.13083
PASS PATTERN NO.13084
PASS PATTERN NO.13085
PASS PATTERN NO.13086
PASS PATTERN NO.13087
PASS PATTERN NO.13088
PASS PATTERN NO.13089
PASS PATTERN NO.13090
PASS PATTERN NO.13091
PASS PATTERN NO.13092
PASS PATTERN NO.13093
PASS PATTERN NO.13094
PASS PATTERN NO.13095
PASS PATTERN NO.13096
PASS PATTERN NO.13097
PASS PATTERN NO.13098
PASS PATTERN NO.13099
PASS PATTERN NO.13100
PASS PATTERN NO.13101
PASS PATTERN NO.13102
PASS PATTERN NO.13103
PASS PATTERN NO.13104
PASS PATTERN NO.13105
PASS PATTERN NO.13106
PASS PATTERN NO.13107
PASS PATTERN NO.13108
PASS PATTERN NO.13109
PASS PATTERN NO.13110
PASS PATTERN NO.13111
PASS PATTERN NO.13112
PASS PATTERN NO.13113
PASS PATTERN NO.13114
PASS PATTERN NO.13115
PASS PATTERN NO.13116
PASS PATTERN NO.13117
PASS PATTERN NO.13118
PASS PATTERN NO.13119
PASS PATTERN NO.13120
PASS PATTERN NO.13121
PASS PATTERN NO.13122
PASS PATTERN NO.13123
PASS PATTERN NO.13124
PASS PATTERN NO.13125
PASS PATTERN NO.13126
PASS PATTERN NO.13127
PASS PATTERN NO.13128
PASS PATTERN NO.13129
PASS PATTERN NO.13130
PASS PATTERN NO.13131
PASS PATTERN NO.13132
PASS PATTERN NO.13133
PASS PATTERN NO.13134
PASS PATTERN NO.13135
PASS PATTERN NO.13136
PASS PATTERN NO.13137
PASS PATTERN NO.13138
PASS PATTERN NO.13139
PASS PATTERN NO.13140
PASS PATTERN NO.13141
PASS PATTERN NO.13142
PASS PATTERN NO.13143
PASS PATTERN NO.13144
PASS PATTERN NO.13145
PASS PATTERN NO.13146
PASS PATTERN NO.13147
PASS PATTERN NO.13148
PASS PATTERN NO.13149
PASS PATTERN NO.13150
PASS PATTERN NO.13151
PASS PATTERN NO.13152
PASS PATTERN NO.13153
PASS PATTERN NO.13154
PASS PATTERN NO.13155
PASS PATTERN NO.13156
PASS PATTERN NO.13157
PASS PATTERN NO.13158
PASS PATTERN NO.13159
PASS PATTERN NO.13160
PASS PATTERN NO.13161
PASS PATTERN NO.13162
PASS PATTERN NO.13163
PASS PATTERN NO.13164
PASS PATTERN NO.13165
PASS PATTERN NO.13166
PASS PATTERN NO.13167
PASS PATTERN NO.13168
PASS PATTERN NO.13169
PASS PATTERN NO.13170
PASS PATTERN NO.13171
PASS PATTERN NO.13172
PASS PATTERN NO.13173
PASS PATTERN NO.13174
PASS PATTERN NO.13175
PASS PATTERN NO.13176
PASS PATTERN NO.13177
PASS PATTERN NO.13178
PASS PATTERN NO.13179
PASS PATTERN NO.13180
PASS PATTERN NO.13181
PASS PATTERN NO.13182
PASS PATTERN NO.13183
PASS PATTERN NO.13184
PASS PATTERN NO.13185
PASS PATTERN NO.13186
PASS PATTERN NO.13187
PASS PATTERN NO.13188
PASS PATTERN NO.13189
PASS PATTERN NO.13190
PASS PATTERN NO.13191
PASS PATTERN NO.13192
PASS PATTERN NO.13193
PASS PATTERN NO.13194
PASS PATTERN NO.13195
PASS PATTERN NO.13196
PASS PATTERN NO.13197
PASS PATTERN NO.13198
PASS PATTERN NO.13199
PASS PATTERN NO.13200
PASS PATTERN NO.13201
PASS PATTERN NO.13202
PASS PATTERN NO.13203
PASS PATTERN NO.13204
PASS PATTERN NO.13205
PASS PATTERN NO.13206
PASS PATTERN NO.13207
PASS PATTERN NO.13208
PASS PATTERN NO.13209
PASS PATTERN NO.13210
PASS PATTERN NO.13211
PASS PATTERN NO.13212
PASS PATTERN NO.13213
PASS PATTERN NO.13214
PASS PATTERN NO.13215
PASS PATTERN NO.13216
PASS PATTERN NO.13217
PASS PATTERN NO.13218
PASS PATTERN NO.13219
PASS PATTERN NO.13220
PASS PATTERN NO.13221
PASS PATTERN NO.13222
PASS PATTERN NO.13223
PASS PATTERN NO.13224
PASS PATTERN NO.13225
PASS PATTERN NO.13226
PASS PATTERN NO.13227
PASS PATTERN NO.13228
PASS PATTERN NO.13229
PASS PATTERN NO.13230
PASS PATTERN NO.13231
PASS PATTERN NO.13232
PASS PATTERN NO.13233
PASS PATTERN NO.13234
PASS PATTERN NO.13235
PASS PATTERN NO.13236
PASS PATTERN NO.13237
PASS PATTERN NO.13238
PASS PATTERN NO.13239
PASS PATTERN NO.13240
PASS PATTERN NO.13241
PASS PATTERN NO.13242
PASS PATTERN NO.13243
PASS PATTERN NO.13244
PASS PATTERN NO.13245
PASS PATTERN NO.13246
PASS PATTERN NO.13247
PASS PATTERN NO.13248
PASS PATTERN NO.13249
PASS PATTERN NO.13250
PASS PATTERN NO.13251
PASS PATTERN NO.13252
PASS PATTERN NO.13253
PASS PATTERN NO.13254
PASS PATTERN NO.13255
PASS PATTERN NO.13256
PASS PATTERN NO.13257
PASS PATTERN NO.13258
PASS PATTERN NO.13259
PASS PATTERN NO.13260
PASS PATTERN NO.13261
PASS PATTERN NO.13262
PASS PATTERN NO.13263
PASS PATTERN NO.13264
PASS PATTERN NO.13265
PASS PATTERN NO.13266
PASS PATTERN NO.13267
PASS PATTERN NO.13268
PASS PATTERN NO.13269
PASS PATTERN NO.13270
PASS PATTERN NO.13271
PASS PATTERN NO.13272
PASS PATTERN NO.13273
PASS PATTERN NO.13274
PASS PATTERN NO.13275
PASS PATTERN NO.13276
PASS PATTERN NO.13277
PASS PATTERN NO.13278
PASS PATTERN NO.13279
PASS PATTERN NO.13280
PASS PATTERN NO.13281
PASS PATTERN NO.13282
PASS PATTERN NO.13283
PASS PATTERN NO.13284
PASS PATTERN NO.13285
PASS PATTERN NO.13286
PASS PATTERN NO.13287
PASS PATTERN NO.13288
PASS PATTERN NO.13289
PASS PATTERN NO.13290
PASS PATTERN NO.13291
PASS PATTERN NO.13292
PASS PATTERN NO.13293
PASS PATTERN NO.13294
PASS PATTERN NO.13295
PASS PATTERN NO.13296
PASS PATTERN NO.13297
PASS PATTERN NO.13298
PASS PATTERN NO.13299
PASS PATTERN NO.13300
PASS PATTERN NO.13301
PASS PATTERN NO.13302
PASS PATTERN NO.13303
PASS PATTERN NO.13304
PASS PATTERN NO.13305
PASS PATTERN NO.13306
PASS PATTERN NO.13307
PASS PATTERN NO.13308
PASS PATTERN NO.13309
PASS PATTERN NO.13310
PASS PATTERN NO.13311
PASS PATTERN NO.13312
PASS PATTERN NO.13313
PASS PATTERN NO.13314
PASS PATTERN NO.13315
PASS PATTERN NO.13316
PASS PATTERN NO.13317
PASS PATTERN NO.13318
PASS PATTERN NO.13319
PASS PATTERN NO.13320
PASS PATTERN NO.13321
PASS PATTERN NO.13322
PASS PATTERN NO.13323
PASS PATTERN NO.13324
PASS PATTERN NO.13325
PASS PATTERN NO.13326
PASS PATTERN NO.13327
PASS PATTERN NO.13328
PASS PATTERN NO.13329
PASS PATTERN NO.13330
PASS PATTERN NO.13331
PASS PATTERN NO.13332
PASS PATTERN NO.13333
PASS PATTERN NO.13334
PASS PATTERN NO.13335
PASS PATTERN NO.13336
PASS PATTERN NO.13337
PASS PATTERN NO.13338
PASS PATTERN NO.13339
PASS PATTERN NO.13340
PASS PATTERN NO.13341
PASS PATTERN NO.13342
PASS PATTERN NO.13343
PASS PATTERN NO.13344
PASS PATTERN NO.13345
PASS PATTERN NO.13346
PASS PATTERN NO.13347
PASS PATTERN NO.13348
PASS PATTERN NO.13349
PASS PATTERN NO.13350
PASS PATTERN NO.13351
PASS PATTERN NO.13352
PASS PATTERN NO.13353
PASS PATTERN NO.13354
PASS PATTERN NO.13355
PASS PATTERN NO.13356
PASS PATTERN NO.13357
PASS PATTERN NO.13358
PASS PATTERN NO.13359
PASS PATTERN NO.13360
PASS PATTERN NO.13361
PASS PATTERN NO.13362
PASS PATTERN NO.13363
PASS PATTERN NO.13364
PASS PATTERN NO.13365
PASS PATTERN NO.13366
PASS PATTERN NO.13367
PASS PATTERN NO.13368
PASS PATTERN NO.13369
PASS PATTERN NO.13370
PASS PATTERN NO.13371
PASS PATTERN NO.13372
PASS PATTERN NO.13373
PASS PATTERN NO.13374
PASS PATTERN NO.13375
PASS PATTERN NO.13376
PASS PATTERN NO.13377
PASS PATTERN NO.13378
PASS PATTERN NO.13379
PASS PATTERN NO.13380
PASS PATTERN NO.13381
PASS PATTERN NO.13382
PASS PATTERN NO.13383
PASS PATTERN NO.13384
PASS PATTERN NO.13385
PASS PATTERN NO.13386
PASS PATTERN NO.13387
PASS PATTERN NO.13388
PASS PATTERN NO.13389
PASS PATTERN NO.13390
PASS PATTERN NO.13391
PASS PATTERN NO.13392
PASS PATTERN NO.13393
PASS PATTERN NO.13394
PASS PATTERN NO.13395
PASS PATTERN NO.13396
PASS PATTERN NO.13397
PASS PATTERN NO.13398
PASS PATTERN NO.13399
PASS PATTERN NO.13400
PASS PATTERN NO.13401
PASS PATTERN NO.13402
PASS PATTERN NO.13403
PASS PATTERN NO.13404
PASS PATTERN NO.13405
PASS PATTERN NO.13406
PASS PATTERN NO.13407
PASS PATTERN NO.13408
PASS PATTERN NO.13409
PASS PATTERN NO.13410
PASS PATTERN NO.13411
PASS PATTERN NO.13412
PASS PATTERN NO.13413
PASS PATTERN NO.13414
PASS PATTERN NO.13415
PASS PATTERN NO.13416
PASS PATTERN NO.13417
PASS PATTERN NO.13418
PASS PATTERN NO.13419
PASS PATTERN NO.13420
PASS PATTERN NO.13421
PASS PATTERN NO.13422
PASS PATTERN NO.13423
PASS PATTERN NO.13424
PASS PATTERN NO.13425
PASS PATTERN NO.13426
PASS PATTERN NO.13427
PASS PATTERN NO.13428
PASS PATTERN NO.13429
PASS PATTERN NO.13430
PASS PATTERN NO.13431
PASS PATTERN NO.13432
PASS PATTERN NO.13433
PASS PATTERN NO.13434
PASS PATTERN NO.13435
PASS PATTERN NO.13436
PASS PATTERN NO.13437
PASS PATTERN NO.13438
PASS PATTERN NO.13439
PASS PATTERN NO.13440
PASS PATTERN NO.13441
PASS PATTERN NO.13442
PASS PATTERN NO.13443
PASS PATTERN NO.13444
PASS PATTERN NO.13445
PASS PATTERN NO.13446
PASS PATTERN NO.13447
PASS PATTERN NO.13448
PASS PATTERN NO.13449
PASS PATTERN NO.13450
PASS PATTERN NO.13451
PASS PATTERN NO.13452
PASS PATTERN NO.13453
PASS PATTERN NO.13454
PASS PATTERN NO.13455
PASS PATTERN NO.13456
PASS PATTERN NO.13457
PASS PATTERN NO.13458
PASS PATTERN NO.13459
PASS PATTERN NO.13460
PASS PATTERN NO.13461
PASS PATTERN NO.13462
PASS PATTERN NO.13463
PASS PATTERN NO.13464
PASS PATTERN NO.13465
PASS PATTERN NO.13466
PASS PATTERN NO.13467
PASS PATTERN NO.13468
PASS PATTERN NO.13469
PASS PATTERN NO.13470
PASS PATTERN NO.13471
PASS PATTERN NO.13472
PASS PATTERN NO.13473
PASS PATTERN NO.13474
PASS PATTERN NO.13475
PASS PATTERN NO.13476
PASS PATTERN NO.13477
PASS PATTERN NO.13478
PASS PATTERN NO.13479
PASS PATTERN NO.13480
PASS PATTERN NO.13481
PASS PATTERN NO.13482
PASS PATTERN NO.13483
PASS PATTERN NO.13484
PASS PATTERN NO.13485
PASS PATTERN NO.13486
PASS PATTERN NO.13487
PASS PATTERN NO.13488
PASS PATTERN NO.13489
PASS PATTERN NO.13490
PASS PATTERN NO.13491
PASS PATTERN NO.13492
PASS PATTERN NO.13493
PASS PATTERN NO.13494
PASS PATTERN NO.13495
PASS PATTERN NO.13496
PASS PATTERN NO.13497
PASS PATTERN NO.13498
PASS PATTERN NO.13499
PASS PATTERN NO.13500
PASS PATTERN NO.13501
PASS PATTERN NO.13502
PASS PATTERN NO.13503
PASS PATTERN NO.13504
PASS PATTERN NO.13505
PASS PATTERN NO.13506
PASS PATTERN NO.13507
PASS PATTERN NO.13508
PASS PATTERN NO.13509
PASS PATTERN NO.13510
PASS PATTERN NO.13511
PASS PATTERN NO.13512
PASS PATTERN NO.13513
PASS PATTERN NO.13514
PASS PATTERN NO.13515
PASS PATTERN NO.13516
PASS PATTERN NO.13517
PASS PATTERN NO.13518
PASS PATTERN NO.13519
PASS PATTERN NO.13520
PASS PATTERN NO.13521
PASS PATTERN NO.13522
PASS PATTERN NO.13523
PASS PATTERN NO.13524
PASS PATTERN NO.13525
PASS PATTERN NO.13526
PASS PATTERN NO.13527
PASS PATTERN NO.13528
PASS PATTERN NO.13529
PASS PATTERN NO.13530
PASS PATTERN NO.13531
PASS PATTERN NO.13532
PASS PATTERN NO.13533
PASS PATTERN NO.13534
PASS PATTERN NO.13535
PASS PATTERN NO.13536
PASS PATTERN NO.13537
PASS PATTERN NO.13538
PASS PATTERN NO.13539
PASS PATTERN NO.13540
PASS PATTERN NO.13541
PASS PATTERN NO.13542
PASS PATTERN NO.13543
PASS PATTERN NO.13544
PASS PATTERN NO.13545
PASS PATTERN NO.13546
PASS PATTERN NO.13547
PASS PATTERN NO.13548
PASS PATTERN NO.13549
PASS PATTERN NO.13550
PASS PATTERN NO.13551
PASS PATTERN NO.13552
PASS PATTERN NO.13553
PASS PATTERN NO.13554
PASS PATTERN NO.13555
PASS PATTERN NO.13556
PASS PATTERN NO.13557
PASS PATTERN NO.13558
PASS PATTERN NO.13559
PASS PATTERN NO.13560
PASS PATTERN NO.13561
PASS PATTERN NO.13562
PASS PATTERN NO.13563
PASS PATTERN NO.13564
PASS PATTERN NO.13565
PASS PATTERN NO.13566
PASS PATTERN NO.13567
PASS PATTERN NO.13568
PASS PATTERN NO.13569
PASS PATTERN NO.13570
PASS PATTERN NO.13571
PASS PATTERN NO.13572
PASS PATTERN NO.13573
PASS PATTERN NO.13574
PASS PATTERN NO.13575
PASS PATTERN NO.13576
PASS PATTERN NO.13577
PASS PATTERN NO.13578
PASS PATTERN NO.13579
PASS PATTERN NO.13580
PASS PATTERN NO.13581
PASS PATTERN NO.13582
PASS PATTERN NO.13583
PASS PATTERN NO.13584
PASS PATTERN NO.13585
PASS PATTERN NO.13586
PASS PATTERN NO.13587
PASS PATTERN NO.13588
PASS PATTERN NO.13589
PASS PATTERN NO.13590
PASS PATTERN NO.13591
PASS PATTERN NO.13592
PASS PATTERN NO.13593
PASS PATTERN NO.13594
PASS PATTERN NO.13595
PASS PATTERN NO.13596
PASS PATTERN NO.13597
PASS PATTERN NO.13598
PASS PATTERN NO.13599
PASS PATTERN NO.13600
PASS PATTERN NO.13601
PASS PATTERN NO.13602
PASS PATTERN NO.13603
PASS PATTERN NO.13604
PASS PATTERN NO.13605
PASS PATTERN NO.13606
PASS PATTERN NO.13607
PASS PATTERN NO.13608
PASS PATTERN NO.13609
PASS PATTERN NO.13610
PASS PATTERN NO.13611
PASS PATTERN NO.13612
PASS PATTERN NO.13613
PASS PATTERN NO.13614
PASS PATTERN NO.13615
PASS PATTERN NO.13616
PASS PATTERN NO.13617
PASS PATTERN NO.13618
PASS PATTERN NO.13619
PASS PATTERN NO.13620
PASS PATTERN NO.13621
PASS PATTERN NO.13622
PASS PATTERN NO.13623
PASS PATTERN NO.13624
PASS PATTERN NO.13625
PASS PATTERN NO.13626
PASS PATTERN NO.13627
PASS PATTERN NO.13628
PASS PATTERN NO.13629
PASS PATTERN NO.13630
PASS PATTERN NO.13631
PASS PATTERN NO.13632
PASS PATTERN NO.13633
PASS PATTERN NO.13634
PASS PATTERN NO.13635
PASS PATTERN NO.13636
PASS PATTERN NO.13637
PASS PATTERN NO.13638
PASS PATTERN NO.13639
PASS PATTERN NO.13640
PASS PATTERN NO.13641
PASS PATTERN NO.13642
PASS PATTERN NO.13643
PASS PATTERN NO.13644
PASS PATTERN NO.13645
PASS PATTERN NO.13646
PASS PATTERN NO.13647
PASS PATTERN NO.13648
PASS PATTERN NO.13649
PASS PATTERN NO.13650
PASS PATTERN NO.13651
PASS PATTERN NO.13652
PASS PATTERN NO.13653
PASS PATTERN NO.13654
PASS PATTERN NO.13655
PASS PATTERN NO.13656
PASS PATTERN NO.13657
PASS PATTERN NO.13658
PASS PATTERN NO.13659
PASS PATTERN NO.13660
PASS PATTERN NO.13661
PASS PATTERN NO.13662
PASS PATTERN NO.13663
PASS PATTERN NO.13664
PASS PATTERN NO.13665
PASS PATTERN NO.13666
PASS PATTERN NO.13667
PASS PATTERN NO.13668
PASS PATTERN NO.13669
PASS PATTERN NO.13670
PASS PATTERN NO.13671
PASS PATTERN NO.13672
PASS PATTERN NO.13673
PASS PATTERN NO.13674
PASS PATTERN NO.13675
PASS PATTERN NO.13676
PASS PATTERN NO.13677
PASS PATTERN NO.13678
PASS PATTERN NO.13679
PASS PATTERN NO.13680
PASS PATTERN NO.13681
PASS PATTERN NO.13682
PASS PATTERN NO.13683
PASS PATTERN NO.13684
PASS PATTERN NO.13685
PASS PATTERN NO.13686
PASS PATTERN NO.13687
PASS PATTERN NO.13688
PASS PATTERN NO.13689
PASS PATTERN NO.13690
PASS PATTERN NO.13691
PASS PATTERN NO.13692
PASS PATTERN NO.13693
PASS PATTERN NO.13694
PASS PATTERN NO.13695
PASS PATTERN NO.13696
PASS PATTERN NO.13697
PASS PATTERN NO.13698
PASS PATTERN NO.13699
PASS PATTERN NO.13700
PASS PATTERN NO.13701
PASS PATTERN NO.13702
PASS PATTERN NO.13703
PASS PATTERN NO.13704
PASS PATTERN NO.13705
PASS PATTERN NO.13706
PASS PATTERN NO.13707
PASS PATTERN NO.13708
PASS PATTERN NO.13709
PASS PATTERN NO.13710
PASS PATTERN NO.13711
PASS PATTERN NO.13712
PASS PATTERN NO.13713
PASS PATTERN NO.13714
PASS PATTERN NO.13715
PASS PATTERN NO.13716
PASS PATTERN NO.13717
PASS PATTERN NO.13718
PASS PATTERN NO.13719
PASS PATTERN NO.13720
PASS PATTERN NO.13721
PASS PATTERN NO.13722
PASS PATTERN NO.13723
PASS PATTERN NO.13724
PASS PATTERN NO.13725
PASS PATTERN NO.13726
PASS PATTERN NO.13727
PASS PATTERN NO.13728
PASS PATTERN NO.13729
PASS PATTERN NO.13730
PASS PATTERN NO.13731
PASS PATTERN NO.13732
PASS PATTERN NO.13733
PASS PATTERN NO.13734
PASS PATTERN NO.13735
PASS PATTERN NO.13736
PASS PATTERN NO.13737
PASS PATTERN NO.13738
PASS PATTERN NO.13739
PASS PATTERN NO.13740
PASS PATTERN NO.13741
PASS PATTERN NO.13742
PASS PATTERN NO.13743
PASS PATTERN NO.13744
PASS PATTERN NO.13745
PASS PATTERN NO.13746
PASS PATTERN NO.13747
PASS PATTERN NO.13748
PASS PATTERN NO.13749
PASS PATTERN NO.13750
PASS PATTERN NO.13751
PASS PATTERN NO.13752
PASS PATTERN NO.13753
PASS PATTERN NO.13754
PASS PATTERN NO.13755
PASS PATTERN NO.13756
PASS PATTERN NO.13757
PASS PATTERN NO.13758
PASS PATTERN NO.13759
PASS PATTERN NO.13760
PASS PATTERN NO.13761
PASS PATTERN NO.13762
PASS PATTERN NO.13763
PASS PATTERN NO.13764
PASS PATTERN NO.13765
PASS PATTERN NO.13766
PASS PATTERN NO.13767
PASS PATTERN NO.13768
PASS PATTERN NO.13769
PASS PATTERN NO.13770
PASS PATTERN NO.13771
PASS PATTERN NO.13772
PASS PATTERN NO.13773
PASS PATTERN NO.13774
PASS PATTERN NO.13775
PASS PATTERN NO.13776
PASS PATTERN NO.13777
PASS PATTERN NO.13778
PASS PATTERN NO.13779
PASS PATTERN NO.13780
PASS PATTERN NO.13781
PASS PATTERN NO.13782
PASS PATTERN NO.13783
PASS PATTERN NO.13784
PASS PATTERN NO.13785
PASS PATTERN NO.13786
PASS PATTERN NO.13787
PASS PATTERN NO.13788
PASS PATTERN NO.13789
PASS PATTERN NO.13790
PASS PATTERN NO.13791
PASS PATTERN NO.13792
PASS PATTERN NO.13793
PASS PATTERN NO.13794
PASS PATTERN NO.13795
PASS PATTERN NO.13796
PASS PATTERN NO.13797
PASS PATTERN NO.13798
PASS PATTERN NO.13799
PASS PATTERN NO.13800
PASS PATTERN NO.13801
PASS PATTERN NO.13802
PASS PATTERN NO.13803
PASS PATTERN NO.13804
PASS PATTERN NO.13805
PASS PATTERN NO.13806
PASS PATTERN NO.13807
PASS PATTERN NO.13808
PASS PATTERN NO.13809
PASS PATTERN NO.13810
PASS PATTERN NO.13811
PASS PATTERN NO.13812
PASS PATTERN NO.13813
PASS PATTERN NO.13814
PASS PATTERN NO.13815
PASS PATTERN NO.13816
PASS PATTERN NO.13817
PASS PATTERN NO.13818
PASS PATTERN NO.13819
PASS PATTERN NO.13820
PASS PATTERN NO.13821
PASS PATTERN NO.13822
PASS PATTERN NO.13823
PASS PATTERN NO.13824
PASS PATTERN NO.13825
PASS PATTERN NO.13826
PASS PATTERN NO.13827
PASS PATTERN NO.13828
PASS PATTERN NO.13829
PASS PATTERN NO.13830
PASS PATTERN NO.13831
PASS PATTERN NO.13832
PASS PATTERN NO.13833
PASS PATTERN NO.13834
PASS PATTERN NO.13835
PASS PATTERN NO.13836
PASS PATTERN NO.13837
PASS PATTERN NO.13838
PASS PATTERN NO.13839
PASS PATTERN NO.13840
PASS PATTERN NO.13841
PASS PATTERN NO.13842
PASS PATTERN NO.13843
PASS PATTERN NO.13844
PASS PATTERN NO.13845
PASS PATTERN NO.13846
PASS PATTERN NO.13847
PASS PATTERN NO.13848
PASS PATTERN NO.13849
PASS PATTERN NO.13850
PASS PATTERN NO.13851
PASS PATTERN NO.13852
PASS PATTERN NO.13853
PASS PATTERN NO.13854
PASS PATTERN NO.13855
PASS PATTERN NO.13856
PASS PATTERN NO.13857
PASS PATTERN NO.13858
PASS PATTERN NO.13859
PASS PATTERN NO.13860
PASS PATTERN NO.13861
PASS PATTERN NO.13862
PASS PATTERN NO.13863
PASS PATTERN NO.13864
PASS PATTERN NO.13865
PASS PATTERN NO.13866
PASS PATTERN NO.13867
PASS PATTERN NO.13868
PASS PATTERN NO.13869
PASS PATTERN NO.13870
PASS PATTERN NO.13871
PASS PATTERN NO.13872
PASS PATTERN NO.13873
PASS PATTERN NO.13874
PASS PATTERN NO.13875
PASS PATTERN NO.13876
PASS PATTERN NO.13877
PASS PATTERN NO.13878
PASS PATTERN NO.13879
PASS PATTERN NO.13880
PASS PATTERN NO.13881
PASS PATTERN NO.13882
PASS PATTERN NO.13883
PASS PATTERN NO.13884
PASS PATTERN NO.13885
PASS PATTERN NO.13886
PASS PATTERN NO.13887
PASS PATTERN NO.13888
PASS PATTERN NO.13889
PASS PATTERN NO.13890
PASS PATTERN NO.13891
PASS PATTERN NO.13892
PASS PATTERN NO.13893
PASS PATTERN NO.13894
PASS PATTERN NO.13895
PASS PATTERN NO.13896
PASS PATTERN NO.13897
PASS PATTERN NO.13898
PASS PATTERN NO.13899
PASS PATTERN NO.13900
PASS PATTERN NO.13901
PASS PATTERN NO.13902
PASS PATTERN NO.13903
PASS PATTERN NO.13904
PASS PATTERN NO.13905
PASS PATTERN NO.13906
PASS PATTERN NO.13907
PASS PATTERN NO.13908
PASS PATTERN NO.13909
PASS PATTERN NO.13910
PASS PATTERN NO.13911
PASS PATTERN NO.13912
PASS PATTERN NO.13913
PASS PATTERN NO.13914
PASS PATTERN NO.13915
PASS PATTERN NO.13916
PASS PATTERN NO.13917
PASS PATTERN NO.13918
PASS PATTERN NO.13919
PASS PATTERN NO.13920
PASS PATTERN NO.13921
PASS PATTERN NO.13922
PASS PATTERN NO.13923
PASS PATTERN NO.13924
PASS PATTERN NO.13925
PASS PATTERN NO.13926
PASS PATTERN NO.13927
PASS PATTERN NO.13928
PASS PATTERN NO.13929
PASS PATTERN NO.13930
PASS PATTERN NO.13931
PASS PATTERN NO.13932
PASS PATTERN NO.13933
PASS PATTERN NO.13934
PASS PATTERN NO.13935
PASS PATTERN NO.13936
PASS PATTERN NO.13937
PASS PATTERN NO.13938
PASS PATTERN NO.13939
PASS PATTERN NO.13940
PASS PATTERN NO.13941
PASS PATTERN NO.13942
PASS PATTERN NO.13943
PASS PATTERN NO.13944
PASS PATTERN NO.13945
PASS PATTERN NO.13946
PASS PATTERN NO.13947
PASS PATTERN NO.13948
PASS PATTERN NO.13949
PASS PATTERN NO.13950
PASS PATTERN NO.13951
PASS PATTERN NO.13952
PASS PATTERN NO.13953
PASS PATTERN NO.13954
PASS PATTERN NO.13955
PASS PATTERN NO.13956
PASS PATTERN NO.13957
PASS PATTERN NO.13958
PASS PATTERN NO.13959
PASS PATTERN NO.13960
PASS PATTERN NO.13961
PASS PATTERN NO.13962
PASS PATTERN NO.13963
PASS PATTERN NO.13964
PASS PATTERN NO.13965
PASS PATTERN NO.13966
PASS PATTERN NO.13967
PASS PATTERN NO.13968
PASS PATTERN NO.13969
PASS PATTERN NO.13970
PASS PATTERN NO.13971
PASS PATTERN NO.13972
PASS PATTERN NO.13973
PASS PATTERN NO.13974
PASS PATTERN NO.13975
PASS PATTERN NO.13976
PASS PATTERN NO.13977
PASS PATTERN NO.13978
PASS PATTERN NO.13979
PASS PATTERN NO.13980
PASS PATTERN NO.13981
PASS PATTERN NO.13982
PASS PATTERN NO.13983
PASS PATTERN NO.13984
PASS PATTERN NO.13985
PASS PATTERN NO.13986
PASS PATTERN NO.13987
PASS PATTERN NO.13988
PASS PATTERN NO.13989
PASS PATTERN NO.13990
PASS PATTERN NO.13991
PASS PATTERN NO.13992
PASS PATTERN NO.13993
PASS PATTERN NO.13994
PASS PATTERN NO.13995
PASS PATTERN NO.13996
PASS PATTERN NO.13997
PASS PATTERN NO.13998
PASS PATTERN NO.13999
PASS PATTERN NO.14000
PASS PATTERN NO.14001
PASS PATTERN NO.14002
PASS PATTERN NO.14003
PASS PATTERN NO.14004
PASS PATTERN NO.14005
PASS PATTERN NO.14006
PASS PATTERN NO.14007
PASS PATTERN NO.14008
PASS PATTERN NO.14009
PASS PATTERN NO.14010
PASS PATTERN NO.14011
PASS PATTERN NO.14012
PASS PATTERN NO.14013
PASS PATTERN NO.14014
PASS PATTERN NO.14015
PASS PATTERN NO.14016
PASS PATTERN NO.14017
PASS PATTERN NO.14018
PASS PATTERN NO.14019
PASS PATTERN NO.14020
PASS PATTERN NO.14021
PASS PATTERN NO.14022
PASS PATTERN NO.14023
PASS PATTERN NO.14024
PASS PATTERN NO.14025
PASS PATTERN NO.14026
PASS PATTERN NO.14027
PASS PATTERN NO.14028
PASS PATTERN NO.14029
PASS PATTERN NO.14030
PASS PATTERN NO.14031
PASS PATTERN NO.14032
PASS PATTERN NO.14033
PASS PATTERN NO.14034
PASS PATTERN NO.14035
PASS PATTERN NO.14036
PASS PATTERN NO.14037
PASS PATTERN NO.14038
PASS PATTERN NO.14039
PASS PATTERN NO.14040
PASS PATTERN NO.14041
PASS PATTERN NO.14042
PASS PATTERN NO.14043
PASS PATTERN NO.14044
PASS PATTERN NO.14045
PASS PATTERN NO.14046
PASS PATTERN NO.14047
PASS PATTERN NO.14048
PASS PATTERN NO.14049
PASS PATTERN NO.14050
PASS PATTERN NO.14051
PASS PATTERN NO.14052
PASS PATTERN NO.14053
PASS PATTERN NO.14054
PASS PATTERN NO.14055
PASS PATTERN NO.14056
PASS PATTERN NO.14057
PASS PATTERN NO.14058
PASS PATTERN NO.14059
PASS PATTERN NO.14060
PASS PATTERN NO.14061
PASS PATTERN NO.14062
PASS PATTERN NO.14063
PASS PATTERN NO.14064
PASS PATTERN NO.14065
PASS PATTERN NO.14066
PASS PATTERN NO.14067
PASS PATTERN NO.14068
PASS PATTERN NO.14069
PASS PATTERN NO.14070
PASS PATTERN NO.14071
PASS PATTERN NO.14072
PASS PATTERN NO.14073
PASS PATTERN NO.14074
PASS PATTERN NO.14075
PASS PATTERN NO.14076
PASS PATTERN NO.14077
PASS PATTERN NO.14078
PASS PATTERN NO.14079
PASS PATTERN NO.14080
PASS PATTERN NO.14081
PASS PATTERN NO.14082
PASS PATTERN NO.14083
PASS PATTERN NO.14084
PASS PATTERN NO.14085
PASS PATTERN NO.14086
PASS PATTERN NO.14087
PASS PATTERN NO.14088
PASS PATTERN NO.14089
PASS PATTERN NO.14090
PASS PATTERN NO.14091
PASS PATTERN NO.14092
PASS PATTERN NO.14093
PASS PATTERN NO.14094
PASS PATTERN NO.14095
PASS PATTERN NO.14096
PASS PATTERN NO.14097
PASS PATTERN NO.14098
PASS PATTERN NO.14099
PASS PATTERN NO.14100
PASS PATTERN NO.14101
PASS PATTERN NO.14102
PASS PATTERN NO.14103
PASS PATTERN NO.14104
PASS PATTERN NO.14105
PASS PATTERN NO.14106
PASS PATTERN NO.14107
PASS PATTERN NO.14108
PASS PATTERN NO.14109
PASS PATTERN NO.14110
PASS PATTERN NO.14111
PASS PATTERN NO.14112
PASS PATTERN NO.14113
PASS PATTERN NO.14114
PASS PATTERN NO.14115
PASS PATTERN NO.14116
PASS PATTERN NO.14117
PASS PATTERN NO.14118
PASS PATTERN NO.14119
PASS PATTERN NO.14120
PASS PATTERN NO.14121
PASS PATTERN NO.14122
PASS PATTERN NO.14123
PASS PATTERN NO.14124
PASS PATTERN NO.14125
PASS PATTERN NO.14126
PASS PATTERN NO.14127
PASS PATTERN NO.14128
PASS PATTERN NO.14129
PASS PATTERN NO.14130
PASS PATTERN NO.14131
PASS PATTERN NO.14132
PASS PATTERN NO.14133
PASS PATTERN NO.14134
PASS PATTERN NO.14135
PASS PATTERN NO.14136
PASS PATTERN NO.14137
PASS PATTERN NO.14138
PASS PATTERN NO.14139
PASS PATTERN NO.14140
PASS PATTERN NO.14141
PASS PATTERN NO.14142
PASS PATTERN NO.14143
PASS PATTERN NO.14144
PASS PATTERN NO.14145
PASS PATTERN NO.14146
PASS PATTERN NO.14147
PASS PATTERN NO.14148
PASS PATTERN NO.14149
PASS PATTERN NO.14150
PASS PATTERN NO.14151
PASS PATTERN NO.14152
PASS PATTERN NO.14153
PASS PATTERN NO.14154
PASS PATTERN NO.14155
PASS PATTERN NO.14156
PASS PATTERN NO.14157
PASS PATTERN NO.14158
PASS PATTERN NO.14159
PASS PATTERN NO.14160
PASS PATTERN NO.14161
PASS PATTERN NO.14162
PASS PATTERN NO.14163
PASS PATTERN NO.14164
PASS PATTERN NO.14165
PASS PATTERN NO.14166
PASS PATTERN NO.14167
PASS PATTERN NO.14168
PASS PATTERN NO.14169
PASS PATTERN NO.14170
PASS PATTERN NO.14171
PASS PATTERN NO.14172
PASS PATTERN NO.14173
PASS PATTERN NO.14174
PASS PATTERN NO.14175
PASS PATTERN NO.14176
PASS PATTERN NO.14177
PASS PATTERN NO.14178
PASS PATTERN NO.14179
PASS PATTERN NO.14180
PASS PATTERN NO.14181
PASS PATTERN NO.14182
PASS PATTERN NO.14183
PASS PATTERN NO.14184
PASS PATTERN NO.14185
PASS PATTERN NO.14186
PASS PATTERN NO.14187
PASS PATTERN NO.14188
PASS PATTERN NO.14189
PASS PATTERN NO.14190
PASS PATTERN NO.14191
PASS PATTERN NO.14192
PASS PATTERN NO.14193
PASS PATTERN NO.14194
PASS PATTERN NO.14195
PASS PATTERN NO.14196
PASS PATTERN NO.14197
PASS PATTERN NO.14198
PASS PATTERN NO.14199
PASS PATTERN NO.14200
PASS PATTERN NO.14201
PASS PATTERN NO.14202
PASS PATTERN NO.14203
PASS PATTERN NO.14204
PASS PATTERN NO.14205
PASS PATTERN NO.14206
PASS PATTERN NO.14207
PASS PATTERN NO.14208
PASS PATTERN NO.14209
PASS PATTERN NO.14210
PASS PATTERN NO.14211
PASS PATTERN NO.14212
PASS PATTERN NO.14213
PASS PATTERN NO.14214
PASS PATTERN NO.14215
PASS PATTERN NO.14216
PASS PATTERN NO.14217
PASS PATTERN NO.14218
PASS PATTERN NO.14219
PASS PATTERN NO.14220
PASS PATTERN NO.14221
PASS PATTERN NO.14222
PASS PATTERN NO.14223
PASS PATTERN NO.14224
PASS PATTERN NO.14225
PASS PATTERN NO.14226
PASS PATTERN NO.14227
PASS PATTERN NO.14228
PASS PATTERN NO.14229
PASS PATTERN NO.14230
PASS PATTERN NO.14231
PASS PATTERN NO.14232
PASS PATTERN NO.14233
PASS PATTERN NO.14234
PASS PATTERN NO.14235
PASS PATTERN NO.14236
PASS PATTERN NO.14237
PASS PATTERN NO.14238
PASS PATTERN NO.14239
PASS PATTERN NO.14240
PASS PATTERN NO.14241
PASS PATTERN NO.14242
PASS PATTERN NO.14243
PASS PATTERN NO.14244
PASS PATTERN NO.14245
PASS PATTERN NO.14246
PASS PATTERN NO.14247
PASS PATTERN NO.14248
PASS PATTERN NO.14249
PASS PATTERN NO.14250
PASS PATTERN NO.14251
PASS PATTERN NO.14252
PASS PATTERN NO.14253
PASS PATTERN NO.14254
PASS PATTERN NO.14255
PASS PATTERN NO.14256
PASS PATTERN NO.14257
PASS PATTERN NO.14258
PASS PATTERN NO.14259
PASS PATTERN NO.14260
PASS PATTERN NO.14261
PASS PATTERN NO.14262
PASS PATTERN NO.14263
PASS PATTERN NO.14264
PASS PATTERN NO.14265
PASS PATTERN NO.14266
PASS PATTERN NO.14267
PASS PATTERN NO.14268
PASS PATTERN NO.14269
PASS PATTERN NO.14270
PASS PATTERN NO.14271
PASS PATTERN NO.14272
PASS PATTERN NO.14273
PASS PATTERN NO.14274
PASS PATTERN NO.14275
PASS PATTERN NO.14276
PASS PATTERN NO.14277
PASS PATTERN NO.14278
PASS PATTERN NO.14279
PASS PATTERN NO.14280
PASS PATTERN NO.14281
PASS PATTERN NO.14282
PASS PATTERN NO.14283
PASS PATTERN NO.14284
PASS PATTERN NO.14285
PASS PATTERN NO.14286
PASS PATTERN NO.14287
PASS PATTERN NO.14288
PASS PATTERN NO.14289
PASS PATTERN NO.14290
PASS PATTERN NO.14291
PASS PATTERN NO.14292
PASS PATTERN NO.14293
PASS PATTERN NO.14294
PASS PATTERN NO.14295
PASS PATTERN NO.14296
PASS PATTERN NO.14297
PASS PATTERN NO.14298
PASS PATTERN NO.14299
PASS PATTERN NO.14300
PASS PATTERN NO.14301
PASS PATTERN NO.14302
PASS PATTERN NO.14303
PASS PATTERN NO.14304
PASS PATTERN NO.14305
PASS PATTERN NO.14306
PASS PATTERN NO.14307
PASS PATTERN NO.14308
PASS PATTERN NO.14309
PASS PATTERN NO.14310
PASS PATTERN NO.14311
PASS PATTERN NO.14312
PASS PATTERN NO.14313
PASS PATTERN NO.14314
PASS PATTERN NO.14315
PASS PATTERN NO.14316
PASS PATTERN NO.14317
PASS PATTERN NO.14318
PASS PATTERN NO.14319
PASS PATTERN NO.14320
PASS PATTERN NO.14321
PASS PATTERN NO.14322
PASS PATTERN NO.14323
PASS PATTERN NO.14324
PASS PATTERN NO.14325
PASS PATTERN NO.14326
PASS PATTERN NO.14327
PASS PATTERN NO.14328
PASS PATTERN NO.14329
PASS PATTERN NO.14330
PASS PATTERN NO.14331
PASS PATTERN NO.14332
PASS PATTERN NO.14333
PASS PATTERN NO.14334
PASS PATTERN NO.14335
PASS PATTERN NO.14336
PASS PATTERN NO.14337
PASS PATTERN NO.14338
PASS PATTERN NO.14339
PASS PATTERN NO.14340
PASS PATTERN NO.14341
PASS PATTERN NO.14342
PASS PATTERN NO.14343
PASS PATTERN NO.14344
PASS PATTERN NO.14345
PASS PATTERN NO.14346
PASS PATTERN NO.14347
PASS PATTERN NO.14348
PASS PATTERN NO.14349
PASS PATTERN NO.14350
PASS PATTERN NO.14351
PASS PATTERN NO.14352
PASS PATTERN NO.14353
PASS PATTERN NO.14354
PASS PATTERN NO.14355
PASS PATTERN NO.14356
PASS PATTERN NO.14357
PASS PATTERN NO.14358
PASS PATTERN NO.14359
PASS PATTERN NO.14360
PASS PATTERN NO.14361
PASS PATTERN NO.14362
PASS PATTERN NO.14363
PASS PATTERN NO.14364
PASS PATTERN NO.14365
PASS PATTERN NO.14366
PASS PATTERN NO.14367
PASS PATTERN NO.14368
PASS PATTERN NO.14369
PASS PATTERN NO.14370
PASS PATTERN NO.14371
PASS PATTERN NO.14372
PASS PATTERN NO.14373
PASS PATTERN NO.14374
PASS PATTERN NO.14375
PASS PATTERN NO.14376
PASS PATTERN NO.14377
PASS PATTERN NO.14378
PASS PATTERN NO.14379
PASS PATTERN NO.14380
PASS PATTERN NO.14381
PASS PATTERN NO.14382
PASS PATTERN NO.14383
PASS PATTERN NO.14384
PASS PATTERN NO.14385
PASS PATTERN NO.14386
PASS PATTERN NO.14387
PASS PATTERN NO.14388
PASS PATTERN NO.14389
PASS PATTERN NO.14390
PASS PATTERN NO.14391
PASS PATTERN NO.14392
PASS PATTERN NO.14393
PASS PATTERN NO.14394
PASS PATTERN NO.14395
PASS PATTERN NO.14396
PASS PATTERN NO.14397
PASS PATTERN NO.14398
PASS PATTERN NO.14399
PASS PATTERN NO.14400
PASS PATTERN NO.14401
PASS PATTERN NO.14402
PASS PATTERN NO.14403
PASS PATTERN NO.14404
PASS PATTERN NO.14405
PASS PATTERN NO.14406
PASS PATTERN NO.14407
PASS PATTERN NO.14408
PASS PATTERN NO.14409
PASS PATTERN NO.14410
PASS PATTERN NO.14411
PASS PATTERN NO.14412
PASS PATTERN NO.14413
PASS PATTERN NO.14414
PASS PATTERN NO.14415
PASS PATTERN NO.14416
PASS PATTERN NO.14417
PASS PATTERN NO.14418
PASS PATTERN NO.14419
PASS PATTERN NO.14420
PASS PATTERN NO.14421
PASS PATTERN NO.14422
PASS PATTERN NO.14423
PASS PATTERN NO.14424
PASS PATTERN NO.14425
PASS PATTERN NO.14426
PASS PATTERN NO.14427
PASS PATTERN NO.14428
PASS PATTERN NO.14429
PASS PATTERN NO.14430
PASS PATTERN NO.14431
PASS PATTERN NO.14432
PASS PATTERN NO.14433
PASS PATTERN NO.14434
PASS PATTERN NO.14435
PASS PATTERN NO.14436
PASS PATTERN NO.14437
PASS PATTERN NO.14438
PASS PATTERN NO.14439
PASS PATTERN NO.14440
PASS PATTERN NO.14441
PASS PATTERN NO.14442
PASS PATTERN NO.14443
PASS PATTERN NO.14444
PASS PATTERN NO.14445
PASS PATTERN NO.14446
PASS PATTERN NO.14447
PASS PATTERN NO.14448
PASS PATTERN NO.14449
PASS PATTERN NO.14450
PASS PATTERN NO.14451
PASS PATTERN NO.14452
PASS PATTERN NO.14453
PASS PATTERN NO.14454
PASS PATTERN NO.14455
PASS PATTERN NO.14456
PASS PATTERN NO.14457
PASS PATTERN NO.14458
PASS PATTERN NO.14459
PASS PATTERN NO.14460
PASS PATTERN NO.14461
PASS PATTERN NO.14462
PASS PATTERN NO.14463
PASS PATTERN NO.14464
PASS PATTERN NO.14465
PASS PATTERN NO.14466
PASS PATTERN NO.14467
PASS PATTERN NO.14468
PASS PATTERN NO.14469
PASS PATTERN NO.14470
PASS PATTERN NO.14471
PASS PATTERN NO.14472
PASS PATTERN NO.14473
PASS PATTERN NO.14474
PASS PATTERN NO.14475
PASS PATTERN NO.14476
PASS PATTERN NO.14477
PASS PATTERN NO.14478
PASS PATTERN NO.14479
PASS PATTERN NO.14480
PASS PATTERN NO.14481
PASS PATTERN NO.14482
PASS PATTERN NO.14483
PASS PATTERN NO.14484
PASS PATTERN NO.14485
PASS PATTERN NO.14486
PASS PATTERN NO.14487
PASS PATTERN NO.14488
PASS PATTERN NO.14489
PASS PATTERN NO.14490
PASS PATTERN NO.14491
PASS PATTERN NO.14492
PASS PATTERN NO.14493
PASS PATTERN NO.14494
PASS PATTERN NO.14495
PASS PATTERN NO.14496
PASS PATTERN NO.14497
PASS PATTERN NO.14498
PASS PATTERN NO.14499
PASS PATTERN NO.14500
PASS PATTERN NO.14501
PASS PATTERN NO.14502
PASS PATTERN NO.14503
PASS PATTERN NO.14504
PASS PATTERN NO.14505
PASS PATTERN NO.14506
PASS PATTERN NO.14507
PASS PATTERN NO.14508
PASS PATTERN NO.14509
PASS PATTERN NO.14510
PASS PATTERN NO.14511
PASS PATTERN NO.14512
PASS PATTERN NO.14513
PASS PATTERN NO.14514
PASS PATTERN NO.14515
PASS PATTERN NO.14516
PASS PATTERN NO.14517
PASS PATTERN NO.14518
PASS PATTERN NO.14519
PASS PATTERN NO.14520
PASS PATTERN NO.14521
PASS PATTERN NO.14522
PASS PATTERN NO.14523
PASS PATTERN NO.14524
PASS PATTERN NO.14525
PASS PATTERN NO.14526
PASS PATTERN NO.14527
PASS PATTERN NO.14528
PASS PATTERN NO.14529
PASS PATTERN NO.14530
PASS PATTERN NO.14531
PASS PATTERN NO.14532
PASS PATTERN NO.14533
PASS PATTERN NO.14534
PASS PATTERN NO.14535
PASS PATTERN NO.14536
PASS PATTERN NO.14537
PASS PATTERN NO.14538
PASS PATTERN NO.14539
PASS PATTERN NO.14540
PASS PATTERN NO.14541
PASS PATTERN NO.14542
PASS PATTERN NO.14543
PASS PATTERN NO.14544
PASS PATTERN NO.14545
PASS PATTERN NO.14546
PASS PATTERN NO.14547
PASS PATTERN NO.14548
PASS PATTERN NO.14549
PASS PATTERN NO.14550
PASS PATTERN NO.14551
PASS PATTERN NO.14552
PASS PATTERN NO.14553
PASS PATTERN NO.14554
PASS PATTERN NO.14555
PASS PATTERN NO.14556
PASS PATTERN NO.14557
PASS PATTERN NO.14558
PASS PATTERN NO.14559
PASS PATTERN NO.14560
PASS PATTERN NO.14561
PASS PATTERN NO.14562
PASS PATTERN NO.14563
PASS PATTERN NO.14564
PASS PATTERN NO.14565
PASS PATTERN NO.14566
PASS PATTERN NO.14567
PASS PATTERN NO.14568
PASS PATTERN NO.14569
PASS PATTERN NO.14570
PASS PATTERN NO.14571
PASS PATTERN NO.14572
PASS PATTERN NO.14573
PASS PATTERN NO.14574
PASS PATTERN NO.14575
PASS PATTERN NO.14576
PASS PATTERN NO.14577
PASS PATTERN NO.14578
PASS PATTERN NO.14579
PASS PATTERN NO.14580
PASS PATTERN NO.14581
PASS PATTERN NO.14582
PASS PATTERN NO.14583
PASS PATTERN NO.14584
PASS PATTERN NO.14585
PASS PATTERN NO.14586
PASS PATTERN NO.14587
PASS PATTERN NO.14588
PASS PATTERN NO.14589
PASS PATTERN NO.14590
PASS PATTERN NO.14591
PASS PATTERN NO.14592
PASS PATTERN NO.14593
PASS PATTERN NO.14594
PASS PATTERN NO.14595
PASS PATTERN NO.14596
PASS PATTERN NO.14597
PASS PATTERN NO.14598
PASS PATTERN NO.14599
PASS PATTERN NO.14600
PASS PATTERN NO.14601
PASS PATTERN NO.14602
PASS PATTERN NO.14603
PASS PATTERN NO.14604
PASS PATTERN NO.14605
PASS PATTERN NO.14606
PASS PATTERN NO.14607
PASS PATTERN NO.14608
PASS PATTERN NO.14609
PASS PATTERN NO.14610
PASS PATTERN NO.14611
PASS PATTERN NO.14612
PASS PATTERN NO.14613
PASS PATTERN NO.14614
PASS PATTERN NO.14615
PASS PATTERN NO.14616
PASS PATTERN NO.14617
PASS PATTERN NO.14618
PASS PATTERN NO.14619
PASS PATTERN NO.14620
PASS PATTERN NO.14621
PASS PATTERN NO.14622
PASS PATTERN NO.14623
PASS PATTERN NO.14624
PASS PATTERN NO.14625
PASS PATTERN NO.14626
PASS PATTERN NO.14627
PASS PATTERN NO.14628
PASS PATTERN NO.14629
PASS PATTERN NO.14630
PASS PATTERN NO.14631
PASS PATTERN NO.14632
PASS PATTERN NO.14633
PASS PATTERN NO.14634
PASS PATTERN NO.14635
PASS PATTERN NO.14636
PASS PATTERN NO.14637
PASS PATTERN NO.14638
PASS PATTERN NO.14639
PASS PATTERN NO.14640
PASS PATTERN NO.14641
PASS PATTERN NO.14642
PASS PATTERN NO.14643
PASS PATTERN NO.14644
PASS PATTERN NO.14645
PASS PATTERN NO.14646
PASS PATTERN NO.14647
PASS PATTERN NO.14648
PASS PATTERN NO.14649
PASS PATTERN NO.14650
PASS PATTERN NO.14651
PASS PATTERN NO.14652
PASS PATTERN NO.14653
PASS PATTERN NO.14654
PASS PATTERN NO.14655
PASS PATTERN NO.14656
PASS PATTERN NO.14657
PASS PATTERN NO.14658
PASS PATTERN NO.14659
PASS PATTERN NO.14660
PASS PATTERN NO.14661
PASS PATTERN NO.14662
PASS PATTERN NO.14663
PASS PATTERN NO.14664
PASS PATTERN NO.14665
PASS PATTERN NO.14666
PASS PATTERN NO.14667
PASS PATTERN NO.14668
PASS PATTERN NO.14669
PASS PATTERN NO.14670
PASS PATTERN NO.14671
PASS PATTERN NO.14672
PASS PATTERN NO.14673
PASS PATTERN NO.14674
PASS PATTERN NO.14675
PASS PATTERN NO.14676
PASS PATTERN NO.14677
PASS PATTERN NO.14678
PASS PATTERN NO.14679
PASS PATTERN NO.14680
PASS PATTERN NO.14681
PASS PATTERN NO.14682
PASS PATTERN NO.14683
PASS PATTERN NO.14684
PASS PATTERN NO.14685
PASS PATTERN NO.14686
PASS PATTERN NO.14687
PASS PATTERN NO.14688
PASS PATTERN NO.14689
PASS PATTERN NO.14690
PASS PATTERN NO.14691
PASS PATTERN NO.14692
PASS PATTERN NO.14693
PASS PATTERN NO.14694
PASS PATTERN NO.14695
PASS PATTERN NO.14696
PASS PATTERN NO.14697
PASS PATTERN NO.14698
PASS PATTERN NO.14699
PASS PATTERN NO.14700
PASS PATTERN NO.14701
PASS PATTERN NO.14702
PASS PATTERN NO.14703
PASS PATTERN NO.14704
PASS PATTERN NO.14705
PASS PATTERN NO.14706
PASS PATTERN NO.14707
PASS PATTERN NO.14708
PASS PATTERN NO.14709
PASS PATTERN NO.14710
PASS PATTERN NO.14711
PASS PATTERN NO.14712
PASS PATTERN NO.14713
PASS PATTERN NO.14714
PASS PATTERN NO.14715
PASS PATTERN NO.14716
PASS PATTERN NO.14717
PASS PATTERN NO.14718
PASS PATTERN NO.14719
PASS PATTERN NO.14720
PASS PATTERN NO.14721
PASS PATTERN NO.14722
PASS PATTERN NO.14723
PASS PATTERN NO.14724
PASS PATTERN NO.14725
PASS PATTERN NO.14726
PASS PATTERN NO.14727
PASS PATTERN NO.14728
PASS PATTERN NO.14729
PASS PATTERN NO.14730
PASS PATTERN NO.14731
PASS PATTERN NO.14732
PASS PATTERN NO.14733
PASS PATTERN NO.14734
PASS PATTERN NO.14735
PASS PATTERN NO.14736
PASS PATTERN NO.14737
PASS PATTERN NO.14738
PASS PATTERN NO.14739
PASS PATTERN NO.14740
PASS PATTERN NO.14741
PASS PATTERN NO.14742
PASS PATTERN NO.14743
PASS PATTERN NO.14744
PASS PATTERN NO.14745
PASS PATTERN NO.14746
PASS PATTERN NO.14747
PASS PATTERN NO.14748
PASS PATTERN NO.14749
PASS PATTERN NO.14750
PASS PATTERN NO.14751
PASS PATTERN NO.14752
PASS PATTERN NO.14753
PASS PATTERN NO.14754
PASS PATTERN NO.14755
PASS PATTERN NO.14756
PASS PATTERN NO.14757
PASS PATTERN NO.14758
PASS PATTERN NO.14759
PASS PATTERN NO.14760
PASS PATTERN NO.14761
PASS PATTERN NO.14762
PASS PATTERN NO.14763
PASS PATTERN NO.14764
PASS PATTERN NO.14765
PASS PATTERN NO.14766
PASS PATTERN NO.14767
PASS PATTERN NO.14768
PASS PATTERN NO.14769
PASS PATTERN NO.14770
PASS PATTERN NO.14771
PASS PATTERN NO.14772
PASS PATTERN NO.14773
PASS PATTERN NO.14774
PASS PATTERN NO.14775
PASS PATTERN NO.14776
PASS PATTERN NO.14777
PASS PATTERN NO.14778
PASS PATTERN NO.14779
PASS PATTERN NO.14780
PASS PATTERN NO.14781
PASS PATTERN NO.14782
PASS PATTERN NO.14783
PASS PATTERN NO.14784
PASS PATTERN NO.14785
PASS PATTERN NO.14786
PASS PATTERN NO.14787
PASS PATTERN NO.14788
PASS PATTERN NO.14789
PASS PATTERN NO.14790
PASS PATTERN NO.14791
PASS PATTERN NO.14792
PASS PATTERN NO.14793
PASS PATTERN NO.14794
PASS PATTERN NO.14795
PASS PATTERN NO.14796
PASS PATTERN NO.14797
PASS PATTERN NO.14798
PASS PATTERN NO.14799
PASS PATTERN NO.14800
PASS PATTERN NO.14801
PASS PATTERN NO.14802
PASS PATTERN NO.14803
PASS PATTERN NO.14804
PASS PATTERN NO.14805
PASS PATTERN NO.14806
PASS PATTERN NO.14807
PASS PATTERN NO.14808
PASS PATTERN NO.14809
PASS PATTERN NO.14810
PASS PATTERN NO.14811
PASS PATTERN NO.14812
PASS PATTERN NO.14813
PASS PATTERN NO.14814
PASS PATTERN NO.14815
PASS PATTERN NO.14816
PASS PATTERN NO.14817
PASS PATTERN NO.14818
PASS PATTERN NO.14819
PASS PATTERN NO.14820
PASS PATTERN NO.14821
PASS PATTERN NO.14822
PASS PATTERN NO.14823
PASS PATTERN NO.14824
PASS PATTERN NO.14825
PASS PATTERN NO.14826
PASS PATTERN NO.14827
PASS PATTERN NO.14828
PASS PATTERN NO.14829
PASS PATTERN NO.14830
PASS PATTERN NO.14831
PASS PATTERN NO.14832
PASS PATTERN NO.14833
PASS PATTERN NO.14834
PASS PATTERN NO.14835
PASS PATTERN NO.14836
PASS PATTERN NO.14837
PASS PATTERN NO.14838
PASS PATTERN NO.14839
PASS PATTERN NO.14840
PASS PATTERN NO.14841
PASS PATTERN NO.14842
PASS PATTERN NO.14843
PASS PATTERN NO.14844
PASS PATTERN NO.14845
PASS PATTERN NO.14846
PASS PATTERN NO.14847
PASS PATTERN NO.14848
PASS PATTERN NO.14849
PASS PATTERN NO.14850
PASS PATTERN NO.14851
PASS PATTERN NO.14852
PASS PATTERN NO.14853
PASS PATTERN NO.14854
PASS PATTERN NO.14855
PASS PATTERN NO.14856
PASS PATTERN NO.14857
PASS PATTERN NO.14858
PASS PATTERN NO.14859
PASS PATTERN NO.14860
PASS PATTERN NO.14861
PASS PATTERN NO.14862
PASS PATTERN NO.14863
PASS PATTERN NO.14864
PASS PATTERN NO.14865
PASS PATTERN NO.14866
PASS PATTERN NO.14867
PASS PATTERN NO.14868
PASS PATTERN NO.14869
PASS PATTERN NO.14870
PASS PATTERN NO.14871
PASS PATTERN NO.14872
PASS PATTERN NO.14873
PASS PATTERN NO.14874
PASS PATTERN NO.14875
PASS PATTERN NO.14876
PASS PATTERN NO.14877
PASS PATTERN NO.14878
PASS PATTERN NO.14879
PASS PATTERN NO.14880
PASS PATTERN NO.14881
PASS PATTERN NO.14882
PASS PATTERN NO.14883
PASS PATTERN NO.14884
PASS PATTERN NO.14885
PASS PATTERN NO.14886
PASS PATTERN NO.14887
PASS PATTERN NO.14888
PASS PATTERN NO.14889
PASS PATTERN NO.14890
PASS PATTERN NO.14891
PASS PATTERN NO.14892
PASS PATTERN NO.14893
PASS PATTERN NO.14894
PASS PATTERN NO.14895
PASS PATTERN NO.14896
PASS PATTERN NO.14897
PASS PATTERN NO.14898
PASS PATTERN NO.14899
PASS PATTERN NO.14900
PASS PATTERN NO.14901
PASS PATTERN NO.14902
PASS PATTERN NO.14903
PASS PATTERN NO.14904
PASS PATTERN NO.14905
PASS PATTERN NO.14906
PASS PATTERN NO.14907
PASS PATTERN NO.14908
PASS PATTERN NO.14909
PASS PATTERN NO.14910
PASS PATTERN NO.14911
PASS PATTERN NO.14912
PASS PATTERN NO.14913
PASS PATTERN NO.14914
PASS PATTERN NO.14915
PASS PATTERN NO.14916
PASS PATTERN NO.14917
PASS PATTERN NO.14918
PASS PATTERN NO.14919
PASS PATTERN NO.14920
PASS PATTERN NO.14921
PASS PATTERN NO.14922
PASS PATTERN NO.14923
PASS PATTERN NO.14924
PASS PATTERN NO.14925
PASS PATTERN NO.14926
PASS PATTERN NO.14927
PASS PATTERN NO.14928
PASS PATTERN NO.14929
PASS PATTERN NO.14930
PASS PATTERN NO.14931
PASS PATTERN NO.14932
PASS PATTERN NO.14933
PASS PATTERN NO.14934
PASS PATTERN NO.14935
PASS PATTERN NO.14936
PASS PATTERN NO.14937
PASS PATTERN NO.14938
PASS PATTERN NO.14939
PASS PATTERN NO.14940
PASS PATTERN NO.14941
PASS PATTERN NO.14942
PASS PATTERN NO.14943
PASS PATTERN NO.14944
PASS PATTERN NO.14945
PASS PATTERN NO.14946
PASS PATTERN NO.14947
PASS PATTERN NO.14948
PASS PATTERN NO.14949
PASS PATTERN NO.14950
PASS PATTERN NO.14951
PASS PATTERN NO.14952
PASS PATTERN NO.14953
PASS PATTERN NO.14954
PASS PATTERN NO.14955
PASS PATTERN NO.14956
PASS PATTERN NO.14957
PASS PATTERN NO.14958
PASS PATTERN NO.14959
PASS PATTERN NO.14960
PASS PATTERN NO.14961
PASS PATTERN NO.14962
PASS PATTERN NO.14963
PASS PATTERN NO.14964
PASS PATTERN NO.14965
PASS PATTERN NO.14966
PASS PATTERN NO.14967
PASS PATTERN NO.14968
PASS PATTERN NO.14969
PASS PATTERN NO.14970
PASS PATTERN NO.14971
PASS PATTERN NO.14972
PASS PATTERN NO.14973
PASS PATTERN NO.14974
PASS PATTERN NO.14975
PASS PATTERN NO.14976
PASS PATTERN NO.14977
PASS PATTERN NO.14978
PASS PATTERN NO.14979
PASS PATTERN NO.14980
PASS PATTERN NO.14981
PASS PATTERN NO.14982
PASS PATTERN NO.14983
PASS PATTERN NO.14984
PASS PATTERN NO.14985
PASS PATTERN NO.14986
PASS PATTERN NO.14987
PASS PATTERN NO.14988
PASS PATTERN NO.14989
PASS PATTERN NO.14990
PASS PATTERN NO.14991
PASS PATTERN NO.14992
PASS PATTERN NO.14993
PASS PATTERN NO.14994
PASS PATTERN NO.14995
PASS PATTERN NO.14996
PASS PATTERN NO.14997
PASS PATTERN NO.14998
PASS PATTERN NO.14999
PASS PATTERN NO.15000
PASS PATTERN NO.15001
PASS PATTERN NO.15002
PASS PATTERN NO.15003
PASS PATTERN NO.15004
PASS PATTERN NO.15005
PASS PATTERN NO.15006
PASS PATTERN NO.15007
PASS PATTERN NO.15008
PASS PATTERN NO.15009
PASS PATTERN NO.15010
PASS PATTERN NO.15011
PASS PATTERN NO.15012
PASS PATTERN NO.15013
PASS PATTERN NO.15014
PASS PATTERN NO.15015
PASS PATTERN NO.15016
PASS PATTERN NO.15017
PASS PATTERN NO.15018
PASS PATTERN NO.15019
PASS PATTERN NO.15020
PASS PATTERN NO.15021
PASS PATTERN NO.15022
PASS PATTERN NO.15023
PASS PATTERN NO.15024
PASS PATTERN NO.15025
PASS PATTERN NO.15026
PASS PATTERN NO.15027
PASS PATTERN NO.15028
PASS PATTERN NO.15029
PASS PATTERN NO.15030
PASS PATTERN NO.15031
PASS PATTERN NO.15032
PASS PATTERN NO.15033
PASS PATTERN NO.15034
PASS PATTERN NO.15035
PASS PATTERN NO.15036
PASS PATTERN NO.15037
PASS PATTERN NO.15038
PASS PATTERN NO.15039
PASS PATTERN NO.15040
PASS PATTERN NO.15041
PASS PATTERN NO.15042
PASS PATTERN NO.15043
PASS PATTERN NO.15044
PASS PATTERN NO.15045
PASS PATTERN NO.15046
PASS PATTERN NO.15047
PASS PATTERN NO.15048
PASS PATTERN NO.15049
PASS PATTERN NO.15050
PASS PATTERN NO.15051
PASS PATTERN NO.15052
PASS PATTERN NO.15053
PASS PATTERN NO.15054
PASS PATTERN NO.15055
PASS PATTERN NO.15056
PASS PATTERN NO.15057
PASS PATTERN NO.15058
PASS PATTERN NO.15059
PASS PATTERN NO.15060
PASS PATTERN NO.15061
PASS PATTERN NO.15062
PASS PATTERN NO.15063
PASS PATTERN NO.15064
PASS PATTERN NO.15065
PASS PATTERN NO.15066
PASS PATTERN NO.15067
PASS PATTERN NO.15068
PASS PATTERN NO.15069
PASS PATTERN NO.15070
PASS PATTERN NO.15071
PASS PATTERN NO.15072
PASS PATTERN NO.15073
PASS PATTERN NO.15074
PASS PATTERN NO.15075
PASS PATTERN NO.15076
PASS PATTERN NO.15077
PASS PATTERN NO.15078
PASS PATTERN NO.15079
PASS PATTERN NO.15080
PASS PATTERN NO.15081
PASS PATTERN NO.15082
PASS PATTERN NO.15083
PASS PATTERN NO.15084
PASS PATTERN NO.15085
PASS PATTERN NO.15086
PASS PATTERN NO.15087
PASS PATTERN NO.15088
PASS PATTERN NO.15089
PASS PATTERN NO.15090
PASS PATTERN NO.15091
PASS PATTERN NO.15092
PASS PATTERN NO.15093
PASS PATTERN NO.15094
PASS PATTERN NO.15095
PASS PATTERN NO.15096
PASS PATTERN NO.15097
PASS PATTERN NO.15098
PASS PATTERN NO.15099
PASS PATTERN NO.15100
PASS PATTERN NO.15101
PASS PATTERN NO.15102
PASS PATTERN NO.15103
PASS PATTERN NO.15104
PASS PATTERN NO.15105
PASS PATTERN NO.15106
PASS PATTERN NO.15107
PASS PATTERN NO.15108
PASS PATTERN NO.15109
PASS PATTERN NO.15110
PASS PATTERN NO.15111
PASS PATTERN NO.15112
PASS PATTERN NO.15113
PASS PATTERN NO.15114
PASS PATTERN NO.15115
PASS PATTERN NO.15116
PASS PATTERN NO.15117
PASS PATTERN NO.15118
PASS PATTERN NO.15119
PASS PATTERN NO.15120
PASS PATTERN NO.15121
PASS PATTERN NO.15122
PASS PATTERN NO.15123
PASS PATTERN NO.15124
PASS PATTERN NO.15125
PASS PATTERN NO.15126
PASS PATTERN NO.15127
PASS PATTERN NO.15128
PASS PATTERN NO.15129
PASS PATTERN NO.15130
PASS PATTERN NO.15131
PASS PATTERN NO.15132
PASS PATTERN NO.15133
PASS PATTERN NO.15134
PASS PATTERN NO.15135
PASS PATTERN NO.15136
PASS PATTERN NO.15137
PASS PATTERN NO.15138
PASS PATTERN NO.15139
PASS PATTERN NO.15140
PASS PATTERN NO.15141
PASS PATTERN NO.15142
PASS PATTERN NO.15143
PASS PATTERN NO.15144
PASS PATTERN NO.15145
PASS PATTERN NO.15146
PASS PATTERN NO.15147
PASS PATTERN NO.15148
PASS PATTERN NO.15149
PASS PATTERN NO.15150
PASS PATTERN NO.15151
PASS PATTERN NO.15152
PASS PATTERN NO.15153
PASS PATTERN NO.15154
PASS PATTERN NO.15155
PASS PATTERN NO.15156
PASS PATTERN NO.15157
PASS PATTERN NO.15158
PASS PATTERN NO.15159
PASS PATTERN NO.15160
PASS PATTERN NO.15161
PASS PATTERN NO.15162
PASS PATTERN NO.15163
PASS PATTERN NO.15164
PASS PATTERN NO.15165
PASS PATTERN NO.15166
PASS PATTERN NO.15167
PASS PATTERN NO.15168
PASS PATTERN NO.15169
PASS PATTERN NO.15170
PASS PATTERN NO.15171
PASS PATTERN NO.15172
PASS PATTERN NO.15173
PASS PATTERN NO.15174
PASS PATTERN NO.15175
PASS PATTERN NO.15176
PASS PATTERN NO.15177
PASS PATTERN NO.15178
PASS PATTERN NO.15179
PASS PATTERN NO.15180
PASS PATTERN NO.15181
PASS PATTERN NO.15182
PASS PATTERN NO.15183
PASS PATTERN NO.15184
PASS PATTERN NO.15185
PASS PATTERN NO.15186
PASS PATTERN NO.15187
PASS PATTERN NO.15188
PASS PATTERN NO.15189
PASS PATTERN NO.15190
PASS PATTERN NO.15191
PASS PATTERN NO.15192
PASS PATTERN NO.15193
PASS PATTERN NO.15194
PASS PATTERN NO.15195
PASS PATTERN NO.15196
PASS PATTERN NO.15197
PASS PATTERN NO.15198
PASS PATTERN NO.15199
PASS PATTERN NO.15200
PASS PATTERN NO.15201
PASS PATTERN NO.15202
PASS PATTERN NO.15203
PASS PATTERN NO.15204
PASS PATTERN NO.15205
PASS PATTERN NO.15206
PASS PATTERN NO.15207
PASS PATTERN NO.15208
PASS PATTERN NO.15209
PASS PATTERN NO.15210
PASS PATTERN NO.15211
PASS PATTERN NO.15212
PASS PATTERN NO.15213
PASS PATTERN NO.15214
PASS PATTERN NO.15215
PASS PATTERN NO.15216
PASS PATTERN NO.15217
PASS PATTERN NO.15218
PASS PATTERN NO.15219
PASS PATTERN NO.15220
PASS PATTERN NO.15221
PASS PATTERN NO.15222
PASS PATTERN NO.15223
PASS PATTERN NO.15224
PASS PATTERN NO.15225
PASS PATTERN NO.15226
PASS PATTERN NO.15227
PASS PATTERN NO.15228
PASS PATTERN NO.15229
PASS PATTERN NO.15230
PASS PATTERN NO.15231
PASS PATTERN NO.15232
PASS PATTERN NO.15233
PASS PATTERN NO.15234
PASS PATTERN NO.15235
PASS PATTERN NO.15236
PASS PATTERN NO.15237
PASS PATTERN NO.15238
PASS PATTERN NO.15239
PASS PATTERN NO.15240
PASS PATTERN NO.15241
PASS PATTERN NO.15242
PASS PATTERN NO.15243
PASS PATTERN NO.15244
PASS PATTERN NO.15245
PASS PATTERN NO.15246
PASS PATTERN NO.15247
PASS PATTERN NO.15248
PASS PATTERN NO.15249
PASS PATTERN NO.15250
PASS PATTERN NO.15251
PASS PATTERN NO.15252
PASS PATTERN NO.15253
PASS PATTERN NO.15254
PASS PATTERN NO.15255
PASS PATTERN NO.15256
PASS PATTERN NO.15257
PASS PATTERN NO.15258
PASS PATTERN NO.15259
PASS PATTERN NO.15260
PASS PATTERN NO.15261
PASS PATTERN NO.15262
PASS PATTERN NO.15263
PASS PATTERN NO.15264
PASS PATTERN NO.15265
PASS PATTERN NO.15266
PASS PATTERN NO.15267
PASS PATTERN NO.15268
PASS PATTERN NO.15269
PASS PATTERN NO.15270
PASS PATTERN NO.15271
PASS PATTERN NO.15272
PASS PATTERN NO.15273
PASS PATTERN NO.15274
PASS PATTERN NO.15275
PASS PATTERN NO.15276
PASS PATTERN NO.15277
PASS PATTERN NO.15278
PASS PATTERN NO.15279
PASS PATTERN NO.15280
PASS PATTERN NO.15281
PASS PATTERN NO.15282
PASS PATTERN NO.15283
PASS PATTERN NO.15284
PASS PATTERN NO.15285
PASS PATTERN NO.15286
PASS PATTERN NO.15287
PASS PATTERN NO.15288
PASS PATTERN NO.15289
PASS PATTERN NO.15290
PASS PATTERN NO.15291
PASS PATTERN NO.15292
PASS PATTERN NO.15293
PASS PATTERN NO.15294
PASS PATTERN NO.15295
PASS PATTERN NO.15296
PASS PATTERN NO.15297
PASS PATTERN NO.15298
PASS PATTERN NO.15299
PASS PATTERN NO.15300
PASS PATTERN NO.15301
PASS PATTERN NO.15302
PASS PATTERN NO.15303
PASS PATTERN NO.15304
PASS PATTERN NO.15305
PASS PATTERN NO.15306
PASS PATTERN NO.15307
PASS PATTERN NO.15308
PASS PATTERN NO.15309
PASS PATTERN NO.15310
PASS PATTERN NO.15311
PASS PATTERN NO.15312
PASS PATTERN NO.15313
PASS PATTERN NO.15314
PASS PATTERN NO.15315
PASS PATTERN NO.15316
PASS PATTERN NO.15317
PASS PATTERN NO.15318
PASS PATTERN NO.15319
PASS PATTERN NO.15320
PASS PATTERN NO.15321
PASS PATTERN NO.15322
PASS PATTERN NO.15323
PASS PATTERN NO.15324
PASS PATTERN NO.15325
PASS PATTERN NO.15326
PASS PATTERN NO.15327
PASS PATTERN NO.15328
PASS PATTERN NO.15329
PASS PATTERN NO.15330
PASS PATTERN NO.15331
PASS PATTERN NO.15332
PASS PATTERN NO.15333
PASS PATTERN NO.15334
PASS PATTERN NO.15335
PASS PATTERN NO.15336
PASS PATTERN NO.15337
PASS PATTERN NO.15338
PASS PATTERN NO.15339
PASS PATTERN NO.15340
PASS PATTERN NO.15341
PASS PATTERN NO.15342
PASS PATTERN NO.15343
PASS PATTERN NO.15344
PASS PATTERN NO.15345
PASS PATTERN NO.15346
PASS PATTERN NO.15347
PASS PATTERN NO.15348
PASS PATTERN NO.15349
PASS PATTERN NO.15350
PASS PATTERN NO.15351
PASS PATTERN NO.15352
PASS PATTERN NO.15353
PASS PATTERN NO.15354
PASS PATTERN NO.15355
PASS PATTERN NO.15356
PASS PATTERN NO.15357
PASS PATTERN NO.15358
PASS PATTERN NO.15359
PASS PATTERN NO.15360
PASS PATTERN NO.15361
PASS PATTERN NO.15362
PASS PATTERN NO.15363
PASS PATTERN NO.15364
PASS PATTERN NO.15365
PASS PATTERN NO.15366
PASS PATTERN NO.15367
PASS PATTERN NO.15368
PASS PATTERN NO.15369
PASS PATTERN NO.15370
PASS PATTERN NO.15371
PASS PATTERN NO.15372
PASS PATTERN NO.15373
PASS PATTERN NO.15374
PASS PATTERN NO.15375
PASS PATTERN NO.15376
PASS PATTERN NO.15377
PASS PATTERN NO.15378
PASS PATTERN NO.15379
PASS PATTERN NO.15380
PASS PATTERN NO.15381
PASS PATTERN NO.15382
PASS PATTERN NO.15383
PASS PATTERN NO.15384
PASS PATTERN NO.15385
PASS PATTERN NO.15386
PASS PATTERN NO.15387
PASS PATTERN NO.15388
PASS PATTERN NO.15389
PASS PATTERN NO.15390
PASS PATTERN NO.15391
PASS PATTERN NO.15392
PASS PATTERN NO.15393
PASS PATTERN NO.15394
PASS PATTERN NO.15395
PASS PATTERN NO.15396
PASS PATTERN NO.15397
PASS PATTERN NO.15398
PASS PATTERN NO.15399
PASS PATTERN NO.15400
PASS PATTERN NO.15401
PASS PATTERN NO.15402
PASS PATTERN NO.15403
PASS PATTERN NO.15404
PASS PATTERN NO.15405
PASS PATTERN NO.15406
PASS PATTERN NO.15407
PASS PATTERN NO.15408
PASS PATTERN NO.15409
PASS PATTERN NO.15410
PASS PATTERN NO.15411
PASS PATTERN NO.15412
PASS PATTERN NO.15413
PASS PATTERN NO.15414
PASS PATTERN NO.15415
PASS PATTERN NO.15416
PASS PATTERN NO.15417
PASS PATTERN NO.15418
PASS PATTERN NO.15419
PASS PATTERN NO.15420
PASS PATTERN NO.15421
PASS PATTERN NO.15422
PASS PATTERN NO.15423
PASS PATTERN NO.15424
PASS PATTERN NO.15425
PASS PATTERN NO.15426
PASS PATTERN NO.15427
PASS PATTERN NO.15428
PASS PATTERN NO.15429
PASS PATTERN NO.15430
PASS PATTERN NO.15431
PASS PATTERN NO.15432
PASS PATTERN NO.15433
PASS PATTERN NO.15434
PASS PATTERN NO.15435
PASS PATTERN NO.15436
PASS PATTERN NO.15437
PASS PATTERN NO.15438
PASS PATTERN NO.15439
PASS PATTERN NO.15440
PASS PATTERN NO.15441
PASS PATTERN NO.15442
PASS PATTERN NO.15443
PASS PATTERN NO.15444
PASS PATTERN NO.15445
PASS PATTERN NO.15446
PASS PATTERN NO.15447
PASS PATTERN NO.15448
PASS PATTERN NO.15449
PASS PATTERN NO.15450
PASS PATTERN NO.15451
PASS PATTERN NO.15452
PASS PATTERN NO.15453
PASS PATTERN NO.15454
PASS PATTERN NO.15455
PASS PATTERN NO.15456
PASS PATTERN NO.15457
PASS PATTERN NO.15458
PASS PATTERN NO.15459
PASS PATTERN NO.15460
PASS PATTERN NO.15461
PASS PATTERN NO.15462
PASS PATTERN NO.15463
PASS PATTERN NO.15464
PASS PATTERN NO.15465
PASS PATTERN NO.15466
PASS PATTERN NO.15467
PASS PATTERN NO.15468
PASS PATTERN NO.15469
PASS PATTERN NO.15470
PASS PATTERN NO.15471
PASS PATTERN NO.15472
PASS PATTERN NO.15473
PASS PATTERN NO.15474
PASS PATTERN NO.15475
PASS PATTERN NO.15476
PASS PATTERN NO.15477
PASS PATTERN NO.15478
PASS PATTERN NO.15479
PASS PATTERN NO.15480
PASS PATTERN NO.15481
PASS PATTERN NO.15482
PASS PATTERN NO.15483
PASS PATTERN NO.15484
PASS PATTERN NO.15485
PASS PATTERN NO.15486
PASS PATTERN NO.15487
PASS PATTERN NO.15488
PASS PATTERN NO.15489
PASS PATTERN NO.15490
PASS PATTERN NO.15491
PASS PATTERN NO.15492
PASS PATTERN NO.15493
PASS PATTERN NO.15494
PASS PATTERN NO.15495
PASS PATTERN NO.15496
PASS PATTERN NO.15497
PASS PATTERN NO.15498
PASS PATTERN NO.15499
PASS PATTERN NO.15500
PASS PATTERN NO.15501
PASS PATTERN NO.15502
PASS PATTERN NO.15503
PASS PATTERN NO.15504
PASS PATTERN NO.15505
PASS PATTERN NO.15506
PASS PATTERN NO.15507
PASS PATTERN NO.15508
PASS PATTERN NO.15509
PASS PATTERN NO.15510
PASS PATTERN NO.15511
PASS PATTERN NO.15512
PASS PATTERN NO.15513
PASS PATTERN NO.15514
PASS PATTERN NO.15515
PASS PATTERN NO.15516
PASS PATTERN NO.15517
PASS PATTERN NO.15518
PASS PATTERN NO.15519
PASS PATTERN NO.15520
PASS PATTERN NO.15521
PASS PATTERN NO.15522
PASS PATTERN NO.15523
PASS PATTERN NO.15524
PASS PATTERN NO.15525
PASS PATTERN NO.15526
PASS PATTERN NO.15527
PASS PATTERN NO.15528
PASS PATTERN NO.15529
PASS PATTERN NO.15530
PASS PATTERN NO.15531
PASS PATTERN NO.15532
PASS PATTERN NO.15533
PASS PATTERN NO.15534
PASS PATTERN NO.15535
PASS PATTERN NO.15536
PASS PATTERN NO.15537
PASS PATTERN NO.15538
PASS PATTERN NO.15539
PASS PATTERN NO.15540
PASS PATTERN NO.15541
PASS PATTERN NO.15542
PASS PATTERN NO.15543
PASS PATTERN NO.15544
PASS PATTERN NO.15545
PASS PATTERN NO.15546
PASS PATTERN NO.15547
PASS PATTERN NO.15548
PASS PATTERN NO.15549
PASS PATTERN NO.15550
PASS PATTERN NO.15551
PASS PATTERN NO.15552
PASS PATTERN NO.15553
PASS PATTERN NO.15554
PASS PATTERN NO.15555
PASS PATTERN NO.15556
PASS PATTERN NO.15557
PASS PATTERN NO.15558
PASS PATTERN NO.15559
PASS PATTERN NO.15560
PASS PATTERN NO.15561
PASS PATTERN NO.15562
PASS PATTERN NO.15563
PASS PATTERN NO.15564
PASS PATTERN NO.15565
PASS PATTERN NO.15566
PASS PATTERN NO.15567
PASS PATTERN NO.15568
PASS PATTERN NO.15569
PASS PATTERN NO.15570
PASS PATTERN NO.15571
PASS PATTERN NO.15572
PASS PATTERN NO.15573
PASS PATTERN NO.15574
PASS PATTERN NO.15575
PASS PATTERN NO.15576
PASS PATTERN NO.15577
PASS PATTERN NO.15578
PASS PATTERN NO.15579
PASS PATTERN NO.15580
PASS PATTERN NO.15581
PASS PATTERN NO.15582
PASS PATTERN NO.15583
PASS PATTERN NO.15584
PASS PATTERN NO.15585
PASS PATTERN NO.15586
PASS PATTERN NO.15587
PASS PATTERN NO.15588
PASS PATTERN NO.15589
PASS PATTERN NO.15590
PASS PATTERN NO.15591
PASS PATTERN NO.15592
PASS PATTERN NO.15593
PASS PATTERN NO.15594
PASS PATTERN NO.15595
PASS PATTERN NO.15596
PASS PATTERN NO.15597
PASS PATTERN NO.15598
PASS PATTERN NO.15599
PASS PATTERN NO.15600
PASS PATTERN NO.15601
PASS PATTERN NO.15602
PASS PATTERN NO.15603
PASS PATTERN NO.15604
PASS PATTERN NO.15605
PASS PATTERN NO.15606
PASS PATTERN NO.15607
PASS PATTERN NO.15608
PASS PATTERN NO.15609
PASS PATTERN NO.15610
PASS PATTERN NO.15611
PASS PATTERN NO.15612
PASS PATTERN NO.15613
PASS PATTERN NO.15614
PASS PATTERN NO.15615
PASS PATTERN NO.15616
PASS PATTERN NO.15617
PASS PATTERN NO.15618
PASS PATTERN NO.15619
PASS PATTERN NO.15620
PASS PATTERN NO.15621
PASS PATTERN NO.15622
PASS PATTERN NO.15623
PASS PATTERN NO.15624
PASS PATTERN NO.15625
PASS PATTERN NO.15626
PASS PATTERN NO.15627
PASS PATTERN NO.15628
PASS PATTERN NO.15629
PASS PATTERN NO.15630
PASS PATTERN NO.15631
PASS PATTERN NO.15632
PASS PATTERN NO.15633
PASS PATTERN NO.15634
PASS PATTERN NO.15635
PASS PATTERN NO.15636
PASS PATTERN NO.15637
PASS PATTERN NO.15638
PASS PATTERN NO.15639
PASS PATTERN NO.15640
PASS PATTERN NO.15641
PASS PATTERN NO.15642
PASS PATTERN NO.15643
PASS PATTERN NO.15644
PASS PATTERN NO.15645
PASS PATTERN NO.15646
PASS PATTERN NO.15647
PASS PATTERN NO.15648
PASS PATTERN NO.15649
PASS PATTERN NO.15650
PASS PATTERN NO.15651
PASS PATTERN NO.15652
PASS PATTERN NO.15653
PASS PATTERN NO.15654
PASS PATTERN NO.15655
PASS PATTERN NO.15656
PASS PATTERN NO.15657
PASS PATTERN NO.15658
PASS PATTERN NO.15659
PASS PATTERN NO.15660
PASS PATTERN NO.15661
PASS PATTERN NO.15662
PASS PATTERN NO.15663
PASS PATTERN NO.15664
PASS PATTERN NO.15665
PASS PATTERN NO.15666
PASS PATTERN NO.15667
PASS PATTERN NO.15668
PASS PATTERN NO.15669
PASS PATTERN NO.15670
PASS PATTERN NO.15671
PASS PATTERN NO.15672
PASS PATTERN NO.15673
PASS PATTERN NO.15674
PASS PATTERN NO.15675
PASS PATTERN NO.15676
PASS PATTERN NO.15677
PASS PATTERN NO.15678
PASS PATTERN NO.15679
PASS PATTERN NO.15680
PASS PATTERN NO.15681
PASS PATTERN NO.15682
PASS PATTERN NO.15683
PASS PATTERN NO.15684
PASS PATTERN NO.15685
PASS PATTERN NO.15686
PASS PATTERN NO.15687
PASS PATTERN NO.15688
PASS PATTERN NO.15689
PASS PATTERN NO.15690
PASS PATTERN NO.15691
PASS PATTERN NO.15692
PASS PATTERN NO.15693
PASS PATTERN NO.15694
PASS PATTERN NO.15695
PASS PATTERN NO.15696
PASS PATTERN NO.15697
PASS PATTERN NO.15698
PASS PATTERN NO.15699
PASS PATTERN NO.15700
PASS PATTERN NO.15701
PASS PATTERN NO.15702
PASS PATTERN NO.15703
PASS PATTERN NO.15704
PASS PATTERN NO.15705
PASS PATTERN NO.15706
PASS PATTERN NO.15707
PASS PATTERN NO.15708
PASS PATTERN NO.15709
PASS PATTERN NO.15710
PASS PATTERN NO.15711
PASS PATTERN NO.15712
PASS PATTERN NO.15713
PASS PATTERN NO.15714
PASS PATTERN NO.15715
PASS PATTERN NO.15716
PASS PATTERN NO.15717
PASS PATTERN NO.15718
PASS PATTERN NO.15719
PASS PATTERN NO.15720
PASS PATTERN NO.15721
PASS PATTERN NO.15722
PASS PATTERN NO.15723
PASS PATTERN NO.15724
PASS PATTERN NO.15725
PASS PATTERN NO.15726
PASS PATTERN NO.15727
PASS PATTERN NO.15728
PASS PATTERN NO.15729
PASS PATTERN NO.15730
PASS PATTERN NO.15731
PASS PATTERN NO.15732
PASS PATTERN NO.15733
PASS PATTERN NO.15734
PASS PATTERN NO.15735
PASS PATTERN NO.15736
PASS PATTERN NO.15737
PASS PATTERN NO.15738
PASS PATTERN NO.15739
PASS PATTERN NO.15740
PASS PATTERN NO.15741
PASS PATTERN NO.15742
PASS PATTERN NO.15743
PASS PATTERN NO.15744
PASS PATTERN NO.15745
PASS PATTERN NO.15746
PASS PATTERN NO.15747
PASS PATTERN NO.15748
PASS PATTERN NO.15749
PASS PATTERN NO.15750
PASS PATTERN NO.15751
PASS PATTERN NO.15752
PASS PATTERN NO.15753
PASS PATTERN NO.15754
PASS PATTERN NO.15755
PASS PATTERN NO.15756
PASS PATTERN NO.15757
PASS PATTERN NO.15758
PASS PATTERN NO.15759
PASS PATTERN NO.15760
PASS PATTERN NO.15761
PASS PATTERN NO.15762
PASS PATTERN NO.15763
PASS PATTERN NO.15764
PASS PATTERN NO.15765
PASS PATTERN NO.15766
PASS PATTERN NO.15767
PASS PATTERN NO.15768
PASS PATTERN NO.15769
PASS PATTERN NO.15770
PASS PATTERN NO.15771
PASS PATTERN NO.15772
PASS PATTERN NO.15773
PASS PATTERN NO.15774
PASS PATTERN NO.15775
PASS PATTERN NO.15776
PASS PATTERN NO.15777
PASS PATTERN NO.15778
PASS PATTERN NO.15779
PASS PATTERN NO.15780
PASS PATTERN NO.15781
PASS PATTERN NO.15782
PASS PATTERN NO.15783
PASS PATTERN NO.15784
PASS PATTERN NO.15785
PASS PATTERN NO.15786
PASS PATTERN NO.15787
PASS PATTERN NO.15788
PASS PATTERN NO.15789
PASS PATTERN NO.15790
PASS PATTERN NO.15791
PASS PATTERN NO.15792
PASS PATTERN NO.15793
PASS PATTERN NO.15794
PASS PATTERN NO.15795
PASS PATTERN NO.15796
PASS PATTERN NO.15797
PASS PATTERN NO.15798
PASS PATTERN NO.15799
PASS PATTERN NO.15800
PASS PATTERN NO.15801
PASS PATTERN NO.15802
PASS PATTERN NO.15803
PASS PATTERN NO.15804
PASS PATTERN NO.15805
PASS PATTERN NO.15806
PASS PATTERN NO.15807
PASS PATTERN NO.15808
PASS PATTERN NO.15809
PASS PATTERN NO.15810
PASS PATTERN NO.15811
PASS PATTERN NO.15812
PASS PATTERN NO.15813
PASS PATTERN NO.15814
PASS PATTERN NO.15815
PASS PATTERN NO.15816
PASS PATTERN NO.15817
PASS PATTERN NO.15818
PASS PATTERN NO.15819
PASS PATTERN NO.15820
PASS PATTERN NO.15821
PASS PATTERN NO.15822
PASS PATTERN NO.15823
PASS PATTERN NO.15824
PASS PATTERN NO.15825
PASS PATTERN NO.15826
PASS PATTERN NO.15827
PASS PATTERN NO.15828
PASS PATTERN NO.15829
PASS PATTERN NO.15830
PASS PATTERN NO.15831
PASS PATTERN NO.15832
PASS PATTERN NO.15833
PASS PATTERN NO.15834
PASS PATTERN NO.15835
PASS PATTERN NO.15836
PASS PATTERN NO.15837
PASS PATTERN NO.15838
PASS PATTERN NO.15839
PASS PATTERN NO.15840
PASS PATTERN NO.15841
PASS PATTERN NO.15842
PASS PATTERN NO.15843
PASS PATTERN NO.15844
PASS PATTERN NO.15845
PASS PATTERN NO.15846
PASS PATTERN NO.15847
PASS PATTERN NO.15848
PASS PATTERN NO.15849
PASS PATTERN NO.15850
PASS PATTERN NO.15851
PASS PATTERN NO.15852
PASS PATTERN NO.15853
PASS PATTERN NO.15854
PASS PATTERN NO.15855
PASS PATTERN NO.15856
PASS PATTERN NO.15857
PASS PATTERN NO.15858
PASS PATTERN NO.15859
PASS PATTERN NO.15860
PASS PATTERN NO.15861
PASS PATTERN NO.15862
PASS PATTERN NO.15863
PASS PATTERN NO.15864
PASS PATTERN NO.15865
PASS PATTERN NO.15866
PASS PATTERN NO.15867
PASS PATTERN NO.15868
PASS PATTERN NO.15869
PASS PATTERN NO.15870
PASS PATTERN NO.15871
PASS PATTERN NO.15872
PASS PATTERN NO.15873
PASS PATTERN NO.15874
PASS PATTERN NO.15875
PASS PATTERN NO.15876
PASS PATTERN NO.15877
PASS PATTERN NO.15878
PASS PATTERN NO.15879
PASS PATTERN NO.15880
PASS PATTERN NO.15881
PASS PATTERN NO.15882
PASS PATTERN NO.15883
PASS PATTERN NO.15884
PASS PATTERN NO.15885
PASS PATTERN NO.15886
PASS PATTERN NO.15887
PASS PATTERN NO.15888
PASS PATTERN NO.15889
PASS PATTERN NO.15890
PASS PATTERN NO.15891
PASS PATTERN NO.15892
PASS PATTERN NO.15893
PASS PATTERN NO.15894
PASS PATTERN NO.15895
PASS PATTERN NO.15896
PASS PATTERN NO.15897
PASS PATTERN NO.15898
PASS PATTERN NO.15899
PASS PATTERN NO.15900
PASS PATTERN NO.15901
PASS PATTERN NO.15902
PASS PATTERN NO.15903
PASS PATTERN NO.15904
PASS PATTERN NO.15905
PASS PATTERN NO.15906
PASS PATTERN NO.15907
PASS PATTERN NO.15908
PASS PATTERN NO.15909
PASS PATTERN NO.15910
PASS PATTERN NO.15911
PASS PATTERN NO.15912
PASS PATTERN NO.15913
PASS PATTERN NO.15914
PASS PATTERN NO.15915
PASS PATTERN NO.15916
PASS PATTERN NO.15917
PASS PATTERN NO.15918
PASS PATTERN NO.15919
PASS PATTERN NO.15920
PASS PATTERN NO.15921
PASS PATTERN NO.15922
PASS PATTERN NO.15923
PASS PATTERN NO.15924
PASS PATTERN NO.15925
PASS PATTERN NO.15926
PASS PATTERN NO.15927
PASS PATTERN NO.15928
PASS PATTERN NO.15929
PASS PATTERN NO.15930
PASS PATTERN NO.15931
PASS PATTERN NO.15932
PASS PATTERN NO.15933
PASS PATTERN NO.15934
PASS PATTERN NO.15935
PASS PATTERN NO.15936
PASS PATTERN NO.15937
PASS PATTERN NO.15938
PASS PATTERN NO.15939
PASS PATTERN NO.15940
PASS PATTERN NO.15941
PASS PATTERN NO.15942
PASS PATTERN NO.15943
PASS PATTERN NO.15944
PASS PATTERN NO.15945
PASS PATTERN NO.15946
PASS PATTERN NO.15947
PASS PATTERN NO.15948
PASS PATTERN NO.15949
PASS PATTERN NO.15950
PASS PATTERN NO.15951
PASS PATTERN NO.15952
PASS PATTERN NO.15953
PASS PATTERN NO.15954
PASS PATTERN NO.15955
PASS PATTERN NO.15956
PASS PATTERN NO.15957
PASS PATTERN NO.15958
PASS PATTERN NO.15959
PASS PATTERN NO.15960
PASS PATTERN NO.15961
PASS PATTERN NO.15962
PASS PATTERN NO.15963
PASS PATTERN NO.15964
PASS PATTERN NO.15965
PASS PATTERN NO.15966
PASS PATTERN NO.15967
PASS PATTERN NO.15968
PASS PATTERN NO.15969
PASS PATTERN NO.15970
PASS PATTERN NO.15971
PASS PATTERN NO.15972
PASS PATTERN NO.15973
PASS PATTERN NO.15974
PASS PATTERN NO.15975
PASS PATTERN NO.15976
PASS PATTERN NO.15977
PASS PATTERN NO.15978
PASS PATTERN NO.15979
PASS PATTERN NO.15980
PASS PATTERN NO.15981
PASS PATTERN NO.15982
PASS PATTERN NO.15983
PASS PATTERN NO.15984
PASS PATTERN NO.15985
PASS PATTERN NO.15986
PASS PATTERN NO.15987
PASS PATTERN NO.15988
PASS PATTERN NO.15989
PASS PATTERN NO.15990
PASS PATTERN NO.15991
PASS PATTERN NO.15992
PASS PATTERN NO.15993
PASS PATTERN NO.15994
PASS PATTERN NO.15995
PASS PATTERN NO.15996
PASS PATTERN NO.15997
PASS PATTERN NO.15998
PASS PATTERN NO.15999
PASS PATTERN NO.16000
PASS PATTERN NO.16001
PASS PATTERN NO.16002
PASS PATTERN NO.16003
PASS PATTERN NO.16004
PASS PATTERN NO.16005
PASS PATTERN NO.16006
PASS PATTERN NO.16007
PASS PATTERN NO.16008
PASS PATTERN NO.16009
PASS PATTERN NO.16010
PASS PATTERN NO.16011
PASS PATTERN NO.16012
PASS PATTERN NO.16013
PASS PATTERN NO.16014
PASS PATTERN NO.16015
PASS PATTERN NO.16016
PASS PATTERN NO.16017
PASS PATTERN NO.16018
PASS PATTERN NO.16019
PASS PATTERN NO.16020
PASS PATTERN NO.16021
PASS PATTERN NO.16022
PASS PATTERN NO.16023
PASS PATTERN NO.16024
PASS PATTERN NO.16025
PASS PATTERN NO.16026
PASS PATTERN NO.16027
PASS PATTERN NO.16028
PASS PATTERN NO.16029
PASS PATTERN NO.16030
PASS PATTERN NO.16031
PASS PATTERN NO.16032
PASS PATTERN NO.16033
PASS PATTERN NO.16034
PASS PATTERN NO.16035
PASS PATTERN NO.16036
PASS PATTERN NO.16037
PASS PATTERN NO.16038
PASS PATTERN NO.16039
PASS PATTERN NO.16040
PASS PATTERN NO.16041
PASS PATTERN NO.16042
PASS PATTERN NO.16043
PASS PATTERN NO.16044
PASS PATTERN NO.16045
PASS PATTERN NO.16046
PASS PATTERN NO.16047
PASS PATTERN NO.16048
PASS PATTERN NO.16049
PASS PATTERN NO.16050
PASS PATTERN NO.16051
PASS PATTERN NO.16052
PASS PATTERN NO.16053
PASS PATTERN NO.16054
PASS PATTERN NO.16055
PASS PATTERN NO.16056
PASS PATTERN NO.16057
PASS PATTERN NO.16058
PASS PATTERN NO.16059
PASS PATTERN NO.16060
PASS PATTERN NO.16061
PASS PATTERN NO.16062
PASS PATTERN NO.16063
PASS PATTERN NO.16064
PASS PATTERN NO.16065
PASS PATTERN NO.16066
PASS PATTERN NO.16067
PASS PATTERN NO.16068
PASS PATTERN NO.16069
PASS PATTERN NO.16070
PASS PATTERN NO.16071
PASS PATTERN NO.16072
PASS PATTERN NO.16073
PASS PATTERN NO.16074
PASS PATTERN NO.16075
PASS PATTERN NO.16076
PASS PATTERN NO.16077
PASS PATTERN NO.16078
PASS PATTERN NO.16079
PASS PATTERN NO.16080
PASS PATTERN NO.16081
PASS PATTERN NO.16082
PASS PATTERN NO.16083
PASS PATTERN NO.16084
PASS PATTERN NO.16085
PASS PATTERN NO.16086
PASS PATTERN NO.16087
PASS PATTERN NO.16088
PASS PATTERN NO.16089
PASS PATTERN NO.16090
PASS PATTERN NO.16091
PASS PATTERN NO.16092
PASS PATTERN NO.16093
PASS PATTERN NO.16094
PASS PATTERN NO.16095
PASS PATTERN NO.16096
PASS PATTERN NO.16097
PASS PATTERN NO.16098
PASS PATTERN NO.16099
PASS PATTERN NO.16100
PASS PATTERN NO.16101
PASS PATTERN NO.16102
PASS PATTERN NO.16103
PASS PATTERN NO.16104
PASS PATTERN NO.16105
PASS PATTERN NO.16106
PASS PATTERN NO.16107
PASS PATTERN NO.16108
PASS PATTERN NO.16109
PASS PATTERN NO.16110
PASS PATTERN NO.16111
PASS PATTERN NO.16112
PASS PATTERN NO.16113
PASS PATTERN NO.16114
PASS PATTERN NO.16115
PASS PATTERN NO.16116
PASS PATTERN NO.16117
PASS PATTERN NO.16118
PASS PATTERN NO.16119
PASS PATTERN NO.16120
PASS PATTERN NO.16121
PASS PATTERN NO.16122
PASS PATTERN NO.16123
PASS PATTERN NO.16124
PASS PATTERN NO.16125
PASS PATTERN NO.16126
PASS PATTERN NO.16127
PASS PATTERN NO.16128
PASS PATTERN NO.16129
PASS PATTERN NO.16130
PASS PATTERN NO.16131
PASS PATTERN NO.16132
PASS PATTERN NO.16133
PASS PATTERN NO.16134
PASS PATTERN NO.16135
PASS PATTERN NO.16136
PASS PATTERN NO.16137
PASS PATTERN NO.16138
PASS PATTERN NO.16139
PASS PATTERN NO.16140
PASS PATTERN NO.16141
PASS PATTERN NO.16142
PASS PATTERN NO.16143
PASS PATTERN NO.16144
PASS PATTERN NO.16145
PASS PATTERN NO.16146
PASS PATTERN NO.16147
PASS PATTERN NO.16148
PASS PATTERN NO.16149
PASS PATTERN NO.16150
PASS PATTERN NO.16151
PASS PATTERN NO.16152
PASS PATTERN NO.16153
PASS PATTERN NO.16154
PASS PATTERN NO.16155
PASS PATTERN NO.16156
PASS PATTERN NO.16157
PASS PATTERN NO.16158
PASS PATTERN NO.16159
PASS PATTERN NO.16160
PASS PATTERN NO.16161
PASS PATTERN NO.16162
PASS PATTERN NO.16163
PASS PATTERN NO.16164
PASS PATTERN NO.16165
PASS PATTERN NO.16166
PASS PATTERN NO.16167
PASS PATTERN NO.16168
PASS PATTERN NO.16169
PASS PATTERN NO.16170
PASS PATTERN NO.16171
PASS PATTERN NO.16172
PASS PATTERN NO.16173
PASS PATTERN NO.16174
PASS PATTERN NO.16175
PASS PATTERN NO.16176
PASS PATTERN NO.16177
PASS PATTERN NO.16178
PASS PATTERN NO.16179
PASS PATTERN NO.16180
PASS PATTERN NO.16181
PASS PATTERN NO.16182
PASS PATTERN NO.16183
PASS PATTERN NO.16184
PASS PATTERN NO.16185
PASS PATTERN NO.16186
PASS PATTERN NO.16187
PASS PATTERN NO.16188
PASS PATTERN NO.16189
PASS PATTERN NO.16190
PASS PATTERN NO.16191
PASS PATTERN NO.16192
PASS PATTERN NO.16193
PASS PATTERN NO.16194
PASS PATTERN NO.16195
PASS PATTERN NO.16196
PASS PATTERN NO.16197
PASS PATTERN NO.16198
PASS PATTERN NO.16199
PASS PATTERN NO.16200
PASS PATTERN NO.16201
PASS PATTERN NO.16202
PASS PATTERN NO.16203
PASS PATTERN NO.16204
PASS PATTERN NO.16205
PASS PATTERN NO.16206
PASS PATTERN NO.16207
PASS PATTERN NO.16208
PASS PATTERN NO.16209
PASS PATTERN NO.16210
PASS PATTERN NO.16211
PASS PATTERN NO.16212
PASS PATTERN NO.16213
PASS PATTERN NO.16214
PASS PATTERN NO.16215
PASS PATTERN NO.16216
PASS PATTERN NO.16217
PASS PATTERN NO.16218
PASS PATTERN NO.16219
PASS PATTERN NO.16220
PASS PATTERN NO.16221
PASS PATTERN NO.16222
PASS PATTERN NO.16223
PASS PATTERN NO.16224
PASS PATTERN NO.16225
PASS PATTERN NO.16226
PASS PATTERN NO.16227
PASS PATTERN NO.16228
PASS PATTERN NO.16229
PASS PATTERN NO.16230
PASS PATTERN NO.16231
PASS PATTERN NO.16232
PASS PATTERN NO.16233
PASS PATTERN NO.16234
PASS PATTERN NO.16235
PASS PATTERN NO.16236
PASS PATTERN NO.16237
PASS PATTERN NO.16238
PASS PATTERN NO.16239
PASS PATTERN NO.16240
PASS PATTERN NO.16241
PASS PATTERN NO.16242
PASS PATTERN NO.16243
PASS PATTERN NO.16244
PASS PATTERN NO.16245
PASS PATTERN NO.16246
PASS PATTERN NO.16247
PASS PATTERN NO.16248
PASS PATTERN NO.16249
PASS PATTERN NO.16250
PASS PATTERN NO.16251
PASS PATTERN NO.16252
PASS PATTERN NO.16253
PASS PATTERN NO.16254
PASS PATTERN NO.16255
PASS PATTERN NO.16256
PASS PATTERN NO.16257
PASS PATTERN NO.16258
PASS PATTERN NO.16259
PASS PATTERN NO.16260
PASS PATTERN NO.16261
PASS PATTERN NO.16262
PASS PATTERN NO.16263
PASS PATTERN NO.16264
PASS PATTERN NO.16265
PASS PATTERN NO.16266
PASS PATTERN NO.16267
PASS PATTERN NO.16268
PASS PATTERN NO.16269
PASS PATTERN NO.16270
PASS PATTERN NO.16271
PASS PATTERN NO.16272
PASS PATTERN NO.16273
PASS PATTERN NO.16274
PASS PATTERN NO.16275
PASS PATTERN NO.16276
PASS PATTERN NO.16277
PASS PATTERN NO.16278
PASS PATTERN NO.16279
PASS PATTERN NO.16280
PASS PATTERN NO.16281
PASS PATTERN NO.16282
PASS PATTERN NO.16283
PASS PATTERN NO.16284
PASS PATTERN NO.16285
PASS PATTERN NO.16286
PASS PATTERN NO.16287
PASS PATTERN NO.16288
PASS PATTERN NO.16289
PASS PATTERN NO.16290
PASS PATTERN NO.16291
PASS PATTERN NO.16292
PASS PATTERN NO.16293
PASS PATTERN NO.16294
PASS PATTERN NO.16295
PASS PATTERN NO.16296
PASS PATTERN NO.16297
PASS PATTERN NO.16298
PASS PATTERN NO.16299
PASS PATTERN NO.16300
PASS PATTERN NO.16301
PASS PATTERN NO.16302
PASS PATTERN NO.16303
PASS PATTERN NO.16304
PASS PATTERN NO.16305
PASS PATTERN NO.16306
PASS PATTERN NO.16307
PASS PATTERN NO.16308
PASS PATTERN NO.16309
PASS PATTERN NO.16310
PASS PATTERN NO.16311
PASS PATTERN NO.16312
PASS PATTERN NO.16313
PASS PATTERN NO.16314
PASS PATTERN NO.16315
PASS PATTERN NO.16316
PASS PATTERN NO.16317
PASS PATTERN NO.16318
PASS PATTERN NO.16319
PASS PATTERN NO.16320
PASS PATTERN NO.16321
PASS PATTERN NO.16322
PASS PATTERN NO.16323
PASS PATTERN NO.16324
PASS PATTERN NO.16325
PASS PATTERN NO.16326
PASS PATTERN NO.16327
PASS PATTERN NO.16328
PASS PATTERN NO.16329
PASS PATTERN NO.16330
PASS PATTERN NO.16331
PASS PATTERN NO.16332
PASS PATTERN NO.16333
PASS PATTERN NO.16334
PASS PATTERN NO.16335
PASS PATTERN NO.16336
PASS PATTERN NO.16337
PASS PATTERN NO.16338
PASS PATTERN NO.16339
PASS PATTERN NO.16340
PASS PATTERN NO.16341
PASS PATTERN NO.16342
PASS PATTERN NO.16343
PASS PATTERN NO.16344
PASS PATTERN NO.16345
PASS PATTERN NO.16346
PASS PATTERN NO.16347
PASS PATTERN NO.16348
PASS PATTERN NO.16349
PASS PATTERN NO.16350
PASS PATTERN NO.16351
PASS PATTERN NO.16352
PASS PATTERN NO.16353
PASS PATTERN NO.16354
PASS PATTERN NO.16355
PASS PATTERN NO.16356
PASS PATTERN NO.16357
PASS PATTERN NO.16358
PASS PATTERN NO.16359
PASS PATTERN NO.16360
PASS PATTERN NO.16361
PASS PATTERN NO.16362
PASS PATTERN NO.16363
PASS PATTERN NO.16364
PASS PATTERN NO.16365
PASS PATTERN NO.16366
PASS PATTERN NO.16367
PASS PATTERN NO.16368
PASS PATTERN NO.16369
PASS PATTERN NO.16370
PASS PATTERN NO.16371
PASS PATTERN NO.16372
PASS PATTERN NO.16373
PASS PATTERN NO.16374
PASS PATTERN NO.16375
PASS PATTERN NO.16376
PASS PATTERN NO.16377
PASS PATTERN NO.16378
PASS PATTERN NO.16379
PASS PATTERN NO.16380
PASS PATTERN NO.16381
PASS PATTERN NO.16382
PASS PATTERN NO.16383
PASS PATTERN NO.16384
PASS PATTERN NO.16385
PASS PATTERN NO.16386
PASS PATTERN NO.16387
PASS PATTERN NO.16388
PASS PATTERN NO.16389
PASS PATTERN NO.16390
PASS PATTERN NO.16391
PASS PATTERN NO.16392
PASS PATTERN NO.16393
PASS PATTERN NO.16394
PASS PATTERN NO.16395
PASS PATTERN NO.16396
PASS PATTERN NO.16397
PASS PATTERN NO.16398
PASS PATTERN NO.16399
PASS PATTERN NO.16400
PASS PATTERN NO.16401
PASS PATTERN NO.16402
PASS PATTERN NO.16403
PASS PATTERN NO.16404
PASS PATTERN NO.16405
PASS PATTERN NO.16406
PASS PATTERN NO.16407
PASS PATTERN NO.16408
PASS PATTERN NO.16409
PASS PATTERN NO.16410
PASS PATTERN NO.16411
PASS PATTERN NO.16412
PASS PATTERN NO.16413
PASS PATTERN NO.16414
PASS PATTERN NO.16415
PASS PATTERN NO.16416
PASS PATTERN NO.16417
PASS PATTERN NO.16418
PASS PATTERN NO.16419
PASS PATTERN NO.16420
PASS PATTERN NO.16421
PASS PATTERN NO.16422
PASS PATTERN NO.16423
PASS PATTERN NO.16424
PASS PATTERN NO.16425
PASS PATTERN NO.16426
PASS PATTERN NO.16427
PASS PATTERN NO.16428
PASS PATTERN NO.16429
PASS PATTERN NO.16430
PASS PATTERN NO.16431
PASS PATTERN NO.16432
PASS PATTERN NO.16433
PASS PATTERN NO.16434
PASS PATTERN NO.16435
PASS PATTERN NO.16436
PASS PATTERN NO.16437
PASS PATTERN NO.16438
PASS PATTERN NO.16439
PASS PATTERN NO.16440
PASS PATTERN NO.16441
PASS PATTERN NO.16442
PASS PATTERN NO.16443
PASS PATTERN NO.16444
PASS PATTERN NO.16445
PASS PATTERN NO.16446
PASS PATTERN NO.16447
PASS PATTERN NO.16448
PASS PATTERN NO.16449
PASS PATTERN NO.16450
PASS PATTERN NO.16451
PASS PATTERN NO.16452
PASS PATTERN NO.16453
PASS PATTERN NO.16454
PASS PATTERN NO.16455
PASS PATTERN NO.16456
PASS PATTERN NO.16457
PASS PATTERN NO.16458
PASS PATTERN NO.16459
PASS PATTERN NO.16460
PASS PATTERN NO.16461
PASS PATTERN NO.16462
PASS PATTERN NO.16463
PASS PATTERN NO.16464
PASS PATTERN NO.16465
PASS PATTERN NO.16466
PASS PATTERN NO.16467
PASS PATTERN NO.16468
PASS PATTERN NO.16469
PASS PATTERN NO.16470
PASS PATTERN NO.16471
PASS PATTERN NO.16472
PASS PATTERN NO.16473
PASS PATTERN NO.16474
PASS PATTERN NO.16475
PASS PATTERN NO.16476
PASS PATTERN NO.16477
PASS PATTERN NO.16478
PASS PATTERN NO.16479
PASS PATTERN NO.16480
PASS PATTERN NO.16481
PASS PATTERN NO.16482
PASS PATTERN NO.16483
PASS PATTERN NO.16484
PASS PATTERN NO.16485
PASS PATTERN NO.16486
PASS PATTERN NO.16487
PASS PATTERN NO.16488
PASS PATTERN NO.16489
PASS PATTERN NO.16490
PASS PATTERN NO.16491
PASS PATTERN NO.16492
PASS PATTERN NO.16493
PASS PATTERN NO.16494
PASS PATTERN NO.16495
PASS PATTERN NO.16496
PASS PATTERN NO.16497
PASS PATTERN NO.16498
PASS PATTERN NO.16499
PASS PATTERN NO.16500
PASS PATTERN NO.16501
PASS PATTERN NO.16502
PASS PATTERN NO.16503
PASS PATTERN NO.16504
PASS PATTERN NO.16505
PASS PATTERN NO.16506
PASS PATTERN NO.16507
PASS PATTERN NO.16508
PASS PATTERN NO.16509
PASS PATTERN NO.16510
PASS PATTERN NO.16511
PASS PATTERN NO.16512
PASS PATTERN NO.16513
PASS PATTERN NO.16514
PASS PATTERN NO.16515
PASS PATTERN NO.16516
PASS PATTERN NO.16517
PASS PATTERN NO.16518
PASS PATTERN NO.16519
PASS PATTERN NO.16520
PASS PATTERN NO.16521
PASS PATTERN NO.16522
PASS PATTERN NO.16523
PASS PATTERN NO.16524
PASS PATTERN NO.16525
PASS PATTERN NO.16526
PASS PATTERN NO.16527
PASS PATTERN NO.16528
PASS PATTERN NO.16529
PASS PATTERN NO.16530
PASS PATTERN NO.16531
PASS PATTERN NO.16532
PASS PATTERN NO.16533
PASS PATTERN NO.16534
PASS PATTERN NO.16535
PASS PATTERN NO.16536
PASS PATTERN NO.16537
PASS PATTERN NO.16538
PASS PATTERN NO.16539
PASS PATTERN NO.16540
PASS PATTERN NO.16541
PASS PATTERN NO.16542
PASS PATTERN NO.16543
PASS PATTERN NO.16544
PASS PATTERN NO.16545
PASS PATTERN NO.16546
PASS PATTERN NO.16547
PASS PATTERN NO.16548
PASS PATTERN NO.16549
PASS PATTERN NO.16550
PASS PATTERN NO.16551
PASS PATTERN NO.16552
PASS PATTERN NO.16553
PASS PATTERN NO.16554
PASS PATTERN NO.16555
PASS PATTERN NO.16556
PASS PATTERN NO.16557
PASS PATTERN NO.16558
PASS PATTERN NO.16559
PASS PATTERN NO.16560
PASS PATTERN NO.16561
PASS PATTERN NO.16562
PASS PATTERN NO.16563
PASS PATTERN NO.16564
PASS PATTERN NO.16565
PASS PATTERN NO.16566
PASS PATTERN NO.16567
PASS PATTERN NO.16568
PASS PATTERN NO.16569
PASS PATTERN NO.16570
PASS PATTERN NO.16571
PASS PATTERN NO.16572
PASS PATTERN NO.16573
PASS PATTERN NO.16574
PASS PATTERN NO.16575
PASS PATTERN NO.16576
PASS PATTERN NO.16577
PASS PATTERN NO.16578
PASS PATTERN NO.16579
PASS PATTERN NO.16580
PASS PATTERN NO.16581
PASS PATTERN NO.16582
PASS PATTERN NO.16583
PASS PATTERN NO.16584
PASS PATTERN NO.16585
PASS PATTERN NO.16586
PASS PATTERN NO.16587
PASS PATTERN NO.16588
PASS PATTERN NO.16589
PASS PATTERN NO.16590
PASS PATTERN NO.16591
PASS PATTERN NO.16592
PASS PATTERN NO.16593
PASS PATTERN NO.16594
PASS PATTERN NO.16595
PASS PATTERN NO.16596
PASS PATTERN NO.16597
PASS PATTERN NO.16598
PASS PATTERN NO.16599
PASS PATTERN NO.16600
PASS PATTERN NO.16601
PASS PATTERN NO.16602
PASS PATTERN NO.16603
PASS PATTERN NO.16604
PASS PATTERN NO.16605
PASS PATTERN NO.16606
PASS PATTERN NO.16607
PASS PATTERN NO.16608
PASS PATTERN NO.16609
PASS PATTERN NO.16610
PASS PATTERN NO.16611
PASS PATTERN NO.16612
PASS PATTERN NO.16613
PASS PATTERN NO.16614
PASS PATTERN NO.16615
PASS PATTERN NO.16616
PASS PATTERN NO.16617
PASS PATTERN NO.16618
PASS PATTERN NO.16619
PASS PATTERN NO.16620
PASS PATTERN NO.16621
PASS PATTERN NO.16622
PASS PATTERN NO.16623
PASS PATTERN NO.16624
PASS PATTERN NO.16625
PASS PATTERN NO.16626
PASS PATTERN NO.16627
PASS PATTERN NO.16628
PASS PATTERN NO.16629
PASS PATTERN NO.16630
PASS PATTERN NO.16631
PASS PATTERN NO.16632
PASS PATTERN NO.16633
PASS PATTERN NO.16634
PASS PATTERN NO.16635
PASS PATTERN NO.16636
PASS PATTERN NO.16637
PASS PATTERN NO.16638
PASS PATTERN NO.16639
PASS PATTERN NO.16640
PASS PATTERN NO.16641
PASS PATTERN NO.16642
PASS PATTERN NO.16643
PASS PATTERN NO.16644
PASS PATTERN NO.16645
PASS PATTERN NO.16646
PASS PATTERN NO.16647
PASS PATTERN NO.16648
PASS PATTERN NO.16649
PASS PATTERN NO.16650
PASS PATTERN NO.16651
PASS PATTERN NO.16652
PASS PATTERN NO.16653
PASS PATTERN NO.16654
PASS PATTERN NO.16655
PASS PATTERN NO.16656
PASS PATTERN NO.16657
PASS PATTERN NO.16658
PASS PATTERN NO.16659
PASS PATTERN NO.16660
PASS PATTERN NO.16661
PASS PATTERN NO.16662
PASS PATTERN NO.16663
PASS PATTERN NO.16664
PASS PATTERN NO.16665
PASS PATTERN NO.16666
PASS PATTERN NO.16667
PASS PATTERN NO.16668
PASS PATTERN NO.16669
PASS PATTERN NO.16670
PASS PATTERN NO.16671
PASS PATTERN NO.16672
PASS PATTERN NO.16673
PASS PATTERN NO.16674
PASS PATTERN NO.16675
PASS PATTERN NO.16676
PASS PATTERN NO.16677
PASS PATTERN NO.16678
PASS PATTERN NO.16679
PASS PATTERN NO.16680
PASS PATTERN NO.16681
PASS PATTERN NO.16682
PASS PATTERN NO.16683
PASS PATTERN NO.16684
PASS PATTERN NO.16685
PASS PATTERN NO.16686
PASS PATTERN NO.16687
PASS PATTERN NO.16688
PASS PATTERN NO.16689
PASS PATTERN NO.16690
PASS PATTERN NO.16691
PASS PATTERN NO.16692
PASS PATTERN NO.16693
PASS PATTERN NO.16694
PASS PATTERN NO.16695
PASS PATTERN NO.16696
PASS PATTERN NO.16697
PASS PATTERN NO.16698
PASS PATTERN NO.16699
PASS PATTERN NO.16700
PASS PATTERN NO.16701
PASS PATTERN NO.16702
PASS PATTERN NO.16703
PASS PATTERN NO.16704
PASS PATTERN NO.16705
PASS PATTERN NO.16706
PASS PATTERN NO.16707
PASS PATTERN NO.16708
PASS PATTERN NO.16709
PASS PATTERN NO.16710
PASS PATTERN NO.16711
PASS PATTERN NO.16712
PASS PATTERN NO.16713
PASS PATTERN NO.16714
PASS PATTERN NO.16715
PASS PATTERN NO.16716
PASS PATTERN NO.16717
PASS PATTERN NO.16718
PASS PATTERN NO.16719
PASS PATTERN NO.16720
PASS PATTERN NO.16721
PASS PATTERN NO.16722
PASS PATTERN NO.16723
PASS PATTERN NO.16724
PASS PATTERN NO.16725
PASS PATTERN NO.16726
PASS PATTERN NO.16727
PASS PATTERN NO.16728
PASS PATTERN NO.16729
PASS PATTERN NO.16730
PASS PATTERN NO.16731
PASS PATTERN NO.16732
PASS PATTERN NO.16733
PASS PATTERN NO.16734
PASS PATTERN NO.16735
PASS PATTERN NO.16736
PASS PATTERN NO.16737
PASS PATTERN NO.16738
PASS PATTERN NO.16739
PASS PATTERN NO.16740
PASS PATTERN NO.16741
PASS PATTERN NO.16742
PASS PATTERN NO.16743
PASS PATTERN NO.16744
PASS PATTERN NO.16745
PASS PATTERN NO.16746
PASS PATTERN NO.16747
PASS PATTERN NO.16748
PASS PATTERN NO.16749
PASS PATTERN NO.16750
PASS PATTERN NO.16751
PASS PATTERN NO.16752
PASS PATTERN NO.16753
PASS PATTERN NO.16754
PASS PATTERN NO.16755
PASS PATTERN NO.16756
PASS PATTERN NO.16757
PASS PATTERN NO.16758
PASS PATTERN NO.16759
PASS PATTERN NO.16760
PASS PATTERN NO.16761
PASS PATTERN NO.16762
PASS PATTERN NO.16763
PASS PATTERN NO.16764
PASS PATTERN NO.16765
PASS PATTERN NO.16766
PASS PATTERN NO.16767
PASS PATTERN NO.16768
PASS PATTERN NO.16769
PASS PATTERN NO.16770
PASS PATTERN NO.16771
PASS PATTERN NO.16772
PASS PATTERN NO.16773
PASS PATTERN NO.16774
PASS PATTERN NO.16775
PASS PATTERN NO.16776
PASS PATTERN NO.16777
PASS PATTERN NO.16778
PASS PATTERN NO.16779
PASS PATTERN NO.16780
PASS PATTERN NO.16781
PASS PATTERN NO.16782
PASS PATTERN NO.16783
PASS PATTERN NO.16784
PASS PATTERN NO.16785
PASS PATTERN NO.16786
PASS PATTERN NO.16787
PASS PATTERN NO.16788
PASS PATTERN NO.16789
PASS PATTERN NO.16790
PASS PATTERN NO.16791
PASS PATTERN NO.16792
PASS PATTERN NO.16793
PASS PATTERN NO.16794
PASS PATTERN NO.16795
PASS PATTERN NO.16796
PASS PATTERN NO.16797
PASS PATTERN NO.16798
PASS PATTERN NO.16799
PASS PATTERN NO.16800
PASS PATTERN NO.16801
PASS PATTERN NO.16802
PASS PATTERN NO.16803
PASS PATTERN NO.16804
PASS PATTERN NO.16805
PASS PATTERN NO.16806
PASS PATTERN NO.16807
PASS PATTERN NO.16808
PASS PATTERN NO.16809
PASS PATTERN NO.16810
PASS PATTERN NO.16811
PASS PATTERN NO.16812
PASS PATTERN NO.16813
PASS PATTERN NO.16814
PASS PATTERN NO.16815
PASS PATTERN NO.16816
PASS PATTERN NO.16817
PASS PATTERN NO.16818
PASS PATTERN NO.16819
PASS PATTERN NO.16820
PASS PATTERN NO.16821
PASS PATTERN NO.16822
PASS PATTERN NO.16823
PASS PATTERN NO.16824
PASS PATTERN NO.16825
PASS PATTERN NO.16826
PASS PATTERN NO.16827
PASS PATTERN NO.16828
PASS PATTERN NO.16829
PASS PATTERN NO.16830
PASS PATTERN NO.16831
PASS PATTERN NO.16832
PASS PATTERN NO.16833
PASS PATTERN NO.16834
PASS PATTERN NO.16835
PASS PATTERN NO.16836
PASS PATTERN NO.16837
PASS PATTERN NO.16838
PASS PATTERN NO.16839
PASS PATTERN NO.16840
PASS PATTERN NO.16841
PASS PATTERN NO.16842
PASS PATTERN NO.16843
PASS PATTERN NO.16844
PASS PATTERN NO.16845
PASS PATTERN NO.16846
PASS PATTERN NO.16847
PASS PATTERN NO.16848
PASS PATTERN NO.16849
PASS PATTERN NO.16850
PASS PATTERN NO.16851
PASS PATTERN NO.16852
PASS PATTERN NO.16853
PASS PATTERN NO.16854
PASS PATTERN NO.16855
PASS PATTERN NO.16856
PASS PATTERN NO.16857
PASS PATTERN NO.16858
PASS PATTERN NO.16859
PASS PATTERN NO.16860
PASS PATTERN NO.16861
PASS PATTERN NO.16862
PASS PATTERN NO.16863
PASS PATTERN NO.16864
PASS PATTERN NO.16865
PASS PATTERN NO.16866
PASS PATTERN NO.16867
PASS PATTERN NO.16868
PASS PATTERN NO.16869
PASS PATTERN NO.16870
PASS PATTERN NO.16871
PASS PATTERN NO.16872
PASS PATTERN NO.16873
PASS PATTERN NO.16874
PASS PATTERN NO.16875
PASS PATTERN NO.16876
PASS PATTERN NO.16877
PASS PATTERN NO.16878
PASS PATTERN NO.16879
PASS PATTERN NO.16880
PASS PATTERN NO.16881
PASS PATTERN NO.16882
PASS PATTERN NO.16883
PASS PATTERN NO.16884
PASS PATTERN NO.16885
PASS PATTERN NO.16886
PASS PATTERN NO.16887
PASS PATTERN NO.16888
PASS PATTERN NO.16889
PASS PATTERN NO.16890
PASS PATTERN NO.16891
PASS PATTERN NO.16892
PASS PATTERN NO.16893
PASS PATTERN NO.16894
PASS PATTERN NO.16895
PASS PATTERN NO.16896
PASS PATTERN NO.16897
PASS PATTERN NO.16898
PASS PATTERN NO.16899
PASS PATTERN NO.16900
PASS PATTERN NO.16901
PASS PATTERN NO.16902
PASS PATTERN NO.16903
PASS PATTERN NO.16904
PASS PATTERN NO.16905
PASS PATTERN NO.16906
PASS PATTERN NO.16907
PASS PATTERN NO.16908
PASS PATTERN NO.16909
PASS PATTERN NO.16910
PASS PATTERN NO.16911
PASS PATTERN NO.16912
PASS PATTERN NO.16913
PASS PATTERN NO.16914
PASS PATTERN NO.16915
PASS PATTERN NO.16916
PASS PATTERN NO.16917
PASS PATTERN NO.16918
PASS PATTERN NO.16919
PASS PATTERN NO.16920
PASS PATTERN NO.16921
PASS PATTERN NO.16922
PASS PATTERN NO.16923
PASS PATTERN NO.16924
PASS PATTERN NO.16925
PASS PATTERN NO.16926
PASS PATTERN NO.16927
PASS PATTERN NO.16928
PASS PATTERN NO.16929
PASS PATTERN NO.16930
PASS PATTERN NO.16931
PASS PATTERN NO.16932
PASS PATTERN NO.16933
PASS PATTERN NO.16934
PASS PATTERN NO.16935
PASS PATTERN NO.16936
PASS PATTERN NO.16937
PASS PATTERN NO.16938
PASS PATTERN NO.16939
PASS PATTERN NO.16940
PASS PATTERN NO.16941
PASS PATTERN NO.16942
PASS PATTERN NO.16943
PASS PATTERN NO.16944
PASS PATTERN NO.16945
PASS PATTERN NO.16946
PASS PATTERN NO.16947
PASS PATTERN NO.16948
PASS PATTERN NO.16949
PASS PATTERN NO.16950
PASS PATTERN NO.16951
PASS PATTERN NO.16952
PASS PATTERN NO.16953
PASS PATTERN NO.16954
PASS PATTERN NO.16955
PASS PATTERN NO.16956
PASS PATTERN NO.16957
PASS PATTERN NO.16958
PASS PATTERN NO.16959
PASS PATTERN NO.16960
PASS PATTERN NO.16961
PASS PATTERN NO.16962
PASS PATTERN NO.16963
PASS PATTERN NO.16964
PASS PATTERN NO.16965
PASS PATTERN NO.16966
PASS PATTERN NO.16967
PASS PATTERN NO.16968
PASS PATTERN NO.16969
PASS PATTERN NO.16970
PASS PATTERN NO.16971
PASS PATTERN NO.16972
PASS PATTERN NO.16973
PASS PATTERN NO.16974
PASS PATTERN NO.16975
PASS PATTERN NO.16976
PASS PATTERN NO.16977
PASS PATTERN NO.16978
PASS PATTERN NO.16979
PASS PATTERN NO.16980
PASS PATTERN NO.16981
PASS PATTERN NO.16982
PASS PATTERN NO.16983
PASS PATTERN NO.16984
PASS PATTERN NO.16985
PASS PATTERN NO.16986
PASS PATTERN NO.16987
PASS PATTERN NO.16988
PASS PATTERN NO.16989
PASS PATTERN NO.16990
PASS PATTERN NO.16991
PASS PATTERN NO.16992
PASS PATTERN NO.16993
PASS PATTERN NO.16994
PASS PATTERN NO.16995
PASS PATTERN NO.16996
PASS PATTERN NO.16997
PASS PATTERN NO.16998
PASS PATTERN NO.16999
PASS PATTERN NO.17000
PASS PATTERN NO.17001
PASS PATTERN NO.17002
PASS PATTERN NO.17003
PASS PATTERN NO.17004
PASS PATTERN NO.17005
PASS PATTERN NO.17006
PASS PATTERN NO.17007
PASS PATTERN NO.17008
PASS PATTERN NO.17009
PASS PATTERN NO.17010
PASS PATTERN NO.17011
PASS PATTERN NO.17012
PASS PATTERN NO.17013
PASS PATTERN NO.17014
PASS PATTERN NO.17015
PASS PATTERN NO.17016
PASS PATTERN NO.17017
PASS PATTERN NO.17018
PASS PATTERN NO.17019
PASS PATTERN NO.17020
PASS PATTERN NO.17021
PASS PATTERN NO.17022
PASS PATTERN NO.17023
PASS PATTERN NO.17024
PASS PATTERN NO.17025
PASS PATTERN NO.17026
PASS PATTERN NO.17027
PASS PATTERN NO.17028
PASS PATTERN NO.17029
PASS PATTERN NO.17030
PASS PATTERN NO.17031
PASS PATTERN NO.17032
PASS PATTERN NO.17033
PASS PATTERN NO.17034
PASS PATTERN NO.17035
PASS PATTERN NO.17036
PASS PATTERN NO.17037
PASS PATTERN NO.17038
PASS PATTERN NO.17039
PASS PATTERN NO.17040
PASS PATTERN NO.17041
PASS PATTERN NO.17042
PASS PATTERN NO.17043
PASS PATTERN NO.17044
PASS PATTERN NO.17045
PASS PATTERN NO.17046
PASS PATTERN NO.17047
PASS PATTERN NO.17048
PASS PATTERN NO.17049
PASS PATTERN NO.17050
PASS PATTERN NO.17051
PASS PATTERN NO.17052
PASS PATTERN NO.17053
PASS PATTERN NO.17054
PASS PATTERN NO.17055
PASS PATTERN NO.17056
PASS PATTERN NO.17057
PASS PATTERN NO.17058
PASS PATTERN NO.17059
PASS PATTERN NO.17060
PASS PATTERN NO.17061
PASS PATTERN NO.17062
PASS PATTERN NO.17063
PASS PATTERN NO.17064
PASS PATTERN NO.17065
PASS PATTERN NO.17066
PASS PATTERN NO.17067
PASS PATTERN NO.17068
PASS PATTERN NO.17069
PASS PATTERN NO.17070
PASS PATTERN NO.17071
PASS PATTERN NO.17072
PASS PATTERN NO.17073
PASS PATTERN NO.17074
PASS PATTERN NO.17075
PASS PATTERN NO.17076
PASS PATTERN NO.17077
PASS PATTERN NO.17078
PASS PATTERN NO.17079
PASS PATTERN NO.17080
PASS PATTERN NO.17081
PASS PATTERN NO.17082
PASS PATTERN NO.17083
PASS PATTERN NO.17084
PASS PATTERN NO.17085
PASS PATTERN NO.17086
PASS PATTERN NO.17087
PASS PATTERN NO.17088
PASS PATTERN NO.17089
PASS PATTERN NO.17090
PASS PATTERN NO.17091
PASS PATTERN NO.17092
PASS PATTERN NO.17093
PASS PATTERN NO.17094
PASS PATTERN NO.17095
PASS PATTERN NO.17096
PASS PATTERN NO.17097
PASS PATTERN NO.17098
PASS PATTERN NO.17099
PASS PATTERN NO.17100
PASS PATTERN NO.17101
PASS PATTERN NO.17102
PASS PATTERN NO.17103
PASS PATTERN NO.17104
PASS PATTERN NO.17105
PASS PATTERN NO.17106
PASS PATTERN NO.17107
PASS PATTERN NO.17108
PASS PATTERN NO.17109
PASS PATTERN NO.17110
PASS PATTERN NO.17111
PASS PATTERN NO.17112
PASS PATTERN NO.17113
PASS PATTERN NO.17114
PASS PATTERN NO.17115
PASS PATTERN NO.17116
PASS PATTERN NO.17117
PASS PATTERN NO.17118
PASS PATTERN NO.17119
PASS PATTERN NO.17120
PASS PATTERN NO.17121
PASS PATTERN NO.17122
PASS PATTERN NO.17123
PASS PATTERN NO.17124
PASS PATTERN NO.17125
PASS PATTERN NO.17126
PASS PATTERN NO.17127
PASS PATTERN NO.17128
PASS PATTERN NO.17129
PASS PATTERN NO.17130
PASS PATTERN NO.17131
PASS PATTERN NO.17132
PASS PATTERN NO.17133
PASS PATTERN NO.17134
PASS PATTERN NO.17135
PASS PATTERN NO.17136
PASS PATTERN NO.17137
PASS PATTERN NO.17138
PASS PATTERN NO.17139
PASS PATTERN NO.17140
PASS PATTERN NO.17141
PASS PATTERN NO.17142
PASS PATTERN NO.17143
PASS PATTERN NO.17144
PASS PATTERN NO.17145
PASS PATTERN NO.17146
PASS PATTERN NO.17147
PASS PATTERN NO.17148
PASS PATTERN NO.17149
PASS PATTERN NO.17150
PASS PATTERN NO.17151
PASS PATTERN NO.17152
PASS PATTERN NO.17153
PASS PATTERN NO.17154
PASS PATTERN NO.17155
PASS PATTERN NO.17156
PASS PATTERN NO.17157
PASS PATTERN NO.17158
PASS PATTERN NO.17159
PASS PATTERN NO.17160
PASS PATTERN NO.17161
PASS PATTERN NO.17162
PASS PATTERN NO.17163
PASS PATTERN NO.17164
PASS PATTERN NO.17165
PASS PATTERN NO.17166
PASS PATTERN NO.17167
PASS PATTERN NO.17168
PASS PATTERN NO.17169
PASS PATTERN NO.17170
PASS PATTERN NO.17171
PASS PATTERN NO.17172
PASS PATTERN NO.17173
PASS PATTERN NO.17174
PASS PATTERN NO.17175
PASS PATTERN NO.17176
PASS PATTERN NO.17177
PASS PATTERN NO.17178
PASS PATTERN NO.17179
PASS PATTERN NO.17180
PASS PATTERN NO.17181
PASS PATTERN NO.17182
PASS PATTERN NO.17183
PASS PATTERN NO.17184
PASS PATTERN NO.17185
PASS PATTERN NO.17186
PASS PATTERN NO.17187
PASS PATTERN NO.17188
PASS PATTERN NO.17189
PASS PATTERN NO.17190
PASS PATTERN NO.17191
PASS PATTERN NO.17192
PASS PATTERN NO.17193
PASS PATTERN NO.17194
PASS PATTERN NO.17195
PASS PATTERN NO.17196
PASS PATTERN NO.17197
PASS PATTERN NO.17198
PASS PATTERN NO.17199
PASS PATTERN NO.17200
PASS PATTERN NO.17201
PASS PATTERN NO.17202
PASS PATTERN NO.17203
PASS PATTERN NO.17204
PASS PATTERN NO.17205
PASS PATTERN NO.17206
PASS PATTERN NO.17207
PASS PATTERN NO.17208
PASS PATTERN NO.17209
PASS PATTERN NO.17210
PASS PATTERN NO.17211
PASS PATTERN NO.17212
PASS PATTERN NO.17213
PASS PATTERN NO.17214
PASS PATTERN NO.17215
PASS PATTERN NO.17216
PASS PATTERN NO.17217
PASS PATTERN NO.17218
PASS PATTERN NO.17219
PASS PATTERN NO.17220
PASS PATTERN NO.17221
PASS PATTERN NO.17222
PASS PATTERN NO.17223
PASS PATTERN NO.17224
PASS PATTERN NO.17225
PASS PATTERN NO.17226
PASS PATTERN NO.17227
PASS PATTERN NO.17228
PASS PATTERN NO.17229
PASS PATTERN NO.17230
PASS PATTERN NO.17231
PASS PATTERN NO.17232
PASS PATTERN NO.17233
PASS PATTERN NO.17234
PASS PATTERN NO.17235
PASS PATTERN NO.17236
PASS PATTERN NO.17237
PASS PATTERN NO.17238
PASS PATTERN NO.17239
PASS PATTERN NO.17240
PASS PATTERN NO.17241
PASS PATTERN NO.17242
PASS PATTERN NO.17243
PASS PATTERN NO.17244
PASS PATTERN NO.17245
PASS PATTERN NO.17246
PASS PATTERN NO.17247
PASS PATTERN NO.17248
PASS PATTERN NO.17249
PASS PATTERN NO.17250
PASS PATTERN NO.17251
PASS PATTERN NO.17252
PASS PATTERN NO.17253
PASS PATTERN NO.17254
PASS PATTERN NO.17255
PASS PATTERN NO.17256
PASS PATTERN NO.17257
PASS PATTERN NO.17258
PASS PATTERN NO.17259
PASS PATTERN NO.17260
PASS PATTERN NO.17261
PASS PATTERN NO.17262
PASS PATTERN NO.17263
PASS PATTERN NO.17264
PASS PATTERN NO.17265
PASS PATTERN NO.17266
PASS PATTERN NO.17267
PASS PATTERN NO.17268
PASS PATTERN NO.17269
PASS PATTERN NO.17270
PASS PATTERN NO.17271
PASS PATTERN NO.17272
PASS PATTERN NO.17273
PASS PATTERN NO.17274
PASS PATTERN NO.17275
PASS PATTERN NO.17276
PASS PATTERN NO.17277
PASS PATTERN NO.17278
PASS PATTERN NO.17279
PASS PATTERN NO.17280
PASS PATTERN NO.17281
PASS PATTERN NO.17282
PASS PATTERN NO.17283
PASS PATTERN NO.17284
PASS PATTERN NO.17285
PASS PATTERN NO.17286
PASS PATTERN NO.17287
PASS PATTERN NO.17288
PASS PATTERN NO.17289
PASS PATTERN NO.17290
PASS PATTERN NO.17291
PASS PATTERN NO.17292
PASS PATTERN NO.17293
PASS PATTERN NO.17294
PASS PATTERN NO.17295
PASS PATTERN NO.17296
PASS PATTERN NO.17297
PASS PATTERN NO.17298
PASS PATTERN NO.17299
PASS PATTERN NO.17300
PASS PATTERN NO.17301
PASS PATTERN NO.17302
PASS PATTERN NO.17303
PASS PATTERN NO.17304
PASS PATTERN NO.17305
PASS PATTERN NO.17306
PASS PATTERN NO.17307
PASS PATTERN NO.17308
PASS PATTERN NO.17309
PASS PATTERN NO.17310
PASS PATTERN NO.17311
PASS PATTERN NO.17312
PASS PATTERN NO.17313
PASS PATTERN NO.17314
PASS PATTERN NO.17315
PASS PATTERN NO.17316
PASS PATTERN NO.17317
PASS PATTERN NO.17318
PASS PATTERN NO.17319
PASS PATTERN NO.17320
PASS PATTERN NO.17321
PASS PATTERN NO.17322
PASS PATTERN NO.17323
PASS PATTERN NO.17324
PASS PATTERN NO.17325
PASS PATTERN NO.17326
PASS PATTERN NO.17327
PASS PATTERN NO.17328
PASS PATTERN NO.17329
PASS PATTERN NO.17330
PASS PATTERN NO.17331
PASS PATTERN NO.17332
PASS PATTERN NO.17333
PASS PATTERN NO.17334
PASS PATTERN NO.17335
PASS PATTERN NO.17336
PASS PATTERN NO.17337
PASS PATTERN NO.17338
PASS PATTERN NO.17339
PASS PATTERN NO.17340
PASS PATTERN NO.17341
PASS PATTERN NO.17342
PASS PATTERN NO.17343
PASS PATTERN NO.17344
PASS PATTERN NO.17345
PASS PATTERN NO.17346
PASS PATTERN NO.17347
PASS PATTERN NO.17348
PASS PATTERN NO.17349
PASS PATTERN NO.17350
PASS PATTERN NO.17351
PASS PATTERN NO.17352
PASS PATTERN NO.17353
PASS PATTERN NO.17354
PASS PATTERN NO.17355
PASS PATTERN NO.17356
PASS PATTERN NO.17357
PASS PATTERN NO.17358
PASS PATTERN NO.17359
PASS PATTERN NO.17360
PASS PATTERN NO.17361
PASS PATTERN NO.17362
PASS PATTERN NO.17363
PASS PATTERN NO.17364
PASS PATTERN NO.17365
PASS PATTERN NO.17366
PASS PATTERN NO.17367
PASS PATTERN NO.17368
PASS PATTERN NO.17369
PASS PATTERN NO.17370
PASS PATTERN NO.17371
PASS PATTERN NO.17372
PASS PATTERN NO.17373
PASS PATTERN NO.17374
PASS PATTERN NO.17375
PASS PATTERN NO.17376
PASS PATTERN NO.17377
PASS PATTERN NO.17378
PASS PATTERN NO.17379
PASS PATTERN NO.17380
PASS PATTERN NO.17381
PASS PATTERN NO.17382
PASS PATTERN NO.17383
PASS PATTERN NO.17384
PASS PATTERN NO.17385
PASS PATTERN NO.17386
PASS PATTERN NO.17387
PASS PATTERN NO.17388
PASS PATTERN NO.17389
PASS PATTERN NO.17390
PASS PATTERN NO.17391
PASS PATTERN NO.17392
PASS PATTERN NO.17393
PASS PATTERN NO.17394
PASS PATTERN NO.17395
PASS PATTERN NO.17396
PASS PATTERN NO.17397
PASS PATTERN NO.17398
PASS PATTERN NO.17399
PASS PATTERN NO.17400
PASS PATTERN NO.17401
PASS PATTERN NO.17402
PASS PATTERN NO.17403
PASS PATTERN NO.17404
PASS PATTERN NO.17405
PASS PATTERN NO.17406
PASS PATTERN NO.17407
PASS PATTERN NO.17408
PASS PATTERN NO.17409
PASS PATTERN NO.17410
PASS PATTERN NO.17411
PASS PATTERN NO.17412
PASS PATTERN NO.17413
PASS PATTERN NO.17414
PASS PATTERN NO.17415
PASS PATTERN NO.17416
PASS PATTERN NO.17417
PASS PATTERN NO.17418
PASS PATTERN NO.17419
PASS PATTERN NO.17420
PASS PATTERN NO.17421
PASS PATTERN NO.17422
PASS PATTERN NO.17423
PASS PATTERN NO.17424
PASS PATTERN NO.17425
PASS PATTERN NO.17426
PASS PATTERN NO.17427
PASS PATTERN NO.17428
PASS PATTERN NO.17429
PASS PATTERN NO.17430
PASS PATTERN NO.17431
PASS PATTERN NO.17432
PASS PATTERN NO.17433
PASS PATTERN NO.17434
PASS PATTERN NO.17435
PASS PATTERN NO.17436
PASS PATTERN NO.17437
PASS PATTERN NO.17438
PASS PATTERN NO.17439
PASS PATTERN NO.17440
PASS PATTERN NO.17441
PASS PATTERN NO.17442
PASS PATTERN NO.17443
PASS PATTERN NO.17444
PASS PATTERN NO.17445
PASS PATTERN NO.17446
PASS PATTERN NO.17447
PASS PATTERN NO.17448
PASS PATTERN NO.17449
PASS PATTERN NO.17450
PASS PATTERN NO.17451
PASS PATTERN NO.17452
PASS PATTERN NO.17453
PASS PATTERN NO.17454
PASS PATTERN NO.17455
PASS PATTERN NO.17456
PASS PATTERN NO.17457
PASS PATTERN NO.17458
PASS PATTERN NO.17459
PASS PATTERN NO.17460
PASS PATTERN NO.17461
PASS PATTERN NO.17462
PASS PATTERN NO.17463
PASS PATTERN NO.17464
PASS PATTERN NO.17465
PASS PATTERN NO.17466
PASS PATTERN NO.17467
PASS PATTERN NO.17468
PASS PATTERN NO.17469
PASS PATTERN NO.17470
PASS PATTERN NO.17471
PASS PATTERN NO.17472
PASS PATTERN NO.17473
PASS PATTERN NO.17474
PASS PATTERN NO.17475
PASS PATTERN NO.17476
PASS PATTERN NO.17477
PASS PATTERN NO.17478
PASS PATTERN NO.17479
PASS PATTERN NO.17480
PASS PATTERN NO.17481
PASS PATTERN NO.17482
PASS PATTERN NO.17483
PASS PATTERN NO.17484
PASS PATTERN NO.17485
PASS PATTERN NO.17486
PASS PATTERN NO.17487
PASS PATTERN NO.17488
PASS PATTERN NO.17489
PASS PATTERN NO.17490
PASS PATTERN NO.17491
PASS PATTERN NO.17492
PASS PATTERN NO.17493
PASS PATTERN NO.17494
PASS PATTERN NO.17495
PASS PATTERN NO.17496
PASS PATTERN NO.17497
PASS PATTERN NO.17498
PASS PATTERN NO.17499
PASS PATTERN NO.17500
PASS PATTERN NO.17501
PASS PATTERN NO.17502
PASS PATTERN NO.17503
PASS PATTERN NO.17504
PASS PATTERN NO.17505
PASS PATTERN NO.17506
PASS PATTERN NO.17507
PASS PATTERN NO.17508
PASS PATTERN NO.17509
PASS PATTERN NO.17510
PASS PATTERN NO.17511
PASS PATTERN NO.17512
PASS PATTERN NO.17513
PASS PATTERN NO.17514
PASS PATTERN NO.17515
PASS PATTERN NO.17516
PASS PATTERN NO.17517
PASS PATTERN NO.17518
PASS PATTERN NO.17519
PASS PATTERN NO.17520
PASS PATTERN NO.17521
PASS PATTERN NO.17522
PASS PATTERN NO.17523
PASS PATTERN NO.17524
PASS PATTERN NO.17525
PASS PATTERN NO.17526
PASS PATTERN NO.17527
PASS PATTERN NO.17528
PASS PATTERN NO.17529
PASS PATTERN NO.17530
PASS PATTERN NO.17531
PASS PATTERN NO.17532
PASS PATTERN NO.17533
PASS PATTERN NO.17534
PASS PATTERN NO.17535
PASS PATTERN NO.17536
PASS PATTERN NO.17537
PASS PATTERN NO.17538
PASS PATTERN NO.17539
PASS PATTERN NO.17540
PASS PATTERN NO.17541
PASS PATTERN NO.17542
PASS PATTERN NO.17543
PASS PATTERN NO.17544
PASS PATTERN NO.17545
PASS PATTERN NO.17546
PASS PATTERN NO.17547
PASS PATTERN NO.17548
PASS PATTERN NO.17549
PASS PATTERN NO.17550
PASS PATTERN NO.17551
PASS PATTERN NO.17552
PASS PATTERN NO.17553
PASS PATTERN NO.17554
PASS PATTERN NO.17555
PASS PATTERN NO.17556
PASS PATTERN NO.17557
PASS PATTERN NO.17558
PASS PATTERN NO.17559
PASS PATTERN NO.17560
PASS PATTERN NO.17561
PASS PATTERN NO.17562
PASS PATTERN NO.17563
PASS PATTERN NO.17564
PASS PATTERN NO.17565
PASS PATTERN NO.17566
PASS PATTERN NO.17567
PASS PATTERN NO.17568
PASS PATTERN NO.17569
PASS PATTERN NO.17570
PASS PATTERN NO.17571
PASS PATTERN NO.17572
PASS PATTERN NO.17573
PASS PATTERN NO.17574
PASS PATTERN NO.17575
PASS PATTERN NO.17576
PASS PATTERN NO.17577
PASS PATTERN NO.17578
PASS PATTERN NO.17579
PASS PATTERN NO.17580
PASS PATTERN NO.17581
PASS PATTERN NO.17582
PASS PATTERN NO.17583
PASS PATTERN NO.17584
PASS PATTERN NO.17585
PASS PATTERN NO.17586
PASS PATTERN NO.17587
PASS PATTERN NO.17588
PASS PATTERN NO.17589
PASS PATTERN NO.17590
PASS PATTERN NO.17591
PASS PATTERN NO.17592
PASS PATTERN NO.17593
PASS PATTERN NO.17594
PASS PATTERN NO.17595
PASS PATTERN NO.17596
PASS PATTERN NO.17597
PASS PATTERN NO.17598
PASS PATTERN NO.17599
PASS PATTERN NO.17600
PASS PATTERN NO.17601
PASS PATTERN NO.17602
PASS PATTERN NO.17603
PASS PATTERN NO.17604
PASS PATTERN NO.17605
PASS PATTERN NO.17606
PASS PATTERN NO.17607
PASS PATTERN NO.17608
PASS PATTERN NO.17609
PASS PATTERN NO.17610
PASS PATTERN NO.17611
PASS PATTERN NO.17612
PASS PATTERN NO.17613
PASS PATTERN NO.17614
PASS PATTERN NO.17615
PASS PATTERN NO.17616
PASS PATTERN NO.17617
PASS PATTERN NO.17618
PASS PATTERN NO.17619
PASS PATTERN NO.17620
PASS PATTERN NO.17621
PASS PATTERN NO.17622
PASS PATTERN NO.17623
PASS PATTERN NO.17624
PASS PATTERN NO.17625
PASS PATTERN NO.17626
PASS PATTERN NO.17627
PASS PATTERN NO.17628
PASS PATTERN NO.17629
PASS PATTERN NO.17630
PASS PATTERN NO.17631
PASS PATTERN NO.17632
PASS PATTERN NO.17633
PASS PATTERN NO.17634
PASS PATTERN NO.17635
PASS PATTERN NO.17636
PASS PATTERN NO.17637
PASS PATTERN NO.17638
PASS PATTERN NO.17639
PASS PATTERN NO.17640
PASS PATTERN NO.17641
PASS PATTERN NO.17642
PASS PATTERN NO.17643
PASS PATTERN NO.17644
PASS PATTERN NO.17645
PASS PATTERN NO.17646
PASS PATTERN NO.17647
PASS PATTERN NO.17648
PASS PATTERN NO.17649
PASS PATTERN NO.17650
PASS PATTERN NO.17651
PASS PATTERN NO.17652
PASS PATTERN NO.17653
PASS PATTERN NO.17654
PASS PATTERN NO.17655
PASS PATTERN NO.17656
PASS PATTERN NO.17657
PASS PATTERN NO.17658
PASS PATTERN NO.17659
PASS PATTERN NO.17660
PASS PATTERN NO.17661
PASS PATTERN NO.17662
PASS PATTERN NO.17663
PASS PATTERN NO.17664
PASS PATTERN NO.17665
PASS PATTERN NO.17666
PASS PATTERN NO.17667
PASS PATTERN NO.17668
PASS PATTERN NO.17669
PASS PATTERN NO.17670
PASS PATTERN NO.17671
PASS PATTERN NO.17672
PASS PATTERN NO.17673
PASS PATTERN NO.17674
PASS PATTERN NO.17675
PASS PATTERN NO.17676
PASS PATTERN NO.17677
PASS PATTERN NO.17678
PASS PATTERN NO.17679
PASS PATTERN NO.17680
PASS PATTERN NO.17681
PASS PATTERN NO.17682
PASS PATTERN NO.17683
PASS PATTERN NO.17684
PASS PATTERN NO.17685
PASS PATTERN NO.17686
PASS PATTERN NO.17687
PASS PATTERN NO.17688
PASS PATTERN NO.17689
PASS PATTERN NO.17690
PASS PATTERN NO.17691
PASS PATTERN NO.17692
PASS PATTERN NO.17693
PASS PATTERN NO.17694
PASS PATTERN NO.17695
PASS PATTERN NO.17696
PASS PATTERN NO.17697
PASS PATTERN NO.17698
PASS PATTERN NO.17699
PASS PATTERN NO.17700
PASS PATTERN NO.17701
PASS PATTERN NO.17702
PASS PATTERN NO.17703
PASS PATTERN NO.17704
PASS PATTERN NO.17705
PASS PATTERN NO.17706
PASS PATTERN NO.17707
PASS PATTERN NO.17708
PASS PATTERN NO.17709
PASS PATTERN NO.17710
PASS PATTERN NO.17711
PASS PATTERN NO.17712
PASS PATTERN NO.17713
PASS PATTERN NO.17714
PASS PATTERN NO.17715
PASS PATTERN NO.17716
PASS PATTERN NO.17717
PASS PATTERN NO.17718
PASS PATTERN NO.17719
PASS PATTERN NO.17720
PASS PATTERN NO.17721
PASS PATTERN NO.17722
PASS PATTERN NO.17723
PASS PATTERN NO.17724
PASS PATTERN NO.17725
PASS PATTERN NO.17726
PASS PATTERN NO.17727
PASS PATTERN NO.17728
PASS PATTERN NO.17729
PASS PATTERN NO.17730
PASS PATTERN NO.17731
PASS PATTERN NO.17732
PASS PATTERN NO.17733
PASS PATTERN NO.17734
PASS PATTERN NO.17735
PASS PATTERN NO.17736
PASS PATTERN NO.17737
PASS PATTERN NO.17738
PASS PATTERN NO.17739
PASS PATTERN NO.17740
PASS PATTERN NO.17741
PASS PATTERN NO.17742
PASS PATTERN NO.17743
PASS PATTERN NO.17744
PASS PATTERN NO.17745
PASS PATTERN NO.17746
PASS PATTERN NO.17747
PASS PATTERN NO.17748
PASS PATTERN NO.17749
PASS PATTERN NO.17750
PASS PATTERN NO.17751
PASS PATTERN NO.17752
PASS PATTERN NO.17753
PASS PATTERN NO.17754
PASS PATTERN NO.17755
PASS PATTERN NO.17756
PASS PATTERN NO.17757
PASS PATTERN NO.17758
PASS PATTERN NO.17759
PASS PATTERN NO.17760
PASS PATTERN NO.17761
PASS PATTERN NO.17762
PASS PATTERN NO.17763
PASS PATTERN NO.17764
PASS PATTERN NO.17765
PASS PATTERN NO.17766
PASS PATTERN NO.17767
PASS PATTERN NO.17768
PASS PATTERN NO.17769
PASS PATTERN NO.17770
PASS PATTERN NO.17771
PASS PATTERN NO.17772
PASS PATTERN NO.17773
PASS PATTERN NO.17774
PASS PATTERN NO.17775
PASS PATTERN NO.17776
PASS PATTERN NO.17777
PASS PATTERN NO.17778
PASS PATTERN NO.17779
PASS PATTERN NO.17780
PASS PATTERN NO.17781
PASS PATTERN NO.17782
PASS PATTERN NO.17783
PASS PATTERN NO.17784
PASS PATTERN NO.17785
PASS PATTERN NO.17786
PASS PATTERN NO.17787
PASS PATTERN NO.17788
PASS PATTERN NO.17789
PASS PATTERN NO.17790
PASS PATTERN NO.17791
PASS PATTERN NO.17792
PASS PATTERN NO.17793
PASS PATTERN NO.17794
PASS PATTERN NO.17795
PASS PATTERN NO.17796
PASS PATTERN NO.17797
PASS PATTERN NO.17798
PASS PATTERN NO.17799
PASS PATTERN NO.17800
PASS PATTERN NO.17801
PASS PATTERN NO.17802
PASS PATTERN NO.17803
PASS PATTERN NO.17804
PASS PATTERN NO.17805
PASS PATTERN NO.17806
PASS PATTERN NO.17807
PASS PATTERN NO.17808
PASS PATTERN NO.17809
PASS PATTERN NO.17810
PASS PATTERN NO.17811
PASS PATTERN NO.17812
PASS PATTERN NO.17813
PASS PATTERN NO.17814
PASS PATTERN NO.17815
PASS PATTERN NO.17816
PASS PATTERN NO.17817
PASS PATTERN NO.17818
PASS PATTERN NO.17819
PASS PATTERN NO.17820
PASS PATTERN NO.17821
PASS PATTERN NO.17822
PASS PATTERN NO.17823
PASS PATTERN NO.17824
PASS PATTERN NO.17825
PASS PATTERN NO.17826
PASS PATTERN NO.17827
PASS PATTERN NO.17828
PASS PATTERN NO.17829
PASS PATTERN NO.17830
PASS PATTERN NO.17831
PASS PATTERN NO.17832
PASS PATTERN NO.17833
PASS PATTERN NO.17834
PASS PATTERN NO.17835
PASS PATTERN NO.17836
PASS PATTERN NO.17837
PASS PATTERN NO.17838
PASS PATTERN NO.17839
PASS PATTERN NO.17840
PASS PATTERN NO.17841
PASS PATTERN NO.17842
PASS PATTERN NO.17843
PASS PATTERN NO.17844
PASS PATTERN NO.17845
PASS PATTERN NO.17846
PASS PATTERN NO.17847
PASS PATTERN NO.17848
PASS PATTERN NO.17849
PASS PATTERN NO.17850
PASS PATTERN NO.17851
PASS PATTERN NO.17852
PASS PATTERN NO.17853
PASS PATTERN NO.17854
PASS PATTERN NO.17855
PASS PATTERN NO.17856
PASS PATTERN NO.17857
PASS PATTERN NO.17858
PASS PATTERN NO.17859
PASS PATTERN NO.17860
PASS PATTERN NO.17861
PASS PATTERN NO.17862
PASS PATTERN NO.17863
PASS PATTERN NO.17864
PASS PATTERN NO.17865
PASS PATTERN NO.17866
PASS PATTERN NO.17867
PASS PATTERN NO.17868
PASS PATTERN NO.17869
PASS PATTERN NO.17870
PASS PATTERN NO.17871
PASS PATTERN NO.17872
PASS PATTERN NO.17873
PASS PATTERN NO.17874
PASS PATTERN NO.17875
PASS PATTERN NO.17876
PASS PATTERN NO.17877
PASS PATTERN NO.17878
PASS PATTERN NO.17879
PASS PATTERN NO.17880
PASS PATTERN NO.17881
PASS PATTERN NO.17882
PASS PATTERN NO.17883
PASS PATTERN NO.17884
PASS PATTERN NO.17885
PASS PATTERN NO.17886
PASS PATTERN NO.17887
PASS PATTERN NO.17888
PASS PATTERN NO.17889
PASS PATTERN NO.17890
PASS PATTERN NO.17891
PASS PATTERN NO.17892
PASS PATTERN NO.17893
PASS PATTERN NO.17894
PASS PATTERN NO.17895
PASS PATTERN NO.17896
PASS PATTERN NO.17897
PASS PATTERN NO.17898
PASS PATTERN NO.17899
PASS PATTERN NO.17900
PASS PATTERN NO.17901
PASS PATTERN NO.17902
PASS PATTERN NO.17903
PASS PATTERN NO.17904
PASS PATTERN NO.17905
PASS PATTERN NO.17906
PASS PATTERN NO.17907
PASS PATTERN NO.17908
PASS PATTERN NO.17909
PASS PATTERN NO.17910
PASS PATTERN NO.17911
PASS PATTERN NO.17912
PASS PATTERN NO.17913
PASS PATTERN NO.17914
PASS PATTERN NO.17915
PASS PATTERN NO.17916
PASS PATTERN NO.17917
PASS PATTERN NO.17918
PASS PATTERN NO.17919
PASS PATTERN NO.17920
PASS PATTERN NO.17921
PASS PATTERN NO.17922
PASS PATTERN NO.17923
PASS PATTERN NO.17924
PASS PATTERN NO.17925
PASS PATTERN NO.17926
PASS PATTERN NO.17927
PASS PATTERN NO.17928
PASS PATTERN NO.17929
PASS PATTERN NO.17930
PASS PATTERN NO.17931
PASS PATTERN NO.17932
PASS PATTERN NO.17933
PASS PATTERN NO.17934
PASS PATTERN NO.17935
PASS PATTERN NO.17936
PASS PATTERN NO.17937
PASS PATTERN NO.17938
PASS PATTERN NO.17939
PASS PATTERN NO.17940
PASS PATTERN NO.17941
PASS PATTERN NO.17942
PASS PATTERN NO.17943
PASS PATTERN NO.17944
PASS PATTERN NO.17945
PASS PATTERN NO.17946
PASS PATTERN NO.17947
PASS PATTERN NO.17948
PASS PATTERN NO.17949
PASS PATTERN NO.17950
PASS PATTERN NO.17951
PASS PATTERN NO.17952
PASS PATTERN NO.17953
PASS PATTERN NO.17954
PASS PATTERN NO.17955
PASS PATTERN NO.17956
PASS PATTERN NO.17957
PASS PATTERN NO.17958
PASS PATTERN NO.17959
PASS PATTERN NO.17960
PASS PATTERN NO.17961
PASS PATTERN NO.17962
PASS PATTERN NO.17963
PASS PATTERN NO.17964
PASS PATTERN NO.17965
PASS PATTERN NO.17966
PASS PATTERN NO.17967
PASS PATTERN NO.17968
PASS PATTERN NO.17969
PASS PATTERN NO.17970
PASS PATTERN NO.17971
PASS PATTERN NO.17972
PASS PATTERN NO.17973
PASS PATTERN NO.17974
PASS PATTERN NO.17975
PASS PATTERN NO.17976
PASS PATTERN NO.17977
PASS PATTERN NO.17978
PASS PATTERN NO.17979
PASS PATTERN NO.17980
PASS PATTERN NO.17981
PASS PATTERN NO.17982
PASS PATTERN NO.17983
PASS PATTERN NO.17984
PASS PATTERN NO.17985
PASS PATTERN NO.17986
PASS PATTERN NO.17987
PASS PATTERN NO.17988
PASS PATTERN NO.17989
PASS PATTERN NO.17990
PASS PATTERN NO.17991
PASS PATTERN NO.17992
PASS PATTERN NO.17993
PASS PATTERN NO.17994
PASS PATTERN NO.17995
PASS PATTERN NO.17996
PASS PATTERN NO.17997
PASS PATTERN NO.17998
PASS PATTERN NO.17999
PASS PATTERN NO.18000
PASS PATTERN NO.18001
PASS PATTERN NO.18002
PASS PATTERN NO.18003
PASS PATTERN NO.18004
PASS PATTERN NO.18005
PASS PATTERN NO.18006
PASS PATTERN NO.18007
PASS PATTERN NO.18008
PASS PATTERN NO.18009
PASS PATTERN NO.18010
PASS PATTERN NO.18011
PASS PATTERN NO.18012
PASS PATTERN NO.18013
PASS PATTERN NO.18014
PASS PATTERN NO.18015
PASS PATTERN NO.18016
PASS PATTERN NO.18017
PASS PATTERN NO.18018
PASS PATTERN NO.18019
PASS PATTERN NO.18020
PASS PATTERN NO.18021
PASS PATTERN NO.18022
PASS PATTERN NO.18023
PASS PATTERN NO.18024
PASS PATTERN NO.18025
PASS PATTERN NO.18026
PASS PATTERN NO.18027
PASS PATTERN NO.18028
PASS PATTERN NO.18029
PASS PATTERN NO.18030
PASS PATTERN NO.18031
PASS PATTERN NO.18032
PASS PATTERN NO.18033
PASS PATTERN NO.18034
PASS PATTERN NO.18035
PASS PATTERN NO.18036
PASS PATTERN NO.18037
PASS PATTERN NO.18038
PASS PATTERN NO.18039
PASS PATTERN NO.18040
PASS PATTERN NO.18041
PASS PATTERN NO.18042
PASS PATTERN NO.18043
PASS PATTERN NO.18044
PASS PATTERN NO.18045
PASS PATTERN NO.18046
PASS PATTERN NO.18047
PASS PATTERN NO.18048
PASS PATTERN NO.18049
PASS PATTERN NO.18050
PASS PATTERN NO.18051
PASS PATTERN NO.18052
PASS PATTERN NO.18053
PASS PATTERN NO.18054
PASS PATTERN NO.18055
PASS PATTERN NO.18056
PASS PATTERN NO.18057
PASS PATTERN NO.18058
PASS PATTERN NO.18059
PASS PATTERN NO.18060
PASS PATTERN NO.18061
PASS PATTERN NO.18062
PASS PATTERN NO.18063
PASS PATTERN NO.18064
PASS PATTERN NO.18065
PASS PATTERN NO.18066
PASS PATTERN NO.18067
PASS PATTERN NO.18068
PASS PATTERN NO.18069
PASS PATTERN NO.18070
PASS PATTERN NO.18071
PASS PATTERN NO.18072
PASS PATTERN NO.18073
PASS PATTERN NO.18074
PASS PATTERN NO.18075
PASS PATTERN NO.18076
PASS PATTERN NO.18077
PASS PATTERN NO.18078
PASS PATTERN NO.18079
PASS PATTERN NO.18080
PASS PATTERN NO.18081
PASS PATTERN NO.18082
PASS PATTERN NO.18083
PASS PATTERN NO.18084
PASS PATTERN NO.18085
PASS PATTERN NO.18086
PASS PATTERN NO.18087
PASS PATTERN NO.18088
PASS PATTERN NO.18089
PASS PATTERN NO.18090
PASS PATTERN NO.18091
PASS PATTERN NO.18092
PASS PATTERN NO.18093
PASS PATTERN NO.18094
PASS PATTERN NO.18095
PASS PATTERN NO.18096
PASS PATTERN NO.18097
PASS PATTERN NO.18098
PASS PATTERN NO.18099
PASS PATTERN NO.18100
PASS PATTERN NO.18101
PASS PATTERN NO.18102
PASS PATTERN NO.18103
PASS PATTERN NO.18104
PASS PATTERN NO.18105
PASS PATTERN NO.18106
PASS PATTERN NO.18107
PASS PATTERN NO.18108
PASS PATTERN NO.18109
PASS PATTERN NO.18110
PASS PATTERN NO.18111
PASS PATTERN NO.18112
PASS PATTERN NO.18113
PASS PATTERN NO.18114
PASS PATTERN NO.18115
PASS PATTERN NO.18116
PASS PATTERN NO.18117
PASS PATTERN NO.18118
PASS PATTERN NO.18119
PASS PATTERN NO.18120
PASS PATTERN NO.18121
PASS PATTERN NO.18122
PASS PATTERN NO.18123
PASS PATTERN NO.18124
PASS PATTERN NO.18125
PASS PATTERN NO.18126
PASS PATTERN NO.18127
PASS PATTERN NO.18128
PASS PATTERN NO.18129
PASS PATTERN NO.18130
PASS PATTERN NO.18131
PASS PATTERN NO.18132
PASS PATTERN NO.18133
PASS PATTERN NO.18134
PASS PATTERN NO.18135
PASS PATTERN NO.18136
PASS PATTERN NO.18137
PASS PATTERN NO.18138
PASS PATTERN NO.18139
PASS PATTERN NO.18140
PASS PATTERN NO.18141
PASS PATTERN NO.18142
PASS PATTERN NO.18143
PASS PATTERN NO.18144
PASS PATTERN NO.18145
PASS PATTERN NO.18146
PASS PATTERN NO.18147
PASS PATTERN NO.18148
PASS PATTERN NO.18149
PASS PATTERN NO.18150
PASS PATTERN NO.18151
PASS PATTERN NO.18152
PASS PATTERN NO.18153
PASS PATTERN NO.18154
PASS PATTERN NO.18155
PASS PATTERN NO.18156
PASS PATTERN NO.18157
PASS PATTERN NO.18158
PASS PATTERN NO.18159
PASS PATTERN NO.18160
PASS PATTERN NO.18161
PASS PATTERN NO.18162
PASS PATTERN NO.18163
PASS PATTERN NO.18164
PASS PATTERN NO.18165
PASS PATTERN NO.18166
PASS PATTERN NO.18167
PASS PATTERN NO.18168
PASS PATTERN NO.18169
PASS PATTERN NO.18170
PASS PATTERN NO.18171
PASS PATTERN NO.18172
PASS PATTERN NO.18173
PASS PATTERN NO.18174
PASS PATTERN NO.18175
PASS PATTERN NO.18176
PASS PATTERN NO.18177
PASS PATTERN NO.18178
PASS PATTERN NO.18179
PASS PATTERN NO.18180
PASS PATTERN NO.18181
PASS PATTERN NO.18182
PASS PATTERN NO.18183
PASS PATTERN NO.18184
PASS PATTERN NO.18185
PASS PATTERN NO.18186
PASS PATTERN NO.18187
PASS PATTERN NO.18188
PASS PATTERN NO.18189
PASS PATTERN NO.18190
PASS PATTERN NO.18191
PASS PATTERN NO.18192
PASS PATTERN NO.18193
PASS PATTERN NO.18194
PASS PATTERN NO.18195
PASS PATTERN NO.18196
PASS PATTERN NO.18197
PASS PATTERN NO.18198
PASS PATTERN NO.18199
PASS PATTERN NO.18200
PASS PATTERN NO.18201
PASS PATTERN NO.18202
PASS PATTERN NO.18203
PASS PATTERN NO.18204
PASS PATTERN NO.18205
PASS PATTERN NO.18206
PASS PATTERN NO.18207
PASS PATTERN NO.18208
PASS PATTERN NO.18209
PASS PATTERN NO.18210
PASS PATTERN NO.18211
PASS PATTERN NO.18212
PASS PATTERN NO.18213
PASS PATTERN NO.18214
PASS PATTERN NO.18215
PASS PATTERN NO.18216
PASS PATTERN NO.18217
PASS PATTERN NO.18218
PASS PATTERN NO.18219
PASS PATTERN NO.18220
PASS PATTERN NO.18221
PASS PATTERN NO.18222
PASS PATTERN NO.18223
PASS PATTERN NO.18224
PASS PATTERN NO.18225
PASS PATTERN NO.18226
PASS PATTERN NO.18227
PASS PATTERN NO.18228
PASS PATTERN NO.18229
PASS PATTERN NO.18230
PASS PATTERN NO.18231
PASS PATTERN NO.18232
PASS PATTERN NO.18233
PASS PATTERN NO.18234
PASS PATTERN NO.18235
PASS PATTERN NO.18236
PASS PATTERN NO.18237
PASS PATTERN NO.18238
PASS PATTERN NO.18239
PASS PATTERN NO.18240
PASS PATTERN NO.18241
PASS PATTERN NO.18242
PASS PATTERN NO.18243
PASS PATTERN NO.18244
PASS PATTERN NO.18245
PASS PATTERN NO.18246
PASS PATTERN NO.18247
PASS PATTERN NO.18248
PASS PATTERN NO.18249
PASS PATTERN NO.18250
PASS PATTERN NO.18251
PASS PATTERN NO.18252
PASS PATTERN NO.18253
PASS PATTERN NO.18254
PASS PATTERN NO.18255
PASS PATTERN NO.18256
PASS PATTERN NO.18257
PASS PATTERN NO.18258
PASS PATTERN NO.18259
PASS PATTERN NO.18260
PASS PATTERN NO.18261
PASS PATTERN NO.18262
PASS PATTERN NO.18263
PASS PATTERN NO.18264
PASS PATTERN NO.18265
PASS PATTERN NO.18266
PASS PATTERN NO.18267
PASS PATTERN NO.18268
PASS PATTERN NO.18269
PASS PATTERN NO.18270
PASS PATTERN NO.18271
PASS PATTERN NO.18272
PASS PATTERN NO.18273
PASS PATTERN NO.18274
PASS PATTERN NO.18275
PASS PATTERN NO.18276
PASS PATTERN NO.18277
PASS PATTERN NO.18278
PASS PATTERN NO.18279
PASS PATTERN NO.18280
PASS PATTERN NO.18281
PASS PATTERN NO.18282
PASS PATTERN NO.18283
PASS PATTERN NO.18284
PASS PATTERN NO.18285
PASS PATTERN NO.18286
PASS PATTERN NO.18287
PASS PATTERN NO.18288
PASS PATTERN NO.18289
PASS PATTERN NO.18290
PASS PATTERN NO.18291
PASS PATTERN NO.18292
PASS PATTERN NO.18293
PASS PATTERN NO.18294
PASS PATTERN NO.18295
PASS PATTERN NO.18296
PASS PATTERN NO.18297
PASS PATTERN NO.18298
PASS PATTERN NO.18299
PASS PATTERN NO.18300
PASS PATTERN NO.18301
PASS PATTERN NO.18302
PASS PATTERN NO.18303
PASS PATTERN NO.18304
PASS PATTERN NO.18305
PASS PATTERN NO.18306
PASS PATTERN NO.18307
PASS PATTERN NO.18308
PASS PATTERN NO.18309
PASS PATTERN NO.18310
PASS PATTERN NO.18311
PASS PATTERN NO.18312
PASS PATTERN NO.18313
PASS PATTERN NO.18314
PASS PATTERN NO.18315
PASS PATTERN NO.18316
PASS PATTERN NO.18317
PASS PATTERN NO.18318
PASS PATTERN NO.18319
PASS PATTERN NO.18320
PASS PATTERN NO.18321
PASS PATTERN NO.18322
PASS PATTERN NO.18323
PASS PATTERN NO.18324
PASS PATTERN NO.18325
PASS PATTERN NO.18326
PASS PATTERN NO.18327
PASS PATTERN NO.18328
PASS PATTERN NO.18329
PASS PATTERN NO.18330
PASS PATTERN NO.18331
PASS PATTERN NO.18332
PASS PATTERN NO.18333
PASS PATTERN NO.18334
PASS PATTERN NO.18335
PASS PATTERN NO.18336
PASS PATTERN NO.18337
PASS PATTERN NO.18338
PASS PATTERN NO.18339
PASS PATTERN NO.18340
PASS PATTERN NO.18341
PASS PATTERN NO.18342
PASS PATTERN NO.18343
PASS PATTERN NO.18344
PASS PATTERN NO.18345
PASS PATTERN NO.18346
PASS PATTERN NO.18347
PASS PATTERN NO.18348
PASS PATTERN NO.18349
PASS PATTERN NO.18350
PASS PATTERN NO.18351
PASS PATTERN NO.18352
PASS PATTERN NO.18353
PASS PATTERN NO.18354
PASS PATTERN NO.18355
PASS PATTERN NO.18356
PASS PATTERN NO.18357
PASS PATTERN NO.18358
PASS PATTERN NO.18359
PASS PATTERN NO.18360
PASS PATTERN NO.18361
PASS PATTERN NO.18362
PASS PATTERN NO.18363
PASS PATTERN NO.18364
PASS PATTERN NO.18365
PASS PATTERN NO.18366
PASS PATTERN NO.18367
PASS PATTERN NO.18368
PASS PATTERN NO.18369
PASS PATTERN NO.18370
PASS PATTERN NO.18371
PASS PATTERN NO.18372
PASS PATTERN NO.18373
PASS PATTERN NO.18374
PASS PATTERN NO.18375
PASS PATTERN NO.18376
PASS PATTERN NO.18377
PASS PATTERN NO.18378
PASS PATTERN NO.18379
PASS PATTERN NO.18380
PASS PATTERN NO.18381
PASS PATTERN NO.18382
PASS PATTERN NO.18383
PASS PATTERN NO.18384
PASS PATTERN NO.18385
PASS PATTERN NO.18386
PASS PATTERN NO.18387
PASS PATTERN NO.18388
PASS PATTERN NO.18389
PASS PATTERN NO.18390
PASS PATTERN NO.18391
PASS PATTERN NO.18392
PASS PATTERN NO.18393
PASS PATTERN NO.18394
PASS PATTERN NO.18395
PASS PATTERN NO.18396
PASS PATTERN NO.18397
PASS PATTERN NO.18398
PASS PATTERN NO.18399
PASS PATTERN NO.18400
PASS PATTERN NO.18401
PASS PATTERN NO.18402
PASS PATTERN NO.18403
PASS PATTERN NO.18404
PASS PATTERN NO.18405
PASS PATTERN NO.18406
PASS PATTERN NO.18407
PASS PATTERN NO.18408
PASS PATTERN NO.18409
PASS PATTERN NO.18410
PASS PATTERN NO.18411
PASS PATTERN NO.18412
PASS PATTERN NO.18413
PASS PATTERN NO.18414
PASS PATTERN NO.18415
PASS PATTERN NO.18416
PASS PATTERN NO.18417
PASS PATTERN NO.18418
PASS PATTERN NO.18419
PASS PATTERN NO.18420
PASS PATTERN NO.18421
PASS PATTERN NO.18422
PASS PATTERN NO.18423
PASS PATTERN NO.18424
PASS PATTERN NO.18425
PASS PATTERN NO.18426
PASS PATTERN NO.18427
PASS PATTERN NO.18428
PASS PATTERN NO.18429
PASS PATTERN NO.18430
PASS PATTERN NO.18431
PASS PATTERN NO.18432
PASS PATTERN NO.18433
PASS PATTERN NO.18434
PASS PATTERN NO.18435
PASS PATTERN NO.18436
PASS PATTERN NO.18437
PASS PATTERN NO.18438
PASS PATTERN NO.18439
PASS PATTERN NO.18440
PASS PATTERN NO.18441
PASS PATTERN NO.18442
PASS PATTERN NO.18443
PASS PATTERN NO.18444
PASS PATTERN NO.18445
PASS PATTERN NO.18446
PASS PATTERN NO.18447
PASS PATTERN NO.18448
PASS PATTERN NO.18449
PASS PATTERN NO.18450
PASS PATTERN NO.18451
PASS PATTERN NO.18452
PASS PATTERN NO.18453
PASS PATTERN NO.18454
PASS PATTERN NO.18455
PASS PATTERN NO.18456
PASS PATTERN NO.18457
PASS PATTERN NO.18458
PASS PATTERN NO.18459
PASS PATTERN NO.18460
PASS PATTERN NO.18461
PASS PATTERN NO.18462
PASS PATTERN NO.18463
PASS PATTERN NO.18464
PASS PATTERN NO.18465
PASS PATTERN NO.18466
PASS PATTERN NO.18467
PASS PATTERN NO.18468
PASS PATTERN NO.18469
PASS PATTERN NO.18470
PASS PATTERN NO.18471
PASS PATTERN NO.18472
PASS PATTERN NO.18473
PASS PATTERN NO.18474
PASS PATTERN NO.18475
PASS PATTERN NO.18476
PASS PATTERN NO.18477
PASS PATTERN NO.18478
PASS PATTERN NO.18479
PASS PATTERN NO.18480
PASS PATTERN NO.18481
PASS PATTERN NO.18482
PASS PATTERN NO.18483
PASS PATTERN NO.18484
PASS PATTERN NO.18485
PASS PATTERN NO.18486
PASS PATTERN NO.18487
PASS PATTERN NO.18488
PASS PATTERN NO.18489
PASS PATTERN NO.18490
PASS PATTERN NO.18491
PASS PATTERN NO.18492
PASS PATTERN NO.18493
PASS PATTERN NO.18494
PASS PATTERN NO.18495
PASS PATTERN NO.18496
PASS PATTERN NO.18497
PASS PATTERN NO.18498
PASS PATTERN NO.18499
PASS PATTERN NO.18500
PASS PATTERN NO.18501
PASS PATTERN NO.18502
PASS PATTERN NO.18503
PASS PATTERN NO.18504
PASS PATTERN NO.18505
PASS PATTERN NO.18506
PASS PATTERN NO.18507
PASS PATTERN NO.18508
PASS PATTERN NO.18509
PASS PATTERN NO.18510
PASS PATTERN NO.18511
PASS PATTERN NO.18512
PASS PATTERN NO.18513
PASS PATTERN NO.18514
PASS PATTERN NO.18515
PASS PATTERN NO.18516
PASS PATTERN NO.18517
PASS PATTERN NO.18518
PASS PATTERN NO.18519
PASS PATTERN NO.18520
PASS PATTERN NO.18521
PASS PATTERN NO.18522
PASS PATTERN NO.18523
PASS PATTERN NO.18524
PASS PATTERN NO.18525
PASS PATTERN NO.18526
PASS PATTERN NO.18527
PASS PATTERN NO.18528
PASS PATTERN NO.18529
PASS PATTERN NO.18530
PASS PATTERN NO.18531
PASS PATTERN NO.18532
PASS PATTERN NO.18533
PASS PATTERN NO.18534
PASS PATTERN NO.18535
PASS PATTERN NO.18536
PASS PATTERN NO.18537
PASS PATTERN NO.18538
PASS PATTERN NO.18539
PASS PATTERN NO.18540
PASS PATTERN NO.18541
PASS PATTERN NO.18542
PASS PATTERN NO.18543
PASS PATTERN NO.18544
PASS PATTERN NO.18545
PASS PATTERN NO.18546
PASS PATTERN NO.18547
PASS PATTERN NO.18548
PASS PATTERN NO.18549
PASS PATTERN NO.18550
PASS PATTERN NO.18551
PASS PATTERN NO.18552
PASS PATTERN NO.18553
PASS PATTERN NO.18554
PASS PATTERN NO.18555
PASS PATTERN NO.18556
PASS PATTERN NO.18557
PASS PATTERN NO.18558
PASS PATTERN NO.18559
PASS PATTERN NO.18560
PASS PATTERN NO.18561
PASS PATTERN NO.18562
PASS PATTERN NO.18563
PASS PATTERN NO.18564
PASS PATTERN NO.18565
PASS PATTERN NO.18566
PASS PATTERN NO.18567
PASS PATTERN NO.18568
PASS PATTERN NO.18569
PASS PATTERN NO.18570
PASS PATTERN NO.18571
PASS PATTERN NO.18572
PASS PATTERN NO.18573
PASS PATTERN NO.18574
PASS PATTERN NO.18575
PASS PATTERN NO.18576
PASS PATTERN NO.18577
PASS PATTERN NO.18578
PASS PATTERN NO.18579
PASS PATTERN NO.18580
PASS PATTERN NO.18581
PASS PATTERN NO.18582
PASS PATTERN NO.18583
PASS PATTERN NO.18584
PASS PATTERN NO.18585
PASS PATTERN NO.18586
PASS PATTERN NO.18587
PASS PATTERN NO.18588
PASS PATTERN NO.18589
PASS PATTERN NO.18590
PASS PATTERN NO.18591
PASS PATTERN NO.18592
PASS PATTERN NO.18593
PASS PATTERN NO.18594
PASS PATTERN NO.18595
PASS PATTERN NO.18596
PASS PATTERN NO.18597
PASS PATTERN NO.18598
PASS PATTERN NO.18599
PASS PATTERN NO.18600
PASS PATTERN NO.18601
PASS PATTERN NO.18602
PASS PATTERN NO.18603
PASS PATTERN NO.18604
PASS PATTERN NO.18605
PASS PATTERN NO.18606
PASS PATTERN NO.18607
PASS PATTERN NO.18608
PASS PATTERN NO.18609
PASS PATTERN NO.18610
PASS PATTERN NO.18611
PASS PATTERN NO.18612
PASS PATTERN NO.18613
PASS PATTERN NO.18614
PASS PATTERN NO.18615
PASS PATTERN NO.18616
PASS PATTERN NO.18617
PASS PATTERN NO.18618
PASS PATTERN NO.18619
PASS PATTERN NO.18620
PASS PATTERN NO.18621
PASS PATTERN NO.18622
PASS PATTERN NO.18623
PASS PATTERN NO.18624
PASS PATTERN NO.18625
PASS PATTERN NO.18626
PASS PATTERN NO.18627
PASS PATTERN NO.18628
PASS PATTERN NO.18629
PASS PATTERN NO.18630
PASS PATTERN NO.18631
PASS PATTERN NO.18632
PASS PATTERN NO.18633
PASS PATTERN NO.18634
PASS PATTERN NO.18635
PASS PATTERN NO.18636
PASS PATTERN NO.18637
PASS PATTERN NO.18638
PASS PATTERN NO.18639
PASS PATTERN NO.18640
PASS PATTERN NO.18641
PASS PATTERN NO.18642
PASS PATTERN NO.18643
PASS PATTERN NO.18644
PASS PATTERN NO.18645
PASS PATTERN NO.18646
PASS PATTERN NO.18647
PASS PATTERN NO.18648
PASS PATTERN NO.18649
PASS PATTERN NO.18650
PASS PATTERN NO.18651
PASS PATTERN NO.18652
PASS PATTERN NO.18653
PASS PATTERN NO.18654
PASS PATTERN NO.18655
PASS PATTERN NO.18656
PASS PATTERN NO.18657
PASS PATTERN NO.18658
PASS PATTERN NO.18659
PASS PATTERN NO.18660
PASS PATTERN NO.18661
PASS PATTERN NO.18662
PASS PATTERN NO.18663
PASS PATTERN NO.18664
PASS PATTERN NO.18665
PASS PATTERN NO.18666
PASS PATTERN NO.18667
PASS PATTERN NO.18668
PASS PATTERN NO.18669
PASS PATTERN NO.18670
PASS PATTERN NO.18671
PASS PATTERN NO.18672
PASS PATTERN NO.18673
PASS PATTERN NO.18674
PASS PATTERN NO.18675
PASS PATTERN NO.18676
PASS PATTERN NO.18677
PASS PATTERN NO.18678
PASS PATTERN NO.18679
PASS PATTERN NO.18680
PASS PATTERN NO.18681
PASS PATTERN NO.18682
PASS PATTERN NO.18683
PASS PATTERN NO.18684
PASS PATTERN NO.18685
PASS PATTERN NO.18686
PASS PATTERN NO.18687
PASS PATTERN NO.18688
PASS PATTERN NO.18689
PASS PATTERN NO.18690
PASS PATTERN NO.18691
PASS PATTERN NO.18692
PASS PATTERN NO.18693
PASS PATTERN NO.18694
PASS PATTERN NO.18695
PASS PATTERN NO.18696
PASS PATTERN NO.18697
PASS PATTERN NO.18698
PASS PATTERN NO.18699
PASS PATTERN NO.18700
PASS PATTERN NO.18701
PASS PATTERN NO.18702
PASS PATTERN NO.18703
PASS PATTERN NO.18704
PASS PATTERN NO.18705
PASS PATTERN NO.18706
PASS PATTERN NO.18707
PASS PATTERN NO.18708
PASS PATTERN NO.18709
PASS PATTERN NO.18710
PASS PATTERN NO.18711
PASS PATTERN NO.18712
PASS PATTERN NO.18713
PASS PATTERN NO.18714
PASS PATTERN NO.18715
PASS PATTERN NO.18716
PASS PATTERN NO.18717
PASS PATTERN NO.18718
PASS PATTERN NO.18719
PASS PATTERN NO.18720
PASS PATTERN NO.18721
PASS PATTERN NO.18722
PASS PATTERN NO.18723
PASS PATTERN NO.18724
PASS PATTERN NO.18725
PASS PATTERN NO.18726
PASS PATTERN NO.18727
PASS PATTERN NO.18728
PASS PATTERN NO.18729
PASS PATTERN NO.18730
PASS PATTERN NO.18731
PASS PATTERN NO.18732
PASS PATTERN NO.18733
PASS PATTERN NO.18734
PASS PATTERN NO.18735
PASS PATTERN NO.18736
PASS PATTERN NO.18737
PASS PATTERN NO.18738
PASS PATTERN NO.18739
PASS PATTERN NO.18740
PASS PATTERN NO.18741
PASS PATTERN NO.18742
PASS PATTERN NO.18743
PASS PATTERN NO.18744
PASS PATTERN NO.18745
PASS PATTERN NO.18746
PASS PATTERN NO.18747
PASS PATTERN NO.18748
PASS PATTERN NO.18749
PASS PATTERN NO.18750
PASS PATTERN NO.18751
PASS PATTERN NO.18752
PASS PATTERN NO.18753
PASS PATTERN NO.18754
PASS PATTERN NO.18755
PASS PATTERN NO.18756
PASS PATTERN NO.18757
PASS PATTERN NO.18758
PASS PATTERN NO.18759
PASS PATTERN NO.18760
PASS PATTERN NO.18761
PASS PATTERN NO.18762
PASS PATTERN NO.18763
PASS PATTERN NO.18764
PASS PATTERN NO.18765
PASS PATTERN NO.18766
PASS PATTERN NO.18767
PASS PATTERN NO.18768
PASS PATTERN NO.18769
PASS PATTERN NO.18770
PASS PATTERN NO.18771
PASS PATTERN NO.18772
PASS PATTERN NO.18773
PASS PATTERN NO.18774
PASS PATTERN NO.18775
PASS PATTERN NO.18776
PASS PATTERN NO.18777
PASS PATTERN NO.18778
PASS PATTERN NO.18779
PASS PATTERN NO.18780
PASS PATTERN NO.18781
PASS PATTERN NO.18782
PASS PATTERN NO.18783
PASS PATTERN NO.18784
PASS PATTERN NO.18785
PASS PATTERN NO.18786
PASS PATTERN NO.18787
PASS PATTERN NO.18788
PASS PATTERN NO.18789
PASS PATTERN NO.18790
PASS PATTERN NO.18791
PASS PATTERN NO.18792
PASS PATTERN NO.18793
PASS PATTERN NO.18794
PASS PATTERN NO.18795
PASS PATTERN NO.18796
PASS PATTERN NO.18797
PASS PATTERN NO.18798
PASS PATTERN NO.18799
PASS PATTERN NO.18800
PASS PATTERN NO.18801
PASS PATTERN NO.18802
PASS PATTERN NO.18803
PASS PATTERN NO.18804
PASS PATTERN NO.18805
PASS PATTERN NO.18806
PASS PATTERN NO.18807
PASS PATTERN NO.18808
PASS PATTERN NO.18809
PASS PATTERN NO.18810
PASS PATTERN NO.18811
PASS PATTERN NO.18812
PASS PATTERN NO.18813
PASS PATTERN NO.18814
PASS PATTERN NO.18815
PASS PATTERN NO.18816
PASS PATTERN NO.18817
PASS PATTERN NO.18818
PASS PATTERN NO.18819
PASS PATTERN NO.18820
PASS PATTERN NO.18821
PASS PATTERN NO.18822
PASS PATTERN NO.18823
PASS PATTERN NO.18824
PASS PATTERN NO.18825
PASS PATTERN NO.18826
PASS PATTERN NO.18827
PASS PATTERN NO.18828
PASS PATTERN NO.18829
PASS PATTERN NO.18830
PASS PATTERN NO.18831
PASS PATTERN NO.18832
PASS PATTERN NO.18833
PASS PATTERN NO.18834
PASS PATTERN NO.18835
PASS PATTERN NO.18836
PASS PATTERN NO.18837
PASS PATTERN NO.18838
PASS PATTERN NO.18839
PASS PATTERN NO.18840
PASS PATTERN NO.18841
PASS PATTERN NO.18842
PASS PATTERN NO.18843
PASS PATTERN NO.18844
PASS PATTERN NO.18845
PASS PATTERN NO.18846
PASS PATTERN NO.18847
PASS PATTERN NO.18848
PASS PATTERN NO.18849
PASS PATTERN NO.18850
PASS PATTERN NO.18851
PASS PATTERN NO.18852
PASS PATTERN NO.18853
PASS PATTERN NO.18854
PASS PATTERN NO.18855
PASS PATTERN NO.18856
PASS PATTERN NO.18857
PASS PATTERN NO.18858
PASS PATTERN NO.18859
PASS PATTERN NO.18860
PASS PATTERN NO.18861
PASS PATTERN NO.18862
PASS PATTERN NO.18863
PASS PATTERN NO.18864
PASS PATTERN NO.18865
PASS PATTERN NO.18866
PASS PATTERN NO.18867
PASS PATTERN NO.18868
PASS PATTERN NO.18869
PASS PATTERN NO.18870
PASS PATTERN NO.18871
PASS PATTERN NO.18872
PASS PATTERN NO.18873
PASS PATTERN NO.18874
PASS PATTERN NO.18875
PASS PATTERN NO.18876
PASS PATTERN NO.18877
PASS PATTERN NO.18878
PASS PATTERN NO.18879
PASS PATTERN NO.18880
PASS PATTERN NO.18881
PASS PATTERN NO.18882
PASS PATTERN NO.18883
PASS PATTERN NO.18884
PASS PATTERN NO.18885
PASS PATTERN NO.18886
PASS PATTERN NO.18887
PASS PATTERN NO.18888
PASS PATTERN NO.18889
PASS PATTERN NO.18890
PASS PATTERN NO.18891
PASS PATTERN NO.18892
PASS PATTERN NO.18893
PASS PATTERN NO.18894
PASS PATTERN NO.18895
PASS PATTERN NO.18896
PASS PATTERN NO.18897
PASS PATTERN NO.18898
PASS PATTERN NO.18899
PASS PATTERN NO.18900
PASS PATTERN NO.18901
PASS PATTERN NO.18902
PASS PATTERN NO.18903
PASS PATTERN NO.18904
PASS PATTERN NO.18905
PASS PATTERN NO.18906
PASS PATTERN NO.18907
PASS PATTERN NO.18908
PASS PATTERN NO.18909
PASS PATTERN NO.18910
PASS PATTERN NO.18911
PASS PATTERN NO.18912
PASS PATTERN NO.18913
PASS PATTERN NO.18914
PASS PATTERN NO.18915
PASS PATTERN NO.18916
PASS PATTERN NO.18917
PASS PATTERN NO.18918
PASS PATTERN NO.18919
PASS PATTERN NO.18920
PASS PATTERN NO.18921
PASS PATTERN NO.18922
PASS PATTERN NO.18923
PASS PATTERN NO.18924
PASS PATTERN NO.18925
PASS PATTERN NO.18926
PASS PATTERN NO.18927
PASS PATTERN NO.18928
PASS PATTERN NO.18929
PASS PATTERN NO.18930
PASS PATTERN NO.18931
PASS PATTERN NO.18932
PASS PATTERN NO.18933
PASS PATTERN NO.18934
PASS PATTERN NO.18935
PASS PATTERN NO.18936
PASS PATTERN NO.18937
PASS PATTERN NO.18938
PASS PATTERN NO.18939
PASS PATTERN NO.18940
PASS PATTERN NO.18941
PASS PATTERN NO.18942
PASS PATTERN NO.18943
PASS PATTERN NO.18944
PASS PATTERN NO.18945
PASS PATTERN NO.18946
PASS PATTERN NO.18947
PASS PATTERN NO.18948
PASS PATTERN NO.18949
PASS PATTERN NO.18950
PASS PATTERN NO.18951
PASS PATTERN NO.18952
PASS PATTERN NO.18953
PASS PATTERN NO.18954
PASS PATTERN NO.18955
PASS PATTERN NO.18956
PASS PATTERN NO.18957
PASS PATTERN NO.18958
PASS PATTERN NO.18959
PASS PATTERN NO.18960
PASS PATTERN NO.18961
PASS PATTERN NO.18962
PASS PATTERN NO.18963
PASS PATTERN NO.18964
PASS PATTERN NO.18965
PASS PATTERN NO.18966
PASS PATTERN NO.18967
PASS PATTERN NO.18968
PASS PATTERN NO.18969
PASS PATTERN NO.18970
PASS PATTERN NO.18971
PASS PATTERN NO.18972
PASS PATTERN NO.18973
PASS PATTERN NO.18974
PASS PATTERN NO.18975
PASS PATTERN NO.18976
PASS PATTERN NO.18977
PASS PATTERN NO.18978
PASS PATTERN NO.18979
PASS PATTERN NO.18980
PASS PATTERN NO.18981
PASS PATTERN NO.18982
PASS PATTERN NO.18983
PASS PATTERN NO.18984
PASS PATTERN NO.18985
PASS PATTERN NO.18986
PASS PATTERN NO.18987
PASS PATTERN NO.18988
PASS PATTERN NO.18989
PASS PATTERN NO.18990
PASS PATTERN NO.18991
PASS PATTERN NO.18992
PASS PATTERN NO.18993
PASS PATTERN NO.18994
PASS PATTERN NO.18995
PASS PATTERN NO.18996
PASS PATTERN NO.18997
PASS PATTERN NO.18998
PASS PATTERN NO.18999
PASS PATTERN NO.19000
PASS PATTERN NO.19001
PASS PATTERN NO.19002
PASS PATTERN NO.19003
PASS PATTERN NO.19004
PASS PATTERN NO.19005
PASS PATTERN NO.19006
PASS PATTERN NO.19007
PASS PATTERN NO.19008
PASS PATTERN NO.19009
PASS PATTERN NO.19010
PASS PATTERN NO.19011
PASS PATTERN NO.19012
PASS PATTERN NO.19013
PASS PATTERN NO.19014
PASS PATTERN NO.19015
PASS PATTERN NO.19016
PASS PATTERN NO.19017
PASS PATTERN NO.19018
PASS PATTERN NO.19019
PASS PATTERN NO.19020
PASS PATTERN NO.19021
PASS PATTERN NO.19022
PASS PATTERN NO.19023
PASS PATTERN NO.19024
PASS PATTERN NO.19025
PASS PATTERN NO.19026
PASS PATTERN NO.19027
PASS PATTERN NO.19028
PASS PATTERN NO.19029
PASS PATTERN NO.19030
PASS PATTERN NO.19031
PASS PATTERN NO.19032
PASS PATTERN NO.19033
PASS PATTERN NO.19034
PASS PATTERN NO.19035
PASS PATTERN NO.19036
PASS PATTERN NO.19037
PASS PATTERN NO.19038
PASS PATTERN NO.19039
PASS PATTERN NO.19040
PASS PATTERN NO.19041
PASS PATTERN NO.19042
PASS PATTERN NO.19043
PASS PATTERN NO.19044
PASS PATTERN NO.19045
PASS PATTERN NO.19046
PASS PATTERN NO.19047
PASS PATTERN NO.19048
PASS PATTERN NO.19049
PASS PATTERN NO.19050
PASS PATTERN NO.19051
PASS PATTERN NO.19052
PASS PATTERN NO.19053
PASS PATTERN NO.19054
PASS PATTERN NO.19055
PASS PATTERN NO.19056
PASS PATTERN NO.19057
PASS PATTERN NO.19058
PASS PATTERN NO.19059
PASS PATTERN NO.19060
PASS PATTERN NO.19061
PASS PATTERN NO.19062
PASS PATTERN NO.19063
PASS PATTERN NO.19064
PASS PATTERN NO.19065
PASS PATTERN NO.19066
PASS PATTERN NO.19067
PASS PATTERN NO.19068
PASS PATTERN NO.19069
PASS PATTERN NO.19070
PASS PATTERN NO.19071
PASS PATTERN NO.19072
PASS PATTERN NO.19073
PASS PATTERN NO.19074
PASS PATTERN NO.19075
PASS PATTERN NO.19076
PASS PATTERN NO.19077
PASS PATTERN NO.19078
PASS PATTERN NO.19079
PASS PATTERN NO.19080
PASS PATTERN NO.19081
PASS PATTERN NO.19082
PASS PATTERN NO.19083
PASS PATTERN NO.19084
PASS PATTERN NO.19085
PASS PATTERN NO.19086
PASS PATTERN NO.19087
PASS PATTERN NO.19088
PASS PATTERN NO.19089
PASS PATTERN NO.19090
PASS PATTERN NO.19091
PASS PATTERN NO.19092
PASS PATTERN NO.19093
PASS PATTERN NO.19094
PASS PATTERN NO.19095
PASS PATTERN NO.19096
PASS PATTERN NO.19097
PASS PATTERN NO.19098
PASS PATTERN NO.19099
PASS PATTERN NO.19100
PASS PATTERN NO.19101
PASS PATTERN NO.19102
PASS PATTERN NO.19103
PASS PATTERN NO.19104
PASS PATTERN NO.19105
PASS PATTERN NO.19106
PASS PATTERN NO.19107
PASS PATTERN NO.19108
PASS PATTERN NO.19109
PASS PATTERN NO.19110
PASS PATTERN NO.19111
PASS PATTERN NO.19112
PASS PATTERN NO.19113
PASS PATTERN NO.19114
PASS PATTERN NO.19115
PASS PATTERN NO.19116
PASS PATTERN NO.19117
PASS PATTERN NO.19118
PASS PATTERN NO.19119
PASS PATTERN NO.19120
PASS PATTERN NO.19121
PASS PATTERN NO.19122
PASS PATTERN NO.19123
PASS PATTERN NO.19124
PASS PATTERN NO.19125
PASS PATTERN NO.19126
PASS PATTERN NO.19127
PASS PATTERN NO.19128
PASS PATTERN NO.19129
PASS PATTERN NO.19130
PASS PATTERN NO.19131
PASS PATTERN NO.19132
PASS PATTERN NO.19133
PASS PATTERN NO.19134
PASS PATTERN NO.19135
PASS PATTERN NO.19136
PASS PATTERN NO.19137
PASS PATTERN NO.19138
PASS PATTERN NO.19139
PASS PATTERN NO.19140
PASS PATTERN NO.19141
PASS PATTERN NO.19142
PASS PATTERN NO.19143
PASS PATTERN NO.19144
PASS PATTERN NO.19145
PASS PATTERN NO.19146
PASS PATTERN NO.19147
PASS PATTERN NO.19148
PASS PATTERN NO.19149
PASS PATTERN NO.19150
PASS PATTERN NO.19151
PASS PATTERN NO.19152
PASS PATTERN NO.19153
PASS PATTERN NO.19154
PASS PATTERN NO.19155
PASS PATTERN NO.19156
PASS PATTERN NO.19157
PASS PATTERN NO.19158
PASS PATTERN NO.19159
PASS PATTERN NO.19160
PASS PATTERN NO.19161
PASS PATTERN NO.19162
PASS PATTERN NO.19163
PASS PATTERN NO.19164
PASS PATTERN NO.19165
PASS PATTERN NO.19166
PASS PATTERN NO.19167
PASS PATTERN NO.19168
PASS PATTERN NO.19169
PASS PATTERN NO.19170
PASS PATTERN NO.19171
PASS PATTERN NO.19172
PASS PATTERN NO.19173
PASS PATTERN NO.19174
PASS PATTERN NO.19175
PASS PATTERN NO.19176
PASS PATTERN NO.19177
PASS PATTERN NO.19178
PASS PATTERN NO.19179
PASS PATTERN NO.19180
PASS PATTERN NO.19181
PASS PATTERN NO.19182
PASS PATTERN NO.19183
PASS PATTERN NO.19184
PASS PATTERN NO.19185
PASS PATTERN NO.19186
PASS PATTERN NO.19187
PASS PATTERN NO.19188
PASS PATTERN NO.19189
PASS PATTERN NO.19190
PASS PATTERN NO.19191
PASS PATTERN NO.19192
PASS PATTERN NO.19193
PASS PATTERN NO.19194
PASS PATTERN NO.19195
PASS PATTERN NO.19196
PASS PATTERN NO.19197
PASS PATTERN NO.19198
PASS PATTERN NO.19199
PASS PATTERN NO.19200
PASS PATTERN NO.19201
PASS PATTERN NO.19202
PASS PATTERN NO.19203
PASS PATTERN NO.19204
PASS PATTERN NO.19205
PASS PATTERN NO.19206
PASS PATTERN NO.19207
PASS PATTERN NO.19208
PASS PATTERN NO.19209
PASS PATTERN NO.19210
PASS PATTERN NO.19211
PASS PATTERN NO.19212
PASS PATTERN NO.19213
PASS PATTERN NO.19214
PASS PATTERN NO.19215
PASS PATTERN NO.19216
PASS PATTERN NO.19217
PASS PATTERN NO.19218
PASS PATTERN NO.19219
PASS PATTERN NO.19220
PASS PATTERN NO.19221
PASS PATTERN NO.19222
PASS PATTERN NO.19223
PASS PATTERN NO.19224
PASS PATTERN NO.19225
PASS PATTERN NO.19226
PASS PATTERN NO.19227
PASS PATTERN NO.19228
PASS PATTERN NO.19229
PASS PATTERN NO.19230
PASS PATTERN NO.19231
PASS PATTERN NO.19232
PASS PATTERN NO.19233
PASS PATTERN NO.19234
PASS PATTERN NO.19235
PASS PATTERN NO.19236
PASS PATTERN NO.19237
PASS PATTERN NO.19238
PASS PATTERN NO.19239
PASS PATTERN NO.19240
PASS PATTERN NO.19241
PASS PATTERN NO.19242
PASS PATTERN NO.19243
PASS PATTERN NO.19244
PASS PATTERN NO.19245
PASS PATTERN NO.19246
PASS PATTERN NO.19247
PASS PATTERN NO.19248
PASS PATTERN NO.19249
PASS PATTERN NO.19250
PASS PATTERN NO.19251
PASS PATTERN NO.19252
PASS PATTERN NO.19253
PASS PATTERN NO.19254
PASS PATTERN NO.19255
PASS PATTERN NO.19256
PASS PATTERN NO.19257
PASS PATTERN NO.19258
PASS PATTERN NO.19259
PASS PATTERN NO.19260
PASS PATTERN NO.19261
PASS PATTERN NO.19262
PASS PATTERN NO.19263
PASS PATTERN NO.19264
PASS PATTERN NO.19265
PASS PATTERN NO.19266
PASS PATTERN NO.19267
PASS PATTERN NO.19268
PASS PATTERN NO.19269
PASS PATTERN NO.19270
PASS PATTERN NO.19271
PASS PATTERN NO.19272
PASS PATTERN NO.19273
PASS PATTERN NO.19274
PASS PATTERN NO.19275
PASS PATTERN NO.19276
PASS PATTERN NO.19277
PASS PATTERN NO.19278
PASS PATTERN NO.19279
PASS PATTERN NO.19280
PASS PATTERN NO.19281
PASS PATTERN NO.19282
PASS PATTERN NO.19283
PASS PATTERN NO.19284
PASS PATTERN NO.19285
PASS PATTERN NO.19286
PASS PATTERN NO.19287
PASS PATTERN NO.19288
PASS PATTERN NO.19289
PASS PATTERN NO.19290
PASS PATTERN NO.19291
PASS PATTERN NO.19292
PASS PATTERN NO.19293
PASS PATTERN NO.19294
PASS PATTERN NO.19295
PASS PATTERN NO.19296
PASS PATTERN NO.19297
PASS PATTERN NO.19298
PASS PATTERN NO.19299
PASS PATTERN NO.19300
PASS PATTERN NO.19301
PASS PATTERN NO.19302
PASS PATTERN NO.19303
PASS PATTERN NO.19304
PASS PATTERN NO.19305
PASS PATTERN NO.19306
PASS PATTERN NO.19307
PASS PATTERN NO.19308
PASS PATTERN NO.19309
PASS PATTERN NO.19310
PASS PATTERN NO.19311
PASS PATTERN NO.19312
PASS PATTERN NO.19313
PASS PATTERN NO.19314
PASS PATTERN NO.19315
PASS PATTERN NO.19316
PASS PATTERN NO.19317
PASS PATTERN NO.19318
PASS PATTERN NO.19319
PASS PATTERN NO.19320
PASS PATTERN NO.19321
PASS PATTERN NO.19322
PASS PATTERN NO.19323
PASS PATTERN NO.19324
PASS PATTERN NO.19325
PASS PATTERN NO.19326
PASS PATTERN NO.19327
PASS PATTERN NO.19328
PASS PATTERN NO.19329
PASS PATTERN NO.19330
PASS PATTERN NO.19331
PASS PATTERN NO.19332
PASS PATTERN NO.19333
PASS PATTERN NO.19334
PASS PATTERN NO.19335
PASS PATTERN NO.19336
PASS PATTERN NO.19337
PASS PATTERN NO.19338
PASS PATTERN NO.19339
PASS PATTERN NO.19340
PASS PATTERN NO.19341
PASS PATTERN NO.19342
PASS PATTERN NO.19343
PASS PATTERN NO.19344
PASS PATTERN NO.19345
PASS PATTERN NO.19346
PASS PATTERN NO.19347
PASS PATTERN NO.19348
PASS PATTERN NO.19349
PASS PATTERN NO.19350
PASS PATTERN NO.19351
PASS PATTERN NO.19352
PASS PATTERN NO.19353
PASS PATTERN NO.19354
PASS PATTERN NO.19355
PASS PATTERN NO.19356
PASS PATTERN NO.19357
PASS PATTERN NO.19358
PASS PATTERN NO.19359
PASS PATTERN NO.19360
PASS PATTERN NO.19361
PASS PATTERN NO.19362
PASS PATTERN NO.19363
PASS PATTERN NO.19364
PASS PATTERN NO.19365
PASS PATTERN NO.19366
PASS PATTERN NO.19367
PASS PATTERN NO.19368
PASS PATTERN NO.19369
PASS PATTERN NO.19370
PASS PATTERN NO.19371
PASS PATTERN NO.19372
PASS PATTERN NO.19373
PASS PATTERN NO.19374
PASS PATTERN NO.19375
PASS PATTERN NO.19376
PASS PATTERN NO.19377
PASS PATTERN NO.19378
PASS PATTERN NO.19379
PASS PATTERN NO.19380
PASS PATTERN NO.19381
PASS PATTERN NO.19382
PASS PATTERN NO.19383
PASS PATTERN NO.19384
PASS PATTERN NO.19385
PASS PATTERN NO.19386
PASS PATTERN NO.19387
PASS PATTERN NO.19388
PASS PATTERN NO.19389
PASS PATTERN NO.19390
PASS PATTERN NO.19391
PASS PATTERN NO.19392
PASS PATTERN NO.19393
PASS PATTERN NO.19394
PASS PATTERN NO.19395
PASS PATTERN NO.19396
PASS PATTERN NO.19397
PASS PATTERN NO.19398
PASS PATTERN NO.19399
PASS PATTERN NO.19400
PASS PATTERN NO.19401
PASS PATTERN NO.19402
PASS PATTERN NO.19403
PASS PATTERN NO.19404
PASS PATTERN NO.19405
PASS PATTERN NO.19406
PASS PATTERN NO.19407
PASS PATTERN NO.19408
PASS PATTERN NO.19409
PASS PATTERN NO.19410
PASS PATTERN NO.19411
PASS PATTERN NO.19412
PASS PATTERN NO.19413
PASS PATTERN NO.19414
PASS PATTERN NO.19415
PASS PATTERN NO.19416
PASS PATTERN NO.19417
PASS PATTERN NO.19418
PASS PATTERN NO.19419
PASS PATTERN NO.19420
PASS PATTERN NO.19421
PASS PATTERN NO.19422
PASS PATTERN NO.19423
PASS PATTERN NO.19424
PASS PATTERN NO.19425
PASS PATTERN NO.19426
PASS PATTERN NO.19427
PASS PATTERN NO.19428
PASS PATTERN NO.19429
PASS PATTERN NO.19430
PASS PATTERN NO.19431
PASS PATTERN NO.19432
PASS PATTERN NO.19433
PASS PATTERN NO.19434
PASS PATTERN NO.19435
PASS PATTERN NO.19436
PASS PATTERN NO.19437
PASS PATTERN NO.19438
PASS PATTERN NO.19439
PASS PATTERN NO.19440
PASS PATTERN NO.19441
PASS PATTERN NO.19442
PASS PATTERN NO.19443
PASS PATTERN NO.19444
PASS PATTERN NO.19445
PASS PATTERN NO.19446
PASS PATTERN NO.19447
PASS PATTERN NO.19448
PASS PATTERN NO.19449
PASS PATTERN NO.19450
PASS PATTERN NO.19451
PASS PATTERN NO.19452
PASS PATTERN NO.19453
PASS PATTERN NO.19454
PASS PATTERN NO.19455
PASS PATTERN NO.19456
PASS PATTERN NO.19457
PASS PATTERN NO.19458
PASS PATTERN NO.19459
PASS PATTERN NO.19460
PASS PATTERN NO.19461
PASS PATTERN NO.19462
PASS PATTERN NO.19463
PASS PATTERN NO.19464
PASS PATTERN NO.19465
PASS PATTERN NO.19466
PASS PATTERN NO.19467
PASS PATTERN NO.19468
PASS PATTERN NO.19469
PASS PATTERN NO.19470
PASS PATTERN NO.19471
PASS PATTERN NO.19472
PASS PATTERN NO.19473
PASS PATTERN NO.19474
PASS PATTERN NO.19475
PASS PATTERN NO.19476
PASS PATTERN NO.19477
PASS PATTERN NO.19478
PASS PATTERN NO.19479
PASS PATTERN NO.19480
PASS PATTERN NO.19481
PASS PATTERN NO.19482
PASS PATTERN NO.19483
PASS PATTERN NO.19484
PASS PATTERN NO.19485
PASS PATTERN NO.19486
PASS PATTERN NO.19487
PASS PATTERN NO.19488
PASS PATTERN NO.19489
PASS PATTERN NO.19490
PASS PATTERN NO.19491
PASS PATTERN NO.19492
PASS PATTERN NO.19493
PASS PATTERN NO.19494
PASS PATTERN NO.19495
PASS PATTERN NO.19496
PASS PATTERN NO.19497
PASS PATTERN NO.19498
PASS PATTERN NO.19499
PASS PATTERN NO.19500
PASS PATTERN NO.19501
PASS PATTERN NO.19502
PASS PATTERN NO.19503
PASS PATTERN NO.19504
PASS PATTERN NO.19505
PASS PATTERN NO.19506
PASS PATTERN NO.19507
PASS PATTERN NO.19508
PASS PATTERN NO.19509
PASS PATTERN NO.19510
PASS PATTERN NO.19511
PASS PATTERN NO.19512
PASS PATTERN NO.19513
PASS PATTERN NO.19514
PASS PATTERN NO.19515
PASS PATTERN NO.19516
PASS PATTERN NO.19517
PASS PATTERN NO.19518
PASS PATTERN NO.19519
PASS PATTERN NO.19520
PASS PATTERN NO.19521
PASS PATTERN NO.19522
PASS PATTERN NO.19523
PASS PATTERN NO.19524
PASS PATTERN NO.19525
PASS PATTERN NO.19526
PASS PATTERN NO.19527
PASS PATTERN NO.19528
PASS PATTERN NO.19529
PASS PATTERN NO.19530
PASS PATTERN NO.19531
PASS PATTERN NO.19532
PASS PATTERN NO.19533
PASS PATTERN NO.19534
PASS PATTERN NO.19535
PASS PATTERN NO.19536
PASS PATTERN NO.19537
PASS PATTERN NO.19538
PASS PATTERN NO.19539
PASS PATTERN NO.19540
PASS PATTERN NO.19541
PASS PATTERN NO.19542
PASS PATTERN NO.19543
PASS PATTERN NO.19544
PASS PATTERN NO.19545
PASS PATTERN NO.19546
PASS PATTERN NO.19547
PASS PATTERN NO.19548
PASS PATTERN NO.19549
PASS PATTERN NO.19550
PASS PATTERN NO.19551
PASS PATTERN NO.19552
PASS PATTERN NO.19553
PASS PATTERN NO.19554
PASS PATTERN NO.19555
PASS PATTERN NO.19556
PASS PATTERN NO.19557
PASS PATTERN NO.19558
PASS PATTERN NO.19559
PASS PATTERN NO.19560
PASS PATTERN NO.19561
PASS PATTERN NO.19562
PASS PATTERN NO.19563
PASS PATTERN NO.19564
PASS PATTERN NO.19565
PASS PATTERN NO.19566
PASS PATTERN NO.19567
PASS PATTERN NO.19568
PASS PATTERN NO.19569
PASS PATTERN NO.19570
PASS PATTERN NO.19571
PASS PATTERN NO.19572
PASS PATTERN NO.19573
PASS PATTERN NO.19574
PASS PATTERN NO.19575
PASS PATTERN NO.19576
PASS PATTERN NO.19577
PASS PATTERN NO.19578
PASS PATTERN NO.19579
PASS PATTERN NO.19580
PASS PATTERN NO.19581
PASS PATTERN NO.19582
PASS PATTERN NO.19583
PASS PATTERN NO.19584
PASS PATTERN NO.19585
PASS PATTERN NO.19586
PASS PATTERN NO.19587
PASS PATTERN NO.19588
PASS PATTERN NO.19589
PASS PATTERN NO.19590
PASS PATTERN NO.19591
PASS PATTERN NO.19592
PASS PATTERN NO.19593
PASS PATTERN NO.19594
PASS PATTERN NO.19595
PASS PATTERN NO.19596
PASS PATTERN NO.19597
PASS PATTERN NO.19598
PASS PATTERN NO.19599
PASS PATTERN NO.19600
PASS PATTERN NO.19601
PASS PATTERN NO.19602
PASS PATTERN NO.19603
PASS PATTERN NO.19604
PASS PATTERN NO.19605
PASS PATTERN NO.19606
PASS PATTERN NO.19607
PASS PATTERN NO.19608
PASS PATTERN NO.19609
PASS PATTERN NO.19610
PASS PATTERN NO.19611
PASS PATTERN NO.19612
PASS PATTERN NO.19613
PASS PATTERN NO.19614
PASS PATTERN NO.19615
PASS PATTERN NO.19616
PASS PATTERN NO.19617
PASS PATTERN NO.19618
PASS PATTERN NO.19619
PASS PATTERN NO.19620
PASS PATTERN NO.19621
PASS PATTERN NO.19622
PASS PATTERN NO.19623
PASS PATTERN NO.19624
PASS PATTERN NO.19625
PASS PATTERN NO.19626
PASS PATTERN NO.19627
PASS PATTERN NO.19628
PASS PATTERN NO.19629
PASS PATTERN NO.19630
PASS PATTERN NO.19631
PASS PATTERN NO.19632
PASS PATTERN NO.19633
PASS PATTERN NO.19634
PASS PATTERN NO.19635
PASS PATTERN NO.19636
PASS PATTERN NO.19637
PASS PATTERN NO.19638
PASS PATTERN NO.19639
PASS PATTERN NO.19640
PASS PATTERN NO.19641
PASS PATTERN NO.19642
PASS PATTERN NO.19643
PASS PATTERN NO.19644
PASS PATTERN NO.19645
PASS PATTERN NO.19646
PASS PATTERN NO.19647
PASS PATTERN NO.19648
PASS PATTERN NO.19649
PASS PATTERN NO.19650
PASS PATTERN NO.19651
PASS PATTERN NO.19652
PASS PATTERN NO.19653
PASS PATTERN NO.19654
PASS PATTERN NO.19655
PASS PATTERN NO.19656
PASS PATTERN NO.19657
PASS PATTERN NO.19658
PASS PATTERN NO.19659
PASS PATTERN NO.19660
PASS PATTERN NO.19661
PASS PATTERN NO.19662
PASS PATTERN NO.19663
PASS PATTERN NO.19664
PASS PATTERN NO.19665
PASS PATTERN NO.19666
PASS PATTERN NO.19667
PASS PATTERN NO.19668
PASS PATTERN NO.19669
PASS PATTERN NO.19670
PASS PATTERN NO.19671
PASS PATTERN NO.19672
PASS PATTERN NO.19673
PASS PATTERN NO.19674
PASS PATTERN NO.19675
PASS PATTERN NO.19676
PASS PATTERN NO.19677
PASS PATTERN NO.19678
PASS PATTERN NO.19679
PASS PATTERN NO.19680
PASS PATTERN NO.19681
PASS PATTERN NO.19682
PASS PATTERN NO.19683
PASS PATTERN NO.19684
PASS PATTERN NO.19685
PASS PATTERN NO.19686
PASS PATTERN NO.19687
PASS PATTERN NO.19688
PASS PATTERN NO.19689
PASS PATTERN NO.19690
PASS PATTERN NO.19691
PASS PATTERN NO.19692
PASS PATTERN NO.19693
PASS PATTERN NO.19694
PASS PATTERN NO.19695
PASS PATTERN NO.19696
PASS PATTERN NO.19697
PASS PATTERN NO.19698
PASS PATTERN NO.19699
PASS PATTERN NO.19700
PASS PATTERN NO.19701
PASS PATTERN NO.19702
PASS PATTERN NO.19703
PASS PATTERN NO.19704
PASS PATTERN NO.19705
PASS PATTERN NO.19706
PASS PATTERN NO.19707
PASS PATTERN NO.19708
PASS PATTERN NO.19709
PASS PATTERN NO.19710
PASS PATTERN NO.19711
PASS PATTERN NO.19712
PASS PATTERN NO.19713
PASS PATTERN NO.19714
PASS PATTERN NO.19715
PASS PATTERN NO.19716
PASS PATTERN NO.19717
PASS PATTERN NO.19718
PASS PATTERN NO.19719
PASS PATTERN NO.19720
PASS PATTERN NO.19721
PASS PATTERN NO.19722
PASS PATTERN NO.19723
PASS PATTERN NO.19724
PASS PATTERN NO.19725
PASS PATTERN NO.19726
PASS PATTERN NO.19727
PASS PATTERN NO.19728
PASS PATTERN NO.19729
PASS PATTERN NO.19730
PASS PATTERN NO.19731
PASS PATTERN NO.19732
PASS PATTERN NO.19733
PASS PATTERN NO.19734
PASS PATTERN NO.19735
PASS PATTERN NO.19736
PASS PATTERN NO.19737
PASS PATTERN NO.19738
PASS PATTERN NO.19739
PASS PATTERN NO.19740
PASS PATTERN NO.19741
PASS PATTERN NO.19742
PASS PATTERN NO.19743
PASS PATTERN NO.19744
PASS PATTERN NO.19745
PASS PATTERN NO.19746
PASS PATTERN NO.19747
PASS PATTERN NO.19748
PASS PATTERN NO.19749
PASS PATTERN NO.19750
PASS PATTERN NO.19751
PASS PATTERN NO.19752
PASS PATTERN NO.19753
PASS PATTERN NO.19754
PASS PATTERN NO.19755
PASS PATTERN NO.19756
PASS PATTERN NO.19757
PASS PATTERN NO.19758
PASS PATTERN NO.19759
PASS PATTERN NO.19760
PASS PATTERN NO.19761
PASS PATTERN NO.19762
PASS PATTERN NO.19763
PASS PATTERN NO.19764
PASS PATTERN NO.19765
PASS PATTERN NO.19766
PASS PATTERN NO.19767
PASS PATTERN NO.19768
PASS PATTERN NO.19769
PASS PATTERN NO.19770
PASS PATTERN NO.19771
PASS PATTERN NO.19772
PASS PATTERN NO.19773
PASS PATTERN NO.19774
PASS PATTERN NO.19775
PASS PATTERN NO.19776
PASS PATTERN NO.19777
PASS PATTERN NO.19778
PASS PATTERN NO.19779
PASS PATTERN NO.19780
PASS PATTERN NO.19781
PASS PATTERN NO.19782
PASS PATTERN NO.19783
PASS PATTERN NO.19784
PASS PATTERN NO.19785
PASS PATTERN NO.19786
PASS PATTERN NO.19787
PASS PATTERN NO.19788
PASS PATTERN NO.19789
PASS PATTERN NO.19790
PASS PATTERN NO.19791
PASS PATTERN NO.19792
PASS PATTERN NO.19793
PASS PATTERN NO.19794
PASS PATTERN NO.19795
PASS PATTERN NO.19796
PASS PATTERN NO.19797
PASS PATTERN NO.19798
PASS PATTERN NO.19799
PASS PATTERN NO.19800
PASS PATTERN NO.19801
PASS PATTERN NO.19802
PASS PATTERN NO.19803
PASS PATTERN NO.19804
PASS PATTERN NO.19805
PASS PATTERN NO.19806
PASS PATTERN NO.19807
PASS PATTERN NO.19808
PASS PATTERN NO.19809
PASS PATTERN NO.19810
PASS PATTERN NO.19811
PASS PATTERN NO.19812
PASS PATTERN NO.19813
PASS PATTERN NO.19814
PASS PATTERN NO.19815
PASS PATTERN NO.19816
PASS PATTERN NO.19817
PASS PATTERN NO.19818
PASS PATTERN NO.19819
PASS PATTERN NO.19820
PASS PATTERN NO.19821
PASS PATTERN NO.19822
PASS PATTERN NO.19823
PASS PATTERN NO.19824
PASS PATTERN NO.19825
PASS PATTERN NO.19826
PASS PATTERN NO.19827
PASS PATTERN NO.19828
PASS PATTERN NO.19829
PASS PATTERN NO.19830
PASS PATTERN NO.19831
PASS PATTERN NO.19832
PASS PATTERN NO.19833
PASS PATTERN NO.19834
PASS PATTERN NO.19835
PASS PATTERN NO.19836
PASS PATTERN NO.19837
PASS PATTERN NO.19838
PASS PATTERN NO.19839
PASS PATTERN NO.19840
PASS PATTERN NO.19841
PASS PATTERN NO.19842
PASS PATTERN NO.19843
PASS PATTERN NO.19844
PASS PATTERN NO.19845
PASS PATTERN NO.19846
PASS PATTERN NO.19847
PASS PATTERN NO.19848
PASS PATTERN NO.19849
PASS PATTERN NO.19850
PASS PATTERN NO.19851
PASS PATTERN NO.19852
PASS PATTERN NO.19853
PASS PATTERN NO.19854
PASS PATTERN NO.19855
PASS PATTERN NO.19856
PASS PATTERN NO.19857
PASS PATTERN NO.19858
PASS PATTERN NO.19859
PASS PATTERN NO.19860
PASS PATTERN NO.19861
PASS PATTERN NO.19862
PASS PATTERN NO.19863
PASS PATTERN NO.19864
PASS PATTERN NO.19865
PASS PATTERN NO.19866
PASS PATTERN NO.19867
PASS PATTERN NO.19868
PASS PATTERN NO.19869
PASS PATTERN NO.19870
PASS PATTERN NO.19871
PASS PATTERN NO.19872
PASS PATTERN NO.19873
PASS PATTERN NO.19874
PASS PATTERN NO.19875
PASS PATTERN NO.19876
PASS PATTERN NO.19877
PASS PATTERN NO.19878
PASS PATTERN NO.19879
PASS PATTERN NO.19880
PASS PATTERN NO.19881
PASS PATTERN NO.19882
PASS PATTERN NO.19883
PASS PATTERN NO.19884
PASS PATTERN NO.19885
PASS PATTERN NO.19886
PASS PATTERN NO.19887
PASS PATTERN NO.19888
PASS PATTERN NO.19889
PASS PATTERN NO.19890
PASS PATTERN NO.19891
PASS PATTERN NO.19892
PASS PATTERN NO.19893
PASS PATTERN NO.19894
PASS PATTERN NO.19895
PASS PATTERN NO.19896
PASS PATTERN NO.19897
PASS PATTERN NO.19898
PASS PATTERN NO.19899
PASS PATTERN NO.19900
PASS PATTERN NO.19901
PASS PATTERN NO.19902
PASS PATTERN NO.19903
PASS PATTERN NO.19904
PASS PATTERN NO.19905
PASS PATTERN NO.19906
PASS PATTERN NO.19907
PASS PATTERN NO.19908
PASS PATTERN NO.19909
PASS PATTERN NO.19910
PASS PATTERN NO.19911
PASS PATTERN NO.19912
PASS PATTERN NO.19913
PASS PATTERN NO.19914
PASS PATTERN NO.19915
PASS PATTERN NO.19916
PASS PATTERN NO.19917
PASS PATTERN NO.19918
PASS PATTERN NO.19919
PASS PATTERN NO.19920
PASS PATTERN NO.19921
PASS PATTERN NO.19922
PASS PATTERN NO.19923
PASS PATTERN NO.19924
PASS PATTERN NO.19925
PASS PATTERN NO.19926
PASS PATTERN NO.19927
PASS PATTERN NO.19928
PASS PATTERN NO.19929
PASS PATTERN NO.19930
PASS PATTERN NO.19931
PASS PATTERN NO.19932
PASS PATTERN NO.19933
PASS PATTERN NO.19934
PASS PATTERN NO.19935
PASS PATTERN NO.19936
PASS PATTERN NO.19937
PASS PATTERN NO.19938
PASS PATTERN NO.19939
PASS PATTERN NO.19940
PASS PATTERN NO.19941
PASS PATTERN NO.19942
PASS PATTERN NO.19943
PASS PATTERN NO.19944
PASS PATTERN NO.19945
PASS PATTERN NO.19946
PASS PATTERN NO.19947
PASS PATTERN NO.19948
PASS PATTERN NO.19949
PASS PATTERN NO.19950
PASS PATTERN NO.19951
PASS PATTERN NO.19952
PASS PATTERN NO.19953
PASS PATTERN NO.19954
PASS PATTERN NO.19955
PASS PATTERN NO.19956
PASS PATTERN NO.19957
PASS PATTERN NO.19958
PASS PATTERN NO.19959
PASS PATTERN NO.19960
PASS PATTERN NO.19961
PASS PATTERN NO.19962
PASS PATTERN NO.19963
PASS PATTERN NO.19964
PASS PATTERN NO.19965
PASS PATTERN NO.19966
PASS PATTERN NO.19967
PASS PATTERN NO.19968
PASS PATTERN NO.19969
PASS PATTERN NO.19970
PASS PATTERN NO.19971
PASS PATTERN NO.19972
PASS PATTERN NO.19973
PASS PATTERN NO.19974
PASS PATTERN NO.19975
PASS PATTERN NO.19976
PASS PATTERN NO.19977
PASS PATTERN NO.19978
PASS PATTERN NO.19979
PASS PATTERN NO.19980
PASS PATTERN NO.19981
PASS PATTERN NO.19982
PASS PATTERN NO.19983
PASS PATTERN NO.19984
PASS PATTERN NO.19985
PASS PATTERN NO.19986
PASS PATTERN NO.19987
PASS PATTERN NO.19988
PASS PATTERN NO.19989
PASS PATTERN NO.19990
PASS PATTERN NO.19991
PASS PATTERN NO.19992
PASS PATTERN NO.19993
PASS PATTERN NO.19994
PASS PATTERN NO.19995
PASS PATTERN NO.19996
PASS PATTERN NO.19997
PASS PATTERN NO.19998
PASS PATTERN NO.19999
PASS PATTERN NO.20000
PASS PATTERN NO.20001
PASS PATTERN NO.20002
PASS PATTERN NO.20003
PASS PATTERN NO.20004
PASS PATTERN NO.20005
PASS PATTERN NO.20006
PASS PATTERN NO.20007
PASS PATTERN NO.20008
PASS PATTERN NO.20009
PASS PATTERN NO.20010
PASS PATTERN NO.20011
PASS PATTERN NO.20012
PASS PATTERN NO.20013
PASS PATTERN NO.20014
PASS PATTERN NO.20015
PASS PATTERN NO.20016
PASS PATTERN NO.20017
PASS PATTERN NO.20018
PASS PATTERN NO.20019
PASS PATTERN NO.20020
PASS PATTERN NO.20021
PASS PATTERN NO.20022
PASS PATTERN NO.20023
PASS PATTERN NO.20024
PASS PATTERN NO.20025
PASS PATTERN NO.20026
PASS PATTERN NO.20027
PASS PATTERN NO.20028
PASS PATTERN NO.20029
PASS PATTERN NO.20030
PASS PATTERN NO.20031
PASS PATTERN NO.20032
PASS PATTERN NO.20033
PASS PATTERN NO.20034
PASS PATTERN NO.20035
PASS PATTERN NO.20036
PASS PATTERN NO.20037
PASS PATTERN NO.20038
PASS PATTERN NO.20039
PASS PATTERN NO.20040
PASS PATTERN NO.20041
PASS PATTERN NO.20042
PASS PATTERN NO.20043
PASS PATTERN NO.20044
PASS PATTERN NO.20045
PASS PATTERN NO.20046
PASS PATTERN NO.20047
PASS PATTERN NO.20048
PASS PATTERN NO.20049
PASS PATTERN NO.20050
PASS PATTERN NO.20051
PASS PATTERN NO.20052
PASS PATTERN NO.20053
PASS PATTERN NO.20054
PASS PATTERN NO.20055
PASS PATTERN NO.20056
PASS PATTERN NO.20057
PASS PATTERN NO.20058
PASS PATTERN NO.20059
PASS PATTERN NO.20060
PASS PATTERN NO.20061
PASS PATTERN NO.20062
PASS PATTERN NO.20063
PASS PATTERN NO.20064
PASS PATTERN NO.20065
PASS PATTERN NO.20066
PASS PATTERN NO.20067
PASS PATTERN NO.20068
PASS PATTERN NO.20069
PASS PATTERN NO.20070
PASS PATTERN NO.20071
PASS PATTERN NO.20072
PASS PATTERN NO.20073
PASS PATTERN NO.20074
PASS PATTERN NO.20075
PASS PATTERN NO.20076
PASS PATTERN NO.20077
PASS PATTERN NO.20078
PASS PATTERN NO.20079
PASS PATTERN NO.20080
PASS PATTERN NO.20081
PASS PATTERN NO.20082
PASS PATTERN NO.20083
PASS PATTERN NO.20084
PASS PATTERN NO.20085
PASS PATTERN NO.20086
PASS PATTERN NO.20087
PASS PATTERN NO.20088
PASS PATTERN NO.20089
PASS PATTERN NO.20090
PASS PATTERN NO.20091
PASS PATTERN NO.20092
PASS PATTERN NO.20093
PASS PATTERN NO.20094
PASS PATTERN NO.20095
PASS PATTERN NO.20096
PASS PATTERN NO.20097
PASS PATTERN NO.20098
PASS PATTERN NO.20099
PASS PATTERN NO.20100
PASS PATTERN NO.20101
PASS PATTERN NO.20102
PASS PATTERN NO.20103
PASS PATTERN NO.20104
PASS PATTERN NO.20105
PASS PATTERN NO.20106
PASS PATTERN NO.20107
PASS PATTERN NO.20108
PASS PATTERN NO.20109
PASS PATTERN NO.20110
PASS PATTERN NO.20111
PASS PATTERN NO.20112
PASS PATTERN NO.20113
PASS PATTERN NO.20114
PASS PATTERN NO.20115
PASS PATTERN NO.20116
PASS PATTERN NO.20117
PASS PATTERN NO.20118
PASS PATTERN NO.20119
PASS PATTERN NO.20120
PASS PATTERN NO.20121
PASS PATTERN NO.20122
PASS PATTERN NO.20123
PASS PATTERN NO.20124
PASS PATTERN NO.20125
PASS PATTERN NO.20126
PASS PATTERN NO.20127
PASS PATTERN NO.20128
PASS PATTERN NO.20129
PASS PATTERN NO.20130
PASS PATTERN NO.20131
PASS PATTERN NO.20132
PASS PATTERN NO.20133
PASS PATTERN NO.20134
PASS PATTERN NO.20135
PASS PATTERN NO.20136
PASS PATTERN NO.20137
PASS PATTERN NO.20138
PASS PATTERN NO.20139
PASS PATTERN NO.20140
PASS PATTERN NO.20141
PASS PATTERN NO.20142
PASS PATTERN NO.20143
PASS PATTERN NO.20144
PASS PATTERN NO.20145
PASS PATTERN NO.20146
PASS PATTERN NO.20147
PASS PATTERN NO.20148
PASS PATTERN NO.20149
PASS PATTERN NO.20150
PASS PATTERN NO.20151
PASS PATTERN NO.20152
PASS PATTERN NO.20153
PASS PATTERN NO.20154
PASS PATTERN NO.20155
PASS PATTERN NO.20156
PASS PATTERN NO.20157
PASS PATTERN NO.20158
PASS PATTERN NO.20159
PASS PATTERN NO.20160
PASS PATTERN NO.20161
PASS PATTERN NO.20162
PASS PATTERN NO.20163
PASS PATTERN NO.20164
PASS PATTERN NO.20165
PASS PATTERN NO.20166
PASS PATTERN NO.20167
PASS PATTERN NO.20168
PASS PATTERN NO.20169
PASS PATTERN NO.20170
PASS PATTERN NO.20171
PASS PATTERN NO.20172
PASS PATTERN NO.20173
PASS PATTERN NO.20174
PASS PATTERN NO.20175
PASS PATTERN NO.20176
PASS PATTERN NO.20177
PASS PATTERN NO.20178
PASS PATTERN NO.20179
PASS PATTERN NO.20180
PASS PATTERN NO.20181
PASS PATTERN NO.20182
PASS PATTERN NO.20183
PASS PATTERN NO.20184
PASS PATTERN NO.20185
PASS PATTERN NO.20186
PASS PATTERN NO.20187
PASS PATTERN NO.20188
PASS PATTERN NO.20189
PASS PATTERN NO.20190
PASS PATTERN NO.20191
PASS PATTERN NO.20192
PASS PATTERN NO.20193
PASS PATTERN NO.20194
PASS PATTERN NO.20195
PASS PATTERN NO.20196
PASS PATTERN NO.20197
PASS PATTERN NO.20198
PASS PATTERN NO.20199
PASS PATTERN NO.20200
PASS PATTERN NO.20201
PASS PATTERN NO.20202
PASS PATTERN NO.20203
PASS PATTERN NO.20204
PASS PATTERN NO.20205
PASS PATTERN NO.20206
PASS PATTERN NO.20207
PASS PATTERN NO.20208
PASS PATTERN NO.20209
PASS PATTERN NO.20210
PASS PATTERN NO.20211
PASS PATTERN NO.20212
PASS PATTERN NO.20213
PASS PATTERN NO.20214
PASS PATTERN NO.20215
PASS PATTERN NO.20216
PASS PATTERN NO.20217
PASS PATTERN NO.20218
PASS PATTERN NO.20219
PASS PATTERN NO.20220
PASS PATTERN NO.20221
PASS PATTERN NO.20222
PASS PATTERN NO.20223
PASS PATTERN NO.20224
PASS PATTERN NO.20225
PASS PATTERN NO.20226
PASS PATTERN NO.20227
PASS PATTERN NO.20228
PASS PATTERN NO.20229
PASS PATTERN NO.20230
PASS PATTERN NO.20231
PASS PATTERN NO.20232
PASS PATTERN NO.20233
PASS PATTERN NO.20234
PASS PATTERN NO.20235
PASS PATTERN NO.20236
PASS PATTERN NO.20237
PASS PATTERN NO.20238
PASS PATTERN NO.20239
PASS PATTERN NO.20240
PASS PATTERN NO.20241
PASS PATTERN NO.20242
PASS PATTERN NO.20243
PASS PATTERN NO.20244
PASS PATTERN NO.20245
PASS PATTERN NO.20246
PASS PATTERN NO.20247
PASS PATTERN NO.20248
PASS PATTERN NO.20249
PASS PATTERN NO.20250
PASS PATTERN NO.20251
PASS PATTERN NO.20252
PASS PATTERN NO.20253
PASS PATTERN NO.20254
PASS PATTERN NO.20255
PASS PATTERN NO.20256
PASS PATTERN NO.20257
PASS PATTERN NO.20258
PASS PATTERN NO.20259
PASS PATTERN NO.20260
PASS PATTERN NO.20261
PASS PATTERN NO.20262
PASS PATTERN NO.20263
PASS PATTERN NO.20264
PASS PATTERN NO.20265
PASS PATTERN NO.20266
PASS PATTERN NO.20267
PASS PATTERN NO.20268
PASS PATTERN NO.20269
PASS PATTERN NO.20270
PASS PATTERN NO.20271
PASS PATTERN NO.20272
PASS PATTERN NO.20273
PASS PATTERN NO.20274
PASS PATTERN NO.20275
PASS PATTERN NO.20276
PASS PATTERN NO.20277
PASS PATTERN NO.20278
PASS PATTERN NO.20279
PASS PATTERN NO.20280
PASS PATTERN NO.20281
PASS PATTERN NO.20282
PASS PATTERN NO.20283
PASS PATTERN NO.20284
PASS PATTERN NO.20285
PASS PATTERN NO.20286
PASS PATTERN NO.20287
PASS PATTERN NO.20288
PASS PATTERN NO.20289
PASS PATTERN NO.20290
PASS PATTERN NO.20291
PASS PATTERN NO.20292
PASS PATTERN NO.20293
PASS PATTERN NO.20294
PASS PATTERN NO.20295
PASS PATTERN NO.20296
PASS PATTERN NO.20297
PASS PATTERN NO.20298
PASS PATTERN NO.20299
PASS PATTERN NO.20300
PASS PATTERN NO.20301
PASS PATTERN NO.20302
PASS PATTERN NO.20303
PASS PATTERN NO.20304
PASS PATTERN NO.20305
PASS PATTERN NO.20306
PASS PATTERN NO.20307
PASS PATTERN NO.20308
PASS PATTERN NO.20309
PASS PATTERN NO.20310
PASS PATTERN NO.20311
PASS PATTERN NO.20312
PASS PATTERN NO.20313
PASS PATTERN NO.20314
PASS PATTERN NO.20315
PASS PATTERN NO.20316
PASS PATTERN NO.20317
PASS PATTERN NO.20318
PASS PATTERN NO.20319
PASS PATTERN NO.20320
PASS PATTERN NO.20321
PASS PATTERN NO.20322
PASS PATTERN NO.20323
PASS PATTERN NO.20324
PASS PATTERN NO.20325
PASS PATTERN NO.20326
PASS PATTERN NO.20327
PASS PATTERN NO.20328
PASS PATTERN NO.20329
PASS PATTERN NO.20330
PASS PATTERN NO.20331
PASS PATTERN NO.20332
PASS PATTERN NO.20333
PASS PATTERN NO.20334
PASS PATTERN NO.20335
PASS PATTERN NO.20336
PASS PATTERN NO.20337
PASS PATTERN NO.20338
PASS PATTERN NO.20339
PASS PATTERN NO.20340
PASS PATTERN NO.20341
PASS PATTERN NO.20342
PASS PATTERN NO.20343
PASS PATTERN NO.20344
PASS PATTERN NO.20345
PASS PATTERN NO.20346
PASS PATTERN NO.20347
PASS PATTERN NO.20348
PASS PATTERN NO.20349
PASS PATTERN NO.20350
PASS PATTERN NO.20351
PASS PATTERN NO.20352
PASS PATTERN NO.20353
PASS PATTERN NO.20354
PASS PATTERN NO.20355
PASS PATTERN NO.20356
PASS PATTERN NO.20357
PASS PATTERN NO.20358
PASS PATTERN NO.20359
PASS PATTERN NO.20360
PASS PATTERN NO.20361
PASS PATTERN NO.20362
PASS PATTERN NO.20363
PASS PATTERN NO.20364
PASS PATTERN NO.20365
PASS PATTERN NO.20366
PASS PATTERN NO.20367
PASS PATTERN NO.20368
PASS PATTERN NO.20369
PASS PATTERN NO.20370
PASS PATTERN NO.20371
PASS PATTERN NO.20372
PASS PATTERN NO.20373
PASS PATTERN NO.20374
PASS PATTERN NO.20375
PASS PATTERN NO.20376
PASS PATTERN NO.20377
PASS PATTERN NO.20378
PASS PATTERN NO.20379
PASS PATTERN NO.20380
PASS PATTERN NO.20381
PASS PATTERN NO.20382
PASS PATTERN NO.20383
PASS PATTERN NO.20384
PASS PATTERN NO.20385
PASS PATTERN NO.20386
PASS PATTERN NO.20387
PASS PATTERN NO.20388
PASS PATTERN NO.20389
PASS PATTERN NO.20390
PASS PATTERN NO.20391
PASS PATTERN NO.20392
PASS PATTERN NO.20393
PASS PATTERN NO.20394
PASS PATTERN NO.20395
PASS PATTERN NO.20396
PASS PATTERN NO.20397
PASS PATTERN NO.20398
PASS PATTERN NO.20399
PASS PATTERN NO.20400
PASS PATTERN NO.20401
PASS PATTERN NO.20402
PASS PATTERN NO.20403
PASS PATTERN NO.20404
PASS PATTERN NO.20405
PASS PATTERN NO.20406
PASS PATTERN NO.20407
PASS PATTERN NO.20408
PASS PATTERN NO.20409
PASS PATTERN NO.20410
PASS PATTERN NO.20411
PASS PATTERN NO.20412
PASS PATTERN NO.20413
PASS PATTERN NO.20414
PASS PATTERN NO.20415
PASS PATTERN NO.20416
PASS PATTERN NO.20417
PASS PATTERN NO.20418
PASS PATTERN NO.20419
PASS PATTERN NO.20420
PASS PATTERN NO.20421
PASS PATTERN NO.20422
PASS PATTERN NO.20423
PASS PATTERN NO.20424
PASS PATTERN NO.20425
PASS PATTERN NO.20426
PASS PATTERN NO.20427
PASS PATTERN NO.20428
PASS PATTERN NO.20429
PASS PATTERN NO.20430
PASS PATTERN NO.20431
PASS PATTERN NO.20432
PASS PATTERN NO.20433
PASS PATTERN NO.20434
PASS PATTERN NO.20435
PASS PATTERN NO.20436
PASS PATTERN NO.20437
PASS PATTERN NO.20438
PASS PATTERN NO.20439
PASS PATTERN NO.20440
PASS PATTERN NO.20441
PASS PATTERN NO.20442
PASS PATTERN NO.20443
PASS PATTERN NO.20444
PASS PATTERN NO.20445
PASS PATTERN NO.20446
PASS PATTERN NO.20447
PASS PATTERN NO.20448
PASS PATTERN NO.20449
PASS PATTERN NO.20450
PASS PATTERN NO.20451
PASS PATTERN NO.20452
PASS PATTERN NO.20453
PASS PATTERN NO.20454
PASS PATTERN NO.20455
PASS PATTERN NO.20456
PASS PATTERN NO.20457
PASS PATTERN NO.20458
PASS PATTERN NO.20459
PASS PATTERN NO.20460
PASS PATTERN NO.20461
PASS PATTERN NO.20462
PASS PATTERN NO.20463
PASS PATTERN NO.20464
PASS PATTERN NO.20465
PASS PATTERN NO.20466
PASS PATTERN NO.20467
PASS PATTERN NO.20468
PASS PATTERN NO.20469
PASS PATTERN NO.20470
PASS PATTERN NO.20471
PASS PATTERN NO.20472
PASS PATTERN NO.20473
PASS PATTERN NO.20474
PASS PATTERN NO.20475
PASS PATTERN NO.20476
PASS PATTERN NO.20477
PASS PATTERN NO.20478
PASS PATTERN NO.20479
PASS PATTERN NO.20480
PASS PATTERN NO.20481
PASS PATTERN NO.20482
PASS PATTERN NO.20483
PASS PATTERN NO.20484
PASS PATTERN NO.20485
PASS PATTERN NO.20486
PASS PATTERN NO.20487
PASS PATTERN NO.20488
PASS PATTERN NO.20489
PASS PATTERN NO.20490
PASS PATTERN NO.20491
PASS PATTERN NO.20492
PASS PATTERN NO.20493
PASS PATTERN NO.20494
PASS PATTERN NO.20495
PASS PATTERN NO.20496
PASS PATTERN NO.20497
PASS PATTERN NO.20498
PASS PATTERN NO.20499
PASS PATTERN NO.20500
PASS PATTERN NO.20501
PASS PATTERN NO.20502
PASS PATTERN NO.20503
PASS PATTERN NO.20504
PASS PATTERN NO.20505
PASS PATTERN NO.20506
PASS PATTERN NO.20507
PASS PATTERN NO.20508
PASS PATTERN NO.20509
PASS PATTERN NO.20510
PASS PATTERN NO.20511
PASS PATTERN NO.20512
PASS PATTERN NO.20513
PASS PATTERN NO.20514
PASS PATTERN NO.20515
PASS PATTERN NO.20516
PASS PATTERN NO.20517
PASS PATTERN NO.20518
PASS PATTERN NO.20519
PASS PATTERN NO.20520
PASS PATTERN NO.20521
PASS PATTERN NO.20522
PASS PATTERN NO.20523
PASS PATTERN NO.20524
PASS PATTERN NO.20525
PASS PATTERN NO.20526
PASS PATTERN NO.20527
PASS PATTERN NO.20528
PASS PATTERN NO.20529
PASS PATTERN NO.20530
PASS PATTERN NO.20531
PASS PATTERN NO.20532
PASS PATTERN NO.20533
PASS PATTERN NO.20534
PASS PATTERN NO.20535
PASS PATTERN NO.20536
PASS PATTERN NO.20537
PASS PATTERN NO.20538
PASS PATTERN NO.20539
PASS PATTERN NO.20540
PASS PATTERN NO.20541
PASS PATTERN NO.20542
PASS PATTERN NO.20543
PASS PATTERN NO.20544
PASS PATTERN NO.20545
PASS PATTERN NO.20546
PASS PATTERN NO.20547
PASS PATTERN NO.20548
PASS PATTERN NO.20549
PASS PATTERN NO.20550
PASS PATTERN NO.20551
PASS PATTERN NO.20552
PASS PATTERN NO.20553
PASS PATTERN NO.20554
PASS PATTERN NO.20555
PASS PATTERN NO.20556
PASS PATTERN NO.20557
PASS PATTERN NO.20558
PASS PATTERN NO.20559
PASS PATTERN NO.20560
PASS PATTERN NO.20561
PASS PATTERN NO.20562
PASS PATTERN NO.20563
PASS PATTERN NO.20564
PASS PATTERN NO.20565
PASS PATTERN NO.20566
PASS PATTERN NO.20567
PASS PATTERN NO.20568
PASS PATTERN NO.20569
PASS PATTERN NO.20570
PASS PATTERN NO.20571
PASS PATTERN NO.20572
PASS PATTERN NO.20573
PASS PATTERN NO.20574
PASS PATTERN NO.20575
PASS PATTERN NO.20576
PASS PATTERN NO.20577
PASS PATTERN NO.20578
PASS PATTERN NO.20579
PASS PATTERN NO.20580
PASS PATTERN NO.20581
PASS PATTERN NO.20582
PASS PATTERN NO.20583
PASS PATTERN NO.20584
PASS PATTERN NO.20585
PASS PATTERN NO.20586
PASS PATTERN NO.20587
PASS PATTERN NO.20588
PASS PATTERN NO.20589
PASS PATTERN NO.20590
PASS PATTERN NO.20591
PASS PATTERN NO.20592
PASS PATTERN NO.20593
PASS PATTERN NO.20594
PASS PATTERN NO.20595
PASS PATTERN NO.20596
PASS PATTERN NO.20597
PASS PATTERN NO.20598
PASS PATTERN NO.20599
PASS PATTERN NO.20600
PASS PATTERN NO.20601
PASS PATTERN NO.20602
PASS PATTERN NO.20603
PASS PATTERN NO.20604
PASS PATTERN NO.20605
PASS PATTERN NO.20606
PASS PATTERN NO.20607
PASS PATTERN NO.20608
PASS PATTERN NO.20609
PASS PATTERN NO.20610
PASS PATTERN NO.20611
PASS PATTERN NO.20612
PASS PATTERN NO.20613
PASS PATTERN NO.20614
PASS PATTERN NO.20615
PASS PATTERN NO.20616
PASS PATTERN NO.20617
PASS PATTERN NO.20618
PASS PATTERN NO.20619
PASS PATTERN NO.20620
PASS PATTERN NO.20621
PASS PATTERN NO.20622
PASS PATTERN NO.20623
PASS PATTERN NO.20624
PASS PATTERN NO.20625
PASS PATTERN NO.20626
PASS PATTERN NO.20627
PASS PATTERN NO.20628
PASS PATTERN NO.20629
PASS PATTERN NO.20630
PASS PATTERN NO.20631
PASS PATTERN NO.20632
PASS PATTERN NO.20633
PASS PATTERN NO.20634
PASS PATTERN NO.20635
PASS PATTERN NO.20636
PASS PATTERN NO.20637
PASS PATTERN NO.20638
PASS PATTERN NO.20639
PASS PATTERN NO.20640
PASS PATTERN NO.20641
PASS PATTERN NO.20642
PASS PATTERN NO.20643
PASS PATTERN NO.20644
PASS PATTERN NO.20645
PASS PATTERN NO.20646
PASS PATTERN NO.20647
PASS PATTERN NO.20648
PASS PATTERN NO.20649
PASS PATTERN NO.20650
PASS PATTERN NO.20651
PASS PATTERN NO.20652
PASS PATTERN NO.20653
PASS PATTERN NO.20654
PASS PATTERN NO.20655
PASS PATTERN NO.20656
PASS PATTERN NO.20657
PASS PATTERN NO.20658
PASS PATTERN NO.20659
PASS PATTERN NO.20660
PASS PATTERN NO.20661
PASS PATTERN NO.20662
PASS PATTERN NO.20663
PASS PATTERN NO.20664
PASS PATTERN NO.20665
PASS PATTERN NO.20666
PASS PATTERN NO.20667
PASS PATTERN NO.20668
PASS PATTERN NO.20669
PASS PATTERN NO.20670
PASS PATTERN NO.20671
PASS PATTERN NO.20672
PASS PATTERN NO.20673
PASS PATTERN NO.20674
PASS PATTERN NO.20675
PASS PATTERN NO.20676
PASS PATTERN NO.20677
PASS PATTERN NO.20678
PASS PATTERN NO.20679
PASS PATTERN NO.20680
PASS PATTERN NO.20681
PASS PATTERN NO.20682
PASS PATTERN NO.20683
PASS PATTERN NO.20684
PASS PATTERN NO.20685
PASS PATTERN NO.20686
PASS PATTERN NO.20687
PASS PATTERN NO.20688
PASS PATTERN NO.20689
PASS PATTERN NO.20690
PASS PATTERN NO.20691
PASS PATTERN NO.20692
PASS PATTERN NO.20693
PASS PATTERN NO.20694
PASS PATTERN NO.20695
PASS PATTERN NO.20696
PASS PATTERN NO.20697
PASS PATTERN NO.20698
PASS PATTERN NO.20699
PASS PATTERN NO.20700
PASS PATTERN NO.20701
PASS PATTERN NO.20702
PASS PATTERN NO.20703
PASS PATTERN NO.20704
PASS PATTERN NO.20705
PASS PATTERN NO.20706
PASS PATTERN NO.20707
PASS PATTERN NO.20708
PASS PATTERN NO.20709
PASS PATTERN NO.20710
PASS PATTERN NO.20711
PASS PATTERN NO.20712
PASS PATTERN NO.20713
PASS PATTERN NO.20714
PASS PATTERN NO.20715
PASS PATTERN NO.20716
PASS PATTERN NO.20717
PASS PATTERN NO.20718
PASS PATTERN NO.20719
PASS PATTERN NO.20720
PASS PATTERN NO.20721
PASS PATTERN NO.20722
PASS PATTERN NO.20723
PASS PATTERN NO.20724
PASS PATTERN NO.20725
PASS PATTERN NO.20726
PASS PATTERN NO.20727
PASS PATTERN NO.20728
PASS PATTERN NO.20729
PASS PATTERN NO.20730
PASS PATTERN NO.20731
PASS PATTERN NO.20732
PASS PATTERN NO.20733
PASS PATTERN NO.20734
PASS PATTERN NO.20735
PASS PATTERN NO.20736
PASS PATTERN NO.20737
PASS PATTERN NO.20738
PASS PATTERN NO.20739
PASS PATTERN NO.20740
PASS PATTERN NO.20741
PASS PATTERN NO.20742
PASS PATTERN NO.20743
PASS PATTERN NO.20744
PASS PATTERN NO.20745
PASS PATTERN NO.20746
PASS PATTERN NO.20747
PASS PATTERN NO.20748
PASS PATTERN NO.20749
PASS PATTERN NO.20750
PASS PATTERN NO.20751
PASS PATTERN NO.20752
PASS PATTERN NO.20753
PASS PATTERN NO.20754
PASS PATTERN NO.20755
PASS PATTERN NO.20756
PASS PATTERN NO.20757
PASS PATTERN NO.20758
PASS PATTERN NO.20759
PASS PATTERN NO.20760
PASS PATTERN NO.20761
PASS PATTERN NO.20762
PASS PATTERN NO.20763
PASS PATTERN NO.20764
PASS PATTERN NO.20765
PASS PATTERN NO.20766
PASS PATTERN NO.20767
PASS PATTERN NO.20768
PASS PATTERN NO.20769
PASS PATTERN NO.20770
PASS PATTERN NO.20771
PASS PATTERN NO.20772
PASS PATTERN NO.20773
PASS PATTERN NO.20774
PASS PATTERN NO.20775
PASS PATTERN NO.20776
PASS PATTERN NO.20777
PASS PATTERN NO.20778
PASS PATTERN NO.20779
PASS PATTERN NO.20780
PASS PATTERN NO.20781
PASS PATTERN NO.20782
PASS PATTERN NO.20783
PASS PATTERN NO.20784
PASS PATTERN NO.20785
PASS PATTERN NO.20786
PASS PATTERN NO.20787
PASS PATTERN NO.20788
PASS PATTERN NO.20789
PASS PATTERN NO.20790
PASS PATTERN NO.20791
PASS PATTERN NO.20792
PASS PATTERN NO.20793
PASS PATTERN NO.20794
PASS PATTERN NO.20795
PASS PATTERN NO.20796
PASS PATTERN NO.20797
PASS PATTERN NO.20798
PASS PATTERN NO.20799
PASS PATTERN NO.20800
PASS PATTERN NO.20801
PASS PATTERN NO.20802
PASS PATTERN NO.20803
PASS PATTERN NO.20804
PASS PATTERN NO.20805
PASS PATTERN NO.20806
PASS PATTERN NO.20807
PASS PATTERN NO.20808
PASS PATTERN NO.20809
PASS PATTERN NO.20810
PASS PATTERN NO.20811
PASS PATTERN NO.20812
PASS PATTERN NO.20813
PASS PATTERN NO.20814
PASS PATTERN NO.20815
PASS PATTERN NO.20816
PASS PATTERN NO.20817
PASS PATTERN NO.20818
PASS PATTERN NO.20819
PASS PATTERN NO.20820
PASS PATTERN NO.20821
PASS PATTERN NO.20822
PASS PATTERN NO.20823
PASS PATTERN NO.20824
PASS PATTERN NO.20825
PASS PATTERN NO.20826
PASS PATTERN NO.20827
PASS PATTERN NO.20828
PASS PATTERN NO.20829
PASS PATTERN NO.20830
PASS PATTERN NO.20831
PASS PATTERN NO.20832
PASS PATTERN NO.20833
PASS PATTERN NO.20834
PASS PATTERN NO.20835
PASS PATTERN NO.20836
PASS PATTERN NO.20837
PASS PATTERN NO.20838
PASS PATTERN NO.20839
PASS PATTERN NO.20840
PASS PATTERN NO.20841
PASS PATTERN NO.20842
PASS PATTERN NO.20843
PASS PATTERN NO.20844
PASS PATTERN NO.20845
PASS PATTERN NO.20846
PASS PATTERN NO.20847
PASS PATTERN NO.20848
PASS PATTERN NO.20849
PASS PATTERN NO.20850
PASS PATTERN NO.20851
PASS PATTERN NO.20852
PASS PATTERN NO.20853
PASS PATTERN NO.20854
PASS PATTERN NO.20855
PASS PATTERN NO.20856
PASS PATTERN NO.20857
PASS PATTERN NO.20858
PASS PATTERN NO.20859
PASS PATTERN NO.20860
PASS PATTERN NO.20861
PASS PATTERN NO.20862
PASS PATTERN NO.20863
PASS PATTERN NO.20864
PASS PATTERN NO.20865
PASS PATTERN NO.20866
PASS PATTERN NO.20867
PASS PATTERN NO.20868
PASS PATTERN NO.20869
PASS PATTERN NO.20870
PASS PATTERN NO.20871
PASS PATTERN NO.20872
PASS PATTERN NO.20873
PASS PATTERN NO.20874
PASS PATTERN NO.20875
PASS PATTERN NO.20876
PASS PATTERN NO.20877
PASS PATTERN NO.20878
PASS PATTERN NO.20879
PASS PATTERN NO.20880
PASS PATTERN NO.20881
PASS PATTERN NO.20882
PASS PATTERN NO.20883
PASS PATTERN NO.20884
PASS PATTERN NO.20885
PASS PATTERN NO.20886
PASS PATTERN NO.20887
PASS PATTERN NO.20888
PASS PATTERN NO.20889
PASS PATTERN NO.20890
PASS PATTERN NO.20891
PASS PATTERN NO.20892
PASS PATTERN NO.20893
PASS PATTERN NO.20894
PASS PATTERN NO.20895
PASS PATTERN NO.20896
PASS PATTERN NO.20897
PASS PATTERN NO.20898
PASS PATTERN NO.20899
PASS PATTERN NO.20900
PASS PATTERN NO.20901
PASS PATTERN NO.20902
PASS PATTERN NO.20903
PASS PATTERN NO.20904
PASS PATTERN NO.20905
PASS PATTERN NO.20906
PASS PATTERN NO.20907
PASS PATTERN NO.20908
PASS PATTERN NO.20909
PASS PATTERN NO.20910
PASS PATTERN NO.20911
PASS PATTERN NO.20912
PASS PATTERN NO.20913
PASS PATTERN NO.20914
PASS PATTERN NO.20915
PASS PATTERN NO.20916
PASS PATTERN NO.20917
PASS PATTERN NO.20918
PASS PATTERN NO.20919
PASS PATTERN NO.20920
PASS PATTERN NO.20921
PASS PATTERN NO.20922
PASS PATTERN NO.20923
PASS PATTERN NO.20924
PASS PATTERN NO.20925
PASS PATTERN NO.20926
PASS PATTERN NO.20927
PASS PATTERN NO.20928
PASS PATTERN NO.20929
PASS PATTERN NO.20930
PASS PATTERN NO.20931
PASS PATTERN NO.20932
PASS PATTERN NO.20933
PASS PATTERN NO.20934
PASS PATTERN NO.20935
PASS PATTERN NO.20936
PASS PATTERN NO.20937
PASS PATTERN NO.20938
PASS PATTERN NO.20939
PASS PATTERN NO.20940
PASS PATTERN NO.20941
PASS PATTERN NO.20942
PASS PATTERN NO.20943
PASS PATTERN NO.20944
PASS PATTERN NO.20945
PASS PATTERN NO.20946
PASS PATTERN NO.20947
PASS PATTERN NO.20948
PASS PATTERN NO.20949
PASS PATTERN NO.20950
PASS PATTERN NO.20951
PASS PATTERN NO.20952
PASS PATTERN NO.20953
PASS PATTERN NO.20954
PASS PATTERN NO.20955
PASS PATTERN NO.20956
PASS PATTERN NO.20957
PASS PATTERN NO.20958
PASS PATTERN NO.20959
PASS PATTERN NO.20960
PASS PATTERN NO.20961
PASS PATTERN NO.20962
PASS PATTERN NO.20963
PASS PATTERN NO.20964
PASS PATTERN NO.20965
PASS PATTERN NO.20966
PASS PATTERN NO.20967
PASS PATTERN NO.20968
PASS PATTERN NO.20969
PASS PATTERN NO.20970
PASS PATTERN NO.20971
PASS PATTERN NO.20972
PASS PATTERN NO.20973
PASS PATTERN NO.20974
PASS PATTERN NO.20975
PASS PATTERN NO.20976
PASS PATTERN NO.20977
PASS PATTERN NO.20978
PASS PATTERN NO.20979
PASS PATTERN NO.20980
PASS PATTERN NO.20981
PASS PATTERN NO.20982
PASS PATTERN NO.20983
PASS PATTERN NO.20984
PASS PATTERN NO.20985
PASS PATTERN NO.20986
PASS PATTERN NO.20987
PASS PATTERN NO.20988
PASS PATTERN NO.20989
PASS PATTERN NO.20990
PASS PATTERN NO.20991
PASS PATTERN NO.20992
PASS PATTERN NO.20993
PASS PATTERN NO.20994
PASS PATTERN NO.20995
PASS PATTERN NO.20996
PASS PATTERN NO.20997
PASS PATTERN NO.20998
PASS PATTERN NO.20999
PASS PATTERN NO.21000
PASS PATTERN NO.21001
PASS PATTERN NO.21002
PASS PATTERN NO.21003
PASS PATTERN NO.21004
PASS PATTERN NO.21005
PASS PATTERN NO.21006
PASS PATTERN NO.21007
PASS PATTERN NO.21008
PASS PATTERN NO.21009
PASS PATTERN NO.21010
PASS PATTERN NO.21011
PASS PATTERN NO.21012
PASS PATTERN NO.21013
PASS PATTERN NO.21014
PASS PATTERN NO.21015
PASS PATTERN NO.21016
PASS PATTERN NO.21017
PASS PATTERN NO.21018
PASS PATTERN NO.21019
PASS PATTERN NO.21020
PASS PATTERN NO.21021
PASS PATTERN NO.21022
PASS PATTERN NO.21023
PASS PATTERN NO.21024
PASS PATTERN NO.21025
PASS PATTERN NO.21026
PASS PATTERN NO.21027
PASS PATTERN NO.21028
PASS PATTERN NO.21029
PASS PATTERN NO.21030
PASS PATTERN NO.21031
PASS PATTERN NO.21032
PASS PATTERN NO.21033
PASS PATTERN NO.21034
PASS PATTERN NO.21035
PASS PATTERN NO.21036
PASS PATTERN NO.21037
PASS PATTERN NO.21038
PASS PATTERN NO.21039
PASS PATTERN NO.21040
PASS PATTERN NO.21041
PASS PATTERN NO.21042
PASS PATTERN NO.21043
PASS PATTERN NO.21044
PASS PATTERN NO.21045
PASS PATTERN NO.21046
PASS PATTERN NO.21047
PASS PATTERN NO.21048
PASS PATTERN NO.21049
PASS PATTERN NO.21050
PASS PATTERN NO.21051
PASS PATTERN NO.21052
PASS PATTERN NO.21053
PASS PATTERN NO.21054
PASS PATTERN NO.21055
PASS PATTERN NO.21056
PASS PATTERN NO.21057
PASS PATTERN NO.21058
PASS PATTERN NO.21059
PASS PATTERN NO.21060
PASS PATTERN NO.21061
PASS PATTERN NO.21062
PASS PATTERN NO.21063
PASS PATTERN NO.21064
PASS PATTERN NO.21065
PASS PATTERN NO.21066
PASS PATTERN NO.21067
PASS PATTERN NO.21068
PASS PATTERN NO.21069
PASS PATTERN NO.21070
PASS PATTERN NO.21071
PASS PATTERN NO.21072
PASS PATTERN NO.21073
PASS PATTERN NO.21074
PASS PATTERN NO.21075
PASS PATTERN NO.21076
PASS PATTERN NO.21077
PASS PATTERN NO.21078
PASS PATTERN NO.21079
PASS PATTERN NO.21080
PASS PATTERN NO.21081
PASS PATTERN NO.21082
PASS PATTERN NO.21083
PASS PATTERN NO.21084
PASS PATTERN NO.21085
PASS PATTERN NO.21086
PASS PATTERN NO.21087
PASS PATTERN NO.21088
PASS PATTERN NO.21089
PASS PATTERN NO.21090
PASS PATTERN NO.21091
PASS PATTERN NO.21092
PASS PATTERN NO.21093
PASS PATTERN NO.21094
PASS PATTERN NO.21095
PASS PATTERN NO.21096
PASS PATTERN NO.21097
PASS PATTERN NO.21098
PASS PATTERN NO.21099
PASS PATTERN NO.21100
PASS PATTERN NO.21101
PASS PATTERN NO.21102
PASS PATTERN NO.21103
PASS PATTERN NO.21104
PASS PATTERN NO.21105
PASS PATTERN NO.21106
PASS PATTERN NO.21107
PASS PATTERN NO.21108
PASS PATTERN NO.21109
PASS PATTERN NO.21110
PASS PATTERN NO.21111
PASS PATTERN NO.21112
PASS PATTERN NO.21113
PASS PATTERN NO.21114
PASS PATTERN NO.21115
PASS PATTERN NO.21116
PASS PATTERN NO.21117
PASS PATTERN NO.21118
PASS PATTERN NO.21119
PASS PATTERN NO.21120
PASS PATTERN NO.21121
PASS PATTERN NO.21122
PASS PATTERN NO.21123
PASS PATTERN NO.21124
PASS PATTERN NO.21125
PASS PATTERN NO.21126
PASS PATTERN NO.21127
PASS PATTERN NO.21128
PASS PATTERN NO.21129
PASS PATTERN NO.21130
PASS PATTERN NO.21131
PASS PATTERN NO.21132
PASS PATTERN NO.21133
PASS PATTERN NO.21134
PASS PATTERN NO.21135
PASS PATTERN NO.21136
PASS PATTERN NO.21137
PASS PATTERN NO.21138
PASS PATTERN NO.21139
PASS PATTERN NO.21140
PASS PATTERN NO.21141
PASS PATTERN NO.21142
PASS PATTERN NO.21143
PASS PATTERN NO.21144
PASS PATTERN NO.21145
PASS PATTERN NO.21146
PASS PATTERN NO.21147
PASS PATTERN NO.21148
PASS PATTERN NO.21149
PASS PATTERN NO.21150
PASS PATTERN NO.21151
PASS PATTERN NO.21152
PASS PATTERN NO.21153
PASS PATTERN NO.21154
PASS PATTERN NO.21155
PASS PATTERN NO.21156
PASS PATTERN NO.21157
PASS PATTERN NO.21158
PASS PATTERN NO.21159
PASS PATTERN NO.21160
PASS PATTERN NO.21161
PASS PATTERN NO.21162
PASS PATTERN NO.21163
PASS PATTERN NO.21164
PASS PATTERN NO.21165
PASS PATTERN NO.21166
PASS PATTERN NO.21167
PASS PATTERN NO.21168
PASS PATTERN NO.21169
PASS PATTERN NO.21170
PASS PATTERN NO.21171
PASS PATTERN NO.21172
PASS PATTERN NO.21173
PASS PATTERN NO.21174
PASS PATTERN NO.21175
PASS PATTERN NO.21176
PASS PATTERN NO.21177
PASS PATTERN NO.21178
PASS PATTERN NO.21179
PASS PATTERN NO.21180
PASS PATTERN NO.21181
PASS PATTERN NO.21182
PASS PATTERN NO.21183
PASS PATTERN NO.21184
PASS PATTERN NO.21185
PASS PATTERN NO.21186
PASS PATTERN NO.21187
PASS PATTERN NO.21188
PASS PATTERN NO.21189
PASS PATTERN NO.21190
PASS PATTERN NO.21191
PASS PATTERN NO.21192
PASS PATTERN NO.21193
PASS PATTERN NO.21194
PASS PATTERN NO.21195
PASS PATTERN NO.21196
PASS PATTERN NO.21197
PASS PATTERN NO.21198
PASS PATTERN NO.21199
PASS PATTERN NO.21200
PASS PATTERN NO.21201
PASS PATTERN NO.21202
PASS PATTERN NO.21203
PASS PATTERN NO.21204
PASS PATTERN NO.21205
PASS PATTERN NO.21206
PASS PATTERN NO.21207
PASS PATTERN NO.21208
PASS PATTERN NO.21209
PASS PATTERN NO.21210
PASS PATTERN NO.21211
PASS PATTERN NO.21212
PASS PATTERN NO.21213
PASS PATTERN NO.21214
PASS PATTERN NO.21215
PASS PATTERN NO.21216
PASS PATTERN NO.21217
PASS PATTERN NO.21218
PASS PATTERN NO.21219
PASS PATTERN NO.21220
PASS PATTERN NO.21221
PASS PATTERN NO.21222
PASS PATTERN NO.21223
PASS PATTERN NO.21224
PASS PATTERN NO.21225
PASS PATTERN NO.21226
PASS PATTERN NO.21227
PASS PATTERN NO.21228
PASS PATTERN NO.21229
PASS PATTERN NO.21230
PASS PATTERN NO.21231
PASS PATTERN NO.21232
PASS PATTERN NO.21233
PASS PATTERN NO.21234
PASS PATTERN NO.21235
PASS PATTERN NO.21236
PASS PATTERN NO.21237
PASS PATTERN NO.21238
PASS PATTERN NO.21239
PASS PATTERN NO.21240
PASS PATTERN NO.21241
PASS PATTERN NO.21242
PASS PATTERN NO.21243
PASS PATTERN NO.21244
PASS PATTERN NO.21245
PASS PATTERN NO.21246
PASS PATTERN NO.21247
PASS PATTERN NO.21248
PASS PATTERN NO.21249
PASS PATTERN NO.21250
PASS PATTERN NO.21251
PASS PATTERN NO.21252
PASS PATTERN NO.21253
PASS PATTERN NO.21254
PASS PATTERN NO.21255
PASS PATTERN NO.21256
PASS PATTERN NO.21257
PASS PATTERN NO.21258
PASS PATTERN NO.21259
PASS PATTERN NO.21260
PASS PATTERN NO.21261
PASS PATTERN NO.21262
PASS PATTERN NO.21263
PASS PATTERN NO.21264
PASS PATTERN NO.21265
PASS PATTERN NO.21266
PASS PATTERN NO.21267
PASS PATTERN NO.21268
PASS PATTERN NO.21269
PASS PATTERN NO.21270
PASS PATTERN NO.21271
PASS PATTERN NO.21272
PASS PATTERN NO.21273
PASS PATTERN NO.21274
PASS PATTERN NO.21275
PASS PATTERN NO.21276
PASS PATTERN NO.21277
PASS PATTERN NO.21278
PASS PATTERN NO.21279
PASS PATTERN NO.21280
PASS PATTERN NO.21281
PASS PATTERN NO.21282
PASS PATTERN NO.21283
PASS PATTERN NO.21284
PASS PATTERN NO.21285
PASS PATTERN NO.21286
PASS PATTERN NO.21287
PASS PATTERN NO.21288
PASS PATTERN NO.21289
PASS PATTERN NO.21290
PASS PATTERN NO.21291
PASS PATTERN NO.21292
PASS PATTERN NO.21293
PASS PATTERN NO.21294
PASS PATTERN NO.21295
PASS PATTERN NO.21296
PASS PATTERN NO.21297
PASS PATTERN NO.21298
PASS PATTERN NO.21299
PASS PATTERN NO.21300
PASS PATTERN NO.21301
PASS PATTERN NO.21302
PASS PATTERN NO.21303
PASS PATTERN NO.21304
PASS PATTERN NO.21305
PASS PATTERN NO.21306
PASS PATTERN NO.21307
PASS PATTERN NO.21308
PASS PATTERN NO.21309
PASS PATTERN NO.21310
PASS PATTERN NO.21311
PASS PATTERN NO.21312
PASS PATTERN NO.21313
PASS PATTERN NO.21314
PASS PATTERN NO.21315
PASS PATTERN NO.21316
PASS PATTERN NO.21317
PASS PATTERN NO.21318
PASS PATTERN NO.21319
PASS PATTERN NO.21320
PASS PATTERN NO.21321
PASS PATTERN NO.21322
PASS PATTERN NO.21323
PASS PATTERN NO.21324
PASS PATTERN NO.21325
PASS PATTERN NO.21326
PASS PATTERN NO.21327
PASS PATTERN NO.21328
PASS PATTERN NO.21329
PASS PATTERN NO.21330
PASS PATTERN NO.21331
PASS PATTERN NO.21332
PASS PATTERN NO.21333
PASS PATTERN NO.21334
PASS PATTERN NO.21335
PASS PATTERN NO.21336
PASS PATTERN NO.21337
PASS PATTERN NO.21338
PASS PATTERN NO.21339
PASS PATTERN NO.21340
PASS PATTERN NO.21341
PASS PATTERN NO.21342
PASS PATTERN NO.21343
PASS PATTERN NO.21344
PASS PATTERN NO.21345
PASS PATTERN NO.21346
PASS PATTERN NO.21347
PASS PATTERN NO.21348
PASS PATTERN NO.21349
PASS PATTERN NO.21350
PASS PATTERN NO.21351
PASS PATTERN NO.21352
PASS PATTERN NO.21353
PASS PATTERN NO.21354
PASS PATTERN NO.21355
PASS PATTERN NO.21356
PASS PATTERN NO.21357
PASS PATTERN NO.21358
PASS PATTERN NO.21359
PASS PATTERN NO.21360
PASS PATTERN NO.21361
PASS PATTERN NO.21362
PASS PATTERN NO.21363
PASS PATTERN NO.21364
PASS PATTERN NO.21365
PASS PATTERN NO.21366
PASS PATTERN NO.21367
PASS PATTERN NO.21368
PASS PATTERN NO.21369
PASS PATTERN NO.21370
PASS PATTERN NO.21371
PASS PATTERN NO.21372
PASS PATTERN NO.21373
PASS PATTERN NO.21374
PASS PATTERN NO.21375
PASS PATTERN NO.21376
PASS PATTERN NO.21377
PASS PATTERN NO.21378
PASS PATTERN NO.21379
PASS PATTERN NO.21380
PASS PATTERN NO.21381
PASS PATTERN NO.21382
PASS PATTERN NO.21383
PASS PATTERN NO.21384
PASS PATTERN NO.21385
PASS PATTERN NO.21386
PASS PATTERN NO.21387
PASS PATTERN NO.21388
PASS PATTERN NO.21389
PASS PATTERN NO.21390
PASS PATTERN NO.21391
PASS PATTERN NO.21392
PASS PATTERN NO.21393
PASS PATTERN NO.21394
PASS PATTERN NO.21395
PASS PATTERN NO.21396
PASS PATTERN NO.21397
PASS PATTERN NO.21398
PASS PATTERN NO.21399
PASS PATTERN NO.21400
PASS PATTERN NO.21401
PASS PATTERN NO.21402
PASS PATTERN NO.21403
PASS PATTERN NO.21404
PASS PATTERN NO.21405
PASS PATTERN NO.21406
PASS PATTERN NO.21407
PASS PATTERN NO.21408
PASS PATTERN NO.21409
PASS PATTERN NO.21410
PASS PATTERN NO.21411
PASS PATTERN NO.21412
PASS PATTERN NO.21413
PASS PATTERN NO.21414
PASS PATTERN NO.21415
PASS PATTERN NO.21416
PASS PATTERN NO.21417
PASS PATTERN NO.21418
PASS PATTERN NO.21419
PASS PATTERN NO.21420
PASS PATTERN NO.21421
PASS PATTERN NO.21422
PASS PATTERN NO.21423
PASS PATTERN NO.21424
PASS PATTERN NO.21425
PASS PATTERN NO.21426
PASS PATTERN NO.21427
PASS PATTERN NO.21428
PASS PATTERN NO.21429
PASS PATTERN NO.21430
PASS PATTERN NO.21431
PASS PATTERN NO.21432
PASS PATTERN NO.21433
PASS PATTERN NO.21434
PASS PATTERN NO.21435
PASS PATTERN NO.21436
PASS PATTERN NO.21437
PASS PATTERN NO.21438
PASS PATTERN NO.21439
PASS PATTERN NO.21440
PASS PATTERN NO.21441
PASS PATTERN NO.21442
PASS PATTERN NO.21443
PASS PATTERN NO.21444
PASS PATTERN NO.21445
PASS PATTERN NO.21446
PASS PATTERN NO.21447
PASS PATTERN NO.21448
PASS PATTERN NO.21449
PASS PATTERN NO.21450
PASS PATTERN NO.21451
PASS PATTERN NO.21452
PASS PATTERN NO.21453
PASS PATTERN NO.21454
PASS PATTERN NO.21455
PASS PATTERN NO.21456
PASS PATTERN NO.21457
PASS PATTERN NO.21458
PASS PATTERN NO.21459
PASS PATTERN NO.21460
PASS PATTERN NO.21461
PASS PATTERN NO.21462
PASS PATTERN NO.21463
PASS PATTERN NO.21464
PASS PATTERN NO.21465
PASS PATTERN NO.21466
PASS PATTERN NO.21467
PASS PATTERN NO.21468
PASS PATTERN NO.21469
PASS PATTERN NO.21470
PASS PATTERN NO.21471
PASS PATTERN NO.21472
PASS PATTERN NO.21473
PASS PATTERN NO.21474
PASS PATTERN NO.21475
PASS PATTERN NO.21476
PASS PATTERN NO.21477
PASS PATTERN NO.21478
PASS PATTERN NO.21479
PASS PATTERN NO.21480
PASS PATTERN NO.21481
PASS PATTERN NO.21482
PASS PATTERN NO.21483
PASS PATTERN NO.21484
PASS PATTERN NO.21485
PASS PATTERN NO.21486
PASS PATTERN NO.21487
PASS PATTERN NO.21488
PASS PATTERN NO.21489
PASS PATTERN NO.21490
PASS PATTERN NO.21491
PASS PATTERN NO.21492
PASS PATTERN NO.21493
PASS PATTERN NO.21494
PASS PATTERN NO.21495
PASS PATTERN NO.21496
PASS PATTERN NO.21497
PASS PATTERN NO.21498
PASS PATTERN NO.21499
PASS PATTERN NO.21500
PASS PATTERN NO.21501
PASS PATTERN NO.21502
PASS PATTERN NO.21503
PASS PATTERN NO.21504
PASS PATTERN NO.21505
PASS PATTERN NO.21506
PASS PATTERN NO.21507
PASS PATTERN NO.21508
PASS PATTERN NO.21509
PASS PATTERN NO.21510
PASS PATTERN NO.21511
PASS PATTERN NO.21512
PASS PATTERN NO.21513
PASS PATTERN NO.21514
PASS PATTERN NO.21515
PASS PATTERN NO.21516
PASS PATTERN NO.21517
PASS PATTERN NO.21518
PASS PATTERN NO.21519
PASS PATTERN NO.21520
PASS PATTERN NO.21521
PASS PATTERN NO.21522
PASS PATTERN NO.21523
PASS PATTERN NO.21524
PASS PATTERN NO.21525
PASS PATTERN NO.21526
PASS PATTERN NO.21527
PASS PATTERN NO.21528
PASS PATTERN NO.21529
PASS PATTERN NO.21530
PASS PATTERN NO.21531
PASS PATTERN NO.21532
PASS PATTERN NO.21533
PASS PATTERN NO.21534
PASS PATTERN NO.21535
PASS PATTERN NO.21536
PASS PATTERN NO.21537
PASS PATTERN NO.21538
PASS PATTERN NO.21539
PASS PATTERN NO.21540
PASS PATTERN NO.21541
PASS PATTERN NO.21542
PASS PATTERN NO.21543
PASS PATTERN NO.21544
PASS PATTERN NO.21545
PASS PATTERN NO.21546
PASS PATTERN NO.21547
PASS PATTERN NO.21548
PASS PATTERN NO.21549
PASS PATTERN NO.21550
PASS PATTERN NO.21551
PASS PATTERN NO.21552
PASS PATTERN NO.21553
PASS PATTERN NO.21554
PASS PATTERN NO.21555
PASS PATTERN NO.21556
PASS PATTERN NO.21557
PASS PATTERN NO.21558
PASS PATTERN NO.21559
PASS PATTERN NO.21560
PASS PATTERN NO.21561
PASS PATTERN NO.21562
PASS PATTERN NO.21563
PASS PATTERN NO.21564
PASS PATTERN NO.21565
PASS PATTERN NO.21566
PASS PATTERN NO.21567
PASS PATTERN NO.21568
PASS PATTERN NO.21569
PASS PATTERN NO.21570
PASS PATTERN NO.21571
PASS PATTERN NO.21572
PASS PATTERN NO.21573
PASS PATTERN NO.21574
PASS PATTERN NO.21575
PASS PATTERN NO.21576
PASS PATTERN NO.21577
PASS PATTERN NO.21578
PASS PATTERN NO.21579
PASS PATTERN NO.21580
PASS PATTERN NO.21581
PASS PATTERN NO.21582
PASS PATTERN NO.21583
PASS PATTERN NO.21584
PASS PATTERN NO.21585
PASS PATTERN NO.21586
PASS PATTERN NO.21587
PASS PATTERN NO.21588
PASS PATTERN NO.21589
PASS PATTERN NO.21590
PASS PATTERN NO.21591
PASS PATTERN NO.21592
PASS PATTERN NO.21593
PASS PATTERN NO.21594
PASS PATTERN NO.21595
PASS PATTERN NO.21596
PASS PATTERN NO.21597
PASS PATTERN NO.21598
PASS PATTERN NO.21599
PASS PATTERN NO.21600
PASS PATTERN NO.21601
PASS PATTERN NO.21602
PASS PATTERN NO.21603
PASS PATTERN NO.21604
PASS PATTERN NO.21605
PASS PATTERN NO.21606
PASS PATTERN NO.21607
PASS PATTERN NO.21608
PASS PATTERN NO.21609
PASS PATTERN NO.21610
PASS PATTERN NO.21611
PASS PATTERN NO.21612
PASS PATTERN NO.21613
PASS PATTERN NO.21614
PASS PATTERN NO.21615
PASS PATTERN NO.21616
PASS PATTERN NO.21617
PASS PATTERN NO.21618
PASS PATTERN NO.21619
PASS PATTERN NO.21620
PASS PATTERN NO.21621
PASS PATTERN NO.21622
PASS PATTERN NO.21623
PASS PATTERN NO.21624
PASS PATTERN NO.21625
PASS PATTERN NO.21626
PASS PATTERN NO.21627
PASS PATTERN NO.21628
PASS PATTERN NO.21629
PASS PATTERN NO.21630
PASS PATTERN NO.21631
PASS PATTERN NO.21632
PASS PATTERN NO.21633
PASS PATTERN NO.21634
PASS PATTERN NO.21635
PASS PATTERN NO.21636
PASS PATTERN NO.21637
PASS PATTERN NO.21638
PASS PATTERN NO.21639
PASS PATTERN NO.21640
PASS PATTERN NO.21641
PASS PATTERN NO.21642
PASS PATTERN NO.21643
PASS PATTERN NO.21644
PASS PATTERN NO.21645
PASS PATTERN NO.21646
PASS PATTERN NO.21647
PASS PATTERN NO.21648
PASS PATTERN NO.21649
PASS PATTERN NO.21650
PASS PATTERN NO.21651
PASS PATTERN NO.21652
PASS PATTERN NO.21653
PASS PATTERN NO.21654
PASS PATTERN NO.21655
PASS PATTERN NO.21656
PASS PATTERN NO.21657
PASS PATTERN NO.21658
PASS PATTERN NO.21659
PASS PATTERN NO.21660
PASS PATTERN NO.21661
PASS PATTERN NO.21662
PASS PATTERN NO.21663
PASS PATTERN NO.21664
PASS PATTERN NO.21665
PASS PATTERN NO.21666
PASS PATTERN NO.21667
PASS PATTERN NO.21668
PASS PATTERN NO.21669
PASS PATTERN NO.21670
PASS PATTERN NO.21671
PASS PATTERN NO.21672
PASS PATTERN NO.21673
PASS PATTERN NO.21674
PASS PATTERN NO.21675
PASS PATTERN NO.21676
PASS PATTERN NO.21677
PASS PATTERN NO.21678
PASS PATTERN NO.21679
PASS PATTERN NO.21680
PASS PATTERN NO.21681
PASS PATTERN NO.21682
PASS PATTERN NO.21683
PASS PATTERN NO.21684
PASS PATTERN NO.21685
PASS PATTERN NO.21686
PASS PATTERN NO.21687
PASS PATTERN NO.21688
PASS PATTERN NO.21689
PASS PATTERN NO.21690
PASS PATTERN NO.21691
PASS PATTERN NO.21692
PASS PATTERN NO.21693
PASS PATTERN NO.21694
PASS PATTERN NO.21695
PASS PATTERN NO.21696
PASS PATTERN NO.21697
PASS PATTERN NO.21698
PASS PATTERN NO.21699
PASS PATTERN NO.21700
PASS PATTERN NO.21701
PASS PATTERN NO.21702
PASS PATTERN NO.21703
PASS PATTERN NO.21704
PASS PATTERN NO.21705
PASS PATTERN NO.21706
PASS PATTERN NO.21707
PASS PATTERN NO.21708
PASS PATTERN NO.21709
PASS PATTERN NO.21710
PASS PATTERN NO.21711
PASS PATTERN NO.21712
PASS PATTERN NO.21713
PASS PATTERN NO.21714
PASS PATTERN NO.21715
PASS PATTERN NO.21716
PASS PATTERN NO.21717
PASS PATTERN NO.21718
PASS PATTERN NO.21719
PASS PATTERN NO.21720
PASS PATTERN NO.21721
PASS PATTERN NO.21722
PASS PATTERN NO.21723
PASS PATTERN NO.21724
PASS PATTERN NO.21725
PASS PATTERN NO.21726
PASS PATTERN NO.21727
PASS PATTERN NO.21728
PASS PATTERN NO.21729
PASS PATTERN NO.21730
PASS PATTERN NO.21731
PASS PATTERN NO.21732
PASS PATTERN NO.21733
PASS PATTERN NO.21734
PASS PATTERN NO.21735
PASS PATTERN NO.21736
PASS PATTERN NO.21737
PASS PATTERN NO.21738
PASS PATTERN NO.21739
PASS PATTERN NO.21740
PASS PATTERN NO.21741
PASS PATTERN NO.21742
PASS PATTERN NO.21743
PASS PATTERN NO.21744
PASS PATTERN NO.21745
PASS PATTERN NO.21746
PASS PATTERN NO.21747
PASS PATTERN NO.21748
PASS PATTERN NO.21749
PASS PATTERN NO.21750
PASS PATTERN NO.21751
PASS PATTERN NO.21752
PASS PATTERN NO.21753
PASS PATTERN NO.21754
PASS PATTERN NO.21755
PASS PATTERN NO.21756
PASS PATTERN NO.21757
PASS PATTERN NO.21758
PASS PATTERN NO.21759
PASS PATTERN NO.21760
PASS PATTERN NO.21761
PASS PATTERN NO.21762
PASS PATTERN NO.21763
PASS PATTERN NO.21764
PASS PATTERN NO.21765
PASS PATTERN NO.21766
PASS PATTERN NO.21767
PASS PATTERN NO.21768
PASS PATTERN NO.21769
PASS PATTERN NO.21770
PASS PATTERN NO.21771
PASS PATTERN NO.21772
PASS PATTERN NO.21773
PASS PATTERN NO.21774
PASS PATTERN NO.21775
PASS PATTERN NO.21776
PASS PATTERN NO.21777
PASS PATTERN NO.21778
PASS PATTERN NO.21779
PASS PATTERN NO.21780
PASS PATTERN NO.21781
PASS PATTERN NO.21782
PASS PATTERN NO.21783
PASS PATTERN NO.21784
PASS PATTERN NO.21785
PASS PATTERN NO.21786
PASS PATTERN NO.21787
PASS PATTERN NO.21788
PASS PATTERN NO.21789
PASS PATTERN NO.21790
PASS PATTERN NO.21791
PASS PATTERN NO.21792
PASS PATTERN NO.21793
PASS PATTERN NO.21794
PASS PATTERN NO.21795
PASS PATTERN NO.21796
PASS PATTERN NO.21797
PASS PATTERN NO.21798
PASS PATTERN NO.21799
PASS PATTERN NO.21800
PASS PATTERN NO.21801
PASS PATTERN NO.21802
PASS PATTERN NO.21803
PASS PATTERN NO.21804
PASS PATTERN NO.21805
PASS PATTERN NO.21806
PASS PATTERN NO.21807
PASS PATTERN NO.21808
PASS PATTERN NO.21809
PASS PATTERN NO.21810
PASS PATTERN NO.21811
PASS PATTERN NO.21812
PASS PATTERN NO.21813
PASS PATTERN NO.21814
PASS PATTERN NO.21815
PASS PATTERN NO.21816
PASS PATTERN NO.21817
PASS PATTERN NO.21818
PASS PATTERN NO.21819
PASS PATTERN NO.21820
PASS PATTERN NO.21821
PASS PATTERN NO.21822
PASS PATTERN NO.21823
PASS PATTERN NO.21824
PASS PATTERN NO.21825
PASS PATTERN NO.21826
PASS PATTERN NO.21827
PASS PATTERN NO.21828
PASS PATTERN NO.21829
PASS PATTERN NO.21830
PASS PATTERN NO.21831
PASS PATTERN NO.21832
PASS PATTERN NO.21833
PASS PATTERN NO.21834
PASS PATTERN NO.21835
PASS PATTERN NO.21836
PASS PATTERN NO.21837
PASS PATTERN NO.21838
PASS PATTERN NO.21839
PASS PATTERN NO.21840
PASS PATTERN NO.21841
PASS PATTERN NO.21842
PASS PATTERN NO.21843
PASS PATTERN NO.21844
PASS PATTERN NO.21845
PASS PATTERN NO.21846
PASS PATTERN NO.21847
PASS PATTERN NO.21848
PASS PATTERN NO.21849
PASS PATTERN NO.21850
PASS PATTERN NO.21851
PASS PATTERN NO.21852
PASS PATTERN NO.21853
PASS PATTERN NO.21854
PASS PATTERN NO.21855
PASS PATTERN NO.21856
PASS PATTERN NO.21857
PASS PATTERN NO.21858
PASS PATTERN NO.21859
PASS PATTERN NO.21860
PASS PATTERN NO.21861
PASS PATTERN NO.21862
PASS PATTERN NO.21863
PASS PATTERN NO.21864
PASS PATTERN NO.21865
PASS PATTERN NO.21866
PASS PATTERN NO.21867
PASS PATTERN NO.21868
PASS PATTERN NO.21869
PASS PATTERN NO.21870
PASS PATTERN NO.21871
PASS PATTERN NO.21872
PASS PATTERN NO.21873
PASS PATTERN NO.21874
PASS PATTERN NO.21875
PASS PATTERN NO.21876
PASS PATTERN NO.21877
PASS PATTERN NO.21878
PASS PATTERN NO.21879
PASS PATTERN NO.21880
PASS PATTERN NO.21881
PASS PATTERN NO.21882
PASS PATTERN NO.21883
PASS PATTERN NO.21884
PASS PATTERN NO.21885
PASS PATTERN NO.21886
PASS PATTERN NO.21887
PASS PATTERN NO.21888
PASS PATTERN NO.21889
PASS PATTERN NO.21890
PASS PATTERN NO.21891
PASS PATTERN NO.21892
PASS PATTERN NO.21893
PASS PATTERN NO.21894
PASS PATTERN NO.21895
PASS PATTERN NO.21896
PASS PATTERN NO.21897
PASS PATTERN NO.21898
PASS PATTERN NO.21899
PASS PATTERN NO.21900
PASS PATTERN NO.21901
PASS PATTERN NO.21902
PASS PATTERN NO.21903
PASS PATTERN NO.21904
PASS PATTERN NO.21905
PASS PATTERN NO.21906
PASS PATTERN NO.21907
PASS PATTERN NO.21908
PASS PATTERN NO.21909
PASS PATTERN NO.21910
PASS PATTERN NO.21911
PASS PATTERN NO.21912
PASS PATTERN NO.21913
PASS PATTERN NO.21914
PASS PATTERN NO.21915
PASS PATTERN NO.21916
PASS PATTERN NO.21917
PASS PATTERN NO.21918
PASS PATTERN NO.21919
PASS PATTERN NO.21920
PASS PATTERN NO.21921
PASS PATTERN NO.21922
PASS PATTERN NO.21923
PASS PATTERN NO.21924
PASS PATTERN NO.21925
PASS PATTERN NO.21926
PASS PATTERN NO.21927
PASS PATTERN NO.21928
PASS PATTERN NO.21929
PASS PATTERN NO.21930
PASS PATTERN NO.21931
PASS PATTERN NO.21932
PASS PATTERN NO.21933
PASS PATTERN NO.21934
PASS PATTERN NO.21935
PASS PATTERN NO.21936
PASS PATTERN NO.21937
PASS PATTERN NO.21938
PASS PATTERN NO.21939
PASS PATTERN NO.21940
PASS PATTERN NO.21941
PASS PATTERN NO.21942
PASS PATTERN NO.21943
PASS PATTERN NO.21944
PASS PATTERN NO.21945
PASS PATTERN NO.21946
PASS PATTERN NO.21947
PASS PATTERN NO.21948
PASS PATTERN NO.21949
PASS PATTERN NO.21950
PASS PATTERN NO.21951
PASS PATTERN NO.21952
PASS PATTERN NO.21953
PASS PATTERN NO.21954
PASS PATTERN NO.21955
PASS PATTERN NO.21956
PASS PATTERN NO.21957
PASS PATTERN NO.21958
PASS PATTERN NO.21959
PASS PATTERN NO.21960
PASS PATTERN NO.21961
PASS PATTERN NO.21962
PASS PATTERN NO.21963
PASS PATTERN NO.21964
PASS PATTERN NO.21965
PASS PATTERN NO.21966
PASS PATTERN NO.21967
PASS PATTERN NO.21968
PASS PATTERN NO.21969
PASS PATTERN NO.21970
PASS PATTERN NO.21971
PASS PATTERN NO.21972
PASS PATTERN NO.21973
PASS PATTERN NO.21974
PASS PATTERN NO.21975
PASS PATTERN NO.21976
PASS PATTERN NO.21977
PASS PATTERN NO.21978
PASS PATTERN NO.21979
PASS PATTERN NO.21980
PASS PATTERN NO.21981
PASS PATTERN NO.21982
PASS PATTERN NO.21983
PASS PATTERN NO.21984
PASS PATTERN NO.21985
PASS PATTERN NO.21986
PASS PATTERN NO.21987
PASS PATTERN NO.21988
PASS PATTERN NO.21989
PASS PATTERN NO.21990
PASS PATTERN NO.21991
PASS PATTERN NO.21992
PASS PATTERN NO.21993
PASS PATTERN NO.21994
PASS PATTERN NO.21995
PASS PATTERN NO.21996
PASS PATTERN NO.21997
PASS PATTERN NO.21998
PASS PATTERN NO.21999
PASS PATTERN NO.22000
PASS PATTERN NO.22001
PASS PATTERN NO.22002
PASS PATTERN NO.22003
PASS PATTERN NO.22004
PASS PATTERN NO.22005
PASS PATTERN NO.22006
PASS PATTERN NO.22007
PASS PATTERN NO.22008
PASS PATTERN NO.22009
PASS PATTERN NO.22010
PASS PATTERN NO.22011
PASS PATTERN NO.22012
PASS PATTERN NO.22013
PASS PATTERN NO.22014
PASS PATTERN NO.22015
PASS PATTERN NO.22016
PASS PATTERN NO.22017
PASS PATTERN NO.22018
PASS PATTERN NO.22019
PASS PATTERN NO.22020
PASS PATTERN NO.22021
PASS PATTERN NO.22022
PASS PATTERN NO.22023
PASS PATTERN NO.22024
PASS PATTERN NO.22025
PASS PATTERN NO.22026
PASS PATTERN NO.22027
PASS PATTERN NO.22028
PASS PATTERN NO.22029
PASS PATTERN NO.22030
PASS PATTERN NO.22031
PASS PATTERN NO.22032
PASS PATTERN NO.22033
PASS PATTERN NO.22034
PASS PATTERN NO.22035
PASS PATTERN NO.22036
PASS PATTERN NO.22037
PASS PATTERN NO.22038
PASS PATTERN NO.22039
PASS PATTERN NO.22040
PASS PATTERN NO.22041
PASS PATTERN NO.22042
PASS PATTERN NO.22043
PASS PATTERN NO.22044
PASS PATTERN NO.22045
PASS PATTERN NO.22046
PASS PATTERN NO.22047
PASS PATTERN NO.22048
PASS PATTERN NO.22049
PASS PATTERN NO.22050
PASS PATTERN NO.22051
PASS PATTERN NO.22052
PASS PATTERN NO.22053
PASS PATTERN NO.22054
PASS PATTERN NO.22055
PASS PATTERN NO.22056
PASS PATTERN NO.22057
PASS PATTERN NO.22058
PASS PATTERN NO.22059
PASS PATTERN NO.22060
PASS PATTERN NO.22061
PASS PATTERN NO.22062
PASS PATTERN NO.22063
PASS PATTERN NO.22064
PASS PATTERN NO.22065
PASS PATTERN NO.22066
PASS PATTERN NO.22067
PASS PATTERN NO.22068
PASS PATTERN NO.22069
PASS PATTERN NO.22070
PASS PATTERN NO.22071
PASS PATTERN NO.22072
PASS PATTERN NO.22073
PASS PATTERN NO.22074
PASS PATTERN NO.22075
PASS PATTERN NO.22076
PASS PATTERN NO.22077
PASS PATTERN NO.22078
PASS PATTERN NO.22079
PASS PATTERN NO.22080
PASS PATTERN NO.22081
PASS PATTERN NO.22082
PASS PATTERN NO.22083
PASS PATTERN NO.22084
PASS PATTERN NO.22085
PASS PATTERN NO.22086
PASS PATTERN NO.22087
PASS PATTERN NO.22088
PASS PATTERN NO.22089
PASS PATTERN NO.22090
PASS PATTERN NO.22091
PASS PATTERN NO.22092
PASS PATTERN NO.22093
PASS PATTERN NO.22094
PASS PATTERN NO.22095
PASS PATTERN NO.22096
PASS PATTERN NO.22097
PASS PATTERN NO.22098
PASS PATTERN NO.22099
PASS PATTERN NO.22100
PASS PATTERN NO.22101
PASS PATTERN NO.22102
PASS PATTERN NO.22103
PASS PATTERN NO.22104
PASS PATTERN NO.22105
PASS PATTERN NO.22106
PASS PATTERN NO.22107
PASS PATTERN NO.22108
PASS PATTERN NO.22109
PASS PATTERN NO.22110
PASS PATTERN NO.22111
PASS PATTERN NO.22112
PASS PATTERN NO.22113
PASS PATTERN NO.22114
PASS PATTERN NO.22115
PASS PATTERN NO.22116
PASS PATTERN NO.22117
PASS PATTERN NO.22118
PASS PATTERN NO.22119
PASS PATTERN NO.22120
PASS PATTERN NO.22121
PASS PATTERN NO.22122
PASS PATTERN NO.22123
PASS PATTERN NO.22124
PASS PATTERN NO.22125
PASS PATTERN NO.22126
PASS PATTERN NO.22127
PASS PATTERN NO.22128
PASS PATTERN NO.22129
PASS PATTERN NO.22130
PASS PATTERN NO.22131
PASS PATTERN NO.22132
PASS PATTERN NO.22133
PASS PATTERN NO.22134
PASS PATTERN NO.22135
PASS PATTERN NO.22136
PASS PATTERN NO.22137
PASS PATTERN NO.22138
PASS PATTERN NO.22139
PASS PATTERN NO.22140
PASS PATTERN NO.22141
PASS PATTERN NO.22142
PASS PATTERN NO.22143
PASS PATTERN NO.22144
PASS PATTERN NO.22145
PASS PATTERN NO.22146
PASS PATTERN NO.22147
PASS PATTERN NO.22148
PASS PATTERN NO.22149
PASS PATTERN NO.22150
PASS PATTERN NO.22151
PASS PATTERN NO.22152
PASS PATTERN NO.22153
PASS PATTERN NO.22154
PASS PATTERN NO.22155
PASS PATTERN NO.22156
PASS PATTERN NO.22157
PASS PATTERN NO.22158
PASS PATTERN NO.22159
PASS PATTERN NO.22160
PASS PATTERN NO.22161
PASS PATTERN NO.22162
PASS PATTERN NO.22163
PASS PATTERN NO.22164
PASS PATTERN NO.22165
PASS PATTERN NO.22166
PASS PATTERN NO.22167
PASS PATTERN NO.22168
PASS PATTERN NO.22169
PASS PATTERN NO.22170
PASS PATTERN NO.22171
PASS PATTERN NO.22172
PASS PATTERN NO.22173
PASS PATTERN NO.22174
PASS PATTERN NO.22175
PASS PATTERN NO.22176
PASS PATTERN NO.22177
PASS PATTERN NO.22178
PASS PATTERN NO.22179
PASS PATTERN NO.22180
PASS PATTERN NO.22181
PASS PATTERN NO.22182
PASS PATTERN NO.22183
PASS PATTERN NO.22184
PASS PATTERN NO.22185
PASS PATTERN NO.22186
PASS PATTERN NO.22187
PASS PATTERN NO.22188
PASS PATTERN NO.22189
PASS PATTERN NO.22190
PASS PATTERN NO.22191
PASS PATTERN NO.22192
PASS PATTERN NO.22193
PASS PATTERN NO.22194
PASS PATTERN NO.22195
PASS PATTERN NO.22196
PASS PATTERN NO.22197
PASS PATTERN NO.22198
PASS PATTERN NO.22199
PASS PATTERN NO.22200
PASS PATTERN NO.22201
PASS PATTERN NO.22202
PASS PATTERN NO.22203
PASS PATTERN NO.22204
PASS PATTERN NO.22205
PASS PATTERN NO.22206
PASS PATTERN NO.22207
PASS PATTERN NO.22208
PASS PATTERN NO.22209
PASS PATTERN NO.22210
PASS PATTERN NO.22211
PASS PATTERN NO.22212
PASS PATTERN NO.22213
PASS PATTERN NO.22214
PASS PATTERN NO.22215
PASS PATTERN NO.22216
PASS PATTERN NO.22217
PASS PATTERN NO.22218
PASS PATTERN NO.22219
PASS PATTERN NO.22220
PASS PATTERN NO.22221
PASS PATTERN NO.22222
PASS PATTERN NO.22223
PASS PATTERN NO.22224
PASS PATTERN NO.22225
PASS PATTERN NO.22226
PASS PATTERN NO.22227
PASS PATTERN NO.22228
PASS PATTERN NO.22229
PASS PATTERN NO.22230
PASS PATTERN NO.22231
PASS PATTERN NO.22232
PASS PATTERN NO.22233
PASS PATTERN NO.22234
PASS PATTERN NO.22235
PASS PATTERN NO.22236
PASS PATTERN NO.22237
PASS PATTERN NO.22238
PASS PATTERN NO.22239
PASS PATTERN NO.22240
PASS PATTERN NO.22241
PASS PATTERN NO.22242
PASS PATTERN NO.22243
PASS PATTERN NO.22244
PASS PATTERN NO.22245
PASS PATTERN NO.22246
PASS PATTERN NO.22247
PASS PATTERN NO.22248
PASS PATTERN NO.22249
PASS PATTERN NO.22250
PASS PATTERN NO.22251
PASS PATTERN NO.22252
PASS PATTERN NO.22253
PASS PATTERN NO.22254
PASS PATTERN NO.22255
PASS PATTERN NO.22256
PASS PATTERN NO.22257
PASS PATTERN NO.22258
PASS PATTERN NO.22259
PASS PATTERN NO.22260
PASS PATTERN NO.22261
PASS PATTERN NO.22262
PASS PATTERN NO.22263
PASS PATTERN NO.22264
PASS PATTERN NO.22265
PASS PATTERN NO.22266
PASS PATTERN NO.22267
PASS PATTERN NO.22268
PASS PATTERN NO.22269
PASS PATTERN NO.22270
PASS PATTERN NO.22271
PASS PATTERN NO.22272
PASS PATTERN NO.22273
PASS PATTERN NO.22274
PASS PATTERN NO.22275
PASS PATTERN NO.22276
PASS PATTERN NO.22277
PASS PATTERN NO.22278
PASS PATTERN NO.22279
PASS PATTERN NO.22280
PASS PATTERN NO.22281
PASS PATTERN NO.22282
PASS PATTERN NO.22283
PASS PATTERN NO.22284
PASS PATTERN NO.22285
PASS PATTERN NO.22286
PASS PATTERN NO.22287
PASS PATTERN NO.22288
PASS PATTERN NO.22289
PASS PATTERN NO.22290
PASS PATTERN NO.22291
PASS PATTERN NO.22292
PASS PATTERN NO.22293
PASS PATTERN NO.22294
PASS PATTERN NO.22295
PASS PATTERN NO.22296
PASS PATTERN NO.22297
PASS PATTERN NO.22298
PASS PATTERN NO.22299
PASS PATTERN NO.22300
PASS PATTERN NO.22301
PASS PATTERN NO.22302
PASS PATTERN NO.22303
PASS PATTERN NO.22304
PASS PATTERN NO.22305
PASS PATTERN NO.22306
PASS PATTERN NO.22307
PASS PATTERN NO.22308
PASS PATTERN NO.22309
PASS PATTERN NO.22310
PASS PATTERN NO.22311
PASS PATTERN NO.22312
PASS PATTERN NO.22313
PASS PATTERN NO.22314
PASS PATTERN NO.22315
PASS PATTERN NO.22316
PASS PATTERN NO.22317
PASS PATTERN NO.22318
PASS PATTERN NO.22319
PASS PATTERN NO.22320
PASS PATTERN NO.22321
PASS PATTERN NO.22322
PASS PATTERN NO.22323
PASS PATTERN NO.22324
PASS PATTERN NO.22325
PASS PATTERN NO.22326
PASS PATTERN NO.22327
PASS PATTERN NO.22328
PASS PATTERN NO.22329
PASS PATTERN NO.22330
PASS PATTERN NO.22331
PASS PATTERN NO.22332
PASS PATTERN NO.22333
PASS PATTERN NO.22334
PASS PATTERN NO.22335
PASS PATTERN NO.22336
PASS PATTERN NO.22337
PASS PATTERN NO.22338
PASS PATTERN NO.22339
PASS PATTERN NO.22340
PASS PATTERN NO.22341
PASS PATTERN NO.22342
PASS PATTERN NO.22343
PASS PATTERN NO.22344
PASS PATTERN NO.22345
PASS PATTERN NO.22346
PASS PATTERN NO.22347
PASS PATTERN NO.22348
PASS PATTERN NO.22349
PASS PATTERN NO.22350
PASS PATTERN NO.22351
PASS PATTERN NO.22352
PASS PATTERN NO.22353
PASS PATTERN NO.22354
PASS PATTERN NO.22355
PASS PATTERN NO.22356
PASS PATTERN NO.22357
PASS PATTERN NO.22358
PASS PATTERN NO.22359
PASS PATTERN NO.22360
PASS PATTERN NO.22361
PASS PATTERN NO.22362
PASS PATTERN NO.22363
PASS PATTERN NO.22364
PASS PATTERN NO.22365
PASS PATTERN NO.22366
PASS PATTERN NO.22367
PASS PATTERN NO.22368
PASS PATTERN NO.22369
PASS PATTERN NO.22370
PASS PATTERN NO.22371
PASS PATTERN NO.22372
PASS PATTERN NO.22373
PASS PATTERN NO.22374
PASS PATTERN NO.22375
PASS PATTERN NO.22376
PASS PATTERN NO.22377
PASS PATTERN NO.22378
PASS PATTERN NO.22379
PASS PATTERN NO.22380
PASS PATTERN NO.22381
PASS PATTERN NO.22382
PASS PATTERN NO.22383
PASS PATTERN NO.22384
PASS PATTERN NO.22385
PASS PATTERN NO.22386
PASS PATTERN NO.22387
PASS PATTERN NO.22388
PASS PATTERN NO.22389
PASS PATTERN NO.22390
PASS PATTERN NO.22391
PASS PATTERN NO.22392
PASS PATTERN NO.22393
PASS PATTERN NO.22394
PASS PATTERN NO.22395
PASS PATTERN NO.22396
PASS PATTERN NO.22397
PASS PATTERN NO.22398
PASS PATTERN NO.22399
PASS PATTERN NO.22400
PASS PATTERN NO.22401
PASS PATTERN NO.22402
PASS PATTERN NO.22403
PASS PATTERN NO.22404
PASS PATTERN NO.22405
PASS PATTERN NO.22406
PASS PATTERN NO.22407
PASS PATTERN NO.22408
PASS PATTERN NO.22409
PASS PATTERN NO.22410
PASS PATTERN NO.22411
PASS PATTERN NO.22412
PASS PATTERN NO.22413
PASS PATTERN NO.22414
PASS PATTERN NO.22415
PASS PATTERN NO.22416
PASS PATTERN NO.22417
PASS PATTERN NO.22418
PASS PATTERN NO.22419
PASS PATTERN NO.22420
PASS PATTERN NO.22421
PASS PATTERN NO.22422
PASS PATTERN NO.22423
PASS PATTERN NO.22424
PASS PATTERN NO.22425
PASS PATTERN NO.22426
PASS PATTERN NO.22427
PASS PATTERN NO.22428
PASS PATTERN NO.22429
PASS PATTERN NO.22430
PASS PATTERN NO.22431
PASS PATTERN NO.22432
PASS PATTERN NO.22433
PASS PATTERN NO.22434
PASS PATTERN NO.22435
PASS PATTERN NO.22436
PASS PATTERN NO.22437
PASS PATTERN NO.22438
PASS PATTERN NO.22439
PASS PATTERN NO.22440
PASS PATTERN NO.22441
PASS PATTERN NO.22442
PASS PATTERN NO.22443
PASS PATTERN NO.22444
PASS PATTERN NO.22445
PASS PATTERN NO.22446
PASS PATTERN NO.22447
PASS PATTERN NO.22448
PASS PATTERN NO.22449
PASS PATTERN NO.22450
PASS PATTERN NO.22451
PASS PATTERN NO.22452
PASS PATTERN NO.22453
PASS PATTERN NO.22454
PASS PATTERN NO.22455
PASS PATTERN NO.22456
PASS PATTERN NO.22457
PASS PATTERN NO.22458
PASS PATTERN NO.22459
PASS PATTERN NO.22460
PASS PATTERN NO.22461
PASS PATTERN NO.22462
PASS PATTERN NO.22463
PASS PATTERN NO.22464
PASS PATTERN NO.22465
PASS PATTERN NO.22466
PASS PATTERN NO.22467
PASS PATTERN NO.22468
PASS PATTERN NO.22469
PASS PATTERN NO.22470
PASS PATTERN NO.22471
PASS PATTERN NO.22472
PASS PATTERN NO.22473
PASS PATTERN NO.22474
PASS PATTERN NO.22475
PASS PATTERN NO.22476
PASS PATTERN NO.22477
PASS PATTERN NO.22478
PASS PATTERN NO.22479
PASS PATTERN NO.22480
PASS PATTERN NO.22481
PASS PATTERN NO.22482
PASS PATTERN NO.22483
PASS PATTERN NO.22484
PASS PATTERN NO.22485
PASS PATTERN NO.22486
PASS PATTERN NO.22487
PASS PATTERN NO.22488
PASS PATTERN NO.22489
PASS PATTERN NO.22490
PASS PATTERN NO.22491
PASS PATTERN NO.22492
PASS PATTERN NO.22493
PASS PATTERN NO.22494
PASS PATTERN NO.22495
PASS PATTERN NO.22496
PASS PATTERN NO.22497
PASS PATTERN NO.22498
PASS PATTERN NO.22499
PASS PATTERN NO.22500
PASS PATTERN NO.22501
PASS PATTERN NO.22502
PASS PATTERN NO.22503
PASS PATTERN NO.22504
PASS PATTERN NO.22505
PASS PATTERN NO.22506
PASS PATTERN NO.22507
PASS PATTERN NO.22508
PASS PATTERN NO.22509
PASS PATTERN NO.22510
PASS PATTERN NO.22511
PASS PATTERN NO.22512
PASS PATTERN NO.22513
PASS PATTERN NO.22514
PASS PATTERN NO.22515
PASS PATTERN NO.22516
PASS PATTERN NO.22517
PASS PATTERN NO.22518
PASS PATTERN NO.22519
PASS PATTERN NO.22520
PASS PATTERN NO.22521
PASS PATTERN NO.22522
PASS PATTERN NO.22523
PASS PATTERN NO.22524
PASS PATTERN NO.22525
PASS PATTERN NO.22526
PASS PATTERN NO.22527
PASS PATTERN NO.22528
PASS PATTERN NO.22529
PASS PATTERN NO.22530
PASS PATTERN NO.22531
PASS PATTERN NO.22532
PASS PATTERN NO.22533
PASS PATTERN NO.22534
PASS PATTERN NO.22535
PASS PATTERN NO.22536
PASS PATTERN NO.22537
PASS PATTERN NO.22538
PASS PATTERN NO.22539
PASS PATTERN NO.22540
PASS PATTERN NO.22541
PASS PATTERN NO.22542
PASS PATTERN NO.22543
PASS PATTERN NO.22544
PASS PATTERN NO.22545
PASS PATTERN NO.22546
PASS PATTERN NO.22547
PASS PATTERN NO.22548
PASS PATTERN NO.22549
PASS PATTERN NO.22550
PASS PATTERN NO.22551
PASS PATTERN NO.22552
PASS PATTERN NO.22553
PASS PATTERN NO.22554
PASS PATTERN NO.22555
PASS PATTERN NO.22556
PASS PATTERN NO.22557
PASS PATTERN NO.22558
PASS PATTERN NO.22559
PASS PATTERN NO.22560
PASS PATTERN NO.22561
PASS PATTERN NO.22562
PASS PATTERN NO.22563
PASS PATTERN NO.22564
PASS PATTERN NO.22565
PASS PATTERN NO.22566
PASS PATTERN NO.22567
PASS PATTERN NO.22568
PASS PATTERN NO.22569
PASS PATTERN NO.22570
PASS PATTERN NO.22571
PASS PATTERN NO.22572
PASS PATTERN NO.22573
PASS PATTERN NO.22574
PASS PATTERN NO.22575
PASS PATTERN NO.22576
PASS PATTERN NO.22577
PASS PATTERN NO.22578
PASS PATTERN NO.22579
PASS PATTERN NO.22580
PASS PATTERN NO.22581
PASS PATTERN NO.22582
PASS PATTERN NO.22583
PASS PATTERN NO.22584
PASS PATTERN NO.22585
PASS PATTERN NO.22586
PASS PATTERN NO.22587
PASS PATTERN NO.22588
PASS PATTERN NO.22589
PASS PATTERN NO.22590
PASS PATTERN NO.22591
PASS PATTERN NO.22592
PASS PATTERN NO.22593
PASS PATTERN NO.22594
PASS PATTERN NO.22595
PASS PATTERN NO.22596
PASS PATTERN NO.22597
PASS PATTERN NO.22598
PASS PATTERN NO.22599
PASS PATTERN NO.22600
PASS PATTERN NO.22601
PASS PATTERN NO.22602
PASS PATTERN NO.22603
PASS PATTERN NO.22604
PASS PATTERN NO.22605
PASS PATTERN NO.22606
PASS PATTERN NO.22607
PASS PATTERN NO.22608
PASS PATTERN NO.22609
PASS PATTERN NO.22610
PASS PATTERN NO.22611
PASS PATTERN NO.22612
PASS PATTERN NO.22613
PASS PATTERN NO.22614
PASS PATTERN NO.22615
PASS PATTERN NO.22616
PASS PATTERN NO.22617
PASS PATTERN NO.22618
PASS PATTERN NO.22619
PASS PATTERN NO.22620
PASS PATTERN NO.22621
PASS PATTERN NO.22622
PASS PATTERN NO.22623
PASS PATTERN NO.22624
PASS PATTERN NO.22625
PASS PATTERN NO.22626
PASS PATTERN NO.22627
PASS PATTERN NO.22628
PASS PATTERN NO.22629
PASS PATTERN NO.22630
PASS PATTERN NO.22631
PASS PATTERN NO.22632
PASS PATTERN NO.22633
PASS PATTERN NO.22634
PASS PATTERN NO.22635
PASS PATTERN NO.22636
PASS PATTERN NO.22637
PASS PATTERN NO.22638
PASS PATTERN NO.22639
PASS PATTERN NO.22640
PASS PATTERN NO.22641
PASS PATTERN NO.22642
PASS PATTERN NO.22643
PASS PATTERN NO.22644
PASS PATTERN NO.22645
PASS PATTERN NO.22646
PASS PATTERN NO.22647
PASS PATTERN NO.22648
PASS PATTERN NO.22649
PASS PATTERN NO.22650
PASS PATTERN NO.22651
PASS PATTERN NO.22652
PASS PATTERN NO.22653
PASS PATTERN NO.22654
PASS PATTERN NO.22655
PASS PATTERN NO.22656
PASS PATTERN NO.22657
PASS PATTERN NO.22658
PASS PATTERN NO.22659
PASS PATTERN NO.22660
PASS PATTERN NO.22661
PASS PATTERN NO.22662
PASS PATTERN NO.22663
PASS PATTERN NO.22664
PASS PATTERN NO.22665
PASS PATTERN NO.22666
PASS PATTERN NO.22667
PASS PATTERN NO.22668
PASS PATTERN NO.22669
PASS PATTERN NO.22670
PASS PATTERN NO.22671
PASS PATTERN NO.22672
PASS PATTERN NO.22673
PASS PATTERN NO.22674
PASS PATTERN NO.22675
PASS PATTERN NO.22676
PASS PATTERN NO.22677
PASS PATTERN NO.22678
PASS PATTERN NO.22679
PASS PATTERN NO.22680
PASS PATTERN NO.22681
PASS PATTERN NO.22682
PASS PATTERN NO.22683
PASS PATTERN NO.22684
PASS PATTERN NO.22685
PASS PATTERN NO.22686
PASS PATTERN NO.22687
PASS PATTERN NO.22688
PASS PATTERN NO.22689
PASS PATTERN NO.22690
PASS PATTERN NO.22691
PASS PATTERN NO.22692
PASS PATTERN NO.22693
PASS PATTERN NO.22694
PASS PATTERN NO.22695
PASS PATTERN NO.22696
PASS PATTERN NO.22697
PASS PATTERN NO.22698
PASS PATTERN NO.22699
PASS PATTERN NO.22700
PASS PATTERN NO.22701
PASS PATTERN NO.22702
PASS PATTERN NO.22703
PASS PATTERN NO.22704
PASS PATTERN NO.22705
PASS PATTERN NO.22706
PASS PATTERN NO.22707
PASS PATTERN NO.22708
PASS PATTERN NO.22709
PASS PATTERN NO.22710
PASS PATTERN NO.22711
PASS PATTERN NO.22712
PASS PATTERN NO.22713
PASS PATTERN NO.22714
PASS PATTERN NO.22715
PASS PATTERN NO.22716
PASS PATTERN NO.22717
PASS PATTERN NO.22718
PASS PATTERN NO.22719
PASS PATTERN NO.22720
PASS PATTERN NO.22721
PASS PATTERN NO.22722
PASS PATTERN NO.22723
PASS PATTERN NO.22724
PASS PATTERN NO.22725
PASS PATTERN NO.22726
PASS PATTERN NO.22727
PASS PATTERN NO.22728
PASS PATTERN NO.22729
PASS PATTERN NO.22730
PASS PATTERN NO.22731
PASS PATTERN NO.22732
PASS PATTERN NO.22733
PASS PATTERN NO.22734
PASS PATTERN NO.22735
PASS PATTERN NO.22736
PASS PATTERN NO.22737
PASS PATTERN NO.22738
PASS PATTERN NO.22739
PASS PATTERN NO.22740
PASS PATTERN NO.22741
PASS PATTERN NO.22742
PASS PATTERN NO.22743
PASS PATTERN NO.22744
PASS PATTERN NO.22745
PASS PATTERN NO.22746
PASS PATTERN NO.22747
PASS PATTERN NO.22748
PASS PATTERN NO.22749
PASS PATTERN NO.22750
PASS PATTERN NO.22751
PASS PATTERN NO.22752
PASS PATTERN NO.22753
PASS PATTERN NO.22754
PASS PATTERN NO.22755
PASS PATTERN NO.22756
PASS PATTERN NO.22757
PASS PATTERN NO.22758
PASS PATTERN NO.22759
PASS PATTERN NO.22760
PASS PATTERN NO.22761
PASS PATTERN NO.22762
PASS PATTERN NO.22763
PASS PATTERN NO.22764
PASS PATTERN NO.22765
PASS PATTERN NO.22766
PASS PATTERN NO.22767
PASS PATTERN NO.22768
PASS PATTERN NO.22769
PASS PATTERN NO.22770
PASS PATTERN NO.22771
PASS PATTERN NO.22772
PASS PATTERN NO.22773
PASS PATTERN NO.22774
PASS PATTERN NO.22775
PASS PATTERN NO.22776
PASS PATTERN NO.22777
PASS PATTERN NO.22778
PASS PATTERN NO.22779
PASS PATTERN NO.22780
PASS PATTERN NO.22781
PASS PATTERN NO.22782
PASS PATTERN NO.22783
PASS PATTERN NO.22784
PASS PATTERN NO.22785
PASS PATTERN NO.22786
PASS PATTERN NO.22787
PASS PATTERN NO.22788
PASS PATTERN NO.22789
PASS PATTERN NO.22790
PASS PATTERN NO.22791
PASS PATTERN NO.22792
PASS PATTERN NO.22793
PASS PATTERN NO.22794
PASS PATTERN NO.22795
PASS PATTERN NO.22796
PASS PATTERN NO.22797
PASS PATTERN NO.22798
PASS PATTERN NO.22799
PASS PATTERN NO.22800
PASS PATTERN NO.22801
PASS PATTERN NO.22802
PASS PATTERN NO.22803
PASS PATTERN NO.22804
PASS PATTERN NO.22805
PASS PATTERN NO.22806
PASS PATTERN NO.22807
PASS PATTERN NO.22808
PASS PATTERN NO.22809
PASS PATTERN NO.22810
PASS PATTERN NO.22811
PASS PATTERN NO.22812
PASS PATTERN NO.22813
PASS PATTERN NO.22814
PASS PATTERN NO.22815
PASS PATTERN NO.22816
PASS PATTERN NO.22817
PASS PATTERN NO.22818
PASS PATTERN NO.22819
PASS PATTERN NO.22820
PASS PATTERN NO.22821
PASS PATTERN NO.22822
PASS PATTERN NO.22823
PASS PATTERN NO.22824
PASS PATTERN NO.22825
PASS PATTERN NO.22826
PASS PATTERN NO.22827
PASS PATTERN NO.22828
PASS PATTERN NO.22829
PASS PATTERN NO.22830
PASS PATTERN NO.22831
PASS PATTERN NO.22832
PASS PATTERN NO.22833
PASS PATTERN NO.22834
PASS PATTERN NO.22835
PASS PATTERN NO.22836
PASS PATTERN NO.22837
PASS PATTERN NO.22838
PASS PATTERN NO.22839
PASS PATTERN NO.22840
PASS PATTERN NO.22841
PASS PATTERN NO.22842
PASS PATTERN NO.22843
PASS PATTERN NO.22844
PASS PATTERN NO.22845
PASS PATTERN NO.22846
PASS PATTERN NO.22847
PASS PATTERN NO.22848
PASS PATTERN NO.22849
PASS PATTERN NO.22850
PASS PATTERN NO.22851
PASS PATTERN NO.22852
PASS PATTERN NO.22853
PASS PATTERN NO.22854
PASS PATTERN NO.22855
PASS PATTERN NO.22856
PASS PATTERN NO.22857
PASS PATTERN NO.22858
PASS PATTERN NO.22859
PASS PATTERN NO.22860
PASS PATTERN NO.22861
PASS PATTERN NO.22862
PASS PATTERN NO.22863
PASS PATTERN NO.22864
PASS PATTERN NO.22865
PASS PATTERN NO.22866
PASS PATTERN NO.22867
PASS PATTERN NO.22868
PASS PATTERN NO.22869
PASS PATTERN NO.22870
PASS PATTERN NO.22871
PASS PATTERN NO.22872
PASS PATTERN NO.22873
PASS PATTERN NO.22874
PASS PATTERN NO.22875
PASS PATTERN NO.22876
PASS PATTERN NO.22877
PASS PATTERN NO.22878
PASS PATTERN NO.22879
PASS PATTERN NO.22880
PASS PATTERN NO.22881
PASS PATTERN NO.22882
PASS PATTERN NO.22883
PASS PATTERN NO.22884
PASS PATTERN NO.22885
PASS PATTERN NO.22886
PASS PATTERN NO.22887
PASS PATTERN NO.22888
PASS PATTERN NO.22889
PASS PATTERN NO.22890
PASS PATTERN NO.22891
PASS PATTERN NO.22892
PASS PATTERN NO.22893
PASS PATTERN NO.22894
PASS PATTERN NO.22895
PASS PATTERN NO.22896
PASS PATTERN NO.22897
PASS PATTERN NO.22898
PASS PATTERN NO.22899
PASS PATTERN NO.22900
PASS PATTERN NO.22901
PASS PATTERN NO.22902
PASS PATTERN NO.22903
PASS PATTERN NO.22904
PASS PATTERN NO.22905
PASS PATTERN NO.22906
PASS PATTERN NO.22907
PASS PATTERN NO.22908
PASS PATTERN NO.22909
PASS PATTERN NO.22910
PASS PATTERN NO.22911
PASS PATTERN NO.22912
PASS PATTERN NO.22913
PASS PATTERN NO.22914
PASS PATTERN NO.22915
PASS PATTERN NO.22916
PASS PATTERN NO.22917
PASS PATTERN NO.22918
PASS PATTERN NO.22919
PASS PATTERN NO.22920
PASS PATTERN NO.22921
PASS PATTERN NO.22922
PASS PATTERN NO.22923
PASS PATTERN NO.22924
PASS PATTERN NO.22925
PASS PATTERN NO.22926
PASS PATTERN NO.22927
PASS PATTERN NO.22928
PASS PATTERN NO.22929
PASS PATTERN NO.22930
PASS PATTERN NO.22931
PASS PATTERN NO.22932
PASS PATTERN NO.22933
PASS PATTERN NO.22934
PASS PATTERN NO.22935
PASS PATTERN NO.22936
PASS PATTERN NO.22937
PASS PATTERN NO.22938
PASS PATTERN NO.22939
PASS PATTERN NO.22940
PASS PATTERN NO.22941
PASS PATTERN NO.22942
PASS PATTERN NO.22943
PASS PATTERN NO.22944
PASS PATTERN NO.22945
PASS PATTERN NO.22946
PASS PATTERN NO.22947
PASS PATTERN NO.22948
PASS PATTERN NO.22949
PASS PATTERN NO.22950
PASS PATTERN NO.22951
PASS PATTERN NO.22952
PASS PATTERN NO.22953
PASS PATTERN NO.22954
PASS PATTERN NO.22955
PASS PATTERN NO.22956
PASS PATTERN NO.22957
PASS PATTERN NO.22958
PASS PATTERN NO.22959
PASS PATTERN NO.22960
PASS PATTERN NO.22961
PASS PATTERN NO.22962
PASS PATTERN NO.22963
PASS PATTERN NO.22964
PASS PATTERN NO.22965
PASS PATTERN NO.22966
PASS PATTERN NO.22967
PASS PATTERN NO.22968
PASS PATTERN NO.22969
PASS PATTERN NO.22970
PASS PATTERN NO.22971
PASS PATTERN NO.22972
PASS PATTERN NO.22973
PASS PATTERN NO.22974
PASS PATTERN NO.22975
PASS PATTERN NO.22976
PASS PATTERN NO.22977
PASS PATTERN NO.22978
PASS PATTERN NO.22979
PASS PATTERN NO.22980
PASS PATTERN NO.22981
PASS PATTERN NO.22982
PASS PATTERN NO.22983
PASS PATTERN NO.22984
PASS PATTERN NO.22985
PASS PATTERN NO.22986
PASS PATTERN NO.22987
PASS PATTERN NO.22988
PASS PATTERN NO.22989
PASS PATTERN NO.22990
PASS PATTERN NO.22991
PASS PATTERN NO.22992
PASS PATTERN NO.22993
PASS PATTERN NO.22994
PASS PATTERN NO.22995
PASS PATTERN NO.22996
PASS PATTERN NO.22997
PASS PATTERN NO.22998
PASS PATTERN NO.22999
PASS PATTERN NO.23000
PASS PATTERN NO.23001
PASS PATTERN NO.23002
PASS PATTERN NO.23003
PASS PATTERN NO.23004
PASS PATTERN NO.23005
PASS PATTERN NO.23006
PASS PATTERN NO.23007
PASS PATTERN NO.23008
PASS PATTERN NO.23009
PASS PATTERN NO.23010
PASS PATTERN NO.23011
PASS PATTERN NO.23012
PASS PATTERN NO.23013
PASS PATTERN NO.23014
PASS PATTERN NO.23015
PASS PATTERN NO.23016
PASS PATTERN NO.23017
PASS PATTERN NO.23018
PASS PATTERN NO.23019
PASS PATTERN NO.23020
PASS PATTERN NO.23021
PASS PATTERN NO.23022
PASS PATTERN NO.23023
PASS PATTERN NO.23024
PASS PATTERN NO.23025
PASS PATTERN NO.23026
PASS PATTERN NO.23027
PASS PATTERN NO.23028
PASS PATTERN NO.23029
PASS PATTERN NO.23030
PASS PATTERN NO.23031
PASS PATTERN NO.23032
PASS PATTERN NO.23033
PASS PATTERN NO.23034
PASS PATTERN NO.23035
PASS PATTERN NO.23036
PASS PATTERN NO.23037
PASS PATTERN NO.23038
PASS PATTERN NO.23039
PASS PATTERN NO.23040
PASS PATTERN NO.23041
PASS PATTERN NO.23042
PASS PATTERN NO.23043
PASS PATTERN NO.23044
PASS PATTERN NO.23045
PASS PATTERN NO.23046
PASS PATTERN NO.23047
PASS PATTERN NO.23048
PASS PATTERN NO.23049
PASS PATTERN NO.23050
PASS PATTERN NO.23051
PASS PATTERN NO.23052
PASS PATTERN NO.23053
PASS PATTERN NO.23054
PASS PATTERN NO.23055
PASS PATTERN NO.23056
PASS PATTERN NO.23057
PASS PATTERN NO.23058
PASS PATTERN NO.23059
PASS PATTERN NO.23060
PASS PATTERN NO.23061
PASS PATTERN NO.23062
PASS PATTERN NO.23063
PASS PATTERN NO.23064
PASS PATTERN NO.23065
PASS PATTERN NO.23066
PASS PATTERN NO.23067
PASS PATTERN NO.23068
PASS PATTERN NO.23069
PASS PATTERN NO.23070
PASS PATTERN NO.23071
PASS PATTERN NO.23072
PASS PATTERN NO.23073
PASS PATTERN NO.23074
PASS PATTERN NO.23075
PASS PATTERN NO.23076
PASS PATTERN NO.23077
PASS PATTERN NO.23078
PASS PATTERN NO.23079
PASS PATTERN NO.23080
PASS PATTERN NO.23081
PASS PATTERN NO.23082
PASS PATTERN NO.23083
PASS PATTERN NO.23084
PASS PATTERN NO.23085
PASS PATTERN NO.23086
PASS PATTERN NO.23087
PASS PATTERN NO.23088
PASS PATTERN NO.23089
PASS PATTERN NO.23090
PASS PATTERN NO.23091
PASS PATTERN NO.23092
PASS PATTERN NO.23093
PASS PATTERN NO.23094
PASS PATTERN NO.23095
PASS PATTERN NO.23096
PASS PATTERN NO.23097
PASS PATTERN NO.23098
PASS PATTERN NO.23099
PASS PATTERN NO.23100
PASS PATTERN NO.23101
PASS PATTERN NO.23102
PASS PATTERN NO.23103
PASS PATTERN NO.23104
PASS PATTERN NO.23105
PASS PATTERN NO.23106
PASS PATTERN NO.23107
PASS PATTERN NO.23108
PASS PATTERN NO.23109
PASS PATTERN NO.23110
PASS PATTERN NO.23111
PASS PATTERN NO.23112
PASS PATTERN NO.23113
PASS PATTERN NO.23114
PASS PATTERN NO.23115
PASS PATTERN NO.23116
PASS PATTERN NO.23117
PASS PATTERN NO.23118
PASS PATTERN NO.23119
PASS PATTERN NO.23120
PASS PATTERN NO.23121
PASS PATTERN NO.23122
PASS PATTERN NO.23123
PASS PATTERN NO.23124
PASS PATTERN NO.23125
PASS PATTERN NO.23126
PASS PATTERN NO.23127
PASS PATTERN NO.23128
PASS PATTERN NO.23129
PASS PATTERN NO.23130
PASS PATTERN NO.23131
PASS PATTERN NO.23132
PASS PATTERN NO.23133
PASS PATTERN NO.23134
PASS PATTERN NO.23135
PASS PATTERN NO.23136
PASS PATTERN NO.23137
PASS PATTERN NO.23138
PASS PATTERN NO.23139
PASS PATTERN NO.23140
PASS PATTERN NO.23141
PASS PATTERN NO.23142
PASS PATTERN NO.23143
PASS PATTERN NO.23144
PASS PATTERN NO.23145
PASS PATTERN NO.23146
PASS PATTERN NO.23147
PASS PATTERN NO.23148
PASS PATTERN NO.23149
PASS PATTERN NO.23150
PASS PATTERN NO.23151
PASS PATTERN NO.23152
PASS PATTERN NO.23153
PASS PATTERN NO.23154
PASS PATTERN NO.23155
PASS PATTERN NO.23156
PASS PATTERN NO.23157
PASS PATTERN NO.23158
PASS PATTERN NO.23159
PASS PATTERN NO.23160
PASS PATTERN NO.23161
PASS PATTERN NO.23162
PASS PATTERN NO.23163
PASS PATTERN NO.23164
PASS PATTERN NO.23165
PASS PATTERN NO.23166
PASS PATTERN NO.23167
PASS PATTERN NO.23168
PASS PATTERN NO.23169
PASS PATTERN NO.23170
PASS PATTERN NO.23171
PASS PATTERN NO.23172
PASS PATTERN NO.23173
PASS PATTERN NO.23174
PASS PATTERN NO.23175
PASS PATTERN NO.23176
PASS PATTERN NO.23177
PASS PATTERN NO.23178
PASS PATTERN NO.23179
PASS PATTERN NO.23180
PASS PATTERN NO.23181
PASS PATTERN NO.23182
PASS PATTERN NO.23183
PASS PATTERN NO.23184
PASS PATTERN NO.23185
PASS PATTERN NO.23186
PASS PATTERN NO.23187
PASS PATTERN NO.23188
PASS PATTERN NO.23189
PASS PATTERN NO.23190
PASS PATTERN NO.23191
PASS PATTERN NO.23192
PASS PATTERN NO.23193
PASS PATTERN NO.23194
PASS PATTERN NO.23195
PASS PATTERN NO.23196
PASS PATTERN NO.23197
PASS PATTERN NO.23198
PASS PATTERN NO.23199
PASS PATTERN NO.23200
PASS PATTERN NO.23201
PASS PATTERN NO.23202
PASS PATTERN NO.23203
PASS PATTERN NO.23204
PASS PATTERN NO.23205
PASS PATTERN NO.23206
PASS PATTERN NO.23207
PASS PATTERN NO.23208
PASS PATTERN NO.23209
PASS PATTERN NO.23210
PASS PATTERN NO.23211
PASS PATTERN NO.23212
PASS PATTERN NO.23213
PASS PATTERN NO.23214
PASS PATTERN NO.23215
PASS PATTERN NO.23216
PASS PATTERN NO.23217
PASS PATTERN NO.23218
PASS PATTERN NO.23219
PASS PATTERN NO.23220
PASS PATTERN NO.23221
PASS PATTERN NO.23222
PASS PATTERN NO.23223
PASS PATTERN NO.23224
PASS PATTERN NO.23225
PASS PATTERN NO.23226
PASS PATTERN NO.23227
PASS PATTERN NO.23228
PASS PATTERN NO.23229
PASS PATTERN NO.23230
PASS PATTERN NO.23231
PASS PATTERN NO.23232
PASS PATTERN NO.23233
PASS PATTERN NO.23234
PASS PATTERN NO.23235
PASS PATTERN NO.23236
PASS PATTERN NO.23237
PASS PATTERN NO.23238
PASS PATTERN NO.23239
PASS PATTERN NO.23240
PASS PATTERN NO.23241
PASS PATTERN NO.23242
PASS PATTERN NO.23243
PASS PATTERN NO.23244
PASS PATTERN NO.23245
PASS PATTERN NO.23246
PASS PATTERN NO.23247
PASS PATTERN NO.23248
PASS PATTERN NO.23249
PASS PATTERN NO.23250
PASS PATTERN NO.23251
PASS PATTERN NO.23252
PASS PATTERN NO.23253
PASS PATTERN NO.23254
PASS PATTERN NO.23255
PASS PATTERN NO.23256
PASS PATTERN NO.23257
PASS PATTERN NO.23258
PASS PATTERN NO.23259
PASS PATTERN NO.23260
PASS PATTERN NO.23261
PASS PATTERN NO.23262
PASS PATTERN NO.23263
PASS PATTERN NO.23264
PASS PATTERN NO.23265
PASS PATTERN NO.23266
PASS PATTERN NO.23267
PASS PATTERN NO.23268
PASS PATTERN NO.23269
PASS PATTERN NO.23270
PASS PATTERN NO.23271
PASS PATTERN NO.23272
PASS PATTERN NO.23273
PASS PATTERN NO.23274
PASS PATTERN NO.23275
PASS PATTERN NO.23276
PASS PATTERN NO.23277
PASS PATTERN NO.23278
PASS PATTERN NO.23279
PASS PATTERN NO.23280
PASS PATTERN NO.23281
PASS PATTERN NO.23282
PASS PATTERN NO.23283
PASS PATTERN NO.23284
PASS PATTERN NO.23285
PASS PATTERN NO.23286
PASS PATTERN NO.23287
PASS PATTERN NO.23288
PASS PATTERN NO.23289
PASS PATTERN NO.23290
PASS PATTERN NO.23291
PASS PATTERN NO.23292
PASS PATTERN NO.23293
PASS PATTERN NO.23294
PASS PATTERN NO.23295
PASS PATTERN NO.23296
PASS PATTERN NO.23297
PASS PATTERN NO.23298
PASS PATTERN NO.23299
PASS PATTERN NO.23300
PASS PATTERN NO.23301
PASS PATTERN NO.23302
PASS PATTERN NO.23303
PASS PATTERN NO.23304
PASS PATTERN NO.23305
PASS PATTERN NO.23306
PASS PATTERN NO.23307
PASS PATTERN NO.23308
PASS PATTERN NO.23309
PASS PATTERN NO.23310
PASS PATTERN NO.23311
PASS PATTERN NO.23312
PASS PATTERN NO.23313
PASS PATTERN NO.23314
PASS PATTERN NO.23315
PASS PATTERN NO.23316
PASS PATTERN NO.23317
PASS PATTERN NO.23318
PASS PATTERN NO.23319
PASS PATTERN NO.23320
PASS PATTERN NO.23321
PASS PATTERN NO.23322
PASS PATTERN NO.23323
PASS PATTERN NO.23324
PASS PATTERN NO.23325
PASS PATTERN NO.23326
PASS PATTERN NO.23327
PASS PATTERN NO.23328
PASS PATTERN NO.23329
PASS PATTERN NO.23330
PASS PATTERN NO.23331
PASS PATTERN NO.23332
PASS PATTERN NO.23333
PASS PATTERN NO.23334
PASS PATTERN NO.23335
PASS PATTERN NO.23336
PASS PATTERN NO.23337
PASS PATTERN NO.23338
PASS PATTERN NO.23339
PASS PATTERN NO.23340
PASS PATTERN NO.23341
PASS PATTERN NO.23342
PASS PATTERN NO.23343
PASS PATTERN NO.23344
PASS PATTERN NO.23345
PASS PATTERN NO.23346
PASS PATTERN NO.23347
PASS PATTERN NO.23348
PASS PATTERN NO.23349
PASS PATTERN NO.23350
PASS PATTERN NO.23351
PASS PATTERN NO.23352
PASS PATTERN NO.23353
PASS PATTERN NO.23354
PASS PATTERN NO.23355
PASS PATTERN NO.23356
PASS PATTERN NO.23357
PASS PATTERN NO.23358
PASS PATTERN NO.23359
PASS PATTERN NO.23360
PASS PATTERN NO.23361
PASS PATTERN NO.23362
PASS PATTERN NO.23363
PASS PATTERN NO.23364
PASS PATTERN NO.23365
PASS PATTERN NO.23366
PASS PATTERN NO.23367
PASS PATTERN NO.23368
PASS PATTERN NO.23369
PASS PATTERN NO.23370
PASS PATTERN NO.23371
PASS PATTERN NO.23372
PASS PATTERN NO.23373
PASS PATTERN NO.23374
PASS PATTERN NO.23375
PASS PATTERN NO.23376
PASS PATTERN NO.23377
PASS PATTERN NO.23378
PASS PATTERN NO.23379
PASS PATTERN NO.23380
PASS PATTERN NO.23381
PASS PATTERN NO.23382
PASS PATTERN NO.23383
PASS PATTERN NO.23384
PASS PATTERN NO.23385
PASS PATTERN NO.23386
PASS PATTERN NO.23387
PASS PATTERN NO.23388
PASS PATTERN NO.23389
PASS PATTERN NO.23390
PASS PATTERN NO.23391
PASS PATTERN NO.23392
PASS PATTERN NO.23393
PASS PATTERN NO.23394
PASS PATTERN NO.23395
PASS PATTERN NO.23396
PASS PATTERN NO.23397
PASS PATTERN NO.23398
PASS PATTERN NO.23399
PASS PATTERN NO.23400
PASS PATTERN NO.23401
PASS PATTERN NO.23402
PASS PATTERN NO.23403
PASS PATTERN NO.23404
PASS PATTERN NO.23405
PASS PATTERN NO.23406
PASS PATTERN NO.23407
PASS PATTERN NO.23408
PASS PATTERN NO.23409
PASS PATTERN NO.23410
PASS PATTERN NO.23411
PASS PATTERN NO.23412
PASS PATTERN NO.23413
PASS PATTERN NO.23414
PASS PATTERN NO.23415
PASS PATTERN NO.23416
PASS PATTERN NO.23417
PASS PATTERN NO.23418
PASS PATTERN NO.23419
PASS PATTERN NO.23420
PASS PATTERN NO.23421
PASS PATTERN NO.23422
PASS PATTERN NO.23423
PASS PATTERN NO.23424
PASS PATTERN NO.23425
PASS PATTERN NO.23426
PASS PATTERN NO.23427
PASS PATTERN NO.23428
PASS PATTERN NO.23429
PASS PATTERN NO.23430
PASS PATTERN NO.23431
PASS PATTERN NO.23432
PASS PATTERN NO.23433
PASS PATTERN NO.23434
PASS PATTERN NO.23435
PASS PATTERN NO.23436
PASS PATTERN NO.23437
PASS PATTERN NO.23438
PASS PATTERN NO.23439
PASS PATTERN NO.23440
PASS PATTERN NO.23441
PASS PATTERN NO.23442
PASS PATTERN NO.23443
PASS PATTERN NO.23444
PASS PATTERN NO.23445
PASS PATTERN NO.23446
PASS PATTERN NO.23447
PASS PATTERN NO.23448
PASS PATTERN NO.23449
PASS PATTERN NO.23450
PASS PATTERN NO.23451
PASS PATTERN NO.23452
PASS PATTERN NO.23453
PASS PATTERN NO.23454
PASS PATTERN NO.23455
PASS PATTERN NO.23456
PASS PATTERN NO.23457
PASS PATTERN NO.23458
PASS PATTERN NO.23459
PASS PATTERN NO.23460
PASS PATTERN NO.23461
PASS PATTERN NO.23462
PASS PATTERN NO.23463
PASS PATTERN NO.23464
PASS PATTERN NO.23465
PASS PATTERN NO.23466
PASS PATTERN NO.23467
PASS PATTERN NO.23468
PASS PATTERN NO.23469
PASS PATTERN NO.23470
PASS PATTERN NO.23471
PASS PATTERN NO.23472
PASS PATTERN NO.23473
PASS PATTERN NO.23474
PASS PATTERN NO.23475
PASS PATTERN NO.23476
PASS PATTERN NO.23477
PASS PATTERN NO.23478
PASS PATTERN NO.23479
PASS PATTERN NO.23480
PASS PATTERN NO.23481
PASS PATTERN NO.23482
PASS PATTERN NO.23483
PASS PATTERN NO.23484
PASS PATTERN NO.23485
PASS PATTERN NO.23486
PASS PATTERN NO.23487
PASS PATTERN NO.23488
PASS PATTERN NO.23489
PASS PATTERN NO.23490
PASS PATTERN NO.23491
PASS PATTERN NO.23492
PASS PATTERN NO.23493
PASS PATTERN NO.23494
PASS PATTERN NO.23495
PASS PATTERN NO.23496
PASS PATTERN NO.23497
PASS PATTERN NO.23498
PASS PATTERN NO.23499
PASS PATTERN NO.23500
PASS PATTERN NO.23501
PASS PATTERN NO.23502
PASS PATTERN NO.23503
PASS PATTERN NO.23504
PASS PATTERN NO.23505
PASS PATTERN NO.23506
PASS PATTERN NO.23507
PASS PATTERN NO.23508
PASS PATTERN NO.23509
PASS PATTERN NO.23510
PASS PATTERN NO.23511
PASS PATTERN NO.23512
PASS PATTERN NO.23513
PASS PATTERN NO.23514
PASS PATTERN NO.23515
PASS PATTERN NO.23516
PASS PATTERN NO.23517
PASS PATTERN NO.23518
PASS PATTERN NO.23519
PASS PATTERN NO.23520
PASS PATTERN NO.23521
PASS PATTERN NO.23522
PASS PATTERN NO.23523
PASS PATTERN NO.23524
PASS PATTERN NO.23525
PASS PATTERN NO.23526
PASS PATTERN NO.23527
PASS PATTERN NO.23528
PASS PATTERN NO.23529
PASS PATTERN NO.23530
PASS PATTERN NO.23531
PASS PATTERN NO.23532
PASS PATTERN NO.23533
PASS PATTERN NO.23534
PASS PATTERN NO.23535
PASS PATTERN NO.23536
PASS PATTERN NO.23537
PASS PATTERN NO.23538
PASS PATTERN NO.23539
PASS PATTERN NO.23540
PASS PATTERN NO.23541
PASS PATTERN NO.23542
PASS PATTERN NO.23543
PASS PATTERN NO.23544
PASS PATTERN NO.23545
PASS PATTERN NO.23546
PASS PATTERN NO.23547
PASS PATTERN NO.23548
PASS PATTERN NO.23549
PASS PATTERN NO.23550
PASS PATTERN NO.23551
PASS PATTERN NO.23552
PASS PATTERN NO.23553
PASS PATTERN NO.23554
PASS PATTERN NO.23555
PASS PATTERN NO.23556
PASS PATTERN NO.23557
PASS PATTERN NO.23558
PASS PATTERN NO.23559
PASS PATTERN NO.23560
PASS PATTERN NO.23561
PASS PATTERN NO.23562
PASS PATTERN NO.23563
PASS PATTERN NO.23564
PASS PATTERN NO.23565
PASS PATTERN NO.23566
PASS PATTERN NO.23567
PASS PATTERN NO.23568
PASS PATTERN NO.23569
PASS PATTERN NO.23570
PASS PATTERN NO.23571
PASS PATTERN NO.23572
PASS PATTERN NO.23573
PASS PATTERN NO.23574
PASS PATTERN NO.23575
PASS PATTERN NO.23576
PASS PATTERN NO.23577
PASS PATTERN NO.23578
PASS PATTERN NO.23579
PASS PATTERN NO.23580
PASS PATTERN NO.23581
PASS PATTERN NO.23582
PASS PATTERN NO.23583
PASS PATTERN NO.23584
PASS PATTERN NO.23585
PASS PATTERN NO.23586
PASS PATTERN NO.23587
PASS PATTERN NO.23588
PASS PATTERN NO.23589
PASS PATTERN NO.23590
PASS PATTERN NO.23591
PASS PATTERN NO.23592
PASS PATTERN NO.23593
PASS PATTERN NO.23594
PASS PATTERN NO.23595
PASS PATTERN NO.23596
PASS PATTERN NO.23597
PASS PATTERN NO.23598
PASS PATTERN NO.23599
PASS PATTERN NO.23600
PASS PATTERN NO.23601
PASS PATTERN NO.23602
PASS PATTERN NO.23603
PASS PATTERN NO.23604
PASS PATTERN NO.23605
PASS PATTERN NO.23606
PASS PATTERN NO.23607
PASS PATTERN NO.23608
PASS PATTERN NO.23609
PASS PATTERN NO.23610
PASS PATTERN NO.23611
PASS PATTERN NO.23612
PASS PATTERN NO.23613
PASS PATTERN NO.23614
PASS PATTERN NO.23615
PASS PATTERN NO.23616
PASS PATTERN NO.23617
PASS PATTERN NO.23618
PASS PATTERN NO.23619
PASS PATTERN NO.23620
PASS PATTERN NO.23621
PASS PATTERN NO.23622
PASS PATTERN NO.23623
PASS PATTERN NO.23624
PASS PATTERN NO.23625
PASS PATTERN NO.23626
PASS PATTERN NO.23627
PASS PATTERN NO.23628
PASS PATTERN NO.23629
PASS PATTERN NO.23630
PASS PATTERN NO.23631
PASS PATTERN NO.23632
PASS PATTERN NO.23633
PASS PATTERN NO.23634
PASS PATTERN NO.23635
PASS PATTERN NO.23636
PASS PATTERN NO.23637
PASS PATTERN NO.23638
PASS PATTERN NO.23639
PASS PATTERN NO.23640
PASS PATTERN NO.23641
PASS PATTERN NO.23642
PASS PATTERN NO.23643
PASS PATTERN NO.23644
PASS PATTERN NO.23645
PASS PATTERN NO.23646
PASS PATTERN NO.23647
PASS PATTERN NO.23648
PASS PATTERN NO.23649
PASS PATTERN NO.23650
PASS PATTERN NO.23651
PASS PATTERN NO.23652
PASS PATTERN NO.23653
PASS PATTERN NO.23654
PASS PATTERN NO.23655
PASS PATTERN NO.23656
PASS PATTERN NO.23657
PASS PATTERN NO.23658
PASS PATTERN NO.23659
PASS PATTERN NO.23660
PASS PATTERN NO.23661
PASS PATTERN NO.23662
PASS PATTERN NO.23663
PASS PATTERN NO.23664
PASS PATTERN NO.23665
PASS PATTERN NO.23666
PASS PATTERN NO.23667
PASS PATTERN NO.23668
PASS PATTERN NO.23669
PASS PATTERN NO.23670
PASS PATTERN NO.23671
PASS PATTERN NO.23672
PASS PATTERN NO.23673
PASS PATTERN NO.23674
PASS PATTERN NO.23675
PASS PATTERN NO.23676
PASS PATTERN NO.23677
PASS PATTERN NO.23678
PASS PATTERN NO.23679
PASS PATTERN NO.23680
PASS PATTERN NO.23681
PASS PATTERN NO.23682
PASS PATTERN NO.23683
PASS PATTERN NO.23684
PASS PATTERN NO.23685
PASS PATTERN NO.23686
PASS PATTERN NO.23687
PASS PATTERN NO.23688
PASS PATTERN NO.23689
PASS PATTERN NO.23690
PASS PATTERN NO.23691
PASS PATTERN NO.23692
PASS PATTERN NO.23693
PASS PATTERN NO.23694
PASS PATTERN NO.23695
PASS PATTERN NO.23696
PASS PATTERN NO.23697
PASS PATTERN NO.23698
PASS PATTERN NO.23699
PASS PATTERN NO.23700
PASS PATTERN NO.23701
PASS PATTERN NO.23702
PASS PATTERN NO.23703
PASS PATTERN NO.23704
PASS PATTERN NO.23705
PASS PATTERN NO.23706
PASS PATTERN NO.23707
PASS PATTERN NO.23708
PASS PATTERN NO.23709
PASS PATTERN NO.23710
PASS PATTERN NO.23711
PASS PATTERN NO.23712
PASS PATTERN NO.23713
PASS PATTERN NO.23714
PASS PATTERN NO.23715
PASS PATTERN NO.23716
PASS PATTERN NO.23717
PASS PATTERN NO.23718
PASS PATTERN NO.23719
PASS PATTERN NO.23720
PASS PATTERN NO.23721
PASS PATTERN NO.23722
PASS PATTERN NO.23723
PASS PATTERN NO.23724
PASS PATTERN NO.23725
PASS PATTERN NO.23726
PASS PATTERN NO.23727
PASS PATTERN NO.23728
PASS PATTERN NO.23729
PASS PATTERN NO.23730
PASS PATTERN NO.23731
PASS PATTERN NO.23732
PASS PATTERN NO.23733
PASS PATTERN NO.23734
PASS PATTERN NO.23735
PASS PATTERN NO.23736
PASS PATTERN NO.23737
PASS PATTERN NO.23738
PASS PATTERN NO.23739
PASS PATTERN NO.23740
PASS PATTERN NO.23741
PASS PATTERN NO.23742
PASS PATTERN NO.23743
PASS PATTERN NO.23744
PASS PATTERN NO.23745
PASS PATTERN NO.23746
PASS PATTERN NO.23747
PASS PATTERN NO.23748
PASS PATTERN NO.23749
PASS PATTERN NO.23750
PASS PATTERN NO.23751
PASS PATTERN NO.23752
PASS PATTERN NO.23753
PASS PATTERN NO.23754
PASS PATTERN NO.23755
PASS PATTERN NO.23756
PASS PATTERN NO.23757
PASS PATTERN NO.23758
PASS PATTERN NO.23759
PASS PATTERN NO.23760
PASS PATTERN NO.23761
PASS PATTERN NO.23762
PASS PATTERN NO.23763
PASS PATTERN NO.23764
PASS PATTERN NO.23765
PASS PATTERN NO.23766
PASS PATTERN NO.23767
PASS PATTERN NO.23768
PASS PATTERN NO.23769
PASS PATTERN NO.23770
PASS PATTERN NO.23771
PASS PATTERN NO.23772
PASS PATTERN NO.23773
PASS PATTERN NO.23774
PASS PATTERN NO.23775
PASS PATTERN NO.23776
PASS PATTERN NO.23777
PASS PATTERN NO.23778
PASS PATTERN NO.23779
PASS PATTERN NO.23780
PASS PATTERN NO.23781
PASS PATTERN NO.23782
PASS PATTERN NO.23783
PASS PATTERN NO.23784
PASS PATTERN NO.23785
PASS PATTERN NO.23786
PASS PATTERN NO.23787
PASS PATTERN NO.23788
PASS PATTERN NO.23789
PASS PATTERN NO.23790
PASS PATTERN NO.23791
PASS PATTERN NO.23792
PASS PATTERN NO.23793
PASS PATTERN NO.23794
PASS PATTERN NO.23795
PASS PATTERN NO.23796
PASS PATTERN NO.23797
PASS PATTERN NO.23798
PASS PATTERN NO.23799
PASS PATTERN NO.23800
PASS PATTERN NO.23801
PASS PATTERN NO.23802
PASS PATTERN NO.23803
PASS PATTERN NO.23804
PASS PATTERN NO.23805
PASS PATTERN NO.23806
PASS PATTERN NO.23807
PASS PATTERN NO.23808
PASS PATTERN NO.23809
PASS PATTERN NO.23810
PASS PATTERN NO.23811
PASS PATTERN NO.23812
PASS PATTERN NO.23813
PASS PATTERN NO.23814
PASS PATTERN NO.23815
PASS PATTERN NO.23816
PASS PATTERN NO.23817
PASS PATTERN NO.23818
PASS PATTERN NO.23819
PASS PATTERN NO.23820
PASS PATTERN NO.23821
PASS PATTERN NO.23822
PASS PATTERN NO.23823
PASS PATTERN NO.23824
PASS PATTERN NO.23825
PASS PATTERN NO.23826
PASS PATTERN NO.23827
PASS PATTERN NO.23828
PASS PATTERN NO.23829
PASS PATTERN NO.23830
PASS PATTERN NO.23831
PASS PATTERN NO.23832
PASS PATTERN NO.23833
PASS PATTERN NO.23834
PASS PATTERN NO.23835
PASS PATTERN NO.23836
PASS PATTERN NO.23837
PASS PATTERN NO.23838
PASS PATTERN NO.23839
PASS PATTERN NO.23840
PASS PATTERN NO.23841
PASS PATTERN NO.23842
PASS PATTERN NO.23843
PASS PATTERN NO.23844
PASS PATTERN NO.23845
PASS PATTERN NO.23846
PASS PATTERN NO.23847
PASS PATTERN NO.23848
PASS PATTERN NO.23849
PASS PATTERN NO.23850
PASS PATTERN NO.23851
PASS PATTERN NO.23852
PASS PATTERN NO.23853
PASS PATTERN NO.23854
PASS PATTERN NO.23855
PASS PATTERN NO.23856
PASS PATTERN NO.23857
PASS PATTERN NO.23858
PASS PATTERN NO.23859
PASS PATTERN NO.23860
PASS PATTERN NO.23861
PASS PATTERN NO.23862
PASS PATTERN NO.23863
PASS PATTERN NO.23864
PASS PATTERN NO.23865
PASS PATTERN NO.23866
PASS PATTERN NO.23867
PASS PATTERN NO.23868
PASS PATTERN NO.23869
PASS PATTERN NO.23870
PASS PATTERN NO.23871
PASS PATTERN NO.23872
PASS PATTERN NO.23873
PASS PATTERN NO.23874
PASS PATTERN NO.23875
PASS PATTERN NO.23876
PASS PATTERN NO.23877
PASS PATTERN NO.23878
PASS PATTERN NO.23879
PASS PATTERN NO.23880
PASS PATTERN NO.23881
PASS PATTERN NO.23882
PASS PATTERN NO.23883
PASS PATTERN NO.23884
PASS PATTERN NO.23885
PASS PATTERN NO.23886
PASS PATTERN NO.23887
PASS PATTERN NO.23888
PASS PATTERN NO.23889
PASS PATTERN NO.23890
PASS PATTERN NO.23891
PASS PATTERN NO.23892
PASS PATTERN NO.23893
PASS PATTERN NO.23894
PASS PATTERN NO.23895
PASS PATTERN NO.23896
PASS PATTERN NO.23897
PASS PATTERN NO.23898
PASS PATTERN NO.23899
PASS PATTERN NO.23900
PASS PATTERN NO.23901
PASS PATTERN NO.23902
PASS PATTERN NO.23903
PASS PATTERN NO.23904
PASS PATTERN NO.23905
PASS PATTERN NO.23906
PASS PATTERN NO.23907
PASS PATTERN NO.23908
PASS PATTERN NO.23909
PASS PATTERN NO.23910
PASS PATTERN NO.23911
PASS PATTERN NO.23912
PASS PATTERN NO.23913
PASS PATTERN NO.23914
PASS PATTERN NO.23915
PASS PATTERN NO.23916
PASS PATTERN NO.23917
PASS PATTERN NO.23918
PASS PATTERN NO.23919
PASS PATTERN NO.23920
PASS PATTERN NO.23921
PASS PATTERN NO.23922
PASS PATTERN NO.23923
PASS PATTERN NO.23924
PASS PATTERN NO.23925
PASS PATTERN NO.23926
PASS PATTERN NO.23927
PASS PATTERN NO.23928
PASS PATTERN NO.23929
PASS PATTERN NO.23930
PASS PATTERN NO.23931
PASS PATTERN NO.23932
PASS PATTERN NO.23933
PASS PATTERN NO.23934
PASS PATTERN NO.23935
PASS PATTERN NO.23936
PASS PATTERN NO.23937
PASS PATTERN NO.23938
PASS PATTERN NO.23939
PASS PATTERN NO.23940
PASS PATTERN NO.23941
PASS PATTERN NO.23942
PASS PATTERN NO.23943
PASS PATTERN NO.23944
PASS PATTERN NO.23945
PASS PATTERN NO.23946
PASS PATTERN NO.23947
PASS PATTERN NO.23948
PASS PATTERN NO.23949
PASS PATTERN NO.23950
PASS PATTERN NO.23951
PASS PATTERN NO.23952
PASS PATTERN NO.23953
PASS PATTERN NO.23954
PASS PATTERN NO.23955
PASS PATTERN NO.23956
PASS PATTERN NO.23957
PASS PATTERN NO.23958
PASS PATTERN NO.23959
PASS PATTERN NO.23960
PASS PATTERN NO.23961
PASS PATTERN NO.23962
PASS PATTERN NO.23963
PASS PATTERN NO.23964
PASS PATTERN NO.23965
PASS PATTERN NO.23966
PASS PATTERN NO.23967
PASS PATTERN NO.23968
PASS PATTERN NO.23969
PASS PATTERN NO.23970
PASS PATTERN NO.23971
PASS PATTERN NO.23972
PASS PATTERN NO.23973
PASS PATTERN NO.23974
PASS PATTERN NO.23975
PASS PATTERN NO.23976
PASS PATTERN NO.23977
PASS PATTERN NO.23978
PASS PATTERN NO.23979
PASS PATTERN NO.23980
PASS PATTERN NO.23981
PASS PATTERN NO.23982
PASS PATTERN NO.23983
PASS PATTERN NO.23984
PASS PATTERN NO.23985
PASS PATTERN NO.23986
PASS PATTERN NO.23987
PASS PATTERN NO.23988
PASS PATTERN NO.23989
PASS PATTERN NO.23990
PASS PATTERN NO.23991
PASS PATTERN NO.23992
PASS PATTERN NO.23993
PASS PATTERN NO.23994
PASS PATTERN NO.23995
PASS PATTERN NO.23996
PASS PATTERN NO.23997
PASS PATTERN NO.23998
PASS PATTERN NO.23999
PASS PATTERN NO.24000
PASS PATTERN NO.24001
PASS PATTERN NO.24002
PASS PATTERN NO.24003
PASS PATTERN NO.24004
PASS PATTERN NO.24005
PASS PATTERN NO.24006
PASS PATTERN NO.24007
PASS PATTERN NO.24008
PASS PATTERN NO.24009
PASS PATTERN NO.24010
PASS PATTERN NO.24011
PASS PATTERN NO.24012
PASS PATTERN NO.24013
PASS PATTERN NO.24014
PASS PATTERN NO.24015
PASS PATTERN NO.24016
PASS PATTERN NO.24017
PASS PATTERN NO.24018
PASS PATTERN NO.24019
PASS PATTERN NO.24020
PASS PATTERN NO.24021
PASS PATTERN NO.24022
PASS PATTERN NO.24023
PASS PATTERN NO.24024
PASS PATTERN NO.24025
PASS PATTERN NO.24026
PASS PATTERN NO.24027
PASS PATTERN NO.24028
PASS PATTERN NO.24029
PASS PATTERN NO.24030
PASS PATTERN NO.24031
PASS PATTERN NO.24032
PASS PATTERN NO.24033
PASS PATTERN NO.24034
PASS PATTERN NO.24035
PASS PATTERN NO.24036
PASS PATTERN NO.24037
PASS PATTERN NO.24038
PASS PATTERN NO.24039
PASS PATTERN NO.24040
PASS PATTERN NO.24041
PASS PATTERN NO.24042
PASS PATTERN NO.24043
PASS PATTERN NO.24044
PASS PATTERN NO.24045
PASS PATTERN NO.24046
PASS PATTERN NO.24047
PASS PATTERN NO.24048
PASS PATTERN NO.24049
PASS PATTERN NO.24050
PASS PATTERN NO.24051
PASS PATTERN NO.24052
PASS PATTERN NO.24053
PASS PATTERN NO.24054
PASS PATTERN NO.24055
PASS PATTERN NO.24056
PASS PATTERN NO.24057
PASS PATTERN NO.24058
PASS PATTERN NO.24059
PASS PATTERN NO.24060
PASS PATTERN NO.24061
PASS PATTERN NO.24062
PASS PATTERN NO.24063
PASS PATTERN NO.24064
PASS PATTERN NO.24065
PASS PATTERN NO.24066
PASS PATTERN NO.24067
PASS PATTERN NO.24068
PASS PATTERN NO.24069
PASS PATTERN NO.24070
PASS PATTERN NO.24071
PASS PATTERN NO.24072
PASS PATTERN NO.24073
PASS PATTERN NO.24074
PASS PATTERN NO.24075
PASS PATTERN NO.24076
PASS PATTERN NO.24077
PASS PATTERN NO.24078
PASS PATTERN NO.24079
PASS PATTERN NO.24080
PASS PATTERN NO.24081
PASS PATTERN NO.24082
PASS PATTERN NO.24083
PASS PATTERN NO.24084
PASS PATTERN NO.24085
PASS PATTERN NO.24086
PASS PATTERN NO.24087
PASS PATTERN NO.24088
PASS PATTERN NO.24089
PASS PATTERN NO.24090
PASS PATTERN NO.24091
PASS PATTERN NO.24092
PASS PATTERN NO.24093
PASS PATTERN NO.24094
PASS PATTERN NO.24095
PASS PATTERN NO.24096
PASS PATTERN NO.24097
PASS PATTERN NO.24098
PASS PATTERN NO.24099
PASS PATTERN NO.24100
PASS PATTERN NO.24101
PASS PATTERN NO.24102
PASS PATTERN NO.24103
PASS PATTERN NO.24104
PASS PATTERN NO.24105
PASS PATTERN NO.24106
PASS PATTERN NO.24107
PASS PATTERN NO.24108
PASS PATTERN NO.24109
PASS PATTERN NO.24110
PASS PATTERN NO.24111
PASS PATTERN NO.24112
PASS PATTERN NO.24113
PASS PATTERN NO.24114
PASS PATTERN NO.24115
PASS PATTERN NO.24116
PASS PATTERN NO.24117
PASS PATTERN NO.24118
PASS PATTERN NO.24119
PASS PATTERN NO.24120
PASS PATTERN NO.24121
PASS PATTERN NO.24122
PASS PATTERN NO.24123
PASS PATTERN NO.24124
PASS PATTERN NO.24125
PASS PATTERN NO.24126
PASS PATTERN NO.24127
PASS PATTERN NO.24128
PASS PATTERN NO.24129
PASS PATTERN NO.24130
PASS PATTERN NO.24131
PASS PATTERN NO.24132
PASS PATTERN NO.24133
PASS PATTERN NO.24134
PASS PATTERN NO.24135
PASS PATTERN NO.24136
PASS PATTERN NO.24137
PASS PATTERN NO.24138
PASS PATTERN NO.24139
PASS PATTERN NO.24140
PASS PATTERN NO.24141
PASS PATTERN NO.24142
PASS PATTERN NO.24143
PASS PATTERN NO.24144
PASS PATTERN NO.24145
PASS PATTERN NO.24146
PASS PATTERN NO.24147
PASS PATTERN NO.24148
PASS PATTERN NO.24149
PASS PATTERN NO.24150
PASS PATTERN NO.24151
PASS PATTERN NO.24152
PASS PATTERN NO.24153
PASS PATTERN NO.24154
PASS PATTERN NO.24155
PASS PATTERN NO.24156
PASS PATTERN NO.24157
PASS PATTERN NO.24158
PASS PATTERN NO.24159
PASS PATTERN NO.24160
PASS PATTERN NO.24161
PASS PATTERN NO.24162
PASS PATTERN NO.24163
PASS PATTERN NO.24164
PASS PATTERN NO.24165
PASS PATTERN NO.24166
PASS PATTERN NO.24167
PASS PATTERN NO.24168
PASS PATTERN NO.24169
PASS PATTERN NO.24170
PASS PATTERN NO.24171
PASS PATTERN NO.24172
PASS PATTERN NO.24173
PASS PATTERN NO.24174
PASS PATTERN NO.24175
PASS PATTERN NO.24176
PASS PATTERN NO.24177
PASS PATTERN NO.24178
PASS PATTERN NO.24179
PASS PATTERN NO.24180
PASS PATTERN NO.24181
PASS PATTERN NO.24182
PASS PATTERN NO.24183
PASS PATTERN NO.24184
PASS PATTERN NO.24185
PASS PATTERN NO.24186
PASS PATTERN NO.24187
PASS PATTERN NO.24188
PASS PATTERN NO.24189
PASS PATTERN NO.24190
PASS PATTERN NO.24191
PASS PATTERN NO.24192
PASS PATTERN NO.24193
PASS PATTERN NO.24194
PASS PATTERN NO.24195
PASS PATTERN NO.24196
PASS PATTERN NO.24197
PASS PATTERN NO.24198
PASS PATTERN NO.24199
PASS PATTERN NO.24200
PASS PATTERN NO.24201
PASS PATTERN NO.24202
PASS PATTERN NO.24203
PASS PATTERN NO.24204
PASS PATTERN NO.24205
PASS PATTERN NO.24206
PASS PATTERN NO.24207
PASS PATTERN NO.24208
PASS PATTERN NO.24209
PASS PATTERN NO.24210
PASS PATTERN NO.24211
PASS PATTERN NO.24212
PASS PATTERN NO.24213
PASS PATTERN NO.24214
PASS PATTERN NO.24215
PASS PATTERN NO.24216
PASS PATTERN NO.24217
PASS PATTERN NO.24218
PASS PATTERN NO.24219
PASS PATTERN NO.24220
PASS PATTERN NO.24221
PASS PATTERN NO.24222
PASS PATTERN NO.24223
PASS PATTERN NO.24224
PASS PATTERN NO.24225
PASS PATTERN NO.24226
PASS PATTERN NO.24227
PASS PATTERN NO.24228
PASS PATTERN NO.24229
PASS PATTERN NO.24230
PASS PATTERN NO.24231
PASS PATTERN NO.24232
PASS PATTERN NO.24233
PASS PATTERN NO.24234
PASS PATTERN NO.24235
PASS PATTERN NO.24236
PASS PATTERN NO.24237
PASS PATTERN NO.24238
PASS PATTERN NO.24239
PASS PATTERN NO.24240
PASS PATTERN NO.24241
PASS PATTERN NO.24242
PASS PATTERN NO.24243
PASS PATTERN NO.24244
PASS PATTERN NO.24245
PASS PATTERN NO.24246
PASS PATTERN NO.24247
PASS PATTERN NO.24248
PASS PATTERN NO.24249
PASS PATTERN NO.24250
PASS PATTERN NO.24251
PASS PATTERN NO.24252
PASS PATTERN NO.24253
PASS PATTERN NO.24254
PASS PATTERN NO.24255
PASS PATTERN NO.24256
PASS PATTERN NO.24257
PASS PATTERN NO.24258
PASS PATTERN NO.24259
PASS PATTERN NO.24260
PASS PATTERN NO.24261
PASS PATTERN NO.24262
PASS PATTERN NO.24263
PASS PATTERN NO.24264
PASS PATTERN NO.24265
PASS PATTERN NO.24266
PASS PATTERN NO.24267
PASS PATTERN NO.24268
PASS PATTERN NO.24269
PASS PATTERN NO.24270
PASS PATTERN NO.24271
PASS PATTERN NO.24272
PASS PATTERN NO.24273
PASS PATTERN NO.24274
PASS PATTERN NO.24275
PASS PATTERN NO.24276
PASS PATTERN NO.24277
PASS PATTERN NO.24278
PASS PATTERN NO.24279
PASS PATTERN NO.24280
PASS PATTERN NO.24281
PASS PATTERN NO.24282
PASS PATTERN NO.24283
PASS PATTERN NO.24284
PASS PATTERN NO.24285
PASS PATTERN NO.24286
PASS PATTERN NO.24287
PASS PATTERN NO.24288
PASS PATTERN NO.24289
PASS PATTERN NO.24290
PASS PATTERN NO.24291
PASS PATTERN NO.24292
PASS PATTERN NO.24293
PASS PATTERN NO.24294
PASS PATTERN NO.24295
PASS PATTERN NO.24296
PASS PATTERN NO.24297
PASS PATTERN NO.24298
PASS PATTERN NO.24299
PASS PATTERN NO.24300
PASS PATTERN NO.24301
PASS PATTERN NO.24302
PASS PATTERN NO.24303
PASS PATTERN NO.24304
PASS PATTERN NO.24305
PASS PATTERN NO.24306
PASS PATTERN NO.24307
PASS PATTERN NO.24308
PASS PATTERN NO.24309
PASS PATTERN NO.24310
PASS PATTERN NO.24311
PASS PATTERN NO.24312
PASS PATTERN NO.24313
PASS PATTERN NO.24314
PASS PATTERN NO.24315
PASS PATTERN NO.24316
PASS PATTERN NO.24317
PASS PATTERN NO.24318
PASS PATTERN NO.24319
PASS PATTERN NO.24320
PASS PATTERN NO.24321
PASS PATTERN NO.24322
PASS PATTERN NO.24323
PASS PATTERN NO.24324
PASS PATTERN NO.24325
PASS PATTERN NO.24326
PASS PATTERN NO.24327
PASS PATTERN NO.24328
PASS PATTERN NO.24329
PASS PATTERN NO.24330
PASS PATTERN NO.24331
PASS PATTERN NO.24332
PASS PATTERN NO.24333
PASS PATTERN NO.24334
PASS PATTERN NO.24335
PASS PATTERN NO.24336
PASS PATTERN NO.24337
PASS PATTERN NO.24338
PASS PATTERN NO.24339
PASS PATTERN NO.24340
PASS PATTERN NO.24341
PASS PATTERN NO.24342
PASS PATTERN NO.24343
PASS PATTERN NO.24344
PASS PATTERN NO.24345
PASS PATTERN NO.24346
PASS PATTERN NO.24347
PASS PATTERN NO.24348
PASS PATTERN NO.24349
PASS PATTERN NO.24350
PASS PATTERN NO.24351
PASS PATTERN NO.24352
PASS PATTERN NO.24353
PASS PATTERN NO.24354
PASS PATTERN NO.24355
PASS PATTERN NO.24356
PASS PATTERN NO.24357
PASS PATTERN NO.24358
PASS PATTERN NO.24359
PASS PATTERN NO.24360
PASS PATTERN NO.24361
PASS PATTERN NO.24362
PASS PATTERN NO.24363
PASS PATTERN NO.24364
PASS PATTERN NO.24365
PASS PATTERN NO.24366
PASS PATTERN NO.24367
PASS PATTERN NO.24368
PASS PATTERN NO.24369
PASS PATTERN NO.24370
PASS PATTERN NO.24371
PASS PATTERN NO.24372
PASS PATTERN NO.24373
PASS PATTERN NO.24374
PASS PATTERN NO.24375
PASS PATTERN NO.24376
PASS PATTERN NO.24377
PASS PATTERN NO.24378
PASS PATTERN NO.24379
PASS PATTERN NO.24380
PASS PATTERN NO.24381
PASS PATTERN NO.24382
PASS PATTERN NO.24383
PASS PATTERN NO.24384
PASS PATTERN NO.24385
PASS PATTERN NO.24386
PASS PATTERN NO.24387
PASS PATTERN NO.24388
PASS PATTERN NO.24389
PASS PATTERN NO.24390
PASS PATTERN NO.24391
PASS PATTERN NO.24392
PASS PATTERN NO.24393
PASS PATTERN NO.24394
PASS PATTERN NO.24395
PASS PATTERN NO.24396
PASS PATTERN NO.24397
PASS PATTERN NO.24398
PASS PATTERN NO.24399
PASS PATTERN NO.24400
PASS PATTERN NO.24401
PASS PATTERN NO.24402
PASS PATTERN NO.24403
PASS PATTERN NO.24404
PASS PATTERN NO.24405
PASS PATTERN NO.24406
PASS PATTERN NO.24407
PASS PATTERN NO.24408
PASS PATTERN NO.24409
PASS PATTERN NO.24410
PASS PATTERN NO.24411
PASS PATTERN NO.24412
PASS PATTERN NO.24413
PASS PATTERN NO.24414
PASS PATTERN NO.24415
PASS PATTERN NO.24416
PASS PATTERN NO.24417
PASS PATTERN NO.24418
PASS PATTERN NO.24419
PASS PATTERN NO.24420
PASS PATTERN NO.24421
PASS PATTERN NO.24422
PASS PATTERN NO.24423
PASS PATTERN NO.24424
PASS PATTERN NO.24425
PASS PATTERN NO.24426
PASS PATTERN NO.24427
PASS PATTERN NO.24428
PASS PATTERN NO.24429
PASS PATTERN NO.24430
PASS PATTERN NO.24431
PASS PATTERN NO.24432
PASS PATTERN NO.24433
PASS PATTERN NO.24434
PASS PATTERN NO.24435
PASS PATTERN NO.24436
PASS PATTERN NO.24437
PASS PATTERN NO.24438
PASS PATTERN NO.24439
PASS PATTERN NO.24440
PASS PATTERN NO.24441
PASS PATTERN NO.24442
PASS PATTERN NO.24443
PASS PATTERN NO.24444
PASS PATTERN NO.24445
PASS PATTERN NO.24446
PASS PATTERN NO.24447
PASS PATTERN NO.24448
PASS PATTERN NO.24449
PASS PATTERN NO.24450
PASS PATTERN NO.24451
PASS PATTERN NO.24452
PASS PATTERN NO.24453
PASS PATTERN NO.24454
PASS PATTERN NO.24455
PASS PATTERN NO.24456
PASS PATTERN NO.24457
PASS PATTERN NO.24458
PASS PATTERN NO.24459
PASS PATTERN NO.24460
PASS PATTERN NO.24461
PASS PATTERN NO.24462
PASS PATTERN NO.24463
PASS PATTERN NO.24464
PASS PATTERN NO.24465
PASS PATTERN NO.24466
PASS PATTERN NO.24467
PASS PATTERN NO.24468
PASS PATTERN NO.24469
PASS PATTERN NO.24470
PASS PATTERN NO.24471
PASS PATTERN NO.24472
PASS PATTERN NO.24473
PASS PATTERN NO.24474
PASS PATTERN NO.24475
PASS PATTERN NO.24476
PASS PATTERN NO.24477
PASS PATTERN NO.24478
PASS PATTERN NO.24479
PASS PATTERN NO.24480
PASS PATTERN NO.24481
PASS PATTERN NO.24482
PASS PATTERN NO.24483
PASS PATTERN NO.24484
PASS PATTERN NO.24485
PASS PATTERN NO.24486
PASS PATTERN NO.24487
PASS PATTERN NO.24488
PASS PATTERN NO.24489
PASS PATTERN NO.24490
PASS PATTERN NO.24491
PASS PATTERN NO.24492
PASS PATTERN NO.24493
PASS PATTERN NO.24494
PASS PATTERN NO.24495
PASS PATTERN NO.24496
PASS PATTERN NO.24497
PASS PATTERN NO.24498
PASS PATTERN NO.24499
PASS PATTERN NO.24500
PASS PATTERN NO.24501
PASS PATTERN NO.24502
PASS PATTERN NO.24503
PASS PATTERN NO.24504
PASS PATTERN NO.24505
PASS PATTERN NO.24506
PASS PATTERN NO.24507
PASS PATTERN NO.24508
PASS PATTERN NO.24509
PASS PATTERN NO.24510
PASS PATTERN NO.24511
PASS PATTERN NO.24512
PASS PATTERN NO.24513
PASS PATTERN NO.24514
PASS PATTERN NO.24515
PASS PATTERN NO.24516
PASS PATTERN NO.24517
PASS PATTERN NO.24518
PASS PATTERN NO.24519
PASS PATTERN NO.24520
PASS PATTERN NO.24521
PASS PATTERN NO.24522
PASS PATTERN NO.24523
PASS PATTERN NO.24524
PASS PATTERN NO.24525
PASS PATTERN NO.24526
PASS PATTERN NO.24527
PASS PATTERN NO.24528
PASS PATTERN NO.24529
PASS PATTERN NO.24530
PASS PATTERN NO.24531
PASS PATTERN NO.24532
PASS PATTERN NO.24533
PASS PATTERN NO.24534
PASS PATTERN NO.24535
PASS PATTERN NO.24536
PASS PATTERN NO.24537
PASS PATTERN NO.24538
PASS PATTERN NO.24539
PASS PATTERN NO.24540
PASS PATTERN NO.24541
PASS PATTERN NO.24542
PASS PATTERN NO.24543
PASS PATTERN NO.24544
PASS PATTERN NO.24545
PASS PATTERN NO.24546
PASS PATTERN NO.24547
PASS PATTERN NO.24548
PASS PATTERN NO.24549
PASS PATTERN NO.24550
PASS PATTERN NO.24551
PASS PATTERN NO.24552
PASS PATTERN NO.24553
PASS PATTERN NO.24554
PASS PATTERN NO.24555
PASS PATTERN NO.24556
PASS PATTERN NO.24557
PASS PATTERN NO.24558
PASS PATTERN NO.24559
PASS PATTERN NO.24560
PASS PATTERN NO.24561
PASS PATTERN NO.24562
PASS PATTERN NO.24563
PASS PATTERN NO.24564
PASS PATTERN NO.24565
PASS PATTERN NO.24566
PASS PATTERN NO.24567
PASS PATTERN NO.24568
PASS PATTERN NO.24569
PASS PATTERN NO.24570
PASS PATTERN NO.24571
PASS PATTERN NO.24572
PASS PATTERN NO.24573
PASS PATTERN NO.24574
PASS PATTERN NO.24575
PASS PATTERN NO.24576
PASS PATTERN NO.24577
PASS PATTERN NO.24578
PASS PATTERN NO.24579
PASS PATTERN NO.24580
PASS PATTERN NO.24581
PASS PATTERN NO.24582
PASS PATTERN NO.24583
PASS PATTERN NO.24584
PASS PATTERN NO.24585
PASS PATTERN NO.24586
PASS PATTERN NO.24587
PASS PATTERN NO.24588
PASS PATTERN NO.24589
PASS PATTERN NO.24590
PASS PATTERN NO.24591
PASS PATTERN NO.24592
PASS PATTERN NO.24593
PASS PATTERN NO.24594
PASS PATTERN NO.24595
PASS PATTERN NO.24596
PASS PATTERN NO.24597
PASS PATTERN NO.24598
PASS PATTERN NO.24599
PASS PATTERN NO.24600
PASS PATTERN NO.24601
PASS PATTERN NO.24602
PASS PATTERN NO.24603
PASS PATTERN NO.24604
PASS PATTERN NO.24605
PASS PATTERN NO.24606
PASS PATTERN NO.24607
PASS PATTERN NO.24608
PASS PATTERN NO.24609
PASS PATTERN NO.24610
PASS PATTERN NO.24611
PASS PATTERN NO.24612
PASS PATTERN NO.24613
PASS PATTERN NO.24614
PASS PATTERN NO.24615
PASS PATTERN NO.24616
PASS PATTERN NO.24617
PASS PATTERN NO.24618
PASS PATTERN NO.24619
PASS PATTERN NO.24620
PASS PATTERN NO.24621
PASS PATTERN NO.24622
PASS PATTERN NO.24623
PASS PATTERN NO.24624
PASS PATTERN NO.24625
PASS PATTERN NO.24626
PASS PATTERN NO.24627
PASS PATTERN NO.24628
PASS PATTERN NO.24629
PASS PATTERN NO.24630
PASS PATTERN NO.24631
PASS PATTERN NO.24632
PASS PATTERN NO.24633
PASS PATTERN NO.24634
PASS PATTERN NO.24635
PASS PATTERN NO.24636
PASS PATTERN NO.24637
PASS PATTERN NO.24638
PASS PATTERN NO.24639
PASS PATTERN NO.24640
PASS PATTERN NO.24641
PASS PATTERN NO.24642
PASS PATTERN NO.24643
PASS PATTERN NO.24644
PASS PATTERN NO.24645
PASS PATTERN NO.24646
PASS PATTERN NO.24647
PASS PATTERN NO.24648
PASS PATTERN NO.24649
PASS PATTERN NO.24650
PASS PATTERN NO.24651
PASS PATTERN NO.24652
PASS PATTERN NO.24653
PASS PATTERN NO.24654
PASS PATTERN NO.24655
PASS PATTERN NO.24656
PASS PATTERN NO.24657
PASS PATTERN NO.24658
PASS PATTERN NO.24659
PASS PATTERN NO.24660
PASS PATTERN NO.24661
PASS PATTERN NO.24662
PASS PATTERN NO.24663
PASS PATTERN NO.24664
PASS PATTERN NO.24665
PASS PATTERN NO.24666
PASS PATTERN NO.24667
PASS PATTERN NO.24668
PASS PATTERN NO.24669
PASS PATTERN NO.24670
PASS PATTERN NO.24671
PASS PATTERN NO.24672
PASS PATTERN NO.24673
PASS PATTERN NO.24674
PASS PATTERN NO.24675
PASS PATTERN NO.24676
PASS PATTERN NO.24677
PASS PATTERN NO.24678
PASS PATTERN NO.24679
PASS PATTERN NO.24680
PASS PATTERN NO.24681
PASS PATTERN NO.24682
PASS PATTERN NO.24683
PASS PATTERN NO.24684
PASS PATTERN NO.24685
PASS PATTERN NO.24686
PASS PATTERN NO.24687
PASS PATTERN NO.24688
PASS PATTERN NO.24689
PASS PATTERN NO.24690
PASS PATTERN NO.24691
PASS PATTERN NO.24692
PASS PATTERN NO.24693
PASS PATTERN NO.24694
PASS PATTERN NO.24695
PASS PATTERN NO.24696
PASS PATTERN NO.24697
PASS PATTERN NO.24698
PASS PATTERN NO.24699
PASS PATTERN NO.24700
PASS PATTERN NO.24701
PASS PATTERN NO.24702
PASS PATTERN NO.24703
PASS PATTERN NO.24704
PASS PATTERN NO.24705
PASS PATTERN NO.24706
PASS PATTERN NO.24707
PASS PATTERN NO.24708
PASS PATTERN NO.24709
PASS PATTERN NO.24710
PASS PATTERN NO.24711
PASS PATTERN NO.24712
PASS PATTERN NO.24713
PASS PATTERN NO.24714
PASS PATTERN NO.24715
PASS PATTERN NO.24716
PASS PATTERN NO.24717
PASS PATTERN NO.24718
PASS PATTERN NO.24719
PASS PATTERN NO.24720
PASS PATTERN NO.24721
PASS PATTERN NO.24722
PASS PATTERN NO.24723
PASS PATTERN NO.24724
PASS PATTERN NO.24725
PASS PATTERN NO.24726
PASS PATTERN NO.24727
PASS PATTERN NO.24728
PASS PATTERN NO.24729
PASS PATTERN NO.24730
PASS PATTERN NO.24731
PASS PATTERN NO.24732
PASS PATTERN NO.24733
PASS PATTERN NO.24734
PASS PATTERN NO.24735
PASS PATTERN NO.24736
PASS PATTERN NO.24737
PASS PATTERN NO.24738
PASS PATTERN NO.24739
PASS PATTERN NO.24740
PASS PATTERN NO.24741
PASS PATTERN NO.24742
PASS PATTERN NO.24743
PASS PATTERN NO.24744
PASS PATTERN NO.24745
PASS PATTERN NO.24746
PASS PATTERN NO.24747
PASS PATTERN NO.24748
PASS PATTERN NO.24749
PASS PATTERN NO.24750
PASS PATTERN NO.24751
PASS PATTERN NO.24752
PASS PATTERN NO.24753
PASS PATTERN NO.24754
PASS PATTERN NO.24755
PASS PATTERN NO.24756
PASS PATTERN NO.24757
PASS PATTERN NO.24758
PASS PATTERN NO.24759
PASS PATTERN NO.24760
PASS PATTERN NO.24761
PASS PATTERN NO.24762
PASS PATTERN NO.24763
PASS PATTERN NO.24764
PASS PATTERN NO.24765
PASS PATTERN NO.24766
PASS PATTERN NO.24767
PASS PATTERN NO.24768
PASS PATTERN NO.24769
PASS PATTERN NO.24770
PASS PATTERN NO.24771
PASS PATTERN NO.24772
PASS PATTERN NO.24773
PASS PATTERN NO.24774
PASS PATTERN NO.24775
PASS PATTERN NO.24776
PASS PATTERN NO.24777
PASS PATTERN NO.24778
PASS PATTERN NO.24779
PASS PATTERN NO.24780
PASS PATTERN NO.24781
PASS PATTERN NO.24782
PASS PATTERN NO.24783
PASS PATTERN NO.24784
PASS PATTERN NO.24785
PASS PATTERN NO.24786
PASS PATTERN NO.24787
PASS PATTERN NO.24788
PASS PATTERN NO.24789
PASS PATTERN NO.24790
PASS PATTERN NO.24791
PASS PATTERN NO.24792
PASS PATTERN NO.24793
PASS PATTERN NO.24794
PASS PATTERN NO.24795
PASS PATTERN NO.24796
PASS PATTERN NO.24797
PASS PATTERN NO.24798
PASS PATTERN NO.24799
PASS PATTERN NO.24800
PASS PATTERN NO.24801
PASS PATTERN NO.24802
PASS PATTERN NO.24803
PASS PATTERN NO.24804
PASS PATTERN NO.24805
PASS PATTERN NO.24806
PASS PATTERN NO.24807
PASS PATTERN NO.24808
PASS PATTERN NO.24809
PASS PATTERN NO.24810
PASS PATTERN NO.24811
PASS PATTERN NO.24812
PASS PATTERN NO.24813
PASS PATTERN NO.24814
PASS PATTERN NO.24815
PASS PATTERN NO.24816
PASS PATTERN NO.24817
PASS PATTERN NO.24818
PASS PATTERN NO.24819
PASS PATTERN NO.24820
PASS PATTERN NO.24821
PASS PATTERN NO.24822
PASS PATTERN NO.24823
PASS PATTERN NO.24824
PASS PATTERN NO.24825
PASS PATTERN NO.24826
PASS PATTERN NO.24827
PASS PATTERN NO.24828
PASS PATTERN NO.24829
PASS PATTERN NO.24830
PASS PATTERN NO.24831
PASS PATTERN NO.24832
PASS PATTERN NO.24833
PASS PATTERN NO.24834
PASS PATTERN NO.24835
PASS PATTERN NO.24836
PASS PATTERN NO.24837
PASS PATTERN NO.24838
PASS PATTERN NO.24839
PASS PATTERN NO.24840
PASS PATTERN NO.24841
PASS PATTERN NO.24842
PASS PATTERN NO.24843
PASS PATTERN NO.24844
PASS PATTERN NO.24845
PASS PATTERN NO.24846
PASS PATTERN NO.24847
PASS PATTERN NO.24848
PASS PATTERN NO.24849
PASS PATTERN NO.24850
PASS PATTERN NO.24851
PASS PATTERN NO.24852
PASS PATTERN NO.24853
PASS PATTERN NO.24854
PASS PATTERN NO.24855
PASS PATTERN NO.24856
PASS PATTERN NO.24857
PASS PATTERN NO.24858
PASS PATTERN NO.24859
PASS PATTERN NO.24860
PASS PATTERN NO.24861
PASS PATTERN NO.24862
PASS PATTERN NO.24863
PASS PATTERN NO.24864
PASS PATTERN NO.24865
PASS PATTERN NO.24866
PASS PATTERN NO.24867
PASS PATTERN NO.24868
PASS PATTERN NO.24869
PASS PATTERN NO.24870
PASS PATTERN NO.24871
PASS PATTERN NO.24872
PASS PATTERN NO.24873
PASS PATTERN NO.24874
PASS PATTERN NO.24875
PASS PATTERN NO.24876
PASS PATTERN NO.24877
PASS PATTERN NO.24878
PASS PATTERN NO.24879
PASS PATTERN NO.24880
PASS PATTERN NO.24881
PASS PATTERN NO.24882
PASS PATTERN NO.24883
PASS PATTERN NO.24884
PASS PATTERN NO.24885
PASS PATTERN NO.24886
PASS PATTERN NO.24887
PASS PATTERN NO.24888
PASS PATTERN NO.24889
PASS PATTERN NO.24890
PASS PATTERN NO.24891
PASS PATTERN NO.24892
PASS PATTERN NO.24893
PASS PATTERN NO.24894
PASS PATTERN NO.24895
PASS PATTERN NO.24896
PASS PATTERN NO.24897
PASS PATTERN NO.24898
PASS PATTERN NO.24899
PASS PATTERN NO.24900
PASS PATTERN NO.24901
PASS PATTERN NO.24902
PASS PATTERN NO.24903
PASS PATTERN NO.24904
PASS PATTERN NO.24905
PASS PATTERN NO.24906
PASS PATTERN NO.24907
PASS PATTERN NO.24908
PASS PATTERN NO.24909
PASS PATTERN NO.24910
PASS PATTERN NO.24911
PASS PATTERN NO.24912
PASS PATTERN NO.24913
PASS PATTERN NO.24914
PASS PATTERN NO.24915
PASS PATTERN NO.24916
PASS PATTERN NO.24917
PASS PATTERN NO.24918
PASS PATTERN NO.24919
PASS PATTERN NO.24920
PASS PATTERN NO.24921
PASS PATTERN NO.24922
PASS PATTERN NO.24923
PASS PATTERN NO.24924
PASS PATTERN NO.24925
PASS PATTERN NO.24926
PASS PATTERN NO.24927
PASS PATTERN NO.24928
PASS PATTERN NO.24929
PASS PATTERN NO.24930
PASS PATTERN NO.24931
PASS PATTERN NO.24932
PASS PATTERN NO.24933
PASS PATTERN NO.24934
PASS PATTERN NO.24935
PASS PATTERN NO.24936
PASS PATTERN NO.24937
PASS PATTERN NO.24938
PASS PATTERN NO.24939
PASS PATTERN NO.24940
PASS PATTERN NO.24941
PASS PATTERN NO.24942
PASS PATTERN NO.24943
PASS PATTERN NO.24944
PASS PATTERN NO.24945
PASS PATTERN NO.24946
PASS PATTERN NO.24947
PASS PATTERN NO.24948
PASS PATTERN NO.24949
PASS PATTERN NO.24950
PASS PATTERN NO.24951
PASS PATTERN NO.24952
PASS PATTERN NO.24953
PASS PATTERN NO.24954
PASS PATTERN NO.24955
PASS PATTERN NO.24956
PASS PATTERN NO.24957
PASS PATTERN NO.24958
PASS PATTERN NO.24959
PASS PATTERN NO.24960
PASS PATTERN NO.24961
PASS PATTERN NO.24962
PASS PATTERN NO.24963
PASS PATTERN NO.24964
PASS PATTERN NO.24965
PASS PATTERN NO.24966
PASS PATTERN NO.24967
PASS PATTERN NO.24968
PASS PATTERN NO.24969
PASS PATTERN NO.24970
PASS PATTERN NO.24971
PASS PATTERN NO.24972
PASS PATTERN NO.24973
PASS PATTERN NO.24974
PASS PATTERN NO.24975
PASS PATTERN NO.24976
PASS PATTERN NO.24977
PASS PATTERN NO.24978
PASS PATTERN NO.24979
PASS PATTERN NO.24980
PASS PATTERN NO.24981
PASS PATTERN NO.24982
PASS PATTERN NO.24983
PASS PATTERN NO.24984
PASS PATTERN NO.24985
PASS PATTERN NO.24986
PASS PATTERN NO.24987
PASS PATTERN NO.24988
PASS PATTERN NO.24989
PASS PATTERN NO.24990
PASS PATTERN NO.24991
PASS PATTERN NO.24992
PASS PATTERN NO.24993
PASS PATTERN NO.24994
PASS PATTERN NO.24995
PASS PATTERN NO.24996
PASS PATTERN NO.24997
PASS PATTERN NO.24998
PASS PATTERN NO.24999
PASS PATTERN NO.25000
PASS PATTERN NO.25001
PASS PATTERN NO.25002
PASS PATTERN NO.25003
PASS PATTERN NO.25004
PASS PATTERN NO.25005
PASS PATTERN NO.25006
PASS PATTERN NO.25007
PASS PATTERN NO.25008
PASS PATTERN NO.25009
PASS PATTERN NO.25010
PASS PATTERN NO.25011
PASS PATTERN NO.25012
PASS PATTERN NO.25013
PASS PATTERN NO.25014
PASS PATTERN NO.25015
PASS PATTERN NO.25016
PASS PATTERN NO.25017
PASS PATTERN NO.25018
PASS PATTERN NO.25019
PASS PATTERN NO.25020
PASS PATTERN NO.25021
PASS PATTERN NO.25022
PASS PATTERN NO.25023
PASS PATTERN NO.25024
PASS PATTERN NO.25025
PASS PATTERN NO.25026
PASS PATTERN NO.25027
PASS PATTERN NO.25028
PASS PATTERN NO.25029
PASS PATTERN NO.25030
PASS PATTERN NO.25031
PASS PATTERN NO.25032
PASS PATTERN NO.25033
PASS PATTERN NO.25034
PASS PATTERN NO.25035
PASS PATTERN NO.25036
PASS PATTERN NO.25037
PASS PATTERN NO.25038
PASS PATTERN NO.25039
PASS PATTERN NO.25040
PASS PATTERN NO.25041
PASS PATTERN NO.25042
PASS PATTERN NO.25043
PASS PATTERN NO.25044
PASS PATTERN NO.25045
PASS PATTERN NO.25046
PASS PATTERN NO.25047
PASS PATTERN NO.25048
PASS PATTERN NO.25049
PASS PATTERN NO.25050
PASS PATTERN NO.25051
PASS PATTERN NO.25052
PASS PATTERN NO.25053
PASS PATTERN NO.25054
PASS PATTERN NO.25055
PASS PATTERN NO.25056
PASS PATTERN NO.25057
PASS PATTERN NO.25058
PASS PATTERN NO.25059
PASS PATTERN NO.25060
PASS PATTERN NO.25061
PASS PATTERN NO.25062
PASS PATTERN NO.25063
PASS PATTERN NO.25064
PASS PATTERN NO.25065
PASS PATTERN NO.25066
PASS PATTERN NO.25067
PASS PATTERN NO.25068
PASS PATTERN NO.25069
PASS PATTERN NO.25070
PASS PATTERN NO.25071
PASS PATTERN NO.25072
PASS PATTERN NO.25073
PASS PATTERN NO.25074
PASS PATTERN NO.25075
PASS PATTERN NO.25076
PASS PATTERN NO.25077
PASS PATTERN NO.25078
PASS PATTERN NO.25079
PASS PATTERN NO.25080
PASS PATTERN NO.25081
PASS PATTERN NO.25082
PASS PATTERN NO.25083
PASS PATTERN NO.25084
PASS PATTERN NO.25085
PASS PATTERN NO.25086
PASS PATTERN NO.25087
PASS PATTERN NO.25088
PASS PATTERN NO.25089
PASS PATTERN NO.25090
PASS PATTERN NO.25091
PASS PATTERN NO.25092
PASS PATTERN NO.25093
PASS PATTERN NO.25094
PASS PATTERN NO.25095
PASS PATTERN NO.25096
PASS PATTERN NO.25097
PASS PATTERN NO.25098
PASS PATTERN NO.25099
PASS PATTERN NO.25100
PASS PATTERN NO.25101
PASS PATTERN NO.25102
PASS PATTERN NO.25103
PASS PATTERN NO.25104
PASS PATTERN NO.25105
PASS PATTERN NO.25106
PASS PATTERN NO.25107
PASS PATTERN NO.25108
PASS PATTERN NO.25109
PASS PATTERN NO.25110
PASS PATTERN NO.25111
PASS PATTERN NO.25112
PASS PATTERN NO.25113
PASS PATTERN NO.25114
PASS PATTERN NO.25115
PASS PATTERN NO.25116
PASS PATTERN NO.25117
PASS PATTERN NO.25118
PASS PATTERN NO.25119
PASS PATTERN NO.25120
PASS PATTERN NO.25121
PASS PATTERN NO.25122
PASS PATTERN NO.25123
PASS PATTERN NO.25124
PASS PATTERN NO.25125
PASS PATTERN NO.25126
PASS PATTERN NO.25127
PASS PATTERN NO.25128
PASS PATTERN NO.25129
PASS PATTERN NO.25130
PASS PATTERN NO.25131
PASS PATTERN NO.25132
PASS PATTERN NO.25133
PASS PATTERN NO.25134
PASS PATTERN NO.25135
PASS PATTERN NO.25136
PASS PATTERN NO.25137
PASS PATTERN NO.25138
PASS PATTERN NO.25139
PASS PATTERN NO.25140
PASS PATTERN NO.25141
PASS PATTERN NO.25142
PASS PATTERN NO.25143
PASS PATTERN NO.25144
PASS PATTERN NO.25145
PASS PATTERN NO.25146
PASS PATTERN NO.25147
PASS PATTERN NO.25148
PASS PATTERN NO.25149
PASS PATTERN NO.25150
PASS PATTERN NO.25151
PASS PATTERN NO.25152
PASS PATTERN NO.25153
PASS PATTERN NO.25154
PASS PATTERN NO.25155
PASS PATTERN NO.25156
PASS PATTERN NO.25157
PASS PATTERN NO.25158
PASS PATTERN NO.25159
PASS PATTERN NO.25160
PASS PATTERN NO.25161
PASS PATTERN NO.25162
PASS PATTERN NO.25163
PASS PATTERN NO.25164
PASS PATTERN NO.25165
PASS PATTERN NO.25166
PASS PATTERN NO.25167
PASS PATTERN NO.25168
PASS PATTERN NO.25169
PASS PATTERN NO.25170
PASS PATTERN NO.25171
PASS PATTERN NO.25172
PASS PATTERN NO.25173
PASS PATTERN NO.25174
PASS PATTERN NO.25175
PASS PATTERN NO.25176
PASS PATTERN NO.25177
PASS PATTERN NO.25178
PASS PATTERN NO.25179
PASS PATTERN NO.25180
PASS PATTERN NO.25181
PASS PATTERN NO.25182
PASS PATTERN NO.25183
PASS PATTERN NO.25184
PASS PATTERN NO.25185
PASS PATTERN NO.25186
PASS PATTERN NO.25187
PASS PATTERN NO.25188
PASS PATTERN NO.25189
PASS PATTERN NO.25190
PASS PATTERN NO.25191
PASS PATTERN NO.25192
PASS PATTERN NO.25193
PASS PATTERN NO.25194
PASS PATTERN NO.25195
PASS PATTERN NO.25196
PASS PATTERN NO.25197
PASS PATTERN NO.25198
PASS PATTERN NO.25199
PASS PATTERN NO.25200
PASS PATTERN NO.25201
PASS PATTERN NO.25202
PASS PATTERN NO.25203
PASS PATTERN NO.25204
PASS PATTERN NO.25205
PASS PATTERN NO.25206
PASS PATTERN NO.25207
PASS PATTERN NO.25208
PASS PATTERN NO.25209
PASS PATTERN NO.25210
PASS PATTERN NO.25211
PASS PATTERN NO.25212
PASS PATTERN NO.25213
PASS PATTERN NO.25214
PASS PATTERN NO.25215
PASS PATTERN NO.25216
PASS PATTERN NO.25217
PASS PATTERN NO.25218
PASS PATTERN NO.25219
PASS PATTERN NO.25220
PASS PATTERN NO.25221
PASS PATTERN NO.25222
PASS PATTERN NO.25223
PASS PATTERN NO.25224
PASS PATTERN NO.25225
PASS PATTERN NO.25226
PASS PATTERN NO.25227
PASS PATTERN NO.25228
PASS PATTERN NO.25229
PASS PATTERN NO.25230
PASS PATTERN NO.25231
PASS PATTERN NO.25232
PASS PATTERN NO.25233
PASS PATTERN NO.25234
PASS PATTERN NO.25235
PASS PATTERN NO.25236
PASS PATTERN NO.25237
PASS PATTERN NO.25238
PASS PATTERN NO.25239
PASS PATTERN NO.25240
PASS PATTERN NO.25241
PASS PATTERN NO.25242
PASS PATTERN NO.25243
PASS PATTERN NO.25244
PASS PATTERN NO.25245
PASS PATTERN NO.25246
PASS PATTERN NO.25247
PASS PATTERN NO.25248
PASS PATTERN NO.25249
PASS PATTERN NO.25250
PASS PATTERN NO.25251
PASS PATTERN NO.25252
PASS PATTERN NO.25253
PASS PATTERN NO.25254
PASS PATTERN NO.25255
PASS PATTERN NO.25256
PASS PATTERN NO.25257
PASS PATTERN NO.25258
PASS PATTERN NO.25259
PASS PATTERN NO.25260
PASS PATTERN NO.25261
PASS PATTERN NO.25262
PASS PATTERN NO.25263
PASS PATTERN NO.25264
PASS PATTERN NO.25265
PASS PATTERN NO.25266
PASS PATTERN NO.25267
PASS PATTERN NO.25268
PASS PATTERN NO.25269
PASS PATTERN NO.25270
PASS PATTERN NO.25271
PASS PATTERN NO.25272
PASS PATTERN NO.25273
PASS PATTERN NO.25274
PASS PATTERN NO.25275
PASS PATTERN NO.25276
PASS PATTERN NO.25277
PASS PATTERN NO.25278
PASS PATTERN NO.25279
PASS PATTERN NO.25280
PASS PATTERN NO.25281
PASS PATTERN NO.25282
PASS PATTERN NO.25283
PASS PATTERN NO.25284
PASS PATTERN NO.25285
PASS PATTERN NO.25286
PASS PATTERN NO.25287
PASS PATTERN NO.25288
PASS PATTERN NO.25289
PASS PATTERN NO.25290
PASS PATTERN NO.25291
PASS PATTERN NO.25292
PASS PATTERN NO.25293
PASS PATTERN NO.25294
PASS PATTERN NO.25295
PASS PATTERN NO.25296
PASS PATTERN NO.25297
PASS PATTERN NO.25298
PASS PATTERN NO.25299
PASS PATTERN NO.25300
PASS PATTERN NO.25301
PASS PATTERN NO.25302
PASS PATTERN NO.25303
PASS PATTERN NO.25304
PASS PATTERN NO.25305
PASS PATTERN NO.25306
PASS PATTERN NO.25307
PASS PATTERN NO.25308
PASS PATTERN NO.25309
PASS PATTERN NO.25310
PASS PATTERN NO.25311
PASS PATTERN NO.25312
PASS PATTERN NO.25313
PASS PATTERN NO.25314
PASS PATTERN NO.25315
PASS PATTERN NO.25316
PASS PATTERN NO.25317
PASS PATTERN NO.25318
PASS PATTERN NO.25319
PASS PATTERN NO.25320
PASS PATTERN NO.25321
PASS PATTERN NO.25322
PASS PATTERN NO.25323
PASS PATTERN NO.25324
PASS PATTERN NO.25325
PASS PATTERN NO.25326
PASS PATTERN NO.25327
PASS PATTERN NO.25328
PASS PATTERN NO.25329
PASS PATTERN NO.25330
PASS PATTERN NO.25331
PASS PATTERN NO.25332
PASS PATTERN NO.25333
PASS PATTERN NO.25334
PASS PATTERN NO.25335
PASS PATTERN NO.25336
PASS PATTERN NO.25337
PASS PATTERN NO.25338
PASS PATTERN NO.25339
PASS PATTERN NO.25340
PASS PATTERN NO.25341
PASS PATTERN NO.25342
PASS PATTERN NO.25343
PASS PATTERN NO.25344
PASS PATTERN NO.25345
PASS PATTERN NO.25346
PASS PATTERN NO.25347
PASS PATTERN NO.25348
PASS PATTERN NO.25349
PASS PATTERN NO.25350
PASS PATTERN NO.25351
PASS PATTERN NO.25352
PASS PATTERN NO.25353
PASS PATTERN NO.25354
PASS PATTERN NO.25355
PASS PATTERN NO.25356
PASS PATTERN NO.25357
PASS PATTERN NO.25358
PASS PATTERN NO.25359
PASS PATTERN NO.25360
PASS PATTERN NO.25361
PASS PATTERN NO.25362
PASS PATTERN NO.25363
PASS PATTERN NO.25364
PASS PATTERN NO.25365
PASS PATTERN NO.25366
PASS PATTERN NO.25367
PASS PATTERN NO.25368
PASS PATTERN NO.25369
PASS PATTERN NO.25370
PASS PATTERN NO.25371
PASS PATTERN NO.25372
PASS PATTERN NO.25373
PASS PATTERN NO.25374
PASS PATTERN NO.25375
PASS PATTERN NO.25376
PASS PATTERN NO.25377
PASS PATTERN NO.25378
PASS PATTERN NO.25379
PASS PATTERN NO.25380
PASS PATTERN NO.25381
PASS PATTERN NO.25382
PASS PATTERN NO.25383
PASS PATTERN NO.25384
PASS PATTERN NO.25385
PASS PATTERN NO.25386
PASS PATTERN NO.25387
PASS PATTERN NO.25388
PASS PATTERN NO.25389
PASS PATTERN NO.25390
PASS PATTERN NO.25391
PASS PATTERN NO.25392
PASS PATTERN NO.25393
PASS PATTERN NO.25394
PASS PATTERN NO.25395
PASS PATTERN NO.25396
PASS PATTERN NO.25397
PASS PATTERN NO.25398
PASS PATTERN NO.25399
PASS PATTERN NO.25400
PASS PATTERN NO.25401
PASS PATTERN NO.25402
PASS PATTERN NO.25403
PASS PATTERN NO.25404
PASS PATTERN NO.25405
PASS PATTERN NO.25406
PASS PATTERN NO.25407
PASS PATTERN NO.25408
PASS PATTERN NO.25409
PASS PATTERN NO.25410
PASS PATTERN NO.25411
PASS PATTERN NO.25412
PASS PATTERN NO.25413
PASS PATTERN NO.25414
PASS PATTERN NO.25415
PASS PATTERN NO.25416
PASS PATTERN NO.25417
PASS PATTERN NO.25418
PASS PATTERN NO.25419
PASS PATTERN NO.25420
PASS PATTERN NO.25421
PASS PATTERN NO.25422
PASS PATTERN NO.25423
PASS PATTERN NO.25424
PASS PATTERN NO.25425
PASS PATTERN NO.25426
PASS PATTERN NO.25427
PASS PATTERN NO.25428
PASS PATTERN NO.25429
PASS PATTERN NO.25430
PASS PATTERN NO.25431
PASS PATTERN NO.25432
PASS PATTERN NO.25433
PASS PATTERN NO.25434
PASS PATTERN NO.25435
PASS PATTERN NO.25436
PASS PATTERN NO.25437
PASS PATTERN NO.25438
PASS PATTERN NO.25439
PASS PATTERN NO.25440
PASS PATTERN NO.25441
PASS PATTERN NO.25442
PASS PATTERN NO.25443
PASS PATTERN NO.25444
PASS PATTERN NO.25445
PASS PATTERN NO.25446
PASS PATTERN NO.25447
PASS PATTERN NO.25448
PASS PATTERN NO.25449
PASS PATTERN NO.25450
PASS PATTERN NO.25451
PASS PATTERN NO.25452
PASS PATTERN NO.25453
PASS PATTERN NO.25454
PASS PATTERN NO.25455
PASS PATTERN NO.25456
PASS PATTERN NO.25457
PASS PATTERN NO.25458
PASS PATTERN NO.25459
PASS PATTERN NO.25460
PASS PATTERN NO.25461
PASS PATTERN NO.25462
PASS PATTERN NO.25463
PASS PATTERN NO.25464
PASS PATTERN NO.25465
PASS PATTERN NO.25466
PASS PATTERN NO.25467
PASS PATTERN NO.25468
PASS PATTERN NO.25469
PASS PATTERN NO.25470
PASS PATTERN NO.25471
PASS PATTERN NO.25472
PASS PATTERN NO.25473
PASS PATTERN NO.25474
PASS PATTERN NO.25475
PASS PATTERN NO.25476
PASS PATTERN NO.25477
PASS PATTERN NO.25478
PASS PATTERN NO.25479
PASS PATTERN NO.25480
PASS PATTERN NO.25481
PASS PATTERN NO.25482
PASS PATTERN NO.25483
PASS PATTERN NO.25484
PASS PATTERN NO.25485
PASS PATTERN NO.25486
PASS PATTERN NO.25487
PASS PATTERN NO.25488
PASS PATTERN NO.25489
PASS PATTERN NO.25490
PASS PATTERN NO.25491
PASS PATTERN NO.25492
PASS PATTERN NO.25493
PASS PATTERN NO.25494
PASS PATTERN NO.25495
PASS PATTERN NO.25496
PASS PATTERN NO.25497
PASS PATTERN NO.25498
PASS PATTERN NO.25499
PASS PATTERN NO.25500
PASS PATTERN NO.25501
PASS PATTERN NO.25502
PASS PATTERN NO.25503
PASS PATTERN NO.25504
PASS PATTERN NO.25505
PASS PATTERN NO.25506
PASS PATTERN NO.25507
PASS PATTERN NO.25508
PASS PATTERN NO.25509
PASS PATTERN NO.25510
PASS PATTERN NO.25511
PASS PATTERN NO.25512
PASS PATTERN NO.25513
PASS PATTERN NO.25514
PASS PATTERN NO.25515
PASS PATTERN NO.25516
PASS PATTERN NO.25517
PASS PATTERN NO.25518
PASS PATTERN NO.25519
PASS PATTERN NO.25520
PASS PATTERN NO.25521
PASS PATTERN NO.25522
PASS PATTERN NO.25523
PASS PATTERN NO.25524
PASS PATTERN NO.25525
PASS PATTERN NO.25526
PASS PATTERN NO.25527
PASS PATTERN NO.25528
PASS PATTERN NO.25529
PASS PATTERN NO.25530
PASS PATTERN NO.25531
PASS PATTERN NO.25532
PASS PATTERN NO.25533
PASS PATTERN NO.25534
PASS PATTERN NO.25535
PASS PATTERN NO.25536
PASS PATTERN NO.25537
PASS PATTERN NO.25538
PASS PATTERN NO.25539
PASS PATTERN NO.25540
PASS PATTERN NO.25541
PASS PATTERN NO.25542
PASS PATTERN NO.25543
PASS PATTERN NO.25544
PASS PATTERN NO.25545
PASS PATTERN NO.25546
PASS PATTERN NO.25547
PASS PATTERN NO.25548
PASS PATTERN NO.25549
PASS PATTERN NO.25550
PASS PATTERN NO.25551
PASS PATTERN NO.25552
PASS PATTERN NO.25553
PASS PATTERN NO.25554
PASS PATTERN NO.25555
PASS PATTERN NO.25556
PASS PATTERN NO.25557
PASS PATTERN NO.25558
PASS PATTERN NO.25559
PASS PATTERN NO.25560
PASS PATTERN NO.25561
PASS PATTERN NO.25562
PASS PATTERN NO.25563
PASS PATTERN NO.25564
PASS PATTERN NO.25565
PASS PATTERN NO.25566
PASS PATTERN NO.25567
PASS PATTERN NO.25568
PASS PATTERN NO.25569
PASS PATTERN NO.25570
PASS PATTERN NO.25571
PASS PATTERN NO.25572
PASS PATTERN NO.25573
PASS PATTERN NO.25574
PASS PATTERN NO.25575
PASS PATTERN NO.25576
PASS PATTERN NO.25577
PASS PATTERN NO.25578
PASS PATTERN NO.25579
PASS PATTERN NO.25580
PASS PATTERN NO.25581
PASS PATTERN NO.25582
PASS PATTERN NO.25583
PASS PATTERN NO.25584
PASS PATTERN NO.25585
PASS PATTERN NO.25586
PASS PATTERN NO.25587
PASS PATTERN NO.25588
PASS PATTERN NO.25589
PASS PATTERN NO.25590
PASS PATTERN NO.25591
PASS PATTERN NO.25592
PASS PATTERN NO.25593
PASS PATTERN NO.25594
PASS PATTERN NO.25595
PASS PATTERN NO.25596
PASS PATTERN NO.25597
PASS PATTERN NO.25598
PASS PATTERN NO.25599
PASS PATTERN NO.25600
PASS PATTERN NO.25601
PASS PATTERN NO.25602
PASS PATTERN NO.25603
PASS PATTERN NO.25604
PASS PATTERN NO.25605
PASS PATTERN NO.25606
PASS PATTERN NO.25607
PASS PATTERN NO.25608
PASS PATTERN NO.25609
PASS PATTERN NO.25610
PASS PATTERN NO.25611
PASS PATTERN NO.25612
PASS PATTERN NO.25613
PASS PATTERN NO.25614
PASS PATTERN NO.25615
PASS PATTERN NO.25616
PASS PATTERN NO.25617
PASS PATTERN NO.25618
PASS PATTERN NO.25619
PASS PATTERN NO.25620
PASS PATTERN NO.25621
PASS PATTERN NO.25622
PASS PATTERN NO.25623
PASS PATTERN NO.25624
PASS PATTERN NO.25625
PASS PATTERN NO.25626
PASS PATTERN NO.25627
PASS PATTERN NO.25628
PASS PATTERN NO.25629
PASS PATTERN NO.25630
PASS PATTERN NO.25631
PASS PATTERN NO.25632
PASS PATTERN NO.25633
PASS PATTERN NO.25634
PASS PATTERN NO.25635
PASS PATTERN NO.25636
PASS PATTERN NO.25637
PASS PATTERN NO.25638
PASS PATTERN NO.25639
PASS PATTERN NO.25640
PASS PATTERN NO.25641
PASS PATTERN NO.25642
PASS PATTERN NO.25643
PASS PATTERN NO.25644
PASS PATTERN NO.25645
PASS PATTERN NO.25646
PASS PATTERN NO.25647
PASS PATTERN NO.25648
PASS PATTERN NO.25649
PASS PATTERN NO.25650
PASS PATTERN NO.25651
PASS PATTERN NO.25652
PASS PATTERN NO.25653
PASS PATTERN NO.25654
PASS PATTERN NO.25655
PASS PATTERN NO.25656
PASS PATTERN NO.25657
PASS PATTERN NO.25658
PASS PATTERN NO.25659
PASS PATTERN NO.25660
PASS PATTERN NO.25661
PASS PATTERN NO.25662
PASS PATTERN NO.25663
PASS PATTERN NO.25664
PASS PATTERN NO.25665
PASS PATTERN NO.25666
PASS PATTERN NO.25667
PASS PATTERN NO.25668
PASS PATTERN NO.25669
PASS PATTERN NO.25670
PASS PATTERN NO.25671
PASS PATTERN NO.25672
PASS PATTERN NO.25673
PASS PATTERN NO.25674
PASS PATTERN NO.25675
PASS PATTERN NO.25676
PASS PATTERN NO.25677
PASS PATTERN NO.25678
PASS PATTERN NO.25679
PASS PATTERN NO.25680
PASS PATTERN NO.25681
PASS PATTERN NO.25682
PASS PATTERN NO.25683
PASS PATTERN NO.25684
PASS PATTERN NO.25685
PASS PATTERN NO.25686
PASS PATTERN NO.25687
PASS PATTERN NO.25688
PASS PATTERN NO.25689
PASS PATTERN NO.25690
PASS PATTERN NO.25691
PASS PATTERN NO.25692
PASS PATTERN NO.25693
PASS PATTERN NO.25694
PASS PATTERN NO.25695
PASS PATTERN NO.25696
PASS PATTERN NO.25697
PASS PATTERN NO.25698
PASS PATTERN NO.25699
PASS PATTERN NO.25700
PASS PATTERN NO.25701
PASS PATTERN NO.25702
PASS PATTERN NO.25703
PASS PATTERN NO.25704
PASS PATTERN NO.25705
PASS PATTERN NO.25706
PASS PATTERN NO.25707
PASS PATTERN NO.25708
PASS PATTERN NO.25709
PASS PATTERN NO.25710
PASS PATTERN NO.25711
PASS PATTERN NO.25712
PASS PATTERN NO.25713
PASS PATTERN NO.25714
PASS PATTERN NO.25715
PASS PATTERN NO.25716
PASS PATTERN NO.25717
PASS PATTERN NO.25718
PASS PATTERN NO.25719
PASS PATTERN NO.25720
PASS PATTERN NO.25721
PASS PATTERN NO.25722
PASS PATTERN NO.25723
PASS PATTERN NO.25724
PASS PATTERN NO.25725
PASS PATTERN NO.25726
PASS PATTERN NO.25727
PASS PATTERN NO.25728
PASS PATTERN NO.25729
PASS PATTERN NO.25730
PASS PATTERN NO.25731
PASS PATTERN NO.25732
PASS PATTERN NO.25733
PASS PATTERN NO.25734
PASS PATTERN NO.25735
PASS PATTERN NO.25736
PASS PATTERN NO.25737
PASS PATTERN NO.25738
PASS PATTERN NO.25739
PASS PATTERN NO.25740
PASS PATTERN NO.25741
PASS PATTERN NO.25742
PASS PATTERN NO.25743
PASS PATTERN NO.25744
PASS PATTERN NO.25745
PASS PATTERN NO.25746
PASS PATTERN NO.25747
PASS PATTERN NO.25748
PASS PATTERN NO.25749
PASS PATTERN NO.25750
PASS PATTERN NO.25751
PASS PATTERN NO.25752
PASS PATTERN NO.25753
PASS PATTERN NO.25754
PASS PATTERN NO.25755
PASS PATTERN NO.25756
PASS PATTERN NO.25757
PASS PATTERN NO.25758
PASS PATTERN NO.25759
PASS PATTERN NO.25760
PASS PATTERN NO.25761
PASS PATTERN NO.25762
PASS PATTERN NO.25763
PASS PATTERN NO.25764
PASS PATTERN NO.25765
PASS PATTERN NO.25766
PASS PATTERN NO.25767
PASS PATTERN NO.25768
PASS PATTERN NO.25769
PASS PATTERN NO.25770
PASS PATTERN NO.25771
PASS PATTERN NO.25772
PASS PATTERN NO.25773
PASS PATTERN NO.25774
PASS PATTERN NO.25775
PASS PATTERN NO.25776
PASS PATTERN NO.25777
PASS PATTERN NO.25778
PASS PATTERN NO.25779
PASS PATTERN NO.25780
PASS PATTERN NO.25781
PASS PATTERN NO.25782
PASS PATTERN NO.25783
PASS PATTERN NO.25784
PASS PATTERN NO.25785
PASS PATTERN NO.25786
PASS PATTERN NO.25787
PASS PATTERN NO.25788
PASS PATTERN NO.25789
PASS PATTERN NO.25790
PASS PATTERN NO.25791
PASS PATTERN NO.25792
PASS PATTERN NO.25793
PASS PATTERN NO.25794
PASS PATTERN NO.25795
PASS PATTERN NO.25796
PASS PATTERN NO.25797
PASS PATTERN NO.25798
PASS PATTERN NO.25799
PASS PATTERN NO.25800
PASS PATTERN NO.25801
PASS PATTERN NO.25802
PASS PATTERN NO.25803
PASS PATTERN NO.25804
PASS PATTERN NO.25805
PASS PATTERN NO.25806
PASS PATTERN NO.25807
PASS PATTERN NO.25808
PASS PATTERN NO.25809
PASS PATTERN NO.25810
PASS PATTERN NO.25811
PASS PATTERN NO.25812
PASS PATTERN NO.25813
PASS PATTERN NO.25814
PASS PATTERN NO.25815
PASS PATTERN NO.25816
PASS PATTERN NO.25817
PASS PATTERN NO.25818
PASS PATTERN NO.25819
PASS PATTERN NO.25820
PASS PATTERN NO.25821
PASS PATTERN NO.25822
PASS PATTERN NO.25823
PASS PATTERN NO.25824
PASS PATTERN NO.25825
PASS PATTERN NO.25826
PASS PATTERN NO.25827
PASS PATTERN NO.25828
PASS PATTERN NO.25829
PASS PATTERN NO.25830
PASS PATTERN NO.25831
PASS PATTERN NO.25832
PASS PATTERN NO.25833
PASS PATTERN NO.25834
PASS PATTERN NO.25835
PASS PATTERN NO.25836
PASS PATTERN NO.25837
PASS PATTERN NO.25838
PASS PATTERN NO.25839
PASS PATTERN NO.25840
PASS PATTERN NO.25841
PASS PATTERN NO.25842
PASS PATTERN NO.25843
PASS PATTERN NO.25844
PASS PATTERN NO.25845
PASS PATTERN NO.25846
PASS PATTERN NO.25847
PASS PATTERN NO.25848
PASS PATTERN NO.25849
PASS PATTERN NO.25850
PASS PATTERN NO.25851
PASS PATTERN NO.25852
PASS PATTERN NO.25853
PASS PATTERN NO.25854
PASS PATTERN NO.25855
PASS PATTERN NO.25856
PASS PATTERN NO.25857
PASS PATTERN NO.25858
PASS PATTERN NO.25859
PASS PATTERN NO.25860
PASS PATTERN NO.25861
PASS PATTERN NO.25862
PASS PATTERN NO.25863
PASS PATTERN NO.25864
PASS PATTERN NO.25865
PASS PATTERN NO.25866
PASS PATTERN NO.25867
PASS PATTERN NO.25868
PASS PATTERN NO.25869
PASS PATTERN NO.25870
PASS PATTERN NO.25871
PASS PATTERN NO.25872
PASS PATTERN NO.25873
PASS PATTERN NO.25874
PASS PATTERN NO.25875
PASS PATTERN NO.25876
PASS PATTERN NO.25877
PASS PATTERN NO.25878
PASS PATTERN NO.25879
PASS PATTERN NO.25880
PASS PATTERN NO.25881
PASS PATTERN NO.25882
PASS PATTERN NO.25883
PASS PATTERN NO.25884
PASS PATTERN NO.25885
PASS PATTERN NO.25886
PASS PATTERN NO.25887
PASS PATTERN NO.25888
PASS PATTERN NO.25889
PASS PATTERN NO.25890
PASS PATTERN NO.25891
PASS PATTERN NO.25892
PASS PATTERN NO.25893
PASS PATTERN NO.25894
PASS PATTERN NO.25895
PASS PATTERN NO.25896
PASS PATTERN NO.25897
PASS PATTERN NO.25898
PASS PATTERN NO.25899
PASS PATTERN NO.25900
PASS PATTERN NO.25901
PASS PATTERN NO.25902
PASS PATTERN NO.25903
PASS PATTERN NO.25904
PASS PATTERN NO.25905
PASS PATTERN NO.25906
PASS PATTERN NO.25907
PASS PATTERN NO.25908
PASS PATTERN NO.25909
PASS PATTERN NO.25910
PASS PATTERN NO.25911
PASS PATTERN NO.25912
PASS PATTERN NO.25913
PASS PATTERN NO.25914
PASS PATTERN NO.25915
PASS PATTERN NO.25916
PASS PATTERN NO.25917
PASS PATTERN NO.25918
PASS PATTERN NO.25919
PASS PATTERN NO.25920
PASS PATTERN NO.25921
PASS PATTERN NO.25922
PASS PATTERN NO.25923
PASS PATTERN NO.25924
PASS PATTERN NO.25925
PASS PATTERN NO.25926
PASS PATTERN NO.25927
PASS PATTERN NO.25928
PASS PATTERN NO.25929
PASS PATTERN NO.25930
PASS PATTERN NO.25931
PASS PATTERN NO.25932
PASS PATTERN NO.25933
PASS PATTERN NO.25934
PASS PATTERN NO.25935
PASS PATTERN NO.25936
PASS PATTERN NO.25937
PASS PATTERN NO.25938
PASS PATTERN NO.25939
PASS PATTERN NO.25940
PASS PATTERN NO.25941
PASS PATTERN NO.25942
PASS PATTERN NO.25943
PASS PATTERN NO.25944
PASS PATTERN NO.25945
PASS PATTERN NO.25946
PASS PATTERN NO.25947
PASS PATTERN NO.25948
PASS PATTERN NO.25949
PASS PATTERN NO.25950
PASS PATTERN NO.25951
PASS PATTERN NO.25952
PASS PATTERN NO.25953
PASS PATTERN NO.25954
PASS PATTERN NO.25955
PASS PATTERN NO.25956
PASS PATTERN NO.25957
PASS PATTERN NO.25958
PASS PATTERN NO.25959
PASS PATTERN NO.25960
PASS PATTERN NO.25961
PASS PATTERN NO.25962
PASS PATTERN NO.25963
PASS PATTERN NO.25964
PASS PATTERN NO.25965
PASS PATTERN NO.25966
PASS PATTERN NO.25967
PASS PATTERN NO.25968
PASS PATTERN NO.25969
PASS PATTERN NO.25970
PASS PATTERN NO.25971
PASS PATTERN NO.25972
PASS PATTERN NO.25973
PASS PATTERN NO.25974
PASS PATTERN NO.25975
PASS PATTERN NO.25976
PASS PATTERN NO.25977
PASS PATTERN NO.25978
PASS PATTERN NO.25979
PASS PATTERN NO.25980
PASS PATTERN NO.25981
PASS PATTERN NO.25982
PASS PATTERN NO.25983
PASS PATTERN NO.25984
PASS PATTERN NO.25985
PASS PATTERN NO.25986
PASS PATTERN NO.25987
PASS PATTERN NO.25988
PASS PATTERN NO.25989
PASS PATTERN NO.25990
PASS PATTERN NO.25991
PASS PATTERN NO.25992
PASS PATTERN NO.25993
PASS PATTERN NO.25994
PASS PATTERN NO.25995
PASS PATTERN NO.25996
PASS PATTERN NO.25997
PASS PATTERN NO.25998
PASS PATTERN NO.25999
PASS PATTERN NO.26000
PASS PATTERN NO.26001
PASS PATTERN NO.26002
PASS PATTERN NO.26003
PASS PATTERN NO.26004
PASS PATTERN NO.26005
PASS PATTERN NO.26006
PASS PATTERN NO.26007
PASS PATTERN NO.26008
PASS PATTERN NO.26009
PASS PATTERN NO.26010
PASS PATTERN NO.26011
PASS PATTERN NO.26012
PASS PATTERN NO.26013
PASS PATTERN NO.26014
PASS PATTERN NO.26015
PASS PATTERN NO.26016
PASS PATTERN NO.26017
PASS PATTERN NO.26018
PASS PATTERN NO.26019
PASS PATTERN NO.26020
PASS PATTERN NO.26021
PASS PATTERN NO.26022
PASS PATTERN NO.26023
PASS PATTERN NO.26024
PASS PATTERN NO.26025
PASS PATTERN NO.26026
PASS PATTERN NO.26027
PASS PATTERN NO.26028
PASS PATTERN NO.26029
PASS PATTERN NO.26030
PASS PATTERN NO.26031
PASS PATTERN NO.26032
PASS PATTERN NO.26033
PASS PATTERN NO.26034
PASS PATTERN NO.26035
PASS PATTERN NO.26036
PASS PATTERN NO.26037
PASS PATTERN NO.26038
PASS PATTERN NO.26039
PASS PATTERN NO.26040
PASS PATTERN NO.26041
PASS PATTERN NO.26042
PASS PATTERN NO.26043
PASS PATTERN NO.26044
PASS PATTERN NO.26045
PASS PATTERN NO.26046
PASS PATTERN NO.26047
PASS PATTERN NO.26048
PASS PATTERN NO.26049
PASS PATTERN NO.26050
PASS PATTERN NO.26051
PASS PATTERN NO.26052
PASS PATTERN NO.26053
PASS PATTERN NO.26054
PASS PATTERN NO.26055
PASS PATTERN NO.26056
PASS PATTERN NO.26057
PASS PATTERN NO.26058
PASS PATTERN NO.26059
PASS PATTERN NO.26060
PASS PATTERN NO.26061
PASS PATTERN NO.26062
PASS PATTERN NO.26063
PASS PATTERN NO.26064
PASS PATTERN NO.26065
PASS PATTERN NO.26066
PASS PATTERN NO.26067
PASS PATTERN NO.26068
PASS PATTERN NO.26069
PASS PATTERN NO.26070
PASS PATTERN NO.26071
PASS PATTERN NO.26072
PASS PATTERN NO.26073
PASS PATTERN NO.26074
PASS PATTERN NO.26075
PASS PATTERN NO.26076
PASS PATTERN NO.26077
PASS PATTERN NO.26078
PASS PATTERN NO.26079
PASS PATTERN NO.26080
PASS PATTERN NO.26081
PASS PATTERN NO.26082
PASS PATTERN NO.26083
PASS PATTERN NO.26084
PASS PATTERN NO.26085
PASS PATTERN NO.26086
PASS PATTERN NO.26087
PASS PATTERN NO.26088
PASS PATTERN NO.26089
PASS PATTERN NO.26090
PASS PATTERN NO.26091
PASS PATTERN NO.26092
PASS PATTERN NO.26093
PASS PATTERN NO.26094
PASS PATTERN NO.26095
PASS PATTERN NO.26096
PASS PATTERN NO.26097
PASS PATTERN NO.26098
PASS PATTERN NO.26099
PASS PATTERN NO.26100
PASS PATTERN NO.26101
PASS PATTERN NO.26102
PASS PATTERN NO.26103
PASS PATTERN NO.26104
PASS PATTERN NO.26105
PASS PATTERN NO.26106
PASS PATTERN NO.26107
PASS PATTERN NO.26108
PASS PATTERN NO.26109
PASS PATTERN NO.26110
PASS PATTERN NO.26111
PASS PATTERN NO.26112
PASS PATTERN NO.26113
PASS PATTERN NO.26114
PASS PATTERN NO.26115
PASS PATTERN NO.26116
PASS PATTERN NO.26117
PASS PATTERN NO.26118
PASS PATTERN NO.26119
PASS PATTERN NO.26120
PASS PATTERN NO.26121
PASS PATTERN NO.26122
PASS PATTERN NO.26123
PASS PATTERN NO.26124
PASS PATTERN NO.26125
PASS PATTERN NO.26126
PASS PATTERN NO.26127
PASS PATTERN NO.26128
PASS PATTERN NO.26129
PASS PATTERN NO.26130
PASS PATTERN NO.26131
PASS PATTERN NO.26132
PASS PATTERN NO.26133
PASS PATTERN NO.26134
PASS PATTERN NO.26135
PASS PATTERN NO.26136
PASS PATTERN NO.26137
PASS PATTERN NO.26138
PASS PATTERN NO.26139
PASS PATTERN NO.26140
PASS PATTERN NO.26141
PASS PATTERN NO.26142
PASS PATTERN NO.26143
PASS PATTERN NO.26144
PASS PATTERN NO.26145
PASS PATTERN NO.26146
PASS PATTERN NO.26147
PASS PATTERN NO.26148
PASS PATTERN NO.26149
PASS PATTERN NO.26150
PASS PATTERN NO.26151
PASS PATTERN NO.26152
PASS PATTERN NO.26153
PASS PATTERN NO.26154
PASS PATTERN NO.26155
PASS PATTERN NO.26156
PASS PATTERN NO.26157
PASS PATTERN NO.26158
PASS PATTERN NO.26159
PASS PATTERN NO.26160
PASS PATTERN NO.26161
PASS PATTERN NO.26162
PASS PATTERN NO.26163
PASS PATTERN NO.26164
PASS PATTERN NO.26165
PASS PATTERN NO.26166
PASS PATTERN NO.26167
PASS PATTERN NO.26168
PASS PATTERN NO.26169
PASS PATTERN NO.26170
PASS PATTERN NO.26171
PASS PATTERN NO.26172
PASS PATTERN NO.26173
PASS PATTERN NO.26174
PASS PATTERN NO.26175
PASS PATTERN NO.26176
PASS PATTERN NO.26177
PASS PATTERN NO.26178
PASS PATTERN NO.26179
PASS PATTERN NO.26180
PASS PATTERN NO.26181
PASS PATTERN NO.26182
PASS PATTERN NO.26183
PASS PATTERN NO.26184
PASS PATTERN NO.26185
PASS PATTERN NO.26186
PASS PATTERN NO.26187
PASS PATTERN NO.26188
PASS PATTERN NO.26189
PASS PATTERN NO.26190
PASS PATTERN NO.26191
PASS PATTERN NO.26192
PASS PATTERN NO.26193
PASS PATTERN NO.26194
PASS PATTERN NO.26195
PASS PATTERN NO.26196
PASS PATTERN NO.26197
PASS PATTERN NO.26198
PASS PATTERN NO.26199
PASS PATTERN NO.26200
PASS PATTERN NO.26201
PASS PATTERN NO.26202
PASS PATTERN NO.26203
PASS PATTERN NO.26204
PASS PATTERN NO.26205
PASS PATTERN NO.26206
PASS PATTERN NO.26207
PASS PATTERN NO.26208
PASS PATTERN NO.26209
PASS PATTERN NO.26210
PASS PATTERN NO.26211
PASS PATTERN NO.26212
PASS PATTERN NO.26213
PASS PATTERN NO.26214
PASS PATTERN NO.26215
PASS PATTERN NO.26216
PASS PATTERN NO.26217
PASS PATTERN NO.26218
PASS PATTERN NO.26219
PASS PATTERN NO.26220
PASS PATTERN NO.26221
PASS PATTERN NO.26222
PASS PATTERN NO.26223
PASS PATTERN NO.26224
PASS PATTERN NO.26225
PASS PATTERN NO.26226
PASS PATTERN NO.26227
PASS PATTERN NO.26228
PASS PATTERN NO.26229
PASS PATTERN NO.26230
PASS PATTERN NO.26231
PASS PATTERN NO.26232
PASS PATTERN NO.26233
PASS PATTERN NO.26234
PASS PATTERN NO.26235
PASS PATTERN NO.26236
PASS PATTERN NO.26237
PASS PATTERN NO.26238
PASS PATTERN NO.26239
PASS PATTERN NO.26240
PASS PATTERN NO.26241
PASS PATTERN NO.26242
PASS PATTERN NO.26243
PASS PATTERN NO.26244
PASS PATTERN NO.26245
PASS PATTERN NO.26246
PASS PATTERN NO.26247
PASS PATTERN NO.26248
PASS PATTERN NO.26249
PASS PATTERN NO.26250
PASS PATTERN NO.26251
PASS PATTERN NO.26252
PASS PATTERN NO.26253
PASS PATTERN NO.26254
PASS PATTERN NO.26255
PASS PATTERN NO.26256
PASS PATTERN NO.26257
PASS PATTERN NO.26258
PASS PATTERN NO.26259
PASS PATTERN NO.26260
PASS PATTERN NO.26261
PASS PATTERN NO.26262
PASS PATTERN NO.26263
PASS PATTERN NO.26264
PASS PATTERN NO.26265
PASS PATTERN NO.26266
PASS PATTERN NO.26267
PASS PATTERN NO.26268
PASS PATTERN NO.26269
PASS PATTERN NO.26270
PASS PATTERN NO.26271
PASS PATTERN NO.26272
PASS PATTERN NO.26273
PASS PATTERN NO.26274
PASS PATTERN NO.26275
PASS PATTERN NO.26276
PASS PATTERN NO.26277
PASS PATTERN NO.26278
PASS PATTERN NO.26279
PASS PATTERN NO.26280
PASS PATTERN NO.26281
PASS PATTERN NO.26282
PASS PATTERN NO.26283
PASS PATTERN NO.26284
PASS PATTERN NO.26285
PASS PATTERN NO.26286
PASS PATTERN NO.26287
PASS PATTERN NO.26288
PASS PATTERN NO.26289
PASS PATTERN NO.26290
PASS PATTERN NO.26291
PASS PATTERN NO.26292
PASS PATTERN NO.26293
PASS PATTERN NO.26294
PASS PATTERN NO.26295
PASS PATTERN NO.26296
PASS PATTERN NO.26297
PASS PATTERN NO.26298
PASS PATTERN NO.26299
PASS PATTERN NO.26300
PASS PATTERN NO.26301
PASS PATTERN NO.26302
PASS PATTERN NO.26303
PASS PATTERN NO.26304
PASS PATTERN NO.26305
PASS PATTERN NO.26306
PASS PATTERN NO.26307
PASS PATTERN NO.26308
PASS PATTERN NO.26309
PASS PATTERN NO.26310
PASS PATTERN NO.26311
PASS PATTERN NO.26312
PASS PATTERN NO.26313
PASS PATTERN NO.26314
PASS PATTERN NO.26315
PASS PATTERN NO.26316
PASS PATTERN NO.26317
PASS PATTERN NO.26318
PASS PATTERN NO.26319
PASS PATTERN NO.26320
PASS PATTERN NO.26321
PASS PATTERN NO.26322
PASS PATTERN NO.26323
PASS PATTERN NO.26324
PASS PATTERN NO.26325
PASS PATTERN NO.26326
PASS PATTERN NO.26327
PASS PATTERN NO.26328
PASS PATTERN NO.26329
PASS PATTERN NO.26330
PASS PATTERN NO.26331
PASS PATTERN NO.26332
PASS PATTERN NO.26333
PASS PATTERN NO.26334
PASS PATTERN NO.26335
PASS PATTERN NO.26336
PASS PATTERN NO.26337
PASS PATTERN NO.26338
PASS PATTERN NO.26339
PASS PATTERN NO.26340
PASS PATTERN NO.26341
PASS PATTERN NO.26342
PASS PATTERN NO.26343
PASS PATTERN NO.26344
PASS PATTERN NO.26345
PASS PATTERN NO.26346
PASS PATTERN NO.26347
PASS PATTERN NO.26348
PASS PATTERN NO.26349
PASS PATTERN NO.26350
PASS PATTERN NO.26351
PASS PATTERN NO.26352
PASS PATTERN NO.26353
PASS PATTERN NO.26354
PASS PATTERN NO.26355
PASS PATTERN NO.26356
PASS PATTERN NO.26357
PASS PATTERN NO.26358
PASS PATTERN NO.26359
PASS PATTERN NO.26360
PASS PATTERN NO.26361
PASS PATTERN NO.26362
PASS PATTERN NO.26363
PASS PATTERN NO.26364
PASS PATTERN NO.26365
PASS PATTERN NO.26366
PASS PATTERN NO.26367
PASS PATTERN NO.26368
PASS PATTERN NO.26369
PASS PATTERN NO.26370
PASS PATTERN NO.26371
PASS PATTERN NO.26372
PASS PATTERN NO.26373
PASS PATTERN NO.26374
PASS PATTERN NO.26375
PASS PATTERN NO.26376
PASS PATTERN NO.26377
PASS PATTERN NO.26378
PASS PATTERN NO.26379
PASS PATTERN NO.26380
PASS PATTERN NO.26381
PASS PATTERN NO.26382
PASS PATTERN NO.26383
PASS PATTERN NO.26384
PASS PATTERN NO.26385
PASS PATTERN NO.26386
PASS PATTERN NO.26387
PASS PATTERN NO.26388
PASS PATTERN NO.26389
PASS PATTERN NO.26390
PASS PATTERN NO.26391
PASS PATTERN NO.26392
PASS PATTERN NO.26393
PASS PATTERN NO.26394
PASS PATTERN NO.26395
PASS PATTERN NO.26396
PASS PATTERN NO.26397
PASS PATTERN NO.26398
PASS PATTERN NO.26399
PASS PATTERN NO.26400
PASS PATTERN NO.26401
PASS PATTERN NO.26402
PASS PATTERN NO.26403
PASS PATTERN NO.26404
PASS PATTERN NO.26405
PASS PATTERN NO.26406
PASS PATTERN NO.26407
PASS PATTERN NO.26408
PASS PATTERN NO.26409
PASS PATTERN NO.26410
PASS PATTERN NO.26411
PASS PATTERN NO.26412
PASS PATTERN NO.26413
PASS PATTERN NO.26414
PASS PATTERN NO.26415
PASS PATTERN NO.26416
PASS PATTERN NO.26417
PASS PATTERN NO.26418
PASS PATTERN NO.26419
PASS PATTERN NO.26420
PASS PATTERN NO.26421
PASS PATTERN NO.26422
PASS PATTERN NO.26423
PASS PATTERN NO.26424
PASS PATTERN NO.26425
PASS PATTERN NO.26426
PASS PATTERN NO.26427
PASS PATTERN NO.26428
PASS PATTERN NO.26429
PASS PATTERN NO.26430
PASS PATTERN NO.26431
PASS PATTERN NO.26432
PASS PATTERN NO.26433
PASS PATTERN NO.26434
PASS PATTERN NO.26435
PASS PATTERN NO.26436
PASS PATTERN NO.26437
PASS PATTERN NO.26438
PASS PATTERN NO.26439
PASS PATTERN NO.26440
PASS PATTERN NO.26441
PASS PATTERN NO.26442
PASS PATTERN NO.26443
PASS PATTERN NO.26444
PASS PATTERN NO.26445
PASS PATTERN NO.26446
PASS PATTERN NO.26447
PASS PATTERN NO.26448
PASS PATTERN NO.26449
PASS PATTERN NO.26450
PASS PATTERN NO.26451
PASS PATTERN NO.26452
PASS PATTERN NO.26453
PASS PATTERN NO.26454
PASS PATTERN NO.26455
PASS PATTERN NO.26456
PASS PATTERN NO.26457
PASS PATTERN NO.26458
PASS PATTERN NO.26459
PASS PATTERN NO.26460
PASS PATTERN NO.26461
PASS PATTERN NO.26462
PASS PATTERN NO.26463
PASS PATTERN NO.26464
PASS PATTERN NO.26465
PASS PATTERN NO.26466
PASS PATTERN NO.26467
PASS PATTERN NO.26468
PASS PATTERN NO.26469
PASS PATTERN NO.26470
PASS PATTERN NO.26471
PASS PATTERN NO.26472
PASS PATTERN NO.26473
PASS PATTERN NO.26474
PASS PATTERN NO.26475
PASS PATTERN NO.26476
PASS PATTERN NO.26477
PASS PATTERN NO.26478
PASS PATTERN NO.26479
PASS PATTERN NO.26480
PASS PATTERN NO.26481
PASS PATTERN NO.26482
PASS PATTERN NO.26483
PASS PATTERN NO.26484
PASS PATTERN NO.26485
PASS PATTERN NO.26486
PASS PATTERN NO.26487
PASS PATTERN NO.26488
PASS PATTERN NO.26489
PASS PATTERN NO.26490
PASS PATTERN NO.26491
PASS PATTERN NO.26492
PASS PATTERN NO.26493
PASS PATTERN NO.26494
PASS PATTERN NO.26495
PASS PATTERN NO.26496
PASS PATTERN NO.26497
PASS PATTERN NO.26498
PASS PATTERN NO.26499
PASS PATTERN NO.26500
PASS PATTERN NO.26501
PASS PATTERN NO.26502
PASS PATTERN NO.26503
PASS PATTERN NO.26504
PASS PATTERN NO.26505
PASS PATTERN NO.26506
PASS PATTERN NO.26507
PASS PATTERN NO.26508
PASS PATTERN NO.26509
PASS PATTERN NO.26510
PASS PATTERN NO.26511
PASS PATTERN NO.26512
PASS PATTERN NO.26513
PASS PATTERN NO.26514
PASS PATTERN NO.26515
PASS PATTERN NO.26516
PASS PATTERN NO.26517
PASS PATTERN NO.26518
PASS PATTERN NO.26519
PASS PATTERN NO.26520
PASS PATTERN NO.26521
PASS PATTERN NO.26522
PASS PATTERN NO.26523
PASS PATTERN NO.26524
PASS PATTERN NO.26525
PASS PATTERN NO.26526
PASS PATTERN NO.26527
PASS PATTERN NO.26528
PASS PATTERN NO.26529
PASS PATTERN NO.26530
PASS PATTERN NO.26531
PASS PATTERN NO.26532
PASS PATTERN NO.26533
PASS PATTERN NO.26534
PASS PATTERN NO.26535
PASS PATTERN NO.26536
PASS PATTERN NO.26537
PASS PATTERN NO.26538
PASS PATTERN NO.26539
PASS PATTERN NO.26540
PASS PATTERN NO.26541
PASS PATTERN NO.26542
PASS PATTERN NO.26543
PASS PATTERN NO.26544
PASS PATTERN NO.26545
PASS PATTERN NO.26546
PASS PATTERN NO.26547
PASS PATTERN NO.26548
PASS PATTERN NO.26549
PASS PATTERN NO.26550
PASS PATTERN NO.26551
PASS PATTERN NO.26552
PASS PATTERN NO.26553
PASS PATTERN NO.26554
PASS PATTERN NO.26555
PASS PATTERN NO.26556
PASS PATTERN NO.26557
PASS PATTERN NO.26558
PASS PATTERN NO.26559
PASS PATTERN NO.26560
PASS PATTERN NO.26561
PASS PATTERN NO.26562
PASS PATTERN NO.26563
PASS PATTERN NO.26564
PASS PATTERN NO.26565
PASS PATTERN NO.26566
PASS PATTERN NO.26567
PASS PATTERN NO.26568
PASS PATTERN NO.26569
PASS PATTERN NO.26570
PASS PATTERN NO.26571
PASS PATTERN NO.26572
PASS PATTERN NO.26573
PASS PATTERN NO.26574
PASS PATTERN NO.26575
PASS PATTERN NO.26576
PASS PATTERN NO.26577
PASS PATTERN NO.26578
PASS PATTERN NO.26579
PASS PATTERN NO.26580
PASS PATTERN NO.26581
PASS PATTERN NO.26582
PASS PATTERN NO.26583
PASS PATTERN NO.26584
PASS PATTERN NO.26585
PASS PATTERN NO.26586
PASS PATTERN NO.26587
PASS PATTERN NO.26588
PASS PATTERN NO.26589
PASS PATTERN NO.26590
PASS PATTERN NO.26591
PASS PATTERN NO.26592
PASS PATTERN NO.26593
PASS PATTERN NO.26594
PASS PATTERN NO.26595
PASS PATTERN NO.26596
PASS PATTERN NO.26597
PASS PATTERN NO.26598
PASS PATTERN NO.26599
PASS PATTERN NO.26600
PASS PATTERN NO.26601
PASS PATTERN NO.26602
PASS PATTERN NO.26603
PASS PATTERN NO.26604
PASS PATTERN NO.26605
PASS PATTERN NO.26606
PASS PATTERN NO.26607
PASS PATTERN NO.26608
PASS PATTERN NO.26609
PASS PATTERN NO.26610
PASS PATTERN NO.26611
PASS PATTERN NO.26612
PASS PATTERN NO.26613
PASS PATTERN NO.26614
PASS PATTERN NO.26615
PASS PATTERN NO.26616
PASS PATTERN NO.26617
PASS PATTERN NO.26618
PASS PATTERN NO.26619
PASS PATTERN NO.26620
PASS PATTERN NO.26621
PASS PATTERN NO.26622
PASS PATTERN NO.26623
PASS PATTERN NO.26624
PASS PATTERN NO.26625
PASS PATTERN NO.26626
PASS PATTERN NO.26627
PASS PATTERN NO.26628
PASS PATTERN NO.26629
PASS PATTERN NO.26630
PASS PATTERN NO.26631
PASS PATTERN NO.26632
PASS PATTERN NO.26633
PASS PATTERN NO.26634
PASS PATTERN NO.26635
PASS PATTERN NO.26636
PASS PATTERN NO.26637
PASS PATTERN NO.26638
PASS PATTERN NO.26639
PASS PATTERN NO.26640
PASS PATTERN NO.26641
PASS PATTERN NO.26642
PASS PATTERN NO.26643
PASS PATTERN NO.26644
PASS PATTERN NO.26645
PASS PATTERN NO.26646
PASS PATTERN NO.26647
PASS PATTERN NO.26648
PASS PATTERN NO.26649
PASS PATTERN NO.26650
PASS PATTERN NO.26651
PASS PATTERN NO.26652
PASS PATTERN NO.26653
PASS PATTERN NO.26654
PASS PATTERN NO.26655
PASS PATTERN NO.26656
PASS PATTERN NO.26657
PASS PATTERN NO.26658
PASS PATTERN NO.26659
PASS PATTERN NO.26660
PASS PATTERN NO.26661
PASS PATTERN NO.26662
PASS PATTERN NO.26663
PASS PATTERN NO.26664
PASS PATTERN NO.26665
PASS PATTERN NO.26666
PASS PATTERN NO.26667
PASS PATTERN NO.26668
PASS PATTERN NO.26669
PASS PATTERN NO.26670
PASS PATTERN NO.26671
PASS PATTERN NO.26672
PASS PATTERN NO.26673
PASS PATTERN NO.26674
PASS PATTERN NO.26675
PASS PATTERN NO.26676
PASS PATTERN NO.26677
PASS PATTERN NO.26678
PASS PATTERN NO.26679
PASS PATTERN NO.26680
PASS PATTERN NO.26681
PASS PATTERN NO.26682
PASS PATTERN NO.26683
PASS PATTERN NO.26684
PASS PATTERN NO.26685
PASS PATTERN NO.26686
PASS PATTERN NO.26687
PASS PATTERN NO.26688
PASS PATTERN NO.26689
PASS PATTERN NO.26690
PASS PATTERN NO.26691
PASS PATTERN NO.26692
PASS PATTERN NO.26693
PASS PATTERN NO.26694
PASS PATTERN NO.26695
PASS PATTERN NO.26696
PASS PATTERN NO.26697
PASS PATTERN NO.26698
PASS PATTERN NO.26699
PASS PATTERN NO.26700
PASS PATTERN NO.26701
PASS PATTERN NO.26702
PASS PATTERN NO.26703
PASS PATTERN NO.26704
PASS PATTERN NO.26705
PASS PATTERN NO.26706
PASS PATTERN NO.26707
PASS PATTERN NO.26708
PASS PATTERN NO.26709
PASS PATTERN NO.26710
PASS PATTERN NO.26711
PASS PATTERN NO.26712
PASS PATTERN NO.26713
PASS PATTERN NO.26714
PASS PATTERN NO.26715
PASS PATTERN NO.26716
PASS PATTERN NO.26717
PASS PATTERN NO.26718
PASS PATTERN NO.26719
PASS PATTERN NO.26720
PASS PATTERN NO.26721
PASS PATTERN NO.26722
PASS PATTERN NO.26723
PASS PATTERN NO.26724
PASS PATTERN NO.26725
PASS PATTERN NO.26726
PASS PATTERN NO.26727
PASS PATTERN NO.26728
PASS PATTERN NO.26729
PASS PATTERN NO.26730
PASS PATTERN NO.26731
PASS PATTERN NO.26732
PASS PATTERN NO.26733
PASS PATTERN NO.26734
PASS PATTERN NO.26735
PASS PATTERN NO.26736
PASS PATTERN NO.26737
PASS PATTERN NO.26738
PASS PATTERN NO.26739
PASS PATTERN NO.26740
PASS PATTERN NO.26741
PASS PATTERN NO.26742
PASS PATTERN NO.26743
PASS PATTERN NO.26744
PASS PATTERN NO.26745
PASS PATTERN NO.26746
PASS PATTERN NO.26747
PASS PATTERN NO.26748
PASS PATTERN NO.26749
PASS PATTERN NO.26750
PASS PATTERN NO.26751
PASS PATTERN NO.26752
PASS PATTERN NO.26753
PASS PATTERN NO.26754
PASS PATTERN NO.26755
PASS PATTERN NO.26756
PASS PATTERN NO.26757
PASS PATTERN NO.26758
PASS PATTERN NO.26759
PASS PATTERN NO.26760
PASS PATTERN NO.26761
PASS PATTERN NO.26762
PASS PATTERN NO.26763
PASS PATTERN NO.26764
PASS PATTERN NO.26765
PASS PATTERN NO.26766
PASS PATTERN NO.26767
PASS PATTERN NO.26768
PASS PATTERN NO.26769
PASS PATTERN NO.26770
PASS PATTERN NO.26771
PASS PATTERN NO.26772
PASS PATTERN NO.26773
PASS PATTERN NO.26774
PASS PATTERN NO.26775
PASS PATTERN NO.26776
PASS PATTERN NO.26777
PASS PATTERN NO.26778
PASS PATTERN NO.26779
PASS PATTERN NO.26780
PASS PATTERN NO.26781
PASS PATTERN NO.26782
PASS PATTERN NO.26783
PASS PATTERN NO.26784
PASS PATTERN NO.26785
PASS PATTERN NO.26786
PASS PATTERN NO.26787
PASS PATTERN NO.26788
PASS PATTERN NO.26789
PASS PATTERN NO.26790
PASS PATTERN NO.26791
PASS PATTERN NO.26792
PASS PATTERN NO.26793
PASS PATTERN NO.26794
PASS PATTERN NO.26795
PASS PATTERN NO.26796
PASS PATTERN NO.26797
PASS PATTERN NO.26798
PASS PATTERN NO.26799
PASS PATTERN NO.26800
PASS PATTERN NO.26801
PASS PATTERN NO.26802
PASS PATTERN NO.26803
PASS PATTERN NO.26804
PASS PATTERN NO.26805
PASS PATTERN NO.26806
PASS PATTERN NO.26807
PASS PATTERN NO.26808
PASS PATTERN NO.26809
PASS PATTERN NO.26810
PASS PATTERN NO.26811
PASS PATTERN NO.26812
PASS PATTERN NO.26813
PASS PATTERN NO.26814
PASS PATTERN NO.26815
PASS PATTERN NO.26816
PASS PATTERN NO.26817
PASS PATTERN NO.26818
PASS PATTERN NO.26819
PASS PATTERN NO.26820
PASS PATTERN NO.26821
PASS PATTERN NO.26822
PASS PATTERN NO.26823
PASS PATTERN NO.26824
PASS PATTERN NO.26825
PASS PATTERN NO.26826
PASS PATTERN NO.26827
PASS PATTERN NO.26828
PASS PATTERN NO.26829
PASS PATTERN NO.26830
PASS PATTERN NO.26831
PASS PATTERN NO.26832
PASS PATTERN NO.26833
PASS PATTERN NO.26834
PASS PATTERN NO.26835
PASS PATTERN NO.26836
PASS PATTERN NO.26837
PASS PATTERN NO.26838
PASS PATTERN NO.26839
PASS PATTERN NO.26840
PASS PATTERN NO.26841
PASS PATTERN NO.26842
PASS PATTERN NO.26843
PASS PATTERN NO.26844
PASS PATTERN NO.26845
PASS PATTERN NO.26846
PASS PATTERN NO.26847
PASS PATTERN NO.26848
PASS PATTERN NO.26849
PASS PATTERN NO.26850
PASS PATTERN NO.26851
PASS PATTERN NO.26852
PASS PATTERN NO.26853
PASS PATTERN NO.26854
PASS PATTERN NO.26855
PASS PATTERN NO.26856
PASS PATTERN NO.26857
PASS PATTERN NO.26858
PASS PATTERN NO.26859
PASS PATTERN NO.26860
PASS PATTERN NO.26861
PASS PATTERN NO.26862
PASS PATTERN NO.26863
PASS PATTERN NO.26864
PASS PATTERN NO.26865
PASS PATTERN NO.26866
PASS PATTERN NO.26867
PASS PATTERN NO.26868
PASS PATTERN NO.26869
PASS PATTERN NO.26870
PASS PATTERN NO.26871
PASS PATTERN NO.26872
PASS PATTERN NO.26873
PASS PATTERN NO.26874
PASS PATTERN NO.26875
PASS PATTERN NO.26876
PASS PATTERN NO.26877
PASS PATTERN NO.26878
PASS PATTERN NO.26879
PASS PATTERN NO.26880
PASS PATTERN NO.26881
PASS PATTERN NO.26882
PASS PATTERN NO.26883
PASS PATTERN NO.26884
PASS PATTERN NO.26885
PASS PATTERN NO.26886
PASS PATTERN NO.26887
PASS PATTERN NO.26888
PASS PATTERN NO.26889
PASS PATTERN NO.26890
PASS PATTERN NO.26891
PASS PATTERN NO.26892
PASS PATTERN NO.26893
PASS PATTERN NO.26894
PASS PATTERN NO.26895
PASS PATTERN NO.26896
PASS PATTERN NO.26897
PASS PATTERN NO.26898
PASS PATTERN NO.26899
PASS PATTERN NO.26900
PASS PATTERN NO.26901
PASS PATTERN NO.26902
PASS PATTERN NO.26903
PASS PATTERN NO.26904
PASS PATTERN NO.26905
PASS PATTERN NO.26906
PASS PATTERN NO.26907
PASS PATTERN NO.26908
PASS PATTERN NO.26909
PASS PATTERN NO.26910
PASS PATTERN NO.26911
PASS PATTERN NO.26912
PASS PATTERN NO.26913
PASS PATTERN NO.26914
PASS PATTERN NO.26915
PASS PATTERN NO.26916
PASS PATTERN NO.26917
PASS PATTERN NO.26918
PASS PATTERN NO.26919
PASS PATTERN NO.26920
PASS PATTERN NO.26921
PASS PATTERN NO.26922
PASS PATTERN NO.26923
PASS PATTERN NO.26924
PASS PATTERN NO.26925
PASS PATTERN NO.26926
PASS PATTERN NO.26927
PASS PATTERN NO.26928
PASS PATTERN NO.26929
PASS PATTERN NO.26930
PASS PATTERN NO.26931
PASS PATTERN NO.26932
PASS PATTERN NO.26933
PASS PATTERN NO.26934
PASS PATTERN NO.26935
PASS PATTERN NO.26936
PASS PATTERN NO.26937
PASS PATTERN NO.26938
PASS PATTERN NO.26939
PASS PATTERN NO.26940
PASS PATTERN NO.26941
PASS PATTERN NO.26942
PASS PATTERN NO.26943
PASS PATTERN NO.26944
PASS PATTERN NO.26945
PASS PATTERN NO.26946
PASS PATTERN NO.26947
PASS PATTERN NO.26948
PASS PATTERN NO.26949
PASS PATTERN NO.26950
PASS PATTERN NO.26951
PASS PATTERN NO.26952
PASS PATTERN NO.26953
PASS PATTERN NO.26954
PASS PATTERN NO.26955
PASS PATTERN NO.26956
PASS PATTERN NO.26957
PASS PATTERN NO.26958
PASS PATTERN NO.26959
PASS PATTERN NO.26960
PASS PATTERN NO.26961
PASS PATTERN NO.26962
PASS PATTERN NO.26963
PASS PATTERN NO.26964
PASS PATTERN NO.26965
PASS PATTERN NO.26966
PASS PATTERN NO.26967
PASS PATTERN NO.26968
PASS PATTERN NO.26969
PASS PATTERN NO.26970
PASS PATTERN NO.26971
PASS PATTERN NO.26972
PASS PATTERN NO.26973
PASS PATTERN NO.26974
PASS PATTERN NO.26975
PASS PATTERN NO.26976
PASS PATTERN NO.26977
PASS PATTERN NO.26978
PASS PATTERN NO.26979
PASS PATTERN NO.26980
PASS PATTERN NO.26981
PASS PATTERN NO.26982
PASS PATTERN NO.26983
PASS PATTERN NO.26984
PASS PATTERN NO.26985
PASS PATTERN NO.26986
PASS PATTERN NO.26987
PASS PATTERN NO.26988
PASS PATTERN NO.26989
PASS PATTERN NO.26990
PASS PATTERN NO.26991
PASS PATTERN NO.26992
PASS PATTERN NO.26993
PASS PATTERN NO.26994
PASS PATTERN NO.26995
PASS PATTERN NO.26996
PASS PATTERN NO.26997
PASS PATTERN NO.26998
PASS PATTERN NO.26999
PASS PATTERN NO.27000
PASS PATTERN NO.27001
PASS PATTERN NO.27002
PASS PATTERN NO.27003
PASS PATTERN NO.27004
PASS PATTERN NO.27005
PASS PATTERN NO.27006
PASS PATTERN NO.27007
PASS PATTERN NO.27008
PASS PATTERN NO.27009
PASS PATTERN NO.27010
PASS PATTERN NO.27011
PASS PATTERN NO.27012
PASS PATTERN NO.27013
PASS PATTERN NO.27014
PASS PATTERN NO.27015
PASS PATTERN NO.27016
PASS PATTERN NO.27017
PASS PATTERN NO.27018
PASS PATTERN NO.27019
PASS PATTERN NO.27020
PASS PATTERN NO.27021
PASS PATTERN NO.27022
PASS PATTERN NO.27023
PASS PATTERN NO.27024
PASS PATTERN NO.27025
PASS PATTERN NO.27026
PASS PATTERN NO.27027
PASS PATTERN NO.27028
PASS PATTERN NO.27029
PASS PATTERN NO.27030
PASS PATTERN NO.27031
PASS PATTERN NO.27032
PASS PATTERN NO.27033
PASS PATTERN NO.27034
PASS PATTERN NO.27035
PASS PATTERN NO.27036
PASS PATTERN NO.27037
PASS PATTERN NO.27038
PASS PATTERN NO.27039
PASS PATTERN NO.27040
PASS PATTERN NO.27041
PASS PATTERN NO.27042
PASS PATTERN NO.27043
PASS PATTERN NO.27044
PASS PATTERN NO.27045
PASS PATTERN NO.27046
PASS PATTERN NO.27047
PASS PATTERN NO.27048
PASS PATTERN NO.27049
PASS PATTERN NO.27050
PASS PATTERN NO.27051
PASS PATTERN NO.27052
PASS PATTERN NO.27053
PASS PATTERN NO.27054
PASS PATTERN NO.27055
PASS PATTERN NO.27056
PASS PATTERN NO.27057
PASS PATTERN NO.27058
PASS PATTERN NO.27059
PASS PATTERN NO.27060
PASS PATTERN NO.27061
PASS PATTERN NO.27062
PASS PATTERN NO.27063
PASS PATTERN NO.27064
PASS PATTERN NO.27065
PASS PATTERN NO.27066
PASS PATTERN NO.27067
PASS PATTERN NO.27068
PASS PATTERN NO.27069
PASS PATTERN NO.27070
PASS PATTERN NO.27071
PASS PATTERN NO.27072
PASS PATTERN NO.27073
PASS PATTERN NO.27074
PASS PATTERN NO.27075
PASS PATTERN NO.27076
PASS PATTERN NO.27077
PASS PATTERN NO.27078
PASS PATTERN NO.27079
PASS PATTERN NO.27080
PASS PATTERN NO.27081
PASS PATTERN NO.27082
PASS PATTERN NO.27083
PASS PATTERN NO.27084
PASS PATTERN NO.27085
PASS PATTERN NO.27086
PASS PATTERN NO.27087
PASS PATTERN NO.27088
PASS PATTERN NO.27089
PASS PATTERN NO.27090
PASS PATTERN NO.27091
PASS PATTERN NO.27092
PASS PATTERN NO.27093
PASS PATTERN NO.27094
PASS PATTERN NO.27095
PASS PATTERN NO.27096
PASS PATTERN NO.27097
PASS PATTERN NO.27098
PASS PATTERN NO.27099
PASS PATTERN NO.27100
PASS PATTERN NO.27101
PASS PATTERN NO.27102
PASS PATTERN NO.27103
PASS PATTERN NO.27104
PASS PATTERN NO.27105
PASS PATTERN NO.27106
PASS PATTERN NO.27107
PASS PATTERN NO.27108
PASS PATTERN NO.27109
PASS PATTERN NO.27110
PASS PATTERN NO.27111
PASS PATTERN NO.27112
PASS PATTERN NO.27113
PASS PATTERN NO.27114
PASS PATTERN NO.27115
PASS PATTERN NO.27116
PASS PATTERN NO.27117
PASS PATTERN NO.27118
PASS PATTERN NO.27119
PASS PATTERN NO.27120
PASS PATTERN NO.27121
PASS PATTERN NO.27122
PASS PATTERN NO.27123
PASS PATTERN NO.27124
PASS PATTERN NO.27125
PASS PATTERN NO.27126
PASS PATTERN NO.27127
PASS PATTERN NO.27128
PASS PATTERN NO.27129
PASS PATTERN NO.27130
PASS PATTERN NO.27131
PASS PATTERN NO.27132
PASS PATTERN NO.27133
PASS PATTERN NO.27134
PASS PATTERN NO.27135
PASS PATTERN NO.27136
PASS PATTERN NO.27137
PASS PATTERN NO.27138
PASS PATTERN NO.27139
PASS PATTERN NO.27140
PASS PATTERN NO.27141
PASS PATTERN NO.27142
PASS PATTERN NO.27143
PASS PATTERN NO.27144
PASS PATTERN NO.27145
PASS PATTERN NO.27146
PASS PATTERN NO.27147
PASS PATTERN NO.27148
PASS PATTERN NO.27149
PASS PATTERN NO.27150
PASS PATTERN NO.27151
PASS PATTERN NO.27152
PASS PATTERN NO.27153
PASS PATTERN NO.27154
PASS PATTERN NO.27155
PASS PATTERN NO.27156
PASS PATTERN NO.27157
PASS PATTERN NO.27158
PASS PATTERN NO.27159
PASS PATTERN NO.27160
PASS PATTERN NO.27161
PASS PATTERN NO.27162
PASS PATTERN NO.27163
PASS PATTERN NO.27164
PASS PATTERN NO.27165
PASS PATTERN NO.27166
PASS PATTERN NO.27167
PASS PATTERN NO.27168
PASS PATTERN NO.27169
PASS PATTERN NO.27170
PASS PATTERN NO.27171
PASS PATTERN NO.27172
PASS PATTERN NO.27173
PASS PATTERN NO.27174
PASS PATTERN NO.27175
PASS PATTERN NO.27176
PASS PATTERN NO.27177
PASS PATTERN NO.27178
PASS PATTERN NO.27179
PASS PATTERN NO.27180
PASS PATTERN NO.27181
PASS PATTERN NO.27182
PASS PATTERN NO.27183
PASS PATTERN NO.27184
PASS PATTERN NO.27185
PASS PATTERN NO.27186
PASS PATTERN NO.27187
PASS PATTERN NO.27188
PASS PATTERN NO.27189
PASS PATTERN NO.27190
PASS PATTERN NO.27191
PASS PATTERN NO.27192
PASS PATTERN NO.27193
PASS PATTERN NO.27194
PASS PATTERN NO.27195
PASS PATTERN NO.27196
PASS PATTERN NO.27197
PASS PATTERN NO.27198
PASS PATTERN NO.27199
PASS PATTERN NO.27200
PASS PATTERN NO.27201
PASS PATTERN NO.27202
PASS PATTERN NO.27203
PASS PATTERN NO.27204
PASS PATTERN NO.27205
PASS PATTERN NO.27206
PASS PATTERN NO.27207
PASS PATTERN NO.27208
PASS PATTERN NO.27209
PASS PATTERN NO.27210
PASS PATTERN NO.27211
PASS PATTERN NO.27212
PASS PATTERN NO.27213
PASS PATTERN NO.27214
PASS PATTERN NO.27215
PASS PATTERN NO.27216
PASS PATTERN NO.27217
PASS PATTERN NO.27218
PASS PATTERN NO.27219
PASS PATTERN NO.27220
PASS PATTERN NO.27221
PASS PATTERN NO.27222
PASS PATTERN NO.27223
PASS PATTERN NO.27224
PASS PATTERN NO.27225
PASS PATTERN NO.27226
PASS PATTERN NO.27227
PASS PATTERN NO.27228
PASS PATTERN NO.27229
PASS PATTERN NO.27230
PASS PATTERN NO.27231
PASS PATTERN NO.27232
PASS PATTERN NO.27233
PASS PATTERN NO.27234
PASS PATTERN NO.27235
PASS PATTERN NO.27236
PASS PATTERN NO.27237
PASS PATTERN NO.27238
PASS PATTERN NO.27239
PASS PATTERN NO.27240
PASS PATTERN NO.27241
PASS PATTERN NO.27242
PASS PATTERN NO.27243
PASS PATTERN NO.27244
PASS PATTERN NO.27245
PASS PATTERN NO.27246
PASS PATTERN NO.27247
PASS PATTERN NO.27248
PASS PATTERN NO.27249
PASS PATTERN NO.27250
PASS PATTERN NO.27251
PASS PATTERN NO.27252
PASS PATTERN NO.27253
PASS PATTERN NO.27254
PASS PATTERN NO.27255
PASS PATTERN NO.27256
PASS PATTERN NO.27257
PASS PATTERN NO.27258
PASS PATTERN NO.27259
PASS PATTERN NO.27260
PASS PATTERN NO.27261
PASS PATTERN NO.27262
PASS PATTERN NO.27263
PASS PATTERN NO.27264
PASS PATTERN NO.27265
PASS PATTERN NO.27266
PASS PATTERN NO.27267
PASS PATTERN NO.27268
PASS PATTERN NO.27269
PASS PATTERN NO.27270
PASS PATTERN NO.27271
PASS PATTERN NO.27272
PASS PATTERN NO.27273
PASS PATTERN NO.27274
PASS PATTERN NO.27275
PASS PATTERN NO.27276
PASS PATTERN NO.27277
PASS PATTERN NO.27278
PASS PATTERN NO.27279
PASS PATTERN NO.27280
PASS PATTERN NO.27281
PASS PATTERN NO.27282
PASS PATTERN NO.27283
PASS PATTERN NO.27284
PASS PATTERN NO.27285
PASS PATTERN NO.27286
PASS PATTERN NO.27287
PASS PATTERN NO.27288
PASS PATTERN NO.27289
PASS PATTERN NO.27290
PASS PATTERN NO.27291
PASS PATTERN NO.27292
PASS PATTERN NO.27293
PASS PATTERN NO.27294
PASS PATTERN NO.27295
PASS PATTERN NO.27296
PASS PATTERN NO.27297
PASS PATTERN NO.27298
PASS PATTERN NO.27299
PASS PATTERN NO.27300
PASS PATTERN NO.27301
PASS PATTERN NO.27302
PASS PATTERN NO.27303
PASS PATTERN NO.27304
PASS PATTERN NO.27305
PASS PATTERN NO.27306
PASS PATTERN NO.27307
PASS PATTERN NO.27308
PASS PATTERN NO.27309
PASS PATTERN NO.27310
PASS PATTERN NO.27311
PASS PATTERN NO.27312
PASS PATTERN NO.27313
PASS PATTERN NO.27314
PASS PATTERN NO.27315
PASS PATTERN NO.27316
PASS PATTERN NO.27317
PASS PATTERN NO.27318
PASS PATTERN NO.27319
PASS PATTERN NO.27320
PASS PATTERN NO.27321
PASS PATTERN NO.27322
PASS PATTERN NO.27323
PASS PATTERN NO.27324
PASS PATTERN NO.27325
PASS PATTERN NO.27326
PASS PATTERN NO.27327
PASS PATTERN NO.27328
PASS PATTERN NO.27329
PASS PATTERN NO.27330
PASS PATTERN NO.27331
PASS PATTERN NO.27332
PASS PATTERN NO.27333
PASS PATTERN NO.27334
PASS PATTERN NO.27335
PASS PATTERN NO.27336
PASS PATTERN NO.27337
PASS PATTERN NO.27338
PASS PATTERN NO.27339
PASS PATTERN NO.27340
PASS PATTERN NO.27341
PASS PATTERN NO.27342
PASS PATTERN NO.27343
PASS PATTERN NO.27344
PASS PATTERN NO.27345
PASS PATTERN NO.27346
PASS PATTERN NO.27347
PASS PATTERN NO.27348
PASS PATTERN NO.27349
PASS PATTERN NO.27350
PASS PATTERN NO.27351
PASS PATTERN NO.27352
PASS PATTERN NO.27353
PASS PATTERN NO.27354
PASS PATTERN NO.27355
PASS PATTERN NO.27356
PASS PATTERN NO.27357
PASS PATTERN NO.27358
PASS PATTERN NO.27359
PASS PATTERN NO.27360
PASS PATTERN NO.27361
PASS PATTERN NO.27362
PASS PATTERN NO.27363
PASS PATTERN NO.27364
PASS PATTERN NO.27365
PASS PATTERN NO.27366
PASS PATTERN NO.27367
PASS PATTERN NO.27368
PASS PATTERN NO.27369
PASS PATTERN NO.27370
PASS PATTERN NO.27371
PASS PATTERN NO.27372
PASS PATTERN NO.27373
PASS PATTERN NO.27374
PASS PATTERN NO.27375
PASS PATTERN NO.27376
PASS PATTERN NO.27377
PASS PATTERN NO.27378
PASS PATTERN NO.27379
PASS PATTERN NO.27380
PASS PATTERN NO.27381
PASS PATTERN NO.27382
PASS PATTERN NO.27383
PASS PATTERN NO.27384
PASS PATTERN NO.27385
PASS PATTERN NO.27386
PASS PATTERN NO.27387
PASS PATTERN NO.27388
PASS PATTERN NO.27389
PASS PATTERN NO.27390
PASS PATTERN NO.27391
PASS PATTERN NO.27392
PASS PATTERN NO.27393
PASS PATTERN NO.27394
PASS PATTERN NO.27395
PASS PATTERN NO.27396
PASS PATTERN NO.27397
PASS PATTERN NO.27398
PASS PATTERN NO.27399
PASS PATTERN NO.27400
PASS PATTERN NO.27401
PASS PATTERN NO.27402
PASS PATTERN NO.27403
PASS PATTERN NO.27404
PASS PATTERN NO.27405
PASS PATTERN NO.27406
PASS PATTERN NO.27407
PASS PATTERN NO.27408
PASS PATTERN NO.27409
PASS PATTERN NO.27410
PASS PATTERN NO.27411
PASS PATTERN NO.27412
PASS PATTERN NO.27413
PASS PATTERN NO.27414
PASS PATTERN NO.27415
PASS PATTERN NO.27416
PASS PATTERN NO.27417
PASS PATTERN NO.27418
PASS PATTERN NO.27419
PASS PATTERN NO.27420
PASS PATTERN NO.27421
PASS PATTERN NO.27422
PASS PATTERN NO.27423
PASS PATTERN NO.27424
PASS PATTERN NO.27425
PASS PATTERN NO.27426
PASS PATTERN NO.27427
PASS PATTERN NO.27428
PASS PATTERN NO.27429
PASS PATTERN NO.27430
PASS PATTERN NO.27431
PASS PATTERN NO.27432
PASS PATTERN NO.27433
PASS PATTERN NO.27434
PASS PATTERN NO.27435
PASS PATTERN NO.27436
PASS PATTERN NO.27437
PASS PATTERN NO.27438
PASS PATTERN NO.27439
PASS PATTERN NO.27440
PASS PATTERN NO.27441
PASS PATTERN NO.27442
PASS PATTERN NO.27443
PASS PATTERN NO.27444
PASS PATTERN NO.27445
PASS PATTERN NO.27446
PASS PATTERN NO.27447
PASS PATTERN NO.27448
PASS PATTERN NO.27449
PASS PATTERN NO.27450
PASS PATTERN NO.27451
PASS PATTERN NO.27452
PASS PATTERN NO.27453
PASS PATTERN NO.27454
PASS PATTERN NO.27455
PASS PATTERN NO.27456
PASS PATTERN NO.27457
PASS PATTERN NO.27458
PASS PATTERN NO.27459
PASS PATTERN NO.27460
PASS PATTERN NO.27461
PASS PATTERN NO.27462
PASS PATTERN NO.27463
PASS PATTERN NO.27464
PASS PATTERN NO.27465
PASS PATTERN NO.27466
PASS PATTERN NO.27467
PASS PATTERN NO.27468
PASS PATTERN NO.27469
PASS PATTERN NO.27470
PASS PATTERN NO.27471
PASS PATTERN NO.27472
PASS PATTERN NO.27473
PASS PATTERN NO.27474
PASS PATTERN NO.27475
PASS PATTERN NO.27476
PASS PATTERN NO.27477
PASS PATTERN NO.27478
PASS PATTERN NO.27479
PASS PATTERN NO.27480
PASS PATTERN NO.27481
PASS PATTERN NO.27482
PASS PATTERN NO.27483
PASS PATTERN NO.27484
PASS PATTERN NO.27485
PASS PATTERN NO.27486
PASS PATTERN NO.27487
PASS PATTERN NO.27488
PASS PATTERN NO.27489
PASS PATTERN NO.27490
PASS PATTERN NO.27491
PASS PATTERN NO.27492
PASS PATTERN NO.27493
PASS PATTERN NO.27494
PASS PATTERN NO.27495
PASS PATTERN NO.27496
PASS PATTERN NO.27497
PASS PATTERN NO.27498
PASS PATTERN NO.27499
PASS PATTERN NO.27500
PASS PATTERN NO.27501
PASS PATTERN NO.27502
PASS PATTERN NO.27503
PASS PATTERN NO.27504
PASS PATTERN NO.27505
PASS PATTERN NO.27506
PASS PATTERN NO.27507
PASS PATTERN NO.27508
PASS PATTERN NO.27509
PASS PATTERN NO.27510
PASS PATTERN NO.27511
PASS PATTERN NO.27512
PASS PATTERN NO.27513
PASS PATTERN NO.27514
PASS PATTERN NO.27515
PASS PATTERN NO.27516
PASS PATTERN NO.27517
PASS PATTERN NO.27518
PASS PATTERN NO.27519
PASS PATTERN NO.27520
PASS PATTERN NO.27521
PASS PATTERN NO.27522
PASS PATTERN NO.27523
PASS PATTERN NO.27524
PASS PATTERN NO.27525
PASS PATTERN NO.27526
PASS PATTERN NO.27527
PASS PATTERN NO.27528
PASS PATTERN NO.27529
PASS PATTERN NO.27530
PASS PATTERN NO.27531
PASS PATTERN NO.27532
PASS PATTERN NO.27533
PASS PATTERN NO.27534
PASS PATTERN NO.27535
PASS PATTERN NO.27536
PASS PATTERN NO.27537
PASS PATTERN NO.27538
PASS PATTERN NO.27539
PASS PATTERN NO.27540
PASS PATTERN NO.27541
PASS PATTERN NO.27542
PASS PATTERN NO.27543
PASS PATTERN NO.27544
PASS PATTERN NO.27545
PASS PATTERN NO.27546
PASS PATTERN NO.27547
PASS PATTERN NO.27548
PASS PATTERN NO.27549
PASS PATTERN NO.27550
PASS PATTERN NO.27551
PASS PATTERN NO.27552
PASS PATTERN NO.27553
PASS PATTERN NO.27554
PASS PATTERN NO.27555
PASS PATTERN NO.27556
PASS PATTERN NO.27557
PASS PATTERN NO.27558
PASS PATTERN NO.27559
PASS PATTERN NO.27560
PASS PATTERN NO.27561
PASS PATTERN NO.27562
PASS PATTERN NO.27563
PASS PATTERN NO.27564
PASS PATTERN NO.27565
PASS PATTERN NO.27566
PASS PATTERN NO.27567
PASS PATTERN NO.27568
PASS PATTERN NO.27569
PASS PATTERN NO.27570
PASS PATTERN NO.27571
PASS PATTERN NO.27572
PASS PATTERN NO.27573
PASS PATTERN NO.27574
PASS PATTERN NO.27575
PASS PATTERN NO.27576
PASS PATTERN NO.27577
PASS PATTERN NO.27578
PASS PATTERN NO.27579
PASS PATTERN NO.27580
PASS PATTERN NO.27581
PASS PATTERN NO.27582
PASS PATTERN NO.27583
PASS PATTERN NO.27584
PASS PATTERN NO.27585
PASS PATTERN NO.27586
PASS PATTERN NO.27587
PASS PATTERN NO.27588
PASS PATTERN NO.27589
PASS PATTERN NO.27590
PASS PATTERN NO.27591
PASS PATTERN NO.27592
PASS PATTERN NO.27593
PASS PATTERN NO.27594
PASS PATTERN NO.27595
PASS PATTERN NO.27596
PASS PATTERN NO.27597
PASS PATTERN NO.27598
PASS PATTERN NO.27599
PASS PATTERN NO.27600
PASS PATTERN NO.27601
PASS PATTERN NO.27602
PASS PATTERN NO.27603
PASS PATTERN NO.27604
PASS PATTERN NO.27605
PASS PATTERN NO.27606
PASS PATTERN NO.27607
PASS PATTERN NO.27608
PASS PATTERN NO.27609
PASS PATTERN NO.27610
PASS PATTERN NO.27611
PASS PATTERN NO.27612
PASS PATTERN NO.27613
PASS PATTERN NO.27614
PASS PATTERN NO.27615
PASS PATTERN NO.27616
PASS PATTERN NO.27617
PASS PATTERN NO.27618
PASS PATTERN NO.27619
PASS PATTERN NO.27620
PASS PATTERN NO.27621
PASS PATTERN NO.27622
PASS PATTERN NO.27623
PASS PATTERN NO.27624
PASS PATTERN NO.27625
PASS PATTERN NO.27626
PASS PATTERN NO.27627
PASS PATTERN NO.27628
PASS PATTERN NO.27629
PASS PATTERN NO.27630
PASS PATTERN NO.27631
PASS PATTERN NO.27632
PASS PATTERN NO.27633
PASS PATTERN NO.27634
PASS PATTERN NO.27635
PASS PATTERN NO.27636
PASS PATTERN NO.27637
PASS PATTERN NO.27638
PASS PATTERN NO.27639
PASS PATTERN NO.27640
PASS PATTERN NO.27641
PASS PATTERN NO.27642
PASS PATTERN NO.27643
PASS PATTERN NO.27644
PASS PATTERN NO.27645
PASS PATTERN NO.27646
PASS PATTERN NO.27647
PASS PATTERN NO.27648
PASS PATTERN NO.27649
PASS PATTERN NO.27650
PASS PATTERN NO.27651
PASS PATTERN NO.27652
PASS PATTERN NO.27653
PASS PATTERN NO.27654
PASS PATTERN NO.27655
PASS PATTERN NO.27656
PASS PATTERN NO.27657
PASS PATTERN NO.27658
PASS PATTERN NO.27659
PASS PATTERN NO.27660
PASS PATTERN NO.27661
PASS PATTERN NO.27662
PASS PATTERN NO.27663
PASS PATTERN NO.27664
PASS PATTERN NO.27665
PASS PATTERN NO.27666
PASS PATTERN NO.27667
PASS PATTERN NO.27668
PASS PATTERN NO.27669
PASS PATTERN NO.27670
PASS PATTERN NO.27671
PASS PATTERN NO.27672
PASS PATTERN NO.27673
PASS PATTERN NO.27674
PASS PATTERN NO.27675
PASS PATTERN NO.27676
PASS PATTERN NO.27677
PASS PATTERN NO.27678
PASS PATTERN NO.27679
PASS PATTERN NO.27680
PASS PATTERN NO.27681
PASS PATTERN NO.27682
PASS PATTERN NO.27683
PASS PATTERN NO.27684
PASS PATTERN NO.27685
PASS PATTERN NO.27686
PASS PATTERN NO.27687
PASS PATTERN NO.27688
PASS PATTERN NO.27689
PASS PATTERN NO.27690
PASS PATTERN NO.27691
PASS PATTERN NO.27692
PASS PATTERN NO.27693
PASS PATTERN NO.27694
PASS PATTERN NO.27695
PASS PATTERN NO.27696
PASS PATTERN NO.27697
PASS PATTERN NO.27698
PASS PATTERN NO.27699
PASS PATTERN NO.27700
PASS PATTERN NO.27701
PASS PATTERN NO.27702
PASS PATTERN NO.27703
PASS PATTERN NO.27704
PASS PATTERN NO.27705
PASS PATTERN NO.27706
PASS PATTERN NO.27707
PASS PATTERN NO.27708
PASS PATTERN NO.27709
PASS PATTERN NO.27710
PASS PATTERN NO.27711
PASS PATTERN NO.27712
PASS PATTERN NO.27713
PASS PATTERN NO.27714
PASS PATTERN NO.27715
PASS PATTERN NO.27716
PASS PATTERN NO.27717
PASS PATTERN NO.27718
PASS PATTERN NO.27719
PASS PATTERN NO.27720
PASS PATTERN NO.27721
PASS PATTERN NO.27722
PASS PATTERN NO.27723
PASS PATTERN NO.27724
PASS PATTERN NO.27725
PASS PATTERN NO.27726
PASS PATTERN NO.27727
PASS PATTERN NO.27728
PASS PATTERN NO.27729
PASS PATTERN NO.27730
PASS PATTERN NO.27731
PASS PATTERN NO.27732
PASS PATTERN NO.27733
PASS PATTERN NO.27734
PASS PATTERN NO.27735
PASS PATTERN NO.27736
PASS PATTERN NO.27737
PASS PATTERN NO.27738
PASS PATTERN NO.27739
PASS PATTERN NO.27740
PASS PATTERN NO.27741
PASS PATTERN NO.27742
PASS PATTERN NO.27743
PASS PATTERN NO.27744
PASS PATTERN NO.27745
PASS PATTERN NO.27746
PASS PATTERN NO.27747
PASS PATTERN NO.27748
PASS PATTERN NO.27749
PASS PATTERN NO.27750
PASS PATTERN NO.27751
PASS PATTERN NO.27752
PASS PATTERN NO.27753
PASS PATTERN NO.27754
PASS PATTERN NO.27755
PASS PATTERN NO.27756
PASS PATTERN NO.27757
PASS PATTERN NO.27758
PASS PATTERN NO.27759
PASS PATTERN NO.27760
PASS PATTERN NO.27761
PASS PATTERN NO.27762
PASS PATTERN NO.27763
PASS PATTERN NO.27764
PASS PATTERN NO.27765
PASS PATTERN NO.27766
PASS PATTERN NO.27767
PASS PATTERN NO.27768
PASS PATTERN NO.27769
PASS PATTERN NO.27770
PASS PATTERN NO.27771
PASS PATTERN NO.27772
PASS PATTERN NO.27773
PASS PATTERN NO.27774
PASS PATTERN NO.27775
PASS PATTERN NO.27776
PASS PATTERN NO.27777
PASS PATTERN NO.27778
PASS PATTERN NO.27779
PASS PATTERN NO.27780
PASS PATTERN NO.27781
PASS PATTERN NO.27782
PASS PATTERN NO.27783
PASS PATTERN NO.27784
PASS PATTERN NO.27785
PASS PATTERN NO.27786
PASS PATTERN NO.27787
PASS PATTERN NO.27788
PASS PATTERN NO.27789
PASS PATTERN NO.27790
PASS PATTERN NO.27791
PASS PATTERN NO.27792
PASS PATTERN NO.27793
PASS PATTERN NO.27794
PASS PATTERN NO.27795
PASS PATTERN NO.27796
PASS PATTERN NO.27797
PASS PATTERN NO.27798
PASS PATTERN NO.27799
PASS PATTERN NO.27800
PASS PATTERN NO.27801
PASS PATTERN NO.27802
PASS PATTERN NO.27803
PASS PATTERN NO.27804
PASS PATTERN NO.27805
PASS PATTERN NO.27806
PASS PATTERN NO.27807
PASS PATTERN NO.27808
PASS PATTERN NO.27809
PASS PATTERN NO.27810
PASS PATTERN NO.27811
PASS PATTERN NO.27812
PASS PATTERN NO.27813
PASS PATTERN NO.27814
PASS PATTERN NO.27815
PASS PATTERN NO.27816
PASS PATTERN NO.27817
PASS PATTERN NO.27818
PASS PATTERN NO.27819
PASS PATTERN NO.27820
PASS PATTERN NO.27821
PASS PATTERN NO.27822
PASS PATTERN NO.27823
PASS PATTERN NO.27824
PASS PATTERN NO.27825
PASS PATTERN NO.27826
PASS PATTERN NO.27827
PASS PATTERN NO.27828
PASS PATTERN NO.27829
PASS PATTERN NO.27830
PASS PATTERN NO.27831
PASS PATTERN NO.27832
PASS PATTERN NO.27833
PASS PATTERN NO.27834
PASS PATTERN NO.27835
PASS PATTERN NO.27836
PASS PATTERN NO.27837
PASS PATTERN NO.27838
PASS PATTERN NO.27839
PASS PATTERN NO.27840
PASS PATTERN NO.27841
PASS PATTERN NO.27842
PASS PATTERN NO.27843
PASS PATTERN NO.27844
PASS PATTERN NO.27845
PASS PATTERN NO.27846
PASS PATTERN NO.27847
PASS PATTERN NO.27848
PASS PATTERN NO.27849
PASS PATTERN NO.27850
PASS PATTERN NO.27851
PASS PATTERN NO.27852
PASS PATTERN NO.27853
PASS PATTERN NO.27854
PASS PATTERN NO.27855
PASS PATTERN NO.27856
PASS PATTERN NO.27857
PASS PATTERN NO.27858
PASS PATTERN NO.27859
PASS PATTERN NO.27860
PASS PATTERN NO.27861
PASS PATTERN NO.27862
PASS PATTERN NO.27863
PASS PATTERN NO.27864
PASS PATTERN NO.27865
PASS PATTERN NO.27866
PASS PATTERN NO.27867
PASS PATTERN NO.27868
PASS PATTERN NO.27869
PASS PATTERN NO.27870
PASS PATTERN NO.27871
PASS PATTERN NO.27872
PASS PATTERN NO.27873
PASS PATTERN NO.27874
PASS PATTERN NO.27875
PASS PATTERN NO.27876
PASS PATTERN NO.27877
PASS PATTERN NO.27878
PASS PATTERN NO.27879
PASS PATTERN NO.27880
PASS PATTERN NO.27881
PASS PATTERN NO.27882
PASS PATTERN NO.27883
PASS PATTERN NO.27884
PASS PATTERN NO.27885
PASS PATTERN NO.27886
PASS PATTERN NO.27887
PASS PATTERN NO.27888
PASS PATTERN NO.27889
PASS PATTERN NO.27890
PASS PATTERN NO.27891
PASS PATTERN NO.27892
PASS PATTERN NO.27893
PASS PATTERN NO.27894
PASS PATTERN NO.27895
PASS PATTERN NO.27896
PASS PATTERN NO.27897
PASS PATTERN NO.27898
PASS PATTERN NO.27899
PASS PATTERN NO.27900
PASS PATTERN NO.27901
PASS PATTERN NO.27902
PASS PATTERN NO.27903
PASS PATTERN NO.27904
PASS PATTERN NO.27905
PASS PATTERN NO.27906
PASS PATTERN NO.27907
PASS PATTERN NO.27908
PASS PATTERN NO.27909
PASS PATTERN NO.27910
PASS PATTERN NO.27911
PASS PATTERN NO.27912
PASS PATTERN NO.27913
PASS PATTERN NO.27914
PASS PATTERN NO.27915
PASS PATTERN NO.27916
PASS PATTERN NO.27917
PASS PATTERN NO.27918
PASS PATTERN NO.27919
PASS PATTERN NO.27920
PASS PATTERN NO.27921
PASS PATTERN NO.27922
PASS PATTERN NO.27923
PASS PATTERN NO.27924
PASS PATTERN NO.27925
PASS PATTERN NO.27926
PASS PATTERN NO.27927
PASS PATTERN NO.27928
PASS PATTERN NO.27929
PASS PATTERN NO.27930
PASS PATTERN NO.27931
PASS PATTERN NO.27932
PASS PATTERN NO.27933
PASS PATTERN NO.27934
PASS PATTERN NO.27935
PASS PATTERN NO.27936
PASS PATTERN NO.27937
PASS PATTERN NO.27938
PASS PATTERN NO.27939
PASS PATTERN NO.27940
PASS PATTERN NO.27941
PASS PATTERN NO.27942
PASS PATTERN NO.27943
PASS PATTERN NO.27944
PASS PATTERN NO.27945
PASS PATTERN NO.27946
PASS PATTERN NO.27947
PASS PATTERN NO.27948
PASS PATTERN NO.27949
PASS PATTERN NO.27950
PASS PATTERN NO.27951
PASS PATTERN NO.27952
PASS PATTERN NO.27953
PASS PATTERN NO.27954
PASS PATTERN NO.27955
PASS PATTERN NO.27956
PASS PATTERN NO.27957
PASS PATTERN NO.27958
PASS PATTERN NO.27959
PASS PATTERN NO.27960
PASS PATTERN NO.27961
PASS PATTERN NO.27962
PASS PATTERN NO.27963
PASS PATTERN NO.27964
PASS PATTERN NO.27965
PASS PATTERN NO.27966
PASS PATTERN NO.27967
PASS PATTERN NO.27968
PASS PATTERN NO.27969
PASS PATTERN NO.27970
PASS PATTERN NO.27971
PASS PATTERN NO.27972
PASS PATTERN NO.27973
PASS PATTERN NO.27974
PASS PATTERN NO.27975
PASS PATTERN NO.27976
PASS PATTERN NO.27977
PASS PATTERN NO.27978
PASS PATTERN NO.27979
PASS PATTERN NO.27980
PASS PATTERN NO.27981
PASS PATTERN NO.27982
PASS PATTERN NO.27983
PASS PATTERN NO.27984
PASS PATTERN NO.27985
PASS PATTERN NO.27986
PASS PATTERN NO.27987
PASS PATTERN NO.27988
PASS PATTERN NO.27989
PASS PATTERN NO.27990
PASS PATTERN NO.27991
PASS PATTERN NO.27992
PASS PATTERN NO.27993
PASS PATTERN NO.27994
PASS PATTERN NO.27995
PASS PATTERN NO.27996
PASS PATTERN NO.27997
PASS PATTERN NO.27998
PASS PATTERN NO.27999
PASS PATTERN NO.28000
PASS PATTERN NO.28001
PASS PATTERN NO.28002
PASS PATTERN NO.28003
PASS PATTERN NO.28004
PASS PATTERN NO.28005
PASS PATTERN NO.28006
PASS PATTERN NO.28007
PASS PATTERN NO.28008
PASS PATTERN NO.28009
PASS PATTERN NO.28010
PASS PATTERN NO.28011
PASS PATTERN NO.28012
PASS PATTERN NO.28013
PASS PATTERN NO.28014
PASS PATTERN NO.28015
PASS PATTERN NO.28016
PASS PATTERN NO.28017
PASS PATTERN NO.28018
PASS PATTERN NO.28019
PASS PATTERN NO.28020
PASS PATTERN NO.28021
PASS PATTERN NO.28022
PASS PATTERN NO.28023
PASS PATTERN NO.28024
PASS PATTERN NO.28025
PASS PATTERN NO.28026
PASS PATTERN NO.28027
PASS PATTERN NO.28028
PASS PATTERN NO.28029
PASS PATTERN NO.28030
PASS PATTERN NO.28031
PASS PATTERN NO.28032
PASS PATTERN NO.28033
PASS PATTERN NO.28034
PASS PATTERN NO.28035
PASS PATTERN NO.28036
PASS PATTERN NO.28037
PASS PATTERN NO.28038
PASS PATTERN NO.28039
PASS PATTERN NO.28040
PASS PATTERN NO.28041
PASS PATTERN NO.28042
PASS PATTERN NO.28043
PASS PATTERN NO.28044
PASS PATTERN NO.28045
PASS PATTERN NO.28046
PASS PATTERN NO.28047
PASS PATTERN NO.28048
PASS PATTERN NO.28049
PASS PATTERN NO.28050
PASS PATTERN NO.28051
PASS PATTERN NO.28052
PASS PATTERN NO.28053
PASS PATTERN NO.28054
PASS PATTERN NO.28055
PASS PATTERN NO.28056
PASS PATTERN NO.28057
PASS PATTERN NO.28058
PASS PATTERN NO.28059
PASS PATTERN NO.28060
PASS PATTERN NO.28061
PASS PATTERN NO.28062
PASS PATTERN NO.28063
PASS PATTERN NO.28064
PASS PATTERN NO.28065
PASS PATTERN NO.28066
PASS PATTERN NO.28067
PASS PATTERN NO.28068
PASS PATTERN NO.28069
PASS PATTERN NO.28070
PASS PATTERN NO.28071
PASS PATTERN NO.28072
PASS PATTERN NO.28073
PASS PATTERN NO.28074
PASS PATTERN NO.28075
PASS PATTERN NO.28076
PASS PATTERN NO.28077
PASS PATTERN NO.28078
PASS PATTERN NO.28079
PASS PATTERN NO.28080
PASS PATTERN NO.28081
PASS PATTERN NO.28082
PASS PATTERN NO.28083
PASS PATTERN NO.28084
PASS PATTERN NO.28085
PASS PATTERN NO.28086
PASS PATTERN NO.28087
PASS PATTERN NO.28088
PASS PATTERN NO.28089
PASS PATTERN NO.28090
PASS PATTERN NO.28091
PASS PATTERN NO.28092
PASS PATTERN NO.28093
PASS PATTERN NO.28094
PASS PATTERN NO.28095
PASS PATTERN NO.28096
PASS PATTERN NO.28097
PASS PATTERN NO.28098
PASS PATTERN NO.28099
PASS PATTERN NO.28100
PASS PATTERN NO.28101
PASS PATTERN NO.28102
PASS PATTERN NO.28103
PASS PATTERN NO.28104
PASS PATTERN NO.28105
PASS PATTERN NO.28106
PASS PATTERN NO.28107
PASS PATTERN NO.28108
PASS PATTERN NO.28109
PASS PATTERN NO.28110
PASS PATTERN NO.28111
PASS PATTERN NO.28112
PASS PATTERN NO.28113
PASS PATTERN NO.28114
PASS PATTERN NO.28115
PASS PATTERN NO.28116
PASS PATTERN NO.28117
PASS PATTERN NO.28118
PASS PATTERN NO.28119
PASS PATTERN NO.28120
PASS PATTERN NO.28121
PASS PATTERN NO.28122
PASS PATTERN NO.28123
PASS PATTERN NO.28124
PASS PATTERN NO.28125
PASS PATTERN NO.28126
PASS PATTERN NO.28127
PASS PATTERN NO.28128
PASS PATTERN NO.28129
PASS PATTERN NO.28130
PASS PATTERN NO.28131
PASS PATTERN NO.28132
PASS PATTERN NO.28133
PASS PATTERN NO.28134
PASS PATTERN NO.28135
PASS PATTERN NO.28136
PASS PATTERN NO.28137
PASS PATTERN NO.28138
PASS PATTERN NO.28139
PASS PATTERN NO.28140
PASS PATTERN NO.28141
PASS PATTERN NO.28142
PASS PATTERN NO.28143
PASS PATTERN NO.28144
PASS PATTERN NO.28145
PASS PATTERN NO.28146
PASS PATTERN NO.28147
PASS PATTERN NO.28148
PASS PATTERN NO.28149
PASS PATTERN NO.28150
PASS PATTERN NO.28151
PASS PATTERN NO.28152
PASS PATTERN NO.28153
PASS PATTERN NO.28154
PASS PATTERN NO.28155
PASS PATTERN NO.28156
PASS PATTERN NO.28157
PASS PATTERN NO.28158
PASS PATTERN NO.28159
PASS PATTERN NO.28160
PASS PATTERN NO.28161
PASS PATTERN NO.28162
PASS PATTERN NO.28163
PASS PATTERN NO.28164
PASS PATTERN NO.28165
PASS PATTERN NO.28166
PASS PATTERN NO.28167
PASS PATTERN NO.28168
PASS PATTERN NO.28169
PASS PATTERN NO.28170
PASS PATTERN NO.28171
PASS PATTERN NO.28172
PASS PATTERN NO.28173
PASS PATTERN NO.28174
PASS PATTERN NO.28175
PASS PATTERN NO.28176
PASS PATTERN NO.28177
PASS PATTERN NO.28178
PASS PATTERN NO.28179
PASS PATTERN NO.28180
PASS PATTERN NO.28181
PASS PATTERN NO.28182
PASS PATTERN NO.28183
PASS PATTERN NO.28184
PASS PATTERN NO.28185
PASS PATTERN NO.28186
PASS PATTERN NO.28187
PASS PATTERN NO.28188
PASS PATTERN NO.28189
PASS PATTERN NO.28190
PASS PATTERN NO.28191
PASS PATTERN NO.28192
PASS PATTERN NO.28193
PASS PATTERN NO.28194
PASS PATTERN NO.28195
PASS PATTERN NO.28196
PASS PATTERN NO.28197
PASS PATTERN NO.28198
PASS PATTERN NO.28199
PASS PATTERN NO.28200
PASS PATTERN NO.28201
PASS PATTERN NO.28202
PASS PATTERN NO.28203
PASS PATTERN NO.28204
PASS PATTERN NO.28205
PASS PATTERN NO.28206
PASS PATTERN NO.28207
PASS PATTERN NO.28208
PASS PATTERN NO.28209
PASS PATTERN NO.28210
PASS PATTERN NO.28211
PASS PATTERN NO.28212
PASS PATTERN NO.28213
PASS PATTERN NO.28214
PASS PATTERN NO.28215
PASS PATTERN NO.28216
PASS PATTERN NO.28217
PASS PATTERN NO.28218
PASS PATTERN NO.28219
PASS PATTERN NO.28220
PASS PATTERN NO.28221
PASS PATTERN NO.28222
PASS PATTERN NO.28223
PASS PATTERN NO.28224
PASS PATTERN NO.28225
PASS PATTERN NO.28226
PASS PATTERN NO.28227
PASS PATTERN NO.28228
PASS PATTERN NO.28229
PASS PATTERN NO.28230
PASS PATTERN NO.28231
PASS PATTERN NO.28232
PASS PATTERN NO.28233
PASS PATTERN NO.28234
PASS PATTERN NO.28235
PASS PATTERN NO.28236
PASS PATTERN NO.28237
PASS PATTERN NO.28238
PASS PATTERN NO.28239
PASS PATTERN NO.28240
PASS PATTERN NO.28241
PASS PATTERN NO.28242
PASS PATTERN NO.28243
PASS PATTERN NO.28244
PASS PATTERN NO.28245
PASS PATTERN NO.28246
PASS PATTERN NO.28247
PASS PATTERN NO.28248
PASS PATTERN NO.28249
PASS PATTERN NO.28250
PASS PATTERN NO.28251
PASS PATTERN NO.28252
PASS PATTERN NO.28253
PASS PATTERN NO.28254
PASS PATTERN NO.28255
PASS PATTERN NO.28256
PASS PATTERN NO.28257
PASS PATTERN NO.28258
PASS PATTERN NO.28259
PASS PATTERN NO.28260
PASS PATTERN NO.28261
PASS PATTERN NO.28262
PASS PATTERN NO.28263
PASS PATTERN NO.28264
PASS PATTERN NO.28265
PASS PATTERN NO.28266
PASS PATTERN NO.28267
PASS PATTERN NO.28268
PASS PATTERN NO.28269
PASS PATTERN NO.28270
PASS PATTERN NO.28271
PASS PATTERN NO.28272
PASS PATTERN NO.28273
PASS PATTERN NO.28274
PASS PATTERN NO.28275
PASS PATTERN NO.28276
PASS PATTERN NO.28277
PASS PATTERN NO.28278
PASS PATTERN NO.28279
PASS PATTERN NO.28280
PASS PATTERN NO.28281
PASS PATTERN NO.28282
PASS PATTERN NO.28283
PASS PATTERN NO.28284
PASS PATTERN NO.28285
PASS PATTERN NO.28286
PASS PATTERN NO.28287
PASS PATTERN NO.28288
PASS PATTERN NO.28289
PASS PATTERN NO.28290
PASS PATTERN NO.28291
PASS PATTERN NO.28292
PASS PATTERN NO.28293
PASS PATTERN NO.28294
PASS PATTERN NO.28295
PASS PATTERN NO.28296
PASS PATTERN NO.28297
PASS PATTERN NO.28298
PASS PATTERN NO.28299
PASS PATTERN NO.28300
PASS PATTERN NO.28301
PASS PATTERN NO.28302
PASS PATTERN NO.28303
PASS PATTERN NO.28304
PASS PATTERN NO.28305
PASS PATTERN NO.28306
PASS PATTERN NO.28307
PASS PATTERN NO.28308
PASS PATTERN NO.28309
PASS PATTERN NO.28310
PASS PATTERN NO.28311
PASS PATTERN NO.28312
PASS PATTERN NO.28313
PASS PATTERN NO.28314
PASS PATTERN NO.28315
PASS PATTERN NO.28316
PASS PATTERN NO.28317
PASS PATTERN NO.28318
PASS PATTERN NO.28319
PASS PATTERN NO.28320
PASS PATTERN NO.28321
PASS PATTERN NO.28322
PASS PATTERN NO.28323
PASS PATTERN NO.28324
PASS PATTERN NO.28325
PASS PATTERN NO.28326
PASS PATTERN NO.28327
PASS PATTERN NO.28328
PASS PATTERN NO.28329
PASS PATTERN NO.28330
PASS PATTERN NO.28331
PASS PATTERN NO.28332
PASS PATTERN NO.28333
PASS PATTERN NO.28334
PASS PATTERN NO.28335
PASS PATTERN NO.28336
PASS PATTERN NO.28337
PASS PATTERN NO.28338
PASS PATTERN NO.28339
PASS PATTERN NO.28340
PASS PATTERN NO.28341
PASS PATTERN NO.28342
PASS PATTERN NO.28343
PASS PATTERN NO.28344
PASS PATTERN NO.28345
PASS PATTERN NO.28346
PASS PATTERN NO.28347
PASS PATTERN NO.28348
PASS PATTERN NO.28349
PASS PATTERN NO.28350
PASS PATTERN NO.28351
PASS PATTERN NO.28352
PASS PATTERN NO.28353
PASS PATTERN NO.28354
PASS PATTERN NO.28355
PASS PATTERN NO.28356
PASS PATTERN NO.28357
PASS PATTERN NO.28358
PASS PATTERN NO.28359
PASS PATTERN NO.28360
PASS PATTERN NO.28361
PASS PATTERN NO.28362
PASS PATTERN NO.28363
PASS PATTERN NO.28364
PASS PATTERN NO.28365
PASS PATTERN NO.28366
PASS PATTERN NO.28367
PASS PATTERN NO.28368
PASS PATTERN NO.28369
PASS PATTERN NO.28370
PASS PATTERN NO.28371
PASS PATTERN NO.28372
PASS PATTERN NO.28373
PASS PATTERN NO.28374
PASS PATTERN NO.28375
PASS PATTERN NO.28376
PASS PATTERN NO.28377
PASS PATTERN NO.28378
PASS PATTERN NO.28379
PASS PATTERN NO.28380
PASS PATTERN NO.28381
PASS PATTERN NO.28382
PASS PATTERN NO.28383
PASS PATTERN NO.28384
PASS PATTERN NO.28385
PASS PATTERN NO.28386
PASS PATTERN NO.28387
PASS PATTERN NO.28388
PASS PATTERN NO.28389
PASS PATTERN NO.28390
PASS PATTERN NO.28391
PASS PATTERN NO.28392
PASS PATTERN NO.28393
PASS PATTERN NO.28394
PASS PATTERN NO.28395
PASS PATTERN NO.28396
PASS PATTERN NO.28397
PASS PATTERN NO.28398
PASS PATTERN NO.28399
PASS PATTERN NO.28400
PASS PATTERN NO.28401
PASS PATTERN NO.28402
PASS PATTERN NO.28403
PASS PATTERN NO.28404
PASS PATTERN NO.28405
PASS PATTERN NO.28406
PASS PATTERN NO.28407
PASS PATTERN NO.28408
PASS PATTERN NO.28409
PASS PATTERN NO.28410
PASS PATTERN NO.28411
PASS PATTERN NO.28412
PASS PATTERN NO.28413
PASS PATTERN NO.28414
PASS PATTERN NO.28415
PASS PATTERN NO.28416
PASS PATTERN NO.28417
PASS PATTERN NO.28418
PASS PATTERN NO.28419
PASS PATTERN NO.28420
PASS PATTERN NO.28421
PASS PATTERN NO.28422
PASS PATTERN NO.28423
PASS PATTERN NO.28424
PASS PATTERN NO.28425
PASS PATTERN NO.28426
PASS PATTERN NO.28427
PASS PATTERN NO.28428
PASS PATTERN NO.28429
PASS PATTERN NO.28430
PASS PATTERN NO.28431
PASS PATTERN NO.28432
PASS PATTERN NO.28433
PASS PATTERN NO.28434
PASS PATTERN NO.28435
PASS PATTERN NO.28436
PASS PATTERN NO.28437
PASS PATTERN NO.28438
PASS PATTERN NO.28439
PASS PATTERN NO.28440
PASS PATTERN NO.28441
PASS PATTERN NO.28442
PASS PATTERN NO.28443
PASS PATTERN NO.28444
PASS PATTERN NO.28445
PASS PATTERN NO.28446
PASS PATTERN NO.28447
PASS PATTERN NO.28448
PASS PATTERN NO.28449
PASS PATTERN NO.28450
PASS PATTERN NO.28451
PASS PATTERN NO.28452
PASS PATTERN NO.28453
PASS PATTERN NO.28454
PASS PATTERN NO.28455
PASS PATTERN NO.28456
PASS PATTERN NO.28457
PASS PATTERN NO.28458
PASS PATTERN NO.28459
PASS PATTERN NO.28460
PASS PATTERN NO.28461
PASS PATTERN NO.28462
PASS PATTERN NO.28463
PASS PATTERN NO.28464
PASS PATTERN NO.28465
PASS PATTERN NO.28466
PASS PATTERN NO.28467
PASS PATTERN NO.28468
PASS PATTERN NO.28469
PASS PATTERN NO.28470
PASS PATTERN NO.28471
PASS PATTERN NO.28472
PASS PATTERN NO.28473
PASS PATTERN NO.28474
PASS PATTERN NO.28475
PASS PATTERN NO.28476
PASS PATTERN NO.28477
PASS PATTERN NO.28478
PASS PATTERN NO.28479
PASS PATTERN NO.28480
PASS PATTERN NO.28481
PASS PATTERN NO.28482
PASS PATTERN NO.28483
PASS PATTERN NO.28484
PASS PATTERN NO.28485
PASS PATTERN NO.28486
PASS PATTERN NO.28487
PASS PATTERN NO.28488
PASS PATTERN NO.28489
PASS PATTERN NO.28490
PASS PATTERN NO.28491
PASS PATTERN NO.28492
PASS PATTERN NO.28493
PASS PATTERN NO.28494
PASS PATTERN NO.28495
PASS PATTERN NO.28496
PASS PATTERN NO.28497
PASS PATTERN NO.28498
PASS PATTERN NO.28499
PASS PATTERN NO.28500
PASS PATTERN NO.28501
PASS PATTERN NO.28502
PASS PATTERN NO.28503
PASS PATTERN NO.28504
PASS PATTERN NO.28505
PASS PATTERN NO.28506
PASS PATTERN NO.28507
PASS PATTERN NO.28508
PASS PATTERN NO.28509
PASS PATTERN NO.28510
PASS PATTERN NO.28511
PASS PATTERN NO.28512
PASS PATTERN NO.28513
PASS PATTERN NO.28514
PASS PATTERN NO.28515
PASS PATTERN NO.28516
PASS PATTERN NO.28517
PASS PATTERN NO.28518
PASS PATTERN NO.28519
PASS PATTERN NO.28520
PASS PATTERN NO.28521
PASS PATTERN NO.28522
PASS PATTERN NO.28523
PASS PATTERN NO.28524
PASS PATTERN NO.28525
PASS PATTERN NO.28526
PASS PATTERN NO.28527
PASS PATTERN NO.28528
PASS PATTERN NO.28529
PASS PATTERN NO.28530
PASS PATTERN NO.28531
PASS PATTERN NO.28532
PASS PATTERN NO.28533
PASS PATTERN NO.28534
PASS PATTERN NO.28535
PASS PATTERN NO.28536
PASS PATTERN NO.28537
PASS PATTERN NO.28538
PASS PATTERN NO.28539
PASS PATTERN NO.28540
PASS PATTERN NO.28541
PASS PATTERN NO.28542
PASS PATTERN NO.28543
PASS PATTERN NO.28544
PASS PATTERN NO.28545
PASS PATTERN NO.28546
PASS PATTERN NO.28547
PASS PATTERN NO.28548
PASS PATTERN NO.28549
PASS PATTERN NO.28550
PASS PATTERN NO.28551
PASS PATTERN NO.28552
PASS PATTERN NO.28553
PASS PATTERN NO.28554
PASS PATTERN NO.28555
PASS PATTERN NO.28556
PASS PATTERN NO.28557
PASS PATTERN NO.28558
PASS PATTERN NO.28559
PASS PATTERN NO.28560
PASS PATTERN NO.28561
PASS PATTERN NO.28562
PASS PATTERN NO.28563
PASS PATTERN NO.28564
PASS PATTERN NO.28565
PASS PATTERN NO.28566
PASS PATTERN NO.28567
PASS PATTERN NO.28568
PASS PATTERN NO.28569
PASS PATTERN NO.28570
PASS PATTERN NO.28571
PASS PATTERN NO.28572
PASS PATTERN NO.28573
PASS PATTERN NO.28574
PASS PATTERN NO.28575
PASS PATTERN NO.28576
PASS PATTERN NO.28577
PASS PATTERN NO.28578
PASS PATTERN NO.28579
PASS PATTERN NO.28580
PASS PATTERN NO.28581
PASS PATTERN NO.28582
PASS PATTERN NO.28583
PASS PATTERN NO.28584
PASS PATTERN NO.28585
PASS PATTERN NO.28586
PASS PATTERN NO.28587
PASS PATTERN NO.28588
PASS PATTERN NO.28589
PASS PATTERN NO.28590
PASS PATTERN NO.28591
PASS PATTERN NO.28592
PASS PATTERN NO.28593
PASS PATTERN NO.28594
PASS PATTERN NO.28595
PASS PATTERN NO.28596
PASS PATTERN NO.28597
PASS PATTERN NO.28598
PASS PATTERN NO.28599
PASS PATTERN NO.28600
PASS PATTERN NO.28601
PASS PATTERN NO.28602
PASS PATTERN NO.28603
PASS PATTERN NO.28604
PASS PATTERN NO.28605
PASS PATTERN NO.28606
PASS PATTERN NO.28607
PASS PATTERN NO.28608
PASS PATTERN NO.28609
PASS PATTERN NO.28610
PASS PATTERN NO.28611
PASS PATTERN NO.28612
PASS PATTERN NO.28613
PASS PATTERN NO.28614
PASS PATTERN NO.28615
PASS PATTERN NO.28616
PASS PATTERN NO.28617
PASS PATTERN NO.28618
PASS PATTERN NO.28619
PASS PATTERN NO.28620
PASS PATTERN NO.28621
PASS PATTERN NO.28622
PASS PATTERN NO.28623
PASS PATTERN NO.28624
PASS PATTERN NO.28625
PASS PATTERN NO.28626
PASS PATTERN NO.28627
PASS PATTERN NO.28628
PASS PATTERN NO.28629
PASS PATTERN NO.28630
PASS PATTERN NO.28631
PASS PATTERN NO.28632
PASS PATTERN NO.28633
PASS PATTERN NO.28634
PASS PATTERN NO.28635
PASS PATTERN NO.28636
PASS PATTERN NO.28637
PASS PATTERN NO.28638
PASS PATTERN NO.28639
PASS PATTERN NO.28640
PASS PATTERN NO.28641
PASS PATTERN NO.28642
PASS PATTERN NO.28643
PASS PATTERN NO.28644
PASS PATTERN NO.28645
PASS PATTERN NO.28646
PASS PATTERN NO.28647
PASS PATTERN NO.28648
PASS PATTERN NO.28649
PASS PATTERN NO.28650
PASS PATTERN NO.28651
PASS PATTERN NO.28652
PASS PATTERN NO.28653
PASS PATTERN NO.28654
PASS PATTERN NO.28655
PASS PATTERN NO.28656
PASS PATTERN NO.28657
PASS PATTERN NO.28658
PASS PATTERN NO.28659
PASS PATTERN NO.28660
PASS PATTERN NO.28661
PASS PATTERN NO.28662
PASS PATTERN NO.28663
PASS PATTERN NO.28664
PASS PATTERN NO.28665
PASS PATTERN NO.28666
PASS PATTERN NO.28667
PASS PATTERN NO.28668
PASS PATTERN NO.28669
PASS PATTERN NO.28670
PASS PATTERN NO.28671
PASS PATTERN NO.28672
PASS PATTERN NO.28673
PASS PATTERN NO.28674
PASS PATTERN NO.28675
PASS PATTERN NO.28676
PASS PATTERN NO.28677
PASS PATTERN NO.28678
PASS PATTERN NO.28679
PASS PATTERN NO.28680
PASS PATTERN NO.28681
PASS PATTERN NO.28682
PASS PATTERN NO.28683
PASS PATTERN NO.28684
PASS PATTERN NO.28685
PASS PATTERN NO.28686
PASS PATTERN NO.28687
PASS PATTERN NO.28688
PASS PATTERN NO.28689
PASS PATTERN NO.28690
PASS PATTERN NO.28691
PASS PATTERN NO.28692
PASS PATTERN NO.28693
PASS PATTERN NO.28694
PASS PATTERN NO.28695
PASS PATTERN NO.28696
PASS PATTERN NO.28697
PASS PATTERN NO.28698
PASS PATTERN NO.28699
PASS PATTERN NO.28700
PASS PATTERN NO.28701
PASS PATTERN NO.28702
PASS PATTERN NO.28703
PASS PATTERN NO.28704
PASS PATTERN NO.28705
PASS PATTERN NO.28706
PASS PATTERN NO.28707
PASS PATTERN NO.28708
PASS PATTERN NO.28709
PASS PATTERN NO.28710
PASS PATTERN NO.28711
PASS PATTERN NO.28712
PASS PATTERN NO.28713
PASS PATTERN NO.28714
PASS PATTERN NO.28715
PASS PATTERN NO.28716
PASS PATTERN NO.28717
PASS PATTERN NO.28718
PASS PATTERN NO.28719
PASS PATTERN NO.28720
PASS PATTERN NO.28721
PASS PATTERN NO.28722
PASS PATTERN NO.28723
PASS PATTERN NO.28724
PASS PATTERN NO.28725
PASS PATTERN NO.28726
PASS PATTERN NO.28727
PASS PATTERN NO.28728
PASS PATTERN NO.28729
PASS PATTERN NO.28730
PASS PATTERN NO.28731
PASS PATTERN NO.28732
PASS PATTERN NO.28733
PASS PATTERN NO.28734
PASS PATTERN NO.28735
PASS PATTERN NO.28736
PASS PATTERN NO.28737
PASS PATTERN NO.28738
PASS PATTERN NO.28739
PASS PATTERN NO.28740
PASS PATTERN NO.28741
PASS PATTERN NO.28742
PASS PATTERN NO.28743
PASS PATTERN NO.28744
PASS PATTERN NO.28745
PASS PATTERN NO.28746
PASS PATTERN NO.28747
PASS PATTERN NO.28748
PASS PATTERN NO.28749
PASS PATTERN NO.28750
PASS PATTERN NO.28751
PASS PATTERN NO.28752
PASS PATTERN NO.28753
PASS PATTERN NO.28754
PASS PATTERN NO.28755
PASS PATTERN NO.28756
PASS PATTERN NO.28757
PASS PATTERN NO.28758
PASS PATTERN NO.28759
PASS PATTERN NO.28760
PASS PATTERN NO.28761
PASS PATTERN NO.28762
PASS PATTERN NO.28763
PASS PATTERN NO.28764
PASS PATTERN NO.28765
PASS PATTERN NO.28766
PASS PATTERN NO.28767
PASS PATTERN NO.28768
PASS PATTERN NO.28769
PASS PATTERN NO.28770
PASS PATTERN NO.28771
PASS PATTERN NO.28772
PASS PATTERN NO.28773
PASS PATTERN NO.28774
PASS PATTERN NO.28775
PASS PATTERN NO.28776
PASS PATTERN NO.28777
PASS PATTERN NO.28778
PASS PATTERN NO.28779
PASS PATTERN NO.28780
PASS PATTERN NO.28781
PASS PATTERN NO.28782
PASS PATTERN NO.28783
PASS PATTERN NO.28784
PASS PATTERN NO.28785
PASS PATTERN NO.28786
PASS PATTERN NO.28787
PASS PATTERN NO.28788
PASS PATTERN NO.28789
PASS PATTERN NO.28790
PASS PATTERN NO.28791
PASS PATTERN NO.28792
PASS PATTERN NO.28793
PASS PATTERN NO.28794
PASS PATTERN NO.28795
PASS PATTERN NO.28796
PASS PATTERN NO.28797
PASS PATTERN NO.28798
PASS PATTERN NO.28799
PASS PATTERN NO.28800
PASS PATTERN NO.28801
PASS PATTERN NO.28802
PASS PATTERN NO.28803
PASS PATTERN NO.28804
PASS PATTERN NO.28805
PASS PATTERN NO.28806
PASS PATTERN NO.28807
PASS PATTERN NO.28808
PASS PATTERN NO.28809
PASS PATTERN NO.28810
PASS PATTERN NO.28811
PASS PATTERN NO.28812
PASS PATTERN NO.28813
PASS PATTERN NO.28814
PASS PATTERN NO.28815
PASS PATTERN NO.28816
PASS PATTERN NO.28817
PASS PATTERN NO.28818
PASS PATTERN NO.28819
PASS PATTERN NO.28820
PASS PATTERN NO.28821
PASS PATTERN NO.28822
PASS PATTERN NO.28823
PASS PATTERN NO.28824
PASS PATTERN NO.28825
PASS PATTERN NO.28826
PASS PATTERN NO.28827
PASS PATTERN NO.28828
PASS PATTERN NO.28829
PASS PATTERN NO.28830
PASS PATTERN NO.28831
PASS PATTERN NO.28832
PASS PATTERN NO.28833
PASS PATTERN NO.28834
PASS PATTERN NO.28835
PASS PATTERN NO.28836
PASS PATTERN NO.28837
PASS PATTERN NO.28838
PASS PATTERN NO.28839
PASS PATTERN NO.28840
PASS PATTERN NO.28841
PASS PATTERN NO.28842
PASS PATTERN NO.28843
PASS PATTERN NO.28844
PASS PATTERN NO.28845
PASS PATTERN NO.28846
PASS PATTERN NO.28847
PASS PATTERN NO.28848
PASS PATTERN NO.28849
PASS PATTERN NO.28850
PASS PATTERN NO.28851
PASS PATTERN NO.28852
PASS PATTERN NO.28853
PASS PATTERN NO.28854
PASS PATTERN NO.28855
PASS PATTERN NO.28856
PASS PATTERN NO.28857
PASS PATTERN NO.28858
PASS PATTERN NO.28859
PASS PATTERN NO.28860
PASS PATTERN NO.28861
PASS PATTERN NO.28862
PASS PATTERN NO.28863
PASS PATTERN NO.28864
PASS PATTERN NO.28865
PASS PATTERN NO.28866
PASS PATTERN NO.28867
PASS PATTERN NO.28868
PASS PATTERN NO.28869
PASS PATTERN NO.28870
PASS PATTERN NO.28871
PASS PATTERN NO.28872
PASS PATTERN NO.28873
PASS PATTERN NO.28874
PASS PATTERN NO.28875
PASS PATTERN NO.28876
PASS PATTERN NO.28877
PASS PATTERN NO.28878
PASS PATTERN NO.28879
PASS PATTERN NO.28880
PASS PATTERN NO.28881
PASS PATTERN NO.28882
PASS PATTERN NO.28883
PASS PATTERN NO.28884
PASS PATTERN NO.28885
PASS PATTERN NO.28886
PASS PATTERN NO.28887
PASS PATTERN NO.28888
PASS PATTERN NO.28889
PASS PATTERN NO.28890
PASS PATTERN NO.28891
PASS PATTERN NO.28892
PASS PATTERN NO.28893
PASS PATTERN NO.28894
PASS PATTERN NO.28895
PASS PATTERN NO.28896
PASS PATTERN NO.28897
PASS PATTERN NO.28898
PASS PATTERN NO.28899
PASS PATTERN NO.28900
PASS PATTERN NO.28901
PASS PATTERN NO.28902
PASS PATTERN NO.28903
PASS PATTERN NO.28904
PASS PATTERN NO.28905
PASS PATTERN NO.28906
PASS PATTERN NO.28907
PASS PATTERN NO.28908
PASS PATTERN NO.28909
PASS PATTERN NO.28910
PASS PATTERN NO.28911
PASS PATTERN NO.28912
PASS PATTERN NO.28913
PASS PATTERN NO.28914
PASS PATTERN NO.28915
PASS PATTERN NO.28916
PASS PATTERN NO.28917
PASS PATTERN NO.28918
PASS PATTERN NO.28919
PASS PATTERN NO.28920
PASS PATTERN NO.28921
PASS PATTERN NO.28922
PASS PATTERN NO.28923
PASS PATTERN NO.28924
PASS PATTERN NO.28925
PASS PATTERN NO.28926
PASS PATTERN NO.28927
PASS PATTERN NO.28928
PASS PATTERN NO.28929
PASS PATTERN NO.28930
PASS PATTERN NO.28931
PASS PATTERN NO.28932
PASS PATTERN NO.28933
PASS PATTERN NO.28934
PASS PATTERN NO.28935
PASS PATTERN NO.28936
PASS PATTERN NO.28937
PASS PATTERN NO.28938
PASS PATTERN NO.28939
PASS PATTERN NO.28940
PASS PATTERN NO.28941
PASS PATTERN NO.28942
PASS PATTERN NO.28943
PASS PATTERN NO.28944
PASS PATTERN NO.28945
PASS PATTERN NO.28946
PASS PATTERN NO.28947
PASS PATTERN NO.28948
PASS PATTERN NO.28949
PASS PATTERN NO.28950
PASS PATTERN NO.28951
PASS PATTERN NO.28952
PASS PATTERN NO.28953
PASS PATTERN NO.28954
PASS PATTERN NO.28955
PASS PATTERN NO.28956
PASS PATTERN NO.28957
PASS PATTERN NO.28958
PASS PATTERN NO.28959
PASS PATTERN NO.28960
PASS PATTERN NO.28961
PASS PATTERN NO.28962
PASS PATTERN NO.28963
PASS PATTERN NO.28964
PASS PATTERN NO.28965
PASS PATTERN NO.28966
PASS PATTERN NO.28967
PASS PATTERN NO.28968
PASS PATTERN NO.28969
PASS PATTERN NO.28970
PASS PATTERN NO.28971
PASS PATTERN NO.28972
PASS PATTERN NO.28973
PASS PATTERN NO.28974
PASS PATTERN NO.28975
PASS PATTERN NO.28976
PASS PATTERN NO.28977
PASS PATTERN NO.28978
PASS PATTERN NO.28979
PASS PATTERN NO.28980
PASS PATTERN NO.28981
PASS PATTERN NO.28982
PASS PATTERN NO.28983
PASS PATTERN NO.28984
PASS PATTERN NO.28985
PASS PATTERN NO.28986
PASS PATTERN NO.28987
PASS PATTERN NO.28988
PASS PATTERN NO.28989
PASS PATTERN NO.28990
PASS PATTERN NO.28991
PASS PATTERN NO.28992
PASS PATTERN NO.28993
PASS PATTERN NO.28994
PASS PATTERN NO.28995
PASS PATTERN NO.28996
PASS PATTERN NO.28997
PASS PATTERN NO.28998
PASS PATTERN NO.28999
PASS PATTERN NO.29000
PASS PATTERN NO.29001
PASS PATTERN NO.29002
PASS PATTERN NO.29003
PASS PATTERN NO.29004
PASS PATTERN NO.29005
PASS PATTERN NO.29006
PASS PATTERN NO.29007
PASS PATTERN NO.29008
PASS PATTERN NO.29009
PASS PATTERN NO.29010
PASS PATTERN NO.29011
PASS PATTERN NO.29012
PASS PATTERN NO.29013
PASS PATTERN NO.29014
PASS PATTERN NO.29015
PASS PATTERN NO.29016
PASS PATTERN NO.29017
PASS PATTERN NO.29018
PASS PATTERN NO.29019
PASS PATTERN NO.29020
PASS PATTERN NO.29021
PASS PATTERN NO.29022
PASS PATTERN NO.29023
PASS PATTERN NO.29024
PASS PATTERN NO.29025
PASS PATTERN NO.29026
PASS PATTERN NO.29027
PASS PATTERN NO.29028
PASS PATTERN NO.29029
PASS PATTERN NO.29030
PASS PATTERN NO.29031
PASS PATTERN NO.29032
PASS PATTERN NO.29033
PASS PATTERN NO.29034
PASS PATTERN NO.29035
PASS PATTERN NO.29036
PASS PATTERN NO.29037
PASS PATTERN NO.29038
PASS PATTERN NO.29039
PASS PATTERN NO.29040
PASS PATTERN NO.29041
PASS PATTERN NO.29042
PASS PATTERN NO.29043
PASS PATTERN NO.29044
PASS PATTERN NO.29045
PASS PATTERN NO.29046
PASS PATTERN NO.29047
PASS PATTERN NO.29048
PASS PATTERN NO.29049
PASS PATTERN NO.29050
PASS PATTERN NO.29051
PASS PATTERN NO.29052
PASS PATTERN NO.29053
PASS PATTERN NO.29054
PASS PATTERN NO.29055
PASS PATTERN NO.29056
PASS PATTERN NO.29057
PASS PATTERN NO.29058
PASS PATTERN NO.29059
PASS PATTERN NO.29060
PASS PATTERN NO.29061
PASS PATTERN NO.29062
PASS PATTERN NO.29063
PASS PATTERN NO.29064
PASS PATTERN NO.29065
PASS PATTERN NO.29066
PASS PATTERN NO.29067
PASS PATTERN NO.29068
PASS PATTERN NO.29069
PASS PATTERN NO.29070
PASS PATTERN NO.29071
PASS PATTERN NO.29072
PASS PATTERN NO.29073
PASS PATTERN NO.29074
PASS PATTERN NO.29075
PASS PATTERN NO.29076
PASS PATTERN NO.29077
PASS PATTERN NO.29078
PASS PATTERN NO.29079
PASS PATTERN NO.29080
PASS PATTERN NO.29081
PASS PATTERN NO.29082
PASS PATTERN NO.29083
PASS PATTERN NO.29084
PASS PATTERN NO.29085
PASS PATTERN NO.29086
PASS PATTERN NO.29087
PASS PATTERN NO.29088
PASS PATTERN NO.29089
PASS PATTERN NO.29090
PASS PATTERN NO.29091
PASS PATTERN NO.29092
PASS PATTERN NO.29093
PASS PATTERN NO.29094
PASS PATTERN NO.29095
PASS PATTERN NO.29096
PASS PATTERN NO.29097
PASS PATTERN NO.29098
PASS PATTERN NO.29099
PASS PATTERN NO.29100
PASS PATTERN NO.29101
PASS PATTERN NO.29102
PASS PATTERN NO.29103
PASS PATTERN NO.29104
PASS PATTERN NO.29105
PASS PATTERN NO.29106
PASS PATTERN NO.29107
PASS PATTERN NO.29108
PASS PATTERN NO.29109
PASS PATTERN NO.29110
PASS PATTERN NO.29111
PASS PATTERN NO.29112
PASS PATTERN NO.29113
PASS PATTERN NO.29114
PASS PATTERN NO.29115
PASS PATTERN NO.29116
PASS PATTERN NO.29117
PASS PATTERN NO.29118
PASS PATTERN NO.29119
PASS PATTERN NO.29120
PASS PATTERN NO.29121
PASS PATTERN NO.29122
PASS PATTERN NO.29123
PASS PATTERN NO.29124
PASS PATTERN NO.29125
PASS PATTERN NO.29126
PASS PATTERN NO.29127
PASS PATTERN NO.29128
PASS PATTERN NO.29129
PASS PATTERN NO.29130
PASS PATTERN NO.29131
PASS PATTERN NO.29132
PASS PATTERN NO.29133
PASS PATTERN NO.29134
PASS PATTERN NO.29135
PASS PATTERN NO.29136
PASS PATTERN NO.29137
PASS PATTERN NO.29138
PASS PATTERN NO.29139
PASS PATTERN NO.29140
PASS PATTERN NO.29141
PASS PATTERN NO.29142
PASS PATTERN NO.29143
PASS PATTERN NO.29144
PASS PATTERN NO.29145
PASS PATTERN NO.29146
PASS PATTERN NO.29147
PASS PATTERN NO.29148
PASS PATTERN NO.29149
PASS PATTERN NO.29150
PASS PATTERN NO.29151
PASS PATTERN NO.29152
PASS PATTERN NO.29153
PASS PATTERN NO.29154
PASS PATTERN NO.29155
PASS PATTERN NO.29156
PASS PATTERN NO.29157
PASS PATTERN NO.29158
PASS PATTERN NO.29159
PASS PATTERN NO.29160
PASS PATTERN NO.29161
PASS PATTERN NO.29162
PASS PATTERN NO.29163
PASS PATTERN NO.29164
PASS PATTERN NO.29165
PASS PATTERN NO.29166
PASS PATTERN NO.29167
PASS PATTERN NO.29168
PASS PATTERN NO.29169
PASS PATTERN NO.29170
PASS PATTERN NO.29171
PASS PATTERN NO.29172
PASS PATTERN NO.29173
PASS PATTERN NO.29174
PASS PATTERN NO.29175
PASS PATTERN NO.29176
PASS PATTERN NO.29177
PASS PATTERN NO.29178
PASS PATTERN NO.29179
PASS PATTERN NO.29180
PASS PATTERN NO.29181
PASS PATTERN NO.29182
PASS PATTERN NO.29183
PASS PATTERN NO.29184
PASS PATTERN NO.29185
PASS PATTERN NO.29186
PASS PATTERN NO.29187
PASS PATTERN NO.29188
PASS PATTERN NO.29189
PASS PATTERN NO.29190
PASS PATTERN NO.29191
PASS PATTERN NO.29192
PASS PATTERN NO.29193
PASS PATTERN NO.29194
PASS PATTERN NO.29195
PASS PATTERN NO.29196
PASS PATTERN NO.29197
PASS PATTERN NO.29198
PASS PATTERN NO.29199
PASS PATTERN NO.29200
PASS PATTERN NO.29201
PASS PATTERN NO.29202
PASS PATTERN NO.29203
PASS PATTERN NO.29204
PASS PATTERN NO.29205
PASS PATTERN NO.29206
PASS PATTERN NO.29207
PASS PATTERN NO.29208
PASS PATTERN NO.29209
PASS PATTERN NO.29210
PASS PATTERN NO.29211
PASS PATTERN NO.29212
PASS PATTERN NO.29213
PASS PATTERN NO.29214
PASS PATTERN NO.29215
PASS PATTERN NO.29216
PASS PATTERN NO.29217
PASS PATTERN NO.29218
PASS PATTERN NO.29219
PASS PATTERN NO.29220
PASS PATTERN NO.29221
PASS PATTERN NO.29222
PASS PATTERN NO.29223
PASS PATTERN NO.29224
PASS PATTERN NO.29225
PASS PATTERN NO.29226
PASS PATTERN NO.29227
PASS PATTERN NO.29228
PASS PATTERN NO.29229
PASS PATTERN NO.29230
PASS PATTERN NO.29231
PASS PATTERN NO.29232
PASS PATTERN NO.29233
PASS PATTERN NO.29234
PASS PATTERN NO.29235
PASS PATTERN NO.29236
PASS PATTERN NO.29237
PASS PATTERN NO.29238
PASS PATTERN NO.29239
PASS PATTERN NO.29240
PASS PATTERN NO.29241
PASS PATTERN NO.29242
PASS PATTERN NO.29243
PASS PATTERN NO.29244
PASS PATTERN NO.29245
PASS PATTERN NO.29246
PASS PATTERN NO.29247
PASS PATTERN NO.29248
PASS PATTERN NO.29249
PASS PATTERN NO.29250
PASS PATTERN NO.29251
PASS PATTERN NO.29252
PASS PATTERN NO.29253
PASS PATTERN NO.29254
PASS PATTERN NO.29255
PASS PATTERN NO.29256
PASS PATTERN NO.29257
PASS PATTERN NO.29258
PASS PATTERN NO.29259
PASS PATTERN NO.29260
PASS PATTERN NO.29261
PASS PATTERN NO.29262
PASS PATTERN NO.29263
PASS PATTERN NO.29264
PASS PATTERN NO.29265
PASS PATTERN NO.29266
PASS PATTERN NO.29267
PASS PATTERN NO.29268
PASS PATTERN NO.29269
PASS PATTERN NO.29270
PASS PATTERN NO.29271
PASS PATTERN NO.29272
PASS PATTERN NO.29273
PASS PATTERN NO.29274
PASS PATTERN NO.29275
PASS PATTERN NO.29276
PASS PATTERN NO.29277
PASS PATTERN NO.29278
PASS PATTERN NO.29279
PASS PATTERN NO.29280
PASS PATTERN NO.29281
PASS PATTERN NO.29282
PASS PATTERN NO.29283
PASS PATTERN NO.29284
PASS PATTERN NO.29285
PASS PATTERN NO.29286
PASS PATTERN NO.29287
PASS PATTERN NO.29288
PASS PATTERN NO.29289
PASS PATTERN NO.29290
PASS PATTERN NO.29291
PASS PATTERN NO.29292
PASS PATTERN NO.29293
PASS PATTERN NO.29294
PASS PATTERN NO.29295
PASS PATTERN NO.29296
PASS PATTERN NO.29297
PASS PATTERN NO.29298
PASS PATTERN NO.29299
PASS PATTERN NO.29300
PASS PATTERN NO.29301
PASS PATTERN NO.29302
PASS PATTERN NO.29303
PASS PATTERN NO.29304
PASS PATTERN NO.29305
PASS PATTERN NO.29306
PASS PATTERN NO.29307
PASS PATTERN NO.29308
PASS PATTERN NO.29309
PASS PATTERN NO.29310
PASS PATTERN NO.29311
PASS PATTERN NO.29312
PASS PATTERN NO.29313
PASS PATTERN NO.29314
PASS PATTERN NO.29315
PASS PATTERN NO.29316
PASS PATTERN NO.29317
PASS PATTERN NO.29318
PASS PATTERN NO.29319
PASS PATTERN NO.29320
PASS PATTERN NO.29321
PASS PATTERN NO.29322
PASS PATTERN NO.29323
PASS PATTERN NO.29324
PASS PATTERN NO.29325
PASS PATTERN NO.29326
PASS PATTERN NO.29327
PASS PATTERN NO.29328
PASS PATTERN NO.29329
PASS PATTERN NO.29330
PASS PATTERN NO.29331
PASS PATTERN NO.29332
PASS PATTERN NO.29333
PASS PATTERN NO.29334
PASS PATTERN NO.29335
PASS PATTERN NO.29336
PASS PATTERN NO.29337
PASS PATTERN NO.29338
PASS PATTERN NO.29339
PASS PATTERN NO.29340
PASS PATTERN NO.29341
PASS PATTERN NO.29342
PASS PATTERN NO.29343
PASS PATTERN NO.29344
PASS PATTERN NO.29345
PASS PATTERN NO.29346
PASS PATTERN NO.29347
PASS PATTERN NO.29348
PASS PATTERN NO.29349
PASS PATTERN NO.29350
PASS PATTERN NO.29351
PASS PATTERN NO.29352
PASS PATTERN NO.29353
PASS PATTERN NO.29354
PASS PATTERN NO.29355
PASS PATTERN NO.29356
PASS PATTERN NO.29357
PASS PATTERN NO.29358
PASS PATTERN NO.29359
PASS PATTERN NO.29360
PASS PATTERN NO.29361
PASS PATTERN NO.29362
PASS PATTERN NO.29363
PASS PATTERN NO.29364
PASS PATTERN NO.29365
PASS PATTERN NO.29366
PASS PATTERN NO.29367
PASS PATTERN NO.29368
PASS PATTERN NO.29369
PASS PATTERN NO.29370
PASS PATTERN NO.29371
PASS PATTERN NO.29372
PASS PATTERN NO.29373
PASS PATTERN NO.29374
PASS PATTERN NO.29375
PASS PATTERN NO.29376
PASS PATTERN NO.29377
PASS PATTERN NO.29378
PASS PATTERN NO.29379
PASS PATTERN NO.29380
PASS PATTERN NO.29381
PASS PATTERN NO.29382
PASS PATTERN NO.29383
PASS PATTERN NO.29384
PASS PATTERN NO.29385
PASS PATTERN NO.29386
PASS PATTERN NO.29387
PASS PATTERN NO.29388
PASS PATTERN NO.29389
PASS PATTERN NO.29390
PASS PATTERN NO.29391
PASS PATTERN NO.29392
PASS PATTERN NO.29393
PASS PATTERN NO.29394
PASS PATTERN NO.29395
PASS PATTERN NO.29396
PASS PATTERN NO.29397
PASS PATTERN NO.29398
PASS PATTERN NO.29399
PASS PATTERN NO.29400
PASS PATTERN NO.29401
PASS PATTERN NO.29402
PASS PATTERN NO.29403
PASS PATTERN NO.29404
PASS PATTERN NO.29405
PASS PATTERN NO.29406
PASS PATTERN NO.29407
PASS PATTERN NO.29408
PASS PATTERN NO.29409
PASS PATTERN NO.29410
PASS PATTERN NO.29411
PASS PATTERN NO.29412
PASS PATTERN NO.29413
PASS PATTERN NO.29414
PASS PATTERN NO.29415
PASS PATTERN NO.29416
PASS PATTERN NO.29417
PASS PATTERN NO.29418
PASS PATTERN NO.29419
PASS PATTERN NO.29420
PASS PATTERN NO.29421
PASS PATTERN NO.29422
PASS PATTERN NO.29423
PASS PATTERN NO.29424
PASS PATTERN NO.29425
PASS PATTERN NO.29426
PASS PATTERN NO.29427
PASS PATTERN NO.29428
PASS PATTERN NO.29429
PASS PATTERN NO.29430
PASS PATTERN NO.29431
PASS PATTERN NO.29432
PASS PATTERN NO.29433
PASS PATTERN NO.29434
PASS PATTERN NO.29435
PASS PATTERN NO.29436
PASS PATTERN NO.29437
PASS PATTERN NO.29438
PASS PATTERN NO.29439
PASS PATTERN NO.29440
PASS PATTERN NO.29441
PASS PATTERN NO.29442
PASS PATTERN NO.29443
PASS PATTERN NO.29444
PASS PATTERN NO.29445
PASS PATTERN NO.29446
PASS PATTERN NO.29447
PASS PATTERN NO.29448
PASS PATTERN NO.29449
PASS PATTERN NO.29450
PASS PATTERN NO.29451
PASS PATTERN NO.29452
PASS PATTERN NO.29453
PASS PATTERN NO.29454
PASS PATTERN NO.29455
PASS PATTERN NO.29456
PASS PATTERN NO.29457
PASS PATTERN NO.29458
PASS PATTERN NO.29459
PASS PATTERN NO.29460
PASS PATTERN NO.29461
PASS PATTERN NO.29462
PASS PATTERN NO.29463
PASS PATTERN NO.29464
PASS PATTERN NO.29465
PASS PATTERN NO.29466
PASS PATTERN NO.29467
PASS PATTERN NO.29468
PASS PATTERN NO.29469
PASS PATTERN NO.29470
PASS PATTERN NO.29471
PASS PATTERN NO.29472
PASS PATTERN NO.29473
PASS PATTERN NO.29474
PASS PATTERN NO.29475
PASS PATTERN NO.29476
PASS PATTERN NO.29477
PASS PATTERN NO.29478
PASS PATTERN NO.29479
PASS PATTERN NO.29480
PASS PATTERN NO.29481
PASS PATTERN NO.29482
PASS PATTERN NO.29483
PASS PATTERN NO.29484
PASS PATTERN NO.29485
PASS PATTERN NO.29486
PASS PATTERN NO.29487
PASS PATTERN NO.29488
PASS PATTERN NO.29489
PASS PATTERN NO.29490
PASS PATTERN NO.29491
PASS PATTERN NO.29492
PASS PATTERN NO.29493
PASS PATTERN NO.29494
PASS PATTERN NO.29495
PASS PATTERN NO.29496
PASS PATTERN NO.29497
PASS PATTERN NO.29498
PASS PATTERN NO.29499
PASS PATTERN NO.29500
PASS PATTERN NO.29501
PASS PATTERN NO.29502
PASS PATTERN NO.29503
PASS PATTERN NO.29504
PASS PATTERN NO.29505
PASS PATTERN NO.29506
PASS PATTERN NO.29507
PASS PATTERN NO.29508
PASS PATTERN NO.29509
PASS PATTERN NO.29510
PASS PATTERN NO.29511
PASS PATTERN NO.29512
PASS PATTERN NO.29513
PASS PATTERN NO.29514
PASS PATTERN NO.29515
PASS PATTERN NO.29516
PASS PATTERN NO.29517
PASS PATTERN NO.29518
PASS PATTERN NO.29519
PASS PATTERN NO.29520
PASS PATTERN NO.29521
PASS PATTERN NO.29522
PASS PATTERN NO.29523
PASS PATTERN NO.29524
PASS PATTERN NO.29525
PASS PATTERN NO.29526
PASS PATTERN NO.29527
PASS PATTERN NO.29528
PASS PATTERN NO.29529
PASS PATTERN NO.29530
PASS PATTERN NO.29531
PASS PATTERN NO.29532
PASS PATTERN NO.29533
PASS PATTERN NO.29534
PASS PATTERN NO.29535
PASS PATTERN NO.29536
PASS PATTERN NO.29537
PASS PATTERN NO.29538
PASS PATTERN NO.29539
PASS PATTERN NO.29540
PASS PATTERN NO.29541
PASS PATTERN NO.29542
PASS PATTERN NO.29543
PASS PATTERN NO.29544
PASS PATTERN NO.29545
PASS PATTERN NO.29546
PASS PATTERN NO.29547
PASS PATTERN NO.29548
PASS PATTERN NO.29549
PASS PATTERN NO.29550
PASS PATTERN NO.29551
PASS PATTERN NO.29552
PASS PATTERN NO.29553
PASS PATTERN NO.29554
PASS PATTERN NO.29555
PASS PATTERN NO.29556
PASS PATTERN NO.29557
PASS PATTERN NO.29558
PASS PATTERN NO.29559
PASS PATTERN NO.29560
PASS PATTERN NO.29561
PASS PATTERN NO.29562
PASS PATTERN NO.29563
PASS PATTERN NO.29564
PASS PATTERN NO.29565
PASS PATTERN NO.29566
PASS PATTERN NO.29567
PASS PATTERN NO.29568
PASS PATTERN NO.29569
PASS PATTERN NO.29570
PASS PATTERN NO.29571
PASS PATTERN NO.29572
PASS PATTERN NO.29573
PASS PATTERN NO.29574
PASS PATTERN NO.29575
PASS PATTERN NO.29576
PASS PATTERN NO.29577
PASS PATTERN NO.29578
PASS PATTERN NO.29579
PASS PATTERN NO.29580
PASS PATTERN NO.29581
PASS PATTERN NO.29582
PASS PATTERN NO.29583
PASS PATTERN NO.29584
PASS PATTERN NO.29585
PASS PATTERN NO.29586
PASS PATTERN NO.29587
PASS PATTERN NO.29588
PASS PATTERN NO.29589
PASS PATTERN NO.29590
PASS PATTERN NO.29591
PASS PATTERN NO.29592
PASS PATTERN NO.29593
PASS PATTERN NO.29594
PASS PATTERN NO.29595
PASS PATTERN NO.29596
PASS PATTERN NO.29597
PASS PATTERN NO.29598
PASS PATTERN NO.29599
PASS PATTERN NO.29600
PASS PATTERN NO.29601
PASS PATTERN NO.29602
PASS PATTERN NO.29603
PASS PATTERN NO.29604
PASS PATTERN NO.29605
PASS PATTERN NO.29606
PASS PATTERN NO.29607
PASS PATTERN NO.29608
PASS PATTERN NO.29609
PASS PATTERN NO.29610
PASS PATTERN NO.29611
PASS PATTERN NO.29612
PASS PATTERN NO.29613
PASS PATTERN NO.29614
PASS PATTERN NO.29615
PASS PATTERN NO.29616
PASS PATTERN NO.29617
PASS PATTERN NO.29618
PASS PATTERN NO.29619
PASS PATTERN NO.29620
PASS PATTERN NO.29621
PASS PATTERN NO.29622
PASS PATTERN NO.29623
PASS PATTERN NO.29624
PASS PATTERN NO.29625
PASS PATTERN NO.29626
PASS PATTERN NO.29627
PASS PATTERN NO.29628
PASS PATTERN NO.29629
PASS PATTERN NO.29630
PASS PATTERN NO.29631
PASS PATTERN NO.29632
PASS PATTERN NO.29633
PASS PATTERN NO.29634
PASS PATTERN NO.29635
PASS PATTERN NO.29636
PASS PATTERN NO.29637
PASS PATTERN NO.29638
PASS PATTERN NO.29639
PASS PATTERN NO.29640
PASS PATTERN NO.29641
PASS PATTERN NO.29642
PASS PATTERN NO.29643
PASS PATTERN NO.29644
PASS PATTERN NO.29645
PASS PATTERN NO.29646
PASS PATTERN NO.29647
PASS PATTERN NO.29648
PASS PATTERN NO.29649
PASS PATTERN NO.29650
PASS PATTERN NO.29651
PASS PATTERN NO.29652
PASS PATTERN NO.29653
PASS PATTERN NO.29654
PASS PATTERN NO.29655
PASS PATTERN NO.29656
PASS PATTERN NO.29657
PASS PATTERN NO.29658
PASS PATTERN NO.29659
PASS PATTERN NO.29660
PASS PATTERN NO.29661
PASS PATTERN NO.29662
PASS PATTERN NO.29663
PASS PATTERN NO.29664
PASS PATTERN NO.29665
PASS PATTERN NO.29666
PASS PATTERN NO.29667
PASS PATTERN NO.29668
PASS PATTERN NO.29669
PASS PATTERN NO.29670
PASS PATTERN NO.29671
PASS PATTERN NO.29672
PASS PATTERN NO.29673
PASS PATTERN NO.29674
PASS PATTERN NO.29675
PASS PATTERN NO.29676
PASS PATTERN NO.29677
PASS PATTERN NO.29678
PASS PATTERN NO.29679
PASS PATTERN NO.29680
PASS PATTERN NO.29681
PASS PATTERN NO.29682
PASS PATTERN NO.29683
PASS PATTERN NO.29684
PASS PATTERN NO.29685
PASS PATTERN NO.29686
PASS PATTERN NO.29687
PASS PATTERN NO.29688
PASS PATTERN NO.29689
PASS PATTERN NO.29690
PASS PATTERN NO.29691
PASS PATTERN NO.29692
PASS PATTERN NO.29693
PASS PATTERN NO.29694
PASS PATTERN NO.29695
PASS PATTERN NO.29696
PASS PATTERN NO.29697
PASS PATTERN NO.29698
PASS PATTERN NO.29699
PASS PATTERN NO.29700
PASS PATTERN NO.29701
PASS PATTERN NO.29702
PASS PATTERN NO.29703
PASS PATTERN NO.29704
PASS PATTERN NO.29705
PASS PATTERN NO.29706
PASS PATTERN NO.29707
PASS PATTERN NO.29708
PASS PATTERN NO.29709
PASS PATTERN NO.29710
PASS PATTERN NO.29711
PASS PATTERN NO.29712
PASS PATTERN NO.29713
PASS PATTERN NO.29714
PASS PATTERN NO.29715
PASS PATTERN NO.29716
PASS PATTERN NO.29717
PASS PATTERN NO.29718
PASS PATTERN NO.29719
PASS PATTERN NO.29720
PASS PATTERN NO.29721
PASS PATTERN NO.29722
PASS PATTERN NO.29723
PASS PATTERN NO.29724
PASS PATTERN NO.29725
PASS PATTERN NO.29726
PASS PATTERN NO.29727
PASS PATTERN NO.29728
PASS PATTERN NO.29729
PASS PATTERN NO.29730
PASS PATTERN NO.29731
PASS PATTERN NO.29732
PASS PATTERN NO.29733
PASS PATTERN NO.29734
PASS PATTERN NO.29735
PASS PATTERN NO.29736
PASS PATTERN NO.29737
PASS PATTERN NO.29738
PASS PATTERN NO.29739
PASS PATTERN NO.29740
PASS PATTERN NO.29741
PASS PATTERN NO.29742
PASS PATTERN NO.29743
PASS PATTERN NO.29744
PASS PATTERN NO.29745
PASS PATTERN NO.29746
PASS PATTERN NO.29747
PASS PATTERN NO.29748
PASS PATTERN NO.29749
PASS PATTERN NO.29750
PASS PATTERN NO.29751
PASS PATTERN NO.29752
PASS PATTERN NO.29753
PASS PATTERN NO.29754
PASS PATTERN NO.29755
PASS PATTERN NO.29756
PASS PATTERN NO.29757
PASS PATTERN NO.29758
PASS PATTERN NO.29759
PASS PATTERN NO.29760
PASS PATTERN NO.29761
PASS PATTERN NO.29762
PASS PATTERN NO.29763
PASS PATTERN NO.29764
PASS PATTERN NO.29765
PASS PATTERN NO.29766
PASS PATTERN NO.29767
PASS PATTERN NO.29768
PASS PATTERN NO.29769
PASS PATTERN NO.29770
PASS PATTERN NO.29771
PASS PATTERN NO.29772
PASS PATTERN NO.29773
PASS PATTERN NO.29774
PASS PATTERN NO.29775
PASS PATTERN NO.29776
PASS PATTERN NO.29777
PASS PATTERN NO.29778
PASS PATTERN NO.29779
PASS PATTERN NO.29780
PASS PATTERN NO.29781
PASS PATTERN NO.29782
PASS PATTERN NO.29783
PASS PATTERN NO.29784
PASS PATTERN NO.29785
PASS PATTERN NO.29786
PASS PATTERN NO.29787
PASS PATTERN NO.29788
PASS PATTERN NO.29789
PASS PATTERN NO.29790
PASS PATTERN NO.29791
PASS PATTERN NO.29792
PASS PATTERN NO.29793
PASS PATTERN NO.29794
PASS PATTERN NO.29795
PASS PATTERN NO.29796
PASS PATTERN NO.29797
PASS PATTERN NO.29798
PASS PATTERN NO.29799
PASS PATTERN NO.29800
PASS PATTERN NO.29801
PASS PATTERN NO.29802
PASS PATTERN NO.29803
PASS PATTERN NO.29804
PASS PATTERN NO.29805
PASS PATTERN NO.29806
PASS PATTERN NO.29807
PASS PATTERN NO.29808
PASS PATTERN NO.29809
PASS PATTERN NO.29810
PASS PATTERN NO.29811
PASS PATTERN NO.29812
PASS PATTERN NO.29813
PASS PATTERN NO.29814
PASS PATTERN NO.29815
PASS PATTERN NO.29816
PASS PATTERN NO.29817
PASS PATTERN NO.29818
PASS PATTERN NO.29819
PASS PATTERN NO.29820
PASS PATTERN NO.29821
PASS PATTERN NO.29822
PASS PATTERN NO.29823
PASS PATTERN NO.29824
PASS PATTERN NO.29825
PASS PATTERN NO.29826
PASS PATTERN NO.29827
PASS PATTERN NO.29828
PASS PATTERN NO.29829
PASS PATTERN NO.29830
PASS PATTERN NO.29831
PASS PATTERN NO.29832
PASS PATTERN NO.29833
PASS PATTERN NO.29834
PASS PATTERN NO.29835
PASS PATTERN NO.29836
PASS PATTERN NO.29837
PASS PATTERN NO.29838
PASS PATTERN NO.29839
PASS PATTERN NO.29840
PASS PATTERN NO.29841
PASS PATTERN NO.29842
PASS PATTERN NO.29843
PASS PATTERN NO.29844
PASS PATTERN NO.29845
PASS PATTERN NO.29846
PASS PATTERN NO.29847
PASS PATTERN NO.29848
PASS PATTERN NO.29849
PASS PATTERN NO.29850
PASS PATTERN NO.29851
PASS PATTERN NO.29852
PASS PATTERN NO.29853
PASS PATTERN NO.29854
PASS PATTERN NO.29855
PASS PATTERN NO.29856
PASS PATTERN NO.29857
PASS PATTERN NO.29858
PASS PATTERN NO.29859
PASS PATTERN NO.29860
PASS PATTERN NO.29861
PASS PATTERN NO.29862
PASS PATTERN NO.29863
PASS PATTERN NO.29864
PASS PATTERN NO.29865
PASS PATTERN NO.29866
PASS PATTERN NO.29867
PASS PATTERN NO.29868
PASS PATTERN NO.29869
PASS PATTERN NO.29870
PASS PATTERN NO.29871
PASS PATTERN NO.29872
PASS PATTERN NO.29873
PASS PATTERN NO.29874
PASS PATTERN NO.29875
PASS PATTERN NO.29876
PASS PATTERN NO.29877
PASS PATTERN NO.29878
PASS PATTERN NO.29879
PASS PATTERN NO.29880
PASS PATTERN NO.29881
PASS PATTERN NO.29882
PASS PATTERN NO.29883
PASS PATTERN NO.29884
PASS PATTERN NO.29885
PASS PATTERN NO.29886
PASS PATTERN NO.29887
PASS PATTERN NO.29888
PASS PATTERN NO.29889
PASS PATTERN NO.29890
PASS PATTERN NO.29891
PASS PATTERN NO.29892
PASS PATTERN NO.29893
PASS PATTERN NO.29894
PASS PATTERN NO.29895
PASS PATTERN NO.29896
PASS PATTERN NO.29897
PASS PATTERN NO.29898
PASS PATTERN NO.29899
PASS PATTERN NO.29900
PASS PATTERN NO.29901
PASS PATTERN NO.29902
PASS PATTERN NO.29903
PASS PATTERN NO.29904
PASS PATTERN NO.29905
PASS PATTERN NO.29906
PASS PATTERN NO.29907
PASS PATTERN NO.29908
PASS PATTERN NO.29909
PASS PATTERN NO.29910
PASS PATTERN NO.29911
PASS PATTERN NO.29912
PASS PATTERN NO.29913
PASS PATTERN NO.29914
PASS PATTERN NO.29915
PASS PATTERN NO.29916
PASS PATTERN NO.29917
PASS PATTERN NO.29918
PASS PATTERN NO.29919
PASS PATTERN NO.29920
PASS PATTERN NO.29921
PASS PATTERN NO.29922
PASS PATTERN NO.29923
PASS PATTERN NO.29924
PASS PATTERN NO.29925
PASS PATTERN NO.29926
PASS PATTERN NO.29927
PASS PATTERN NO.29928
PASS PATTERN NO.29929
PASS PATTERN NO.29930
PASS PATTERN NO.29931
PASS PATTERN NO.29932
PASS PATTERN NO.29933
PASS PATTERN NO.29934
PASS PATTERN NO.29935
PASS PATTERN NO.29936
PASS PATTERN NO.29937
PASS PATTERN NO.29938
PASS PATTERN NO.29939
PASS PATTERN NO.29940
PASS PATTERN NO.29941
PASS PATTERN NO.29942
PASS PATTERN NO.29943
PASS PATTERN NO.29944
PASS PATTERN NO.29945
PASS PATTERN NO.29946
PASS PATTERN NO.29947
PASS PATTERN NO.29948
PASS PATTERN NO.29949
PASS PATTERN NO.29950
PASS PATTERN NO.29951
PASS PATTERN NO.29952
PASS PATTERN NO.29953
PASS PATTERN NO.29954
PASS PATTERN NO.29955
PASS PATTERN NO.29956
PASS PATTERN NO.29957
PASS PATTERN NO.29958
PASS PATTERN NO.29959
PASS PATTERN NO.29960
PASS PATTERN NO.29961
PASS PATTERN NO.29962
PASS PATTERN NO.29963
PASS PATTERN NO.29964
PASS PATTERN NO.29965
PASS PATTERN NO.29966
PASS PATTERN NO.29967
PASS PATTERN NO.29968
PASS PATTERN NO.29969
PASS PATTERN NO.29970
PASS PATTERN NO.29971
PASS PATTERN NO.29972
PASS PATTERN NO.29973
PASS PATTERN NO.29974
PASS PATTERN NO.29975
PASS PATTERN NO.29976
PASS PATTERN NO.29977
PASS PATTERN NO.29978
PASS PATTERN NO.29979
PASS PATTERN NO.29980
PASS PATTERN NO.29981
PASS PATTERN NO.29982
PASS PATTERN NO.29983
PASS PATTERN NO.29984
PASS PATTERN NO.29985
PASS PATTERN NO.29986
PASS PATTERN NO.29987
PASS PATTERN NO.29988
PASS PATTERN NO.29989
PASS PATTERN NO.29990
PASS PATTERN NO.29991
PASS PATTERN NO.29992
PASS PATTERN NO.29993
PASS PATTERN NO.29994
PASS PATTERN NO.29995
PASS PATTERN NO.29996
PASS PATTERN NO.29997
PASS PATTERN NO.29998
PASS PATTERN NO.29999
PASS PATTERN NO.30000
PASS PATTERN NO.30001
PASS PATTERN NO.30002
PASS PATTERN NO.30003
PASS PATTERN NO.30004
PASS PATTERN NO.30005
PASS PATTERN NO.30006
PASS PATTERN NO.30007
PASS PATTERN NO.30008
PASS PATTERN NO.30009
PASS PATTERN NO.30010
PASS PATTERN NO.30011
PASS PATTERN NO.30012
PASS PATTERN NO.30013
PASS PATTERN NO.30014
PASS PATTERN NO.30015
PASS PATTERN NO.30016
PASS PATTERN NO.30017
PASS PATTERN NO.30018
PASS PATTERN NO.30019
PASS PATTERN NO.30020
PASS PATTERN NO.30021
PASS PATTERN NO.30022
PASS PATTERN NO.30023
PASS PATTERN NO.30024
PASS PATTERN NO.30025
PASS PATTERN NO.30026
PASS PATTERN NO.30027
PASS PATTERN NO.30028
PASS PATTERN NO.30029
PASS PATTERN NO.30030
PASS PATTERN NO.30031
PASS PATTERN NO.30032
PASS PATTERN NO.30033
PASS PATTERN NO.30034
PASS PATTERN NO.30035
PASS PATTERN NO.30036
PASS PATTERN NO.30037
PASS PATTERN NO.30038
PASS PATTERN NO.30039
PASS PATTERN NO.30040
PASS PATTERN NO.30041
PASS PATTERN NO.30042
PASS PATTERN NO.30043
PASS PATTERN NO.30044
PASS PATTERN NO.30045
PASS PATTERN NO.30046
PASS PATTERN NO.30047
PASS PATTERN NO.30048
PASS PATTERN NO.30049
PASS PATTERN NO.30050
PASS PATTERN NO.30051
PASS PATTERN NO.30052
PASS PATTERN NO.30053
PASS PATTERN NO.30054
PASS PATTERN NO.30055
PASS PATTERN NO.30056
PASS PATTERN NO.30057
PASS PATTERN NO.30058
PASS PATTERN NO.30059
PASS PATTERN NO.30060
PASS PATTERN NO.30061
PASS PATTERN NO.30062
PASS PATTERN NO.30063
PASS PATTERN NO.30064
PASS PATTERN NO.30065
PASS PATTERN NO.30066
PASS PATTERN NO.30067
PASS PATTERN NO.30068
PASS PATTERN NO.30069
PASS PATTERN NO.30070
PASS PATTERN NO.30071
PASS PATTERN NO.30072
PASS PATTERN NO.30073
PASS PATTERN NO.30074
PASS PATTERN NO.30075
PASS PATTERN NO.30076
PASS PATTERN NO.30077
PASS PATTERN NO.30078
PASS PATTERN NO.30079
PASS PATTERN NO.30080
PASS PATTERN NO.30081
PASS PATTERN NO.30082
PASS PATTERN NO.30083
PASS PATTERN NO.30084
PASS PATTERN NO.30085
PASS PATTERN NO.30086
PASS PATTERN NO.30087
PASS PATTERN NO.30088
PASS PATTERN NO.30089
PASS PATTERN NO.30090
PASS PATTERN NO.30091
PASS PATTERN NO.30092
PASS PATTERN NO.30093
PASS PATTERN NO.30094
PASS PATTERN NO.30095
PASS PATTERN NO.30096
PASS PATTERN NO.30097
PASS PATTERN NO.30098
PASS PATTERN NO.30099
PASS PATTERN NO.30100
PASS PATTERN NO.30101
PASS PATTERN NO.30102
PASS PATTERN NO.30103
PASS PATTERN NO.30104
PASS PATTERN NO.30105
PASS PATTERN NO.30106
PASS PATTERN NO.30107
PASS PATTERN NO.30108
PASS PATTERN NO.30109
PASS PATTERN NO.30110
PASS PATTERN NO.30111
PASS PATTERN NO.30112
PASS PATTERN NO.30113
PASS PATTERN NO.30114
PASS PATTERN NO.30115
PASS PATTERN NO.30116
PASS PATTERN NO.30117
PASS PATTERN NO.30118
PASS PATTERN NO.30119
PASS PATTERN NO.30120
PASS PATTERN NO.30121
PASS PATTERN NO.30122
PASS PATTERN NO.30123
PASS PATTERN NO.30124
PASS PATTERN NO.30125
PASS PATTERN NO.30126
PASS PATTERN NO.30127
PASS PATTERN NO.30128
PASS PATTERN NO.30129
PASS PATTERN NO.30130
PASS PATTERN NO.30131
PASS PATTERN NO.30132
PASS PATTERN NO.30133
PASS PATTERN NO.30134
PASS PATTERN NO.30135
PASS PATTERN NO.30136
PASS PATTERN NO.30137
PASS PATTERN NO.30138
PASS PATTERN NO.30139
PASS PATTERN NO.30140
PASS PATTERN NO.30141
PASS PATTERN NO.30142
PASS PATTERN NO.30143
PASS PATTERN NO.30144
PASS PATTERN NO.30145
PASS PATTERN NO.30146
PASS PATTERN NO.30147
PASS PATTERN NO.30148
PASS PATTERN NO.30149
PASS PATTERN NO.30150
PASS PATTERN NO.30151
PASS PATTERN NO.30152
PASS PATTERN NO.30153
PASS PATTERN NO.30154
PASS PATTERN NO.30155
PASS PATTERN NO.30156
PASS PATTERN NO.30157
PASS PATTERN NO.30158
PASS PATTERN NO.30159
PASS PATTERN NO.30160
PASS PATTERN NO.30161
PASS PATTERN NO.30162
PASS PATTERN NO.30163
PASS PATTERN NO.30164
PASS PATTERN NO.30165
PASS PATTERN NO.30166
PASS PATTERN NO.30167
PASS PATTERN NO.30168
PASS PATTERN NO.30169
PASS PATTERN NO.30170
PASS PATTERN NO.30171
PASS PATTERN NO.30172
PASS PATTERN NO.30173
PASS PATTERN NO.30174
PASS PATTERN NO.30175
PASS PATTERN NO.30176
PASS PATTERN NO.30177
PASS PATTERN NO.30178
PASS PATTERN NO.30179
PASS PATTERN NO.30180
PASS PATTERN NO.30181
PASS PATTERN NO.30182
PASS PATTERN NO.30183
PASS PATTERN NO.30184
PASS PATTERN NO.30185
PASS PATTERN NO.30186
PASS PATTERN NO.30187
PASS PATTERN NO.30188
PASS PATTERN NO.30189
PASS PATTERN NO.30190
PASS PATTERN NO.30191
PASS PATTERN NO.30192
PASS PATTERN NO.30193
PASS PATTERN NO.30194
PASS PATTERN NO.30195
PASS PATTERN NO.30196
PASS PATTERN NO.30197
PASS PATTERN NO.30198
PASS PATTERN NO.30199
PASS PATTERN NO.30200
PASS PATTERN NO.30201
PASS PATTERN NO.30202
PASS PATTERN NO.30203
PASS PATTERN NO.30204
PASS PATTERN NO.30205
PASS PATTERN NO.30206
PASS PATTERN NO.30207
PASS PATTERN NO.30208
PASS PATTERN NO.30209
PASS PATTERN NO.30210
PASS PATTERN NO.30211
PASS PATTERN NO.30212
PASS PATTERN NO.30213
PASS PATTERN NO.30214
PASS PATTERN NO.30215
PASS PATTERN NO.30216
PASS PATTERN NO.30217
PASS PATTERN NO.30218
PASS PATTERN NO.30219
PASS PATTERN NO.30220
PASS PATTERN NO.30221
PASS PATTERN NO.30222
PASS PATTERN NO.30223
PASS PATTERN NO.30224
PASS PATTERN NO.30225
PASS PATTERN NO.30226
PASS PATTERN NO.30227
PASS PATTERN NO.30228
PASS PATTERN NO.30229
PASS PATTERN NO.30230
PASS PATTERN NO.30231
PASS PATTERN NO.30232
PASS PATTERN NO.30233
PASS PATTERN NO.30234
PASS PATTERN NO.30235
PASS PATTERN NO.30236
PASS PATTERN NO.30237
PASS PATTERN NO.30238
PASS PATTERN NO.30239
PASS PATTERN NO.30240
PASS PATTERN NO.30241
PASS PATTERN NO.30242
PASS PATTERN NO.30243
PASS PATTERN NO.30244
PASS PATTERN NO.30245
PASS PATTERN NO.30246
PASS PATTERN NO.30247
PASS PATTERN NO.30248
PASS PATTERN NO.30249
PASS PATTERN NO.30250
PASS PATTERN NO.30251
PASS PATTERN NO.30252
PASS PATTERN NO.30253
PASS PATTERN NO.30254
PASS PATTERN NO.30255
PASS PATTERN NO.30256
PASS PATTERN NO.30257
PASS PATTERN NO.30258
PASS PATTERN NO.30259
PASS PATTERN NO.30260
PASS PATTERN NO.30261
PASS PATTERN NO.30262
PASS PATTERN NO.30263
PASS PATTERN NO.30264
PASS PATTERN NO.30265
PASS PATTERN NO.30266
PASS PATTERN NO.30267
PASS PATTERN NO.30268
PASS PATTERN NO.30269
PASS PATTERN NO.30270
PASS PATTERN NO.30271
PASS PATTERN NO.30272
PASS PATTERN NO.30273
PASS PATTERN NO.30274
PASS PATTERN NO.30275
PASS PATTERN NO.30276
PASS PATTERN NO.30277
PASS PATTERN NO.30278
PASS PATTERN NO.30279
PASS PATTERN NO.30280
PASS PATTERN NO.30281
PASS PATTERN NO.30282
PASS PATTERN NO.30283
PASS PATTERN NO.30284
PASS PATTERN NO.30285
PASS PATTERN NO.30286
PASS PATTERN NO.30287
PASS PATTERN NO.30288
PASS PATTERN NO.30289
PASS PATTERN NO.30290
PASS PATTERN NO.30291
PASS PATTERN NO.30292
PASS PATTERN NO.30293
PASS PATTERN NO.30294
PASS PATTERN NO.30295
PASS PATTERN NO.30296
PASS PATTERN NO.30297
PASS PATTERN NO.30298
PASS PATTERN NO.30299
PASS PATTERN NO.30300
PASS PATTERN NO.30301
PASS PATTERN NO.30302
PASS PATTERN NO.30303
PASS PATTERN NO.30304
PASS PATTERN NO.30305
PASS PATTERN NO.30306
PASS PATTERN NO.30307
PASS PATTERN NO.30308
PASS PATTERN NO.30309
PASS PATTERN NO.30310
PASS PATTERN NO.30311
PASS PATTERN NO.30312
PASS PATTERN NO.30313
PASS PATTERN NO.30314
PASS PATTERN NO.30315
PASS PATTERN NO.30316
PASS PATTERN NO.30317
PASS PATTERN NO.30318
PASS PATTERN NO.30319
PASS PATTERN NO.30320
PASS PATTERN NO.30321
PASS PATTERN NO.30322
PASS PATTERN NO.30323
PASS PATTERN NO.30324
PASS PATTERN NO.30325
PASS PATTERN NO.30326
PASS PATTERN NO.30327
PASS PATTERN NO.30328
PASS PATTERN NO.30329
PASS PATTERN NO.30330
PASS PATTERN NO.30331
PASS PATTERN NO.30332
PASS PATTERN NO.30333
PASS PATTERN NO.30334
PASS PATTERN NO.30335
PASS PATTERN NO.30336
PASS PATTERN NO.30337
PASS PATTERN NO.30338
PASS PATTERN NO.30339
PASS PATTERN NO.30340
PASS PATTERN NO.30341
PASS PATTERN NO.30342
PASS PATTERN NO.30343
PASS PATTERN NO.30344
PASS PATTERN NO.30345
PASS PATTERN NO.30346
PASS PATTERN NO.30347
PASS PATTERN NO.30348
PASS PATTERN NO.30349
PASS PATTERN NO.30350
PASS PATTERN NO.30351
PASS PATTERN NO.30352
PASS PATTERN NO.30353
PASS PATTERN NO.30354
PASS PATTERN NO.30355
PASS PATTERN NO.30356
PASS PATTERN NO.30357
PASS PATTERN NO.30358
PASS PATTERN NO.30359
PASS PATTERN NO.30360
PASS PATTERN NO.30361
PASS PATTERN NO.30362
PASS PATTERN NO.30363
PASS PATTERN NO.30364
PASS PATTERN NO.30365
PASS PATTERN NO.30366
PASS PATTERN NO.30367
PASS PATTERN NO.30368
PASS PATTERN NO.30369
PASS PATTERN NO.30370
PASS PATTERN NO.30371
PASS PATTERN NO.30372
PASS PATTERN NO.30373
PASS PATTERN NO.30374
PASS PATTERN NO.30375
PASS PATTERN NO.30376
PASS PATTERN NO.30377
PASS PATTERN NO.30378
PASS PATTERN NO.30379
PASS PATTERN NO.30380
PASS PATTERN NO.30381
PASS PATTERN NO.30382
PASS PATTERN NO.30383
PASS PATTERN NO.30384
PASS PATTERN NO.30385
PASS PATTERN NO.30386
PASS PATTERN NO.30387
PASS PATTERN NO.30388
PASS PATTERN NO.30389
PASS PATTERN NO.30390
PASS PATTERN NO.30391
PASS PATTERN NO.30392
PASS PATTERN NO.30393
PASS PATTERN NO.30394
PASS PATTERN NO.30395
PASS PATTERN NO.30396
PASS PATTERN NO.30397
PASS PATTERN NO.30398
PASS PATTERN NO.30399
PASS PATTERN NO.30400
PASS PATTERN NO.30401
PASS PATTERN NO.30402
PASS PATTERN NO.30403
PASS PATTERN NO.30404
PASS PATTERN NO.30405
PASS PATTERN NO.30406
PASS PATTERN NO.30407
PASS PATTERN NO.30408
PASS PATTERN NO.30409
PASS PATTERN NO.30410
PASS PATTERN NO.30411
PASS PATTERN NO.30412
PASS PATTERN NO.30413
PASS PATTERN NO.30414
PASS PATTERN NO.30415
PASS PATTERN NO.30416
PASS PATTERN NO.30417
PASS PATTERN NO.30418
PASS PATTERN NO.30419
PASS PATTERN NO.30420
PASS PATTERN NO.30421
PASS PATTERN NO.30422
PASS PATTERN NO.30423
PASS PATTERN NO.30424
PASS PATTERN NO.30425
PASS PATTERN NO.30426
PASS PATTERN NO.30427
PASS PATTERN NO.30428
PASS PATTERN NO.30429
PASS PATTERN NO.30430
PASS PATTERN NO.30431
PASS PATTERN NO.30432
PASS PATTERN NO.30433
PASS PATTERN NO.30434
PASS PATTERN NO.30435
PASS PATTERN NO.30436
PASS PATTERN NO.30437
PASS PATTERN NO.30438
PASS PATTERN NO.30439
PASS PATTERN NO.30440
PASS PATTERN NO.30441
PASS PATTERN NO.30442
PASS PATTERN NO.30443
PASS PATTERN NO.30444
PASS PATTERN NO.30445
PASS PATTERN NO.30446
PASS PATTERN NO.30447
PASS PATTERN NO.30448
PASS PATTERN NO.30449
PASS PATTERN NO.30450
PASS PATTERN NO.30451
PASS PATTERN NO.30452
PASS PATTERN NO.30453
PASS PATTERN NO.30454
PASS PATTERN NO.30455
PASS PATTERN NO.30456
PASS PATTERN NO.30457
PASS PATTERN NO.30458
PASS PATTERN NO.30459
PASS PATTERN NO.30460
PASS PATTERN NO.30461
PASS PATTERN NO.30462
PASS PATTERN NO.30463
PASS PATTERN NO.30464
PASS PATTERN NO.30465
PASS PATTERN NO.30466
PASS PATTERN NO.30467
PASS PATTERN NO.30468
PASS PATTERN NO.30469
PASS PATTERN NO.30470
PASS PATTERN NO.30471
PASS PATTERN NO.30472
PASS PATTERN NO.30473
PASS PATTERN NO.30474
PASS PATTERN NO.30475
PASS PATTERN NO.30476
PASS PATTERN NO.30477
PASS PATTERN NO.30478
PASS PATTERN NO.30479
PASS PATTERN NO.30480
PASS PATTERN NO.30481
PASS PATTERN NO.30482
PASS PATTERN NO.30483
PASS PATTERN NO.30484
PASS PATTERN NO.30485
PASS PATTERN NO.30486
PASS PATTERN NO.30487
PASS PATTERN NO.30488
PASS PATTERN NO.30489
PASS PATTERN NO.30490
PASS PATTERN NO.30491
PASS PATTERN NO.30492
PASS PATTERN NO.30493
PASS PATTERN NO.30494
PASS PATTERN NO.30495
PASS PATTERN NO.30496
PASS PATTERN NO.30497
PASS PATTERN NO.30498
PASS PATTERN NO.30499
PASS PATTERN NO.30500
PASS PATTERN NO.30501
PASS PATTERN NO.30502
PASS PATTERN NO.30503
PASS PATTERN NO.30504
PASS PATTERN NO.30505
PASS PATTERN NO.30506
PASS PATTERN NO.30507
PASS PATTERN NO.30508
PASS PATTERN NO.30509
PASS PATTERN NO.30510
PASS PATTERN NO.30511
PASS PATTERN NO.30512
PASS PATTERN NO.30513
PASS PATTERN NO.30514
PASS PATTERN NO.30515
PASS PATTERN NO.30516
PASS PATTERN NO.30517
PASS PATTERN NO.30518
PASS PATTERN NO.30519
PASS PATTERN NO.30520
PASS PATTERN NO.30521
PASS PATTERN NO.30522
PASS PATTERN NO.30523
PASS PATTERN NO.30524
PASS PATTERN NO.30525
PASS PATTERN NO.30526
PASS PATTERN NO.30527
PASS PATTERN NO.30528
PASS PATTERN NO.30529
PASS PATTERN NO.30530
PASS PATTERN NO.30531
PASS PATTERN NO.30532
PASS PATTERN NO.30533
PASS PATTERN NO.30534
PASS PATTERN NO.30535
PASS PATTERN NO.30536
PASS PATTERN NO.30537
PASS PATTERN NO.30538
PASS PATTERN NO.30539
PASS PATTERN NO.30540
PASS PATTERN NO.30541
PASS PATTERN NO.30542
PASS PATTERN NO.30543
PASS PATTERN NO.30544
PASS PATTERN NO.30545
PASS PATTERN NO.30546
PASS PATTERN NO.30547
PASS PATTERN NO.30548
PASS PATTERN NO.30549
PASS PATTERN NO.30550
PASS PATTERN NO.30551
PASS PATTERN NO.30552
PASS PATTERN NO.30553
PASS PATTERN NO.30554
PASS PATTERN NO.30555
PASS PATTERN NO.30556
PASS PATTERN NO.30557
PASS PATTERN NO.30558
PASS PATTERN NO.30559
PASS PATTERN NO.30560
PASS PATTERN NO.30561
PASS PATTERN NO.30562
PASS PATTERN NO.30563
PASS PATTERN NO.30564
PASS PATTERN NO.30565
PASS PATTERN NO.30566
PASS PATTERN NO.30567
PASS PATTERN NO.30568
PASS PATTERN NO.30569
PASS PATTERN NO.30570
PASS PATTERN NO.30571
PASS PATTERN NO.30572
PASS PATTERN NO.30573
PASS PATTERN NO.30574
PASS PATTERN NO.30575
PASS PATTERN NO.30576
PASS PATTERN NO.30577
PASS PATTERN NO.30578
PASS PATTERN NO.30579
PASS PATTERN NO.30580
PASS PATTERN NO.30581
PASS PATTERN NO.30582
PASS PATTERN NO.30583
PASS PATTERN NO.30584
PASS PATTERN NO.30585
PASS PATTERN NO.30586
PASS PATTERN NO.30587
PASS PATTERN NO.30588
PASS PATTERN NO.30589
PASS PATTERN NO.30590
PASS PATTERN NO.30591
PASS PATTERN NO.30592
PASS PATTERN NO.30593
PASS PATTERN NO.30594
PASS PATTERN NO.30595
PASS PATTERN NO.30596
PASS PATTERN NO.30597
PASS PATTERN NO.30598
PASS PATTERN NO.30599
PASS PATTERN NO.30600
PASS PATTERN NO.30601
PASS PATTERN NO.30602
PASS PATTERN NO.30603
PASS PATTERN NO.30604
PASS PATTERN NO.30605
PASS PATTERN NO.30606
PASS PATTERN NO.30607
PASS PATTERN NO.30608
PASS PATTERN NO.30609
PASS PATTERN NO.30610
PASS PATTERN NO.30611
PASS PATTERN NO.30612
PASS PATTERN NO.30613
PASS PATTERN NO.30614
PASS PATTERN NO.30615
PASS PATTERN NO.30616
PASS PATTERN NO.30617
PASS PATTERN NO.30618
PASS PATTERN NO.30619
PASS PATTERN NO.30620
PASS PATTERN NO.30621
PASS PATTERN NO.30622
PASS PATTERN NO.30623
PASS PATTERN NO.30624
PASS PATTERN NO.30625
PASS PATTERN NO.30626
PASS PATTERN NO.30627
PASS PATTERN NO.30628
PASS PATTERN NO.30629
PASS PATTERN NO.30630
PASS PATTERN NO.30631
PASS PATTERN NO.30632
PASS PATTERN NO.30633
PASS PATTERN NO.30634
PASS PATTERN NO.30635
PASS PATTERN NO.30636
PASS PATTERN NO.30637
PASS PATTERN NO.30638
PASS PATTERN NO.30639
PASS PATTERN NO.30640
PASS PATTERN NO.30641
PASS PATTERN NO.30642
PASS PATTERN NO.30643
PASS PATTERN NO.30644
PASS PATTERN NO.30645
PASS PATTERN NO.30646
PASS PATTERN NO.30647
PASS PATTERN NO.30648
PASS PATTERN NO.30649
PASS PATTERN NO.30650
PASS PATTERN NO.30651
PASS PATTERN NO.30652
PASS PATTERN NO.30653
PASS PATTERN NO.30654
PASS PATTERN NO.30655
PASS PATTERN NO.30656
PASS PATTERN NO.30657
PASS PATTERN NO.30658
PASS PATTERN NO.30659
PASS PATTERN NO.30660
PASS PATTERN NO.30661
PASS PATTERN NO.30662
PASS PATTERN NO.30663
PASS PATTERN NO.30664
PASS PATTERN NO.30665
PASS PATTERN NO.30666
PASS PATTERN NO.30667
PASS PATTERN NO.30668
PASS PATTERN NO.30669
PASS PATTERN NO.30670
PASS PATTERN NO.30671
PASS PATTERN NO.30672
PASS PATTERN NO.30673
PASS PATTERN NO.30674
PASS PATTERN NO.30675
PASS PATTERN NO.30676
PASS PATTERN NO.30677
PASS PATTERN NO.30678
PASS PATTERN NO.30679
PASS PATTERN NO.30680
PASS PATTERN NO.30681
PASS PATTERN NO.30682
PASS PATTERN NO.30683
PASS PATTERN NO.30684
PASS PATTERN NO.30685
PASS PATTERN NO.30686
PASS PATTERN NO.30687
PASS PATTERN NO.30688
PASS PATTERN NO.30689
PASS PATTERN NO.30690
PASS PATTERN NO.30691
PASS PATTERN NO.30692
PASS PATTERN NO.30693
PASS PATTERN NO.30694
PASS PATTERN NO.30695
PASS PATTERN NO.30696
PASS PATTERN NO.30697
PASS PATTERN NO.30698
PASS PATTERN NO.30699
PASS PATTERN NO.30700
PASS PATTERN NO.30701
PASS PATTERN NO.30702
PASS PATTERN NO.30703
PASS PATTERN NO.30704
PASS PATTERN NO.30705
PASS PATTERN NO.30706
PASS PATTERN NO.30707
PASS PATTERN NO.30708
PASS PATTERN NO.30709
PASS PATTERN NO.30710
PASS PATTERN NO.30711
PASS PATTERN NO.30712
PASS PATTERN NO.30713
PASS PATTERN NO.30714
PASS PATTERN NO.30715
PASS PATTERN NO.30716
PASS PATTERN NO.30717
PASS PATTERN NO.30718
PASS PATTERN NO.30719
PASS PATTERN NO.30720
PASS PATTERN NO.30721
PASS PATTERN NO.30722
PASS PATTERN NO.30723
PASS PATTERN NO.30724
PASS PATTERN NO.30725
PASS PATTERN NO.30726
PASS PATTERN NO.30727
PASS PATTERN NO.30728
PASS PATTERN NO.30729
PASS PATTERN NO.30730
PASS PATTERN NO.30731
PASS PATTERN NO.30732
PASS PATTERN NO.30733
PASS PATTERN NO.30734
PASS PATTERN NO.30735
PASS PATTERN NO.30736
PASS PATTERN NO.30737
PASS PATTERN NO.30738
PASS PATTERN NO.30739
PASS PATTERN NO.30740
PASS PATTERN NO.30741
PASS PATTERN NO.30742
PASS PATTERN NO.30743
PASS PATTERN NO.30744
PASS PATTERN NO.30745
PASS PATTERN NO.30746
PASS PATTERN NO.30747
PASS PATTERN NO.30748
PASS PATTERN NO.30749
PASS PATTERN NO.30750
PASS PATTERN NO.30751
PASS PATTERN NO.30752
PASS PATTERN NO.30753
PASS PATTERN NO.30754
PASS PATTERN NO.30755
PASS PATTERN NO.30756
PASS PATTERN NO.30757
PASS PATTERN NO.30758
PASS PATTERN NO.30759
PASS PATTERN NO.30760
PASS PATTERN NO.30761
PASS PATTERN NO.30762
PASS PATTERN NO.30763
PASS PATTERN NO.30764
PASS PATTERN NO.30765
PASS PATTERN NO.30766
PASS PATTERN NO.30767
PASS PATTERN NO.30768
PASS PATTERN NO.30769
PASS PATTERN NO.30770
PASS PATTERN NO.30771
PASS PATTERN NO.30772
PASS PATTERN NO.30773
PASS PATTERN NO.30774
PASS PATTERN NO.30775
PASS PATTERN NO.30776
PASS PATTERN NO.30777
PASS PATTERN NO.30778
PASS PATTERN NO.30779
PASS PATTERN NO.30780
PASS PATTERN NO.30781
PASS PATTERN NO.30782
PASS PATTERN NO.30783
PASS PATTERN NO.30784
PASS PATTERN NO.30785
PASS PATTERN NO.30786
PASS PATTERN NO.30787
PASS PATTERN NO.30788
PASS PATTERN NO.30789
PASS PATTERN NO.30790
PASS PATTERN NO.30791
PASS PATTERN NO.30792
PASS PATTERN NO.30793
PASS PATTERN NO.30794
PASS PATTERN NO.30795
PASS PATTERN NO.30796
PASS PATTERN NO.30797
PASS PATTERN NO.30798
PASS PATTERN NO.30799
PASS PATTERN NO.30800
PASS PATTERN NO.30801
PASS PATTERN NO.30802
PASS PATTERN NO.30803
PASS PATTERN NO.30804
PASS PATTERN NO.30805
PASS PATTERN NO.30806
PASS PATTERN NO.30807
PASS PATTERN NO.30808
PASS PATTERN NO.30809
PASS PATTERN NO.30810
PASS PATTERN NO.30811
PASS PATTERN NO.30812
PASS PATTERN NO.30813
PASS PATTERN NO.30814
PASS PATTERN NO.30815
PASS PATTERN NO.30816
PASS PATTERN NO.30817
PASS PATTERN NO.30818
PASS PATTERN NO.30819
PASS PATTERN NO.30820
PASS PATTERN NO.30821
PASS PATTERN NO.30822
PASS PATTERN NO.30823
PASS PATTERN NO.30824
PASS PATTERN NO.30825
PASS PATTERN NO.30826
PASS PATTERN NO.30827
PASS PATTERN NO.30828
PASS PATTERN NO.30829
PASS PATTERN NO.30830
PASS PATTERN NO.30831
PASS PATTERN NO.30832
PASS PATTERN NO.30833
PASS PATTERN NO.30834
PASS PATTERN NO.30835
PASS PATTERN NO.30836
PASS PATTERN NO.30837
PASS PATTERN NO.30838
PASS PATTERN NO.30839
PASS PATTERN NO.30840
PASS PATTERN NO.30841
PASS PATTERN NO.30842
PASS PATTERN NO.30843
PASS PATTERN NO.30844
PASS PATTERN NO.30845
PASS PATTERN NO.30846
PASS PATTERN NO.30847
PASS PATTERN NO.30848
PASS PATTERN NO.30849
PASS PATTERN NO.30850
PASS PATTERN NO.30851
PASS PATTERN NO.30852
PASS PATTERN NO.30853
PASS PATTERN NO.30854
PASS PATTERN NO.30855
PASS PATTERN NO.30856
PASS PATTERN NO.30857
PASS PATTERN NO.30858
PASS PATTERN NO.30859
PASS PATTERN NO.30860
PASS PATTERN NO.30861
PASS PATTERN NO.30862
PASS PATTERN NO.30863
PASS PATTERN NO.30864
PASS PATTERN NO.30865
PASS PATTERN NO.30866
PASS PATTERN NO.30867
PASS PATTERN NO.30868
PASS PATTERN NO.30869
PASS PATTERN NO.30870
PASS PATTERN NO.30871
PASS PATTERN NO.30872
PASS PATTERN NO.30873
PASS PATTERN NO.30874
PASS PATTERN NO.30875
PASS PATTERN NO.30876
PASS PATTERN NO.30877
PASS PATTERN NO.30878
PASS PATTERN NO.30879
PASS PATTERN NO.30880
PASS PATTERN NO.30881
PASS PATTERN NO.30882
PASS PATTERN NO.30883
PASS PATTERN NO.30884
PASS PATTERN NO.30885
PASS PATTERN NO.30886
PASS PATTERN NO.30887
PASS PATTERN NO.30888
PASS PATTERN NO.30889
PASS PATTERN NO.30890
PASS PATTERN NO.30891
PASS PATTERN NO.30892
PASS PATTERN NO.30893
PASS PATTERN NO.30894
PASS PATTERN NO.30895
PASS PATTERN NO.30896
PASS PATTERN NO.30897
PASS PATTERN NO.30898
PASS PATTERN NO.30899
PASS PATTERN NO.30900
PASS PATTERN NO.30901
PASS PATTERN NO.30902
PASS PATTERN NO.30903
PASS PATTERN NO.30904
PASS PATTERN NO.30905
PASS PATTERN NO.30906
PASS PATTERN NO.30907
PASS PATTERN NO.30908
PASS PATTERN NO.30909
PASS PATTERN NO.30910
PASS PATTERN NO.30911
PASS PATTERN NO.30912
PASS PATTERN NO.30913
PASS PATTERN NO.30914
PASS PATTERN NO.30915
PASS PATTERN NO.30916
PASS PATTERN NO.30917
PASS PATTERN NO.30918
PASS PATTERN NO.30919
PASS PATTERN NO.30920
PASS PATTERN NO.30921
PASS PATTERN NO.30922
PASS PATTERN NO.30923
PASS PATTERN NO.30924
PASS PATTERN NO.30925
PASS PATTERN NO.30926
PASS PATTERN NO.30927
PASS PATTERN NO.30928
PASS PATTERN NO.30929
PASS PATTERN NO.30930
PASS PATTERN NO.30931
PASS PATTERN NO.30932
PASS PATTERN NO.30933
PASS PATTERN NO.30934
PASS PATTERN NO.30935
PASS PATTERN NO.30936
PASS PATTERN NO.30937
PASS PATTERN NO.30938
PASS PATTERN NO.30939
PASS PATTERN NO.30940
PASS PATTERN NO.30941
PASS PATTERN NO.30942
PASS PATTERN NO.30943
PASS PATTERN NO.30944
PASS PATTERN NO.30945
PASS PATTERN NO.30946
PASS PATTERN NO.30947
PASS PATTERN NO.30948
PASS PATTERN NO.30949
PASS PATTERN NO.30950
PASS PATTERN NO.30951
PASS PATTERN NO.30952
PASS PATTERN NO.30953
PASS PATTERN NO.30954
PASS PATTERN NO.30955
PASS PATTERN NO.30956
PASS PATTERN NO.30957
PASS PATTERN NO.30958
PASS PATTERN NO.30959
PASS PATTERN NO.30960
PASS PATTERN NO.30961
PASS PATTERN NO.30962
PASS PATTERN NO.30963
PASS PATTERN NO.30964
PASS PATTERN NO.30965
PASS PATTERN NO.30966
PASS PATTERN NO.30967
PASS PATTERN NO.30968
PASS PATTERN NO.30969
PASS PATTERN NO.30970
PASS PATTERN NO.30971
PASS PATTERN NO.30972
PASS PATTERN NO.30973
PASS PATTERN NO.30974
PASS PATTERN NO.30975
PASS PATTERN NO.30976
PASS PATTERN NO.30977
PASS PATTERN NO.30978
PASS PATTERN NO.30979
PASS PATTERN NO.30980
PASS PATTERN NO.30981
PASS PATTERN NO.30982
PASS PATTERN NO.30983
PASS PATTERN NO.30984
PASS PATTERN NO.30985
PASS PATTERN NO.30986
PASS PATTERN NO.30987
PASS PATTERN NO.30988
PASS PATTERN NO.30989
PASS PATTERN NO.30990
PASS PATTERN NO.30991
PASS PATTERN NO.30992
PASS PATTERN NO.30993
PASS PATTERN NO.30994
PASS PATTERN NO.30995
PASS PATTERN NO.30996
PASS PATTERN NO.30997
PASS PATTERN NO.30998
PASS PATTERN NO.30999
PASS PATTERN NO.31000
PASS PATTERN NO.31001
PASS PATTERN NO.31002
PASS PATTERN NO.31003
PASS PATTERN NO.31004
PASS PATTERN NO.31005
PASS PATTERN NO.31006
PASS PATTERN NO.31007
PASS PATTERN NO.31008
PASS PATTERN NO.31009
PASS PATTERN NO.31010
PASS PATTERN NO.31011
PASS PATTERN NO.31012
PASS PATTERN NO.31013
PASS PATTERN NO.31014
PASS PATTERN NO.31015
PASS PATTERN NO.31016
PASS PATTERN NO.31017
PASS PATTERN NO.31018
PASS PATTERN NO.31019
PASS PATTERN NO.31020
PASS PATTERN NO.31021
PASS PATTERN NO.31022
PASS PATTERN NO.31023
PASS PATTERN NO.31024
PASS PATTERN NO.31025
PASS PATTERN NO.31026
PASS PATTERN NO.31027
PASS PATTERN NO.31028
PASS PATTERN NO.31029
PASS PATTERN NO.31030
PASS PATTERN NO.31031
PASS PATTERN NO.31032
PASS PATTERN NO.31033
PASS PATTERN NO.31034
PASS PATTERN NO.31035
PASS PATTERN NO.31036
PASS PATTERN NO.31037
PASS PATTERN NO.31038
PASS PATTERN NO.31039
PASS PATTERN NO.31040
PASS PATTERN NO.31041
PASS PATTERN NO.31042
PASS PATTERN NO.31043
PASS PATTERN NO.31044
PASS PATTERN NO.31045
PASS PATTERN NO.31046
PASS PATTERN NO.31047
PASS PATTERN NO.31048
PASS PATTERN NO.31049
PASS PATTERN NO.31050
PASS PATTERN NO.31051
PASS PATTERN NO.31052
PASS PATTERN NO.31053
PASS PATTERN NO.31054
PASS PATTERN NO.31055
PASS PATTERN NO.31056
PASS PATTERN NO.31057
PASS PATTERN NO.31058
PASS PATTERN NO.31059
PASS PATTERN NO.31060
PASS PATTERN NO.31061
PASS PATTERN NO.31062
PASS PATTERN NO.31063
PASS PATTERN NO.31064
PASS PATTERN NO.31065
PASS PATTERN NO.31066
PASS PATTERN NO.31067
PASS PATTERN NO.31068
PASS PATTERN NO.31069
PASS PATTERN NO.31070
PASS PATTERN NO.31071
PASS PATTERN NO.31072
PASS PATTERN NO.31073
PASS PATTERN NO.31074
PASS PATTERN NO.31075
PASS PATTERN NO.31076
PASS PATTERN NO.31077
PASS PATTERN NO.31078
PASS PATTERN NO.31079
PASS PATTERN NO.31080
PASS PATTERN NO.31081
PASS PATTERN NO.31082
PASS PATTERN NO.31083
PASS PATTERN NO.31084
PASS PATTERN NO.31085
PASS PATTERN NO.31086
PASS PATTERN NO.31087
PASS PATTERN NO.31088
PASS PATTERN NO.31089
PASS PATTERN NO.31090
PASS PATTERN NO.31091
PASS PATTERN NO.31092
PASS PATTERN NO.31093
PASS PATTERN NO.31094
PASS PATTERN NO.31095
PASS PATTERN NO.31096
PASS PATTERN NO.31097
PASS PATTERN NO.31098
PASS PATTERN NO.31099
PASS PATTERN NO.31100
PASS PATTERN NO.31101
PASS PATTERN NO.31102
PASS PATTERN NO.31103
PASS PATTERN NO.31104
PASS PATTERN NO.31105
PASS PATTERN NO.31106
PASS PATTERN NO.31107
PASS PATTERN NO.31108
PASS PATTERN NO.31109
PASS PATTERN NO.31110
PASS PATTERN NO.31111
PASS PATTERN NO.31112
PASS PATTERN NO.31113
PASS PATTERN NO.31114
PASS PATTERN NO.31115
PASS PATTERN NO.31116
PASS PATTERN NO.31117
PASS PATTERN NO.31118
PASS PATTERN NO.31119
PASS PATTERN NO.31120
PASS PATTERN NO.31121
PASS PATTERN NO.31122
PASS PATTERN NO.31123
PASS PATTERN NO.31124
PASS PATTERN NO.31125
PASS PATTERN NO.31126
PASS PATTERN NO.31127
PASS PATTERN NO.31128
PASS PATTERN NO.31129
PASS PATTERN NO.31130
PASS PATTERN NO.31131
PASS PATTERN NO.31132
PASS PATTERN NO.31133
PASS PATTERN NO.31134
PASS PATTERN NO.31135
PASS PATTERN NO.31136
PASS PATTERN NO.31137
PASS PATTERN NO.31138
PASS PATTERN NO.31139
PASS PATTERN NO.31140
PASS PATTERN NO.31141
PASS PATTERN NO.31142
PASS PATTERN NO.31143
PASS PATTERN NO.31144
PASS PATTERN NO.31145
PASS PATTERN NO.31146
PASS PATTERN NO.31147
PASS PATTERN NO.31148
PASS PATTERN NO.31149
PASS PATTERN NO.31150
PASS PATTERN NO.31151
PASS PATTERN NO.31152
PASS PATTERN NO.31153
PASS PATTERN NO.31154
PASS PATTERN NO.31155
PASS PATTERN NO.31156
PASS PATTERN NO.31157
PASS PATTERN NO.31158
PASS PATTERN NO.31159
PASS PATTERN NO.31160
PASS PATTERN NO.31161
PASS PATTERN NO.31162
PASS PATTERN NO.31163
PASS PATTERN NO.31164
PASS PATTERN NO.31165
PASS PATTERN NO.31166
PASS PATTERN NO.31167
PASS PATTERN NO.31168
PASS PATTERN NO.31169
PASS PATTERN NO.31170
PASS PATTERN NO.31171
PASS PATTERN NO.31172
PASS PATTERN NO.31173
PASS PATTERN NO.31174
PASS PATTERN NO.31175
PASS PATTERN NO.31176
PASS PATTERN NO.31177
PASS PATTERN NO.31178
PASS PATTERN NO.31179
PASS PATTERN NO.31180
PASS PATTERN NO.31181
PASS PATTERN NO.31182
PASS PATTERN NO.31183
PASS PATTERN NO.31184
PASS PATTERN NO.31185
PASS PATTERN NO.31186
PASS PATTERN NO.31187
PASS PATTERN NO.31188
PASS PATTERN NO.31189
PASS PATTERN NO.31190
PASS PATTERN NO.31191
PASS PATTERN NO.31192
PASS PATTERN NO.31193
PASS PATTERN NO.31194
PASS PATTERN NO.31195
PASS PATTERN NO.31196
PASS PATTERN NO.31197
PASS PATTERN NO.31198
PASS PATTERN NO.31199
PASS PATTERN NO.31200
PASS PATTERN NO.31201
PASS PATTERN NO.31202
PASS PATTERN NO.31203
PASS PATTERN NO.31204
PASS PATTERN NO.31205
PASS PATTERN NO.31206
PASS PATTERN NO.31207
PASS PATTERN NO.31208
PASS PATTERN NO.31209
PASS PATTERN NO.31210
PASS PATTERN NO.31211
PASS PATTERN NO.31212
PASS PATTERN NO.31213
PASS PATTERN NO.31214
PASS PATTERN NO.31215
PASS PATTERN NO.31216
PASS PATTERN NO.31217
PASS PATTERN NO.31218
PASS PATTERN NO.31219
PASS PATTERN NO.31220
PASS PATTERN NO.31221
PASS PATTERN NO.31222
PASS PATTERN NO.31223
PASS PATTERN NO.31224
PASS PATTERN NO.31225
PASS PATTERN NO.31226
PASS PATTERN NO.31227
PASS PATTERN NO.31228
PASS PATTERN NO.31229
PASS PATTERN NO.31230
PASS PATTERN NO.31231
PASS PATTERN NO.31232
PASS PATTERN NO.31233
PASS PATTERN NO.31234
PASS PATTERN NO.31235
PASS PATTERN NO.31236
PASS PATTERN NO.31237
PASS PATTERN NO.31238
PASS PATTERN NO.31239
PASS PATTERN NO.31240
PASS PATTERN NO.31241
PASS PATTERN NO.31242
PASS PATTERN NO.31243
PASS PATTERN NO.31244
PASS PATTERN NO.31245
PASS PATTERN NO.31246
PASS PATTERN NO.31247
PASS PATTERN NO.31248
PASS PATTERN NO.31249
PASS PATTERN NO.31250
PASS PATTERN NO.31251
PASS PATTERN NO.31252
PASS PATTERN NO.31253
PASS PATTERN NO.31254
PASS PATTERN NO.31255
PASS PATTERN NO.31256
PASS PATTERN NO.31257
PASS PATTERN NO.31258
PASS PATTERN NO.31259
PASS PATTERN NO.31260
PASS PATTERN NO.31261
PASS PATTERN NO.31262
PASS PATTERN NO.31263
PASS PATTERN NO.31264
PASS PATTERN NO.31265
PASS PATTERN NO.31266
PASS PATTERN NO.31267
PASS PATTERN NO.31268
PASS PATTERN NO.31269
PASS PATTERN NO.31270
PASS PATTERN NO.31271
PASS PATTERN NO.31272
PASS PATTERN NO.31273
PASS PATTERN NO.31274
PASS PATTERN NO.31275
PASS PATTERN NO.31276
PASS PATTERN NO.31277
PASS PATTERN NO.31278
PASS PATTERN NO.31279
PASS PATTERN NO.31280
PASS PATTERN NO.31281
PASS PATTERN NO.31282
PASS PATTERN NO.31283
PASS PATTERN NO.31284
PASS PATTERN NO.31285
PASS PATTERN NO.31286
PASS PATTERN NO.31287
PASS PATTERN NO.31288
PASS PATTERN NO.31289
PASS PATTERN NO.31290
PASS PATTERN NO.31291
PASS PATTERN NO.31292
PASS PATTERN NO.31293
PASS PATTERN NO.31294
PASS PATTERN NO.31295
PASS PATTERN NO.31296
PASS PATTERN NO.31297
PASS PATTERN NO.31298
PASS PATTERN NO.31299
PASS PATTERN NO.31300
PASS PATTERN NO.31301
PASS PATTERN NO.31302
PASS PATTERN NO.31303
PASS PATTERN NO.31304
PASS PATTERN NO.31305
PASS PATTERN NO.31306
PASS PATTERN NO.31307
PASS PATTERN NO.31308
PASS PATTERN NO.31309
PASS PATTERN NO.31310
PASS PATTERN NO.31311
PASS PATTERN NO.31312
PASS PATTERN NO.31313
PASS PATTERN NO.31314
PASS PATTERN NO.31315
PASS PATTERN NO.31316
PASS PATTERN NO.31317
PASS PATTERN NO.31318
PASS PATTERN NO.31319
PASS PATTERN NO.31320
PASS PATTERN NO.31321
PASS PATTERN NO.31322
PASS PATTERN NO.31323
PASS PATTERN NO.31324
PASS PATTERN NO.31325
PASS PATTERN NO.31326
PASS PATTERN NO.31327
PASS PATTERN NO.31328
PASS PATTERN NO.31329
PASS PATTERN NO.31330
PASS PATTERN NO.31331
PASS PATTERN NO.31332
PASS PATTERN NO.31333
PASS PATTERN NO.31334
PASS PATTERN NO.31335
PASS PATTERN NO.31336
PASS PATTERN NO.31337
PASS PATTERN NO.31338
PASS PATTERN NO.31339
PASS PATTERN NO.31340
PASS PATTERN NO.31341
PASS PATTERN NO.31342
PASS PATTERN NO.31343
PASS PATTERN NO.31344
PASS PATTERN NO.31345
PASS PATTERN NO.31346
PASS PATTERN NO.31347
PASS PATTERN NO.31348
PASS PATTERN NO.31349
PASS PATTERN NO.31350
PASS PATTERN NO.31351
PASS PATTERN NO.31352
PASS PATTERN NO.31353
PASS PATTERN NO.31354
PASS PATTERN NO.31355
PASS PATTERN NO.31356
PASS PATTERN NO.31357
PASS PATTERN NO.31358
PASS PATTERN NO.31359
PASS PATTERN NO.31360
PASS PATTERN NO.31361
PASS PATTERN NO.31362
PASS PATTERN NO.31363
PASS PATTERN NO.31364
PASS PATTERN NO.31365
PASS PATTERN NO.31366
PASS PATTERN NO.31367
PASS PATTERN NO.31368
PASS PATTERN NO.31369
PASS PATTERN NO.31370
PASS PATTERN NO.31371
PASS PATTERN NO.31372
PASS PATTERN NO.31373
PASS PATTERN NO.31374
PASS PATTERN NO.31375
PASS PATTERN NO.31376
PASS PATTERN NO.31377
PASS PATTERN NO.31378
PASS PATTERN NO.31379
PASS PATTERN NO.31380
PASS PATTERN NO.31381
PASS PATTERN NO.31382
PASS PATTERN NO.31383
PASS PATTERN NO.31384
PASS PATTERN NO.31385
PASS PATTERN NO.31386
PASS PATTERN NO.31387
PASS PATTERN NO.31388
PASS PATTERN NO.31389
PASS PATTERN NO.31390
PASS PATTERN NO.31391
PASS PATTERN NO.31392
PASS PATTERN NO.31393
PASS PATTERN NO.31394
PASS PATTERN NO.31395
PASS PATTERN NO.31396
PASS PATTERN NO.31397
PASS PATTERN NO.31398
PASS PATTERN NO.31399
PASS PATTERN NO.31400
PASS PATTERN NO.31401
PASS PATTERN NO.31402
PASS PATTERN NO.31403
PASS PATTERN NO.31404
PASS PATTERN NO.31405
PASS PATTERN NO.31406
PASS PATTERN NO.31407
PASS PATTERN NO.31408
PASS PATTERN NO.31409
PASS PATTERN NO.31410
PASS PATTERN NO.31411
PASS PATTERN NO.31412
PASS PATTERN NO.31413
PASS PATTERN NO.31414
PASS PATTERN NO.31415
PASS PATTERN NO.31416
PASS PATTERN NO.31417
PASS PATTERN NO.31418
PASS PATTERN NO.31419
PASS PATTERN NO.31420
PASS PATTERN NO.31421
PASS PATTERN NO.31422
PASS PATTERN NO.31423
PASS PATTERN NO.31424
PASS PATTERN NO.31425
PASS PATTERN NO.31426
PASS PATTERN NO.31427
PASS PATTERN NO.31428
PASS PATTERN NO.31429
PASS PATTERN NO.31430
PASS PATTERN NO.31431
PASS PATTERN NO.31432
PASS PATTERN NO.31433
PASS PATTERN NO.31434
PASS PATTERN NO.31435
PASS PATTERN NO.31436
PASS PATTERN NO.31437
PASS PATTERN NO.31438
PASS PATTERN NO.31439
PASS PATTERN NO.31440
PASS PATTERN NO.31441
PASS PATTERN NO.31442
PASS PATTERN NO.31443
PASS PATTERN NO.31444
PASS PATTERN NO.31445
PASS PATTERN NO.31446
PASS PATTERN NO.31447
PASS PATTERN NO.31448
PASS PATTERN NO.31449
PASS PATTERN NO.31450
PASS PATTERN NO.31451
PASS PATTERN NO.31452
PASS PATTERN NO.31453
PASS PATTERN NO.31454
PASS PATTERN NO.31455
PASS PATTERN NO.31456
PASS PATTERN NO.31457
PASS PATTERN NO.31458
PASS PATTERN NO.31459
PASS PATTERN NO.31460
PASS PATTERN NO.31461
PASS PATTERN NO.31462
PASS PATTERN NO.31463
PASS PATTERN NO.31464
PASS PATTERN NO.31465
PASS PATTERN NO.31466
PASS PATTERN NO.31467
PASS PATTERN NO.31468
PASS PATTERN NO.31469
PASS PATTERN NO.31470
PASS PATTERN NO.31471
PASS PATTERN NO.31472
PASS PATTERN NO.31473
PASS PATTERN NO.31474
PASS PATTERN NO.31475
PASS PATTERN NO.31476
PASS PATTERN NO.31477
PASS PATTERN NO.31478
PASS PATTERN NO.31479
PASS PATTERN NO.31480
PASS PATTERN NO.31481
PASS PATTERN NO.31482
PASS PATTERN NO.31483
PASS PATTERN NO.31484
PASS PATTERN NO.31485
PASS PATTERN NO.31486
PASS PATTERN NO.31487
PASS PATTERN NO.31488
PASS PATTERN NO.31489
PASS PATTERN NO.31490
PASS PATTERN NO.31491
PASS PATTERN NO.31492
PASS PATTERN NO.31493
PASS PATTERN NO.31494
PASS PATTERN NO.31495
PASS PATTERN NO.31496
PASS PATTERN NO.31497
PASS PATTERN NO.31498
PASS PATTERN NO.31499
PASS PATTERN NO.31500
PASS PATTERN NO.31501
PASS PATTERN NO.31502
PASS PATTERN NO.31503
PASS PATTERN NO.31504
PASS PATTERN NO.31505
PASS PATTERN NO.31506
PASS PATTERN NO.31507
PASS PATTERN NO.31508
PASS PATTERN NO.31509
PASS PATTERN NO.31510
PASS PATTERN NO.31511
PASS PATTERN NO.31512
PASS PATTERN NO.31513
PASS PATTERN NO.31514
PASS PATTERN NO.31515
PASS PATTERN NO.31516
PASS PATTERN NO.31517
PASS PATTERN NO.31518
PASS PATTERN NO.31519
PASS PATTERN NO.31520
PASS PATTERN NO.31521
PASS PATTERN NO.31522
PASS PATTERN NO.31523
PASS PATTERN NO.31524
PASS PATTERN NO.31525
PASS PATTERN NO.31526
PASS PATTERN NO.31527
PASS PATTERN NO.31528
PASS PATTERN NO.31529
PASS PATTERN NO.31530
PASS PATTERN NO.31531
PASS PATTERN NO.31532
PASS PATTERN NO.31533
PASS PATTERN NO.31534
PASS PATTERN NO.31535
PASS PATTERN NO.31536
PASS PATTERN NO.31537
PASS PATTERN NO.31538
PASS PATTERN NO.31539
PASS PATTERN NO.31540
PASS PATTERN NO.31541
PASS PATTERN NO.31542
PASS PATTERN NO.31543
PASS PATTERN NO.31544
PASS PATTERN NO.31545
PASS PATTERN NO.31546
PASS PATTERN NO.31547
PASS PATTERN NO.31548
PASS PATTERN NO.31549
PASS PATTERN NO.31550
PASS PATTERN NO.31551
PASS PATTERN NO.31552
PASS PATTERN NO.31553
PASS PATTERN NO.31554
PASS PATTERN NO.31555
PASS PATTERN NO.31556
PASS PATTERN NO.31557
PASS PATTERN NO.31558
PASS PATTERN NO.31559
PASS PATTERN NO.31560
PASS PATTERN NO.31561
PASS PATTERN NO.31562
PASS PATTERN NO.31563
PASS PATTERN NO.31564
PASS PATTERN NO.31565
PASS PATTERN NO.31566
PASS PATTERN NO.31567
PASS PATTERN NO.31568
PASS PATTERN NO.31569
PASS PATTERN NO.31570
PASS PATTERN NO.31571
PASS PATTERN NO.31572
PASS PATTERN NO.31573
PASS PATTERN NO.31574
PASS PATTERN NO.31575
PASS PATTERN NO.31576
PASS PATTERN NO.31577
PASS PATTERN NO.31578
PASS PATTERN NO.31579
PASS PATTERN NO.31580
PASS PATTERN NO.31581
PASS PATTERN NO.31582
PASS PATTERN NO.31583
PASS PATTERN NO.31584
PASS PATTERN NO.31585
PASS PATTERN NO.31586
PASS PATTERN NO.31587
PASS PATTERN NO.31588
PASS PATTERN NO.31589
PASS PATTERN NO.31590
PASS PATTERN NO.31591
PASS PATTERN NO.31592
PASS PATTERN NO.31593
PASS PATTERN NO.31594
PASS PATTERN NO.31595
PASS PATTERN NO.31596
PASS PATTERN NO.31597
PASS PATTERN NO.31598
PASS PATTERN NO.31599
PASS PATTERN NO.31600
PASS PATTERN NO.31601
PASS PATTERN NO.31602
PASS PATTERN NO.31603
PASS PATTERN NO.31604
PASS PATTERN NO.31605
PASS PATTERN NO.31606
PASS PATTERN NO.31607
PASS PATTERN NO.31608
PASS PATTERN NO.31609
PASS PATTERN NO.31610
PASS PATTERN NO.31611
PASS PATTERN NO.31612
PASS PATTERN NO.31613
PASS PATTERN NO.31614
PASS PATTERN NO.31615
PASS PATTERN NO.31616
PASS PATTERN NO.31617
PASS PATTERN NO.31618
PASS PATTERN NO.31619
PASS PATTERN NO.31620
PASS PATTERN NO.31621
PASS PATTERN NO.31622
PASS PATTERN NO.31623
PASS PATTERN NO.31624
PASS PATTERN NO.31625
PASS PATTERN NO.31626
PASS PATTERN NO.31627
PASS PATTERN NO.31628
PASS PATTERN NO.31629
PASS PATTERN NO.31630
PASS PATTERN NO.31631
PASS PATTERN NO.31632
PASS PATTERN NO.31633
PASS PATTERN NO.31634
PASS PATTERN NO.31635
PASS PATTERN NO.31636
PASS PATTERN NO.31637
PASS PATTERN NO.31638
PASS PATTERN NO.31639
PASS PATTERN NO.31640
PASS PATTERN NO.31641
PASS PATTERN NO.31642
PASS PATTERN NO.31643
PASS PATTERN NO.31644
PASS PATTERN NO.31645
PASS PATTERN NO.31646
PASS PATTERN NO.31647
PASS PATTERN NO.31648
PASS PATTERN NO.31649
PASS PATTERN NO.31650
PASS PATTERN NO.31651
PASS PATTERN NO.31652
PASS PATTERN NO.31653
PASS PATTERN NO.31654
PASS PATTERN NO.31655
PASS PATTERN NO.31656
PASS PATTERN NO.31657
PASS PATTERN NO.31658
PASS PATTERN NO.31659
PASS PATTERN NO.31660
PASS PATTERN NO.31661
PASS PATTERN NO.31662
PASS PATTERN NO.31663
PASS PATTERN NO.31664
PASS PATTERN NO.31665
PASS PATTERN NO.31666
PASS PATTERN NO.31667
PASS PATTERN NO.31668
PASS PATTERN NO.31669
PASS PATTERN NO.31670
PASS PATTERN NO.31671
PASS PATTERN NO.31672
PASS PATTERN NO.31673
PASS PATTERN NO.31674
PASS PATTERN NO.31675
PASS PATTERN NO.31676
PASS PATTERN NO.31677
PASS PATTERN NO.31678
PASS PATTERN NO.31679
PASS PATTERN NO.31680
PASS PATTERN NO.31681
PASS PATTERN NO.31682
PASS PATTERN NO.31683
PASS PATTERN NO.31684
PASS PATTERN NO.31685
PASS PATTERN NO.31686
PASS PATTERN NO.31687
PASS PATTERN NO.31688
PASS PATTERN NO.31689
PASS PATTERN NO.31690
PASS PATTERN NO.31691
PASS PATTERN NO.31692
PASS PATTERN NO.31693
PASS PATTERN NO.31694
PASS PATTERN NO.31695
PASS PATTERN NO.31696
PASS PATTERN NO.31697
PASS PATTERN NO.31698
PASS PATTERN NO.31699
PASS PATTERN NO.31700
PASS PATTERN NO.31701
PASS PATTERN NO.31702
PASS PATTERN NO.31703
PASS PATTERN NO.31704
PASS PATTERN NO.31705
PASS PATTERN NO.31706
PASS PATTERN NO.31707
PASS PATTERN NO.31708
PASS PATTERN NO.31709
PASS PATTERN NO.31710
PASS PATTERN NO.31711
PASS PATTERN NO.31712
PASS PATTERN NO.31713
PASS PATTERN NO.31714
PASS PATTERN NO.31715
PASS PATTERN NO.31716
PASS PATTERN NO.31717
PASS PATTERN NO.31718
PASS PATTERN NO.31719
PASS PATTERN NO.31720
PASS PATTERN NO.31721
PASS PATTERN NO.31722
PASS PATTERN NO.31723
PASS PATTERN NO.31724
PASS PATTERN NO.31725
PASS PATTERN NO.31726
PASS PATTERN NO.31727
PASS PATTERN NO.31728
PASS PATTERN NO.31729
PASS PATTERN NO.31730
PASS PATTERN NO.31731
PASS PATTERN NO.31732
PASS PATTERN NO.31733
PASS PATTERN NO.31734
PASS PATTERN NO.31735
PASS PATTERN NO.31736
PASS PATTERN NO.31737
PASS PATTERN NO.31738
PASS PATTERN NO.31739
PASS PATTERN NO.31740
PASS PATTERN NO.31741
PASS PATTERN NO.31742
PASS PATTERN NO.31743
PASS PATTERN NO.31744
PASS PATTERN NO.31745
PASS PATTERN NO.31746
PASS PATTERN NO.31747
PASS PATTERN NO.31748
PASS PATTERN NO.31749
PASS PATTERN NO.31750
PASS PATTERN NO.31751
PASS PATTERN NO.31752
PASS PATTERN NO.31753
PASS PATTERN NO.31754
PASS PATTERN NO.31755
PASS PATTERN NO.31756
PASS PATTERN NO.31757
PASS PATTERN NO.31758
PASS PATTERN NO.31759
PASS PATTERN NO.31760
PASS PATTERN NO.31761
PASS PATTERN NO.31762
PASS PATTERN NO.31763
PASS PATTERN NO.31764
PASS PATTERN NO.31765
PASS PATTERN NO.31766
PASS PATTERN NO.31767
PASS PATTERN NO.31768
PASS PATTERN NO.31769
PASS PATTERN NO.31770
PASS PATTERN NO.31771
PASS PATTERN NO.31772
PASS PATTERN NO.31773
PASS PATTERN NO.31774
PASS PATTERN NO.31775
PASS PATTERN NO.31776
PASS PATTERN NO.31777
PASS PATTERN NO.31778
PASS PATTERN NO.31779
PASS PATTERN NO.31780
PASS PATTERN NO.31781
PASS PATTERN NO.31782
PASS PATTERN NO.31783
PASS PATTERN NO.31784
PASS PATTERN NO.31785
PASS PATTERN NO.31786
PASS PATTERN NO.31787
PASS PATTERN NO.31788
PASS PATTERN NO.31789
PASS PATTERN NO.31790
PASS PATTERN NO.31791
PASS PATTERN NO.31792
PASS PATTERN NO.31793
PASS PATTERN NO.31794
PASS PATTERN NO.31795
PASS PATTERN NO.31796
PASS PATTERN NO.31797
PASS PATTERN NO.31798
PASS PATTERN NO.31799
PASS PATTERN NO.31800
PASS PATTERN NO.31801
PASS PATTERN NO.31802
PASS PATTERN NO.31803
PASS PATTERN NO.31804
PASS PATTERN NO.31805
PASS PATTERN NO.31806
PASS PATTERN NO.31807
PASS PATTERN NO.31808
PASS PATTERN NO.31809
PASS PATTERN NO.31810
PASS PATTERN NO.31811
PASS PATTERN NO.31812
PASS PATTERN NO.31813
PASS PATTERN NO.31814
PASS PATTERN NO.31815
PASS PATTERN NO.31816
PASS PATTERN NO.31817
PASS PATTERN NO.31818
PASS PATTERN NO.31819
PASS PATTERN NO.31820
PASS PATTERN NO.31821
PASS PATTERN NO.31822
PASS PATTERN NO.31823
PASS PATTERN NO.31824
PASS PATTERN NO.31825
PASS PATTERN NO.31826
PASS PATTERN NO.31827
PASS PATTERN NO.31828
PASS PATTERN NO.31829
PASS PATTERN NO.31830
PASS PATTERN NO.31831
PASS PATTERN NO.31832
PASS PATTERN NO.31833
PASS PATTERN NO.31834
PASS PATTERN NO.31835
PASS PATTERN NO.31836
PASS PATTERN NO.31837
PASS PATTERN NO.31838
PASS PATTERN NO.31839
PASS PATTERN NO.31840
PASS PATTERN NO.31841
PASS PATTERN NO.31842
PASS PATTERN NO.31843
PASS PATTERN NO.31844
PASS PATTERN NO.31845
PASS PATTERN NO.31846
PASS PATTERN NO.31847
PASS PATTERN NO.31848
PASS PATTERN NO.31849
PASS PATTERN NO.31850
PASS PATTERN NO.31851
PASS PATTERN NO.31852
PASS PATTERN NO.31853
PASS PATTERN NO.31854
PASS PATTERN NO.31855
PASS PATTERN NO.31856
PASS PATTERN NO.31857
PASS PATTERN NO.31858
PASS PATTERN NO.31859
PASS PATTERN NO.31860
PASS PATTERN NO.31861
PASS PATTERN NO.31862
PASS PATTERN NO.31863
PASS PATTERN NO.31864
PASS PATTERN NO.31865
PASS PATTERN NO.31866
PASS PATTERN NO.31867
PASS PATTERN NO.31868
PASS PATTERN NO.31869
PASS PATTERN NO.31870
PASS PATTERN NO.31871
PASS PATTERN NO.31872
PASS PATTERN NO.31873
PASS PATTERN NO.31874
PASS PATTERN NO.31875
PASS PATTERN NO.31876
PASS PATTERN NO.31877
PASS PATTERN NO.31878
PASS PATTERN NO.31879
PASS PATTERN NO.31880
PASS PATTERN NO.31881
PASS PATTERN NO.31882
PASS PATTERN NO.31883
PASS PATTERN NO.31884
PASS PATTERN NO.31885
PASS PATTERN NO.31886
PASS PATTERN NO.31887
PASS PATTERN NO.31888
PASS PATTERN NO.31889
PASS PATTERN NO.31890
PASS PATTERN NO.31891
PASS PATTERN NO.31892
PASS PATTERN NO.31893
PASS PATTERN NO.31894
PASS PATTERN NO.31895
PASS PATTERN NO.31896
PASS PATTERN NO.31897
PASS PATTERN NO.31898
PASS PATTERN NO.31899
PASS PATTERN NO.31900
PASS PATTERN NO.31901
PASS PATTERN NO.31902
PASS PATTERN NO.31903
PASS PATTERN NO.31904
PASS PATTERN NO.31905
PASS PATTERN NO.31906
PASS PATTERN NO.31907
PASS PATTERN NO.31908
PASS PATTERN NO.31909
PASS PATTERN NO.31910
PASS PATTERN NO.31911
PASS PATTERN NO.31912
PASS PATTERN NO.31913
PASS PATTERN NO.31914
PASS PATTERN NO.31915
PASS PATTERN NO.31916
PASS PATTERN NO.31917
PASS PATTERN NO.31918
PASS PATTERN NO.31919
PASS PATTERN NO.31920
PASS PATTERN NO.31921
PASS PATTERN NO.31922
PASS PATTERN NO.31923
PASS PATTERN NO.31924
PASS PATTERN NO.31925
PASS PATTERN NO.31926
PASS PATTERN NO.31927
PASS PATTERN NO.31928
PASS PATTERN NO.31929
PASS PATTERN NO.31930
PASS PATTERN NO.31931
PASS PATTERN NO.31932
PASS PATTERN NO.31933
PASS PATTERN NO.31934
PASS PATTERN NO.31935
PASS PATTERN NO.31936
PASS PATTERN NO.31937
PASS PATTERN NO.31938
PASS PATTERN NO.31939
PASS PATTERN NO.31940
PASS PATTERN NO.31941
PASS PATTERN NO.31942
PASS PATTERN NO.31943
PASS PATTERN NO.31944
PASS PATTERN NO.31945
PASS PATTERN NO.31946
PASS PATTERN NO.31947
PASS PATTERN NO.31948
PASS PATTERN NO.31949
PASS PATTERN NO.31950
PASS PATTERN NO.31951
PASS PATTERN NO.31952
PASS PATTERN NO.31953
PASS PATTERN NO.31954
PASS PATTERN NO.31955
PASS PATTERN NO.31956
PASS PATTERN NO.31957
PASS PATTERN NO.31958
PASS PATTERN NO.31959
PASS PATTERN NO.31960
PASS PATTERN NO.31961
PASS PATTERN NO.31962
PASS PATTERN NO.31963
PASS PATTERN NO.31964
PASS PATTERN NO.31965
PASS PATTERN NO.31966
PASS PATTERN NO.31967
PASS PATTERN NO.31968
PASS PATTERN NO.31969
PASS PATTERN NO.31970
PASS PATTERN NO.31971
PASS PATTERN NO.31972
PASS PATTERN NO.31973
PASS PATTERN NO.31974
PASS PATTERN NO.31975
PASS PATTERN NO.31976
PASS PATTERN NO.31977
PASS PATTERN NO.31978
PASS PATTERN NO.31979
PASS PATTERN NO.31980
PASS PATTERN NO.31981
PASS PATTERN NO.31982
PASS PATTERN NO.31983
PASS PATTERN NO.31984
PASS PATTERN NO.31985
PASS PATTERN NO.31986
PASS PATTERN NO.31987
PASS PATTERN NO.31988
PASS PATTERN NO.31989
PASS PATTERN NO.31990
PASS PATTERN NO.31991
PASS PATTERN NO.31992
PASS PATTERN NO.31993
PASS PATTERN NO.31994
PASS PATTERN NO.31995
PASS PATTERN NO.31996
PASS PATTERN NO.31997
PASS PATTERN NO.31998
PASS PATTERN NO.31999
PASS PATTERN NO.32000
PASS PATTERN NO.32001
PASS PATTERN NO.32002
PASS PATTERN NO.32003
PASS PATTERN NO.32004
PASS PATTERN NO.32005
PASS PATTERN NO.32006
PASS PATTERN NO.32007
PASS PATTERN NO.32008
PASS PATTERN NO.32009
PASS PATTERN NO.32010
PASS PATTERN NO.32011
PASS PATTERN NO.32012
PASS PATTERN NO.32013
PASS PATTERN NO.32014
PASS PATTERN NO.32015
PASS PATTERN NO.32016
PASS PATTERN NO.32017
PASS PATTERN NO.32018
PASS PATTERN NO.32019
PASS PATTERN NO.32020
PASS PATTERN NO.32021
PASS PATTERN NO.32022
PASS PATTERN NO.32023
PASS PATTERN NO.32024
PASS PATTERN NO.32025
PASS PATTERN NO.32026
PASS PATTERN NO.32027
PASS PATTERN NO.32028
PASS PATTERN NO.32029
PASS PATTERN NO.32030
PASS PATTERN NO.32031
PASS PATTERN NO.32032
PASS PATTERN NO.32033
PASS PATTERN NO.32034
PASS PATTERN NO.32035
PASS PATTERN NO.32036
PASS PATTERN NO.32037
PASS PATTERN NO.32038
PASS PATTERN NO.32039
PASS PATTERN NO.32040
PASS PATTERN NO.32041
PASS PATTERN NO.32042
PASS PATTERN NO.32043
PASS PATTERN NO.32044
PASS PATTERN NO.32045
PASS PATTERN NO.32046
PASS PATTERN NO.32047
PASS PATTERN NO.32048
PASS PATTERN NO.32049
PASS PATTERN NO.32050
PASS PATTERN NO.32051
PASS PATTERN NO.32052
PASS PATTERN NO.32053
PASS PATTERN NO.32054
PASS PATTERN NO.32055
PASS PATTERN NO.32056
PASS PATTERN NO.32057
PASS PATTERN NO.32058
PASS PATTERN NO.32059
PASS PATTERN NO.32060
PASS PATTERN NO.32061
PASS PATTERN NO.32062
PASS PATTERN NO.32063
PASS PATTERN NO.32064
PASS PATTERN NO.32065
PASS PATTERN NO.32066
PASS PATTERN NO.32067
PASS PATTERN NO.32068
PASS PATTERN NO.32069
PASS PATTERN NO.32070
PASS PATTERN NO.32071
PASS PATTERN NO.32072
PASS PATTERN NO.32073
PASS PATTERN NO.32074
PASS PATTERN NO.32075
PASS PATTERN NO.32076
PASS PATTERN NO.32077
PASS PATTERN NO.32078
PASS PATTERN NO.32079
PASS PATTERN NO.32080
PASS PATTERN NO.32081
PASS PATTERN NO.32082
PASS PATTERN NO.32083
PASS PATTERN NO.32084
PASS PATTERN NO.32085
PASS PATTERN NO.32086
PASS PATTERN NO.32087
PASS PATTERN NO.32088
PASS PATTERN NO.32089
PASS PATTERN NO.32090
PASS PATTERN NO.32091
PASS PATTERN NO.32092
PASS PATTERN NO.32093
PASS PATTERN NO.32094
PASS PATTERN NO.32095
PASS PATTERN NO.32096
PASS PATTERN NO.32097
PASS PATTERN NO.32098
PASS PATTERN NO.32099
PASS PATTERN NO.32100
PASS PATTERN NO.32101
PASS PATTERN NO.32102
PASS PATTERN NO.32103
PASS PATTERN NO.32104
PASS PATTERN NO.32105
PASS PATTERN NO.32106
PASS PATTERN NO.32107
PASS PATTERN NO.32108
PASS PATTERN NO.32109
PASS PATTERN NO.32110
PASS PATTERN NO.32111
PASS PATTERN NO.32112
PASS PATTERN NO.32113
PASS PATTERN NO.32114
PASS PATTERN NO.32115
PASS PATTERN NO.32116
PASS PATTERN NO.32117
PASS PATTERN NO.32118
PASS PATTERN NO.32119
PASS PATTERN NO.32120
PASS PATTERN NO.32121
PASS PATTERN NO.32122
PASS PATTERN NO.32123
PASS PATTERN NO.32124
PASS PATTERN NO.32125
PASS PATTERN NO.32126
PASS PATTERN NO.32127
PASS PATTERN NO.32128
PASS PATTERN NO.32129
PASS PATTERN NO.32130
PASS PATTERN NO.32131
PASS PATTERN NO.32132
PASS PATTERN NO.32133
PASS PATTERN NO.32134
PASS PATTERN NO.32135
PASS PATTERN NO.32136
PASS PATTERN NO.32137
PASS PATTERN NO.32138
PASS PATTERN NO.32139
PASS PATTERN NO.32140
PASS PATTERN NO.32141
PASS PATTERN NO.32142
PASS PATTERN NO.32143
PASS PATTERN NO.32144
PASS PATTERN NO.32145
PASS PATTERN NO.32146
PASS PATTERN NO.32147
PASS PATTERN NO.32148
PASS PATTERN NO.32149
PASS PATTERN NO.32150
PASS PATTERN NO.32151
PASS PATTERN NO.32152
PASS PATTERN NO.32153
PASS PATTERN NO.32154
PASS PATTERN NO.32155
PASS PATTERN NO.32156
PASS PATTERN NO.32157
PASS PATTERN NO.32158
PASS PATTERN NO.32159
PASS PATTERN NO.32160
PASS PATTERN NO.32161
PASS PATTERN NO.32162
PASS PATTERN NO.32163
PASS PATTERN NO.32164
PASS PATTERN NO.32165
PASS PATTERN NO.32166
PASS PATTERN NO.32167
PASS PATTERN NO.32168
PASS PATTERN NO.32169
PASS PATTERN NO.32170
PASS PATTERN NO.32171
PASS PATTERN NO.32172
PASS PATTERN NO.32173
PASS PATTERN NO.32174
PASS PATTERN NO.32175
PASS PATTERN NO.32176
PASS PATTERN NO.32177
PASS PATTERN NO.32178
PASS PATTERN NO.32179
PASS PATTERN NO.32180
PASS PATTERN NO.32181
PASS PATTERN NO.32182
PASS PATTERN NO.32183
PASS PATTERN NO.32184
PASS PATTERN NO.32185
PASS PATTERN NO.32186
PASS PATTERN NO.32187
PASS PATTERN NO.32188
PASS PATTERN NO.32189
PASS PATTERN NO.32190
PASS PATTERN NO.32191
PASS PATTERN NO.32192
PASS PATTERN NO.32193
PASS PATTERN NO.32194
PASS PATTERN NO.32195
PASS PATTERN NO.32196
PASS PATTERN NO.32197
PASS PATTERN NO.32198
PASS PATTERN NO.32199
PASS PATTERN NO.32200
PASS PATTERN NO.32201
PASS PATTERN NO.32202
PASS PATTERN NO.32203
PASS PATTERN NO.32204
PASS PATTERN NO.32205
PASS PATTERN NO.32206
PASS PATTERN NO.32207
PASS PATTERN NO.32208
PASS PATTERN NO.32209
PASS PATTERN NO.32210
PASS PATTERN NO.32211
PASS PATTERN NO.32212
PASS PATTERN NO.32213
PASS PATTERN NO.32214
PASS PATTERN NO.32215
PASS PATTERN NO.32216
PASS PATTERN NO.32217
PASS PATTERN NO.32218
PASS PATTERN NO.32219
PASS PATTERN NO.32220
PASS PATTERN NO.32221
PASS PATTERN NO.32222
PASS PATTERN NO.32223
PASS PATTERN NO.32224
PASS PATTERN NO.32225
PASS PATTERN NO.32226
PASS PATTERN NO.32227
PASS PATTERN NO.32228
PASS PATTERN NO.32229
PASS PATTERN NO.32230
PASS PATTERN NO.32231
PASS PATTERN NO.32232
PASS PATTERN NO.32233
PASS PATTERN NO.32234
PASS PATTERN NO.32235
PASS PATTERN NO.32236
PASS PATTERN NO.32237
PASS PATTERN NO.32238
PASS PATTERN NO.32239
PASS PATTERN NO.32240
PASS PATTERN NO.32241
PASS PATTERN NO.32242
PASS PATTERN NO.32243
PASS PATTERN NO.32244
PASS PATTERN NO.32245
PASS PATTERN NO.32246
PASS PATTERN NO.32247
PASS PATTERN NO.32248
PASS PATTERN NO.32249
PASS PATTERN NO.32250
PASS PATTERN NO.32251
PASS PATTERN NO.32252
PASS PATTERN NO.32253
PASS PATTERN NO.32254
PASS PATTERN NO.32255
PASS PATTERN NO.32256
PASS PATTERN NO.32257
PASS PATTERN NO.32258
PASS PATTERN NO.32259
PASS PATTERN NO.32260
PASS PATTERN NO.32261
PASS PATTERN NO.32262
PASS PATTERN NO.32263
PASS PATTERN NO.32264
PASS PATTERN NO.32265
PASS PATTERN NO.32266
PASS PATTERN NO.32267
PASS PATTERN NO.32268
PASS PATTERN NO.32269
PASS PATTERN NO.32270
PASS PATTERN NO.32271
PASS PATTERN NO.32272
PASS PATTERN NO.32273
PASS PATTERN NO.32274
PASS PATTERN NO.32275
PASS PATTERN NO.32276
PASS PATTERN NO.32277
PASS PATTERN NO.32278
PASS PATTERN NO.32279
PASS PATTERN NO.32280
PASS PATTERN NO.32281
PASS PATTERN NO.32282
PASS PATTERN NO.32283
PASS PATTERN NO.32284
PASS PATTERN NO.32285
PASS PATTERN NO.32286
PASS PATTERN NO.32287
PASS PATTERN NO.32288
PASS PATTERN NO.32289
PASS PATTERN NO.32290
PASS PATTERN NO.32291
PASS PATTERN NO.32292
PASS PATTERN NO.32293
PASS PATTERN NO.32294
PASS PATTERN NO.32295
PASS PATTERN NO.32296
PASS PATTERN NO.32297
PASS PATTERN NO.32298
PASS PATTERN NO.32299
PASS PATTERN NO.32300
PASS PATTERN NO.32301
PASS PATTERN NO.32302
PASS PATTERN NO.32303
PASS PATTERN NO.32304
PASS PATTERN NO.32305
PASS PATTERN NO.32306
PASS PATTERN NO.32307
PASS PATTERN NO.32308
PASS PATTERN NO.32309
PASS PATTERN NO.32310
PASS PATTERN NO.32311
PASS PATTERN NO.32312
PASS PATTERN NO.32313
PASS PATTERN NO.32314
PASS PATTERN NO.32315
PASS PATTERN NO.32316
PASS PATTERN NO.32317
PASS PATTERN NO.32318
PASS PATTERN NO.32319
PASS PATTERN NO.32320
PASS PATTERN NO.32321
PASS PATTERN NO.32322
PASS PATTERN NO.32323
PASS PATTERN NO.32324
PASS PATTERN NO.32325
PASS PATTERN NO.32326
PASS PATTERN NO.32327
PASS PATTERN NO.32328
PASS PATTERN NO.32329
PASS PATTERN NO.32330
PASS PATTERN NO.32331
PASS PATTERN NO.32332
PASS PATTERN NO.32333
PASS PATTERN NO.32334
PASS PATTERN NO.32335
PASS PATTERN NO.32336
PASS PATTERN NO.32337
PASS PATTERN NO.32338
PASS PATTERN NO.32339
PASS PATTERN NO.32340
PASS PATTERN NO.32341
PASS PATTERN NO.32342
PASS PATTERN NO.32343
PASS PATTERN NO.32344
PASS PATTERN NO.32345
PASS PATTERN NO.32346
PASS PATTERN NO.32347
PASS PATTERN NO.32348
PASS PATTERN NO.32349
PASS PATTERN NO.32350
PASS PATTERN NO.32351
PASS PATTERN NO.32352
PASS PATTERN NO.32353
PASS PATTERN NO.32354
PASS PATTERN NO.32355
PASS PATTERN NO.32356
PASS PATTERN NO.32357
PASS PATTERN NO.32358
PASS PATTERN NO.32359
PASS PATTERN NO.32360
PASS PATTERN NO.32361
PASS PATTERN NO.32362
PASS PATTERN NO.32363
PASS PATTERN NO.32364
PASS PATTERN NO.32365
PASS PATTERN NO.32366
PASS PATTERN NO.32367
PASS PATTERN NO.32368
PASS PATTERN NO.32369
PASS PATTERN NO.32370
PASS PATTERN NO.32371
PASS PATTERN NO.32372
PASS PATTERN NO.32373
PASS PATTERN NO.32374
PASS PATTERN NO.32375
PASS PATTERN NO.32376
PASS PATTERN NO.32377
PASS PATTERN NO.32378
PASS PATTERN NO.32379
PASS PATTERN NO.32380
PASS PATTERN NO.32381
PASS PATTERN NO.32382
PASS PATTERN NO.32383
PASS PATTERN NO.32384
PASS PATTERN NO.32385
PASS PATTERN NO.32386
PASS PATTERN NO.32387
PASS PATTERN NO.32388
PASS PATTERN NO.32389
PASS PATTERN NO.32390
PASS PATTERN NO.32391
PASS PATTERN NO.32392
PASS PATTERN NO.32393
PASS PATTERN NO.32394
PASS PATTERN NO.32395
PASS PATTERN NO.32396
PASS PATTERN NO.32397
PASS PATTERN NO.32398
PASS PATTERN NO.32399
PASS PATTERN NO.32400
PASS PATTERN NO.32401
PASS PATTERN NO.32402
PASS PATTERN NO.32403
PASS PATTERN NO.32404
PASS PATTERN NO.32405
PASS PATTERN NO.32406
PASS PATTERN NO.32407
PASS PATTERN NO.32408
PASS PATTERN NO.32409
PASS PATTERN NO.32410
PASS PATTERN NO.32411
PASS PATTERN NO.32412
PASS PATTERN NO.32413
PASS PATTERN NO.32414
PASS PATTERN NO.32415
PASS PATTERN NO.32416
PASS PATTERN NO.32417
PASS PATTERN NO.32418
PASS PATTERN NO.32419
PASS PATTERN NO.32420
PASS PATTERN NO.32421
PASS PATTERN NO.32422
PASS PATTERN NO.32423
PASS PATTERN NO.32424
PASS PATTERN NO.32425
PASS PATTERN NO.32426
PASS PATTERN NO.32427
PASS PATTERN NO.32428
PASS PATTERN NO.32429
PASS PATTERN NO.32430
PASS PATTERN NO.32431
PASS PATTERN NO.32432
PASS PATTERN NO.32433
PASS PATTERN NO.32434
PASS PATTERN NO.32435
PASS PATTERN NO.32436
PASS PATTERN NO.32437
PASS PATTERN NO.32438
PASS PATTERN NO.32439
PASS PATTERN NO.32440
PASS PATTERN NO.32441
PASS PATTERN NO.32442
PASS PATTERN NO.32443
PASS PATTERN NO.32444
PASS PATTERN NO.32445
PASS PATTERN NO.32446
PASS PATTERN NO.32447
PASS PATTERN NO.32448
PASS PATTERN NO.32449
PASS PATTERN NO.32450
PASS PATTERN NO.32451
PASS PATTERN NO.32452
PASS PATTERN NO.32453
PASS PATTERN NO.32454
PASS PATTERN NO.32455
PASS PATTERN NO.32456
PASS PATTERN NO.32457
PASS PATTERN NO.32458
PASS PATTERN NO.32459
PASS PATTERN NO.32460
PASS PATTERN NO.32461
PASS PATTERN NO.32462
PASS PATTERN NO.32463
PASS PATTERN NO.32464
PASS PATTERN NO.32465
PASS PATTERN NO.32466
PASS PATTERN NO.32467
PASS PATTERN NO.32468
PASS PATTERN NO.32469
PASS PATTERN NO.32470
PASS PATTERN NO.32471
PASS PATTERN NO.32472
PASS PATTERN NO.32473
PASS PATTERN NO.32474
PASS PATTERN NO.32475
PASS PATTERN NO.32476
PASS PATTERN NO.32477
PASS PATTERN NO.32478
PASS PATTERN NO.32479
PASS PATTERN NO.32480
PASS PATTERN NO.32481
PASS PATTERN NO.32482
PASS PATTERN NO.32483
PASS PATTERN NO.32484
PASS PATTERN NO.32485
PASS PATTERN NO.32486
PASS PATTERN NO.32487
PASS PATTERN NO.32488
PASS PATTERN NO.32489
PASS PATTERN NO.32490
PASS PATTERN NO.32491
PASS PATTERN NO.32492
PASS PATTERN NO.32493
PASS PATTERN NO.32494
PASS PATTERN NO.32495
PASS PATTERN NO.32496
PASS PATTERN NO.32497
PASS PATTERN NO.32498
PASS PATTERN NO.32499
PASS PATTERN NO.32500
PASS PATTERN NO.32501
PASS PATTERN NO.32502
PASS PATTERN NO.32503
PASS PATTERN NO.32504
PASS PATTERN NO.32505
PASS PATTERN NO.32506
PASS PATTERN NO.32507
PASS PATTERN NO.32508
PASS PATTERN NO.32509
PASS PATTERN NO.32510
PASS PATTERN NO.32511
PASS PATTERN NO.32512
PASS PATTERN NO.32513
PASS PATTERN NO.32514
PASS PATTERN NO.32515
PASS PATTERN NO.32516
PASS PATTERN NO.32517
PASS PATTERN NO.32518
PASS PATTERN NO.32519
PASS PATTERN NO.32520
PASS PATTERN NO.32521
PASS PATTERN NO.32522
PASS PATTERN NO.32523
PASS PATTERN NO.32524
PASS PATTERN NO.32525
PASS PATTERN NO.32526
PASS PATTERN NO.32527
PASS PATTERN NO.32528
PASS PATTERN NO.32529
PASS PATTERN NO.32530
PASS PATTERN NO.32531
PASS PATTERN NO.32532
PASS PATTERN NO.32533
PASS PATTERN NO.32534
PASS PATTERN NO.32535
PASS PATTERN NO.32536
PASS PATTERN NO.32537
PASS PATTERN NO.32538
PASS PATTERN NO.32539
PASS PATTERN NO.32540
PASS PATTERN NO.32541
PASS PATTERN NO.32542
PASS PATTERN NO.32543
PASS PATTERN NO.32544
PASS PATTERN NO.32545
PASS PATTERN NO.32546
PASS PATTERN NO.32547
PASS PATTERN NO.32548
PASS PATTERN NO.32549
PASS PATTERN NO.32550
PASS PATTERN NO.32551
PASS PATTERN NO.32552
PASS PATTERN NO.32553
PASS PATTERN NO.32554
PASS PATTERN NO.32555
PASS PATTERN NO.32556
PASS PATTERN NO.32557
PASS PATTERN NO.32558
PASS PATTERN NO.32559
PASS PATTERN NO.32560
PASS PATTERN NO.32561
PASS PATTERN NO.32562
PASS PATTERN NO.32563
PASS PATTERN NO.32564
PASS PATTERN NO.32565
PASS PATTERN NO.32566
PASS PATTERN NO.32567
PASS PATTERN NO.32568
PASS PATTERN NO.32569
PASS PATTERN NO.32570
PASS PATTERN NO.32571
PASS PATTERN NO.32572
PASS PATTERN NO.32573
PASS PATTERN NO.32574
PASS PATTERN NO.32575
PASS PATTERN NO.32576
PASS PATTERN NO.32577
PASS PATTERN NO.32578
PASS PATTERN NO.32579
PASS PATTERN NO.32580
PASS PATTERN NO.32581
PASS PATTERN NO.32582
PASS PATTERN NO.32583
PASS PATTERN NO.32584
PASS PATTERN NO.32585
PASS PATTERN NO.32586
PASS PATTERN NO.32587
PASS PATTERN NO.32588
PASS PATTERN NO.32589
PASS PATTERN NO.32590
PASS PATTERN NO.32591
PASS PATTERN NO.32592
PASS PATTERN NO.32593
PASS PATTERN NO.32594
PASS PATTERN NO.32595
PASS PATTERN NO.32596
PASS PATTERN NO.32597
PASS PATTERN NO.32598
PASS PATTERN NO.32599
PASS PATTERN NO.32600
PASS PATTERN NO.32601
PASS PATTERN NO.32602
PASS PATTERN NO.32603
PASS PATTERN NO.32604
PASS PATTERN NO.32605
PASS PATTERN NO.32606
PASS PATTERN NO.32607
PASS PATTERN NO.32608
PASS PATTERN NO.32609
PASS PATTERN NO.32610
PASS PATTERN NO.32611
PASS PATTERN NO.32612
PASS PATTERN NO.32613
PASS PATTERN NO.32614
PASS PATTERN NO.32615
PASS PATTERN NO.32616
PASS PATTERN NO.32617
PASS PATTERN NO.32618
PASS PATTERN NO.32619
PASS PATTERN NO.32620
PASS PATTERN NO.32621
PASS PATTERN NO.32622
PASS PATTERN NO.32623
PASS PATTERN NO.32624
PASS PATTERN NO.32625
PASS PATTERN NO.32626
PASS PATTERN NO.32627
PASS PATTERN NO.32628
PASS PATTERN NO.32629
PASS PATTERN NO.32630
PASS PATTERN NO.32631
PASS PATTERN NO.32632
PASS PATTERN NO.32633
PASS PATTERN NO.32634
PASS PATTERN NO.32635
PASS PATTERN NO.32636
PASS PATTERN NO.32637
PASS PATTERN NO.32638
PASS PATTERN NO.32639
PASS PATTERN NO.32640
PASS PATTERN NO.32641
PASS PATTERN NO.32642
PASS PATTERN NO.32643
PASS PATTERN NO.32644
PASS PATTERN NO.32645
PASS PATTERN NO.32646
PASS PATTERN NO.32647
PASS PATTERN NO.32648
PASS PATTERN NO.32649
PASS PATTERN NO.32650
PASS PATTERN NO.32651
PASS PATTERN NO.32652
PASS PATTERN NO.32653
PASS PATTERN NO.32654
PASS PATTERN NO.32655
PASS PATTERN NO.32656
PASS PATTERN NO.32657
PASS PATTERN NO.32658
PASS PATTERN NO.32659
PASS PATTERN NO.32660
PASS PATTERN NO.32661
PASS PATTERN NO.32662
PASS PATTERN NO.32663
PASS PATTERN NO.32664
PASS PATTERN NO.32665
PASS PATTERN NO.32666
PASS PATTERN NO.32667
PASS PATTERN NO.32668
PASS PATTERN NO.32669
PASS PATTERN NO.32670
PASS PATTERN NO.32671
PASS PATTERN NO.32672
PASS PATTERN NO.32673
PASS PATTERN NO.32674
PASS PATTERN NO.32675
PASS PATTERN NO.32676
PASS PATTERN NO.32677
PASS PATTERN NO.32678
PASS PATTERN NO.32679
PASS PATTERN NO.32680
PASS PATTERN NO.32681
PASS PATTERN NO.32682
PASS PATTERN NO.32683
PASS PATTERN NO.32684
PASS PATTERN NO.32685
PASS PATTERN NO.32686
PASS PATTERN NO.32687
PASS PATTERN NO.32688
PASS PATTERN NO.32689
PASS PATTERN NO.32690
PASS PATTERN NO.32691
PASS PATTERN NO.32692
PASS PATTERN NO.32693
PASS PATTERN NO.32694
PASS PATTERN NO.32695
PASS PATTERN NO.32696
PASS PATTERN NO.32697
PASS PATTERN NO.32698
PASS PATTERN NO.32699
PASS PATTERN NO.32700
PASS PATTERN NO.32701
PASS PATTERN NO.32702
PASS PATTERN NO.32703
PASS PATTERN NO.32704
PASS PATTERN NO.32705
PASS PATTERN NO.32706
PASS PATTERN NO.32707
PASS PATTERN NO.32708
PASS PATTERN NO.32709
PASS PATTERN NO.32710
PASS PATTERN NO.32711
PASS PATTERN NO.32712
PASS PATTERN NO.32713
PASS PATTERN NO.32714
PASS PATTERN NO.32715
PASS PATTERN NO.32716
PASS PATTERN NO.32717
PASS PATTERN NO.32718
PASS PATTERN NO.32719
PASS PATTERN NO.32720
PASS PATTERN NO.32721
PASS PATTERN NO.32722
PASS PATTERN NO.32723
PASS PATTERN NO.32724
PASS PATTERN NO.32725
PASS PATTERN NO.32726
PASS PATTERN NO.32727
PASS PATTERN NO.32728
PASS PATTERN NO.32729
PASS PATTERN NO.32730
PASS PATTERN NO.32731
PASS PATTERN NO.32732
PASS PATTERN NO.32733
PASS PATTERN NO.32734
PASS PATTERN NO.32735
PASS PATTERN NO.32736
PASS PATTERN NO.32737
PASS PATTERN NO.32738
PASS PATTERN NO.32739
PASS PATTERN NO.32740
PASS PATTERN NO.32741
PASS PATTERN NO.32742
PASS PATTERN NO.32743
PASS PATTERN NO.32744
PASS PATTERN NO.32745
PASS PATTERN NO.32746
PASS PATTERN NO.32747
PASS PATTERN NO.32748
PASS PATTERN NO.32749
PASS PATTERN NO.32750
PASS PATTERN NO.32751
PASS PATTERN NO.32752
PASS PATTERN NO.32753
PASS PATTERN NO.32754
PASS PATTERN NO.32755
PASS PATTERN NO.32756
PASS PATTERN NO.32757
PASS PATTERN NO.32758
PASS PATTERN NO.32759
PASS PATTERN NO.32760
PASS PATTERN NO.32761
PASS PATTERN NO.32762
PASS PATTERN NO.32763
PASS PATTERN NO.32764
PASS PATTERN NO.32765
PASS PATTERN NO.32766
PASS PATTERN NO.32767
PASS PATTERN NO.32768
PASS PATTERN NO.32769
PASS PATTERN NO.32770
PASS PATTERN NO.32771
PASS PATTERN NO.32772
PASS PATTERN NO.32773
PASS PATTERN NO.32774
PASS PATTERN NO.32775
PASS PATTERN NO.32776
PASS PATTERN NO.32777
PASS PATTERN NO.32778
PASS PATTERN NO.32779
PASS PATTERN NO.32780
PASS PATTERN NO.32781
PASS PATTERN NO.32782
PASS PATTERN NO.32783
PASS PATTERN NO.32784
PASS PATTERN NO.32785
PASS PATTERN NO.32786
PASS PATTERN NO.32787
PASS PATTERN NO.32788
PASS PATTERN NO.32789
PASS PATTERN NO.32790
PASS PATTERN NO.32791
PASS PATTERN NO.32792
PASS PATTERN NO.32793
PASS PATTERN NO.32794
PASS PATTERN NO.32795
PASS PATTERN NO.32796
PASS PATTERN NO.32797
PASS PATTERN NO.32798
PASS PATTERN NO.32799
PASS PATTERN NO.32800
PASS PATTERN NO.32801
PASS PATTERN NO.32802
PASS PATTERN NO.32803
PASS PATTERN NO.32804
PASS PATTERN NO.32805
PASS PATTERN NO.32806
PASS PATTERN NO.32807
PASS PATTERN NO.32808
PASS PATTERN NO.32809
PASS PATTERN NO.32810
PASS PATTERN NO.32811
PASS PATTERN NO.32812
PASS PATTERN NO.32813
PASS PATTERN NO.32814
PASS PATTERN NO.32815
PASS PATTERN NO.32816
PASS PATTERN NO.32817
PASS PATTERN NO.32818
PASS PATTERN NO.32819
PASS PATTERN NO.32820
PASS PATTERN NO.32821
PASS PATTERN NO.32822
PASS PATTERN NO.32823
PASS PATTERN NO.32824
PASS PATTERN NO.32825
PASS PATTERN NO.32826
PASS PATTERN NO.32827
PASS PATTERN NO.32828
PASS PATTERN NO.32829
PASS PATTERN NO.32830
PASS PATTERN NO.32831
PASS PATTERN NO.32832
PASS PATTERN NO.32833
PASS PATTERN NO.32834
PASS PATTERN NO.32835
PASS PATTERN NO.32836
PASS PATTERN NO.32837
PASS PATTERN NO.32838
PASS PATTERN NO.32839
PASS PATTERN NO.32840
PASS PATTERN NO.32841
PASS PATTERN NO.32842
PASS PATTERN NO.32843
PASS PATTERN NO.32844
PASS PATTERN NO.32845
PASS PATTERN NO.32846
PASS PATTERN NO.32847
PASS PATTERN NO.32848
PASS PATTERN NO.32849
PASS PATTERN NO.32850
PASS PATTERN NO.32851
PASS PATTERN NO.32852
PASS PATTERN NO.32853
PASS PATTERN NO.32854
PASS PATTERN NO.32855
PASS PATTERN NO.32856
PASS PATTERN NO.32857
PASS PATTERN NO.32858
PASS PATTERN NO.32859
PASS PATTERN NO.32860
PASS PATTERN NO.32861
PASS PATTERN NO.32862
PASS PATTERN NO.32863
PASS PATTERN NO.32864
PASS PATTERN NO.32865
PASS PATTERN NO.32866
PASS PATTERN NO.32867
PASS PATTERN NO.32868
PASS PATTERN NO.32869
PASS PATTERN NO.32870
PASS PATTERN NO.32871
PASS PATTERN NO.32872
PASS PATTERN NO.32873
PASS PATTERN NO.32874
PASS PATTERN NO.32875
PASS PATTERN NO.32876
PASS PATTERN NO.32877
PASS PATTERN NO.32878
PASS PATTERN NO.32879
PASS PATTERN NO.32880
PASS PATTERN NO.32881
PASS PATTERN NO.32882
PASS PATTERN NO.32883
PASS PATTERN NO.32884
PASS PATTERN NO.32885
PASS PATTERN NO.32886
PASS PATTERN NO.32887
PASS PATTERN NO.32888
PASS PATTERN NO.32889
PASS PATTERN NO.32890
PASS PATTERN NO.32891
PASS PATTERN NO.32892
PASS PATTERN NO.32893
PASS PATTERN NO.32894
PASS PATTERN NO.32895
PASS PATTERN NO.32896
PASS PATTERN NO.32897
PASS PATTERN NO.32898
PASS PATTERN NO.32899
PASS PATTERN NO.32900
PASS PATTERN NO.32901
PASS PATTERN NO.32902
PASS PATTERN NO.32903
PASS PATTERN NO.32904
PASS PATTERN NO.32905
PASS PATTERN NO.32906
PASS PATTERN NO.32907
PASS PATTERN NO.32908
PASS PATTERN NO.32909
PASS PATTERN NO.32910
PASS PATTERN NO.32911
PASS PATTERN NO.32912
PASS PATTERN NO.32913
PASS PATTERN NO.32914
PASS PATTERN NO.32915
PASS PATTERN NO.32916
PASS PATTERN NO.32917
PASS PATTERN NO.32918
PASS PATTERN NO.32919
PASS PATTERN NO.32920
PASS PATTERN NO.32921
PASS PATTERN NO.32922
PASS PATTERN NO.32923
PASS PATTERN NO.32924
PASS PATTERN NO.32925
PASS PATTERN NO.32926
PASS PATTERN NO.32927
PASS PATTERN NO.32928
PASS PATTERN NO.32929
PASS PATTERN NO.32930
PASS PATTERN NO.32931
PASS PATTERN NO.32932
PASS PATTERN NO.32933
PASS PATTERN NO.32934
PASS PATTERN NO.32935
PASS PATTERN NO.32936
PASS PATTERN NO.32937
PASS PATTERN NO.32938
PASS PATTERN NO.32939
PASS PATTERN NO.32940
PASS PATTERN NO.32941
PASS PATTERN NO.32942
PASS PATTERN NO.32943
PASS PATTERN NO.32944
PASS PATTERN NO.32945
PASS PATTERN NO.32946
PASS PATTERN NO.32947
PASS PATTERN NO.32948
PASS PATTERN NO.32949
PASS PATTERN NO.32950
PASS PATTERN NO.32951
PASS PATTERN NO.32952
PASS PATTERN NO.32953
PASS PATTERN NO.32954
PASS PATTERN NO.32955
PASS PATTERN NO.32956
PASS PATTERN NO.32957
PASS PATTERN NO.32958
PASS PATTERN NO.32959
PASS PATTERN NO.32960
PASS PATTERN NO.32961
PASS PATTERN NO.32962
PASS PATTERN NO.32963
PASS PATTERN NO.32964
PASS PATTERN NO.32965
PASS PATTERN NO.32966
PASS PATTERN NO.32967
PASS PATTERN NO.32968
PASS PATTERN NO.32969
PASS PATTERN NO.32970
PASS PATTERN NO.32971
PASS PATTERN NO.32972
PASS PATTERN NO.32973
PASS PATTERN NO.32974
PASS PATTERN NO.32975
PASS PATTERN NO.32976
PASS PATTERN NO.32977
PASS PATTERN NO.32978
PASS PATTERN NO.32979
PASS PATTERN NO.32980
PASS PATTERN NO.32981
PASS PATTERN NO.32982
PASS PATTERN NO.32983
PASS PATTERN NO.32984
PASS PATTERN NO.32985
PASS PATTERN NO.32986
PASS PATTERN NO.32987
PASS PATTERN NO.32988
PASS PATTERN NO.32989
PASS PATTERN NO.32990
PASS PATTERN NO.32991
PASS PATTERN NO.32992
PASS PATTERN NO.32993
PASS PATTERN NO.32994
PASS PATTERN NO.32995
PASS PATTERN NO.32996
PASS PATTERN NO.32997
PASS PATTERN NO.32998
PASS PATTERN NO.32999
PASS PATTERN NO.33000
PASS PATTERN NO.33001
PASS PATTERN NO.33002
PASS PATTERN NO.33003
PASS PATTERN NO.33004
PASS PATTERN NO.33005
PASS PATTERN NO.33006
PASS PATTERN NO.33007
PASS PATTERN NO.33008
PASS PATTERN NO.33009
PASS PATTERN NO.33010
PASS PATTERN NO.33011
PASS PATTERN NO.33012
PASS PATTERN NO.33013
PASS PATTERN NO.33014
PASS PATTERN NO.33015
PASS PATTERN NO.33016
PASS PATTERN NO.33017
PASS PATTERN NO.33018
PASS PATTERN NO.33019
PASS PATTERN NO.33020
PASS PATTERN NO.33021
PASS PATTERN NO.33022
PASS PATTERN NO.33023
PASS PATTERN NO.33024
PASS PATTERN NO.33025
PASS PATTERN NO.33026
PASS PATTERN NO.33027
PASS PATTERN NO.33028
PASS PATTERN NO.33029
PASS PATTERN NO.33030
PASS PATTERN NO.33031
PASS PATTERN NO.33032
PASS PATTERN NO.33033
PASS PATTERN NO.33034
PASS PATTERN NO.33035
PASS PATTERN NO.33036
PASS PATTERN NO.33037
PASS PATTERN NO.33038
PASS PATTERN NO.33039
PASS PATTERN NO.33040
PASS PATTERN NO.33041
PASS PATTERN NO.33042
PASS PATTERN NO.33043
PASS PATTERN NO.33044
PASS PATTERN NO.33045
PASS PATTERN NO.33046
PASS PATTERN NO.33047
PASS PATTERN NO.33048
PASS PATTERN NO.33049
PASS PATTERN NO.33050
PASS PATTERN NO.33051
PASS PATTERN NO.33052
PASS PATTERN NO.33053
PASS PATTERN NO.33054
PASS PATTERN NO.33055
PASS PATTERN NO.33056
PASS PATTERN NO.33057
PASS PATTERN NO.33058
PASS PATTERN NO.33059
PASS PATTERN NO.33060
PASS PATTERN NO.33061
PASS PATTERN NO.33062
PASS PATTERN NO.33063
PASS PATTERN NO.33064
PASS PATTERN NO.33065
PASS PATTERN NO.33066
PASS PATTERN NO.33067
PASS PATTERN NO.33068
PASS PATTERN NO.33069
PASS PATTERN NO.33070
PASS PATTERN NO.33071
PASS PATTERN NO.33072
PASS PATTERN NO.33073
PASS PATTERN NO.33074
PASS PATTERN NO.33075
PASS PATTERN NO.33076
PASS PATTERN NO.33077
PASS PATTERN NO.33078
PASS PATTERN NO.33079
PASS PATTERN NO.33080
PASS PATTERN NO.33081
PASS PATTERN NO.33082
PASS PATTERN NO.33083
PASS PATTERN NO.33084
PASS PATTERN NO.33085
PASS PATTERN NO.33086
PASS PATTERN NO.33087
PASS PATTERN NO.33088
PASS PATTERN NO.33089
PASS PATTERN NO.33090
PASS PATTERN NO.33091
PASS PATTERN NO.33092
PASS PATTERN NO.33093
PASS PATTERN NO.33094
PASS PATTERN NO.33095
PASS PATTERN NO.33096
PASS PATTERN NO.33097
PASS PATTERN NO.33098
PASS PATTERN NO.33099
PASS PATTERN NO.33100
PASS PATTERN NO.33101
PASS PATTERN NO.33102
PASS PATTERN NO.33103
PASS PATTERN NO.33104
PASS PATTERN NO.33105
PASS PATTERN NO.33106
PASS PATTERN NO.33107
PASS PATTERN NO.33108
PASS PATTERN NO.33109
PASS PATTERN NO.33110
PASS PATTERN NO.33111
PASS PATTERN NO.33112
PASS PATTERN NO.33113
PASS PATTERN NO.33114
PASS PATTERN NO.33115
PASS PATTERN NO.33116
PASS PATTERN NO.33117
PASS PATTERN NO.33118
PASS PATTERN NO.33119
PASS PATTERN NO.33120
PASS PATTERN NO.33121
PASS PATTERN NO.33122
PASS PATTERN NO.33123
PASS PATTERN NO.33124
PASS PATTERN NO.33125
PASS PATTERN NO.33126
PASS PATTERN NO.33127
PASS PATTERN NO.33128
PASS PATTERN NO.33129
PASS PATTERN NO.33130
PASS PATTERN NO.33131
PASS PATTERN NO.33132
PASS PATTERN NO.33133
PASS PATTERN NO.33134
PASS PATTERN NO.33135
PASS PATTERN NO.33136
PASS PATTERN NO.33137
PASS PATTERN NO.33138
PASS PATTERN NO.33139
PASS PATTERN NO.33140
PASS PATTERN NO.33141
PASS PATTERN NO.33142
PASS PATTERN NO.33143
PASS PATTERN NO.33144
PASS PATTERN NO.33145
PASS PATTERN NO.33146
PASS PATTERN NO.33147
PASS PATTERN NO.33148
PASS PATTERN NO.33149
PASS PATTERN NO.33150
PASS PATTERN NO.33151
PASS PATTERN NO.33152
PASS PATTERN NO.33153
PASS PATTERN NO.33154
PASS PATTERN NO.33155
PASS PATTERN NO.33156
PASS PATTERN NO.33157
PASS PATTERN NO.33158
PASS PATTERN NO.33159
PASS PATTERN NO.33160
PASS PATTERN NO.33161
PASS PATTERN NO.33162
PASS PATTERN NO.33163
PASS PATTERN NO.33164
PASS PATTERN NO.33165
PASS PATTERN NO.33166
PASS PATTERN NO.33167
PASS PATTERN NO.33168
PASS PATTERN NO.33169
PASS PATTERN NO.33170
PASS PATTERN NO.33171
PASS PATTERN NO.33172
PASS PATTERN NO.33173
PASS PATTERN NO.33174
PASS PATTERN NO.33175
PASS PATTERN NO.33176
PASS PATTERN NO.33177
PASS PATTERN NO.33178
PASS PATTERN NO.33179
PASS PATTERN NO.33180
PASS PATTERN NO.33181
PASS PATTERN NO.33182
PASS PATTERN NO.33183
PASS PATTERN NO.33184
PASS PATTERN NO.33185
PASS PATTERN NO.33186
PASS PATTERN NO.33187
PASS PATTERN NO.33188
PASS PATTERN NO.33189
PASS PATTERN NO.33190
PASS PATTERN NO.33191
PASS PATTERN NO.33192
PASS PATTERN NO.33193
PASS PATTERN NO.33194
PASS PATTERN NO.33195
PASS PATTERN NO.33196
PASS PATTERN NO.33197
PASS PATTERN NO.33198
PASS PATTERN NO.33199
PASS PATTERN NO.33200
PASS PATTERN NO.33201
PASS PATTERN NO.33202
PASS PATTERN NO.33203
PASS PATTERN NO.33204
PASS PATTERN NO.33205
PASS PATTERN NO.33206
PASS PATTERN NO.33207
PASS PATTERN NO.33208
PASS PATTERN NO.33209
PASS PATTERN NO.33210
PASS PATTERN NO.33211
PASS PATTERN NO.33212
PASS PATTERN NO.33213
PASS PATTERN NO.33214
PASS PATTERN NO.33215
PASS PATTERN NO.33216
PASS PATTERN NO.33217
PASS PATTERN NO.33218
PASS PATTERN NO.33219
PASS PATTERN NO.33220
PASS PATTERN NO.33221
PASS PATTERN NO.33222
PASS PATTERN NO.33223
PASS PATTERN NO.33224
PASS PATTERN NO.33225
PASS PATTERN NO.33226
PASS PATTERN NO.33227
PASS PATTERN NO.33228
PASS PATTERN NO.33229
PASS PATTERN NO.33230
PASS PATTERN NO.33231
PASS PATTERN NO.33232
PASS PATTERN NO.33233
PASS PATTERN NO.33234
PASS PATTERN NO.33235
PASS PATTERN NO.33236
PASS PATTERN NO.33237
PASS PATTERN NO.33238
PASS PATTERN NO.33239
PASS PATTERN NO.33240
PASS PATTERN NO.33241
PASS PATTERN NO.33242
PASS PATTERN NO.33243
PASS PATTERN NO.33244
PASS PATTERN NO.33245
PASS PATTERN NO.33246
PASS PATTERN NO.33247
PASS PATTERN NO.33248
PASS PATTERN NO.33249
PASS PATTERN NO.33250
PASS PATTERN NO.33251
PASS PATTERN NO.33252
PASS PATTERN NO.33253
PASS PATTERN NO.33254
PASS PATTERN NO.33255
PASS PATTERN NO.33256
PASS PATTERN NO.33257
PASS PATTERN NO.33258
PASS PATTERN NO.33259
PASS PATTERN NO.33260
PASS PATTERN NO.33261
PASS PATTERN NO.33262
PASS PATTERN NO.33263
PASS PATTERN NO.33264
PASS PATTERN NO.33265
PASS PATTERN NO.33266
PASS PATTERN NO.33267
PASS PATTERN NO.33268
PASS PATTERN NO.33269
PASS PATTERN NO.33270
PASS PATTERN NO.33271
PASS PATTERN NO.33272
PASS PATTERN NO.33273
PASS PATTERN NO.33274
PASS PATTERN NO.33275
PASS PATTERN NO.33276
PASS PATTERN NO.33277
PASS PATTERN NO.33278
PASS PATTERN NO.33279
PASS PATTERN NO.33280
PASS PATTERN NO.33281
PASS PATTERN NO.33282
PASS PATTERN NO.33283
PASS PATTERN NO.33284
PASS PATTERN NO.33285
PASS PATTERN NO.33286
PASS PATTERN NO.33287
PASS PATTERN NO.33288
PASS PATTERN NO.33289
PASS PATTERN NO.33290
PASS PATTERN NO.33291
PASS PATTERN NO.33292
PASS PATTERN NO.33293
PASS PATTERN NO.33294
PASS PATTERN NO.33295
PASS PATTERN NO.33296
PASS PATTERN NO.33297
PASS PATTERN NO.33298
PASS PATTERN NO.33299
PASS PATTERN NO.33300
PASS PATTERN NO.33301
PASS PATTERN NO.33302
PASS PATTERN NO.33303
PASS PATTERN NO.33304
PASS PATTERN NO.33305
PASS PATTERN NO.33306
PASS PATTERN NO.33307
PASS PATTERN NO.33308
PASS PATTERN NO.33309
PASS PATTERN NO.33310
PASS PATTERN NO.33311
PASS PATTERN NO.33312
PASS PATTERN NO.33313
PASS PATTERN NO.33314
PASS PATTERN NO.33315
PASS PATTERN NO.33316
PASS PATTERN NO.33317
PASS PATTERN NO.33318
PASS PATTERN NO.33319
PASS PATTERN NO.33320
PASS PATTERN NO.33321
PASS PATTERN NO.33322
PASS PATTERN NO.33323
PASS PATTERN NO.33324
PASS PATTERN NO.33325
PASS PATTERN NO.33326
PASS PATTERN NO.33327
PASS PATTERN NO.33328
PASS PATTERN NO.33329
PASS PATTERN NO.33330
PASS PATTERN NO.33331
PASS PATTERN NO.33332
PASS PATTERN NO.33333
PASS PATTERN NO.33334
PASS PATTERN NO.33335
PASS PATTERN NO.33336
PASS PATTERN NO.33337
PASS PATTERN NO.33338
PASS PATTERN NO.33339
PASS PATTERN NO.33340
PASS PATTERN NO.33341
PASS PATTERN NO.33342
PASS PATTERN NO.33343
PASS PATTERN NO.33344
PASS PATTERN NO.33345
PASS PATTERN NO.33346
PASS PATTERN NO.33347
PASS PATTERN NO.33348
PASS PATTERN NO.33349
PASS PATTERN NO.33350
PASS PATTERN NO.33351
PASS PATTERN NO.33352
PASS PATTERN NO.33353
PASS PATTERN NO.33354
PASS PATTERN NO.33355
PASS PATTERN NO.33356
PASS PATTERN NO.33357
PASS PATTERN NO.33358
PASS PATTERN NO.33359
PASS PATTERN NO.33360
PASS PATTERN NO.33361
PASS PATTERN NO.33362
PASS PATTERN NO.33363
PASS PATTERN NO.33364
PASS PATTERN NO.33365
PASS PATTERN NO.33366
PASS PATTERN NO.33367
PASS PATTERN NO.33368
PASS PATTERN NO.33369
PASS PATTERN NO.33370
PASS PATTERN NO.33371
PASS PATTERN NO.33372
PASS PATTERN NO.33373
PASS PATTERN NO.33374
PASS PATTERN NO.33375
PASS PATTERN NO.33376
PASS PATTERN NO.33377
PASS PATTERN NO.33378
PASS PATTERN NO.33379
PASS PATTERN NO.33380
PASS PATTERN NO.33381
PASS PATTERN NO.33382
PASS PATTERN NO.33383
PASS PATTERN NO.33384
PASS PATTERN NO.33385
PASS PATTERN NO.33386
PASS PATTERN NO.33387
PASS PATTERN NO.33388
PASS PATTERN NO.33389
PASS PATTERN NO.33390
PASS PATTERN NO.33391
PASS PATTERN NO.33392
PASS PATTERN NO.33393
PASS PATTERN NO.33394
PASS PATTERN NO.33395
PASS PATTERN NO.33396
PASS PATTERN NO.33397
PASS PATTERN NO.33398
PASS PATTERN NO.33399
PASS PATTERN NO.33400
PASS PATTERN NO.33401
PASS PATTERN NO.33402
PASS PATTERN NO.33403
PASS PATTERN NO.33404
PASS PATTERN NO.33405
PASS PATTERN NO.33406
PASS PATTERN NO.33407
PASS PATTERN NO.33408
PASS PATTERN NO.33409
PASS PATTERN NO.33410
PASS PATTERN NO.33411
PASS PATTERN NO.33412
PASS PATTERN NO.33413
PASS PATTERN NO.33414
PASS PATTERN NO.33415
PASS PATTERN NO.33416
PASS PATTERN NO.33417
PASS PATTERN NO.33418
PASS PATTERN NO.33419
PASS PATTERN NO.33420
PASS PATTERN NO.33421
PASS PATTERN NO.33422
PASS PATTERN NO.33423
PASS PATTERN NO.33424
PASS PATTERN NO.33425
PASS PATTERN NO.33426
PASS PATTERN NO.33427
PASS PATTERN NO.33428
PASS PATTERN NO.33429
PASS PATTERN NO.33430
PASS PATTERN NO.33431
PASS PATTERN NO.33432
PASS PATTERN NO.33433
PASS PATTERN NO.33434
PASS PATTERN NO.33435
PASS PATTERN NO.33436
PASS PATTERN NO.33437
PASS PATTERN NO.33438
PASS PATTERN NO.33439
PASS PATTERN NO.33440
PASS PATTERN NO.33441
PASS PATTERN NO.33442
PASS PATTERN NO.33443
PASS PATTERN NO.33444
PASS PATTERN NO.33445
PASS PATTERN NO.33446
PASS PATTERN NO.33447
PASS PATTERN NO.33448
PASS PATTERN NO.33449
PASS PATTERN NO.33450
PASS PATTERN NO.33451
PASS PATTERN NO.33452
PASS PATTERN NO.33453
PASS PATTERN NO.33454
PASS PATTERN NO.33455
PASS PATTERN NO.33456
PASS PATTERN NO.33457
PASS PATTERN NO.33458
PASS PATTERN NO.33459
PASS PATTERN NO.33460
PASS PATTERN NO.33461
PASS PATTERN NO.33462
PASS PATTERN NO.33463
PASS PATTERN NO.33464
PASS PATTERN NO.33465
PASS PATTERN NO.33466
PASS PATTERN NO.33467
PASS PATTERN NO.33468
PASS PATTERN NO.33469
PASS PATTERN NO.33470
PASS PATTERN NO.33471
PASS PATTERN NO.33472
PASS PATTERN NO.33473
PASS PATTERN NO.33474
PASS PATTERN NO.33475
PASS PATTERN NO.33476
PASS PATTERN NO.33477
PASS PATTERN NO.33478
PASS PATTERN NO.33479
PASS PATTERN NO.33480
PASS PATTERN NO.33481
PASS PATTERN NO.33482
PASS PATTERN NO.33483
PASS PATTERN NO.33484
PASS PATTERN NO.33485
PASS PATTERN NO.33486
PASS PATTERN NO.33487
PASS PATTERN NO.33488
PASS PATTERN NO.33489
PASS PATTERN NO.33490
PASS PATTERN NO.33491
PASS PATTERN NO.33492
PASS PATTERN NO.33493
PASS PATTERN NO.33494
PASS PATTERN NO.33495
PASS PATTERN NO.33496
PASS PATTERN NO.33497
PASS PATTERN NO.33498
PASS PATTERN NO.33499
PASS PATTERN NO.33500
PASS PATTERN NO.33501
PASS PATTERN NO.33502
PASS PATTERN NO.33503
PASS PATTERN NO.33504
PASS PATTERN NO.33505
PASS PATTERN NO.33506
PASS PATTERN NO.33507
PASS PATTERN NO.33508
PASS PATTERN NO.33509
PASS PATTERN NO.33510
PASS PATTERN NO.33511
PASS PATTERN NO.33512
PASS PATTERN NO.33513
PASS PATTERN NO.33514
PASS PATTERN NO.33515
PASS PATTERN NO.33516
PASS PATTERN NO.33517
PASS PATTERN NO.33518
PASS PATTERN NO.33519
PASS PATTERN NO.33520
PASS PATTERN NO.33521
PASS PATTERN NO.33522
PASS PATTERN NO.33523
PASS PATTERN NO.33524
PASS PATTERN NO.33525
PASS PATTERN NO.33526
PASS PATTERN NO.33527
PASS PATTERN NO.33528
PASS PATTERN NO.33529
PASS PATTERN NO.33530
PASS PATTERN NO.33531
PASS PATTERN NO.33532
PASS PATTERN NO.33533
PASS PATTERN NO.33534
PASS PATTERN NO.33535
PASS PATTERN NO.33536
PASS PATTERN NO.33537
PASS PATTERN NO.33538
PASS PATTERN NO.33539
PASS PATTERN NO.33540
PASS PATTERN NO.33541
PASS PATTERN NO.33542
PASS PATTERN NO.33543
PASS PATTERN NO.33544
PASS PATTERN NO.33545
PASS PATTERN NO.33546
PASS PATTERN NO.33547
PASS PATTERN NO.33548
PASS PATTERN NO.33549
PASS PATTERN NO.33550
PASS PATTERN NO.33551
PASS PATTERN NO.33552
PASS PATTERN NO.33553
PASS PATTERN NO.33554
PASS PATTERN NO.33555
PASS PATTERN NO.33556
PASS PATTERN NO.33557
PASS PATTERN NO.33558
PASS PATTERN NO.33559
PASS PATTERN NO.33560
PASS PATTERN NO.33561
PASS PATTERN NO.33562
PASS PATTERN NO.33563
PASS PATTERN NO.33564
PASS PATTERN NO.33565
PASS PATTERN NO.33566
PASS PATTERN NO.33567
PASS PATTERN NO.33568
PASS PATTERN NO.33569
PASS PATTERN NO.33570
PASS PATTERN NO.33571
PASS PATTERN NO.33572
PASS PATTERN NO.33573
PASS PATTERN NO.33574
PASS PATTERN NO.33575
PASS PATTERN NO.33576
PASS PATTERN NO.33577
PASS PATTERN NO.33578
PASS PATTERN NO.33579
PASS PATTERN NO.33580
PASS PATTERN NO.33581
PASS PATTERN NO.33582
PASS PATTERN NO.33583
PASS PATTERN NO.33584
PASS PATTERN NO.33585
PASS PATTERN NO.33586
PASS PATTERN NO.33587
PASS PATTERN NO.33588
PASS PATTERN NO.33589
PASS PATTERN NO.33590
PASS PATTERN NO.33591
PASS PATTERN NO.33592
PASS PATTERN NO.33593
PASS PATTERN NO.33594
PASS PATTERN NO.33595
PASS PATTERN NO.33596
PASS PATTERN NO.33597
PASS PATTERN NO.33598
PASS PATTERN NO.33599
PASS PATTERN NO.33600
PASS PATTERN NO.33601
PASS PATTERN NO.33602
PASS PATTERN NO.33603
PASS PATTERN NO.33604
PASS PATTERN NO.33605
PASS PATTERN NO.33606
PASS PATTERN NO.33607
PASS PATTERN NO.33608
PASS PATTERN NO.33609
PASS PATTERN NO.33610
PASS PATTERN NO.33611
PASS PATTERN NO.33612
PASS PATTERN NO.33613
PASS PATTERN NO.33614
PASS PATTERN NO.33615
PASS PATTERN NO.33616
PASS PATTERN NO.33617
PASS PATTERN NO.33618
PASS PATTERN NO.33619
PASS PATTERN NO.33620
PASS PATTERN NO.33621
PASS PATTERN NO.33622
PASS PATTERN NO.33623
PASS PATTERN NO.33624
PASS PATTERN NO.33625
PASS PATTERN NO.33626
PASS PATTERN NO.33627
PASS PATTERN NO.33628
PASS PATTERN NO.33629
PASS PATTERN NO.33630
PASS PATTERN NO.33631
PASS PATTERN NO.33632
PASS PATTERN NO.33633
PASS PATTERN NO.33634
PASS PATTERN NO.33635
PASS PATTERN NO.33636
PASS PATTERN NO.33637
PASS PATTERN NO.33638
PASS PATTERN NO.33639
PASS PATTERN NO.33640
PASS PATTERN NO.33641
PASS PATTERN NO.33642
PASS PATTERN NO.33643
PASS PATTERN NO.33644
PASS PATTERN NO.33645
PASS PATTERN NO.33646
PASS PATTERN NO.33647
--------------------------------------------------------------------
                         Congratulations!                           
                  You have passed all patterns!                     
                  Your clock period = 2.0 ns                       
--------------------------------------------------------------------
$finish called from file "PATTERN.v", line 174.
$finish at simulation time            202153000
           V C S   S i m u l a t i o n   R e p o r t 
Time: 202153000 ps
CPU Time:     74.270 seconds;       Data structure size:   3.8Mb
Wed Sep 24 03:52:13 2025
CPU time: 7.850 seconds to compile + .315 seconds to elab + .734 seconds to link + 74.294 seconds in simulation
