#======================================================
#
# Synopsys Synthesis Scripts (Design Vision dctcl mode)
#
#======================================================
#======================================================
# (A) Global Parameters
#======================================================
set DESIGN "POLY_INVNORM2_FFT"
POLY_INVNORM2_FFT
set CYCLE 2.0
2.0
set INPUT_DLY [expr 0.5*$CYCLE]
1.0
set OUTPUT_DLY [expr 0.5*$CYCLE]
1.0
#======================================================
# (B) Read RTL Code
#======================================================
# (B-1) analyze + elaborate
set hdlin_auto_save_templates TRUE
TRUE
analyze -f sverilog $DESIGN\.v 
Running PRESTO HDLC
Compiling source file ../01_RTL/POLY_INVNORM2_FFT.v
Presto compilation completed successfully.
Loading db file '/cell_base_lib/CBDK_TSMC40_Arm_f2.0/CIC/SynopsysDC/db/sc9_base_rvt/sc9_cln40g_base_rvt_ss_typical_max_0p81v_125c.db'
Loading db file '/cell_base_lib/CBDK_TSMC40_Arm_f2.0/CIC/SynopsysDC/db/sc9_base_hvt/sc9_cln40g_base_hvt_ss_typical_max_0p81v_125c.db'
Loading db file '/cell_base_lib/CBDK_TSMC40_Arm_f2.0/CIC/SynopsysDC/db/sc9_base_lvt/sc9_cln40g_base_lvt_ss_typical_max_0p81v_125c.db'
Loading db file '/usr/cad/synopsys/synthesis/cur/libraries/syn/dw_foundation.sldb'
Loading db file '/usr/cad/synopsys/synthesis/cur/libraries/syn/standard.sldb'
1
elaborate $DESIGN  
Loading db file '/usr/cad/synopsys/synthesis/2022.03/libraries/syn/gtech.db'
Loading db file '/usr/cad/synopsys/synthesis/2022.03/libraries/syn/standard.sldb'
  Loading link library 'sc9_cln40g_base_rvt_ss_typical_max_0p81v_125c'
  Loading link library 'sc9_cln40g_base_hvt_ss_typical_max_0p81v_125c'
  Loading link library 'sc9_cln40g_base_lvt_ss_typical_max_0p81v_125c'
  Loading link library 'gtech'
Running PRESTO HDLC

Inferred memory devices in process
        in routine POLY_INVNORM2_FFT line 118 in file
                '../01_RTL/POLY_INVNORM2_FFT.v'.
=================================================================================
|     Register Name     |   Type    | Width | Bus | MB | AR | AS | SR | SS | ST |
=================================================================================
|     out_valid_reg     | Flip-flop |   1   |  N  | N  | Y  | N  | N  | N  | N  |
|      a_re_2_reg       | Flip-flop |  64   |  Y  | N  | Y  | N  | N  | N  | N  |
|      a_im_2_reg       | Flip-flop |  64   |  Y  | N  | Y  | N  | N  | N  | N  |
|      b_re_2_reg       | Flip-flop |  64   |  Y  | N  | Y  | N  | N  | N  | N  |
|      b_im_2_reg       | Flip-flop |  64   |  Y  | N  | Y  | N  | N  | N  | N  |
| a_norm_2_b_norm_2_reg | Flip-flop |  64   |  Y  | N  | Y  | N  | N  | N  | N  |
|         d_reg         | Flip-flop |  64   |  Y  | N  | Y  | N  | N  | N  | N  |
|  in_valid_reg_1_reg   | Flip-flop |   1   |  N  | N  | Y  | N  | N  | N  | N  |
|  in_valid_reg_2_reg   | Flip-flop |   1   |  N  | N  | Y  | N  | N  | N  | N  |
=================================================================================
Presto compilation completed successfully. (POLY_INVNORM2_FFT)
Elaborated 1 design.
Current design is now 'POLY_INVNORM2_FFT'.
1
# (B-2) read_sverilog
# read_sverilog $DESIGN\.v
# (B-3) set current design
current_design $DESIGN
Current design is 'POLY_INVNORM2_FFT'.
{POLY_INVNORM2_FFT}
link

  Linking design 'POLY_INVNORM2_FFT'
  Using the following designs and libraries:
  --------------------------------------------------------------------------
  POLY_INVNORM2_FFT           /home/daniel_kuo/Falcon/hardware/poly_invnorm2_fft/02_SYN/POLY_INVNORM2_FFT.db
  sc9_cln40g_base_rvt_ss_typical_max_0p81v_125c (library) /cell_base_lib/CBDK_TSMC40_Arm_f2.0/CIC/SynopsysDC/db/sc9_base_rvt/sc9_cln40g_base_rvt_ss_typical_max_0p81v_125c.db
  sc9_cln40g_base_hvt_ss_typical_max_0p81v_125c (library) /cell_base_lib/CBDK_TSMC40_Arm_f2.0/CIC/SynopsysDC/db/sc9_base_hvt/sc9_cln40g_base_hvt_ss_typical_max_0p81v_125c.db
  sc9_cln40g_base_lvt_ss_typical_max_0p81v_125c (library) /cell_base_lib/CBDK_TSMC40_Arm_f2.0/CIC/SynopsysDC/db/sc9_base_lvt/sc9_cln40g_base_lvt_ss_typical_max_0p81v_125c.db
  dw_foundation.sldb (library) /usr/cad/synopsys/synthesis/cur/libraries/syn/dw_foundation.sldb

1
#======================================================
#  (C) Global Setting
#======================================================
set_wire_load_mode top
1
# set_operating_conditions -max WCCOM -min BCCOM
# set_wire_load_model -name umc18_wl10 -library slow
#======================================================
#  (D) Set Design Constraints
#======================================================
# (D-1) Setting Clock Constraints
create_clock -name clk -period $CYCLE [get_ports clk] 
1
set_dont_touch_network             [get_clocks clk]
1
set_fix_hold                       [get_clocks clk]
1
set_clock_uncertainty       0.1    [get_clocks clk]
1
# set_clock_latency   -source 0      [get_clocks clk]
# set_clock_latency           1      [get_clocks clk] 
set_input_transition        0.5    [all_inputs] 
1
set_clock_transition        0.1    [all_clocks] 
1
# (D-2) Setting in/out Constraints
set_input_delay   -max  $INPUT_DLY  -clock clk   [all_inputs] ;  # set_up time check 
1
set_input_delay   -min  0           -clock clk   [all_inputs] ;  # hold   time check 
1
set_output_delay  -max  $OUTPUT_DLY -clock clk   [all_outputs] ; # set_up time check 
1
set_output_delay  -min  0           -clock clk   [all_outputs] ; # hold   time check 
1
set_input_delay 0 -clock clk clk
1
set_input_delay 0 -clock clk rst_n
1
#set_max_delay $CYCLE -from [all_inputs] -to [all_outputs]
# (D-3) Setting Design Environment
# set_driving_cell -library umc18io3v5v_slow -lib_cell P2C    -pin {Y}  [get_ports clk]
# set_driving_cell -library umc18io3v5v_slow -lib_cell P2C    -pin {Y}  [remove_from_collection [all_inputs] [get_ports clk]]
# set_load  [load_of "umc18io3v5v_slow/P8C/A"]       [all_outputs] ; # ~= 0.038
set_load 0.05 [all_outputs]
1
# (D-4) Setting DRC Constraint
#set_max_delay           0     ; # Optimize delay max effort                 
#set_max_area            0      ; # Optimize area max effort           
set_max_transition      3       [all_inputs]   ; # U18 LUT Max Transition Value  
1
set_max_capacitance     0.15    [all_inputs]   ; # U18 LUT Max Capacitance Value
1
set_max_fanout          10      [all_inputs]
1
# set_dont_use slow/JKFF*
#set_dont_touch [get_cells core_reg_macro]
#set hdlin_ff_always_sync_set_reset true
# (D-5) Report Clock skew
report_clock -skew clk
Information: Checking out the license 'DesignWare'. (SEC-104)
  Allocating blocks in 'DW_fp_square_sig_width52_exp_width11_ieee_compliance0'
Information: Changed wire load model for 'alt1' from '(none)' to 'Small'. (OPT-170)
Information: Changed wire load model for 'pparch' from '(none)' to 'Small'. (OPT-170)
Information: Changed wire load model for 'alt1' from '(none)' to 'Small'. (OPT-170)
Information: Changed wire load model for 'apparch' from '(none)' to 'Small'. (OPT-170)
Information: Changed wire load model for 'alt1' from '(none)' to 'Small'. (OPT-170)
Information: Changed wire load model for 'pparch' from '(none)' to 'Small'. (OPT-170)
Information: Changed wire load model for 'alt1' from '(none)' to 'Small'. (OPT-170)
Information: Changed wire load model for 'apparch' from '(none)' to 'Small'. (OPT-170)
Information: Changed wire load model for 'alt1' from '(none)' to 'Small'. (OPT-170)
Information: Changed wire load model for 'pparch' from '(none)' to 'Small'. (OPT-170)
Information: Changed wire load model for 'alt1' from '(none)' to 'Small'. (OPT-170)
Information: Changed wire load model for 'apparch' from '(none)' to 'Small'. (OPT-170)
  Allocating blocks in 'DW_lzd_a_width53'
  Allocating blocks in 'DW_lzod_a_width53_detect_10'
Information: Changed wire load model for 'alt1' from '(none)' to 'Small'. (OPT-170)
Information: Changed wire load model for 'pparch' from '(none)' to 'Small'. (OPT-170)
Information: Changed wire load model for 'alt1' from '(none)' to 'Small'. (OPT-170)
Information: Changed wire load model for 'apparch' from '(none)' to 'Small'. (OPT-170)
Information: Changed wire load model for 'alt1' from '(none)' to 'Small'. (OPT-170)
Information: Changed wire load model for 'apparch' from '(none)' to 'Small'. (OPT-170)
Information: Changed wire load model for 'alt1' from '(none)' to 'Small'. (OPT-170)
Information: Changed wire load model for 'apparch' from '(none)' to 'Small'. (OPT-170)
Information: Changed wire load model for 'alt1' from '(none)' to 'Small'. (OPT-170)
Information: Changed wire load model for 'apparch' from '(none)' to 'Small'. (OPT-170)
Information: Changed wire load model for 'alt1' from '(none)' to 'Small'. (OPT-170)
Information: Changed wire load model for 'apparch' from '(none)' to 'Small'. (OPT-170)
Information: Changed wire load model for 'alt1' from '(none)' to 'Small'. (OPT-170)
Information: Changed wire load model for 'apparch' from '(none)' to 'Small'. (OPT-170)
Information: Changed wire load model for 'alt1' from '(none)' to 'Small'. (OPT-170)
Information: Changed wire load model for 'apparch' from '(none)' to 'Small'. (OPT-170)
Information: Changed wire load model for 'alt1' from '(none)' to 'Small'. (OPT-170)
Information: Changed wire load model for 'apparch' from '(none)' to 'Small'. (OPT-170)
Information: Changed wire load model for 'alt1' from '(none)' to 'Small'. (OPT-170)
Information: Changed wire load model for 'apparch' from '(none)' to 'Small'. (OPT-170)
Information: Changed wire load model for 'alt1' from '(none)' to 'Small'. (OPT-170)
Information: Changed wire load model for 'apparch' from '(none)' to 'Small'. (OPT-170)
Information: Changed wire load model for 'alt1' from '(none)' to 'Small'. (OPT-170)
Information: Changed wire load model for 'apparch' from '(none)' to 'Small'. (OPT-170)
Information: Changed wire load model for 'alt1' from '(none)' to 'Small'. (OPT-170)
Information: Changed wire load model for 'apparch' from '(none)' to 'Small'. (OPT-170)
Information: Changed wire load model for 'alt1' from '(none)' to 'Small'. (OPT-170)
Information: Changed wire load model for 'apparch' from '(none)' to 'Small'. (OPT-170)
  Allocating blocks in 'DW_lzd_a_width53'
Information: Changed wire load model for 'alt1' from '(none)' to 'Small'. (OPT-170)
Information: Changed wire load model for 'apparch' from '(none)' to 'Small'. (OPT-170)
  Allocating blocks in 'DW_fp_add_sig_width52_exp_width11_ieee_compliance0'
  Allocating blocks in 'DW_fp_addsub_sig_width52_exp_width11_ieee_compliance0'
Information: Changed wire load model for 'alt1' from '(none)' to 'Small'. (OPT-170)
Information: Changed wire load model for 'pparch' from '(none)' to 'Small'. (OPT-170)
Information: Changed wire load model for 'alt1' from '(none)' to 'Small'. (OPT-170)
Information: Changed wire load model for 'apparch' from '(none)' to 'Small'. (OPT-170)
Information: Changed wire load model for 'alt1' from '(none)' to 'Small'. (OPT-170)
Information: Changed wire load model for 'astr' from '(none)' to 'Small'. (OPT-170)
Information: Changed wire load model for 'alt1' from '(none)' to 'Small'. (OPT-170)
Information: Changed wire load model for 'astr' from '(none)' to 'Small'. (OPT-170)
Information: Changed wire load model for 'alt1' from '(none)' to 'Small'. (OPT-170)
Information: Changed wire load model for 'astr' from '(none)' to 'Small'. (OPT-170)
  Allocating blocks in 'DW_lzd_a_width56'
  Allocating blocks in 'DW_lzod_a_width56_detect_10'
Information: Changed wire load model for 'alt1' from '(none)' to 'Small'. (OPT-170)
Information: Changed wire load model for 'astr' from '(none)' to 'Small'. (OPT-170)
Information: Changed wire load model for 'alt1' from '(none)' to 'Small'. (OPT-170)
Information: Changed wire load model for 'astr' from '(none)' to 'Small'. (OPT-170)
Information: Changed wire load model for 'alt1' from '(none)' to 'Small'. (OPT-170)
Information: Changed wire load model for 'astr' from '(none)' to 'Small'. (OPT-170)
Information: Changed wire load model for 'alt1' from '(none)' to 'Small'. (OPT-170)
Information: Changed wire load model for 'apparch' from '(none)' to 'Small'. (OPT-170)
Warning: Dont_touch on net '*cell*6/*Logic0*' may be overridden by compile because it
        is connected to generic logic. Use all_connected to see net
        connections. (OPT-461)
Information: Changed wire load model for 'alt1' from '(none)' to 'Small'. (OPT-170)
Information: Changed wire load model for 'apparch' from '(none)' to 'Small'. (OPT-170)
Information: Changed wire load model for 'alt1' from '(none)' to 'Small'. (OPT-170)
Information: Changed wire load model for 'astr' from '(none)' to 'Small'. (OPT-170)
Information: Changed wire load model for 'alt1' from '(none)' to 'Small'. (OPT-170)
Information: Changed wire load model for 'astr' from '(none)' to 'Small'. (OPT-170)
  Allocating blocks in 'DW_fp_addsub_sig_width52_exp_width11_ieee_compliance0'
Information: Changed wire load model for 'alt1' from '(none)' to 'Small'. (OPT-170)
Information: Changed wire load model for 'astr' from '(none)' to 'Small'. (OPT-170)
Information: Changed wire load model for 'alt1' from '(none)' to 'Small'. (OPT-170)
Information: Changed wire load model for 'astr' from '(none)' to 'Small'. (OPT-170)
Information: Changed wire load model for 'alt1' from '(none)' to 'Small'. (OPT-170)
Information: Changed wire load model for 'astr' from '(none)' to 'Small'. (OPT-170)
Information: Changed wire load model for 'alt1' from '(none)' to 'Small'. (OPT-170)
Information: Changed wire load model for 'apparch' from '(none)' to 'Small'. (OPT-170)
Information: Changed wire load model for 'alt1' from '(none)' to 'Small'. (OPT-170)
Information: Changed wire load model for 'apparch' from '(none)' to 'Small'. (OPT-170)
Information: Changed wire load model for 'alt1' from '(none)' to 'Small'. (OPT-170)
Information: Changed wire load model for 'astr' from '(none)' to 'Small'. (OPT-170)
  Allocating blocks in 'DW_lzd_a_width56'
Information: Changed wire load model for 'alt1' from '(none)' to 'Small'. (OPT-170)
Information: Changed wire load model for 'astr' from '(none)' to 'Small'. (OPT-170)
  Allocating blocks in 'DW_lp_piped_fp_div_sig_width52_exp_width11_ieee_compliance0_faithful_round0_op_iso_mode0_id_width1_in_reg0_stages3_out_reg0_no_pm0_rst_mode0'
  Allocating blocks in 'DW_lp_pipe_mgr_stages2_id_width1'
  Allocating blocks in 'DW_fp_div_sig_width52_exp_width11_ieee_compliance0_faithful_round0'
Information: Changed wire load model for 'alt1' from '(none)' to 'Small'. (OPT-170)
Information: Changed wire load model for 'pparch' from '(none)' to 'Small'. (OPT-170)
Information: Changed wire load model for 'alt1' from '(none)' to 'Small'. (OPT-170)
Information: Changed wire load model for 'apparch' from '(none)' to 'Small'. (OPT-170)
Information: Changed wire load model for 'alt1' from '(none)' to 'Small'. (OPT-170)
Information: Changed wire load model for 'pparch' from '(none)' to 'Small'. (OPT-170)
Information: Changed wire load model for 'alt1' from '(none)' to 'Small'. (OPT-170)
Information: Changed wire load model for 'apparch' from '(none)' to 'Small'. (OPT-170)
Information: Changed wire load model for 'alt1' from '(none)' to 'Small'. (OPT-170)
Information: Changed wire load model for 'pparch' from '(none)' to 'Small'. (OPT-170)
Information: Changed wire load model for 'alt1' from '(none)' to 'Small'. (OPT-170)
Information: Changed wire load model for 'apparch' from '(none)' to 'Small'. (OPT-170)
Information: Changed wire load model for 'alt1' from '(none)' to 'Small'. (OPT-170)
Information: Changed wire load model for 'pparch' from '(none)' to 'Small'. (OPT-170)
Information: Changed wire load model for 'alt1' from '(none)' to 'Small'. (OPT-170)
Information: Changed wire load model for 'apparch' from '(none)' to 'Small'. (OPT-170)
Information: Changed wire load model for 'alt1' from '(none)' to 'Small'. (OPT-170)
Information: Changed wire load model for 'pparch' from '(none)' to 'Small'. (OPT-170)
Information: Changed wire load model for 'alt1' from '(none)' to 'Small'. (OPT-170)
Information: Changed wire load model for 'apparch' from '(none)' to 'Small'. (OPT-170)
Information: Changed wire load model for 'alt1' from '(none)' to 'Small'. (OPT-170)
Information: Changed wire load model for 'pparch' from '(none)' to 'Small'. (OPT-170)
Information: Changed wire load model for 'alt1' from '(none)' to 'Small'. (OPT-170)
Information: Changed wire load model for 'apparch' from '(none)' to 'Small'. (OPT-170)
Information: Changed wire load model for 'alt1' from '(none)' to 'Small'. (OPT-170)
Information: Changed wire load model for 'pparch' from '(none)' to 'Small'. (OPT-170)
Information: Changed wire load model for 'alt1' from '(none)' to 'Small'. (OPT-170)
Information: Changed wire load model for 'apparch' from '(none)' to 'Small'. (OPT-170)
Information: Changed wire load model for 'alt1' from '(none)' to 'Small'. (OPT-170)
Information: Changed wire load model for 'pparch' from '(none)' to 'Small'. (OPT-170)
Information: Changed wire load model for 'alt1' from '(none)' to 'Small'. (OPT-170)
Information: Changed wire load model for 'apparch' from '(none)' to 'Small'. (OPT-170)
Information: Changed wire load model for 'alt1' from '(none)' to 'Small'. (OPT-170)
Information: Changed wire load model for 'pparch' from '(none)' to 'Small'. (OPT-170)
Information: Changed wire load model for 'alt1' from '(none)' to 'Small'. (OPT-170)
Information: Changed wire load model for 'apparch' from '(none)' to 'Small'. (OPT-170)
Information: Changed wire load model for 'alt1' from '(none)' to 'Small'. (OPT-170)
Information: Changed wire load model for 'apparch' from '(none)' to 'Small'. (OPT-170)
Information: Changed wire load model for 'alt1' from '(none)' to 'Small'. (OPT-170)
Information: Changed wire load model for 'apparch' from '(none)' to 'Small'. (OPT-170)
Information: Changed wire load model for 'alt1' from '(none)' to 'Small'. (OPT-170)
Information: Changed wire load model for 'apparch' from '(none)' to 'Small'. (OPT-170)
Information: Changed wire load model for 'alt1' from '(none)' to 'Small'. (OPT-170)
Information: Changed wire load model for 'apparch' from '(none)' to 'Small'. (OPT-170)
Information: Changed wire load model for 'alt1' from '(none)' to 'Small'. (OPT-170)
Information: Changed wire load model for 'apparch' from '(none)' to 'Small'. (OPT-170)
Information: Changed wire load model for 'alt1' from '(none)' to 'Small'. (OPT-170)
Information: Changed wire load model for 'apparch' from '(none)' to 'Small'. (OPT-170)
Information: Changed wire load model for 'alt1' from '(none)' to 'Small'. (OPT-170)
Information: Changed wire load model for 'apparch' from '(none)' to 'Small'. (OPT-170)
Information: Changed wire load model for 'alt1' from '(none)' to 'Small'. (OPT-170)
Information: Changed wire load model for 'apparch' from '(none)' to 'Small'. (OPT-170)
Information: Changed wire load model for 'alt1' from '(none)' to 'Small'. (OPT-170)
Information: Changed wire load model for 'apparch' from '(none)' to 'Small'. (OPT-170)
Information: Changed wire load model for 'alt1' from '(none)' to 'Small'. (OPT-170)
Information: Changed wire load model for 'apparch' from '(none)' to 'Small'. (OPT-170)
Information: Changed wire load model for 'alt1' from '(none)' to 'Small'. (OPT-170)
Information: Changed wire load model for 'apparch' from '(none)' to 'Small'. (OPT-170)
Information: Changed wire load model for 'alt1' from '(none)' to 'Small'. (OPT-170)
Information: Changed wire load model for 'apparch' from '(none)' to 'Small'. (OPT-170)
Information: Changed wire load model for 'alt1' from '(none)' to 'Small'. (OPT-170)
Information: Changed wire load model for 'apparch' from '(none)' to 'Small'. (OPT-170)
Information: Changed wire load model for 'alt1' from '(none)' to 'Small'. (OPT-170)
Information: Changed wire load model for 'apparch' from '(none)' to 'Small'. (OPT-170)
Information: Changed wire load model for 'alt1' from '(none)' to 'Small'. (OPT-170)
Information: Changed wire load model for 'apparch' from '(none)' to 'Small'. (OPT-170)
Information: Changed wire load model for 'alt1' from '(none)' to 'Small'. (OPT-170)
Information: Changed wire load model for 'apparch' from '(none)' to 'Small'. (OPT-170)
Information: Changed wire load model for 'alt1' from '(none)' to 'Small'. (OPT-170)
Information: Changed wire load model for 'apparch' from '(none)' to 'Small'. (OPT-170)
Information: Changed wire load model for 'alt1' from '(none)' to 'Small'. (OPT-170)
Information: Changed wire load model for 'apparch' from '(none)' to 'Small'. (OPT-170)
  Allocating blocks in 'DW_fp_div_sig_width52_exp_width11_ieee_compliance0_faithful_round0'
  Allocating blocks in 'DW_div_a_width107_b_width53_tc_mode0_rem_mode1'
Information: Changed wire load model for 'alt1' from '(none)' to 'Small'. (OPT-170)
Information: Changed wire load model for 'pparch' from '(none)' to 'Small'. (OPT-170)
Information: Changed wire load model for 'alt1' from '(none)' to 'Small'. (OPT-170)
Information: Changed wire load model for 'pparch' from '(none)' to 'Small'. (OPT-170)
Information: Changed wire load model for 'alt1' from '(none)' to 'Small'. (OPT-170)
Information: Changed wire load model for 'pparch' from '(none)' to 'Small'. (OPT-170)
Information: Changed wire load model for 'alt1' from '(none)' to 'Small'. (OPT-170)
Information: Changed wire load model for 'pparch' from '(none)' to 'Small'. (OPT-170)
Information: Changed wire load model for 'alt1' from '(none)' to 'Small'. (OPT-170)
Information: Changed wire load model for 'pparch' from '(none)' to 'Small'. (OPT-170)
Information: Changed wire load model for 'alt1' from '(none)' to 'Small'. (OPT-170)
Information: Changed wire load model for 'pparch' from '(none)' to 'Small'. (OPT-170)
Information: Changed wire load model for 'alt1' from '(none)' to 'Small'. (OPT-170)
Information: Changed wire load model for 'pparch' from '(none)' to 'Small'. (OPT-170)
Information: Changed wire load model for 'alt1' from '(none)' to 'Small'. (OPT-170)
Information: Changed wire load model for 'pparch' from '(none)' to 'Small'. (OPT-170)
Information: Changed wire load model for 'alt1' from '(none)' to 'Small'. (OPT-170)
Information: Changed wire load model for 'pparch' from '(none)' to 'Small'. (OPT-170)
Information: Changed wire load model for 'alt1' from '(none)' to 'Small'. (OPT-170)
Information: Changed wire load model for 'pparch' from '(none)' to 'Small'. (OPT-170)
Information: Changed wire load model for 'alt1' from '(none)' to 'Small'. (OPT-170)
Information: Changed wire load model for 'pparch' from '(none)' to 'Small'. (OPT-170)
Information: Changed wire load model for 'alt1' from '(none)' to 'Small'. (OPT-170)
Information: Changed wire load model for 'pparch' from '(none)' to 'Small'. (OPT-170)
Information: Changed wire load model for 'alt1' from '(none)' to 'Small'. (OPT-170)
Information: Changed wire load model for 'pparch' from '(none)' to 'Small'. (OPT-170)
Information: Changed wire load model for 'alt1' from '(none)' to 'Small'. (OPT-170)
Information: Changed wire load model for 'pparch' from '(none)' to 'Small'. (OPT-170)
Information: Changed wire load model for 'alt1' from '(none)' to 'Small'. (OPT-170)
Information: Changed wire load model for 'pparch' from '(none)' to 'Small'. (OPT-170)
Information: Changed wire load model for 'alt1' from '(none)' to 'Small'. (OPT-170)
Information: Changed wire load model for 'pparch' from '(none)' to 'Small'. (OPT-170)
Information: Changed wire load model for 'alt1' from '(none)' to 'Small'. (OPT-170)
Information: Changed wire load model for 'pparch' from '(none)' to 'Small'. (OPT-170)
Information: Changed wire load model for 'alt1' from '(none)' to 'Small'. (OPT-170)
Information: Changed wire load model for 'pparch' from '(none)' to 'Small'. (OPT-170)
Information: Changed wire load model for 'alt1' from '(none)' to 'Small'. (OPT-170)
Information: Changed wire load model for 'pparch' from '(none)' to 'Small'. (OPT-170)
Information: Changed wire load model for 'alt1' from '(none)' to 'Small'. (OPT-170)
Information: Changed wire load model for 'pparch' from '(none)' to 'Small'. (OPT-170)
Information: Changed wire load model for 'alt1' from '(none)' to 'Small'. (OPT-170)
Information: Changed wire load model for 'pparch' from '(none)' to 'Small'. (OPT-170)
Information: Changed wire load model for 'alt1' from '(none)' to 'Small'. (OPT-170)
Information: Changed wire load model for 'pparch' from '(none)' to 'Small'. (OPT-170)
Information: Changed wire load model for 'alt1' from '(none)' to 'Small'. (OPT-170)
Information: Changed wire load model for 'pparch' from '(none)' to 'Small'. (OPT-170)
Information: Changed wire load model for 'alt1' from '(none)' to 'Small'. (OPT-170)
Information: Changed wire load model for 'pparch' from '(none)' to 'Small'. (OPT-170)
Information: Changed wire load model for 'alt1' from '(none)' to 'Small'. (OPT-170)
Information: Changed wire load model for 'pparch' from '(none)' to 'Small'. (OPT-170)
Information: Changed wire load model for 'alt1' from '(none)' to 'Small'. (OPT-170)
Information: Changed wire load model for 'pparch' from '(none)' to 'Small'. (OPT-170)
Information: Changed wire load model for 'alt1' from '(none)' to 'Small'. (OPT-170)
Information: Changed wire load model for 'pparch' from '(none)' to 'Small'. (OPT-170)
Information: Changed wire load model for 'alt1' from '(none)' to 'Small'. (OPT-170)
Information: Changed wire load model for 'pparch' from '(none)' to 'Small'. (OPT-170)
Information: Changed wire load model for 'alt1' from '(none)' to 'Small'. (OPT-170)
Information: Changed wire load model for 'pparch' from '(none)' to 'Small'. (OPT-170)
Information: Changed wire load model for 'alt1' from '(none)' to 'Small'. (OPT-170)
Information: Changed wire load model for 'pparch' from '(none)' to 'Small'. (OPT-170)
Information: Changed wire load model for 'alt1' from '(none)' to 'Small'. (OPT-170)
Information: Changed wire load model for 'pparch' from '(none)' to 'Small'. (OPT-170)
Information: Changed wire load model for 'alt1' from '(none)' to 'Small'. (OPT-170)
Information: Changed wire load model for 'pparch' from '(none)' to 'Small'. (OPT-170)
Information: Changed wire load model for 'alt1' from '(none)' to 'Small'. (OPT-170)
Information: Changed wire load model for 'pparch' from '(none)' to 'Small'. (OPT-170)
Information: Changed wire load model for 'alt1' from '(none)' to 'Small'. (OPT-170)
Information: Changed wire load model for 'pparch' from '(none)' to 'Small'. (OPT-170)
Information: Changed wire load model for 'alt1' from '(none)' to 'Small'. (OPT-170)
Information: Changed wire load model for 'pparch' from '(none)' to 'Small'. (OPT-170)
Information: Changed wire load model for 'alt1' from '(none)' to 'Small'. (OPT-170)
Information: Changed wire load model for 'pparch' from '(none)' to 'Small'. (OPT-170)
Information: Changed wire load model for 'alt1' from '(none)' to 'Small'. (OPT-170)
Information: Changed wire load model for 'pparch' from '(none)' to 'Small'. (OPT-170)
Information: Changed wire load model for 'alt1' from '(none)' to 'Small'. (OPT-170)
Information: Changed wire load model for 'pparch' from '(none)' to 'Small'. (OPT-170)
Information: Changed wire load model for 'alt1' from '(none)' to 'Small'. (OPT-170)
Information: Changed wire load model for 'pparch' from '(none)' to 'Small'. (OPT-170)
Information: Changed wire load model for 'alt1' from '(none)' to 'Small'. (OPT-170)
Information: Changed wire load model for 'pparch' from '(none)' to 'Small'. (OPT-170)
Information: Changed wire load model for 'alt1' from '(none)' to 'Small'. (OPT-170)
Information: Changed wire load model for 'pparch' from '(none)' to 'Small'. (OPT-170)
Information: Changed wire load model for 'alt1' from '(none)' to 'Small'. (OPT-170)
Information: Changed wire load model for 'pparch' from '(none)' to 'Small'. (OPT-170)
Information: Changed wire load model for 'alt1' from '(none)' to 'Small'. (OPT-170)
Information: Changed wire load model for 'pparch' from '(none)' to 'Small'. (OPT-170)
Information: Changed wire load model for 'alt1' from '(none)' to 'Small'. (OPT-170)
Information: Changed wire load model for 'pparch' from '(none)' to 'Small'. (OPT-170)
Information: Changed wire load model for 'alt1' from '(none)' to 'Small'. (OPT-170)
Information: Changed wire load model for 'pparch' from '(none)' to 'Small'. (OPT-170)
Information: Changed wire load model for 'alt1' from '(none)' to 'Small'. (OPT-170)
Information: Changed wire load model for 'pparch' from '(none)' to 'Small'. (OPT-170)
Information: Changed wire load model for 'alt1' from '(none)' to 'Small'. (OPT-170)
Information: Changed wire load model for 'pparch' from '(none)' to 'Small'. (OPT-170)
Information: Changed wire load model for 'alt1' from '(none)' to 'Small'. (OPT-170)
Information: Changed wire load model for 'pparch' from '(none)' to 'Small'. (OPT-170)
Information: Changed wire load model for 'alt1' from '(none)' to 'Small'. (OPT-170)
Information: Changed wire load model for 'pparch' from '(none)' to 'Small'. (OPT-170)
Information: Changed wire load model for 'alt1' from '(none)' to 'Small'. (OPT-170)
Information: Changed wire load model for 'pparch' from '(none)' to 'Small'. (OPT-170)
Information: Changed wire load model for 'alt1' from '(none)' to 'Small'. (OPT-170)
Information: Changed wire load model for 'pparch' from '(none)' to 'Small'. (OPT-170)
Information: Changed wire load model for 'alt1' from '(none)' to 'Small'. (OPT-170)
Information: Changed wire load model for 'pparch' from '(none)' to 'Small'. (OPT-170)
Information: Changed wire load model for 'alt1' from '(none)' to 'Small'. (OPT-170)
Information: Changed wire load model for 'pparch' from '(none)' to 'Small'. (OPT-170)
Information: Changed wire load model for 'alt1' from '(none)' to 'Small'. (OPT-170)
Information: Changed wire load model for 'pparch' from '(none)' to 'Small'. (OPT-170)
Information: Changed wire load model for 'alt1' from '(none)' to 'Small'. (OPT-170)
Information: Changed wire load model for 'pparch' from '(none)' to 'Small'. (OPT-170)
Information: Changed wire load model for 'alt1' from '(none)' to 'Small'. (OPT-170)
Information: Changed wire load model for 'pparch' from '(none)' to 'Small'. (OPT-170)
Information: Changed wire load model for 'alt1' from '(none)' to 'Small'. (OPT-170)
Information: Changed wire load model for 'pparch' from '(none)' to 'Small'. (OPT-170)
Information: Changed wire load model for 'alt1' from '(none)' to 'Small'. (OPT-170)
Information: Changed wire load model for 'pparch' from '(none)' to 'Small'. (OPT-170)
Information: Changed wire load model for 'alt1' from '(none)' to 'Small'. (OPT-170)
Information: Changed wire load model for 'pparch' from '(none)' to 'Small'. (OPT-170)
Information: Changed wire load model for 'alt1' from '(none)' to 'Small'. (OPT-170)
Information: Changed wire load model for 'pparch' from '(none)' to 'Small'. (OPT-170)
Information: Changed wire load model for 'alt1' from '(none)' to 'Small'. (OPT-170)
Information: Changed wire load model for 'pparch' from '(none)' to 'Small'. (OPT-170)
Information: Changed wire load model for 'alt1' from '(none)' to 'Small'. (OPT-170)
Information: Changed wire load model for 'pparch' from '(none)' to 'Small'. (OPT-170)
Information: Changed wire load model for 'alt1' from '(none)' to 'Small'. (OPT-170)
Information: Changed wire load model for 'pparch' from '(none)' to 'Small'. (OPT-170)
Information: Changed wire load model for 'alt1' from '(none)' to 'Small'. (OPT-170)
Information: Changed wire load model for 'pparch' from '(none)' to 'Small'. (OPT-170)
Information: Changed wire load model for 'alt1' from '(none)' to 'Small'. (OPT-170)
Information: Changed wire load model for 'pparch' from '(none)' to 'Small'. (OPT-170)
Information: Changed wire load model for 'alt1' from '(none)' to 'Small'. (OPT-170)
Information: Changed wire load model for 'pparch' from '(none)' to 'Small'. (OPT-170)
Information: Changed wire load model for 'alt1' from '(none)' to 'Small'. (OPT-170)
Information: Changed wire load model for 'pparch' from '(none)' to 'Small'. (OPT-170)
Information: Changed wire load model for 'alt1' from '(none)' to 'Small'. (OPT-170)
Information: Changed wire load model for 'pparch' from '(none)' to 'Small'. (OPT-170)
Information: Changed wire load model for 'alt1' from '(none)' to 'Small'. (OPT-170)
Information: Changed wire load model for 'pparch' from '(none)' to 'Small'. (OPT-170)
Information: Changed wire load model for 'alt1' from '(none)' to 'Small'. (OPT-170)
Information: Changed wire load model for 'pparch' from '(none)' to 'Small'. (OPT-170)
Information: Changed wire load model for 'alt1' from '(none)' to 'Small'. (OPT-170)
Information: Changed wire load model for 'pparch' from '(none)' to 'Small'. (OPT-170)
Information: Changed wire load model for 'alt1' from '(none)' to 'Small'. (OPT-170)
Information: Changed wire load model for 'pparch' from '(none)' to 'Small'. (OPT-170)
Information: Changed wire load model for 'alt1' from '(none)' to 'Small'. (OPT-170)
Information: Changed wire load model for 'pparch' from '(none)' to 'Small'. (OPT-170)
Information: Changed wire load model for 'alt1' from '(none)' to 'Small'. (OPT-170)
Information: Changed wire load model for 'pparch' from '(none)' to 'Small'. (OPT-170)
Information: Changed wire load model for 'alt1' from '(none)' to 'Small'. (OPT-170)
Information: Changed wire load model for 'pparch' from '(none)' to 'Small'. (OPT-170)
Information: Changed wire load model for 'alt1' from '(none)' to 'Small'. (OPT-170)
Information: Changed wire load model for 'pparch' from '(none)' to 'Small'. (OPT-170)
Information: Changed wire load model for 'alt1' from '(none)' to 'Small'. (OPT-170)
Information: Changed wire load model for 'pparch' from '(none)' to 'Small'. (OPT-170)
Information: Changed wire load model for 'alt1' from '(none)' to 'Small'. (OPT-170)
Information: Changed wire load model for 'pparch' from '(none)' to 'Small'. (OPT-170)
Information: Changed wire load model for 'alt1' from '(none)' to 'Small'. (OPT-170)
Information: Changed wire load model for 'pparch' from '(none)' to 'Small'. (OPT-170)
Information: Changed wire load model for 'alt1' from '(none)' to 'Small'. (OPT-170)
Information: Changed wire load model for 'pparch' from '(none)' to 'Small'. (OPT-170)
Information: Changed wire load model for 'alt1' from '(none)' to 'Small'. (OPT-170)
Information: Changed wire load model for 'pparch' from '(none)' to 'Small'. (OPT-170)
Information: Changed wire load model for 'alt1' from '(none)' to 'Small'. (OPT-170)
Information: Changed wire load model for 'pparch' from '(none)' to 'Small'. (OPT-170)
Information: Changed wire load model for 'alt1' from '(none)' to 'Small'. (OPT-170)
Information: Changed wire load model for 'pparch' from '(none)' to 'Small'. (OPT-170)
Information: Changed wire load model for 'alt1' from '(none)' to 'Small'. (OPT-170)
Information: Changed wire load model for 'pparch' from '(none)' to 'Small'. (OPT-170)
Information: Changed wire load model for 'alt1' from '(none)' to 'Small'. (OPT-170)
Information: Changed wire load model for 'pparch' from '(none)' to 'Small'. (OPT-170)
Information: Changed wire load model for 'alt1' from '(none)' to 'Small'. (OPT-170)
Information: Changed wire load model for 'pparch' from '(none)' to 'Small'. (OPT-170)
Information: Changed wire load model for 'alt1' from '(none)' to 'Small'. (OPT-170)
Information: Changed wire load model for 'pparch' from '(none)' to 'Small'. (OPT-170)
Information: Changed wire load model for 'alt1' from '(none)' to 'Small'. (OPT-170)
Information: Changed wire load model for 'pparch' from '(none)' to 'Small'. (OPT-170)
Information: Changed wire load model for 'alt1' from '(none)' to 'Small'. (OPT-170)
Information: Changed wire load model for 'pparch' from '(none)' to 'Small'. (OPT-170)
Information: Changed wire load model for 'alt1' from '(none)' to 'Small'. (OPT-170)
Information: Changed wire load model for 'pparch' from '(none)' to 'Small'. (OPT-170)
Information: Changed wire load model for 'alt1' from '(none)' to 'Small'. (OPT-170)
Information: Changed wire load model for 'pparch' from '(none)' to 'Small'. (OPT-170)
Information: Changed wire load model for 'alt1' from '(none)' to 'Small'. (OPT-170)
Information: Changed wire load model for 'pparch' from '(none)' to 'Small'. (OPT-170)
Information: Changed wire load model for 'alt1' from '(none)' to 'Small'. (OPT-170)
Information: Changed wire load model for 'pparch' from '(none)' to 'Small'. (OPT-170)
Information: Changed wire load model for 'alt1' from '(none)' to 'Small'. (OPT-170)
Information: Changed wire load model for 'pparch' from '(none)' to 'Small'. (OPT-170)
Information: Changed wire load model for 'alt1' from '(none)' to 'Small'. (OPT-170)
Information: Changed wire load model for 'pparch' from '(none)' to 'Small'. (OPT-170)
Information: Changed wire load model for 'alt1' from '(none)' to 'Small'. (OPT-170)
Information: Changed wire load model for 'pparch' from '(none)' to 'Small'. (OPT-170)
Information: Changed wire load model for 'alt1' from '(none)' to 'Small'. (OPT-170)
Information: Changed wire load model for 'pparch' from '(none)' to 'Small'. (OPT-170)
Information: Changed wire load model for 'alt1' from '(none)' to 'Small'. (OPT-170)
Information: Changed wire load model for 'pparch' from '(none)' to 'Small'. (OPT-170)
Information: Changed wire load model for 'alt1' from '(none)' to 'Small'. (OPT-170)
Information: Changed wire load model for 'pparch' from '(none)' to 'Small'. (OPT-170)
Information: Changed wire load model for 'alt1' from '(none)' to 'Small'. (OPT-170)
Information: Changed wire load model for 'pparch' from '(none)' to 'Small'. (OPT-170)
Information: Changed wire load model for 'alt1' from '(none)' to 'Small'. (OPT-170)
Information: Changed wire load model for 'pparch' from '(none)' to 'Small'. (OPT-170)
Information: Changed wire load model for 'alt1' from '(none)' to 'Small'. (OPT-170)
Information: Changed wire load model for 'pparch' from '(none)' to 'Small'. (OPT-170)
Information: Changed wire load model for 'alt1' from '(none)' to 'Small'. (OPT-170)
Information: Changed wire load model for 'pparch' from '(none)' to 'Small'. (OPT-170)
Information: Changed wire load model for 'alt1' from '(none)' to 'Small'. (OPT-170)
Information: Changed wire load model for 'pparch' from '(none)' to 'Small'. (OPT-170)
Information: Changed wire load model for 'alt1' from '(none)' to 'Small'. (OPT-170)
Information: Changed wire load model for 'pparch' from '(none)' to 'Small'. (OPT-170)
Information: Changed wire load model for 'alt1' from '(none)' to 'Small'. (OPT-170)
Information: Changed wire load model for 'pparch' from '(none)' to 'Small'. (OPT-170)
Information: Changed wire load model for 'alt1' from '(none)' to 'Small'. (OPT-170)
Information: Changed wire load model for 'pparch' from '(none)' to 'Small'. (OPT-170)
Information: Changed wire load model for 'alt1' from '(none)' to 'Small'. (OPT-170)
Information: Changed wire load model for 'pparch' from '(none)' to 'Small'. (OPT-170)
Information: Changed wire load model for 'alt1' from '(none)' to 'Small'. (OPT-170)
Information: Changed wire load model for 'pparch' from '(none)' to 'Small'. (OPT-170)
Information: Changed wire load model for 'alt1' from '(none)' to 'Small'. (OPT-170)
Information: Changed wire load model for 'pparch' from '(none)' to 'Small'. (OPT-170)
Information: Changed wire load model for 'alt1' from '(none)' to 'Small'. (OPT-170)
Information: Changed wire load model for 'pparch' from '(none)' to 'Small'. (OPT-170)
Information: Changed wire load model for 'alt1' from '(none)' to 'Small'. (OPT-170)
Information: Changed wire load model for 'pparch' from '(none)' to 'Small'. (OPT-170)
Information: Changed wire load model for 'alt1' from '(none)' to 'Small'. (OPT-170)
Information: Changed wire load model for 'pparch' from '(none)' to 'Small'. (OPT-170)
Information: Changed wire load model for 'alt1' from '(none)' to 'Small'. (OPT-170)
Information: Changed wire load model for 'pparch' from '(none)' to 'Small'. (OPT-170)
Information: Changed wire load model for 'alt1' from '(none)' to 'Small'. (OPT-170)
Information: Changed wire load model for 'pparch' from '(none)' to 'Small'. (OPT-170)
Information: Changed wire load model for 'alt1' from '(none)' to 'Small'. (OPT-170)
Information: Changed wire load model for 'pparch' from '(none)' to 'Small'. (OPT-170)
Information: Changed wire load model for 'alt1' from '(none)' to 'Small'. (OPT-170)
Information: Changed wire load model for 'pparch' from '(none)' to 'Small'. (OPT-170)
Information: Changed wire load model for 'alt1' from '(none)' to 'Small'. (OPT-170)
Information: Changed wire load model for 'pparch' from '(none)' to 'Small'. (OPT-170)
Information: Changed wire load model for 'alt1' from '(none)' to 'Small'. (OPT-170)
Information: Changed wire load model for 'pparch' from '(none)' to 'Small'. (OPT-170)
Information: Changed wire load model for 'alt1' from '(none)' to 'Small'. (OPT-170)
Information: Changed wire load model for 'pparch' from '(none)' to 'Small'. (OPT-170)
Information: Changed wire load model for 'alt1' from '(none)' to 'Small'. (OPT-170)
Information: Changed wire load model for 'pparch' from '(none)' to 'Small'. (OPT-170)
Information: Changed wire load model for 'alt1' from '(none)' to 'Small'. (OPT-170)
Information: Changed wire load model for 'pparch' from '(none)' to 'Small'. (OPT-170)
Information: Changed wire load model for 'alt1' from '(none)' to 'Small'. (OPT-170)
Information: Changed wire load model for 'pparch' from '(none)' to 'Small'. (OPT-170)
Information: Changed wire load model for 'alt1' from '(none)' to 'Small'. (OPT-170)
Information: Changed wire load model for 'pparch' from '(none)' to 'Small'. (OPT-170)
Information: Changed wire load model for 'alt1' from '(none)' to 'Small'. (OPT-170)
Information: Changed wire load model for 'pparch' from '(none)' to 'Small'. (OPT-170)
Information: Changed wire load model for 'alt1' from '(none)' to 'Small'. (OPT-170)
Information: Changed wire load model for 'pparch' from '(none)' to 'Small'. (OPT-170)
Information: Changed wire load model for 'alt1' from '(none)' to 'Small'. (OPT-170)
Information: Changed wire load model for 'pparch' from '(none)' to 'Small'. (OPT-170)
Information: Changed wire load model for 'alt1' from '(none)' to 'Small'. (OPT-170)
Information: Changed wire load model for 'pparch' from '(none)' to 'Small'. (OPT-170)
Information: Changed wire load model for 'alt1' from '(none)' to 'Small'. (OPT-170)
Information: Changed wire load model for 'pparch' from '(none)' to 'Small'. (OPT-170)
Information: Changed wire load model for 'alt1' from '(none)' to 'Small'. (OPT-170)
Information: Changed wire load model for 'pparch' from '(none)' to 'Small'. (OPT-170)
Information: Changed wire load model for 'alt1' from '(none)' to 'Small'. (OPT-170)
Information: Changed wire load model for 'pparch' from '(none)' to 'Small'. (OPT-170)
Information: Changed wire load model for 'alt1' from '(none)' to 'Small'. (OPT-170)
Information: Changed wire load model for 'pparch' from '(none)' to 'Small'. (OPT-170)
Information: Changed wire load model for 'alt1' from '(none)' to 'Small'. (OPT-170)
Information: Changed wire load model for 'pparch' from '(none)' to 'Small'. (OPT-170)
Information: Changed wire load model for 'alt1' from '(none)' to 'Small'. (OPT-170)
Information: Changed wire load model for 'pparch' from '(none)' to 'Small'. (OPT-170)
Information: Changed wire load model for 'alt1' from '(none)' to 'Small'. (OPT-170)
Information: Changed wire load model for 'pparch' from '(none)' to 'Small'. (OPT-170)
Information: Changed wire load model for 'alt1' from '(none)' to 'Small'. (OPT-170)
Information: Changed wire load model for 'pparch' from '(none)' to 'Small'. (OPT-170)
Information: Changed wire load model for 'alt1' from '(none)' to 'Small'. (OPT-170)
Information: Changed wire load model for 'pparch' from '(none)' to 'Small'. (OPT-170)
Information: Changed wire load model for 'alt1' from '(none)' to 'Small'. (OPT-170)
Information: Changed wire load model for 'pparch' from '(none)' to 'Small'. (OPT-170)
Information: Changed wire load model for 'alt1' from '(none)' to 'Small'. (OPT-170)
Information: Changed wire load model for 'pparch' from '(none)' to 'Small'. (OPT-170)
Information: Changed wire load model for 'alt1' from '(none)' to 'Small'. (OPT-170)
Information: Changed wire load model for 'pparch' from '(none)' to 'Small'. (OPT-170)
Information: Changed wire load model for 'alt1' from '(none)' to 'Small'. (OPT-170)
Information: Changed wire load model for 'pparch' from '(none)' to 'Small'. (OPT-170)
Information: Changed wire load model for 'alt1' from '(none)' to 'Small'. (OPT-170)
Information: Changed wire load model for 'pparch' from '(none)' to 'Small'. (OPT-170)
Information: Changed wire load model for 'alt1' from '(none)' to 'Small'. (OPT-170)
Information: Changed wire load model for 'pparch' from '(none)' to 'Small'. (OPT-170)
Information: Changed wire load model for 'alt1' from '(none)' to 'Small'. (OPT-170)
Information: Changed wire load model for 'pparch' from '(none)' to 'Small'. (OPT-170)
Information: Changed wire load model for 'alt1' from '(none)' to 'Small'. (OPT-170)
Information: Changed wire load model for 'pparch' from '(none)' to 'Small'. (OPT-170)
Information: Changed wire load model for 'alt1' from '(none)' to 'Small'. (OPT-170)
Information: Changed wire load model for 'pparch' from '(none)' to 'Small'. (OPT-170)
Information: Changed wire load model for 'alt1' from '(none)' to 'Small'. (OPT-170)
Information: Changed wire load model for 'pparch' from '(none)' to 'Small'. (OPT-170)
Information: Changed wire load model for 'alt1' from '(none)' to 'Small'. (OPT-170)
Information: Changed wire load model for 'pparch' from '(none)' to 'Small'. (OPT-170)
Information: Changed wire load model for 'alt1' from '(none)' to 'Small'. (OPT-170)
Information: Changed wire load model for 'pparch' from '(none)' to 'Small'. (OPT-170)
Information: Changed wire load model for 'alt1' from '(none)' to 'Small'. (OPT-170)
Information: Changed wire load model for 'pparch' from '(none)' to 'Small'. (OPT-170)
Information: Changed wire load model for 'alt1' from '(none)' to 'Small'. (OPT-170)
Information: Changed wire load model for 'pparch' from '(none)' to 'Small'. (OPT-170)
Information: Changed wire load model for 'alt1' from '(none)' to 'Small'. (OPT-170)
Information: Changed wire load model for 'pparch' from '(none)' to 'Small'. (OPT-170)
Information: Changed wire load model for 'alt1' from '(none)' to 'Small'. (OPT-170)
Information: Changed wire load model for 'pparch' from '(none)' to 'Small'. (OPT-170)
Information: Changed wire load model for 'alt1' from '(none)' to 'Small'. (OPT-170)
Information: Changed wire load model for 'pparch' from '(none)' to 'Small'. (OPT-170)
Information: Changed wire load model for 'alt1' from '(none)' to 'Small'. (OPT-170)
Information: Changed wire load model for 'pparch' from '(none)' to 'Small'. (OPT-170)
Information: Changed wire load model for 'alt1' from '(none)' to 'Small'. (OPT-170)
Information: Changed wire load model for 'apparch' from '(none)' to 'Small'. (OPT-170)
Information: Changed wire load model for 'alt1' from '(none)' to 'Small'. (OPT-170)
Information: Changed wire load model for 'apparch' from '(none)' to 'Small'. (OPT-170)
Information: Changed wire load model for 'alt1' from '(none)' to 'Small'. (OPT-170)
Information: Changed wire load model for 'apparch' from '(none)' to 'Small'. (OPT-170)
Information: Changed wire load model for 'alt1' from '(none)' to 'Small'. (OPT-170)
Information: Changed wire load model for 'pparch' from '(none)' to 'Small'. (OPT-170)
Information: Changed wire load model for 'alt1' from '(none)' to 'Small'. (OPT-170)
Information: Changed wire load model for 'pparch' from '(none)' to 'Small'. (OPT-170)
Information: Changed wire load model for 'alt1' from '(none)' to 'Small'. (OPT-170)
Information: Changed wire load model for 'pparch' from '(none)' to 'Small'. (OPT-170)
Information: Changed wire load model for 'alt1' from '(none)' to 'Small'. (OPT-170)
Information: Changed wire load model for 'pparch' from '(none)' to 'Small'. (OPT-170)
Information: Changed wire load model for 'alt1' from '(none)' to 'Small'. (OPT-170)
Information: Changed wire load model for 'pparch' from '(none)' to 'Small'. (OPT-170)
Information: Changed wire load model for 'alt1' from '(none)' to 'Small'. (OPT-170)
Information: Changed wire load model for 'pparch' from '(none)' to 'Small'. (OPT-170)
Information: Changed wire load model for 'alt1' from '(none)' to 'Small'. (OPT-170)
Information: Changed wire load model for 'pparch' from '(none)' to 'Small'. (OPT-170)
Information: Changed wire load model for 'alt1' from '(none)' to 'Small'. (OPT-170)
Information: Changed wire load model for 'pparch' from '(none)' to 'Small'. (OPT-170)
Information: Changed wire load model for 'alt1' from '(none)' to 'Small'. (OPT-170)
Information: Changed wire load model for 'pparch' from '(none)' to 'Small'. (OPT-170)
Information: Changed wire load model for 'alt1' from '(none)' to 'Small'. (OPT-170)
Information: Changed wire load model for 'pparch' from '(none)' to 'Small'. (OPT-170)
Information: Changed wire load model for 'alt1' from '(none)' to 'Small'. (OPT-170)
Information: Changed wire load model for 'pparch' from '(none)' to 'Small'. (OPT-170)
Information: Changed wire load model for 'alt1' from '(none)' to 'Small'. (OPT-170)
Information: Changed wire load model for 'pparch' from '(none)' to 'Small'. (OPT-170)
Information: Changed wire load model for 'alt1' from '(none)' to 'Small'. (OPT-170)
Information: Changed wire load model for 'pparch' from '(none)' to 'Small'. (OPT-170)
Information: Changed wire load model for 'alt1' from '(none)' to 'Small'. (OPT-170)
Information: Changed wire load model for 'pparch' from '(none)' to 'Small'. (OPT-170)
Information: Changed wire load model for 'alt1' from '(none)' to 'Small'. (OPT-170)
Information: Changed wire load model for 'pparch' from '(none)' to 'Small'. (OPT-170)
Information: Changed wire load model for 'alt1' from '(none)' to 'Small'. (OPT-170)
Information: Changed wire load model for 'pparch' from '(none)' to 'Small'. (OPT-170)
Information: Changed wire load model for 'alt1' from '(none)' to 'Small'. (OPT-170)
Information: Changed wire load model for 'pparch' from '(none)' to 'Small'. (OPT-170)
Information: Changed wire load model for 'alt1' from '(none)' to 'Small'. (OPT-170)
Information: Changed wire load model for 'pparch' from '(none)' to 'Small'. (OPT-170)
Information: Changed wire load model for 'alt1' from '(none)' to 'Small'. (OPT-170)
Information: Changed wire load model for 'pparch' from '(none)' to 'Small'. (OPT-170)
Information: Changed wire load model for 'alt1' from '(none)' to 'Small'. (OPT-170)
Information: Changed wire load model for 'pparch' from '(none)' to 'Small'. (OPT-170)
Information: Changed wire load model for 'alt1' from '(none)' to 'Small'. (OPT-170)
Information: Changed wire load model for 'pparch' from '(none)' to 'Small'. (OPT-170)
Information: Changed wire load model for 'alt1' from '(none)' to 'Small'. (OPT-170)
Information: Changed wire load model for 'pparch' from '(none)' to 'Small'. (OPT-170)
Information: Changed wire load model for 'alt1' from '(none)' to 'Small'. (OPT-170)
Information: Changed wire load model for 'pparch' from '(none)' to 'Small'. (OPT-170)
Information: Changed wire load model for 'alt1' from '(none)' to 'Small'. (OPT-170)
Information: Changed wire load model for 'pparch' from '(none)' to 'Small'. (OPT-170)
Information: Changed wire load model for 'alt1' from '(none)' to 'Small'. (OPT-170)
Information: Changed wire load model for 'pparch' from '(none)' to 'Small'. (OPT-170)
Information: Changed wire load model for 'alt1' from '(none)' to 'Small'. (OPT-170)
Information: Changed wire load model for 'pparch' from '(none)' to 'Small'. (OPT-170)
Information: Changed wire load model for 'alt1' from '(none)' to 'Small'. (OPT-170)
Information: Changed wire load model for 'pparch' from '(none)' to 'Small'. (OPT-170)
Information: Changed wire load model for 'alt1' from '(none)' to 'Small'. (OPT-170)
Information: Changed wire load model for 'pparch' from '(none)' to 'Small'. (OPT-170)
Information: Changed wire load model for 'alt1' from '(none)' to 'Small'. (OPT-170)
Information: Changed wire load model for 'pparch' from '(none)' to 'Small'. (OPT-170)
Information: Changed wire load model for 'alt1' from '(none)' to 'Small'. (OPT-170)
Information: Changed wire load model for 'pparch' from '(none)' to 'Small'. (OPT-170)
Information: Changed wire load model for 'alt1' from '(none)' to 'Small'. (OPT-170)
Information: Changed wire load model for 'pparch' from '(none)' to 'Small'. (OPT-170)
Information: Changed wire load model for 'alt1' from '(none)' to 'Small'. (OPT-170)
Information: Changed wire load model for 'pparch' from '(none)' to 'Small'. (OPT-170)
Information: Changed wire load model for 'alt1' from '(none)' to 'Small'. (OPT-170)
Information: Changed wire load model for 'pparch' from '(none)' to 'Small'. (OPT-170)
Information: Changed wire load model for 'alt1' from '(none)' to 'Small'. (OPT-170)
Information: Changed wire load model for 'pparch' from '(none)' to 'Small'. (OPT-170)
Information: Changed wire load model for 'alt1' from '(none)' to 'Small'. (OPT-170)
Information: Changed wire load model for 'pparch' from '(none)' to 'Small'. (OPT-170)
Information: Changed wire load model for 'alt1' from '(none)' to 'Small'. (OPT-170)
Information: Changed wire load model for 'pparch' from '(none)' to 'Small'. (OPT-170)
Information: Changed wire load model for 'alt1' from '(none)' to 'Small'. (OPT-170)
Information: Changed wire load model for 'pparch' from '(none)' to 'Small'. (OPT-170)
Information: Changed wire load model for 'alt1' from '(none)' to 'Small'. (OPT-170)
Information: Changed wire load model for 'pparch' from '(none)' to 'Small'. (OPT-170)
Information: Changed wire load model for 'alt1' from '(none)' to 'Small'. (OPT-170)
Information: Changed wire load model for 'pparch' from '(none)' to 'Small'. (OPT-170)
Information: Changed wire load model for 'alt1' from '(none)' to 'Small'. (OPT-170)
Information: Changed wire load model for 'pparch' from '(none)' to 'Small'. (OPT-170)
Information: Changed wire load model for 'alt1' from '(none)' to 'Small'. (OPT-170)
Information: Changed wire load model for 'pparch' from '(none)' to 'Small'. (OPT-170)
Information: Changed wire load model for 'alt1' from '(none)' to 'Small'. (OPT-170)
Information: Changed wire load model for 'pparch' from '(none)' to 'Small'. (OPT-170)
Information: Changed wire load model for 'alt1' from '(none)' to 'Small'. (OPT-170)
Information: Changed wire load model for 'pparch' from '(none)' to 'Small'. (OPT-170)
Information: Changed wire load model for 'alt1' from '(none)' to 'Small'. (OPT-170)
Information: Changed wire load model for 'pparch' from '(none)' to 'Small'. (OPT-170)
Information: Changed wire load model for 'alt1' from '(none)' to 'Small'. (OPT-170)
Information: Changed wire load model for 'pparch' from '(none)' to 'Small'. (OPT-170)
Information: Changed wire load model for 'alt1' from '(none)' to 'Small'. (OPT-170)
Information: Changed wire load model for 'pparch' from '(none)' to 'Small'. (OPT-170)
Information: Changed wire load model for 'alt1' from '(none)' to 'Small'. (OPT-170)
Information: Changed wire load model for 'pparch' from '(none)' to 'Small'. (OPT-170)
Information: Changed wire load model for 'alt1' from '(none)' to 'Small'. (OPT-170)
Information: Changed wire load model for 'pparch' from '(none)' to 'Small'. (OPT-170)
Information: Changed wire load model for 'alt1' from '(none)' to 'Small'. (OPT-170)
Information: Changed wire load model for 'pparch' from '(none)' to 'Small'. (OPT-170)
Information: Changed wire load model for 'alt1' from '(none)' to 'Small'. (OPT-170)
Information: Changed wire load model for 'pparch' from '(none)' to 'Small'. (OPT-170)
Information: Changed wire load model for 'alt1' from '(none)' to 'Small'. (OPT-170)
Information: Changed wire load model for 'pparch' from '(none)' to 'Small'. (OPT-170)
Information: Changed wire load model for 'alt1' from '(none)' to 'Small'. (OPT-170)
Information: Changed wire load model for 'pparch' from '(none)' to 'Small'. (OPT-170)
Information: Changed wire load model for 'alt1' from '(none)' to 'Small'. (OPT-170)
Information: Changed wire load model for 'pparch' from '(none)' to 'Small'. (OPT-170)
Information: Changed wire load model for 'alt1' from '(none)' to 'Small'. (OPT-170)
Information: Changed wire load model for 'pparch' from '(none)' to 'Small'. (OPT-170)
Information: Changed wire load model for 'alt1' from '(none)' to 'Small'. (OPT-170)
Information: Changed wire load model for 'pparch' from '(none)' to 'Small'. (OPT-170)
Information: Changed wire load model for 'alt1' from '(none)' to 'Small'. (OPT-170)
Information: Changed wire load model for 'pparch' from '(none)' to 'Small'. (OPT-170)
Information: Changed wire load model for 'alt1' from '(none)' to 'Small'. (OPT-170)
Information: Changed wire load model for 'pparch' from '(none)' to 'Small'. (OPT-170)
Information: Changed wire load model for 'alt1' from '(none)' to 'Small'. (OPT-170)
Information: Changed wire load model for 'pparch' from '(none)' to 'Small'. (OPT-170)
Information: Changed wire load model for 'alt1' from '(none)' to 'Small'. (OPT-170)
Information: Changed wire load model for 'pparch' from '(none)' to 'Small'. (OPT-170)
Information: Changed wire load model for 'alt1' from '(none)' to 'Small'. (OPT-170)
Information: Changed wire load model for 'pparch' from '(none)' to 'Small'. (OPT-170)
Information: Changed wire load model for 'alt1' from '(none)' to 'Small'. (OPT-170)
Information: Changed wire load model for 'pparch' from '(none)' to 'Small'. (OPT-170)
Information: Changed wire load model for 'alt1' from '(none)' to 'Small'. (OPT-170)
Information: Changed wire load model for 'pparch' from '(none)' to 'Small'. (OPT-170)
Information: Changed wire load model for 'alt1' from '(none)' to 'Small'. (OPT-170)
Information: Changed wire load model for 'pparch' from '(none)' to 'Small'. (OPT-170)
Information: Changed wire load model for 'alt1' from '(none)' to 'Small'. (OPT-170)
Information: Changed wire load model for 'pparch' from '(none)' to 'Small'. (OPT-170)
Information: Changed wire load model for 'alt1' from '(none)' to 'Small'. (OPT-170)
Information: Changed wire load model for 'pparch' from '(none)' to 'Small'. (OPT-170)
Information: Changed wire load model for 'alt1' from '(none)' to 'Small'. (OPT-170)
Information: Changed wire load model for 'pparch' from '(none)' to 'Small'. (OPT-170)
Information: Changed wire load model for 'alt1' from '(none)' to 'Small'. (OPT-170)
Information: Changed wire load model for 'pparch' from '(none)' to 'Small'. (OPT-170)
Information: Changed wire load model for 'alt1' from '(none)' to 'Small'. (OPT-170)
Information: Changed wire load model for 'pparch' from '(none)' to 'Small'. (OPT-170)
Information: Changed wire load model for 'alt1' from '(none)' to 'Small'. (OPT-170)
Information: Changed wire load model for 'pparch' from '(none)' to 'Small'. (OPT-170)
Information: Changed wire load model for 'alt1' from '(none)' to 'Small'. (OPT-170)
Information: Changed wire load model for 'pparch' from '(none)' to 'Small'. (OPT-170)
Information: Changed wire load model for 'alt1' from '(none)' to 'Small'. (OPT-170)
Information: Changed wire load model for 'pparch' from '(none)' to 'Small'. (OPT-170)
Information: Changed wire load model for 'alt1' from '(none)' to 'Small'. (OPT-170)
Information: Changed wire load model for 'pparch' from '(none)' to 'Small'. (OPT-170)
Information: Changed wire load model for 'alt1' from '(none)' to 'Small'. (OPT-170)
Information: Changed wire load model for 'pparch' from '(none)' to 'Small'. (OPT-170)
Information: Changed wire load model for 'alt1' from '(none)' to 'Small'. (OPT-170)
Information: Changed wire load model for 'pparch' from '(none)' to 'Small'. (OPT-170)
Information: Changed wire load model for 'alt1' from '(none)' to 'Small'. (OPT-170)
Information: Changed wire load model for 'pparch' from '(none)' to 'Small'. (OPT-170)
Information: Changed wire load model for 'alt1' from '(none)' to 'Small'. (OPT-170)
Information: Changed wire load model for 'pparch' from '(none)' to 'Small'. (OPT-170)
Information: Changed wire load model for 'alt1' from '(none)' to 'Small'. (OPT-170)
Information: Changed wire load model for 'pparch' from '(none)' to 'Small'. (OPT-170)
Information: Changed wire load model for 'alt1' from '(none)' to 'Small'. (OPT-170)
Information: Changed wire load model for 'pparch' from '(none)' to 'Small'. (OPT-170)
Information: Changed wire load model for 'alt1' from '(none)' to 'Small'. (OPT-170)
Information: Changed wire load model for 'pparch' from '(none)' to 'Small'. (OPT-170)
Information: Changed wire load model for 'alt1' from '(none)' to 'Small'. (OPT-170)
Information: Changed wire load model for 'pparch' from '(none)' to 'Small'. (OPT-170)
Information: Changed wire load model for 'alt1' from '(none)' to 'Small'. (OPT-170)
Information: Changed wire load model for 'pparch' from '(none)' to 'Small'. (OPT-170)
Information: Changed wire load model for 'alt1' from '(none)' to 'Small'. (OPT-170)
Information: Changed wire load model for 'pparch' from '(none)' to 'Small'. (OPT-170)
Information: Changed wire load model for 'alt1' from '(none)' to 'Small'. (OPT-170)
Information: Changed wire load model for 'pparch' from '(none)' to 'Small'. (OPT-170)
Information: Changed wire load model for 'alt1' from '(none)' to 'Small'. (OPT-170)
Information: Changed wire load model for 'pparch' from '(none)' to 'Small'. (OPT-170)
Information: Changed wire load model for 'alt1' from '(none)' to 'Small'. (OPT-170)
Information: Changed wire load model for 'pparch' from '(none)' to 'Small'. (OPT-170)
Information: Changed wire load model for 'alt1' from '(none)' to 'Small'. (OPT-170)
Information: Changed wire load model for 'pparch' from '(none)' to 'Small'. (OPT-170)
Information: Changed wire load model for 'alt1' from '(none)' to 'Small'. (OPT-170)
Information: Changed wire load model for 'pparch' from '(none)' to 'Small'. (OPT-170)
Information: Changed wire load model for 'alt1' from '(none)' to 'Small'. (OPT-170)
Information: Changed wire load model for 'pparch' from '(none)' to 'Small'. (OPT-170)
Information: Changed wire load model for 'alt1' from '(none)' to 'Small'. (OPT-170)
Information: Changed wire load model for 'pparch' from '(none)' to 'Small'. (OPT-170)
Information: Changed wire load model for 'alt1' from '(none)' to 'Small'. (OPT-170)
Information: Changed wire load model for 'pparch' from '(none)' to 'Small'. (OPT-170)
Information: Changed wire load model for 'alt1' from '(none)' to 'Small'. (OPT-170)
Information: Changed wire load model for 'pparch' from '(none)' to 'Small'. (OPT-170)
Information: Changed wire load model for 'alt1' from '(none)' to 'Small'. (OPT-170)
Information: Changed wire load model for 'pparch' from '(none)' to 'Small'. (OPT-170)
Information: Changed wire load model for 'alt1' from '(none)' to 'Small'. (OPT-170)
Information: Changed wire load model for 'pparch' from '(none)' to 'Small'. (OPT-170)
Information: Changed wire load model for 'alt1' from '(none)' to 'Small'. (OPT-170)
Information: Changed wire load model for 'pparch' from '(none)' to 'Small'. (OPT-170)
Information: Changed wire load model for 'alt1' from '(none)' to 'Small'. (OPT-170)
Information: Changed wire load model for 'pparch' from '(none)' to 'Small'. (OPT-170)
Information: Changed wire load model for 'alt1' from '(none)' to 'Small'. (OPT-170)
Information: Changed wire load model for 'pparch' from '(none)' to 'Small'. (OPT-170)
Information: Changed wire load model for 'alt1' from '(none)' to 'Small'. (OPT-170)
Information: Changed wire load model for 'pparch' from '(none)' to 'Small'. (OPT-170)
Information: Changed wire load model for 'alt1' from '(none)' to 'Small'. (OPT-170)
Information: Changed wire load model for 'pparch' from '(none)' to 'Small'. (OPT-170)
Information: Changed wire load model for 'alt1' from '(none)' to 'Small'. (OPT-170)
Information: Changed wire load model for 'pparch' from '(none)' to 'Small'. (OPT-170)
Information: Changed wire load model for 'alt1' from '(none)' to 'Small'. (OPT-170)
Information: Changed wire load model for 'pparch' from '(none)' to 'Small'. (OPT-170)
Information: Changed wire load model for 'alt1' from '(none)' to 'Small'. (OPT-170)
Information: Changed wire load model for 'pparch' from '(none)' to 'Small'. (OPT-170)
Information: Changed wire load model for 'alt1' from '(none)' to 'Small'. (OPT-170)
Information: Changed wire load model for 'pparch' from '(none)' to 'Small'. (OPT-170)
Information: Changed wire load model for 'alt1' from '(none)' to 'Small'. (OPT-170)
Information: Changed wire load model for 'apparch' from '(none)' to 'Small'. (OPT-170)
Warning: Dont_touch on net '*cell*21/*Logic0*' may be overridden by compile because it
        is connected to generic logic. Use all_connected to see net
        connections. (OPT-461)
Information: Changed wire load model for 'alt1' from '(none)' to 'Small'. (OPT-170)
Information: Changed wire load model for 'apparch' from '(none)' to 'Small'. (OPT-170)
Information: Changed wire load model for 'alt1' from '(none)' to 'Small'. (OPT-170)
Information: Changed wire load model for 'pparch' from '(none)' to 'Small'. (OPT-170)
Information: Changed wire load model for 'alt1' from '(none)' to 'Small'. (OPT-170)
Information: Changed wire load model for 'pparch' from '(none)' to 'Small'. (OPT-170)
Information: Changed wire load model for 'alt1' from '(none)' to 'Small'. (OPT-170)
Information: Changed wire load model for 'pparch' from '(none)' to 'Small'. (OPT-170)
Information: Changed wire load model for 'alt1' from '(none)' to 'Small'. (OPT-170)
Information: Changed wire load model for 'pparch' from '(none)' to 'Small'. (OPT-170)
Information: Changed wire load model for 'alt1' from '(none)' to 'Small'. (OPT-170)
Information: Changed wire load model for 'pparch' from '(none)' to 'Small'. (OPT-170)
Information: Changed wire load model for 'alt1' from '(none)' to 'Small'. (OPT-170)
Information: Changed wire load model for 'pparch' from '(none)' to 'Small'. (OPT-170)
Information: Changed wire load model for 'alt1' from '(none)' to 'Small'. (OPT-170)
Information: Changed wire load model for 'pparch' from '(none)' to 'Small'. (OPT-170)
Information: Changed wire load model for 'alt1' from '(none)' to 'Small'. (OPT-170)
Information: Changed wire load model for 'pparch' from '(none)' to 'Small'. (OPT-170)
Information: Changed wire load model for 'alt1' from '(none)' to 'Small'. (OPT-170)
Information: Changed wire load model for 'pparch' from '(none)' to 'Small'. (OPT-170)
Information: Changed wire load model for 'alt1' from '(none)' to 'Small'. (OPT-170)
Information: Changed wire load model for 'pparch' from '(none)' to 'Small'. (OPT-170)
Information: Changed wire load model for 'alt1' from '(none)' to 'Small'. (OPT-170)
Information: Changed wire load model for 'pparch' from '(none)' to 'Small'. (OPT-170)
Information: Changed wire load model for 'alt1' from '(none)' to 'Small'. (OPT-170)
Information: Changed wire load model for 'pparch' from '(none)' to 'Small'. (OPT-170)
Information: Changed wire load model for 'alt1' from '(none)' to 'Small'. (OPT-170)
Information: Changed wire load model for 'pparch' from '(none)' to 'Small'. (OPT-170)
Information: Changed wire load model for 'alt1' from '(none)' to 'Small'. (OPT-170)
Information: Changed wire load model for 'pparch' from '(none)' to 'Small'. (OPT-170)
Information: Changed wire load model for 'alt1' from '(none)' to 'Small'. (OPT-170)
Information: Changed wire load model for 'pparch' from '(none)' to 'Small'. (OPT-170)
Information: Changed wire load model for 'alt1' from '(none)' to 'Small'. (OPT-170)
Information: Changed wire load model for 'pparch' from '(none)' to 'Small'. (OPT-170)
Information: Changed wire load model for 'alt1' from '(none)' to 'Small'. (OPT-170)
Information: Changed wire load model for 'pparch' from '(none)' to 'Small'. (OPT-170)
Information: Changed wire load model for 'alt1' from '(none)' to 'Small'. (OPT-170)
Information: Changed wire load model for 'pparch' from '(none)' to 'Small'. (OPT-170)
Information: Changed wire load model for 'alt1' from '(none)' to 'Small'. (OPT-170)
Information: Changed wire load model for 'pparch' from '(none)' to 'Small'. (OPT-170)
Information: Changed wire load model for 'alt1' from '(none)' to 'Small'. (OPT-170)
Information: Changed wire load model for 'pparch' from '(none)' to 'Small'. (OPT-170)
Information: Changed wire load model for 'alt1' from '(none)' to 'Small'. (OPT-170)
Information: Changed wire load model for 'pparch' from '(none)' to 'Small'. (OPT-170)
Information: Changed wire load model for 'alt1' from '(none)' to 'Small'. (OPT-170)
Information: Changed wire load model for 'pparch' from '(none)' to 'Small'. (OPT-170)
Information: Changed wire load model for 'alt1' from '(none)' to 'Small'. (OPT-170)
Information: Changed wire load model for 'pparch' from '(none)' to 'Small'. (OPT-170)
Information: Changed wire load model for 'alt1' from '(none)' to 'Small'. (OPT-170)
Information: Changed wire load model for 'pparch' from '(none)' to 'Small'. (OPT-170)
Information: Changed wire load model for 'alt1' from '(none)' to 'Small'. (OPT-170)
Information: Changed wire load model for 'pparch' from '(none)' to 'Small'. (OPT-170)
Information: Changed wire load model for 'alt1' from '(none)' to 'Small'. (OPT-170)
Information: Changed wire load model for 'pparch' from '(none)' to 'Small'. (OPT-170)
Information: Changed wire load model for 'alt1' from '(none)' to 'Small'. (OPT-170)
Information: Changed wire load model for 'pparch' from '(none)' to 'Small'. (OPT-170)
Information: Changed wire load model for 'alt1' from '(none)' to 'Small'. (OPT-170)
Information: Changed wire load model for 'pparch' from '(none)' to 'Small'. (OPT-170)
Information: Changed wire load model for 'alt1' from '(none)' to 'Small'. (OPT-170)
Information: Changed wire load model for 'pparch' from '(none)' to 'Small'. (OPT-170)
Information: Changed wire load model for 'alt1' from '(none)' to 'Small'. (OPT-170)
Information: Changed wire load model for 'pparch' from '(none)' to 'Small'. (OPT-170)
Information: Changed wire load model for 'alt1' from '(none)' to 'Small'. (OPT-170)
Information: Changed wire load model for 'pparch' from '(none)' to 'Small'. (OPT-170)
Information: Changed wire load model for 'alt1' from '(none)' to 'Small'. (OPT-170)
Information: Changed wire load model for 'pparch' from '(none)' to 'Small'. (OPT-170)
Information: Changed wire load model for 'alt1' from '(none)' to 'Small'. (OPT-170)
Information: Changed wire load model for 'pparch' from '(none)' to 'Small'. (OPT-170)
Information: Changed wire load model for 'alt1' from '(none)' to 'Small'. (OPT-170)
Information: Changed wire load model for 'pparch' from '(none)' to 'Small'. (OPT-170)
Information: Changed wire load model for 'alt1' from '(none)' to 'Small'. (OPT-170)
Information: Changed wire load model for 'pparch' from '(none)' to 'Small'. (OPT-170)
Information: Changed wire load model for 'alt1' from '(none)' to 'Small'. (OPT-170)
Information: Changed wire load model for 'pparch' from '(none)' to 'Small'. (OPT-170)
Information: Changed wire load model for 'alt1' from '(none)' to 'Small'. (OPT-170)
Information: Changed wire load model for 'pparch' from '(none)' to 'Small'. (OPT-170)
Information: Changed wire load model for 'alt1' from '(none)' to 'Small'. (OPT-170)
Information: Changed wire load model for 'pparch' from '(none)' to 'Small'. (OPT-170)
Information: Changed wire load model for 'alt1' from '(none)' to 'Small'. (OPT-170)
Information: Changed wire load model for 'pparch' from '(none)' to 'Small'. (OPT-170)
Information: Changed wire load model for 'alt1' from '(none)' to 'Small'. (OPT-170)
Information: Changed wire load model for 'pparch' from '(none)' to 'Small'. (OPT-170)
Information: Changed wire load model for 'alt1' from '(none)' to 'Small'. (OPT-170)
Information: Changed wire load model for 'pparch' from '(none)' to 'Small'. (OPT-170)
Information: Changed wire load model for 'alt1' from '(none)' to 'Small'. (OPT-170)
Information: Changed wire load model for 'pparch' from '(none)' to 'Small'. (OPT-170)
Information: Changed wire load model for 'alt1' from '(none)' to 'Small'. (OPT-170)
Information: Changed wire load model for 'pparch' from '(none)' to 'Small'. (OPT-170)
Information: Changed wire load model for 'alt1' from '(none)' to 'Small'. (OPT-170)
Information: Changed wire load model for 'pparch' from '(none)' to 'Small'. (OPT-170)
Information: Changed wire load model for 'alt1' from '(none)' to 'Small'. (OPT-170)
Information: Changed wire load model for 'pparch' from '(none)' to 'Small'. (OPT-170)
Information: Changed wire load model for 'alt1' from '(none)' to 'Small'. (OPT-170)
Information: Changed wire load model for 'pparch' from '(none)' to 'Small'. (OPT-170)
Information: Changed wire load model for 'alt1' from '(none)' to 'Small'. (OPT-170)
Information: Changed wire load model for 'pparch' from '(none)' to 'Small'. (OPT-170)
Information: Changed wire load model for 'alt1' from '(none)' to 'Small'. (OPT-170)
Information: Changed wire load model for 'pparch' from '(none)' to 'Small'. (OPT-170)
Information: Changed wire load model for 'alt1' from '(none)' to 'Small'. (OPT-170)
Information: Changed wire load model for 'pparch' from '(none)' to 'Small'. (OPT-170)
Information: Changed wire load model for 'alt1' from '(none)' to 'Small'. (OPT-170)
Information: Changed wire load model for 'pparch' from '(none)' to 'Small'. (OPT-170)
Information: Changed wire load model for 'alt1' from '(none)' to 'Small'. (OPT-170)
Information: Changed wire load model for 'pparch' from '(none)' to 'Small'. (OPT-170)
Information: Changed wire load model for 'alt1' from '(none)' to 'Small'. (OPT-170)
Information: Changed wire load model for 'pparch' from '(none)' to 'Small'. (OPT-170)
Information: Changed wire load model for 'alt1' from '(none)' to 'Small'. (OPT-170)
Information: Changed wire load model for 'pparch' from '(none)' to 'Small'. (OPT-170)
Information: Changed wire load model for 'alt1' from '(none)' to 'Small'. (OPT-170)
Information: Changed wire load model for 'pparch' from '(none)' to 'Small'. (OPT-170)
Information: Changed wire load model for 'alt1' from '(none)' to 'Small'. (OPT-170)
Information: Changed wire load model for 'pparch' from '(none)' to 'Small'. (OPT-170)
Information: Changed wire load model for 'alt1' from '(none)' to 'Small'. (OPT-170)
Information: Changed wire load model for 'pparch' from '(none)' to 'Small'. (OPT-170)
Information: Changed wire load model for 'alt1' from '(none)' to 'Small'. (OPT-170)
Information: Changed wire load model for 'pparch' from '(none)' to 'Small'. (OPT-170)
Information: Changed wire load model for 'alt1' from '(none)' to 'Small'. (OPT-170)
Information: Changed wire load model for 'pparch' from '(none)' to 'Small'. (OPT-170)
Information: Changed wire load model for 'alt1' from '(none)' to 'Small'. (OPT-170)
Information: Changed wire load model for 'pparch' from '(none)' to 'Small'. (OPT-170)
Information: Changed wire load model for 'alt1' from '(none)' to 'Small'. (OPT-170)
Information: Changed wire load model for 'pparch' from '(none)' to 'Small'. (OPT-170)
Information: Changed wire load model for 'alt1' from '(none)' to 'Small'. (OPT-170)
Information: Changed wire load model for 'pparch' from '(none)' to 'Small'. (OPT-170)
Information: Changed wire load model for 'alt1' from '(none)' to 'Small'. (OPT-170)
Information: Changed wire load model for 'pparch' from '(none)' to 'Small'. (OPT-170)
Information: Changed wire load model for 'alt1' from '(none)' to 'Small'. (OPT-170)
Information: Changed wire load model for 'pparch' from '(none)' to 'Small'. (OPT-170)
Information: Changed wire load model for 'alt1' from '(none)' to 'Small'. (OPT-170)
Information: Changed wire load model for 'pparch' from '(none)' to 'Small'. (OPT-170)
Information: Changed wire load model for 'alt1' from '(none)' to 'Small'. (OPT-170)
Information: Changed wire load model for 'pparch' from '(none)' to 'Small'. (OPT-170)
Information: Changed wire load model for 'alt1' from '(none)' to 'Small'. (OPT-170)
Information: Changed wire load model for 'pparch' from '(none)' to 'Small'. (OPT-170)
Information: Changed wire load model for 'alt1' from '(none)' to 'Small'. (OPT-170)
Information: Changed wire load model for 'pparch' from '(none)' to 'Small'. (OPT-170)
Information: Changed wire load model for 'alt1' from '(none)' to 'Small'. (OPT-170)
Information: Changed wire load model for 'pparch' from '(none)' to 'Small'. (OPT-170)
Information: Changed wire load model for 'alt1' from '(none)' to 'Small'. (OPT-170)
Information: Changed wire load model for 'pparch' from '(none)' to 'Small'. (OPT-170)
Information: Changed wire load model for 'alt1' from '(none)' to 'Small'. (OPT-170)
Information: Changed wire load model for 'pparch' from '(none)' to 'Small'. (OPT-170)
Information: Changed wire load model for 'alt1' from '(none)' to 'Small'. (OPT-170)
Information: Changed wire load model for 'pparch' from '(none)' to 'Small'. (OPT-170)
Information: Changed wire load model for 'alt1' from '(none)' to 'Small'. (OPT-170)
Information: Changed wire load model for 'pparch' from '(none)' to 'Small'. (OPT-170)
Information: Changed wire load model for 'alt1' from '(none)' to 'Small'. (OPT-170)
Information: Changed wire load model for 'pparch' from '(none)' to 'Small'. (OPT-170)
Information: Changed wire load model for 'alt1' from '(none)' to 'Small'. (OPT-170)
Information: Changed wire load model for 'pparch' from '(none)' to 'Small'. (OPT-170)
Information: Changed wire load model for 'alt1' from '(none)' to 'Small'. (OPT-170)
Information: Changed wire load model for 'pparch' from '(none)' to 'Small'. (OPT-170)
Information: Changed wire load model for 'alt1' from '(none)' to 'Small'. (OPT-170)
Information: Changed wire load model for 'pparch' from '(none)' to 'Small'. (OPT-170)
Information: Changed wire load model for 'alt1' from '(none)' to 'Small'. (OPT-170)
Information: Changed wire load model for 'pparch' from '(none)' to 'Small'. (OPT-170)
Information: Changed wire load model for 'alt1' from '(none)' to 'Small'. (OPT-170)
Information: Changed wire load model for 'pparch' from '(none)' to 'Small'. (OPT-170)
Information: Changed wire load model for 'alt1' from '(none)' to 'Small'. (OPT-170)
Information: Changed wire load model for 'pparch' from '(none)' to 'Small'. (OPT-170)
Information: Changed wire load model for 'alt1' from '(none)' to 'Small'. (OPT-170)
Information: Changed wire load model for 'pparch' from '(none)' to 'Small'. (OPT-170)
Information: Changed wire load model for 'alt1' from '(none)' to 'Small'. (OPT-170)
Information: Changed wire load model for 'pparch' from '(none)' to 'Small'. (OPT-170)
Information: Changed wire load model for 'alt1' from '(none)' to 'Small'. (OPT-170)
Information: Changed wire load model for 'pparch' from '(none)' to 'Small'. (OPT-170)
Information: Changed wire load model for 'alt1' from '(none)' to 'Small'. (OPT-170)
Information: Changed wire load model for 'pparch' from '(none)' to 'Small'. (OPT-170)
Information: Changed wire load model for 'alt1' from '(none)' to 'Small'. (OPT-170)
Information: Changed wire load model for 'pparch' from '(none)' to 'Small'. (OPT-170)
Information: Changed wire load model for 'alt1' from '(none)' to 'Small'. (OPT-170)
Information: Changed wire load model for 'pparch' from '(none)' to 'Small'. (OPT-170)
Information: Changed wire load model for 'alt1' from '(none)' to 'Small'. (OPT-170)
Information: Changed wire load model for 'pparch' from '(none)' to 'Small'. (OPT-170)
Information: Changed wire load model for 'alt1' from '(none)' to 'Small'. (OPT-170)
Information: Changed wire load model for 'pparch' from '(none)' to 'Small'. (OPT-170)
Information: Changed wire load model for 'alt1' from '(none)' to 'Small'. (OPT-170)
Information: Changed wire load model for 'pparch' from '(none)' to 'Small'. (OPT-170)
Information: Changed wire load model for 'alt1' from '(none)' to 'Small'. (OPT-170)
Information: Changed wire load model for 'pparch' from '(none)' to 'Small'. (OPT-170)
Information: Changed wire load model for 'alt1' from '(none)' to 'Small'. (OPT-170)
Information: Changed wire load model for 'pparch' from '(none)' to 'Small'. (OPT-170)
Information: Changed wire load model for 'alt1' from '(none)' to 'Small'. (OPT-170)
Information: Changed wire load model for 'pparch' from '(none)' to 'Small'. (OPT-170)
Information: Changed wire load model for 'alt1' from '(none)' to 'Small'. (OPT-170)
Information: Changed wire load model for 'pparch' from '(none)' to 'Small'. (OPT-170)
Information: Changed wire load model for 'alt1' from '(none)' to 'Small'. (OPT-170)
Information: Changed wire load model for 'pparch' from '(none)' to 'Small'. (OPT-170)
Information: Changed wire load model for 'alt1' from '(none)' to 'Small'. (OPT-170)
Information: Changed wire load model for 'pparch' from '(none)' to 'Small'. (OPT-170)
Information: Changed wire load model for 'alt1' from '(none)' to 'Small'. (OPT-170)
Information: Changed wire load model for 'pparch' from '(none)' to 'Small'. (OPT-170)
Information: Changed wire load model for 'alt1' from '(none)' to 'Small'. (OPT-170)
Information: Changed wire load model for 'pparch' from '(none)' to 'Small'. (OPT-170)
Information: Changed wire load model for 'alt1' from '(none)' to 'Small'. (OPT-170)
Information: Changed wire load model for 'pparch' from '(none)' to 'Small'. (OPT-170)
Information: Changed wire load model for 'alt1' from '(none)' to 'Small'. (OPT-170)
Information: Changed wire load model for 'pparch' from '(none)' to 'Small'. (OPT-170)
Information: Changed wire load model for 'alt1' from '(none)' to 'Small'. (OPT-170)
Information: Changed wire load model for 'pparch' from '(none)' to 'Small'. (OPT-170)
Information: Changed wire load model for 'alt1' from '(none)' to 'Small'. (OPT-170)
Information: Changed wire load model for 'pparch' from '(none)' to 'Small'. (OPT-170)
Information: Changed wire load model for 'alt1' from '(none)' to 'Small'. (OPT-170)
Information: Changed wire load model for 'pparch' from '(none)' to 'Small'. (OPT-170)
Information: Changed wire load model for 'alt1' from '(none)' to 'Small'. (OPT-170)
Information: Changed wire load model for 'pparch' from '(none)' to 'Small'. (OPT-170)
Information: Changed wire load model for 'alt1' from '(none)' to 'Small'. (OPT-170)
Information: Changed wire load model for 'apparch' from '(none)' to 'Small'. (OPT-170)
Information: Changed wire load model for 'alt1' from '(none)' to 'Small'. (OPT-170)
Information: Changed wire load model for 'apparch' from '(none)' to 'Small'. (OPT-170)
Information: Changed wire load model for 'alt1' from '(none)' to 'Small'. (OPT-170)
Information: Changed wire load model for 'apparch' from '(none)' to 'Small'. (OPT-170)
  Allocating blocks in 'DW_fp_div_sig_width52_exp_width11_ieee_compliance0_faithful_round0'
  Allocating blocks in 'DW_lzd_a_width53'
  Allocating blocks in 'DW_lzod_a_width53_detect_10'
Information: Changed wire load model for 'alt1' from '(none)' to 'Small'. (OPT-170)
Information: Changed wire load model for 'apparch' from '(none)' to 'Small'. (OPT-170)
Information: Changed wire load model for 'alt1' from '(none)' to 'Small'. (OPT-170)
Information: Changed wire load model for 'apparch' from '(none)' to 'Small'. (OPT-170)
Information: Changed wire load model for 'alt1' from '(none)' to 'Small'. (OPT-170)
Information: Changed wire load model for 'apparch' from '(none)' to 'Small'. (OPT-170)
  Allocating blocks in 'DW_div_a_width107_b_width53_tc_mode0_rem_mode1'
Information: Changed wire load model for 'alt1' from '(none)' to 'Small'. (OPT-170)
Information: Changed wire load model for 'pparch' from '(none)' to 'Small'. (OPT-170)
Information: Changed wire load model for 'alt1' from '(none)' to 'Small'. (OPT-170)
Information: Changed wire load model for 'pparch' from '(none)' to 'Small'. (OPT-170)
Information: Changed wire load model for 'alt1' from '(none)' to 'Small'. (OPT-170)
Information: Changed wire load model for 'pparch' from '(none)' to 'Small'. (OPT-170)
Information: Changed wire load model for 'alt1' from '(none)' to 'Small'. (OPT-170)
Information: Changed wire load model for 'pparch' from '(none)' to 'Small'. (OPT-170)
Information: Changed wire load model for 'alt1' from '(none)' to 'Small'. (OPT-170)
Information: Changed wire load model for 'pparch' from '(none)' to 'Small'. (OPT-170)
Information: Changed wire load model for 'alt1' from '(none)' to 'Small'. (OPT-170)
Information: Changed wire load model for 'pparch' from '(none)' to 'Small'. (OPT-170)
Information: Changed wire load model for 'alt1' from '(none)' to 'Small'. (OPT-170)
Information: Changed wire load model for 'pparch' from '(none)' to 'Small'. (OPT-170)
Information: Changed wire load model for 'alt1' from '(none)' to 'Small'. (OPT-170)
Information: Changed wire load model for 'pparch' from '(none)' to 'Small'. (OPT-170)
Information: Changed wire load model for 'alt1' from '(none)' to 'Small'. (OPT-170)
Information: Changed wire load model for 'pparch' from '(none)' to 'Small'. (OPT-170)
Information: Changed wire load model for 'alt1' from '(none)' to 'Small'. (OPT-170)
Information: Changed wire load model for 'pparch' from '(none)' to 'Small'. (OPT-170)
Information: Changed wire load model for 'alt1' from '(none)' to 'Small'. (OPT-170)
Information: Changed wire load model for 'pparch' from '(none)' to 'Small'. (OPT-170)
Information: Changed wire load model for 'alt1' from '(none)' to 'Small'. (OPT-170)
Information: Changed wire load model for 'pparch' from '(none)' to 'Small'. (OPT-170)
Information: Changed wire load model for 'alt1' from '(none)' to 'Small'. (OPT-170)
Information: Changed wire load model for 'pparch' from '(none)' to 'Small'. (OPT-170)
Information: Changed wire load model for 'alt1' from '(none)' to 'Small'. (OPT-170)
Information: Changed wire load model for 'pparch' from '(none)' to 'Small'. (OPT-170)
Information: Changed wire load model for 'alt1' from '(none)' to 'Small'. (OPT-170)
Information: Changed wire load model for 'pparch' from '(none)' to 'Small'. (OPT-170)
Information: Changed wire load model for 'alt1' from '(none)' to 'Small'. (OPT-170)
Information: Changed wire load model for 'pparch' from '(none)' to 'Small'. (OPT-170)
Information: Changed wire load model for 'alt1' from '(none)' to 'Small'. (OPT-170)
Information: Changed wire load model for 'pparch' from '(none)' to 'Small'. (OPT-170)
Information: Changed wire load model for 'alt1' from '(none)' to 'Small'. (OPT-170)
Information: Changed wire load model for 'pparch' from '(none)' to 'Small'. (OPT-170)
Information: Changed wire load model for 'alt1' from '(none)' to 'Small'. (OPT-170)
Information: Changed wire load model for 'pparch' from '(none)' to 'Small'. (OPT-170)
Information: Changed wire load model for 'alt1' from '(none)' to 'Small'. (OPT-170)
Information: Changed wire load model for 'pparch' from '(none)' to 'Small'. (OPT-170)
Information: Changed wire load model for 'alt1' from '(none)' to 'Small'. (OPT-170)
Information: Changed wire load model for 'pparch' from '(none)' to 'Small'. (OPT-170)
Information: Changed wire load model for 'alt1' from '(none)' to 'Small'. (OPT-170)
Information: Changed wire load model for 'pparch' from '(none)' to 'Small'. (OPT-170)
Information: Changed wire load model for 'alt1' from '(none)' to 'Small'. (OPT-170)
Information: Changed wire load model for 'pparch' from '(none)' to 'Small'. (OPT-170)
Information: Changed wire load model for 'alt1' from '(none)' to 'Small'. (OPT-170)
Information: Changed wire load model for 'pparch' from '(none)' to 'Small'. (OPT-170)
Information: Changed wire load model for 'alt1' from '(none)' to 'Small'. (OPT-170)
Information: Changed wire load model for 'pparch' from '(none)' to 'Small'. (OPT-170)
Information: Changed wire load model for 'alt1' from '(none)' to 'Small'. (OPT-170)
Information: Changed wire load model for 'pparch' from '(none)' to 'Small'. (OPT-170)
Information: Changed wire load model for 'alt1' from '(none)' to 'Small'. (OPT-170)
Information: Changed wire load model for 'pparch' from '(none)' to 'Small'. (OPT-170)
Information: Changed wire load model for 'alt1' from '(none)' to 'Small'. (OPT-170)
Information: Changed wire load model for 'pparch' from '(none)' to 'Small'. (OPT-170)
Information: Changed wire load model for 'alt1' from '(none)' to 'Small'. (OPT-170)
Information: Changed wire load model for 'pparch' from '(none)' to 'Small'. (OPT-170)
Information: Changed wire load model for 'alt1' from '(none)' to 'Small'. (OPT-170)
Information: Changed wire load model for 'pparch' from '(none)' to 'Small'. (OPT-170)
Information: Changed wire load model for 'alt1' from '(none)' to 'Small'. (OPT-170)
Information: Changed wire load model for 'pparch' from '(none)' to 'Small'. (OPT-170)
Information: Changed wire load model for 'alt1' from '(none)' to 'Small'. (OPT-170)
Information: Changed wire load model for 'pparch' from '(none)' to 'Small'. (OPT-170)
Information: Changed wire load model for 'alt1' from '(none)' to 'Small'. (OPT-170)
Information: Changed wire load model for 'pparch' from '(none)' to 'Small'. (OPT-170)
Information: Changed wire load model for 'alt1' from '(none)' to 'Small'. (OPT-170)
Information: Changed wire load model for 'pparch' from '(none)' to 'Small'. (OPT-170)
Information: Changed wire load model for 'alt1' from '(none)' to 'Small'. (OPT-170)
Information: Changed wire load model for 'pparch' from '(none)' to 'Small'. (OPT-170)
Information: Changed wire load model for 'alt1' from '(none)' to 'Small'. (OPT-170)
Information: Changed wire load model for 'pparch' from '(none)' to 'Small'. (OPT-170)
Information: Changed wire load model for 'alt1' from '(none)' to 'Small'. (OPT-170)
Information: Changed wire load model for 'pparch' from '(none)' to 'Small'. (OPT-170)
Information: Changed wire load model for 'alt1' from '(none)' to 'Small'. (OPT-170)
Information: Changed wire load model for 'pparch' from '(none)' to 'Small'. (OPT-170)
Information: Changed wire load model for 'alt1' from '(none)' to 'Small'. (OPT-170)
Information: Changed wire load model for 'pparch' from '(none)' to 'Small'. (OPT-170)
Information: Changed wire load model for 'alt1' from '(none)' to 'Small'. (OPT-170)
Information: Changed wire load model for 'pparch' from '(none)' to 'Small'. (OPT-170)
Information: Changed wire load model for 'alt1' from '(none)' to 'Small'. (OPT-170)
Information: Changed wire load model for 'pparch' from '(none)' to 'Small'. (OPT-170)
Information: Changed wire load model for 'alt1' from '(none)' to 'Small'. (OPT-170)
Information: Changed wire load model for 'pparch' from '(none)' to 'Small'. (OPT-170)
Information: Changed wire load model for 'alt1' from '(none)' to 'Small'. (OPT-170)
Information: Changed wire load model for 'pparch' from '(none)' to 'Small'. (OPT-170)
Information: Changed wire load model for 'alt1' from '(none)' to 'Small'. (OPT-170)
Information: Changed wire load model for 'pparch' from '(none)' to 'Small'. (OPT-170)
Information: Changed wire load model for 'alt1' from '(none)' to 'Small'. (OPT-170)
Information: Changed wire load model for 'pparch' from '(none)' to 'Small'. (OPT-170)
Information: Changed wire load model for 'alt1' from '(none)' to 'Small'. (OPT-170)
Information: Changed wire load model for 'pparch' from '(none)' to 'Small'. (OPT-170)
Information: Changed wire load model for 'alt1' from '(none)' to 'Small'. (OPT-170)
Information: Changed wire load model for 'pparch' from '(none)' to 'Small'. (OPT-170)
Information: Changed wire load model for 'alt1' from '(none)' to 'Small'. (OPT-170)
Information: Changed wire load model for 'pparch' from '(none)' to 'Small'. (OPT-170)
Information: Changed wire load model for 'alt1' from '(none)' to 'Small'. (OPT-170)
Information: Changed wire load model for 'pparch' from '(none)' to 'Small'. (OPT-170)
Information: Changed wire load model for 'alt1' from '(none)' to 'Small'. (OPT-170)
Information: Changed wire load model for 'pparch' from '(none)' to 'Small'. (OPT-170)
Information: Changed wire load model for 'alt1' from '(none)' to 'Small'. (OPT-170)
Information: Changed wire load model for 'pparch' from '(none)' to 'Small'. (OPT-170)
Information: Changed wire load model for 'alt1' from '(none)' to 'Small'. (OPT-170)
Information: Changed wire load model for 'pparch' from '(none)' to 'Small'. (OPT-170)
Information: Changed wire load model for 'alt1' from '(none)' to 'Small'. (OPT-170)
Information: Changed wire load model for 'pparch' from '(none)' to 'Small'. (OPT-170)
Information: Changed wire load model for 'alt1' from '(none)' to 'Small'. (OPT-170)
Information: Changed wire load model for 'pparch' from '(none)' to 'Small'. (OPT-170)
Information: Changed wire load model for 'alt1' from '(none)' to 'Small'. (OPT-170)
Information: Changed wire load model for 'pparch' from '(none)' to 'Small'. (OPT-170)
Information: Changed wire load model for 'alt1' from '(none)' to 'Small'. (OPT-170)
Information: Changed wire load model for 'pparch' from '(none)' to 'Small'. (OPT-170)
Information: Changed wire load model for 'alt1' from '(none)' to 'Small'. (OPT-170)
Information: Changed wire load model for 'pparch' from '(none)' to 'Small'. (OPT-170)
Information: Changed wire load model for 'alt1' from '(none)' to 'Small'. (OPT-170)
Information: Changed wire load model for 'pparch' from '(none)' to 'Small'. (OPT-170)
Information: Changed wire load model for 'alt1' from '(none)' to 'Small'. (OPT-170)
Information: Changed wire load model for 'pparch' from '(none)' to 'Small'. (OPT-170)
Information: Changed wire load model for 'alt1' from '(none)' to 'Small'. (OPT-170)
Information: Changed wire load model for 'pparch' from '(none)' to 'Small'. (OPT-170)
Information: Changed wire load model for 'alt1' from '(none)' to 'Small'. (OPT-170)
Information: Changed wire load model for 'pparch' from '(none)' to 'Small'. (OPT-170)
Information: Changed wire load model for 'alt1' from '(none)' to 'Small'. (OPT-170)
Information: Changed wire load model for 'pparch' from '(none)' to 'Small'. (OPT-170)
Information: Changed wire load model for 'alt1' from '(none)' to 'Small'. (OPT-170)
Information: Changed wire load model for 'pparch' from '(none)' to 'Small'. (OPT-170)
Information: Changed wire load model for 'alt1' from '(none)' to 'Small'. (OPT-170)
Information: Changed wire load model for 'pparch' from '(none)' to 'Small'. (OPT-170)
Information: Changed wire load model for 'alt1' from '(none)' to 'Small'. (OPT-170)
Information: Changed wire load model for 'pparch' from '(none)' to 'Small'. (OPT-170)
Information: Changed wire load model for 'alt1' from '(none)' to 'Small'. (OPT-170)
Information: Changed wire load model for 'pparch' from '(none)' to 'Small'. (OPT-170)
Information: Changed wire load model for 'alt1' from '(none)' to 'Small'. (OPT-170)
Information: Changed wire load model for 'pparch' from '(none)' to 'Small'. (OPT-170)
Information: Changed wire load model for 'alt1' from '(none)' to 'Small'. (OPT-170)
Information: Changed wire load model for 'pparch' from '(none)' to 'Small'. (OPT-170)
Information: Changed wire load model for 'alt1' from '(none)' to 'Small'. (OPT-170)
Information: Changed wire load model for 'pparch' from '(none)' to 'Small'. (OPT-170)
Information: Changed wire load model for 'alt1' from '(none)' to 'Small'. (OPT-170)
Information: Changed wire load model for 'pparch' from '(none)' to 'Small'. (OPT-170)
Information: Changed wire load model for 'alt1' from '(none)' to 'Small'. (OPT-170)
Information: Changed wire load model for 'pparch' from '(none)' to 'Small'. (OPT-170)
Information: Changed wire load model for 'alt1' from '(none)' to 'Small'. (OPT-170)
Information: Changed wire load model for 'pparch' from '(none)' to 'Small'. (OPT-170)
Information: Changed wire load model for 'alt1' from '(none)' to 'Small'. (OPT-170)
Information: Changed wire load model for 'pparch' from '(none)' to 'Small'. (OPT-170)
Information: Changed wire load model for 'alt1' from '(none)' to 'Small'. (OPT-170)
Information: Changed wire load model for 'pparch' from '(none)' to 'Small'. (OPT-170)
Information: Changed wire load model for 'alt1' from '(none)' to 'Small'. (OPT-170)
Information: Changed wire load model for 'pparch' from '(none)' to 'Small'. (OPT-170)
Information: Changed wire load model for 'alt1' from '(none)' to 'Small'. (OPT-170)
Information: Changed wire load model for 'pparch' from '(none)' to 'Small'. (OPT-170)
Information: Changed wire load model for 'alt1' from '(none)' to 'Small'. (OPT-170)
Information: Changed wire load model for 'pparch' from '(none)' to 'Small'. (OPT-170)
Information: Changed wire load model for 'alt1' from '(none)' to 'Small'. (OPT-170)
Information: Changed wire load model for 'pparch' from '(none)' to 'Small'. (OPT-170)
Information: Changed wire load model for 'alt1' from '(none)' to 'Small'. (OPT-170)
Information: Changed wire load model for 'pparch' from '(none)' to 'Small'. (OPT-170)
Information: Changed wire load model for 'alt1' from '(none)' to 'Small'. (OPT-170)
Information: Changed wire load model for 'pparch' from '(none)' to 'Small'. (OPT-170)
Information: Changed wire load model for 'alt1' from '(none)' to 'Small'. (OPT-170)
Information: Changed wire load model for 'pparch' from '(none)' to 'Small'. (OPT-170)
Information: Changed wire load model for 'alt1' from '(none)' to 'Small'. (OPT-170)
Information: Changed wire load model for 'pparch' from '(none)' to 'Small'. (OPT-170)
Information: Changed wire load model for 'alt1' from '(none)' to 'Small'. (OPT-170)
Information: Changed wire load model for 'pparch' from '(none)' to 'Small'. (OPT-170)
Information: Changed wire load model for 'alt1' from '(none)' to 'Small'. (OPT-170)
Information: Changed wire load model for 'pparch' from '(none)' to 'Small'. (OPT-170)
Information: Changed wire load model for 'alt1' from '(none)' to 'Small'. (OPT-170)
Information: Changed wire load model for 'pparch' from '(none)' to 'Small'. (OPT-170)
Information: Changed wire load model for 'alt1' from '(none)' to 'Small'. (OPT-170)
Information: Changed wire load model for 'pparch' from '(none)' to 'Small'. (OPT-170)
Information: Changed wire load model for 'alt1' from '(none)' to 'Small'. (OPT-170)
Information: Changed wire load model for 'pparch' from '(none)' to 'Small'. (OPT-170)
Information: Changed wire load model for 'alt1' from '(none)' to 'Small'. (OPT-170)
Information: Changed wire load model for 'pparch' from '(none)' to 'Small'. (OPT-170)
Information: Changed wire load model for 'alt1' from '(none)' to 'Small'. (OPT-170)
Information: Changed wire load model for 'pparch' from '(none)' to 'Small'. (OPT-170)
Information: Changed wire load model for 'alt1' from '(none)' to 'Small'. (OPT-170)
Information: Changed wire load model for 'pparch' from '(none)' to 'Small'. (OPT-170)
Information: Changed wire load model for 'alt1' from '(none)' to 'Small'. (OPT-170)
Information: Changed wire load model for 'pparch' from '(none)' to 'Small'. (OPT-170)
Information: Changed wire load model for 'alt1' from '(none)' to 'Small'. (OPT-170)
Information: Changed wire load model for 'pparch' from '(none)' to 'Small'. (OPT-170)
Information: Changed wire load model for 'alt1' from '(none)' to 'Small'. (OPT-170)
Information: Changed wire load model for 'pparch' from '(none)' to 'Small'. (OPT-170)
Information: Changed wire load model for 'alt1' from '(none)' to 'Small'. (OPT-170)
Information: Changed wire load model for 'pparch' from '(none)' to 'Small'. (OPT-170)
Information: Changed wire load model for 'alt1' from '(none)' to 'Small'. (OPT-170)
Information: Changed wire load model for 'pparch' from '(none)' to 'Small'. (OPT-170)
Information: Changed wire load model for 'alt1' from '(none)' to 'Small'. (OPT-170)
Information: Changed wire load model for 'pparch' from '(none)' to 'Small'. (OPT-170)
Information: Changed wire load model for 'alt1' from '(none)' to 'Small'. (OPT-170)
Information: Changed wire load model for 'pparch' from '(none)' to 'Small'. (OPT-170)
Information: Changed wire load model for 'alt1' from '(none)' to 'Small'. (OPT-170)
Information: Changed wire load model for 'pparch' from '(none)' to 'Small'. (OPT-170)
Information: Changed wire load model for 'alt1' from '(none)' to 'Small'. (OPT-170)
Information: Changed wire load model for 'pparch' from '(none)' to 'Small'. (OPT-170)
Information: Changed wire load model for 'alt1' from '(none)' to 'Small'. (OPT-170)
Information: Changed wire load model for 'pparch' from '(none)' to 'Small'. (OPT-170)
Information: Changed wire load model for 'alt1' from '(none)' to 'Small'. (OPT-170)
Information: Changed wire load model for 'pparch' from '(none)' to 'Small'. (OPT-170)
Information: Changed wire load model for 'alt1' from '(none)' to 'Small'. (OPT-170)
Information: Changed wire load model for 'pparch' from '(none)' to 'Small'. (OPT-170)
Information: Changed wire load model for 'alt1' from '(none)' to 'Small'. (OPT-170)
Information: Changed wire load model for 'pparch' from '(none)' to 'Small'. (OPT-170)
Information: Changed wire load model for 'alt1' from '(none)' to 'Small'. (OPT-170)
Information: Changed wire load model for 'pparch' from '(none)' to 'Small'. (OPT-170)
Information: Changed wire load model for 'alt1' from '(none)' to 'Small'. (OPT-170)
Information: Changed wire load model for 'pparch' from '(none)' to 'Small'. (OPT-170)
Information: Changed wire load model for 'alt1' from '(none)' to 'Small'. (OPT-170)
Information: Changed wire load model for 'pparch' from '(none)' to 'Small'. (OPT-170)
Information: Changed wire load model for 'alt1' from '(none)' to 'Small'. (OPT-170)
Information: Changed wire load model for 'pparch' from '(none)' to 'Small'. (OPT-170)
Information: Changed wire load model for 'alt1' from '(none)' to 'Small'. (OPT-170)
Information: Changed wire load model for 'pparch' from '(none)' to 'Small'. (OPT-170)
Information: Changed wire load model for 'alt1' from '(none)' to 'Small'. (OPT-170)
Information: Changed wire load model for 'pparch' from '(none)' to 'Small'. (OPT-170)
Information: Changed wire load model for 'alt1' from '(none)' to 'Small'. (OPT-170)
Information: Changed wire load model for 'pparch' from '(none)' to 'Small'. (OPT-170)
Information: Changed wire load model for 'alt1' from '(none)' to 'Small'. (OPT-170)
Information: Changed wire load model for 'pparch' from '(none)' to 'Small'. (OPT-170)
Information: Changed wire load model for 'alt1' from '(none)' to 'Small'. (OPT-170)
Information: Changed wire load model for 'pparch' from '(none)' to 'Small'. (OPT-170)
Information: Changed wire load model for 'alt1' from '(none)' to 'Small'. (OPT-170)
Information: Changed wire load model for 'pparch' from '(none)' to 'Small'. (OPT-170)
Information: Changed wire load model for 'alt1' from '(none)' to 'Small'. (OPT-170)
Information: Changed wire load model for 'pparch' from '(none)' to 'Small'. (OPT-170)
Information: Changed wire load model for 'alt1' from '(none)' to 'Small'. (OPT-170)
Information: Changed wire load model for 'pparch' from '(none)' to 'Small'. (OPT-170)
Information: Changed wire load model for 'alt1' from '(none)' to 'Small'. (OPT-170)
Information: Changed wire load model for 'pparch' from '(none)' to 'Small'. (OPT-170)
Information: Changed wire load model for 'alt1' from '(none)' to 'Small'. (OPT-170)
Information: Changed wire load model for 'pparch' from '(none)' to 'Small'. (OPT-170)
Information: Changed wire load model for 'alt1' from '(none)' to 'Small'. (OPT-170)
Information: Changed wire load model for 'pparch' from '(none)' to 'Small'. (OPT-170)
Information: Changed wire load model for 'alt1' from '(none)' to 'Small'. (OPT-170)
Information: Changed wire load model for 'pparch' from '(none)' to 'Small'. (OPT-170)
Information: Changed wire load model for 'alt1' from '(none)' to 'Small'. (OPT-170)
Information: Changed wire load model for 'pparch' from '(none)' to 'Small'. (OPT-170)
Information: Changed wire load model for 'alt1' from '(none)' to 'Small'. (OPT-170)
Information: Changed wire load model for 'pparch' from '(none)' to 'Small'. (OPT-170)
Information: Changed wire load model for 'alt1' from '(none)' to 'Small'. (OPT-170)
Information: Changed wire load model for 'pparch' from '(none)' to 'Small'. (OPT-170)
Information: Changed wire load model for 'alt1' from '(none)' to 'Small'. (OPT-170)
Information: Changed wire load model for 'pparch' from '(none)' to 'Small'. (OPT-170)
Information: Changed wire load model for 'alt1' from '(none)' to 'Small'. (OPT-170)
Information: Changed wire load model for 'pparch' from '(none)' to 'Small'. (OPT-170)
Information: Changed wire load model for 'alt1' from '(none)' to 'Small'. (OPT-170)
Information: Changed wire load model for 'pparch' from '(none)' to 'Small'. (OPT-170)
Information: Changed wire load model for 'alt1' from '(none)' to 'Small'. (OPT-170)
Information: Changed wire load model for 'pparch' from '(none)' to 'Small'. (OPT-170)
Information: Changed wire load model for 'alt1' from '(none)' to 'Small'. (OPT-170)
Information: Changed wire load model for 'pparch' from '(none)' to 'Small'. (OPT-170)
Information: Changed wire load model for 'alt1' from '(none)' to 'Small'. (OPT-170)
Information: Changed wire load model for 'pparch' from '(none)' to 'Small'. (OPT-170)
Information: Changed wire load model for 'alt1' from '(none)' to 'Small'. (OPT-170)
Information: Changed wire load model for 'pparch' from '(none)' to 'Small'. (OPT-170)
Information: Changed wire load model for 'alt1' from '(none)' to 'Small'. (OPT-170)
Information: Changed wire load model for 'pparch' from '(none)' to 'Small'. (OPT-170)
Information: Changed wire load model for 'alt1' from '(none)' to 'Small'. (OPT-170)
Information: Changed wire load model for 'pparch' from '(none)' to 'Small'. (OPT-170)
Information: Changed wire load model for 'alt1' from '(none)' to 'Small'. (OPT-170)
Information: Changed wire load model for 'pparch' from '(none)' to 'Small'. (OPT-170)
Information: Changed wire load model for 'alt1' from '(none)' to 'Small'. (OPT-170)
Information: Changed wire load model for 'pparch' from '(none)' to 'Small'. (OPT-170)
Information: Changed wire load model for 'alt1' from '(none)' to 'Small'. (OPT-170)
Information: Changed wire load model for 'pparch' from '(none)' to 'Small'. (OPT-170)
Information: Changed wire load model for 'alt1' from '(none)' to 'Small'. (OPT-170)
Information: Changed wire load model for 'pparch' from '(none)' to 'Small'. (OPT-170)
Information: Changed wire load model for 'alt1' from '(none)' to 'Small'. (OPT-170)
Information: Changed wire load model for 'pparch' from '(none)' to 'Small'. (OPT-170)
Information: Changed wire load model for 'alt1' from '(none)' to 'Small'. (OPT-170)
Information: Changed wire load model for 'pparch' from '(none)' to 'Small'. (OPT-170)
Information: Changed wire load model for 'alt1' from '(none)' to 'Small'. (OPT-170)
Information: Changed wire load model for 'pparch' from '(none)' to 'Small'. (OPT-170)
Information: Changed wire load model for 'alt1' from '(none)' to 'Small'. (OPT-170)
Information: Changed wire load model for 'pparch' from '(none)' to 'Small'. (OPT-170)
Information: Changed wire load model for 'alt1' from '(none)' to 'Small'. (OPT-170)
Information: Changed wire load model for 'pparch' from '(none)' to 'Small'. (OPT-170)
Information: Changed wire load model for 'alt1' from '(none)' to 'Small'. (OPT-170)
Information: Changed wire load model for 'pparch' from '(none)' to 'Small'. (OPT-170)
Information: Changed wire load model for 'alt1' from '(none)' to 'Small'. (OPT-170)
Information: Changed wire load model for 'pparch' from '(none)' to 'Small'. (OPT-170)
Information: Changed wire load model for 'alt1' from '(none)' to 'Small'. (OPT-170)
Information: Changed wire load model for 'pparch' from '(none)' to 'Small'. (OPT-170)
Information: Changed wire load model for 'alt1' from '(none)' to 'Small'. (OPT-170)
Information: Changed wire load model for 'pparch' from '(none)' to 'Small'. (OPT-170)
Information: Changed wire load model for 'alt1' from '(none)' to 'Small'. (OPT-170)
Information: Changed wire load model for 'pparch' from '(none)' to 'Small'. (OPT-170)
Information: Changed wire load model for 'alt1' from '(none)' to 'Small'. (OPT-170)
Information: Changed wire load model for 'pparch' from '(none)' to 'Small'. (OPT-170)
Information: Changed wire load model for 'alt1' from '(none)' to 'Small'. (OPT-170)
Information: Changed wire load model for 'pparch' from '(none)' to 'Small'. (OPT-170)
Information: Changed wire load model for 'alt1' from '(none)' to 'Small'. (OPT-170)
Information: Changed wire load model for 'pparch' from '(none)' to 'Small'. (OPT-170)
Information: Changed wire load model for 'alt1' from '(none)' to 'Small'. (OPT-170)
Information: Changed wire load model for 'pparch' from '(none)' to 'Small'. (OPT-170)
Information: Changed wire load model for 'alt1' from '(none)' to 'Small'. (OPT-170)
Information: Changed wire load model for 'pparch' from '(none)' to 'Small'. (OPT-170)
Information: Changed wire load model for 'alt1' from '(none)' to 'Small'. (OPT-170)
Information: Changed wire load model for 'pparch' from '(none)' to 'Small'. (OPT-170)
Information: Changed wire load model for 'alt1' from '(none)' to 'Small'. (OPT-170)
Information: Changed wire load model for 'pparch' from '(none)' to 'Small'. (OPT-170)
Information: Changed wire load model for 'alt1' from '(none)' to 'Small'. (OPT-170)
Information: Changed wire load model for 'pparch' from '(none)' to 'Small'. (OPT-170)
Information: Changed wire load model for 'alt1' from '(none)' to 'Small'. (OPT-170)
Information: Changed wire load model for 'pparch' from '(none)' to 'Small'. (OPT-170)
Information: Changed wire load model for 'alt1' from '(none)' to 'Small'. (OPT-170)
Information: Changed wire load model for 'pparch' from '(none)' to 'Small'. (OPT-170)
Information: Changed wire load model for 'alt1' from '(none)' to 'Small'. (OPT-170)
Information: Changed wire load model for 'pparch' from '(none)' to 'Small'. (OPT-170)
Information: Changed wire load model for 'alt1' from '(none)' to 'Small'. (OPT-170)
Information: Changed wire load model for 'pparch' from '(none)' to 'Small'. (OPT-170)
Information: Changed wire load model for 'alt1' from '(none)' to 'Small'. (OPT-170)
Information: Changed wire load model for 'pparch' from '(none)' to 'Small'. (OPT-170)
Information: Changed wire load model for 'alt1' from '(none)' to 'Small'. (OPT-170)
Information: Changed wire load model for 'pparch' from '(none)' to 'Small'. (OPT-170)
Information: Changed wire load model for 'alt1' from '(none)' to 'Small'. (OPT-170)
Information: Changed wire load model for 'pparch' from '(none)' to 'Small'. (OPT-170)
Information: Changed wire load model for 'alt1' from '(none)' to 'Small'. (OPT-170)
Information: Changed wire load model for 'pparch' from '(none)' to 'Small'. (OPT-170)
Information: Changed wire load model for 'alt1' from '(none)' to 'Small'. (OPT-170)
Information: Changed wire load model for 'pparch' from '(none)' to 'Small'. (OPT-170)
Information: Changed wire load model for 'alt1' from '(none)' to 'Small'. (OPT-170)
Information: Changed wire load model for 'pparch' from '(none)' to 'Small'. (OPT-170)
Information: Changed wire load model for 'alt1' from '(none)' to 'Small'. (OPT-170)
Information: Changed wire load model for 'pparch' from '(none)' to 'Small'. (OPT-170)
Information: Changed wire load model for 'alt1' from '(none)' to 'Small'. (OPT-170)
Information: Changed wire load model for 'pparch' from '(none)' to 'Small'. (OPT-170)
Information: Changed wire load model for 'alt1' from '(none)' to 'Small'. (OPT-170)
Information: Changed wire load model for 'pparch' from '(none)' to 'Small'. (OPT-170)
Information: Changed wire load model for 'alt1' from '(none)' to 'Small'. (OPT-170)
Information: Changed wire load model for 'pparch' from '(none)' to 'Small'. (OPT-170)
Information: Changed wire load model for 'alt1' from '(none)' to 'Small'. (OPT-170)
Information: Changed wire load model for 'pparch' from '(none)' to 'Small'. (OPT-170)
Information: Changed wire load model for 'alt1' from '(none)' to 'Small'. (OPT-170)
Information: Changed wire load model for 'pparch' from '(none)' to 'Small'. (OPT-170)
Information: Changed wire load model for 'alt1' from '(none)' to 'Small'. (OPT-170)
Information: Changed wire load model for 'pparch' from '(none)' to 'Small'. (OPT-170)
Information: Changed wire load model for 'alt1' from '(none)' to 'Small'. (OPT-170)
Information: Changed wire load model for 'pparch' from '(none)' to 'Small'. (OPT-170)
Information: Changed wire load model for 'alt1' from '(none)' to 'Small'. (OPT-170)
Information: Changed wire load model for 'pparch' from '(none)' to 'Small'. (OPT-170)
Information: Changed wire load model for 'alt1' from '(none)' to 'Small'. (OPT-170)
Information: Changed wire load model for 'pparch' from '(none)' to 'Small'. (OPT-170)
Information: Changed wire load model for 'alt1' from '(none)' to 'Small'. (OPT-170)
Information: Changed wire load model for 'pparch' from '(none)' to 'Small'. (OPT-170)
Information: Changed wire load model for 'alt1' from '(none)' to 'Small'. (OPT-170)
Information: Changed wire load model for 'pparch' from '(none)' to 'Small'. (OPT-170)
Information: Changed wire load model for 'alt1' from '(none)' to 'Small'. (OPT-170)
Information: Changed wire load model for 'pparch' from '(none)' to 'Small'. (OPT-170)
Information: Changed wire load model for 'alt1' from '(none)' to 'Small'. (OPT-170)
Information: Changed wire load model for 'pparch' from '(none)' to 'Small'. (OPT-170)
Information: Changed wire load model for 'alt1' from '(none)' to 'Small'. (OPT-170)
Information: Changed wire load model for 'pparch' from '(none)' to 'Small'. (OPT-170)
Information: Changed wire load model for 'alt1' from '(none)' to 'Small'. (OPT-170)
Information: Changed wire load model for 'pparch' from '(none)' to 'Small'. (OPT-170)
Information: Changed wire load model for 'alt1' from '(none)' to 'Small'. (OPT-170)
Information: Changed wire load model for 'pparch' from '(none)' to 'Small'. (OPT-170)
Information: Changed wire load model for 'alt1' from '(none)' to 'Small'. (OPT-170)
Information: Changed wire load model for 'pparch' from '(none)' to 'Small'. (OPT-170)
Information: Changed wire load model for 'alt1' from '(none)' to 'Small'. (OPT-170)
Information: Changed wire load model for 'pparch' from '(none)' to 'Small'. (OPT-170)
Information: Changed wire load model for 'alt1' from '(none)' to 'Small'. (OPT-170)
Information: Changed wire load model for 'pparch' from '(none)' to 'Small'. (OPT-170)
Information: Changed wire load model for 'alt1' from '(none)' to 'Small'. (OPT-170)
Information: Changed wire load model for 'pparch' from '(none)' to 'Small'. (OPT-170)
Information: Changed wire load model for 'alt1' from '(none)' to 'Small'. (OPT-170)
Information: Changed wire load model for 'pparch' from '(none)' to 'Small'. (OPT-170)
Information: Changed wire load model for 'alt1' from '(none)' to 'Small'. (OPT-170)
Information: Changed wire load model for 'pparch' from '(none)' to 'Small'. (OPT-170)
Information: Changed wire load model for 'alt1' from '(none)' to 'Small'. (OPT-170)
Information: Changed wire load model for 'pparch' from '(none)' to 'Small'. (OPT-170)
Information: Changed wire load model for 'alt1' from '(none)' to 'Small'. (OPT-170)
Information: Changed wire load model for 'pparch' from '(none)' to 'Small'. (OPT-170)
Information: Changed wire load model for 'alt1' from '(none)' to 'Small'. (OPT-170)
Information: Changed wire load model for 'pparch' from '(none)' to 'Small'. (OPT-170)
Information: Changed wire load model for 'alt1' from '(none)' to 'Small'. (OPT-170)
Information: Changed wire load model for 'pparch' from '(none)' to 'Small'. (OPT-170)
Information: Changed wire load model for 'alt1' from '(none)' to 'Small'. (OPT-170)
Information: Changed wire load model for 'pparch' from '(none)' to 'Small'. (OPT-170)
Information: Changed wire load model for 'alt1' from '(none)' to 'Small'. (OPT-170)
Information: Changed wire load model for 'pparch' from '(none)' to 'Small'. (OPT-170)
Information: Changed wire load model for 'alt1' from '(none)' to 'Small'. (OPT-170)
Information: Changed wire load model for 'pparch' from '(none)' to 'Small'. (OPT-170)
Information: Changed wire load model for 'alt1' from '(none)' to 'Small'. (OPT-170)
Information: Changed wire load model for 'pparch' from '(none)' to 'Small'. (OPT-170)
Information: Changed wire load model for 'alt1' from '(none)' to 'Small'. (OPT-170)
Information: Changed wire load model for 'pparch' from '(none)' to 'Small'. (OPT-170)
Information: Changed wire load model for 'alt1' from '(none)' to 'Small'. (OPT-170)
Information: Changed wire load model for 'pparch' from '(none)' to 'Small'. (OPT-170)
Information: Changed wire load model for 'alt1' from '(none)' to 'Small'. (OPT-170)
Information: Changed wire load model for 'pparch' from '(none)' to 'Small'. (OPT-170)
Information: Changed wire load model for 'alt1' from '(none)' to 'Small'. (OPT-170)
Information: Changed wire load model for 'pparch' from '(none)' to 'Small'. (OPT-170)
Information: Changed wire load model for 'alt1' from '(none)' to 'Small'. (OPT-170)
Information: Changed wire load model for 'pparch' from '(none)' to 'Small'. (OPT-170)
Information: Changed wire load model for 'alt1' from '(none)' to 'Small'. (OPT-170)
Information: Changed wire load model for 'pparch' from '(none)' to 'Small'. (OPT-170)
Information: Changed wire load model for 'alt1' from '(none)' to 'Small'. (OPT-170)
Information: Changed wire load model for 'pparch' from '(none)' to 'Small'. (OPT-170)
Information: Changed wire load model for 'alt1' from '(none)' to 'Small'. (OPT-170)
Information: Changed wire load model for 'pparch' from '(none)' to 'Small'. (OPT-170)
Information: Changed wire load model for 'alt1' from '(none)' to 'Small'. (OPT-170)
Information: Changed wire load model for 'pparch' from '(none)' to 'Small'. (OPT-170)
Information: Changed wire load model for 'alt1' from '(none)' to 'Small'. (OPT-170)
Information: Changed wire load model for 'pparch' from '(none)' to 'Small'. (OPT-170)
Information: Changed wire load model for 'alt1' from '(none)' to 'Small'. (OPT-170)
Information: Changed wire load model for 'pparch' from '(none)' to 'Small'. (OPT-170)
Information: Changed wire load model for 'alt1' from '(none)' to 'Small'. (OPT-170)
Information: Changed wire load model for 'pparch' from '(none)' to 'Small'. (OPT-170)
Information: Changed wire load model for 'alt1' from '(none)' to 'Small'. (OPT-170)
Information: Changed wire load model for 'pparch' from '(none)' to 'Small'. (OPT-170)
Information: Changed wire load model for 'alt1' from '(none)' to 'Small'. (OPT-170)
Information: Changed wire load model for 'pparch' from '(none)' to 'Small'. (OPT-170)
Information: Changed wire load model for 'alt1' from '(none)' to 'Small'. (OPT-170)
Information: Changed wire load model for 'apparch' from '(none)' to 'Small'. (OPT-170)
  Allocating blocks in 'DW_div_a_width107_b_width53_tc_mode0_rem_mode1'
Information: Changed wire load model for 'alt1' from '(none)' to 'Small'. (OPT-170)
Information: Changed wire load model for 'pparch' from '(none)' to 'Small'. (OPT-170)
Information: Changed wire load model for 'alt1' from '(none)' to 'Small'. (OPT-170)
Information: Changed wire load model for 'pparch' from '(none)' to 'Small'. (OPT-170)
Information: Changed wire load model for 'alt1' from '(none)' to 'Small'. (OPT-170)
Information: Changed wire load model for 'pparch' from '(none)' to 'Small'. (OPT-170)
Information: Changed wire load model for 'alt1' from '(none)' to 'Small'. (OPT-170)
Information: Changed wire load model for 'pparch' from '(none)' to 'Small'. (OPT-170)
Information: Changed wire load model for 'alt1' from '(none)' to 'Small'. (OPT-170)
Information: Changed wire load model for 'pparch' from '(none)' to 'Small'. (OPT-170)
Information: Changed wire load model for 'alt1' from '(none)' to 'Small'. (OPT-170)
Information: Changed wire load model for 'pparch' from '(none)' to 'Small'. (OPT-170)
Information: Changed wire load model for 'alt1' from '(none)' to 'Small'. (OPT-170)
Information: Changed wire load model for 'pparch' from '(none)' to 'Small'. (OPT-170)
Information: Changed wire load model for 'alt1' from '(none)' to 'Small'. (OPT-170)
Information: Changed wire load model for 'pparch' from '(none)' to 'Small'. (OPT-170)
Information: Changed wire load model for 'alt1' from '(none)' to 'Small'. (OPT-170)
Information: Changed wire load model for 'pparch' from '(none)' to 'Small'. (OPT-170)
Information: Changed wire load model for 'alt1' from '(none)' to 'Small'. (OPT-170)
Information: Changed wire load model for 'pparch' from '(none)' to 'Small'. (OPT-170)
Information: Changed wire load model for 'alt1' from '(none)' to 'Small'. (OPT-170)
Information: Changed wire load model for 'pparch' from '(none)' to 'Small'. (OPT-170)
Information: Changed wire load model for 'alt1' from '(none)' to 'Small'. (OPT-170)
Information: Changed wire load model for 'pparch' from '(none)' to 'Small'. (OPT-170)
Information: Changed wire load model for 'alt1' from '(none)' to 'Small'. (OPT-170)
Information: Changed wire load model for 'pparch' from '(none)' to 'Small'. (OPT-170)
Information: Changed wire load model for 'alt1' from '(none)' to 'Small'. (OPT-170)
Information: Changed wire load model for 'pparch' from '(none)' to 'Small'. (OPT-170)
Information: Changed wire load model for 'alt1' from '(none)' to 'Small'. (OPT-170)
Information: Changed wire load model for 'pparch' from '(none)' to 'Small'. (OPT-170)
Information: Changed wire load model for 'alt1' from '(none)' to 'Small'. (OPT-170)
Information: Changed wire load model for 'pparch' from '(none)' to 'Small'. (OPT-170)
Information: Changed wire load model for 'alt1' from '(none)' to 'Small'. (OPT-170)
Information: Changed wire load model for 'pparch' from '(none)' to 'Small'. (OPT-170)
Information: Changed wire load model for 'alt1' from '(none)' to 'Small'. (OPT-170)
Information: Changed wire load model for 'pparch' from '(none)' to 'Small'. (OPT-170)
Information: Changed wire load model for 'alt1' from '(none)' to 'Small'. (OPT-170)
Information: Changed wire load model for 'pparch' from '(none)' to 'Small'. (OPT-170)
Information: Changed wire load model for 'alt1' from '(none)' to 'Small'. (OPT-170)
Information: Changed wire load model for 'pparch' from '(none)' to 'Small'. (OPT-170)
Information: Changed wire load model for 'alt1' from '(none)' to 'Small'. (OPT-170)
Information: Changed wire load model for 'pparch' from '(none)' to 'Small'. (OPT-170)
Information: Changed wire load model for 'alt1' from '(none)' to 'Small'. (OPT-170)
Information: Changed wire load model for 'pparch' from '(none)' to 'Small'. (OPT-170)
Information: Changed wire load model for 'alt1' from '(none)' to 'Small'. (OPT-170)
Information: Changed wire load model for 'pparch' from '(none)' to 'Small'. (OPT-170)
Information: Changed wire load model for 'alt1' from '(none)' to 'Small'. (OPT-170)
Information: Changed wire load model for 'pparch' from '(none)' to 'Small'. (OPT-170)
Information: Changed wire load model for 'alt1' from '(none)' to 'Small'. (OPT-170)
Information: Changed wire load model for 'pparch' from '(none)' to 'Small'. (OPT-170)
Information: Changed wire load model for 'alt1' from '(none)' to 'Small'. (OPT-170)
Information: Changed wire load model for 'pparch' from '(none)' to 'Small'. (OPT-170)
Information: Changed wire load model for 'alt1' from '(none)' to 'Small'. (OPT-170)
Information: Changed wire load model for 'pparch' from '(none)' to 'Small'. (OPT-170)
Information: Changed wire load model for 'alt1' from '(none)' to 'Small'. (OPT-170)
Information: Changed wire load model for 'pparch' from '(none)' to 'Small'. (OPT-170)
Information: Changed wire load model for 'alt1' from '(none)' to 'Small'. (OPT-170)
Information: Changed wire load model for 'pparch' from '(none)' to 'Small'. (OPT-170)
Information: Changed wire load model for 'alt1' from '(none)' to 'Small'. (OPT-170)
Information: Changed wire load model for 'pparch' from '(none)' to 'Small'. (OPT-170)
Information: Changed wire load model for 'alt1' from '(none)' to 'Small'. (OPT-170)
Information: Changed wire load model for 'pparch' from '(none)' to 'Small'. (OPT-170)
Information: Changed wire load model for 'alt1' from '(none)' to 'Small'. (OPT-170)
Information: Changed wire load model for 'pparch' from '(none)' to 'Small'. (OPT-170)
Information: Changed wire load model for 'alt1' from '(none)' to 'Small'. (OPT-170)
Information: Changed wire load model for 'pparch' from '(none)' to 'Small'. (OPT-170)
Information: Changed wire load model for 'alt1' from '(none)' to 'Small'. (OPT-170)
Information: Changed wire load model for 'pparch' from '(none)' to 'Small'. (OPT-170)
Information: Changed wire load model for 'alt1' from '(none)' to 'Small'. (OPT-170)
Information: Changed wire load model for 'pparch' from '(none)' to 'Small'. (OPT-170)
Information: Changed wire load model for 'alt1' from '(none)' to 'Small'. (OPT-170)
Information: Changed wire load model for 'pparch' from '(none)' to 'Small'. (OPT-170)
Information: Changed wire load model for 'alt1' from '(none)' to 'Small'. (OPT-170)
Information: Changed wire load model for 'pparch' from '(none)' to 'Small'. (OPT-170)
Information: Changed wire load model for 'alt1' from '(none)' to 'Small'. (OPT-170)
Information: Changed wire load model for 'pparch' from '(none)' to 'Small'. (OPT-170)
Information: Changed wire load model for 'alt1' from '(none)' to 'Small'. (OPT-170)
Information: Changed wire load model for 'pparch' from '(none)' to 'Small'. (OPT-170)
Information: Changed wire load model for 'alt1' from '(none)' to 'Small'. (OPT-170)
Information: Changed wire load model for 'pparch' from '(none)' to 'Small'. (OPT-170)
Information: Changed wire load model for 'alt1' from '(none)' to 'Small'. (OPT-170)
Information: Changed wire load model for 'pparch' from '(none)' to 'Small'. (OPT-170)
Information: Changed wire load model for 'alt1' from '(none)' to 'Small'. (OPT-170)
Information: Changed wire load model for 'pparch' from '(none)' to 'Small'. (OPT-170)
Information: Changed wire load model for 'alt1' from '(none)' to 'Small'. (OPT-170)
Information: Changed wire load model for 'pparch' from '(none)' to 'Small'. (OPT-170)
Information: Changed wire load model for 'alt1' from '(none)' to 'Small'. (OPT-170)
Information: Changed wire load model for 'pparch' from '(none)' to 'Small'. (OPT-170)
Information: Changed wire load model for 'alt1' from '(none)' to 'Small'. (OPT-170)
Information: Changed wire load model for 'pparch' from '(none)' to 'Small'. (OPT-170)
Information: Changed wire load model for 'alt1' from '(none)' to 'Small'. (OPT-170)
Information: Changed wire load model for 'pparch' from '(none)' to 'Small'. (OPT-170)
Information: Changed wire load model for 'alt1' from '(none)' to 'Small'. (OPT-170)
Information: Changed wire load model for 'pparch' from '(none)' to 'Small'. (OPT-170)
Information: Changed wire load model for 'alt1' from '(none)' to 'Small'. (OPT-170)
Information: Changed wire load model for 'pparch' from '(none)' to 'Small'. (OPT-170)
Information: Changed wire load model for 'alt1' from '(none)' to 'Small'. (OPT-170)
Information: Changed wire load model for 'pparch' from '(none)' to 'Small'. (OPT-170)
Information: Changed wire load model for 'alt1' from '(none)' to 'Small'. (OPT-170)
Information: Changed wire load model for 'pparch' from '(none)' to 'Small'. (OPT-170)
Information: Changed wire load model for 'alt1' from '(none)' to 'Small'. (OPT-170)
Information: Changed wire load model for 'pparch' from '(none)' to 'Small'. (OPT-170)
Information: Changed wire load model for 'alt1' from '(none)' to 'Small'. (OPT-170)
Information: Changed wire load model for 'pparch' from '(none)' to 'Small'. (OPT-170)
Information: Changed wire load model for 'alt1' from '(none)' to 'Small'. (OPT-170)
Information: Changed wire load model for 'pparch' from '(none)' to 'Small'. (OPT-170)
Information: Changed wire load model for 'alt1' from '(none)' to 'Small'. (OPT-170)
Information: Changed wire load model for 'pparch' from '(none)' to 'Small'. (OPT-170)
Information: Changed wire load model for 'alt1' from '(none)' to 'Small'. (OPT-170)
Information: Changed wire load model for 'pparch' from '(none)' to 'Small'. (OPT-170)
Information: Changed wire load model for 'alt1' from '(none)' to 'Small'. (OPT-170)
Information: Changed wire load model for 'pparch' from '(none)' to 'Small'. (OPT-170)
Information: Changed wire load model for 'alt1' from '(none)' to 'Small'. (OPT-170)
Information: Changed wire load model for 'pparch' from '(none)' to 'Small'. (OPT-170)
Information: Changed wire load model for 'alt1' from '(none)' to 'Small'. (OPT-170)
Information: Changed wire load model for 'pparch' from '(none)' to 'Small'. (OPT-170)
Information: Changed wire load model for 'alt1' from '(none)' to 'Small'. (OPT-170)
Information: Changed wire load model for 'pparch' from '(none)' to 'Small'. (OPT-170)
Information: Changed wire load model for 'alt1' from '(none)' to 'Small'. (OPT-170)
Information: Changed wire load model for 'pparch' from '(none)' to 'Small'. (OPT-170)
Information: Changed wire load model for 'alt1' from '(none)' to 'Small'. (OPT-170)
Information: Changed wire load model for 'pparch' from '(none)' to 'Small'. (OPT-170)
Information: Changed wire load model for 'alt1' from '(none)' to 'Small'. (OPT-170)
Information: Changed wire load model for 'pparch' from '(none)' to 'Small'. (OPT-170)
Information: Changed wire load model for 'alt1' from '(none)' to 'Small'. (OPT-170)
Information: Changed wire load model for 'pparch' from '(none)' to 'Small'. (OPT-170)
Information: Changed wire load model for 'alt1' from '(none)' to 'Small'. (OPT-170)
Information: Changed wire load model for 'pparch' from '(none)' to 'Small'. (OPT-170)
Information: Changed wire load model for 'alt1' from '(none)' to 'Small'. (OPT-170)
Information: Changed wire load model for 'pparch' from '(none)' to 'Small'. (OPT-170)
Information: Changed wire load model for 'alt1' from '(none)' to 'Small'. (OPT-170)
Information: Changed wire load model for 'pparch' from '(none)' to 'Small'. (OPT-170)
Information: Changed wire load model for 'alt1' from '(none)' to 'Small'. (OPT-170)
Information: Changed wire load model for 'pparch' from '(none)' to 'Small'. (OPT-170)
Information: Changed wire load model for 'alt1' from '(none)' to 'Small'. (OPT-170)
Information: Changed wire load model for 'pparch' from '(none)' to 'Small'. (OPT-170)
Information: Changed wire load model for 'alt1' from '(none)' to 'Small'. (OPT-170)
Information: Changed wire load model for 'pparch' from '(none)' to 'Small'. (OPT-170)
Information: Changed wire load model for 'alt1' from '(none)' to 'Small'. (OPT-170)
Information: Changed wire load model for 'pparch' from '(none)' to 'Small'. (OPT-170)
Information: Changed wire load model for 'alt1' from '(none)' to 'Small'. (OPT-170)
Information: Changed wire load model for 'pparch' from '(none)' to 'Small'. (OPT-170)
Information: Changed wire load model for 'alt1' from '(none)' to 'Small'. (OPT-170)
Information: Changed wire load model for 'pparch' from '(none)' to 'Small'. (OPT-170)
Information: Changed wire load model for 'alt1' from '(none)' to 'Small'. (OPT-170)
Information: Changed wire load model for 'pparch' from '(none)' to 'Small'. (OPT-170)
Information: Changed wire load model for 'alt1' from '(none)' to 'Small'. (OPT-170)
Information: Changed wire load model for 'pparch' from '(none)' to 'Small'. (OPT-170)
Information: Changed wire load model for 'alt1' from '(none)' to 'Small'. (OPT-170)
Information: Changed wire load model for 'pparch' from '(none)' to 'Small'. (OPT-170)
Information: Changed wire load model for 'alt1' from '(none)' to 'Small'. (OPT-170)
Information: Changed wire load model for 'pparch' from '(none)' to 'Small'. (OPT-170)
Information: Changed wire load model for 'alt1' from '(none)' to 'Small'. (OPT-170)
Information: Changed wire load model for 'pparch' from '(none)' to 'Small'. (OPT-170)
Information: Changed wire load model for 'alt1' from '(none)' to 'Small'. (OPT-170)
Information: Changed wire load model for 'pparch' from '(none)' to 'Small'. (OPT-170)
Information: Changed wire load model for 'alt1' from '(none)' to 'Small'. (OPT-170)
Information: Changed wire load model for 'pparch' from '(none)' to 'Small'. (OPT-170)
Information: Changed wire load model for 'alt1' from '(none)' to 'Small'. (OPT-170)
Information: Changed wire load model for 'pparch' from '(none)' to 'Small'. (OPT-170)
Information: Changed wire load model for 'alt1' from '(none)' to 'Small'. (OPT-170)
Information: Changed wire load model for 'pparch' from '(none)' to 'Small'. (OPT-170)
Information: Changed wire load model for 'alt1' from '(none)' to 'Small'. (OPT-170)
Information: Changed wire load model for 'pparch' from '(none)' to 'Small'. (OPT-170)
Information: Changed wire load model for 'alt1' from '(none)' to 'Small'. (OPT-170)
Information: Changed wire load model for 'pparch' from '(none)' to 'Small'. (OPT-170)
Information: Changed wire load model for 'alt1' from '(none)' to 'Small'. (OPT-170)
Information: Changed wire load model for 'pparch' from '(none)' to 'Small'. (OPT-170)
Information: Changed wire load model for 'alt1' from '(none)' to 'Small'. (OPT-170)
Information: Changed wire load model for 'pparch' from '(none)' to 'Small'. (OPT-170)
Information: Changed wire load model for 'alt1' from '(none)' to 'Small'. (OPT-170)
Information: Changed wire load model for 'pparch' from '(none)' to 'Small'. (OPT-170)
Information: Changed wire load model for 'alt1' from '(none)' to 'Small'. (OPT-170)
Information: Changed wire load model for 'pparch' from '(none)' to 'Small'. (OPT-170)
Information: Changed wire load model for 'alt1' from '(none)' to 'Small'. (OPT-170)
Information: Changed wire load model for 'pparch' from '(none)' to 'Small'. (OPT-170)
Information: Changed wire load model for 'alt1' from '(none)' to 'Small'. (OPT-170)
Information: Changed wire load model for 'pparch' from '(none)' to 'Small'. (OPT-170)
Information: Changed wire load model for 'alt1' from '(none)' to 'Small'. (OPT-170)
Information: Changed wire load model for 'pparch' from '(none)' to 'Small'. (OPT-170)
Information: Changed wire load model for 'alt1' from '(none)' to 'Small'. (OPT-170)
Information: Changed wire load model for 'pparch' from '(none)' to 'Small'. (OPT-170)
Information: Changed wire load model for 'alt1' from '(none)' to 'Small'. (OPT-170)
Information: Changed wire load model for 'pparch' from '(none)' to 'Small'. (OPT-170)
Information: Changed wire load model for 'alt1' from '(none)' to 'Small'. (OPT-170)
Information: Changed wire load model for 'pparch' from '(none)' to 'Small'. (OPT-170)
Information: Changed wire load model for 'alt1' from '(none)' to 'Small'. (OPT-170)
Information: Changed wire load model for 'pparch' from '(none)' to 'Small'. (OPT-170)
Information: Changed wire load model for 'alt1' from '(none)' to 'Small'. (OPT-170)
Information: Changed wire load model for 'pparch' from '(none)' to 'Small'. (OPT-170)
Information: Changed wire load model for 'alt1' from '(none)' to 'Small'. (OPT-170)
Information: Changed wire load model for 'pparch' from '(none)' to 'Small'. (OPT-170)
Information: Changed wire load model for 'alt1' from '(none)' to 'Small'. (OPT-170)
Information: Changed wire load model for 'pparch' from '(none)' to 'Small'. (OPT-170)
Information: Changed wire load model for 'alt1' from '(none)' to 'Small'. (OPT-170)
Information: Changed wire load model for 'pparch' from '(none)' to 'Small'. (OPT-170)
Information: Changed wire load model for 'alt1' from '(none)' to 'Small'. (OPT-170)
Information: Changed wire load model for 'pparch' from '(none)' to 'Small'. (OPT-170)
Information: Changed wire load model for 'alt1' from '(none)' to 'Small'. (OPT-170)
Information: Changed wire load model for 'pparch' from '(none)' to 'Small'. (OPT-170)
Information: Changed wire load model for 'alt1' from '(none)' to 'Small'. (OPT-170)
Information: Changed wire load model for 'pparch' from '(none)' to 'Small'. (OPT-170)
Information: Changed wire load model for 'alt1' from '(none)' to 'Small'. (OPT-170)
Information: Changed wire load model for 'pparch' from '(none)' to 'Small'. (OPT-170)
Information: Changed wire load model for 'alt1' from '(none)' to 'Small'. (OPT-170)
Information: Changed wire load model for 'pparch' from '(none)' to 'Small'. (OPT-170)
Information: Changed wire load model for 'alt1' from '(none)' to 'Small'. (OPT-170)
Information: Changed wire load model for 'pparch' from '(none)' to 'Small'. (OPT-170)
Information: Changed wire load model for 'alt1' from '(none)' to 'Small'. (OPT-170)
Information: Changed wire load model for 'pparch' from '(none)' to 'Small'. (OPT-170)
Information: Changed wire load model for 'alt1' from '(none)' to 'Small'. (OPT-170)
Information: Changed wire load model for 'pparch' from '(none)' to 'Small'. (OPT-170)
Information: Changed wire load model for 'alt1' from '(none)' to 'Small'. (OPT-170)
Information: Changed wire load model for 'pparch' from '(none)' to 'Small'. (OPT-170)
Information: Changed wire load model for 'alt1' from '(none)' to 'Small'. (OPT-170)
Information: Changed wire load model for 'pparch' from '(none)' to 'Small'. (OPT-170)
Information: Changed wire load model for 'alt1' from '(none)' to 'Small'. (OPT-170)
Information: Changed wire load model for 'pparch' from '(none)' to 'Small'. (OPT-170)
Information: Changed wire load model for 'alt1' from '(none)' to 'Small'. (OPT-170)
Information: Changed wire load model for 'pparch' from '(none)' to 'Small'. (OPT-170)
Information: Changed wire load model for 'alt1' from '(none)' to 'Small'. (OPT-170)
Information: Changed wire load model for 'pparch' from '(none)' to 'Small'. (OPT-170)
Information: Changed wire load model for 'alt1' from '(none)' to 'Small'. (OPT-170)
Information: Changed wire load model for 'pparch' from '(none)' to 'Small'. (OPT-170)
Information: Changed wire load model for 'alt1' from '(none)' to 'Small'. (OPT-170)
Information: Changed wire load model for 'pparch' from '(none)' to 'Small'. (OPT-170)
Information: Changed wire load model for 'alt1' from '(none)' to 'Small'. (OPT-170)
Information: Changed wire load model for 'pparch' from '(none)' to 'Small'. (OPT-170)
Information: Changed wire load model for 'alt1' from '(none)' to 'Small'. (OPT-170)
Information: Changed wire load model for 'pparch' from '(none)' to 'Small'. (OPT-170)
Information: Changed wire load model for 'alt1' from '(none)' to 'Small'. (OPT-170)
Information: Changed wire load model for 'pparch' from '(none)' to 'Small'. (OPT-170)
Information: Changed wire load model for 'alt1' from '(none)' to 'Small'. (OPT-170)
Information: Changed wire load model for 'pparch' from '(none)' to 'Small'. (OPT-170)
Information: Changed wire load model for 'alt1' from '(none)' to 'Small'. (OPT-170)
Information: Changed wire load model for 'pparch' from '(none)' to 'Small'. (OPT-170)
Information: Changed wire load model for 'alt1' from '(none)' to 'Small'. (OPT-170)
Information: Changed wire load model for 'pparch' from '(none)' to 'Small'. (OPT-170)
Information: Changed wire load model for 'alt1' from '(none)' to 'Small'. (OPT-170)
Information: Changed wire load model for 'pparch' from '(none)' to 'Small'. (OPT-170)
Information: Changed wire load model for 'alt1' from '(none)' to 'Small'. (OPT-170)
Information: Changed wire load model for 'pparch' from '(none)' to 'Small'. (OPT-170)
Information: Changed wire load model for 'alt1' from '(none)' to 'Small'. (OPT-170)
Information: Changed wire load model for 'pparch' from '(none)' to 'Small'. (OPT-170)
Information: Changed wire load model for 'alt1' from '(none)' to 'Small'. (OPT-170)
Information: Changed wire load model for 'pparch' from '(none)' to 'Small'. (OPT-170)
Information: Changed wire load model for 'alt1' from '(none)' to 'Small'. (OPT-170)
Information: Changed wire load model for 'pparch' from '(none)' to 'Small'. (OPT-170)
Information: Changed wire load model for 'alt1' from '(none)' to 'Small'. (OPT-170)
Information: Changed wire load model for 'pparch' from '(none)' to 'Small'. (OPT-170)
Information: Changed wire load model for 'alt1' from '(none)' to 'Small'. (OPT-170)
Information: Changed wire load model for 'pparch' from '(none)' to 'Small'. (OPT-170)
Information: Changed wire load model for 'alt1' from '(none)' to 'Small'. (OPT-170)
Information: Changed wire load model for 'pparch' from '(none)' to 'Small'. (OPT-170)
Information: Changed wire load model for 'alt1' from '(none)' to 'Small'. (OPT-170)
Information: Changed wire load model for 'pparch' from '(none)' to 'Small'. (OPT-170)
Information: Changed wire load model for 'alt1' from '(none)' to 'Small'. (OPT-170)
Information: Changed wire load model for 'pparch' from '(none)' to 'Small'. (OPT-170)
Information: Changed wire load model for 'alt1' from '(none)' to 'Small'. (OPT-170)
Information: Changed wire load model for 'pparch' from '(none)' to 'Small'. (OPT-170)
Information: Changed wire load model for 'alt1' from '(none)' to 'Small'. (OPT-170)
Information: Changed wire load model for 'pparch' from '(none)' to 'Small'. (OPT-170)
Information: Changed wire load model for 'alt1' from '(none)' to 'Small'. (OPT-170)
Information: Changed wire load model for 'pparch' from '(none)' to 'Small'. (OPT-170)
Information: Changed wire load model for 'alt1' from '(none)' to 'Small'. (OPT-170)
Information: Changed wire load model for 'pparch' from '(none)' to 'Small'. (OPT-170)
Information: Changed wire load model for 'alt1' from '(none)' to 'Small'. (OPT-170)
Information: Changed wire load model for 'pparch' from '(none)' to 'Small'. (OPT-170)
Information: Changed wire load model for 'alt1' from '(none)' to 'Small'. (OPT-170)
Information: Changed wire load model for 'pparch' from '(none)' to 'Small'. (OPT-170)
Information: Changed wire load model for 'alt1' from '(none)' to 'Small'. (OPT-170)
Information: Changed wire load model for 'pparch' from '(none)' to 'Small'. (OPT-170)
Information: Changed wire load model for 'alt1' from '(none)' to 'Small'. (OPT-170)
Information: Changed wire load model for 'pparch' from '(none)' to 'Small'. (OPT-170)
Information: Changed wire load model for 'alt1' from '(none)' to 'Small'. (OPT-170)
Information: Changed wire load model for 'pparch' from '(none)' to 'Small'. (OPT-170)
Information: Changed wire load model for 'alt1' from '(none)' to 'Small'. (OPT-170)
Information: Changed wire load model for 'pparch' from '(none)' to 'Small'. (OPT-170)
Information: Changed wire load model for 'alt1' from '(none)' to 'Small'. (OPT-170)
Information: Changed wire load model for 'pparch' from '(none)' to 'Small'. (OPT-170)
Information: Changed wire load model for 'alt1' from '(none)' to 'Small'. (OPT-170)
Information: Changed wire load model for 'pparch' from '(none)' to 'Small'. (OPT-170)
Information: Changed wire load model for 'alt1' from '(none)' to 'Small'. (OPT-170)
Information: Changed wire load model for 'pparch' from '(none)' to 'Small'. (OPT-170)
Information: Changed wire load model for 'alt1' from '(none)' to 'Small'. (OPT-170)
Information: Changed wire load model for 'pparch' from '(none)' to 'Small'. (OPT-170)
Information: Changed wire load model for 'alt1' from '(none)' to 'Small'. (OPT-170)
Information: Changed wire load model for 'pparch' from '(none)' to 'Small'. (OPT-170)
Information: Changed wire load model for 'alt1' from '(none)' to 'Small'. (OPT-170)
Information: Changed wire load model for 'pparch' from '(none)' to 'Small'. (OPT-170)
Information: Changed wire load model for 'alt1' from '(none)' to 'Small'. (OPT-170)
Information: Changed wire load model for 'pparch' from '(none)' to 'Small'. (OPT-170)
Information: Changed wire load model for 'alt1' from '(none)' to 'Small'. (OPT-170)
Information: Changed wire load model for 'pparch' from '(none)' to 'Small'. (OPT-170)
Information: Changed wire load model for 'alt1' from '(none)' to 'Small'. (OPT-170)
Information: Changed wire load model for 'pparch' from '(none)' to 'Small'. (OPT-170)
Information: Changed wire load model for 'alt1' from '(none)' to 'Small'. (OPT-170)
Information: Changed wire load model for 'pparch' from '(none)' to 'Small'. (OPT-170)
Information: Changed wire load model for 'alt1' from '(none)' to 'Small'. (OPT-170)
Information: Changed wire load model for 'pparch' from '(none)' to 'Small'. (OPT-170)
Information: Changed wire load model for 'alt1' from '(none)' to 'Small'. (OPT-170)
Information: Changed wire load model for 'pparch' from '(none)' to 'Small'. (OPT-170)
Information: Changed wire load model for 'alt1' from '(none)' to 'Small'. (OPT-170)
Information: Changed wire load model for 'pparch' from '(none)' to 'Small'. (OPT-170)
Information: Changed wire load model for 'alt1' from '(none)' to 'Small'. (OPT-170)
Information: Changed wire load model for 'pparch' from '(none)' to 'Small'. (OPT-170)
Information: Changed wire load model for 'alt1' from '(none)' to 'Small'. (OPT-170)
Information: Changed wire load model for 'pparch' from '(none)' to 'Small'. (OPT-170)
Information: Changed wire load model for 'alt1' from '(none)' to 'Small'. (OPT-170)
Information: Changed wire load model for 'pparch' from '(none)' to 'Small'. (OPT-170)
Information: Changed wire load model for 'alt1' from '(none)' to 'Small'. (OPT-170)
Information: Changed wire load model for 'pparch' from '(none)' to 'Small'. (OPT-170)
Information: Changed wire load model for 'alt1' from '(none)' to 'Small'. (OPT-170)
Information: Changed wire load model for 'pparch' from '(none)' to 'Small'. (OPT-170)
Information: Changed wire load model for 'alt1' from '(none)' to 'Small'. (OPT-170)
Information: Changed wire load model for 'pparch' from '(none)' to 'Small'. (OPT-170)
Information: Changed wire load model for 'alt1' from '(none)' to 'Small'. (OPT-170)
Information: Changed wire load model for 'pparch' from '(none)' to 'Small'. (OPT-170)
  Allocating blocks in 'DW_lp_piped_fp_div_sig_width52_exp_width11_ieee_compliance0_faithful_round0_op_iso_mode0_id_width1_in_reg0_stages3_out_reg0_no_pm0_rst_mode0'
Warning: Dont_touch on net '*cell*21/*Logic0*' may be overridden by compile because it
        is connected to generic logic. Use all_connected to see net
        connections. (OPT-461)
  Allocating blocks in 'DW_fp_div_sig_width52_exp_width11_ieee_compliance0_faithful_round0'
  Allocating blocks in 'DW_lzd_a_width53'
  Allocating blocks in 'DW_lzod_a_width53_detect_10'
Information: Changed wire load model for 'alt1' from '(none)' to 'Small'. (OPT-170)
Information: Changed wire load model for 'apparch' from '(none)' to 'Small'. (OPT-170)
Information: Changed wire load model for 'alt1' from '(none)' to 'Small'. (OPT-170)
Information: Changed wire load model for 'apparch' from '(none)' to 'Small'. (OPT-170)
Information: Changed wire load model for 'alt1' from '(none)' to 'Small'. (OPT-170)
Information: Changed wire load model for 'apparch' from '(none)' to 'Small'. (OPT-170)
  Allocating blocks in 'DW_div_a_width107_b_width53_tc_mode0_rem_mode1'
Information: Changed wire load model for 'alt1' from '(none)' to 'Small'. (OPT-170)
Information: Changed wire load model for 'pparch' from '(none)' to 'Small'. (OPT-170)
Information: Changed wire load model for 'alt1' from '(none)' to 'Small'. (OPT-170)
Information: Changed wire load model for 'pparch' from '(none)' to 'Small'. (OPT-170)
Information: Changed wire load model for 'alt1' from '(none)' to 'Small'. (OPT-170)
Information: Changed wire load model for 'pparch' from '(none)' to 'Small'. (OPT-170)
Information: Changed wire load model for 'alt1' from '(none)' to 'Small'. (OPT-170)
Information: Changed wire load model for 'pparch' from '(none)' to 'Small'. (OPT-170)
Information: Changed wire load model for 'alt1' from '(none)' to 'Small'. (OPT-170)
Information: Changed wire load model for 'pparch' from '(none)' to 'Small'. (OPT-170)
Information: Changed wire load model for 'alt1' from '(none)' to 'Small'. (OPT-170)
Information: Changed wire load model for 'pparch' from '(none)' to 'Small'. (OPT-170)
Information: Changed wire load model for 'alt1' from '(none)' to 'Small'. (OPT-170)
Information: Changed wire load model for 'pparch' from '(none)' to 'Small'. (OPT-170)
Information: Changed wire load model for 'alt1' from '(none)' to 'Small'. (OPT-170)
Information: Changed wire load model for 'pparch' from '(none)' to 'Small'. (OPT-170)
Information: Changed wire load model for 'alt1' from '(none)' to 'Small'. (OPT-170)
Information: Changed wire load model for 'pparch' from '(none)' to 'Small'. (OPT-170)
Information: Changed wire load model for 'alt1' from '(none)' to 'Small'. (OPT-170)
Information: Changed wire load model for 'pparch' from '(none)' to 'Small'. (OPT-170)
Information: Changed wire load model for 'alt1' from '(none)' to 'Small'. (OPT-170)
Information: Changed wire load model for 'pparch' from '(none)' to 'Small'. (OPT-170)
Information: Changed wire load model for 'alt1' from '(none)' to 'Small'. (OPT-170)
Information: Changed wire load model for 'pparch' from '(none)' to 'Small'. (OPT-170)
Information: Changed wire load model for 'alt1' from '(none)' to 'Small'. (OPT-170)
Information: Changed wire load model for 'pparch' from '(none)' to 'Small'. (OPT-170)
Information: Changed wire load model for 'alt1' from '(none)' to 'Small'. (OPT-170)
Information: Changed wire load model for 'pparch' from '(none)' to 'Small'. (OPT-170)
Information: Changed wire load model for 'alt1' from '(none)' to 'Small'. (OPT-170)
Information: Changed wire load model for 'pparch' from '(none)' to 'Small'. (OPT-170)
Information: Changed wire load model for 'alt1' from '(none)' to 'Small'. (OPT-170)
Information: Changed wire load model for 'pparch' from '(none)' to 'Small'. (OPT-170)
Information: Changed wire load model for 'alt1' from '(none)' to 'Small'. (OPT-170)
Information: Changed wire load model for 'pparch' from '(none)' to 'Small'. (OPT-170)
Information: Changed wire load model for 'alt1' from '(none)' to 'Small'. (OPT-170)
Information: Changed wire load model for 'pparch' from '(none)' to 'Small'. (OPT-170)
Information: Changed wire load model for 'alt1' from '(none)' to 'Small'. (OPT-170)
Information: Changed wire load model for 'pparch' from '(none)' to 'Small'. (OPT-170)
Information: Changed wire load model for 'alt1' from '(none)' to 'Small'. (OPT-170)
Information: Changed wire load model for 'pparch' from '(none)' to 'Small'. (OPT-170)
Information: Changed wire load model for 'alt1' from '(none)' to 'Small'. (OPT-170)
Information: Changed wire load model for 'pparch' from '(none)' to 'Small'. (OPT-170)
Information: Changed wire load model for 'alt1' from '(none)' to 'Small'. (OPT-170)
Information: Changed wire load model for 'pparch' from '(none)' to 'Small'. (OPT-170)
Information: Changed wire load model for 'alt1' from '(none)' to 'Small'. (OPT-170)
Information: Changed wire load model for 'pparch' from '(none)' to 'Small'. (OPT-170)
Information: Changed wire load model for 'alt1' from '(none)' to 'Small'. (OPT-170)
Information: Changed wire load model for 'pparch' from '(none)' to 'Small'. (OPT-170)
Information: Changed wire load model for 'alt1' from '(none)' to 'Small'. (OPT-170)
Information: Changed wire load model for 'pparch' from '(none)' to 'Small'. (OPT-170)
Information: Changed wire load model for 'alt1' from '(none)' to 'Small'. (OPT-170)
Information: Changed wire load model for 'pparch' from '(none)' to 'Small'. (OPT-170)
Information: Changed wire load model for 'alt1' from '(none)' to 'Small'. (OPT-170)
Information: Changed wire load model for 'pparch' from '(none)' to 'Small'. (OPT-170)
Information: Changed wire load model for 'alt1' from '(none)' to 'Small'. (OPT-170)
Information: Changed wire load model for 'pparch' from '(none)' to 'Small'. (OPT-170)
Information: Changed wire load model for 'alt1' from '(none)' to 'Small'. (OPT-170)
Information: Changed wire load model for 'pparch' from '(none)' to 'Small'. (OPT-170)
Information: Changed wire load model for 'alt1' from '(none)' to 'Small'. (OPT-170)
Information: Changed wire load model for 'pparch' from '(none)' to 'Small'. (OPT-170)
Information: Changed wire load model for 'alt1' from '(none)' to 'Small'. (OPT-170)
Information: Changed wire load model for 'pparch' from '(none)' to 'Small'. (OPT-170)
Information: Changed wire load model for 'alt1' from '(none)' to 'Small'. (OPT-170)
Information: Changed wire load model for 'pparch' from '(none)' to 'Small'. (OPT-170)
Information: Changed wire load model for 'alt1' from '(none)' to 'Small'. (OPT-170)
Information: Changed wire load model for 'pparch' from '(none)' to 'Small'. (OPT-170)
Information: Changed wire load model for 'alt1' from '(none)' to 'Small'. (OPT-170)
Information: Changed wire load model for 'pparch' from '(none)' to 'Small'. (OPT-170)
Information: Changed wire load model for 'alt1' from '(none)' to 'Small'. (OPT-170)
Information: Changed wire load model for 'pparch' from '(none)' to 'Small'. (OPT-170)
Information: Changed wire load model for 'alt1' from '(none)' to 'Small'. (OPT-170)
Information: Changed wire load model for 'pparch' from '(none)' to 'Small'. (OPT-170)
Information: Changed wire load model for 'alt1' from '(none)' to 'Small'. (OPT-170)
Information: Changed wire load model for 'pparch' from '(none)' to 'Small'. (OPT-170)
Information: Changed wire load model for 'alt1' from '(none)' to 'Small'. (OPT-170)
Information: Changed wire load model for 'pparch' from '(none)' to 'Small'. (OPT-170)
Information: Changed wire load model for 'alt1' from '(none)' to 'Small'. (OPT-170)
Information: Changed wire load model for 'pparch' from '(none)' to 'Small'. (OPT-170)
Information: Changed wire load model for 'alt1' from '(none)' to 'Small'. (OPT-170)
Information: Changed wire load model for 'pparch' from '(none)' to 'Small'. (OPT-170)
Information: Changed wire load model for 'alt1' from '(none)' to 'Small'. (OPT-170)
Information: Changed wire load model for 'pparch' from '(none)' to 'Small'. (OPT-170)
Information: Changed wire load model for 'alt1' from '(none)' to 'Small'. (OPT-170)
Information: Changed wire load model for 'pparch' from '(none)' to 'Small'. (OPT-170)
Information: Changed wire load model for 'alt1' from '(none)' to 'Small'. (OPT-170)
Information: Changed wire load model for 'pparch' from '(none)' to 'Small'. (OPT-170)
Information: Changed wire load model for 'alt1' from '(none)' to 'Small'. (OPT-170)
Information: Changed wire load model for 'pparch' from '(none)' to 'Small'. (OPT-170)
Information: Changed wire load model for 'alt1' from '(none)' to 'Small'. (OPT-170)
Information: Changed wire load model for 'pparch' from '(none)' to 'Small'. (OPT-170)
Information: Changed wire load model for 'alt1' from '(none)' to 'Small'. (OPT-170)
Information: Changed wire load model for 'pparch' from '(none)' to 'Small'. (OPT-170)
Information: Changed wire load model for 'alt1' from '(none)' to 'Small'. (OPT-170)
Information: Changed wire load model for 'pparch' from '(none)' to 'Small'. (OPT-170)
Information: Changed wire load model for 'alt1' from '(none)' to 'Small'. (OPT-170)
Information: Changed wire load model for 'pparch' from '(none)' to 'Small'. (OPT-170)
Information: Changed wire load model for 'alt1' from '(none)' to 'Small'. (OPT-170)
Information: Changed wire load model for 'pparch' from '(none)' to 'Small'. (OPT-170)
Information: Changed wire load model for 'alt1' from '(none)' to 'Small'. (OPT-170)
Information: Changed wire load model for 'pparch' from '(none)' to 'Small'. (OPT-170)
Information: Changed wire load model for 'alt1' from '(none)' to 'Small'. (OPT-170)
Information: Changed wire load model for 'pparch' from '(none)' to 'Small'. (OPT-170)
Information: Changed wire load model for 'alt1' from '(none)' to 'Small'. (OPT-170)
Information: Changed wire load model for 'pparch' from '(none)' to 'Small'. (OPT-170)
Information: Changed wire load model for 'alt1' from '(none)' to 'Small'. (OPT-170)
Information: Changed wire load model for 'pparch' from '(none)' to 'Small'. (OPT-170)
Information: Changed wire load model for 'alt1' from '(none)' to 'Small'. (OPT-170)
Information: Changed wire load model for 'pparch' from '(none)' to 'Small'. (OPT-170)
Information: Changed wire load model for 'alt1' from '(none)' to 'Small'. (OPT-170)
Information: Changed wire load model for 'pparch' from '(none)' to 'Small'. (OPT-170)
Information: Changed wire load model for 'alt1' from '(none)' to 'Small'. (OPT-170)
Information: Changed wire load model for 'pparch' from '(none)' to 'Small'. (OPT-170)
Information: Changed wire load model for 'alt1' from '(none)' to 'Small'. (OPT-170)
Information: Changed wire load model for 'pparch' from '(none)' to 'Small'. (OPT-170)
Information: Changed wire load model for 'alt1' from '(none)' to 'Small'. (OPT-170)
Information: Changed wire load model for 'pparch' from '(none)' to 'Small'. (OPT-170)
Information: Changed wire load model for 'alt1' from '(none)' to 'Small'. (OPT-170)
Information: Changed wire load model for 'pparch' from '(none)' to 'Small'. (OPT-170)
Information: Changed wire load model for 'alt1' from '(none)' to 'Small'. (OPT-170)
Information: Changed wire load model for 'pparch' from '(none)' to 'Small'. (OPT-170)
Information: Changed wire load model for 'alt1' from '(none)' to 'Small'. (OPT-170)
Information: Changed wire load model for 'pparch' from '(none)' to 'Small'. (OPT-170)
Information: Changed wire load model for 'alt1' from '(none)' to 'Small'. (OPT-170)
Information: Changed wire load model for 'pparch' from '(none)' to 'Small'. (OPT-170)
Information: Changed wire load model for 'alt1' from '(none)' to 'Small'. (OPT-170)
Information: Changed wire load model for 'pparch' from '(none)' to 'Small'. (OPT-170)
Information: Changed wire load model for 'alt1' from '(none)' to 'Small'. (OPT-170)
Information: Changed wire load model for 'pparch' from '(none)' to 'Small'. (OPT-170)
Information: Changed wire load model for 'alt1' from '(none)' to 'Small'. (OPT-170)
Information: Changed wire load model for 'pparch' from '(none)' to 'Small'. (OPT-170)
Information: Changed wire load model for 'alt1' from '(none)' to 'Small'. (OPT-170)
Information: Changed wire load model for 'pparch' from '(none)' to 'Small'. (OPT-170)
Information: Changed wire load model for 'alt1' from '(none)' to 'Small'. (OPT-170)
Information: Changed wire load model for 'pparch' from '(none)' to 'Small'. (OPT-170)
Information: Changed wire load model for 'alt1' from '(none)' to 'Small'. (OPT-170)
Information: Changed wire load model for 'pparch' from '(none)' to 'Small'. (OPT-170)
Information: Changed wire load model for 'alt1' from '(none)' to 'Small'. (OPT-170)
Information: Changed wire load model for 'pparch' from '(none)' to 'Small'. (OPT-170)
Information: Changed wire load model for 'alt1' from '(none)' to 'Small'. (OPT-170)
Information: Changed wire load model for 'pparch' from '(none)' to 'Small'. (OPT-170)
Information: Changed wire load model for 'alt1' from '(none)' to 'Small'. (OPT-170)
Information: Changed wire load model for 'pparch' from '(none)' to 'Small'. (OPT-170)
Information: Changed wire load model for 'alt1' from '(none)' to 'Small'. (OPT-170)
Information: Changed wire load model for 'pparch' from '(none)' to 'Small'. (OPT-170)
Information: Changed wire load model for 'alt1' from '(none)' to 'Small'. (OPT-170)
Information: Changed wire load model for 'pparch' from '(none)' to 'Small'. (OPT-170)
Information: Changed wire load model for 'alt1' from '(none)' to 'Small'. (OPT-170)
Information: Changed wire load model for 'pparch' from '(none)' to 'Small'. (OPT-170)
Information: Changed wire load model for 'alt1' from '(none)' to 'Small'. (OPT-170)
Information: Changed wire load model for 'pparch' from '(none)' to 'Small'. (OPT-170)
Information: Changed wire load model for 'alt1' from '(none)' to 'Small'. (OPT-170)
Information: Changed wire load model for 'pparch' from '(none)' to 'Small'. (OPT-170)
Information: Changed wire load model for 'alt1' from '(none)' to 'Small'. (OPT-170)
Information: Changed wire load model for 'pparch' from '(none)' to 'Small'. (OPT-170)
Information: Changed wire load model for 'alt1' from '(none)' to 'Small'. (OPT-170)
Information: Changed wire load model for 'pparch' from '(none)' to 'Small'. (OPT-170)
Information: Changed wire load model for 'alt1' from '(none)' to 'Small'. (OPT-170)
Information: Changed wire load model for 'pparch' from '(none)' to 'Small'. (OPT-170)
Information: Changed wire load model for 'alt1' from '(none)' to 'Small'. (OPT-170)
Information: Changed wire load model for 'pparch' from '(none)' to 'Small'. (OPT-170)
Information: Changed wire load model for 'alt1' from '(none)' to 'Small'. (OPT-170)
Information: Changed wire load model for 'pparch' from '(none)' to 'Small'. (OPT-170)
Information: Changed wire load model for 'alt1' from '(none)' to 'Small'. (OPT-170)
Information: Changed wire load model for 'pparch' from '(none)' to 'Small'. (OPT-170)
Information: Changed wire load model for 'alt1' from '(none)' to 'Small'. (OPT-170)
Information: Changed wire load model for 'pparch' from '(none)' to 'Small'. (OPT-170)
Information: Changed wire load model for 'alt1' from '(none)' to 'Small'. (OPT-170)
Information: Changed wire load model for 'pparch' from '(none)' to 'Small'. (OPT-170)
Information: Changed wire load model for 'alt1' from '(none)' to 'Small'. (OPT-170)
Information: Changed wire load model for 'pparch' from '(none)' to 'Small'. (OPT-170)
Information: Changed wire load model for 'alt1' from '(none)' to 'Small'. (OPT-170)
Information: Changed wire load model for 'pparch' from '(none)' to 'Small'. (OPT-170)
Information: Changed wire load model for 'alt1' from '(none)' to 'Small'. (OPT-170)
Information: Changed wire load model for 'pparch' from '(none)' to 'Small'. (OPT-170)
Information: Changed wire load model for 'alt1' from '(none)' to 'Small'. (OPT-170)
Information: Changed wire load model for 'pparch' from '(none)' to 'Small'. (OPT-170)
Information: Changed wire load model for 'alt1' from '(none)' to 'Small'. (OPT-170)
Information: Changed wire load model for 'pparch' from '(none)' to 'Small'. (OPT-170)
Information: Changed wire load model for 'alt1' from '(none)' to 'Small'. (OPT-170)
Information: Changed wire load model for 'pparch' from '(none)' to 'Small'. (OPT-170)
Information: Changed wire load model for 'alt1' from '(none)' to 'Small'. (OPT-170)
Information: Changed wire load model for 'pparch' from '(none)' to 'Small'. (OPT-170)
Information: Changed wire load model for 'alt1' from '(none)' to 'Small'. (OPT-170)
Information: Changed wire load model for 'pparch' from '(none)' to 'Small'. (OPT-170)
Information: Changed wire load model for 'alt1' from '(none)' to 'Small'. (OPT-170)
Information: Changed wire load model for 'pparch' from '(none)' to 'Small'. (OPT-170)
Information: Changed wire load model for 'alt1' from '(none)' to 'Small'. (OPT-170)
Information: Changed wire load model for 'pparch' from '(none)' to 'Small'. (OPT-170)
Information: Changed wire load model for 'alt1' from '(none)' to 'Small'. (OPT-170)
Information: Changed wire load model for 'pparch' from '(none)' to 'Small'. (OPT-170)
Information: Changed wire load model for 'alt1' from '(none)' to 'Small'. (OPT-170)
Information: Changed wire load model for 'pparch' from '(none)' to 'Small'. (OPT-170)
Information: Changed wire load model for 'alt1' from '(none)' to 'Small'. (OPT-170)
Information: Changed wire load model for 'pparch' from '(none)' to 'Small'. (OPT-170)
Information: Changed wire load model for 'alt1' from '(none)' to 'Small'. (OPT-170)
Information: Changed wire load model for 'pparch' from '(none)' to 'Small'. (OPT-170)
Information: Changed wire load model for 'alt1' from '(none)' to 'Small'. (OPT-170)
Information: Changed wire load model for 'pparch' from '(none)' to 'Small'. (OPT-170)
Information: Changed wire load model for 'alt1' from '(none)' to 'Small'. (OPT-170)
Information: Changed wire load model for 'pparch' from '(none)' to 'Small'. (OPT-170)
Information: Changed wire load model for 'alt1' from '(none)' to 'Small'. (OPT-170)
Information: Changed wire load model for 'pparch' from '(none)' to 'Small'. (OPT-170)
Information: Changed wire load model for 'alt1' from '(none)' to 'Small'. (OPT-170)
Information: Changed wire load model for 'pparch' from '(none)' to 'Small'. (OPT-170)
Information: Changed wire load model for 'alt1' from '(none)' to 'Small'. (OPT-170)
Information: Changed wire load model for 'pparch' from '(none)' to 'Small'. (OPT-170)
Information: Changed wire load model for 'alt1' from '(none)' to 'Small'. (OPT-170)
Information: Changed wire load model for 'pparch' from '(none)' to 'Small'. (OPT-170)
Information: Changed wire load model for 'alt1' from '(none)' to 'Small'. (OPT-170)
Information: Changed wire load model for 'pparch' from '(none)' to 'Small'. (OPT-170)
Information: Changed wire load model for 'alt1' from '(none)' to 'Small'. (OPT-170)
Information: Changed wire load model for 'pparch' from '(none)' to 'Small'. (OPT-170)
Information: Changed wire load model for 'alt1' from '(none)' to 'Small'. (OPT-170)
Information: Changed wire load model for 'pparch' from '(none)' to 'Small'. (OPT-170)
Information: Changed wire load model for 'alt1' from '(none)' to 'Small'. (OPT-170)
Information: Changed wire load model for 'pparch' from '(none)' to 'Small'. (OPT-170)
Information: Changed wire load model for 'alt1' from '(none)' to 'Small'. (OPT-170)
Information: Changed wire load model for 'pparch' from '(none)' to 'Small'. (OPT-170)
Information: Changed wire load model for 'alt1' from '(none)' to 'Small'. (OPT-170)
Information: Changed wire load model for 'pparch' from '(none)' to 'Small'. (OPT-170)
Information: Changed wire load model for 'alt1' from '(none)' to 'Small'. (OPT-170)
Information: Changed wire load model for 'pparch' from '(none)' to 'Small'. (OPT-170)
Information: Changed wire load model for 'alt1' from '(none)' to 'Small'. (OPT-170)
Information: Changed wire load model for 'pparch' from '(none)' to 'Small'. (OPT-170)
Information: Changed wire load model for 'alt1' from '(none)' to 'Small'. (OPT-170)
Information: Changed wire load model for 'pparch' from '(none)' to 'Small'. (OPT-170)
Information: Changed wire load model for 'alt1' from '(none)' to 'Small'. (OPT-170)
Information: Changed wire load model for 'pparch' from '(none)' to 'Small'. (OPT-170)
Information: Changed wire load model for 'alt1' from '(none)' to 'Small'. (OPT-170)
Information: Changed wire load model for 'pparch' from '(none)' to 'Small'. (OPT-170)
Information: Changed wire load model for 'alt1' from '(none)' to 'Small'. (OPT-170)
Information: Changed wire load model for 'pparch' from '(none)' to 'Small'. (OPT-170)
Information: Changed wire load model for 'alt1' from '(none)' to 'Small'. (OPT-170)
Information: Changed wire load model for 'pparch' from '(none)' to 'Small'. (OPT-170)
Information: Changed wire load model for 'alt1' from '(none)' to 'Small'. (OPT-170)
Information: Changed wire load model for 'pparch' from '(none)' to 'Small'. (OPT-170)
Information: Changed wire load model for 'alt1' from '(none)' to 'Small'. (OPT-170)
Information: Changed wire load model for 'pparch' from '(none)' to 'Small'. (OPT-170)
Information: Changed wire load model for 'alt1' from '(none)' to 'Small'. (OPT-170)
Information: Changed wire load model for 'pparch' from '(none)' to 'Small'. (OPT-170)
Information: Changed wire load model for 'alt1' from '(none)' to 'Small'. (OPT-170)
Information: Changed wire load model for 'pparch' from '(none)' to 'Small'. (OPT-170)
Information: Changed wire load model for 'alt1' from '(none)' to 'Small'. (OPT-170)
Information: Changed wire load model for 'pparch' from '(none)' to 'Small'. (OPT-170)
Information: Changed wire load model for 'alt1' from '(none)' to 'Small'. (OPT-170)
Information: Changed wire load model for 'pparch' from '(none)' to 'Small'. (OPT-170)
Information: Changed wire load model for 'alt1' from '(none)' to 'Small'. (OPT-170)
Information: Changed wire load model for 'pparch' from '(none)' to 'Small'. (OPT-170)
Information: Changed wire load model for 'alt1' from '(none)' to 'Small'. (OPT-170)
Information: Changed wire load model for 'pparch' from '(none)' to 'Small'. (OPT-170)
Information: Changed wire load model for 'alt1' from '(none)' to 'Small'. (OPT-170)
Information: Changed wire load model for 'pparch' from '(none)' to 'Small'. (OPT-170)
Information: Changed wire load model for 'alt1' from '(none)' to 'Small'. (OPT-170)
Information: Changed wire load model for 'pparch' from '(none)' to 'Small'. (OPT-170)
Information: Changed wire load model for 'alt1' from '(none)' to 'Small'. (OPT-170)
Information: Changed wire load model for 'pparch' from '(none)' to 'Small'. (OPT-170)
Information: Changed wire load model for 'alt1' from '(none)' to 'Small'. (OPT-170)
Information: Changed wire load model for 'pparch' from '(none)' to 'Small'. (OPT-170)
Information: Changed wire load model for 'alt1' from '(none)' to 'Small'. (OPT-170)
Information: Changed wire load model for 'pparch' from '(none)' to 'Small'. (OPT-170)
Information: Changed wire load model for 'alt1' from '(none)' to 'Small'. (OPT-170)
Information: Changed wire load model for 'pparch' from '(none)' to 'Small'. (OPT-170)
Information: Changed wire load model for 'alt1' from '(none)' to 'Small'. (OPT-170)
Information: Changed wire load model for 'pparch' from '(none)' to 'Small'. (OPT-170)
Information: Changed wire load model for 'alt1' from '(none)' to 'Small'. (OPT-170)
Information: Changed wire load model for 'pparch' from '(none)' to 'Small'. (OPT-170)
Information: Changed wire load model for 'alt1' from '(none)' to 'Small'. (OPT-170)
Information: Changed wire load model for 'pparch' from '(none)' to 'Small'. (OPT-170)
Information: Changed wire load model for 'alt1' from '(none)' to 'Small'. (OPT-170)
Information: Changed wire load model for 'pparch' from '(none)' to 'Small'. (OPT-170)
Information: Changed wire load model for 'alt1' from '(none)' to 'Small'. (OPT-170)
Information: Changed wire load model for 'pparch' from '(none)' to 'Small'. (OPT-170)
Information: Changed wire load model for 'alt1' from '(none)' to 'Small'. (OPT-170)
Information: Changed wire load model for 'pparch' from '(none)' to 'Small'. (OPT-170)
Information: Changed wire load model for 'alt1' from '(none)' to 'Small'. (OPT-170)
Information: Changed wire load model for 'pparch' from '(none)' to 'Small'. (OPT-170)
Information: Changed wire load model for 'alt1' from '(none)' to 'Small'. (OPT-170)
Information: Changed wire load model for 'pparch' from '(none)' to 'Small'. (OPT-170)
Information: Changed wire load model for 'alt1' from '(none)' to 'Small'. (OPT-170)
Information: Changed wire load model for 'pparch' from '(none)' to 'Small'. (OPT-170)
Information: Changed wire load model for 'alt1' from '(none)' to 'Small'. (OPT-170)
Information: Changed wire load model for 'pparch' from '(none)' to 'Small'. (OPT-170)
Information: Changed wire load model for 'alt1' from '(none)' to 'Small'. (OPT-170)
Information: Changed wire load model for 'pparch' from '(none)' to 'Small'. (OPT-170)
Information: Changed wire load model for 'alt1' from '(none)' to 'Small'. (OPT-170)
Information: Changed wire load model for 'pparch' from '(none)' to 'Small'. (OPT-170)
Information: Changed wire load model for 'alt1' from '(none)' to 'Small'. (OPT-170)
Information: Changed wire load model for 'pparch' from '(none)' to 'Small'. (OPT-170)
Information: Changed wire load model for 'alt1' from '(none)' to 'Small'. (OPT-170)
Information: Changed wire load model for 'pparch' from '(none)' to 'Small'. (OPT-170)
Information: Changed wire load model for 'alt1' from '(none)' to 'Small'. (OPT-170)
Information: Changed wire load model for 'pparch' from '(none)' to 'Small'. (OPT-170)
Information: Changed wire load model for 'alt1' from '(none)' to 'Small'. (OPT-170)
Information: Changed wire load model for 'pparch' from '(none)' to 'Small'. (OPT-170)
Information: Changed wire load model for 'alt1' from '(none)' to 'Small'. (OPT-170)
Information: Changed wire load model for 'pparch' from '(none)' to 'Small'. (OPT-170)
Information: Changed wire load model for 'alt1' from '(none)' to 'Small'. (OPT-170)
Information: Changed wire load model for 'pparch' from '(none)' to 'Small'. (OPT-170)
Information: Changed wire load model for 'alt1' from '(none)' to 'Small'. (OPT-170)
Information: Changed wire load model for 'pparch' from '(none)' to 'Small'. (OPT-170)
Information: Changed wire load model for 'alt1' from '(none)' to 'Small'. (OPT-170)
Information: Changed wire load model for 'pparch' from '(none)' to 'Small'. (OPT-170)
Information: Changed wire load model for 'alt1' from '(none)' to 'Small'. (OPT-170)
Information: Changed wire load model for 'pparch' from '(none)' to 'Small'. (OPT-170)
Information: Changed wire load model for 'alt1' from '(none)' to 'Small'. (OPT-170)
Information: Changed wire load model for 'pparch' from '(none)' to 'Small'. (OPT-170)
Information: Changed wire load model for 'alt1' from '(none)' to 'Small'. (OPT-170)
Information: Changed wire load model for 'pparch' from '(none)' to 'Small'. (OPT-170)
Information: Changed wire load model for 'alt1' from '(none)' to 'Small'. (OPT-170)
Information: Changed wire load model for 'pparch' from '(none)' to 'Small'. (OPT-170)
Information: Changed wire load model for 'alt1' from '(none)' to 'Small'. (OPT-170)
Information: Changed wire load model for 'pparch' from '(none)' to 'Small'. (OPT-170)
Information: Changed wire load model for 'alt1' from '(none)' to 'Small'. (OPT-170)
Information: Changed wire load model for 'pparch' from '(none)' to 'Small'. (OPT-170)
Information: Changed wire load model for 'alt1' from '(none)' to 'Small'. (OPT-170)
Information: Changed wire load model for 'pparch' from '(none)' to 'Small'. (OPT-170)
Information: Changed wire load model for 'alt1' from '(none)' to 'Small'. (OPT-170)
Information: Changed wire load model for 'pparch' from '(none)' to 'Small'. (OPT-170)
Information: Changed wire load model for 'alt1' from '(none)' to 'Small'. (OPT-170)
Information: Changed wire load model for 'pparch' from '(none)' to 'Small'. (OPT-170)
Information: Changed wire load model for 'alt1' from '(none)' to 'Small'. (OPT-170)
Information: Changed wire load model for 'pparch' from '(none)' to 'Small'. (OPT-170)
Information: Changed wire load model for 'alt1' from '(none)' to 'Small'. (OPT-170)
Information: Changed wire load model for 'pparch' from '(none)' to 'Small'. (OPT-170)
Information: Changed wire load model for 'alt1' from '(none)' to 'Small'. (OPT-170)
Information: Changed wire load model for 'pparch' from '(none)' to 'Small'. (OPT-170)
Information: Changed wire load model for 'alt1' from '(none)' to 'Small'. (OPT-170)
Information: Changed wire load model for 'pparch' from '(none)' to 'Small'. (OPT-170)
Information: Changed wire load model for 'alt1' from '(none)' to 'Small'. (OPT-170)
Information: Changed wire load model for 'pparch' from '(none)' to 'Small'. (OPT-170)
Information: Changed wire load model for 'alt1' from '(none)' to 'Small'. (OPT-170)
Information: Changed wire load model for 'pparch' from '(none)' to 'Small'. (OPT-170)
Information: Changed wire load model for 'alt1' from '(none)' to 'Small'. (OPT-170)
Information: Changed wire load model for 'pparch' from '(none)' to 'Small'. (OPT-170)
Information: Changed wire load model for 'alt1' from '(none)' to 'Small'. (OPT-170)
Information: Changed wire load model for 'pparch' from '(none)' to 'Small'. (OPT-170)
Information: Changed wire load model for 'alt1' from '(none)' to 'Small'. (OPT-170)
Information: Changed wire load model for 'pparch' from '(none)' to 'Small'. (OPT-170)
Information: Changed wire load model for 'alt1' from '(none)' to 'Small'. (OPT-170)
Information: Changed wire load model for 'pparch' from '(none)' to 'Small'. (OPT-170)
Information: Changed wire load model for 'alt1' from '(none)' to 'Small'. (OPT-170)
Information: Changed wire load model for 'pparch' from '(none)' to 'Small'. (OPT-170)
Information: Changed wire load model for 'alt1' from '(none)' to 'Small'. (OPT-170)
Information: Changed wire load model for 'pparch' from '(none)' to 'Small'. (OPT-170)
Information: Changed wire load model for 'alt1' from '(none)' to 'Small'. (OPT-170)
Information: Changed wire load model for 'pparch' from '(none)' to 'Small'. (OPT-170)
Information: Changed wire load model for 'alt1' from '(none)' to 'Small'. (OPT-170)
Information: Changed wire load model for 'pparch' from '(none)' to 'Small'. (OPT-170)
Information: Changed wire load model for 'alt1' from '(none)' to 'Small'. (OPT-170)
Information: Changed wire load model for 'pparch' from '(none)' to 'Small'. (OPT-170)
Information: Changed wire load model for 'alt1' from '(none)' to 'Small'. (OPT-170)
Information: Changed wire load model for 'pparch' from '(none)' to 'Small'. (OPT-170)
Information: Changed wire load model for 'alt1' from '(none)' to 'Small'. (OPT-170)
Information: Changed wire load model for 'pparch' from '(none)' to 'Small'. (OPT-170)
Information: Changed wire load model for 'alt1' from '(none)' to 'Small'. (OPT-170)
Information: Changed wire load model for 'pparch' from '(none)' to 'Small'. (OPT-170)
Information: Changed wire load model for 'alt1' from '(none)' to 'Small'. (OPT-170)
Information: Changed wire load model for 'pparch' from '(none)' to 'Small'. (OPT-170)
Information: Changed wire load model for 'alt1' from '(none)' to 'Small'. (OPT-170)
Information: Changed wire load model for 'pparch' from '(none)' to 'Small'. (OPT-170)
Information: Changed wire load model for 'alt1' from '(none)' to 'Small'. (OPT-170)
Information: Changed wire load model for 'pparch' from '(none)' to 'Small'. (OPT-170)
Information: Changed wire load model for 'alt1' from '(none)' to 'Small'. (OPT-170)
Information: Changed wire load model for 'pparch' from '(none)' to 'Small'. (OPT-170)
Information: Changed wire load model for 'alt1' from '(none)' to 'Small'. (OPT-170)
Information: Changed wire load model for 'pparch' from '(none)' to 'Small'. (OPT-170)
Information: Changed wire load model for 'alt1' from '(none)' to 'Small'. (OPT-170)
Information: Changed wire load model for 'pparch' from '(none)' to 'Small'. (OPT-170)
Information: Changed wire load model for 'alt1' from '(none)' to 'Small'. (OPT-170)
Information: Changed wire load model for 'pparch' from '(none)' to 'Small'. (OPT-170)
Information: Changed wire load model for 'alt1' from '(none)' to 'Small'. (OPT-170)
Information: Changed wire load model for 'pparch' from '(none)' to 'Small'. (OPT-170)
Information: Changed wire load model for 'alt1' from '(none)' to 'Small'. (OPT-170)
Information: Changed wire load model for 'pparch' from '(none)' to 'Small'. (OPT-170)
Information: Changed wire load model for 'alt1' from '(none)' to 'Small'. (OPT-170)
Information: Changed wire load model for 'pparch' from '(none)' to 'Small'. (OPT-170)
Information: Changed wire load model for 'alt1' from '(none)' to 'Small'. (OPT-170)
Information: Changed wire load model for 'pparch' from '(none)' to 'Small'. (OPT-170)
Information: Changed wire load model for 'alt1' from '(none)' to 'Small'. (OPT-170)
Information: Changed wire load model for 'pparch' from '(none)' to 'Small'. (OPT-170)
Information: Changed wire load model for 'alt1' from '(none)' to 'Small'. (OPT-170)
Information: Changed wire load model for 'pparch' from '(none)' to 'Small'. (OPT-170)
Information: Changed wire load model for 'alt1' from '(none)' to 'Small'. (OPT-170)
Information: Changed wire load model for 'pparch' from '(none)' to 'Small'. (OPT-170)
Information: Changed wire load model for 'alt1' from '(none)' to 'Small'. (OPT-170)
Information: Changed wire load model for 'pparch' from '(none)' to 'Small'. (OPT-170)
Information: Changed wire load model for 'alt1' from '(none)' to 'Small'. (OPT-170)
Information: Changed wire load model for 'pparch' from '(none)' to 'Small'. (OPT-170)
Information: Changed wire load model for 'alt1' from '(none)' to 'Small'. (OPT-170)
Information: Changed wire load model for 'pparch' from '(none)' to 'Small'. (OPT-170)
Information: Changed wire load model for 'alt1' from '(none)' to 'Small'. (OPT-170)
Information: Changed wire load model for 'pparch' from '(none)' to 'Small'. (OPT-170)
Information: Changed wire load model for 'alt1' from '(none)' to 'Small'. (OPT-170)
Information: Changed wire load model for 'pparch' from '(none)' to 'Small'. (OPT-170)
Information: Changed wire load model for 'alt1' from '(none)' to 'Small'. (OPT-170)
Information: Changed wire load model for 'pparch' from '(none)' to 'Small'. (OPT-170)
Information: Changed wire load model for 'alt1' from '(none)' to 'Small'. (OPT-170)
Information: Changed wire load model for 'pparch' from '(none)' to 'Small'. (OPT-170)
Information: Changed wire load model for 'alt1' from '(none)' to 'Small'. (OPT-170)
Information: Changed wire load model for 'pparch' from '(none)' to 'Small'. (OPT-170)
Information: Changed wire load model for 'alt1' from '(none)' to 'Small'. (OPT-170)
Information: Changed wire load model for 'pparch' from '(none)' to 'Small'. (OPT-170)
Information: Changed wire load model for 'alt1' from '(none)' to 'Small'. (OPT-170)
Information: Changed wire load model for 'pparch' from '(none)' to 'Small'. (OPT-170)
Information: Changed wire load model for 'alt1' from '(none)' to 'Small'. (OPT-170)
Information: Changed wire load model for 'pparch' from '(none)' to 'Small'. (OPT-170)
Information: Changed wire load model for 'alt1' from '(none)' to 'Small'. (OPT-170)
Information: Changed wire load model for 'pparch' from '(none)' to 'Small'. (OPT-170)
Information: Changed wire load model for 'alt1' from '(none)' to 'Small'. (OPT-170)
Information: Changed wire load model for 'pparch' from '(none)' to 'Small'. (OPT-170)
Information: Changed wire load model for 'alt1' from '(none)' to 'Small'. (OPT-170)
Information: Changed wire load model for 'pparch' from '(none)' to 'Small'. (OPT-170)
Information: Changed wire load model for 'alt1' from '(none)' to 'Small'. (OPT-170)
Information: Changed wire load model for 'pparch' from '(none)' to 'Small'. (OPT-170)
Information: Changed wire load model for 'alt1' from '(none)' to 'Small'. (OPT-170)
Information: Changed wire load model for 'pparch' from '(none)' to 'Small'. (OPT-170)
Information: Changed wire load model for 'alt1' from '(none)' to 'Small'. (OPT-170)
Information: Changed wire load model for 'apparch' from '(none)' to 'Small'. (OPT-170)
Information: Changed wire load model for 'alt1' from '(none)' to 'Small'. (OPT-170)
Information: Changed wire load model for 'apparch' from '(none)' to 'Small'. (OPT-170)
Information: Changed wire load model for 'alt1' from '(none)' to 'Small'. (OPT-170)
Information: Changed wire load model for 'pparch' from '(none)' to 'Small'. (OPT-170)
Information: Changed wire load model for 'alt1' from '(none)' to 'Small'. (OPT-170)
Information: Changed wire load model for 'pparch' from '(none)' to 'Small'. (OPT-170)
Information: Changed wire load model for 'alt1' from '(none)' to 'Small'. (OPT-170)
Information: Changed wire load model for 'pparch' from '(none)' to 'Small'. (OPT-170)
Information: Changed wire load model for 'alt1' from '(none)' to 'Small'. (OPT-170)
Information: Changed wire load model for 'pparch' from '(none)' to 'Small'. (OPT-170)
Information: Changed wire load model for 'alt1' from '(none)' to 'Small'. (OPT-170)
Information: Changed wire load model for 'pparch' from '(none)' to 'Small'. (OPT-170)
Information: Changed wire load model for 'alt1' from '(none)' to 'Small'. (OPT-170)
Information: Changed wire load model for 'pparch' from '(none)' to 'Small'. (OPT-170)
Information: Changed wire load model for 'alt1' from '(none)' to 'Small'. (OPT-170)
Information: Changed wire load model for 'pparch' from '(none)' to 'Small'. (OPT-170)
Information: Changed wire load model for 'alt1' from '(none)' to 'Small'. (OPT-170)
Information: Changed wire load model for 'pparch' from '(none)' to 'Small'. (OPT-170)
Information: Changed wire load model for 'alt1' from '(none)' to 'Small'. (OPT-170)
Information: Changed wire load model for 'pparch' from '(none)' to 'Small'. (OPT-170)
Information: Changed wire load model for 'alt1' from '(none)' to 'Small'. (OPT-170)
Information: Changed wire load model for 'pparch' from '(none)' to 'Small'. (OPT-170)
Information: Changed wire load model for 'alt1' from '(none)' to 'Small'. (OPT-170)
Information: Changed wire load model for 'pparch' from '(none)' to 'Small'. (OPT-170)
Information: Changed wire load model for 'alt1' from '(none)' to 'Small'. (OPT-170)
Information: Changed wire load model for 'pparch' from '(none)' to 'Small'. (OPT-170)
Information: Changed wire load model for 'alt1' from '(none)' to 'Small'. (OPT-170)
Information: Changed wire load model for 'pparch' from '(none)' to 'Small'. (OPT-170)
Information: Changed wire load model for 'alt1' from '(none)' to 'Small'. (OPT-170)
Information: Changed wire load model for 'pparch' from '(none)' to 'Small'. (OPT-170)
Information: Changed wire load model for 'alt1' from '(none)' to 'Small'. (OPT-170)
Information: Changed wire load model for 'pparch' from '(none)' to 'Small'. (OPT-170)
Information: Changed wire load model for 'alt1' from '(none)' to 'Small'. (OPT-170)
Information: Changed wire load model for 'pparch' from '(none)' to 'Small'. (OPT-170)
Information: Changed wire load model for 'alt1' from '(none)' to 'Small'. (OPT-170)
Information: Changed wire load model for 'pparch' from '(none)' to 'Small'. (OPT-170)
Information: Changed wire load model for 'alt1' from '(none)' to 'Small'. (OPT-170)
Information: Changed wire load model for 'pparch' from '(none)' to 'Small'. (OPT-170)
Information: Changed wire load model for 'alt1' from '(none)' to 'Small'. (OPT-170)
Information: Changed wire load model for 'pparch' from '(none)' to 'Small'. (OPT-170)
Information: Changed wire load model for 'alt1' from '(none)' to 'Small'. (OPT-170)
Information: Changed wire load model for 'pparch' from '(none)' to 'Small'. (OPT-170)
Information: Changed wire load model for 'alt1' from '(none)' to 'Small'. (OPT-170)
Information: Changed wire load model for 'pparch' from '(none)' to 'Small'. (OPT-170)
Information: Changed wire load model for 'alt1' from '(none)' to 'Small'. (OPT-170)
Information: Changed wire load model for 'pparch' from '(none)' to 'Small'. (OPT-170)
Information: Changed wire load model for 'alt1' from '(none)' to 'Small'. (OPT-170)
Information: Changed wire load model for 'pparch' from '(none)' to 'Small'. (OPT-170)
Information: Changed wire load model for 'alt1' from '(none)' to 'Small'. (OPT-170)
Information: Changed wire load model for 'pparch' from '(none)' to 'Small'. (OPT-170)
Information: Changed wire load model for 'alt1' from '(none)' to 'Small'. (OPT-170)
Information: Changed wire load model for 'pparch' from '(none)' to 'Small'. (OPT-170)
Information: Changed wire load model for 'alt1' from '(none)' to 'Small'. (OPT-170)
Information: Changed wire load model for 'pparch' from '(none)' to 'Small'. (OPT-170)
Information: Changed wire load model for 'alt1' from '(none)' to 'Small'. (OPT-170)
Information: Changed wire load model for 'pparch' from '(none)' to 'Small'. (OPT-170)
Information: Changed wire load model for 'alt1' from '(none)' to 'Small'. (OPT-170)
Information: Changed wire load model for 'pparch' from '(none)' to 'Small'. (OPT-170)
Information: Changed wire load model for 'alt1' from '(none)' to 'Small'. (OPT-170)
Information: Changed wire load model for 'pparch' from '(none)' to 'Small'. (OPT-170)
Information: Changed wire load model for 'alt1' from '(none)' to 'Small'. (OPT-170)
Information: Changed wire load model for 'pparch' from '(none)' to 'Small'. (OPT-170)
Information: Changed wire load model for 'alt1' from '(none)' to 'Small'. (OPT-170)
Information: Changed wire load model for 'pparch' from '(none)' to 'Small'. (OPT-170)
Information: Changed wire load model for 'alt1' from '(none)' to 'Small'. (OPT-170)
Information: Changed wire load model for 'pparch' from '(none)' to 'Small'. (OPT-170)
Information: Changed wire load model for 'alt1' from '(none)' to 'Small'. (OPT-170)
Information: Changed wire load model for 'pparch' from '(none)' to 'Small'. (OPT-170)
Information: Changed wire load model for 'alt1' from '(none)' to 'Small'. (OPT-170)
Information: Changed wire load model for 'pparch' from '(none)' to 'Small'. (OPT-170)
Information: Changed wire load model for 'alt1' from '(none)' to 'Small'. (OPT-170)
Information: Changed wire load model for 'pparch' from '(none)' to 'Small'. (OPT-170)
Information: Changed wire load model for 'alt1' from '(none)' to 'Small'. (OPT-170)
Information: Changed wire load model for 'pparch' from '(none)' to 'Small'. (OPT-170)
Information: Changed wire load model for 'alt1' from '(none)' to 'Small'. (OPT-170)
Information: Changed wire load model for 'pparch' from '(none)' to 'Small'. (OPT-170)
Information: Changed wire load model for 'alt1' from '(none)' to 'Small'. (OPT-170)
Information: Changed wire load model for 'pparch' from '(none)' to 'Small'. (OPT-170)
Information: Changed wire load model for 'alt1' from '(none)' to 'Small'. (OPT-170)
Information: Changed wire load model for 'pparch' from '(none)' to 'Small'. (OPT-170)
Information: Changed wire load model for 'alt1' from '(none)' to 'Small'. (OPT-170)
Information: Changed wire load model for 'pparch' from '(none)' to 'Small'. (OPT-170)
Information: Changed wire load model for 'alt1' from '(none)' to 'Small'. (OPT-170)
Information: Changed wire load model for 'pparch' from '(none)' to 'Small'. (OPT-170)
Information: Changed wire load model for 'alt1' from '(none)' to 'Small'. (OPT-170)
Information: Changed wire load model for 'pparch' from '(none)' to 'Small'. (OPT-170)
Information: Changed wire load model for 'alt1' from '(none)' to 'Small'. (OPT-170)
Information: Changed wire load model for 'pparch' from '(none)' to 'Small'. (OPT-170)
Information: Changed wire load model for 'alt1' from '(none)' to 'Small'. (OPT-170)
Information: Changed wire load model for 'pparch' from '(none)' to 'Small'. (OPT-170)
Information: Changed wire load model for 'alt1' from '(none)' to 'Small'. (OPT-170)
Information: Changed wire load model for 'pparch' from '(none)' to 'Small'. (OPT-170)
Information: Changed wire load model for 'alt1' from '(none)' to 'Small'. (OPT-170)
Information: Changed wire load model for 'pparch' from '(none)' to 'Small'. (OPT-170)
Information: Changed wire load model for 'alt1' from '(none)' to 'Small'. (OPT-170)
Information: Changed wire load model for 'pparch' from '(none)' to 'Small'. (OPT-170)
Information: Changed wire load model for 'alt1' from '(none)' to 'Small'. (OPT-170)
Information: Changed wire load model for 'pparch' from '(none)' to 'Small'. (OPT-170)
Information: Changed wire load model for 'alt1' from '(none)' to 'Small'. (OPT-170)
Information: Changed wire load model for 'pparch' from '(none)' to 'Small'. (OPT-170)
Information: Changed wire load model for 'alt1' from '(none)' to 'Small'. (OPT-170)
Information: Changed wire load model for 'pparch' from '(none)' to 'Small'. (OPT-170)
Information: Changed wire load model for 'alt1' from '(none)' to 'Small'. (OPT-170)
Information: Changed wire load model for 'pparch' from '(none)' to 'Small'. (OPT-170)
Information: Changed wire load model for 'alt1' from '(none)' to 'Small'. (OPT-170)
Information: Changed wire load model for 'pparch' from '(none)' to 'Small'. (OPT-170)
Information: Changed wire load model for 'alt1' from '(none)' to 'Small'. (OPT-170)
Information: Changed wire load model for 'pparch' from '(none)' to 'Small'. (OPT-170)
Information: Changed wire load model for 'alt1' from '(none)' to 'Small'. (OPT-170)
Information: Changed wire load model for 'pparch' from '(none)' to 'Small'. (OPT-170)
Information: Changed wire load model for 'alt1' from '(none)' to 'Small'. (OPT-170)
Information: Changed wire load model for 'pparch' from '(none)' to 'Small'. (OPT-170)
Information: Changed wire load model for 'alt1' from '(none)' to 'Small'. (OPT-170)
Information: Changed wire load model for 'pparch' from '(none)' to 'Small'. (OPT-170)
Information: Changed wire load model for 'alt1' from '(none)' to 'Small'. (OPT-170)
Information: Changed wire load model for 'pparch' from '(none)' to 'Small'. (OPT-170)
Information: Changed wire load model for 'alt1' from '(none)' to 'Small'. (OPT-170)
Information: Changed wire load model for 'pparch' from '(none)' to 'Small'. (OPT-170)
Information: Changed wire load model for 'alt1' from '(none)' to 'Small'. (OPT-170)
Information: Changed wire load model for 'pparch' from '(none)' to 'Small'. (OPT-170)
Information: Changed wire load model for 'alt1' from '(none)' to 'Small'. (OPT-170)
Information: Changed wire load model for 'pparch' from '(none)' to 'Small'. (OPT-170)
Information: Changed wire load model for 'alt1' from '(none)' to 'Small'. (OPT-170)
Information: Changed wire load model for 'pparch' from '(none)' to 'Small'. (OPT-170)
Information: Changed wire load model for 'alt1' from '(none)' to 'Small'. (OPT-170)
Information: Changed wire load model for 'pparch' from '(none)' to 'Small'. (OPT-170)
Information: Changed wire load model for 'alt1' from '(none)' to 'Small'. (OPT-170)
Information: Changed wire load model for 'pparch' from '(none)' to 'Small'. (OPT-170)
Information: Changed wire load model for 'alt1' from '(none)' to 'Small'. (OPT-170)
Information: Changed wire load model for 'pparch' from '(none)' to 'Small'. (OPT-170)
Information: Changed wire load model for 'alt1' from '(none)' to 'Small'. (OPT-170)
Information: Changed wire load model for 'pparch' from '(none)' to 'Small'. (OPT-170)
Information: Changed wire load model for 'alt1' from '(none)' to 'Small'. (OPT-170)
Information: Changed wire load model for 'pparch' from '(none)' to 'Small'. (OPT-170)
Information: Changed wire load model for 'alt1' from '(none)' to 'Small'. (OPT-170)
Information: Changed wire load model for 'pparch' from '(none)' to 'Small'. (OPT-170)
Information: Changed wire load model for 'alt1' from '(none)' to 'Small'. (OPT-170)
Information: Changed wire load model for 'pparch' from '(none)' to 'Small'. (OPT-170)
Information: Changed wire load model for 'alt1' from '(none)' to 'Small'. (OPT-170)
Information: Changed wire load model for 'pparch' from '(none)' to 'Small'. (OPT-170)
Information: Changed wire load model for 'alt1' from '(none)' to 'Small'. (OPT-170)
Information: Changed wire load model for 'pparch' from '(none)' to 'Small'. (OPT-170)
Information: Changed wire load model for 'alt1' from '(none)' to 'Small'. (OPT-170)
Information: Changed wire load model for 'pparch' from '(none)' to 'Small'. (OPT-170)
Information: Changed wire load model for 'alt1' from '(none)' to 'Small'. (OPT-170)
Information: Changed wire load model for 'pparch' from '(none)' to 'Small'. (OPT-170)
Information: Changed wire load model for 'alt1' from '(none)' to 'Small'. (OPT-170)
Information: Changed wire load model for 'pparch' from '(none)' to 'Small'. (OPT-170)
Information: Changed wire load model for 'alt1' from '(none)' to 'Small'. (OPT-170)
Information: Changed wire load model for 'pparch' from '(none)' to 'Small'. (OPT-170)
Information: Changed wire load model for 'alt1' from '(none)' to 'Small'. (OPT-170)
Information: Changed wire load model for 'pparch' from '(none)' to 'Small'. (OPT-170)
Information: Changed wire load model for 'alt1' from '(none)' to 'Small'. (OPT-170)
Information: Changed wire load model for 'pparch' from '(none)' to 'Small'. (OPT-170)
Information: Changed wire load model for 'alt1' from '(none)' to 'Small'. (OPT-170)
Information: Changed wire load model for 'pparch' from '(none)' to 'Small'. (OPT-170)
Information: Changed wire load model for 'alt1' from '(none)' to 'Small'. (OPT-170)
Information: Changed wire load model for 'pparch' from '(none)' to 'Small'. (OPT-170)
Information: Changed wire load model for 'alt1' from '(none)' to 'Small'. (OPT-170)
Information: Changed wire load model for 'pparch' from '(none)' to 'Small'. (OPT-170)
Information: Changed wire load model for 'alt1' from '(none)' to 'Small'. (OPT-170)
Information: Changed wire load model for 'pparch' from '(none)' to 'Small'. (OPT-170)
Information: Changed wire load model for 'alt1' from '(none)' to 'Small'. (OPT-170)
Information: Changed wire load model for 'pparch' from '(none)' to 'Small'. (OPT-170)
Information: Changed wire load model for 'alt1' from '(none)' to 'Small'. (OPT-170)
Information: Changed wire load model for 'pparch' from '(none)' to 'Small'. (OPT-170)
Information: Changed wire load model for 'alt1' from '(none)' to 'Small'. (OPT-170)
Information: Changed wire load model for 'pparch' from '(none)' to 'Small'. (OPT-170)
Information: Changed wire load model for 'alt1' from '(none)' to 'Small'. (OPT-170)
Information: Changed wire load model for 'pparch' from '(none)' to 'Small'. (OPT-170)
Information: Changed wire load model for 'alt1' from '(none)' to 'Small'. (OPT-170)
Information: Changed wire load model for 'pparch' from '(none)' to 'Small'. (OPT-170)
Information: Changed wire load model for 'alt1' from '(none)' to 'Small'. (OPT-170)
Information: Changed wire load model for 'pparch' from '(none)' to 'Small'. (OPT-170)
Information: Changed wire load model for 'alt1' from '(none)' to 'Small'. (OPT-170)
Information: Changed wire load model for 'pparch' from '(none)' to 'Small'. (OPT-170)
Information: Changed wire load model for 'alt1' from '(none)' to 'Small'. (OPT-170)
Information: Changed wire load model for 'pparch' from '(none)' to 'Small'. (OPT-170)
Information: Changed wire load model for 'alt1' from '(none)' to 'Small'. (OPT-170)
Information: Changed wire load model for 'pparch' from '(none)' to 'Small'. (OPT-170)
Information: Changed wire load model for 'alt1' from '(none)' to 'Small'. (OPT-170)
Information: Changed wire load model for 'pparch' from '(none)' to 'Small'. (OPT-170)
Information: Changed wire load model for 'alt1' from '(none)' to 'Small'. (OPT-170)
Information: Changed wire load model for 'pparch' from '(none)' to 'Small'. (OPT-170)
Information: Changed wire load model for 'alt1' from '(none)' to 'Small'. (OPT-170)
Information: Changed wire load model for 'pparch' from '(none)' to 'Small'. (OPT-170)
Information: Changed wire load model for 'alt1' from '(none)' to 'Small'. (OPT-170)
Information: Changed wire load model for 'pparch' from '(none)' to 'Small'. (OPT-170)
Information: Changed wire load model for 'alt1' from '(none)' to 'Small'. (OPT-170)
Information: Changed wire load model for 'pparch' from '(none)' to 'Small'. (OPT-170)
Information: Changed wire load model for 'alt1' from '(none)' to 'Small'. (OPT-170)
Information: Changed wire load model for 'pparch' from '(none)' to 'Small'. (OPT-170)
Information: Changed wire load model for 'alt1' from '(none)' to 'Small'. (OPT-170)
Information: Changed wire load model for 'pparch' from '(none)' to 'Small'. (OPT-170)
Information: Changed wire load model for 'alt1' from '(none)' to 'Small'. (OPT-170)
Information: Changed wire load model for 'pparch' from '(none)' to 'Small'. (OPT-170)
Information: Changed wire load model for 'alt1' from '(none)' to 'Small'. (OPT-170)
Information: Changed wire load model for 'pparch' from '(none)' to 'Small'. (OPT-170)
Information: Changed wire load model for 'alt1' from '(none)' to 'Small'. (OPT-170)
Information: Changed wire load model for 'pparch' from '(none)' to 'Small'. (OPT-170)
Information: Changed wire load model for 'alt1' from '(none)' to 'Small'. (OPT-170)
Information: Changed wire load model for 'pparch' from '(none)' to 'Small'. (OPT-170)
Information: Changed wire load model for 'alt1' from '(none)' to 'Small'. (OPT-170)
Information: Changed wire load model for 'pparch' from '(none)' to 'Small'. (OPT-170)
Information: Changed wire load model for 'alt1' from '(none)' to 'Small'. (OPT-170)
Information: Changed wire load model for 'pparch' from '(none)' to 'Small'. (OPT-170)
Information: Changed wire load model for 'alt1' from '(none)' to 'Small'. (OPT-170)
Information: Changed wire load model for 'apparch' from '(none)' to 'Small'. (OPT-170)
Information: Changed wire load model for 'alt1' from '(none)' to 'Small'. (OPT-170)
Information: Changed wire load model for 'apparch' from '(none)' to 'Small'. (OPT-170)
Information: Changed wire load model for 'alt1' from '(none)' to 'Small'. (OPT-170)
Information: Changed wire load model for 'apparch' from '(none)' to 'Small'. (OPT-170)
  Allocating blocks in 'DW_lp_pipe_mgr_stages2_id_width1'
Information: Updating design information... (UID-85)
Warning: Design 'POLY_INVNORM2_FFT' contains 1 high-fanout nets. A fanout number of 1000 will be used for delay calculations involving these nets. (TIM-134)
 
****************************************
Report : clock_skew
Design : POLY_INVNORM2_FFT
Version: T-2022.03
Date   : Wed Sep  3 02:15:58 2025
****************************************

                 Rise      Fall  Min Rise  Min fall        Uncertainty
Object          Delay     Delay     Delay     Delay     Plus      Minus
--------------------------------------------------------------------------------
clk                 -         -         -         -      0.10      0.10

                 Max Transition      Min Transition
Object           Rise      Fall      Rise      Fall
-------------------------------------------------------
clk              0.10      0.10      0.10      0.10
1
check_timing

Information: Checking generated_clocks...

Information: Checking loops...

Information: Checking no_input_delay...

Information: Checking unconstrained_endpoints...

Warning: The following end-points are not constrained for maximum delay.

End point
---------------
u_FPR_DIV/*cell*200/U_PIPE_MGR/pipe_ovf_reg/next_state

Information: Checking pulse_clock_cell_type...

Information: Checking no_driving_cell...

Information: Checking partial_input_delay...
1
#======================================================
#  (E) Optimization
#======================================================
check_design > Report/$DESIGN\.check
set_fix_multiple_port_nets -all -buffer_constants [get_designs *]
1
set_fix_hold [all_clocks]
1
compile_ultra
Information: Performing power optimization. (PWR-850)
Alib files are up-to-date.
Information: Running optimization using a maximum of 4 cores. (OPT-1500)
Information: Evaluating DesignWare library utilization. (UISN-27)

============================================================================
| DesignWare Building Block Library  |         Version         | Available |
============================================================================
| Basic DW Building Blocks           | S-2021.06-DWBB_202106.0 |     *     |
| Licensed DW Building Blocks        | S-2021.06-DWBB_202106.0 |     *     |
============================================================================

====================================================================================================
| Flow Information                                                                                 |
----------------------------------------------------------------------------------------------------
| Flow         | Design Compiler NXT WLM                                                           |
| Comand line  | compile_ultra                                                                     |
====================================================================================================
| Design Information                                      | Value                                  |
====================================================================================================
| Number of Scenarios                                     | 0                                      |
| Leaf Cell Count                                         | 400                                    |
| Number of User Hierarchies                              | 0                                      |
| Sequential Cell Count                                   | 387                                    |
| Macro Count                                             | 0                                      |
| Number of Power Domains                                 | 0                                      |
| Number of Path Groups                                   | 2                                      |
| Number of VT class                                      | 0                                      |
| Number of Clocks                                        | 1                                      |
| Number of Dont Touch cells                              | 2                                      |
| Number of Dont Touch nets                               | 1                                      |
| Number of size only cells                               | 0                                      |
| Design with UPF Data                                    | false                                  |
----------------------------------------------------------------------------------------------------
| Variables                                               | Value                                  |
----------------------------------------------------------------------------------------------------
| set_fix_multiple_port_nets                              | -all -buffer_constants                 |
====================================================================================================
Information: Sequential output inversion is enabled.  SVF file must be used for formal verification. (OPT-1208)

Information: There are 70 potential problems in your design. Please run 'check_design' for more information. (LINT-99)

  Simplifying Design 'POLY_INVNORM2_FFT'

Loaded alib file './alib-52/sc9_cln40g_base_rvt_ss_typical_max_0p81v_125c.db.alib' (placeholder)
Loaded alib file './alib-52/sc9_cln40g_base_hvt_ss_typical_max_0p81v_125c.db.alib'
Loaded alib file './alib-52/sc9_cln40g_base_lvt_ss_typical_max_0p81v_125c.db.alib' (placeholder)
  Building model 'DW01_NAND2'
Information: Ungrouping 0 of 1 hierarchies before Pass 1 (OPT-775)
Information: State dependent leakage is now switched from on to off.

  Beginning Pass 1 Mapping
  ------------------------
  Processing 'POLY_INVNORM2_FFT'
 Implement Synthetic for 'POLY_INVNORM2_FFT'.
  Processing 'POLY_INVNORM2_FFT_DW_lp_piped_fp_div_J1_0'
  Processing 'POLY_INVNORM2_FFT_DW_fp_div_J1_0'
  Processing 'POLY_INVNORM2_FFT_DW_div_J1_0'
  Processing 'POLY_INVNORM2_FFT_DW_fp_addsub_J1_0'
  Processing 'POLY_INVNORM2_FFT_DW_lzd_J1_0'
  Processing 'POLY_INVNORM2_FFT_DW_fp_addsub_J1_1'
  Processing 'POLY_INVNORM2_FFT_DW_lzd_J1_1'
  Processing 'POLY_INVNORM2_FFT_DW_fp_addsub_J1_2'
  Processing 'POLY_INVNORM2_FFT_DW_lzd_J1_2'
  Processing 'POLY_INVNORM2_FFT_DW_fp_square_J1_0'
  Processing 'POLY_INVNORM2_FFT_DW_lzd_J1_3'
  Processing 'POLY_INVNORM2_FFT_DW_fp_square_J1_1'
  Processing 'POLY_INVNORM2_FFT_DW_lzd_J1_4'
  Processing 'POLY_INVNORM2_FFT_DW_fp_square_J1_2'
  Processing 'POLY_INVNORM2_FFT_DW_lzd_J1_5'
  Processing 'POLY_INVNORM2_FFT_DW_fp_square_J1_3'
  Processing 'POLY_INVNORM2_FFT_DW_lzd_J1_6'
Information: The register 'a_re_2_reg[63]' is a constant and will be removed. (OPT-1206)
Information: The register 'a_im_2_reg[63]' is a constant and will be removed. (OPT-1206)
Information: The register 'b_re_2_reg[63]' is a constant and will be removed. (OPT-1206)
Information: The register 'b_im_2_reg[63]' is a constant and will be removed. (OPT-1206)
Information: Added key list 'DesignWare' to design 'POLY_INVNORM2_FFT'. (DDB-72)

  Updating timing information
Information: Updating design information... (UID-85)
Information: The library cell 'TIELO_X1M_A9TR' in the library 'sc9_cln40g_base_rvt_ss_typical_max_0p81v_125c' is not characterized for internal power. (PWR-536)
Information: The library cell 'TIEHI_X1M_A9TR' in the library 'sc9_cln40g_base_rvt_ss_typical_max_0p81v_125c' is not characterized for internal power. (PWR-536)
Information: The library cell 'TIELO_X1M_A9TH' in the library 'sc9_cln40g_base_hvt_ss_typical_max_0p81v_125c' is not characterized for internal power. (PWR-536)
Information: The library cell 'TIEHI_X1M_A9TH' in the library 'sc9_cln40g_base_hvt_ss_typical_max_0p81v_125c' is not characterized for internal power. (PWR-536)
Information: The library cell 'TIELO_X1M_A9TL' in the library 'sc9_cln40g_base_lvt_ss_typical_max_0p81v_125c' is not characterized for internal power. (PWR-536)
Information: The library cell 'TIEHI_X1M_A9TL' in the library 'sc9_cln40g_base_lvt_ss_typical_max_0p81v_125c' is not characterized for internal power. (PWR-536)
Information: The target library(s) contains cell(s), other than black boxes, that are not characterized for internal power. (PWR-24)
Information: The register 'a_norm_2_b_norm_2_reg[63]' is a constant and will be removed. (OPT-1206)
Information: The register 'u_FPR_DIV/U_ZOUT_PL_REG/data_pipe_a_reg[1][71]' is a constant and will be removed. (OPT-1206)
Information: The register 'u_FPR_DIV/U_ZOUT_PL_REG/data_pipe_a_reg[2][71]' is a constant and will be removed. (OPT-1206)
Information: The register 'd_reg[63]' is a constant and will be removed. (OPT-1206)

  Beginning Mapping Optimizations  (Ultra High effort)
  -------------------------------
Information: Checking pipeline property of cell u_FPR_DIV (design POLY_INVNORM2_FFT_DW_lp_piped_fp_div_J1_0). (RTDC-137)
Information: cell u_FPR_DIV (design POLY_INVNORM2_FFT_DW_lp_piped_fp_div_J1_0) is a pipeline. (RTDC-139)

Stage 0 of u_FPR_DIV(POLY_INVNORM2_FFT_DW_lp_piped_fp_div_J1_0) has registers belonging to different classes

Classes in slice 0:

CLASS with 63 cell(s).
SL: u_FPR_DIV/link5537/output (direct)
AC: u_FPR_DIV/link5333/output (inverted)
CLK: u_FPR_DIV/link5332/output (direct)
Cells in class: u_FPR_DIV/U_ZOUT_PL_REG/data_pipe_a_reg[1][70] u_FPR_DIV/U_ZOUT_PL_REG/data_pipe_a_reg[1][69] u_FPR_DIV/U_ZOUT_PL_REG/data_pipe_a_reg[1][68] 
u_FPR_DIV/U_ZOUT_PL_REG/data_pipe_a_reg[1][67] u_FPR_DIV/U_ZOUT_PL_REG/data_pipe_a_reg[1][66] u_FPR_DIV/U_ZOUT_PL_REG/data_pipe_a_reg[1][65] 
u_FPR_DIV/U_ZOUT_PL_REG/data_pipe_a_reg[1][64] u_FPR_DIV/U_ZOUT_PL_REG/data_pipe_a_reg[1][63] u_FPR_DIV/U_ZOUT_PL_REG/data_pipe_a_reg[1][62] 
u_FPR_DIV/U_ZOUT_PL_REG/data_pipe_a_reg[1][61] u_FPR_DIV/U_ZOUT_PL_REG/data_pipe_a_reg[1][60] u_FPR_DIV/U_ZOUT_PL_REG/data_pipe_a_reg[1][8] 
u_FPR_DIV/U_ZOUT_PL_REG/data_pipe_a_reg[1][18] u_FPR_DIV/U_ZOUT_PL_REG/data_pipe_a_reg[1][19] u_FPR_DIV/U_ZOUT_PL_REG/data_pipe_a_reg[1][20] 
u_FPR_DIV/U_ZOUT_PL_REG/data_pipe_a_reg[1][21] u_FPR_DIV/U_ZOUT_PL_REG/data_pipe_a_reg[1][22] u_FPR_DIV/U_ZOUT_PL_REG/data_pipe_a_reg[1][23] 
u_FPR_DIV/U_ZOUT_PL_REG/data_pipe_a_reg[1][24] u_FPR_DIV/U_ZOUT_PL_REG/data_pipe_a_reg[1][25] u_FPR_DIV/U_ZOUT_PL_REG/data_pipe_a_reg[1][26] 
u_FPR_DIV/U_ZOUT_PL_REG/data_pipe_a_reg[1][27] u_FPR_DIV/U_ZOUT_PL_REG/data_pipe_a_reg[1][9] u_FPR_DIV/U_ZOUT_PL_REG/data_pipe_a_reg[1][28] 
u_FPR_DIV/U_ZOUT_PL_REG/data_pipe_a_reg[1][29] u_FPR_DIV/U_ZOUT_PL_REG/data_pipe_a_reg[1][30] u_FPR_DIV/U_ZOUT_PL_REG/data_pipe_a_reg[1][31] 
u_FPR_DIV/U_ZOUT_PL_REG/data_pipe_a_reg[1][32] u_FPR_DIV/U_ZOUT_PL_REG/data_pipe_a_reg[1][33] u_FPR_DIV/U_ZOUT_PL_REG/data_pipe_a_reg[1][34] 
u_FPR_DIV/U_ZOUT_PL_REG/data_pipe_a_reg[1][35] u_FPR_DIV/U_ZOUT_PL_REG/data_pipe_a_reg[1][36] u_FPR_DIV/U_ZOUT_PL_REG/data_pipe_a_reg[1][37] 
u_FPR_DIV/U_ZOUT_PL_REG/data_pipe_a_reg[1][10] u_FPR_DIV/U_ZOUT_PL_REG/data_pipe_a_reg[1][38] u_FPR_DIV/U_ZOUT_PL_REG/data_pipe_a_reg[1][39] 
u_FPR_DIV/U_ZOUT_PL_REG/data_pipe_a_reg[1][40] u_FPR_DIV/U_ZOUT_PL_REG/data_pipe_a_reg[1][41] u_FPR_DIV/U_ZOUT_PL_REG/data_pipe_a_reg[1][42] 
u_FPR_DIV/U_ZOUT_PL_REG/data_pipe_a_reg[1][43] u_FPR_DIV/U_ZOUT_PL_REG/data_pipe_a_reg[1][44] u_FPR_DIV/U_ZOUT_PL_REG/data_pipe_a_reg[1][45] 
u_FPR_DIV/U_ZOUT_PL_REG/data_pipe_a_reg[1][46] u_FPR_DIV/U_ZOUT_PL_REG/data_pipe_a_reg[1][47] u_FPR_DIV/U_ZOUT_PL_REG/data_pipe_a_reg[1][11] 
u_FPR_DIV/U_ZOUT_PL_REG/data_pipe_a_reg[1][48] u_FPR_DIV/U_ZOUT_PL_REG/data_pipe_a_reg[1][49] u_FPR_DIV/U_ZOUT_PL_REG/data_pipe_a_reg[1][50] 
u_FPR_DIV/U_ZOUT_PL_REG/data_pipe_a_reg[1][51] u_FPR_DIV/U_ZOUT_PL_REG/data_pipe_a_reg[1][52] u_FPR_DIV/U_ZOUT_PL_REG/data_pipe_a_reg[1][53] 
u_FPR_DIV/U_ZOUT_PL_REG/data_pipe_a_reg[1][54] u_FPR_DIV/U_ZOUT_PL_REG/data_pipe_a_reg[1][55] u_FPR_DIV/U_ZOUT_PL_REG/data_pipe_a_reg[1][56] 
u_FPR_DIV/U_ZOUT_PL_REG/data_pipe_a_reg[1][57] u_FPR_DIV/U_ZOUT_PL_REG/data_pipe_a_reg[1][12] u_FPR_DIV/U_ZOUT_PL_REG/data_pipe_a_reg[1][58] 
u_FPR_DIV/U_ZOUT_PL_REG/data_pipe_a_reg[1][59] u_FPR_DIV/U_ZOUT_PL_REG/data_pipe_a_reg[1][13] u_FPR_DIV/U_ZOUT_PL_REG/data_pipe_a_reg[1][14] 
u_FPR_DIV/U_ZOUT_PL_REG/data_pipe_a_reg[1][15] u_FPR_DIV/U_ZOUT_PL_REG/data_pipe_a_reg[1][16] u_FPR_DIV/U_ZOUT_PL_REG/data_pipe_a_reg[1][17] 


CLASS with 1 cell(s).
AC: u_FPR_DIV/link5333/output (inverted)
CLK: u_FPR_DIV/link5332/output (direct)
Cells in class: u_FPR_DIV/U_PIPE_MGR/dtsr_reg[0] 

  Mapping Optimization (Phase 1)
  Mapping Optimization (Phase 2)
Warning: Retiming is likely to run for an extended
        period of time due to the large design size. (RTDC-135)
  Retiming POLY_INVNORM2_FFT_DW_lp_piped_fp_div_J1_0 (u_FPR_DIV)
  Preferred flip-flop is DFFQ_X4M_A9TL with setup = 0.02

Warning: The following cells only drive
        asynchronous pins of sequential cells which have no
        timing constraint. Therefore retiming will not optimize
        delay through them:
        u_FPR_DIV/*cell*108056 (BUFH_X13M_A9TL)
        u_FPR_DIV/*cell*108055 (BUFH_X13M_A9TL)
        u_FPR_DIV/*cell*108054 (BUFH_X13M_A9TL)
        u_FPR_DIV/*cell*108053 (BUFH_X13M_A9TL)
        u_FPR_DIV/*cell*108052 (BUFH_X13M_A9TL)
        u_FPR_DIV/*cell*108051 (BUFH_X13M_A9TL)
        u_FPR_DIV/*cell*108057 (BUFH_X11M_A9TR)
        u_FPR_DIV/*cell*108058 (BUFH_X11M_A9TR)
        u_FPR_DIV/*cell*108059 (BUFH_X11M_A9TR)
        u_FPR_DIV/*cell*108060 (BUFH_X13M_A9TL)
        u_FPR_DIV/*cell*629 (INV_X5B_A9TH)

 (RTDC-115)

  Retiming base-clock clk, rising edge.
  Beginning minimum period retiming ...
  ... minimum period retiming done.
  Beginning minimum area retiming step 1 ...
  ... minimum area retiming step 1 done.
  Beginning minimum area retiming step 2 ...
  
  ... minimum area retiming step 2 done.
  Beginning minimum area retiming step 3 ...
  
  ... minimum area retiming step 3 done.
  Beginning final register move ...
