Command: vcs -timescale=1ns/1fs -j8 -sverilog +v2k -full64 -Mupdate -R -debug_access+all \
-y /usr/cad/synopsys/synthesis/cur/dw/sim_ver/ +libext+.sv -f filelist.f -o simv \
-l vcs.log -P /usr/cad/synopsys/verdi/2022.06/share/PLI/VCS/linux64/novas.tab /usr/cad/synopsys/verdi/2022.06/share/PLI/VCS/linux64/pli.a \
+define+RTL +define+CYCLE_TIME=1.6 +define+WN=4 +notimingchecks
*** Using c compiler gcc instead of cc ...
                         Chronologic VCS (TM)
         Version T-2022.06_Full64 -- Thu Feb 12 20:26:46 2026

                    Copyright (c) 1991 - 2022 Synopsys, Inc.
   This software and the associated documentation are proprietary to Synopsys,
 Inc. This software may only be used in accordance with the terms and conditions
 of a written license agreement with Synopsys, Inc. All other use, reproduction,
   or distribution of this software is strictly prohibited.  Licensed Products
     communicate with Synopsys servers for the purpose of providing software
    updates, detecting software piracy and verifying that customers are using
    Licensed Products in conformity with the applicable License Key for such
  Licensed Products. Synopsys will use information gathered in connection with
    this process to deliver software updates and pursue software pirates and
                                   infringers.

 Inclusivity & Diversity - Visit SolvNetPlus to read the "Synopsys Statement on
            Inclusivity and Diversity" (Refer to article 000036315 at
                        https://solvnetplus.synopsys.com)

Parsing design file 'TESTBED.sv'
Parsing included file 'Usertype.sv'.
Back to file 'TESTBED.sv'.
Parsing included file 'INF.sv'.
Back to file 'TESTBED.sv'.
Parsing included file 'PATTERN.sv'.
Parsing included file 'Usertype.sv'.
Back to file 'PATTERN.sv'.

Warning-[RVOSFD] Return value discarded
PATTERN.sv, 247
  System function '$sscanf' is invoked as task, its return value is discarded.
  "PATTERN.sv", 247
  Source info:         $sscanf(key, "%d %d", logn_val, xlen_val);

Back to file 'TESTBED.sv'.
Parsing included file 'MAKE_FG.sv'.
Parsing included file 'ZINT_REBUILD_CRT.sv'.
Parsing included file 'ZINT_MOD_SMALL_UNSIGNED.sv'.
Parsing included file 'MODP_ADD.sv'.
Back to file 'ZINT_MOD_SMALL_UNSIGNED.sv'.
Back to file 'ZINT_REBUILD_CRT.sv'.
Parsing included file 'ZINT_ADD_MUL_SMALL.sv'.
Parsing included file 'MODP_SUB.sv'.
Back to file 'ZINT_ADD_MUL_SMALL.sv'.
Back to file 'ZINT_REBUILD_CRT.sv'.
Back to file 'MAKE_FG.sv'.
Parsing included file 'MODP_MONTYMUL_TOP.sv'.
Back to file 'MAKE_FG.sv'.
Back to file 'TESTBED.sv'.
Parsing design file '../04_MEM/RF_2p_CRT_2x1024.v'
Parsing design file '../04_MEM/RF_2p_CRT_4x512.v'
Parsing design file '../04_MEM/RF_2p_CRT_TMP.v'
Top Level Modules:
       TESTBED
       RF_2p_CRT_2x1024_error_injection
       RF_2p_CRT_4x512_error_injection
       RF_2p_CRT_TMP_error_injection
TimeScale is 1 ns / 1 ps
Notice: Ports coerced to inout, use -notice for details
Starting vcs inline pass...


Note-[VCS_PARAL] Parallel code-gen enabled
  VCS is running with parallel code generation(-j)...

15 modules and 0 UDP read.
recompiling module TESTBED
	However, due to incremental compilation, only 1 module needs to be compiled. 
make[1]: Entering directory `/home/daniel_kuo/Falcon/hardware/zint_rebuild_CRT/01_RTL/csrc' \

rm -f _cuarc*.so _csrc*.so pre_vcsobj_*.so share_vcsobj_*.so
ld -shared  -Bsymbolic   -o .//../simv.daidir//_cuarc0.so objs/amcQw_d.o 
rm -f _cuarc0.so
if [ -x ../simv ]; then chmod a-x ../simv; fi
g++  -o ../simv      -rdynamic  -Wl,-rpath='$ORIGIN'/simv.daidir -Wl,-rpath=./simv.daidir \
-Wl,-rpath=/usr/cad/synopsys/vcs/2022.06/linux64/lib -L/usr/cad/synopsys/vcs/2022.06/linux64/lib \
-Wl,-rpath-link=./  /usr/lib64/libnuma.so.1     _6240_archive_1.so _6259_archive_1.so \
_prev_archive_1.so _cuarc0.so  SIM_l.o      rmapats_mop.o rmapats.o rmar.o rmar_nd.o \
rmar_llvm_0_1.o rmar_llvm_0_0.o           -lvirsim -lerrorinf -lsnpsmalloc -lvfs \
/usr/cad/synopsys/verdi/2022.06/share/PLI/VCS/linux64/pli.a    -lvcsnew -lsimprofile \
-luclinative /usr/cad/synopsys/vcs/2022.06/linux64/lib/vcs_tls.o   -Wl,-whole-archive \
-lvcsucli    -Wl,-no-whole-archive        _vcs_pli_stub_.o   /usr/cad/synopsys/vcs/2022.06/linux64/lib/vcs_save_restore_new.o \
/usr/cad/synopsys/verdi/2022.06//share/PLI/VCS/LINUX64/pli.a -ldl -lm  -lc -lpthread \
-ldl 
../simv up to date
make[1]: Leaving directory `/home/daniel_kuo/Falcon/hardware/zint_rebuild_CRT/01_RTL/csrc' \

Command: /home/daniel_kuo/Falcon/hardware/zint_rebuild_CRT/01_RTL/./simv +v2k +libext+.sv -a vcs.log +define+RTL +define+CYCLE_TIME=1.6 +define+WN=4 +notimingchecks
Chronologic VCS simulator copyright 1991-2022
Contains Synopsys proprietary information.
Compiler version T-2022.06_Full64; Runtime version T-2022.06_Full64;  Feb 12 20:26 2026
WORD_NUM:           4, ADDR_WIDTH:           9
[0;32mPASS PATTERN NO.   1[0m, [0;33mLatency:    605[0m, (logn, xlen) = ( 8,   2)
[0;32mPASS PATTERN NO.   2[0m, [0;33mLatency:    606[0m, (logn, xlen) = ( 8,   2)
[0;32mPASS PATTERN NO.   3[0m, [0;33mLatency:    309[0m, (logn, xlen) = ( 7,   2)
[0;32mPASS PATTERN NO.   4[0m, [0;33mLatency:    310[0m, (logn, xlen) = ( 7,   2)
[0;32mPASS PATTERN NO.   5[0m, [0;33mLatency:    456[0m, (logn, xlen) = ( 6,   4)
[0;32mPASS PATTERN NO.   6[0m, [0;33mLatency:    454[0m, (logn, xlen) = ( 6,   4)
[0;32mPASS PATTERN NO.   7[0m, [0;33mLatency:    685[0m, (logn, xlen) = ( 5,   7)
[0;32mPASS PATTERN NO.   8[0m, [0;33mLatency:    681[0m, (logn, xlen) = ( 5,   7)
[0;32mPASS PATTERN NO.   9[0m, [0;33mLatency:   1429[0m, (logn, xlen) = ( 4,  14)
[0;32mPASS PATTERN NO.  10[0m, [0;33mLatency:   1438[0m, (logn, xlen) = ( 4,  14)
[0;32mPASS PATTERN NO.  11[0m, [0;33mLatency:   2744[0m, (logn, xlen) = ( 3,  27)
[0;32mPASS PATTERN NO.  12[0m, [0;33mLatency:   2748[0m, (logn, xlen) = ( 3,  27)
[0;32mPASS PATTERN NO.  13[0m, [0;33mLatency:   6049[0m, (logn, xlen) = ( 2,  53)
[0;32mPASS PATTERN NO.  14[0m, [0;33mLatency:   6053[0m, (logn, xlen) = ( 2,  53)
[0;32mPASS PATTERN NO.  15[0m, [0;33mLatency:  23346[0m, (logn, xlen) = ( 1, 106)
[0;32mPASS PATTERN NO.  16[0m, [0;33mLatency:  23347[0m, (logn, xlen) = ( 1, 106)
[0;32mPASS PATTERN NO.  17[0m, [0;33mLatency:  89091[0m, (logn, xlen) = ( 1, 209)
[0;32mPASS PATTERN NO.  18[0m, [0;33mLatency:    608[0m, (logn, xlen) = ( 8,   2)
[0;32mPASS PATTERN NO.  19[0m, [0;33mLatency:    605[0m, (logn, xlen) = ( 8,   2)
[0;32mPASS PATTERN NO.  20[0m, [0;33mLatency:    310[0m, (logn, xlen) = ( 7,   2)
[0;32mPASS PATTERN NO.  21[0m, [0;33mLatency:    310[0m, (logn, xlen) = ( 7,   2)
[0;32mPASS PATTERN NO.  22[0m, [0;33mLatency:    459[0m, (logn, xlen) = ( 6,   4)
[0;32mPASS PATTERN NO.  23[0m, [0;33mLatency:    448[0m, (logn, xlen) = ( 6,   4)
[0;32mPASS PATTERN NO.  24[0m, [0;33mLatency:    684[0m, (logn, xlen) = ( 5,   7)
[0;32mPASS PATTERN NO.  25[0m, [0;33mLatency:    690[0m, (logn, xlen) = ( 5,   7)
[0;32mPASS PATTERN NO.  26[0m, [0;33mLatency:   1427[0m, (logn, xlen) = ( 4,  14)
[0;32mPASS PATTERN NO.  27[0m, [0;33mLatency:   1423[0m, (logn, xlen) = ( 4,  14)
[0;32mPASS PATTERN NO.  28[0m, [0;33mLatency:   2747[0m, (logn, xlen) = ( 3,  27)
[0;32mPASS PATTERN NO.  29[0m, [0;33mLatency:   2756[0m, (logn, xlen) = ( 3,  27)
[0;32mPASS PATTERN NO.  30[0m, [0;33mLatency:   6051[0m, (logn, xlen) = ( 2,  53)
[0;32mPASS PATTERN NO.  31[0m, [0;33mLatency:   6050[0m, (logn, xlen) = ( 2,  53)
[0;32mPASS PATTERN NO.  32[0m, [0;33mLatency:  23343[0m, (logn, xlen) = ( 1, 106)
[0;32mPASS PATTERN NO.  33[0m, [0;33mLatency:  23354[0m, (logn, xlen) = ( 1, 106)
[0;32mPASS PATTERN NO.  34[0m, [0;33mLatency: 192270[0m, (logn, xlen) = ( 1, 308)
[0;32mPASS PATTERN NO.  35[0m, [0;33mLatency: 192270[0m, (logn, xlen) = ( 1, 308)
[0;32mPASS PATTERN NO.  36[0m, [0;33mLatency:    605[0m, (logn, xlen) = ( 8,   2)
[0;32mPASS PATTERN NO.  37[0m, [0;33mLatency:    606[0m, (logn, xlen) = ( 8,   2)
[0;32mPASS PATTERN NO.  38[0m, [0;33mLatency:    310[0m, (logn, xlen) = ( 7,   2)
[0;32mPASS PATTERN NO.  39[0m, [0;33mLatency:    311[0m, (logn, xlen) = ( 7,   2)
[0;32mPASS PATTERN NO.  40[0m, [0;33mLatency:    459[0m, (logn, xlen) = ( 6,   4)
[0;32mPASS PATTERN NO.  41[0m, [0;33mLatency:    446[0m, (logn, xlen) = ( 6,   4)
[0;32mPASS PATTERN NO.  42[0m, [0;33mLatency:    686[0m, (logn, xlen) = ( 5,   7)
[0;32mPASS PATTERN NO.  43[0m, [0;33mLatency:    698[0m, (logn, xlen) = ( 5,   7)
[0;32mPASS PATTERN NO.  44[0m, [0;33mLatency:   1425[0m, (logn, xlen) = ( 4,  14)
[0;32mPASS PATTERN NO.  45[0m, [0;33mLatency:   1432[0m, (logn, xlen) = ( 4,  14)
[0;32mPASS PATTERN NO.  46[0m, [0;33mLatency:   2758[0m, (logn, xlen) = ( 3,  27)
[0;32mPASS PATTERN NO.  47[0m, [0;33mLatency:   2741[0m, (logn, xlen) = ( 3,  27)
[0;32mPASS PATTERN NO.  48[0m, [0;33mLatency:   6053[0m, (logn, xlen) = ( 2,  53)
[0;32mPASS PATTERN NO.  49[0m, [0;33mLatency:   6051[0m, (logn, xlen) = ( 2,  53)
[0;32mPASS PATTERN NO.  50[0m, [0;33mLatency:  50591[0m, (logn, xlen) = ( 2, 157)
[0;32mPASS PATTERN NO.  51[0m, [0;33mLatency:  50588[0m, (logn, xlen) = ( 2, 157)
[0;32mPASS PATTERN NO.  52[0m, [0;33mLatency:    607[0m, (logn, xlen) = ( 8,   2)
[0;32mPASS PATTERN NO.  53[0m, [0;33mLatency:    607[0m, (logn, xlen) = ( 8,   2)
[0;32mPASS PATTERN NO.  54[0m, [0;33mLatency:    311[0m, (logn, xlen) = ( 7,   2)
[0;32mPASS PATTERN NO.  55[0m, [0;33mLatency:    309[0m, (logn, xlen) = ( 7,   2)
[0;32mPASS PATTERN NO.  56[0m, [0;33mLatency:    459[0m, (logn, xlen) = ( 6,   4)
[0;32mPASS PATTERN NO.  57[0m, [0;33mLatency:    460[0m, (logn, xlen) = ( 6,   4)
[0;32mPASS PATTERN NO.  58[0m, [0;33mLatency:    690[0m, (logn, xlen) = ( 5,   7)
[0;32mPASS PATTERN NO.  59[0m, [0;33mLatency:    678[0m, (logn, xlen) = ( 5,   7)
[0;32mPASS PATTERN NO.  60[0m, [0;33mLatency:   1427[0m, (logn, xlen) = ( 4,  14)
[0;32mPASS PATTERN NO.  61[0m, [0;33mLatency:   1421[0m, (logn, xlen) = ( 4,  14)
[0;32mPASS PATTERN NO.  62[0m, [0;33mLatency:   2755[0m, (logn, xlen) = ( 3,  27)
[0;32mPASS PATTERN NO.  63[0m, [0;33mLatency:   2754[0m, (logn, xlen) = ( 3,  27)
[0;32mPASS PATTERN NO.  64[0m, [0;33mLatency:  23701[0m, (logn, xlen) = ( 3,  78)
[0;32mPASS PATTERN NO.  65[0m, [0;33mLatency:  23706[0m, (logn, xlen) = ( 3,  78)
[0;32mPASS PATTERN NO.  66[0m, [0;33mLatency:    608[0m, (logn, xlen) = ( 8,   2)
[0;32mPASS PATTERN NO.  67[0m, [0;33mLatency:    606[0m, (logn, xlen) = ( 8,   2)
[0;32mPASS PATTERN NO.  68[0m, [0;33mLatency:    309[0m, (logn, xlen) = ( 7,   2)
[0;32mPASS PATTERN NO.  69[0m, [0;33mLatency:    310[0m, (logn, xlen) = ( 7,   2)
[0;32mPASS PATTERN NO.  70[0m, [0;33mLatency:    458[0m, (logn, xlen) = ( 6,   4)
[0;32mPASS PATTERN NO.  71[0m, [0;33mLatency:    450[0m, (logn, xlen) = ( 6,   4)
[0;32mPASS PATTERN NO.  72[0m, [0;33mLatency:    683[0m, (logn, xlen) = ( 5,   7)
[0;32mPASS PATTERN NO.  73[0m, [0;33mLatency:    679[0m, (logn, xlen) = ( 5,   7)
[0;32mPASS PATTERN NO.  74[0m, [0;33mLatency:   1429[0m, (logn, xlen) = ( 4,  14)
[0;32mPASS PATTERN NO.  75[0m, [0;33mLatency:   1413[0m, (logn, xlen) = ( 4,  14)
[0;32mPASS PATTERN NO.  76[0m, [0;33mLatency:  12182[0m, (logn, xlen) = ( 4,  40)
[0;32mPASS PATTERN NO.  77[0m, [0;33mLatency:  12176[0m, (logn, xlen) = ( 4,  40)
[0;32mPASS PATTERN NO.  78[0m, [0;33mLatency:    606[0m, (logn, xlen) = ( 8,   2)
[0;32mPASS PATTERN NO.  79[0m, [0;33mLatency:    606[0m, (logn, xlen) = ( 8,   2)
[0;32mPASS PATTERN NO.  80[0m, [0;33mLatency:    312[0m, (logn, xlen) = ( 7,   2)
[0;32mPASS PATTERN NO.  81[0m, [0;33mLatency:    311[0m, (logn, xlen) = ( 7,   2)
[0;32mPASS PATTERN NO.  82[0m, [0;33mLatency:    449[0m, (logn, xlen) = ( 6,   4)
[0;32mPASS PATTERN NO.  83[0m, [0;33mLatency:    456[0m, (logn, xlen) = ( 6,   4)
[0;32mPASS PATTERN NO.  84[0m, [0;33mLatency:    686[0m, (logn, xlen) = ( 5,   7)
[0;32mPASS PATTERN NO.  85[0m, [0;33mLatency:    679[0m, (logn, xlen) = ( 5,   7)
[0;32mPASS PATTERN NO.  86[0m, [0;33mLatency:   6495[0m, (logn, xlen) = ( 5,  21)
[0;32mPASS PATTERN NO.  87[0m, [0;33mLatency:   6515[0m, (logn, xlen) = ( 5,  21)
[0;32mPASS PATTERN NO.  88[0m, [0;33mLatency:    607[0m, (logn, xlen) = ( 8,   2)
[0;32mPASS PATTERN NO.  89[0m, [0;33mLatency:    605[0m, (logn, xlen) = ( 8,   2)
[0;32mPASS PATTERN NO.  90[0m, [0;33mLatency:    310[0m, (logn, xlen) = ( 7,   2)
[0;32mPASS PATTERN NO.  91[0m, [0;33mLatency:    310[0m, (logn, xlen) = ( 7,   2)
[0;32mPASS PATTERN NO.  92[0m, [0;33mLatency:    447[0m, (logn, xlen) = ( 6,   4)
[0;32mPASS PATTERN NO.  93[0m, [0;33mLatency:    457[0m, (logn, xlen) = ( 6,   4)
[0;32mPASS PATTERN NO.  94[0m, [0;33mLatency:   4114[0m, (logn, xlen) = ( 6,  12)
[0;32mPASS PATTERN NO.  95[0m, [0;33mLatency:   4119[0m, (logn, xlen) = ( 6,  12)
[0;32mPASS PATTERN NO.  96[0m, [0;33mLatency:    706[0m, (logn, xlen) = ( 6,   5)
[0;32mPASS PATTERN NO.  97[0m, [0;33mLatency:    709[0m, (logn, xlen) = ( 6,   5)
[0;32mPASS PATTERN NO.  98[0m, [0;33mLatency:    679[0m, (logn, xlen) = ( 6,   5)
[0;32mPASS PATTERN NO.  99[0m, [0;33mLatency:    689[0m, (logn, xlen) = ( 6,   5)
[0;32mPASS PATTERN NO. 100[0m, [0;33mLatency:    684[0m, (logn, xlen) = ( 6,   5)
[0;32mPASS PATTERN NO. 101[0m, [0;33mLatency:    681[0m, (logn, xlen) = ( 6,   5)
[0;32mPASS PATTERN NO. 102[0m, [0;33mLatency:    709[0m, (logn, xlen) = ( 6,   5)
[0;32mPASS PATTERN NO. 103[0m, [0;33mLatency:    698[0m, (logn, xlen) = ( 6,   5)
[0;32mPASS PATTERN NO. 104[0m, [0;33mLatency:    691[0m, (logn, xlen) = ( 6,   5)
[0;32mPASS PATTERN NO. 105[0m, [0;33mLatency:    691[0m, (logn, xlen) = ( 6,   5)
[0;32mPASS PATTERN NO. 106[0m, [0;33mLatency:    699[0m, (logn, xlen) = ( 6,   5)
[0;32mPASS PATTERN NO. 107[0m, [0;33mLatency:    696[0m, (logn, xlen) = ( 6,   5)
[0;32mPASS PATTERN NO. 108[0m, [0;33mLatency:    690[0m, (logn, xlen) = ( 6,   5)
[0;32mPASS PATTERN NO. 109[0m, [0;33mLatency:    685[0m, (logn, xlen) = ( 6,   5)
[0;32mPASS PATTERN NO. 110[0m, [0;33mLatency:    684[0m, (logn, xlen) = ( 6,   5)
[0;32mPASS PATTERN NO. 111[0m, [0;33mLatency:    699[0m, (logn, xlen) = ( 6,   5)
[0;32mPASS PATTERN NO. 112[0m, [0;33mLatency:    685[0m, (logn, xlen) = ( 6,   5)
[0;32mPASS PATTERN NO. 113[0m, [0;33mLatency:    689[0m, (logn, xlen) = ( 6,   5)
[0;32mPASS PATTERN NO. 114[0m, [0;33mLatency:    706[0m, (logn, xlen) = ( 6,   5)
[0;32mPASS PATTERN NO. 115[0m, [0;33mLatency:    690[0m, (logn, xlen) = ( 6,   5)
[0;32mPASS PATTERN NO. 116[0m, [0;33mLatency:    683[0m, (logn, xlen) = ( 6,   5)
[0;32mPASS PATTERN NO. 117[0m, [0;33mLatency:    684[0m, (logn, xlen) = ( 6,   5)
[0;32mPASS PATTERN NO. 118[0m, [0;33mLatency:    691[0m, (logn, xlen) = ( 6,   5)
[0;32mPASS PATTERN NO. 119[0m, [0;33mLatency:    697[0m, (logn, xlen) = ( 6,   5)
[0;32mPASS PATTERN NO. 120[0m, [0;33mLatency:    681[0m, (logn, xlen) = ( 6,   5)
[0;32mPASS PATTERN NO. 121[0m, [0;33mLatency:    695[0m, (logn, xlen) = ( 6,   5)
[0;32mPASS PATTERN NO. 122[0m, [0;33mLatency:    608[0m, (logn, xlen) = ( 8,   2)
[0;32mPASS PATTERN NO. 123[0m, [0;33mLatency:    608[0m, (logn, xlen) = ( 8,   2)
[0;32mPASS PATTERN NO. 124[0m, [0;33mLatency:    309[0m, (logn, xlen) = ( 7,   2)
[0;32mPASS PATTERN NO. 125[0m, [0;33mLatency:    312[0m, (logn, xlen) = ( 7,   2)
[0;32mPASS PATTERN NO. 126[0m, [0;33mLatency:   2664[0m, (logn, xlen) = ( 7,   7)
[0;32mPASS PATTERN NO. 127[0m, [0;33mLatency:   2697[0m, (logn, xlen) = ( 7,   7)
[0;32mPASS PATTERN NO. 128[0m, [0;33mLatency:    552[0m, (logn, xlen) = ( 7,   3)
[0;32mPASS PATTERN NO. 129[0m, [0;33mLatency:    553[0m, (logn, xlen) = ( 7,   3)
[0;32mPASS PATTERN NO. 130[0m, [0;33mLatency:    552[0m, (logn, xlen) = ( 7,   3)
[0;32mPASS PATTERN NO. 131[0m, [0;33mLatency:    553[0m, (logn, xlen) = ( 7,   3)
[0;32mPASS PATTERN NO. 132[0m, [0;33mLatency:    553[0m, (logn, xlen) = ( 7,   3)
[0;32mPASS PATTERN NO. 133[0m, [0;33mLatency:    549[0m, (logn, xlen) = ( 7,   3)
[0;32mPASS PATTERN NO. 134[0m, [0;33mLatency:    553[0m, (logn, xlen) = ( 7,   3)
[0;32mPASS PATTERN NO. 135[0m, [0;33mLatency:    554[0m, (logn, xlen) = ( 7,   3)
[0;32mPASS PATTERN NO. 136[0m, [0;33mLatency:    549[0m, (logn, xlen) = ( 7,   3)
[0;32mPASS PATTERN NO. 137[0m, [0;33mLatency:    547[0m, (logn, xlen) = ( 7,   3)
[0;32mPASS PATTERN NO. 138[0m, [0;33mLatency:    554[0m, (logn, xlen) = ( 7,   3)
[0;32mPASS PATTERN NO. 139[0m, [0;33mLatency:    554[0m, (logn, xlen) = ( 7,   3)
[0;32mPASS PATTERN NO. 140[0m, [0;33mLatency:    554[0m, (logn, xlen) = ( 7,   3)
[0;32mPASS PATTERN NO. 141[0m, [0;33mLatency:    549[0m, (logn, xlen) = ( 7,   3)
[0;32mPASS PATTERN NO. 142[0m, [0;33mLatency:    548[0m, (logn, xlen) = ( 7,   3)
[0;32mPASS PATTERN NO. 143[0m, [0;33mLatency:    554[0m, (logn, xlen) = ( 7,   3)
[0;32mPASS PATTERN NO. 144[0m, [0;33mLatency:    606[0m, (logn, xlen) = ( 8,   2)
[0;32mPASS PATTERN NO. 145[0m, [0;33mLatency:    608[0m, (logn, xlen) = ( 8,   2)
[0;32mPASS PATTERN NO. 146[0m, [0;33mLatency:   2665[0m, (logn, xlen) = ( 8,   5)
[0;32mPASS PATTERN NO. 147[0m, [0;33mLatency:   2672[0m, (logn, xlen) = ( 8,   5)
[0;32mPASS PATTERN NO. 148[0m, [0;33mLatency:   1081[0m, (logn, xlen) = ( 8,   3)
[0;32mPASS PATTERN NO. 149[0m, [0;33mLatency:   1096[0m, (logn, xlen) = ( 8,   3)
[0;32mPASS PATTERN NO. 150[0m, [0;33mLatency:   1080[0m, (logn, xlen) = ( 8,   3)
[0;32mPASS PATTERN NO. 151[0m, [0;33mLatency:   1079[0m, (logn, xlen) = ( 8,   3)
[0;32mPASS PATTERN NO. 152[0m, [0;33mLatency:   1080[0m, (logn, xlen) = ( 8,   3)
[0;32mPASS PATTERN NO. 153[0m, [0;33mLatency:   1080[0m, (logn, xlen) = ( 8,   3)
[0;32mPASS PATTERN NO. 154[0m, [0;33mLatency:   1096[0m, (logn, xlen) = ( 8,   3)
[0;32mPASS PATTERN NO. 155[0m, [0;33mLatency:   1080[0m, (logn, xlen) = ( 8,   3)
[0;32mPASS PATTERN NO. 156[0m, [0;33mLatency:   1081[0m, (logn, xlen) = ( 8,   3)
[0;32mPASS PATTERN NO. 157[0m, [0;33mLatency:   1095[0m, (logn, xlen) = ( 8,   3)
[0;32mPASS PATTERN NO. 158[0m, [0;33mLatency:   1079[0m, (logn, xlen) = ( 8,   3)
[0;32mPASS PATTERN NO. 159[0m, [0;33mLatency:   1095[0m, (logn, xlen) = ( 8,   3)
[0;32mPASS PATTERN NO. 160[0m, [0;33mLatency:   1078[0m, (logn, xlen) = ( 8,   3)
[0;32mPASS PATTERN NO. 161[0m, [0;33mLatency:   1080[0m, (logn, xlen) = ( 8,   3)
[0;32mPASS PATTERN NO. 162[0m, [0;33mLatency:   2383[0m, (logn, xlen) = (10,   2)
[0;32mPASS PATTERN NO. 163[0m, [0;33mLatency:    608[0m, (logn, xlen) = ( 8,   2)
[0;32mPASS PATTERN NO. 164[0m, [0;33mLatency:    607[0m, (logn, xlen) = ( 8,   2)
[0;32mPASS PATTERN NO. 165[0m, [0;33mLatency:    311[0m, (logn, xlen) = ( 7,   2)
[0;32mPASS PATTERN NO. 166[0m, [0;33mLatency:    309[0m, (logn, xlen) = ( 7,   2)
[0;32mPASS PATTERN NO. 167[0m, [0;33mLatency:    451[0m, (logn, xlen) = ( 6,   4)
[0;32mPASS PATTERN NO. 168[0m, [0;33mLatency:    455[0m, (logn, xlen) = ( 6,   4)
[0;32mPASS PATTERN NO. 169[0m, [0;33mLatency:    697[0m, (logn, xlen) = ( 5,   7)
[0;32mPASS PATTERN NO. 170[0m, [0;33mLatency:    685[0m, (logn, xlen) = ( 5,   7)
[0;32mPASS PATTERN NO. 171[0m, [0;33mLatency:   1434[0m, (logn, xlen) = ( 4,  14)
[0;32mPASS PATTERN NO. 172[0m, [0;33mLatency:   1433[0m, (logn, xlen) = ( 4,  14)
[0;32mPASS PATTERN NO. 173[0m, [0;33mLatency:   2746[0m, (logn, xlen) = ( 3,  27)
[0;32mPASS PATTERN NO. 174[0m, [0;33mLatency:   2747[0m, (logn, xlen) = ( 3,  27)
[0;32mPASS PATTERN NO. 175[0m, [0;33mLatency:   6053[0m, (logn, xlen) = ( 2,  53)
[0;32mPASS PATTERN NO. 176[0m, [0;33mLatency:   6053[0m, (logn, xlen) = ( 2,  53)
[0;32mPASS PATTERN NO. 177[0m, [0;33mLatency:  23347[0m, (logn, xlen) = ( 1, 106)
[0;32mPASS PATTERN NO. 178[0m, [0;33mLatency:  23342[0m, (logn, xlen) = ( 1, 106)
[0;32mPASS PATTERN NO. 179[0m, [0;33mLatency:  89084[0m, (logn, xlen) = ( 1, 209)
[0;32mPASS PATTERN NO. 180[0m, [0;33mLatency:    605[0m, (logn, xlen) = ( 8,   2)
[0;32mPASS PATTERN NO. 181[0m, [0;33mLatency:    607[0m, (logn, xlen) = ( 8,   2)
[0;32mPASS PATTERN NO. 182[0m, [0;33mLatency:    310[0m, (logn, xlen) = ( 7,   2)
[0;32mPASS PATTERN NO. 183[0m, [0;33mLatency:    310[0m, (logn, xlen) = ( 7,   2)
[0;32mPASS PATTERN NO. 184[0m, [0;33mLatency:    460[0m, (logn, xlen) = ( 6,   4)
[0;32mPASS PATTERN NO. 185[0m, [0;33mLatency:    456[0m, (logn, xlen) = ( 6,   4)
[0;32mPASS PATTERN NO. 186[0m, [0;33mLatency:    683[0m, (logn, xlen) = ( 5,   7)
[0;32mPASS PATTERN NO. 187[0m, [0;33mLatency:    697[0m, (logn, xlen) = ( 5,   7)
[0;32mPASS PATTERN NO. 188[0m, [0;33mLatency:   1430[0m, (logn, xlen) = ( 4,  14)
[0;32mPASS PATTERN NO. 189[0m, [0;33mLatency:   1434[0m, (logn, xlen) = ( 4,  14)
[0;32mPASS PATTERN NO. 190[0m, [0;33mLatency:   2753[0m, (logn, xlen) = ( 3,  27)
[0;32mPASS PATTERN NO. 191[0m, [0;33mLatency:   2744[0m, (logn, xlen) = ( 3,  27)
[0;32mPASS PATTERN NO. 192[0m, [0;33mLatency:   6049[0m, (logn, xlen) = ( 2,  53)
[0;32mPASS PATTERN NO. 193[0m, [0;33mLatency:   6053[0m, (logn, xlen) = ( 2,  53)
[0;32mPASS PATTERN NO. 194[0m, [0;33mLatency:  23352[0m, (logn, xlen) = ( 1, 106)
[0;32mPASS PATTERN NO. 195[0m, [0;33mLatency:  23350[0m, (logn, xlen) = ( 1, 106)
[0;32mPASS PATTERN NO. 196[0m, [0;33mLatency: 192261[0m, (logn, xlen) = ( 1, 308)
[0;32mPASS PATTERN NO. 197[0m, [0;33mLatency: 192269[0m, (logn, xlen) = ( 1, 308)
[0;32mPASS PATTERN NO. 198[0m, [0;33mLatency:    608[0m, (logn, xlen) = ( 8,   2)
[0;32mPASS PATTERN NO. 199[0m, [0;33mLatency:    605[0m, (logn, xlen) = ( 8,   2)
[0;32mPASS PATTERN NO. 200[0m, [0;33mLatency:    310[0m, (logn, xlen) = ( 7,   2)
[0;32mPASS PATTERN NO. 201[0m, [0;33mLatency:    312[0m, (logn, xlen) = ( 7,   2)
[0;32mPASS PATTERN NO. 202[0m, [0;33mLatency:    448[0m, (logn, xlen) = ( 6,   4)
[0;32mPASS PATTERN NO. 203[0m, [0;33mLatency:    460[0m, (logn, xlen) = ( 6,   4)
[0;32mPASS PATTERN NO. 204[0m, [0;33mLatency:    693[0m, (logn, xlen) = ( 5,   7)
[0;32mPASS PATTERN NO. 205[0m, [0;33mLatency:    699[0m, (logn, xlen) = ( 5,   7)
[0;32mPASS PATTERN NO. 206[0m, [0;33mLatency:   1431[0m, (logn, xlen) = ( 4,  14)
[0;32mPASS PATTERN NO. 207[0m, [0;33mLatency:   1425[0m, (logn, xlen) = ( 4,  14)
[0;32mPASS PATTERN NO. 208[0m, [0;33mLatency:   2740[0m, (logn, xlen) = ( 3,  27)
[0;32mPASS PATTERN NO. 209[0m, [0;33mLatency:   2740[0m, (logn, xlen) = ( 3,  27)
[0;32mPASS PATTERN NO. 210[0m, [0;33mLatency:   6052[0m, (logn, xlen) = ( 2,  53)
[0;32mPASS PATTERN NO. 211[0m, [0;33mLatency:   6051[0m, (logn, xlen) = ( 2,  53)
[0;32mPASS PATTERN NO. 212[0m, [0;33mLatency:  50588[0m, (logn, xlen) = ( 2, 157)
[0;32mPASS PATTERN NO. 213[0m, [0;33mLatency:  50590[0m, (logn, xlen) = ( 2, 157)
[0;32mPASS PATTERN NO. 214[0m, [0;33mLatency:    607[0m, (logn, xlen) = ( 8,   2)
[0;32mPASS PATTERN NO. 215[0m, [0;33mLatency:    608[0m, (logn, xlen) = ( 8,   2)
[0;32mPASS PATTERN NO. 216[0m, [0;33mLatency:    312[0m, (logn, xlen) = ( 7,   2)
[0;32mPASS PATTERN NO. 217[0m, [0;33mLatency:    312[0m, (logn, xlen) = ( 7,   2)
[0;32mPASS PATTERN NO. 218[0m, [0;33mLatency:    458[0m, (logn, xlen) = ( 6,   4)
[0;32mPASS PATTERN NO. 219[0m, [0;33mLatency:    448[0m, (logn, xlen) = ( 6,   4)
[0;32mPASS PATTERN NO. 220[0m, [0;33mLatency:    687[0m, (logn, xlen) = ( 5,   7)
[0;32mPASS PATTERN NO. 221[0m, [0;33mLatency:    685[0m, (logn, xlen) = ( 5,   7)
[0;32mPASS PATTERN NO. 222[0m, [0;33mLatency:   1421[0m, (logn, xlen) = ( 4,  14)
[0;32mPASS PATTERN NO. 223[0m, [0;33mLatency:   1434[0m, (logn, xlen) = ( 4,  14)
[0;32mPASS PATTERN NO. 224[0m, [0;33mLatency:   2740[0m, (logn, xlen) = ( 3,  27)
[0;32mPASS PATTERN NO. 225[0m, [0;33mLatency:   2746[0m, (logn, xlen) = ( 3,  27)
[0;32mPASS PATTERN NO. 226[0m, [0;33mLatency:   6049[0m, (logn, xlen) = ( 2,  53)
[0;32mPASS PATTERN NO. 227[0m, [0;33mLatency:   6049[0m, (logn, xlen) = ( 2,  53)
[0;32mPASS PATTERN NO. 228[0m, [0;33mLatency:  23347[0m, (logn, xlen) = ( 1, 106)
[0;32mPASS PATTERN NO. 229[0m, [0;33mLatency:  23336[0m, (logn, xlen) = ( 1, 106)
[0;32mPASS PATTERN NO. 230[0m, [0;33mLatency:  89089[0m, (logn, xlen) = ( 1, 209)
[0;32mPASS PATTERN NO. 231[0m, [0;33mLatency:    607[0m, (logn, xlen) = ( 8,   2)
[0;32mPASS PATTERN NO. 232[0m, [0;33mLatency:    606[0m, (logn, xlen) = ( 8,   2)
[0;32mPASS PATTERN NO. 233[0m, [0;33mLatency:    309[0m, (logn, xlen) = ( 7,   2)
[0;32mPASS PATTERN NO. 234[0m, [0;33mLatency:    311[0m, (logn, xlen) = ( 7,   2)
[0;32mPASS PATTERN NO. 235[0m, [0;33mLatency:    456[0m, (logn, xlen) = ( 6,   4)
[0;32mPASS PATTERN NO. 236[0m, [0;33mLatency:    454[0m, (logn, xlen) = ( 6,   4)
[0;32mPASS PATTERN NO. 237[0m, [0;33mLatency:    697[0m, (logn, xlen) = ( 5,   7)
[0;32mPASS PATTERN NO. 238[0m, [0;33mLatency:    677[0m, (logn, xlen) = ( 5,   7)
[0;32mPASS PATTERN NO. 239[0m, [0;33mLatency:   1425[0m, (logn, xlen) = ( 4,  14)
[0;32mPASS PATTERN NO. 240[0m, [0;33mLatency:   1433[0m, (logn, xlen) = ( 4,  14)
[0;32mPASS PATTERN NO. 241[0m, [0;33mLatency:   2752[0m, (logn, xlen) = ( 3,  27)
[0;32mPASS PATTERN NO. 242[0m, [0;33mLatency:   2746[0m, (logn, xlen) = ( 3,  27)
[0;32mPASS PATTERN NO. 243[0m, [0;33mLatency:   6051[0m, (logn, xlen) = ( 2,  53)
[0;32mPASS PATTERN NO. 244[0m, [0;33mLatency:   6055[0m, (logn, xlen) = ( 2,  53)
[0;32mPASS PATTERN NO. 245[0m, [0;33mLatency:  23350[0m, (logn, xlen) = ( 1, 106)
[0;32mPASS PATTERN NO. 246[0m, [0;33mLatency:  23347[0m, (logn, xlen) = ( 1, 106)
[0;32mPASS PATTERN NO. 247[0m, [0;33mLatency: 192271[0m, (logn, xlen) = ( 1, 308)
[0;32mPASS PATTERN NO. 248[0m, [0;33mLatency: 192266[0m, (logn, xlen) = ( 1, 308)
[0;32mPASS PATTERN NO. 249[0m, [0;33mLatency:    608[0m, (logn, xlen) = ( 8,   2)
[0;32mPASS PATTERN NO. 250[0m, [0;33mLatency:    606[0m, (logn, xlen) = ( 8,   2)
[0;32mPASS PATTERN NO. 251[0m, [0;33mLatency:    309[0m, (logn, xlen) = ( 7,   2)
[0;32mPASS PATTERN NO. 252[0m, [0;33mLatency:    310[0m, (logn, xlen) = ( 7,   2)
[0;32mPASS PATTERN NO. 253[0m, [0;33mLatency:    457[0m, (logn, xlen) = ( 6,   4)
[0;32mPASS PATTERN NO. 254[0m, [0;33mLatency:    457[0m, (logn, xlen) = ( 6,   4)
[0;32mPASS PATTERN NO. 255[0m, [0;33mLatency:    682[0m, (logn, xlen) = ( 5,   7)
[0;32mPASS PATTERN NO. 256[0m, [0;33mLatency:    688[0m, (logn, xlen) = ( 5,   7)
[0;32mPASS PATTERN NO. 257[0m, [0;33mLatency:   1428[0m, (logn, xlen) = ( 4,  14)
[0;32mPASS PATTERN NO. 258[0m, [0;33mLatency:   1424[0m, (logn, xlen) = ( 4,  14)
[0;32mPASS PATTERN NO. 259[0m, [0;33mLatency:   2754[0m, (logn, xlen) = ( 3,  27)
[0;32mPASS PATTERN NO. 260[0m, [0;33mLatency:   2752[0m, (logn, xlen) = ( 3,  27)
[0;32mPASS PATTERN NO. 261[0m, [0;33mLatency:   6056[0m, (logn, xlen) = ( 2,  53)
[0;32mPASS PATTERN NO. 262[0m, [0;33mLatency:   6051[0m, (logn, xlen) = ( 2,  53)
[0;32mPASS PATTERN NO. 263[0m, [0;33mLatency:  50588[0m, (logn, xlen) = ( 2, 157)
[0;32mPASS PATTERN NO. 264[0m, [0;33mLatency:  50594[0m, (logn, xlen) = ( 2, 157)
[0;32mPASS PATTERN NO. 265[0m, [0;33mLatency:    608[0m, (logn, xlen) = ( 8,   2)
[0;32mPASS PATTERN NO. 266[0m, [0;33mLatency:    607[0m, (logn, xlen) = ( 8,   2)
[0;32mPASS PATTERN NO. 267[0m, [0;33mLatency:    309[0m, (logn, xlen) = ( 7,   2)
[0;32mPASS PATTERN NO. 268[0m, [0;33mLatency:    310[0m, (logn, xlen) = ( 7,   2)
[0;32mPASS PATTERN NO. 269[0m, [0;33mLatency:    449[0m, (logn, xlen) = ( 6,   4)
[0;32mPASS PATTERN NO. 270[0m, [0;33mLatency:    458[0m, (logn, xlen) = ( 6,   4)
[0;32mPASS PATTERN NO. 271[0m, [0;33mLatency:    685[0m, (logn, xlen) = ( 5,   7)
[0;32mPASS PATTERN NO. 272[0m, [0;33mLatency:    698[0m, (logn, xlen) = ( 5,   7)
[0;32mPASS PATTERN NO. 273[0m, [0;33mLatency:   1426[0m, (logn, xlen) = ( 4,  14)
[0;32mPASS PATTERN NO. 274[0m, [0;33mLatency:   1434[0m, (logn, xlen) = ( 4,  14)
[0;32mPASS PATTERN NO. 275[0m, [0;33mLatency:   2742[0m, (logn, xlen) = ( 3,  27)
[0;32mPASS PATTERN NO. 276[0m, [0;33mLatency:   2746[0m, (logn, xlen) = ( 3,  27)
[0;32mPASS PATTERN NO. 277[0m, [0;33mLatency:  23697[0m, (logn, xlen) = ( 3,  78)
[0;32mPASS PATTERN NO. 278[0m, [0;33mLatency:  23698[0m, (logn, xlen) = ( 3,  78)
[0;32mPASS PATTERN NO. 279[0m, [0;33mLatency:    607[0m, (logn, xlen) = ( 8,   2)
[0;32mPASS PATTERN NO. 280[0m, [0;33mLatency:    608[0m, (logn, xlen) = ( 8,   2)
[0;32mPASS PATTERN NO. 281[0m, [0;33mLatency:    310[0m, (logn, xlen) = ( 7,   2)
[0;32mPASS PATTERN NO. 282[0m, [0;33mLatency:    311[0m, (logn, xlen) = ( 7,   2)
[0;32mPASS PATTERN NO. 283[0m, [0;33mLatency:    449[0m, (logn, xlen) = ( 6,   4)
[0;32mPASS PATTERN NO. 284[0m, [0;33mLatency:    447[0m, (logn, xlen) = ( 6,   4)
[0;32mPASS PATTERN NO. 285[0m, [0;33mLatency:    678[0m, (logn, xlen) = ( 5,   7)
[0;32mPASS PATTERN NO. 286[0m, [0;33mLatency:    685[0m, (logn, xlen) = ( 5,   7)
[0;32mPASS PATTERN NO. 287[0m, [0;33mLatency:   1425[0m, (logn, xlen) = ( 4,  14)
[0;32mPASS PATTERN NO. 288[0m, [0;33mLatency:   1429[0m, (logn, xlen) = ( 4,  14)
[0;32mPASS PATTERN NO. 289[0m, [0;33mLatency:  12177[0m, (logn, xlen) = ( 4,  40)
[0;32mPASS PATTERN NO. 290[0m, [0;33mLatency:  12184[0m, (logn, xlen) = ( 4,  40)
[0;32mPASS PATTERN NO. 291[0m, [0;33mLatency:    607[0m, (logn, xlen) = ( 8,   2)
[0;32mPASS PATTERN NO. 292[0m, [0;33mLatency:    606[0m, (logn, xlen) = ( 8,   2)
[0;32mPASS PATTERN NO. 293[0m, [0;33mLatency:    311[0m, (logn, xlen) = ( 7,   2)
[0;32mPASS PATTERN NO. 294[0m, [0;33mLatency:    312[0m, (logn, xlen) = ( 7,   2)
[0;32mPASS PATTERN NO. 295[0m, [0;33mLatency:    447[0m, (logn, xlen) = ( 6,   4)
[0;32mPASS PATTERN NO. 296[0m, [0;33mLatency:    452[0m, (logn, xlen) = ( 6,   4)
[0;32mPASS PATTERN NO. 297[0m, [0;33mLatency:    687[0m, (logn, xlen) = ( 5,   7)
[0;32mPASS PATTERN NO. 298[0m, [0;33mLatency:    687[0m, (logn, xlen) = ( 5,   7)
[0;32mPASS PATTERN NO. 299[0m, [0;33mLatency:   6505[0m, (logn, xlen) = ( 5,  21)
[0;32mPASS PATTERN NO. 300[0m, [0;33mLatency:   6501[0m, (logn, xlen) = ( 5,  21)
[0;32mPASS PATTERN NO. 301[0m, [0;33mLatency:    606[0m, (logn, xlen) = ( 8,   2)
[0;32mPASS PATTERN NO. 302[0m, [0;33mLatency:    608[0m, (logn, xlen) = ( 8,   2)
[0;32mPASS PATTERN NO. 303[0m, [0;33mLatency:    310[0m, (logn, xlen) = ( 7,   2)
[0;32mPASS PATTERN NO. 304[0m, [0;33mLatency:    312[0m, (logn, xlen) = ( 7,   2)
[0;32mPASS PATTERN NO. 305[0m, [0;33mLatency:    448[0m, (logn, xlen) = ( 6,   4)
[0;32mPASS PATTERN NO. 306[0m, [0;33mLatency:    457[0m, (logn, xlen) = ( 6,   4)
[0;32mPASS PATTERN NO. 307[0m, [0;33mLatency:   4120[0m, (logn, xlen) = ( 6,  12)
[0;32mPASS PATTERN NO. 308[0m, [0;33mLatency:   4108[0m, (logn, xlen) = ( 6,  12)
[0;32mPASS PATTERN NO. 309[0m, [0;33mLatency:    707[0m, (logn, xlen) = ( 6,   5)
[0;32mPASS PATTERN NO. 310[0m, [0;33mLatency:    687[0m, (logn, xlen) = ( 6,   5)
[0;32mPASS PATTERN NO. 311[0m, [0;33mLatency:    698[0m, (logn, xlen) = ( 6,   5)
[0;32mPASS PATTERN NO. 312[0m, [0;33mLatency:    680[0m, (logn, xlen) = ( 6,   5)
[0;32mPASS PATTERN NO. 313[0m, [0;33mLatency:    686[0m, (logn, xlen) = ( 6,   5)
[0;32mPASS PATTERN NO. 314[0m, [0;33mLatency:    684[0m, (logn, xlen) = ( 6,   5)
[0;32mPASS PATTERN NO. 315[0m, [0;33mLatency:    679[0m, (logn, xlen) = ( 6,   5)
[0;32mPASS PATTERN NO. 316[0m, [0;33mLatency:    684[0m, (logn, xlen) = ( 6,   5)
[0;32mPASS PATTERN NO. 317[0m, [0;33mLatency:    684[0m, (logn, xlen) = ( 6,   5)
[0;32mPASS PATTERN NO. 318[0m, [0;33mLatency:    682[0m, (logn, xlen) = ( 6,   5)
[0;32mPASS PATTERN NO. 319[0m, [0;33mLatency:    680[0m, (logn, xlen) = ( 6,   5)
[0;32mPASS PATTERN NO. 320[0m, [0;33mLatency:    692[0m, (logn, xlen) = ( 6,   5)
[0;32mPASS PATTERN NO. 321[0m, [0;33mLatency:    686[0m, (logn, xlen) = ( 6,   5)
[0;32mPASS PATTERN NO. 322[0m, [0;33mLatency:    679[0m, (logn, xlen) = ( 6,   5)
[0;32mPASS PATTERN NO. 323[0m, [0;33mLatency:    690[0m, (logn, xlen) = ( 6,   5)
[0;32mPASS PATTERN NO. 324[0m, [0;33mLatency:    695[0m, (logn, xlen) = ( 6,   5)
[0;32mPASS PATTERN NO. 325[0m, [0;33mLatency:    697[0m, (logn, xlen) = ( 6,   5)
[0;32mPASS PATTERN NO. 326[0m, [0;33mLatency:    697[0m, (logn, xlen) = ( 6,   5)
[0;32mPASS PATTERN NO. 327[0m, [0;33mLatency:    690[0m, (logn, xlen) = ( 6,   5)
[0;32mPASS PATTERN NO. 328[0m, [0;33mLatency:    687[0m, (logn, xlen) = ( 6,   5)
[0;32mPASS PATTERN NO. 329[0m, [0;33mLatency:    709[0m, (logn, xlen) = ( 6,   5)
[0;32mPASS PATTERN NO. 330[0m, [0;33mLatency:    686[0m, (logn, xlen) = ( 6,   5)
[0;32mPASS PATTERN NO. 331[0m, [0;33mLatency:    682[0m, (logn, xlen) = ( 6,   5)
[0;32mPASS PATTERN NO. 332[0m, [0;33mLatency:    690[0m, (logn, xlen) = ( 6,   5)
[0;32mPASS PATTERN NO. 333[0m, [0;33mLatency:    681[0m, (logn, xlen) = ( 6,   5)
[0;32mPASS PATTERN NO. 334[0m, [0;33mLatency:    686[0m, (logn, xlen) = ( 6,   5)
[0;32mPASS PATTERN NO. 335[0m, [0;33mLatency:    607[0m, (logn, xlen) = ( 8,   2)
[0;32mPASS PATTERN NO. 336[0m, [0;33mLatency:    605[0m, (logn, xlen) = ( 8,   2)
[0;32mPASS PATTERN NO. 337[0m, [0;33mLatency:    312[0m, (logn, xlen) = ( 7,   2)
[0;32mPASS PATTERN NO. 338[0m, [0;33mLatency:    312[0m, (logn, xlen) = ( 7,   2)
[0;32mPASS PATTERN NO. 339[0m, [0;33mLatency:   2637[0m, (logn, xlen) = ( 7,   7)
[0;32mPASS PATTERN NO. 340[0m, [0;33mLatency:   2646[0m, (logn, xlen) = ( 7,   7)
[0;32mPASS PATTERN NO. 341[0m, [0;33mLatency:    553[0m, (logn, xlen) = ( 7,   3)
[0;32mPASS PATTERN NO. 342[0m, [0;33mLatency:    554[0m, (logn, xlen) = ( 7,   3)
[0;32mPASS PATTERN NO. 343[0m, [0;33mLatency:    552[0m, (logn, xlen) = ( 7,   3)
[0;32mPASS PATTERN NO. 344[0m, [0;33mLatency:    554[0m, (logn, xlen) = ( 7,   3)
[0;32mPASS PATTERN NO. 345[0m, [0;33mLatency:    546[0m, (logn, xlen) = ( 7,   3)
[0;32mPASS PATTERN NO. 346[0m, [0;33mLatency:    552[0m, (logn, xlen) = ( 7,   3)
[0;32mPASS PATTERN NO. 347[0m, [0;33mLatency:    554[0m, (logn, xlen) = ( 7,   3)
[0;32mPASS PATTERN NO. 348[0m, [0;33mLatency:    554[0m, (logn, xlen) = ( 7,   3)
[0;32mPASS PATTERN NO. 349[0m, [0;33mLatency:    548[0m, (logn, xlen) = ( 7,   3)
[0;32mPASS PATTERN NO. 350[0m, [0;33mLatency:    549[0m, (logn, xlen) = ( 7,   3)
[0;32mPASS PATTERN NO. 351[0m, [0;33mLatency:    553[0m, (logn, xlen) = ( 7,   3)
[0;32mPASS PATTERN NO. 352[0m, [0;33mLatency:    553[0m, (logn, xlen) = ( 7,   3)
[0;32mPASS PATTERN NO. 353[0m, [0;33mLatency:    553[0m, (logn, xlen) = ( 7,   3)
[0;32mPASS PATTERN NO. 354[0m, [0;33mLatency:    555[0m, (logn, xlen) = ( 7,   3)
[0;32mPASS PATTERN NO. 355[0m, [0;33mLatency:    554[0m, (logn, xlen) = ( 7,   3)
[0;32mPASS PATTERN NO. 356[0m, [0;33mLatency:    553[0m, (logn, xlen) = ( 7,   3)
[0;32mPASS PATTERN NO. 357[0m, [0;33mLatency:    608[0m, (logn, xlen) = ( 8,   2)
[0;32mPASS PATTERN NO. 358[0m, [0;33mLatency:    607[0m, (logn, xlen) = ( 8,   2)
[0;32mPASS PATTERN NO. 359[0m, [0;33mLatency:   2658[0m, (logn, xlen) = ( 8,   5)
[0;32mPASS PATTERN NO. 360[0m, [0;33mLatency:   2658[0m, (logn, xlen) = ( 8,   5)
[0;32mPASS PATTERN NO. 361[0m, [0;33mLatency:   1079[0m, (logn, xlen) = ( 8,   3)
[0;32mPASS PATTERN NO. 362[0m, [0;33mLatency:   1096[0m, (logn, xlen) = ( 8,   3)
[0;32mPASS PATTERN NO. 363[0m, [0;33mLatency:   1082[0m, (logn, xlen) = ( 8,   3)
[0;32mPASS PATTERN NO. 364[0m, [0;33mLatency:   1081[0m, (logn, xlen) = ( 8,   3)
[0;32mPASS PATTERN NO. 365[0m, [0;33mLatency:   1079[0m, (logn, xlen) = ( 8,   3)
[0;32mPASS PATTERN NO. 366[0m, [0;33mLatency:   1097[0m, (logn, xlen) = ( 8,   3)
[0;32mPASS PATTERN NO. 367[0m, [0;33mLatency:   1081[0m, (logn, xlen) = ( 8,   3)
[0;32mPASS PATTERN NO. 368[0m, [0;33mLatency:   1096[0m, (logn, xlen) = ( 8,   3)
[0;32mPASS PATTERN NO. 369[0m, [0;33mLatency:   1081[0m, (logn, xlen) = ( 8,   3)
[0;32mPASS PATTERN NO. 370[0m, [0;33mLatency:   1080[0m, (logn, xlen) = ( 8,   3)
[0;32mPASS PATTERN NO. 371[0m, [0;33mLatency:   1080[0m, (logn, xlen) = ( 8,   3)
[0;32mPASS PATTERN NO. 372[0m, [0;33mLatency:   1097[0m, (logn, xlen) = ( 8,   3)
[0;32mPASS PATTERN NO. 373[0m, [0;33mLatency:   1080[0m, (logn, xlen) = ( 8,   3)
[0;32mPASS PATTERN NO. 374[0m, [0;33mLatency:   1097[0m, (logn, xlen) = ( 8,   3)
[0;32mPASS PATTERN NO. 375[0m, [0;33mLatency:   2383[0m, (logn, xlen) = (10,   2)
[0;32mPASS PATTERN NO. 376[0m, [0;33mLatency:    607[0m, (logn, xlen) = ( 8,   2)
[0;32mPASS PATTERN NO. 377[0m, [0;33mLatency:    608[0m, (logn, xlen) = ( 8,   2)
[0;32mPASS PATTERN NO. 378[0m, [0;33mLatency:    309[0m, (logn, xlen) = ( 7,   2)
[0;32mPASS PATTERN NO. 379[0m, [0;33mLatency:    309[0m, (logn, xlen) = ( 7,   2)
[0;32mPASS PATTERN NO. 380[0m, [0;33mLatency:    448[0m, (logn, xlen) = ( 6,   4)
[0;32mPASS PATTERN NO. 381[0m, [0;33mLatency:    447[0m, (logn, xlen) = ( 6,   4)
[0;32mPASS PATTERN NO. 382[0m, [0;33mLatency:    698[0m, (logn, xlen) = ( 5,   7)
[0;32mPASS PATTERN NO. 383[0m, [0;33mLatency:    684[0m, (logn, xlen) = ( 5,   7)
[0;32mPASS PATTERN NO. 384[0m, [0;33mLatency:   1428[0m, (logn, xlen) = ( 4,  14)
[0;32mPASS PATTERN NO. 385[0m, [0;33mLatency:   1432[0m, (logn, xlen) = ( 4,  14)
[0;32mPASS PATTERN NO. 386[0m, [0;33mLatency:   2755[0m, (logn, xlen) = ( 3,  27)
[0;32mPASS PATTERN NO. 387[0m, [0;33mLatency:   2754[0m, (logn, xlen) = ( 3,  27)
[0;32mPASS PATTERN NO. 388[0m, [0;33mLatency:   6052[0m, (logn, xlen) = ( 2,  53)
[0;32mPASS PATTERN NO. 389[0m, [0;33mLatency:   6053[0m, (logn, xlen) = ( 2,  53)
[0;32mPASS PATTERN NO. 390[0m, [0;33mLatency:  23351[0m, (logn, xlen) = ( 1, 106)
[0;32mPASS PATTERN NO. 391[0m, [0;33mLatency:  23344[0m, (logn, xlen) = ( 1, 106)
[0;32mPASS PATTERN NO. 392[0m, [0;33mLatency:  89084[0m, (logn, xlen) = ( 1, 209)
[0;32mPASS PATTERN NO. 393[0m, [0;33mLatency:    606[0m, (logn, xlen) = ( 8,   2)
[0;32mPASS PATTERN NO. 394[0m, [0;33mLatency:    606[0m, (logn, xlen) = ( 8,   2)
[0;32mPASS PATTERN NO. 395[0m, [0;33mLatency:    309[0m, (logn, xlen) = ( 7,   2)
[0;32mPASS PATTERN NO. 396[0m, [0;33mLatency:    310[0m, (logn, xlen) = ( 7,   2)
[0;32mPASS PATTERN NO. 397[0m, [0;33mLatency:    458[0m, (logn, xlen) = ( 6,   4)
[0;32mPASS PATTERN NO. 398[0m, [0;33mLatency:    447[0m, (logn, xlen) = ( 6,   4)
[0;32mPASS PATTERN NO. 399[0m, [0;33mLatency:    688[0m, (logn, xlen) = ( 5,   7)
[0;32mPASS PATTERN NO. 400[0m, [0;33mLatency:    699[0m, (logn, xlen) = ( 5,   7)
[0;32mPASS PATTERN NO. 401[0m, [0;33mLatency:   1418[0m, (logn, xlen) = ( 4,  14)
[0;32mPASS PATTERN NO. 402[0m, [0;33mLatency:   1431[0m, (logn, xlen) = ( 4,  14)
[0;32mPASS PATTERN NO. 403[0m, [0;33mLatency:   2745[0m, (logn, xlen) = ( 3,  27)
[0;32mPASS PATTERN NO. 404[0m, [0;33mLatency:   2753[0m, (logn, xlen) = ( 3,  27)
[0;32mPASS PATTERN NO. 405[0m, [0;33mLatency:   6055[0m, (logn, xlen) = ( 2,  53)
[0;32mPASS PATTERN NO. 406[0m, [0;33mLatency:   6053[0m, (logn, xlen) = ( 2,  53)
[0;32mPASS PATTERN NO. 407[0m, [0;33mLatency:  23342[0m, (logn, xlen) = ( 1, 106)
[0;32mPASS PATTERN NO. 408[0m, [0;33mLatency:  23347[0m, (logn, xlen) = ( 1, 106)
[0;32mPASS PATTERN NO. 409[0m, [0;33mLatency: 192272[0m, (logn, xlen) = ( 1, 308)
[0;32mPASS PATTERN NO. 410[0m, [0;33mLatency: 192260[0m, (logn, xlen) = ( 1, 308)
[0;32mPASS PATTERN NO. 411[0m, [0;33mLatency:    608[0m, (logn, xlen) = ( 8,   2)
[0;32mPASS PATTERN NO. 412[0m, [0;33mLatency:    608[0m, (logn, xlen) = ( 8,   2)
[0;32mPASS PATTERN NO. 413[0m, [0;33mLatency:    310[0m, (logn, xlen) = ( 7,   2)
[0;32mPASS PATTERN NO. 414[0m, [0;33mLatency:    310[0m, (logn, xlen) = ( 7,   2)
[0;32mPASS PATTERN NO. 415[0m, [0;33mLatency:    460[0m, (logn, xlen) = ( 6,   4)
[0;32mPASS PATTERN NO. 416[0m, [0;33mLatency:    451[0m, (logn, xlen) = ( 6,   4)
[0;32mPASS PATTERN NO. 417[0m, [0;33mLatency:    684[0m, (logn, xlen) = ( 5,   7)
[0;32mPASS PATTERN NO. 418[0m, [0;33mLatency:    692[0m, (logn, xlen) = ( 5,   7)
[0;32mPASS PATTERN NO. 419[0m, [0;33mLatency:   1414[0m, (logn, xlen) = ( 4,  14)
[0;32mPASS PATTERN NO. 420[0m, [0;33mLatency:   1424[0m, (logn, xlen) = ( 4,  14)
[0;32mPASS PATTERN NO. 421[0m, [0;33mLatency:   2744[0m, (logn, xlen) = ( 3,  27)
[0;32mPASS PATTERN NO. 422[0m, [0;33mLatency:   2745[0m, (logn, xlen) = ( 3,  27)
[0;32mPASS PATTERN NO. 423[0m, [0;33mLatency:   6048[0m, (logn, xlen) = ( 2,  53)
[0;32mPASS PATTERN NO. 424[0m, [0;33mLatency:   6052[0m, (logn, xlen) = ( 2,  53)
[0;32mPASS PATTERN NO. 425[0m, [0;33mLatency:  50586[0m, (logn, xlen) = ( 2, 157)
[0;32mPASS PATTERN NO. 426[0m, [0;33mLatency:  50590[0m, (logn, xlen) = ( 2, 157)
[0;32mPASS PATTERN NO. 427[0m, [0;33mLatency:    608[0m, (logn, xlen) = ( 8,   2)
[0;32mPASS PATTERN NO. 428[0m, [0;33mLatency:    608[0m, (logn, xlen) = ( 8,   2)
[0;32mPASS PATTERN NO. 429[0m, [0;33mLatency:    310[0m, (logn, xlen) = ( 7,   2)
[0;32mPASS PATTERN NO. 430[0m, [0;33mLatency:    309[0m, (logn, xlen) = ( 7,   2)
[0;32mPASS PATTERN NO. 431[0m, [0;33mLatency:    449[0m, (logn, xlen) = ( 6,   4)
[0;32mPASS PATTERN NO. 432[0m, [0;33mLatency:    457[0m, (logn, xlen) = ( 6,   4)
[0;32mPASS PATTERN NO. 433[0m, [0;33mLatency:    687[0m, (logn, xlen) = ( 5,   7)
[0;32mPASS PATTERN NO. 434[0m, [0;33mLatency:    687[0m, (logn, xlen) = ( 5,   7)
[0;32mPASS PATTERN NO. 435[0m, [0;33mLatency:   1429[0m, (logn, xlen) = ( 4,  14)
[0;32mPASS PATTERN NO. 436[0m, [0;33mLatency:   1437[0m, (logn, xlen) = ( 4,  14)
[0;32mPASS PATTERN NO. 437[0m, [0;33mLatency:   2743[0m, (logn, xlen) = ( 3,  27)
[0;32mPASS PATTERN NO. 438[0m, [0;33mLatency:   2751[0m, (logn, xlen) = ( 3,  27)
[0;32mPASS PATTERN NO. 439[0m, [0;33mLatency:  23693[0m, (logn, xlen) = ( 3,  78)
[0;32mPASS PATTERN NO. 440[0m, [0;33mLatency:  23690[0m, (logn, xlen) = ( 3,  78)
[0;32mPASS PATTERN NO. 441[0m, [0;33mLatency:    606[0m, (logn, xlen) = ( 8,   2)
[0;32mPASS PATTERN NO. 442[0m, [0;33mLatency:    606[0m, (logn, xlen) = ( 8,   2)
[0;32mPASS PATTERN NO. 443[0m, [0;33mLatency:    309[0m, (logn, xlen) = ( 7,   2)
[0;32mPASS PATTERN NO. 444[0m, [0;33mLatency:    310[0m, (logn, xlen) = ( 7,   2)
[0;32mPASS PATTERN NO. 445[0m, [0;33mLatency:    454[0m, (logn, xlen) = ( 6,   4)
[0;32mPASS PATTERN NO. 446[0m, [0;33mLatency:    457[0m, (logn, xlen) = ( 6,   4)
[0;32mPASS PATTERN NO. 447[0m, [0;33mLatency:    690[0m, (logn, xlen) = ( 5,   7)
[0;32mPASS PATTERN NO. 448[0m, [0;33mLatency:    695[0m, (logn, xlen) = ( 5,   7)
[0;32mPASS PATTERN NO. 449[0m, [0;33mLatency:   1422[0m, (logn, xlen) = ( 4,  14)
[0;32mPASS PATTERN NO. 450[0m, [0;33mLatency:   1428[0m, (logn, xlen) = ( 4,  14)
[0;32mPASS PATTERN NO. 451[0m, [0;33mLatency:  12179[0m, (logn, xlen) = ( 4,  40)
[0;32mPASS PATTERN NO. 452[0m, [0;33mLatency:  12181[0m, (logn, xlen) = ( 4,  40)
[0;32mPASS PATTERN NO. 453[0m, [0;33mLatency:    608[0m, (logn, xlen) = ( 8,   2)
[0;32mPASS PATTERN NO. 454[0m, [0;33mLatency:    607[0m, (logn, xlen) = ( 8,   2)
[0;32mPASS PATTERN NO. 455[0m, [0;33mLatency:    311[0m, (logn, xlen) = ( 7,   2)
[0;32mPASS PATTERN NO. 456[0m, [0;33mLatency:    311[0m, (logn, xlen) = ( 7,   2)
[0;32mPASS PATTERN NO. 457[0m, [0;33mLatency:    458[0m, (logn, xlen) = ( 6,   4)
[0;32mPASS PATTERN NO. 458[0m, [0;33mLatency:    457[0m, (logn, xlen) = ( 6,   4)
[0;32mPASS PATTERN NO. 459[0m, [0;33mLatency:    698[0m, (logn, xlen) = ( 5,   7)
[0;32mPASS PATTERN NO. 460[0m, [0;33mLatency:    684[0m, (logn, xlen) = ( 5,   7)
[0;32mPASS PATTERN NO. 461[0m, [0;33mLatency:   6515[0m, (logn, xlen) = ( 5,  21)
[0;32mPASS PATTERN NO. 462[0m, [0;33mLatency:   6501[0m, (logn, xlen) = ( 5,  21)
[0;32mPASS PATTERN NO. 463[0m, [0;33mLatency:    607[0m, (logn, xlen) = ( 8,   2)
[0;32mPASS PATTERN NO. 464[0m, [0;33mLatency:    607[0m, (logn, xlen) = ( 8,   2)
[0;32mPASS PATTERN NO. 465[0m, [0;33mLatency:    310[0m, (logn, xlen) = ( 7,   2)
[0;32mPASS PATTERN NO. 466[0m, [0;33mLatency:    311[0m, (logn, xlen) = ( 7,   2)
[0;32mPASS PATTERN NO. 467[0m, [0;33mLatency:    460[0m, (logn, xlen) = ( 6,   4)
[0;32mPASS PATTERN NO. 468[0m, [0;33mLatency:    455[0m, (logn, xlen) = ( 6,   4)
[0;32mPASS PATTERN NO. 469[0m, [0;33mLatency:   4100[0m, (logn, xlen) = ( 6,  12)
[0;32mPASS PATTERN NO. 470[0m, [0;33mLatency:   4110[0m, (logn, xlen) = ( 6,  12)
[0;32mPASS PATTERN NO. 471[0m, [0;33mLatency:    684[0m, (logn, xlen) = ( 6,   5)
[0;32mPASS PATTERN NO. 472[0m, [0;33mLatency:    681[0m, (logn, xlen) = ( 6,   5)
[0;32mPASS PATTERN NO. 473[0m, [0;33mLatency:    689[0m, (logn, xlen) = ( 6,   5)
[0;32mPASS PATTERN NO. 474[0m, [0;33mLatency:    683[0m, (logn, xlen) = ( 6,   5)
[0;32mPASS PATTERN NO. 475[0m, [0;33mLatency:    681[0m, (logn, xlen) = ( 6,   5)
[0;32mPASS PATTERN NO. 476[0m, [0;33mLatency:    687[0m, (logn, xlen) = ( 6,   5)
[0;32mPASS PATTERN NO. 477[0m, [0;33mLatency:    680[0m, (logn, xlen) = ( 6,   5)
[0;32mPASS PATTERN NO. 478[0m, [0;33mLatency:    687[0m, (logn, xlen) = ( 6,   5)
[0;32mPASS PATTERN NO. 479[0m, [0;33mLatency:    698[0m, (logn, xlen) = ( 6,   5)
[0;32mPASS PATTERN NO. 480[0m, [0;33mLatency:    691[0m, (logn, xlen) = ( 6,   5)
[0;32mPASS PATTERN NO. 481[0m, [0;33mLatency:    689[0m, (logn, xlen) = ( 6,   5)
[0;32mPASS PATTERN NO. 482[0m, [0;33mLatency:    678[0m, (logn, xlen) = ( 6,   5)
[0;32mPASS PATTERN NO. 483[0m, [0;33mLatency:    678[0m, (logn, xlen) = ( 6,   5)
[0;32mPASS PATTERN NO. 484[0m, [0;33mLatency:    686[0m, (logn, xlen) = ( 6,   5)
[0;32mPASS PATTERN NO. 485[0m, [0;33mLatency:    681[0m, (logn, xlen) = ( 6,   5)
[0;32mPASS PATTERN NO. 486[0m, [0;33mLatency:    682[0m, (logn, xlen) = ( 6,   5)
[0;32mPASS PATTERN NO. 487[0m, [0;33mLatency:    695[0m, (logn, xlen) = ( 6,   5)
[0;32mPASS PATTERN NO. 488[0m, [0;33mLatency:    685[0m, (logn, xlen) = ( 6,   5)
[0;32mPASS PATTERN NO. 489[0m, [0;33mLatency:    709[0m, (logn, xlen) = ( 6,   5)
[0;32mPASS PATTERN NO. 490[0m, [0;33mLatency:    683[0m, (logn, xlen) = ( 6,   5)
[0;32mPASS PATTERN NO. 491[0m, [0;33mLatency:    700[0m, (logn, xlen) = ( 6,   5)
[0;32mPASS PATTERN NO. 492[0m, [0;33mLatency:    699[0m, (logn, xlen) = ( 6,   5)
[0;32mPASS PATTERN NO. 493[0m, [0;33mLatency:    707[0m, (logn, xlen) = ( 6,   5)
[0;32mPASS PATTERN NO. 494[0m, [0;33mLatency:    696[0m, (logn, xlen) = ( 6,   5)
[0;32mPASS PATTERN NO. 495[0m, [0;33mLatency:    691[0m, (logn, xlen) = ( 6,   5)
[0;32mPASS PATTERN NO. 496[0m, [0;33mLatency:    688[0m, (logn, xlen) = ( 6,   5)
[0;32mPASS PATTERN NO. 497[0m, [0;33mLatency:    606[0m, (logn, xlen) = ( 8,   2)
[0;32mPASS PATTERN NO. 498[0m, [0;33mLatency:    607[0m, (logn, xlen) = ( 8,   2)
[0;32mPASS PATTERN NO. 499[0m, [0;33mLatency:    310[0m, (logn, xlen) = ( 7,   2)
[0;32mPASS PATTERN NO. 500[0m, [0;33mLatency:    312[0m, (logn, xlen) = ( 7,   2)
[0;32mPASS PATTERN NO. 501[0m, [0;33mLatency:   2650[0m, (logn, xlen) = ( 7,   7)
[0;32mPASS PATTERN NO. 502[0m, [0;33mLatency:   2663[0m, (logn, xlen) = ( 7,   7)
[0;32mPASS PATTERN NO. 503[0m, [0;33mLatency:    555[0m, (logn, xlen) = ( 7,   3)
[0;32mPASS PATTERN NO. 504[0m, [0;33mLatency:    553[0m, (logn, xlen) = ( 7,   3)
[0;32mPASS PATTERN NO. 505[0m, [0;33mLatency:    552[0m, (logn, xlen) = ( 7,   3)
[0;32mPASS PATTERN NO. 506[0m, [0;33mLatency:    547[0m, (logn, xlen) = ( 7,   3)
[0;32mPASS PATTERN NO. 507[0m, [0;33mLatency:    555[0m, (logn, xlen) = ( 7,   3)
[0;32mPASS PATTERN NO. 508[0m, [0;33mLatency:    552[0m, (logn, xlen) = ( 7,   3)
[0;32mPASS PATTERN NO. 509[0m, [0;33mLatency:    554[0m, (logn, xlen) = ( 7,   3)
[0;32mPASS PATTERN NO. 510[0m, [0;33mLatency:    555[0m, (logn, xlen) = ( 7,   3)
[0;32mPASS PATTERN NO. 511[0m, [0;33mLatency:    546[0m, (logn, xlen) = ( 7,   3)
[0;32mPASS PATTERN NO. 512[0m, [0;33mLatency:    549[0m, (logn, xlen) = ( 7,   3)
[0;32mPASS PATTERN NO. 513[0m, [0;33mLatency:    547[0m, (logn, xlen) = ( 7,   3)
[0;32mPASS PATTERN NO. 514[0m, [0;33mLatency:    547[0m, (logn, xlen) = ( 7,   3)
[0;32mPASS PATTERN NO. 515[0m, [0;33mLatency:    547[0m, (logn, xlen) = ( 7,   3)
[0;32mPASS PATTERN NO. 516[0m, [0;33mLatency:    549[0m, (logn, xlen) = ( 7,   3)
[0;32mPASS PATTERN NO. 517[0m, [0;33mLatency:    552[0m, (logn, xlen) = ( 7,   3)
[0;32mPASS PATTERN NO. 518[0m, [0;33mLatency:    553[0m, (logn, xlen) = ( 7,   3)
[0;32mPASS PATTERN NO. 519[0m, [0;33mLatency:    608[0m, (logn, xlen) = ( 8,   2)
[0;32mPASS PATTERN NO. 520[0m, [0;33mLatency:    608[0m, (logn, xlen) = ( 8,   2)
[0;32mPASS PATTERN NO. 521[0m, [0;33mLatency:   2683[0m, (logn, xlen) = ( 8,   5)
[0;32mPASS PATTERN NO. 522[0m, [0;33mLatency:   2660[0m, (logn, xlen) = ( 8,   5)
[0;32mPASS PATTERN NO. 523[0m, [0;33mLatency:   1080[0m, (logn, xlen) = ( 8,   3)
[0;32mPASS PATTERN NO. 524[0m, [0;33mLatency:   1079[0m, (logn, xlen) = ( 8,   3)
[0;32mPASS PATTERN NO. 525[0m, [0;33mLatency:   1081[0m, (logn, xlen) = ( 8,   3)
[0;32mPASS PATTERN NO. 526[0m, [0;33mLatency:   1080[0m, (logn, xlen) = ( 8,   3)
[0;32mPASS PATTERN NO. 527[0m, [0;33mLatency:   1079[0m, (logn, xlen) = ( 8,   3)
[0;32mPASS PATTERN NO. 528[0m, [0;33mLatency:   1082[0m, (logn, xlen) = ( 8,   3)
[0;32mPASS PATTERN NO. 529[0m, [0;33mLatency:   1080[0m, (logn, xlen) = ( 8,   3)
[0;32mPASS PATTERN NO. 530[0m, [0;33mLatency:   1098[0m, (logn, xlen) = ( 8,   3)
[0;32mPASS PATTERN NO. 531[0m, [0;33mLatency:   1080[0m, (logn, xlen) = ( 8,   3)
[0;32mPASS PATTERN NO. 532[0m, [0;33mLatency:   1081[0m, (logn, xlen) = ( 8,   3)
[0;32mPASS PATTERN NO. 533[0m, [0;33mLatency:   1098[0m, (logn, xlen) = ( 8,   3)
[0;32mPASS PATTERN NO. 534[0m, [0;33mLatency:   1079[0m, (logn, xlen) = ( 8,   3)
[0;32mPASS PATTERN NO. 535[0m, [0;33mLatency:   1097[0m, (logn, xlen) = ( 8,   3)
[0;32mPASS PATTERN NO. 536[0m, [0;33mLatency:   1080[0m, (logn, xlen) = ( 8,   3)
[0;32mPASS PATTERN NO. 537[0m, [0;33mLatency:   2384[0m, (logn, xlen) = (10,   2)
[0;32mPASS PATTERN NO. 538[0m, [0;33mLatency:    606[0m, (logn, xlen) = ( 8,   2)
[0;32mPASS PATTERN NO. 539[0m, [0;33mLatency:    607[0m, (logn, xlen) = ( 8,   2)
[0;32mPASS PATTERN NO. 540[0m, [0;33mLatency:    312[0m, (logn, xlen) = ( 7,   2)
[0;32mPASS PATTERN NO. 541[0m, [0;33mLatency:    310[0m, (logn, xlen) = ( 7,   2)
[0;32mPASS PATTERN NO. 542[0m, [0;33mLatency:    449[0m, (logn, xlen) = ( 6,   4)
[0;32mPASS PATTERN NO. 543[0m, [0;33mLatency:    449[0m, (logn, xlen) = ( 6,   4)
[0;32mPASS PATTERN NO. 544[0m, [0;33mLatency:    691[0m, (logn, xlen) = ( 5,   7)
[0;32mPASS PATTERN NO. 545[0m, [0;33mLatency:    680[0m, (logn, xlen) = ( 5,   7)
[0;32mPASS PATTERN NO. 546[0m, [0;33mLatency:   1423[0m, (logn, xlen) = ( 4,  14)
[0;32mPASS PATTERN NO. 547[0m, [0;33mLatency:   1426[0m, (logn, xlen) = ( 4,  14)
[0;32mPASS PATTERN NO. 548[0m, [0;33mLatency:   2746[0m, (logn, xlen) = ( 3,  27)
[0;32mPASS PATTERN NO. 549[0m, [0;33mLatency:   2748[0m, (logn, xlen) = ( 3,  27)
[0;32mPASS PATTERN NO. 550[0m, [0;33mLatency:   6050[0m, (logn, xlen) = ( 2,  53)
[0;32mPASS PATTERN NO. 551[0m, [0;33mLatency:   6051[0m, (logn, xlen) = ( 2,  53)
[0;32mPASS PATTERN NO. 552[0m, [0;33mLatency:  23347[0m, (logn, xlen) = ( 1, 106)
[0;32mPASS PATTERN NO. 553[0m, [0;33mLatency:  23343[0m, (logn, xlen) = ( 1, 106)
[0;32mPASS PATTERN NO. 554[0m, [0;33mLatency:  89089[0m, (logn, xlen) = ( 1, 209)
[0;32mPASS PATTERN NO. 555[0m, [0;33mLatency:    607[0m, (logn, xlen) = ( 8,   2)
[0;32mPASS PATTERN NO. 556[0m, [0;33mLatency:    605[0m, (logn, xlen) = ( 8,   2)
[0;32mPASS PATTERN NO. 557[0m, [0;33mLatency:    312[0m, (logn, xlen) = ( 7,   2)
[0;32mPASS PATTERN NO. 558[0m, [0;33mLatency:    311[0m, (logn, xlen) = ( 7,   2)
[0;32mPASS PATTERN NO. 559[0m, [0;33mLatency:    459[0m, (logn, xlen) = ( 6,   4)
[0;32mPASS PATTERN NO. 560[0m, [0;33mLatency:    458[0m, (logn, xlen) = ( 6,   4)
[0;32mPASS PATTERN NO. 561[0m, [0;33mLatency:    690[0m, (logn, xlen) = ( 5,   7)
[0;32mPASS PATTERN NO. 562[0m, [0;33mLatency:    687[0m, (logn, xlen) = ( 5,   7)
[0;32mPASS PATTERN NO. 563[0m, [0;33mLatency:   1420[0m, (logn, xlen) = ( 4,  14)
[0;32mPASS PATTERN NO. 564[0m, [0;33mLatency:   1431[0m, (logn, xlen) = ( 4,  14)
[0;32mPASS PATTERN NO. 565[0m, [0;33mLatency:   2747[0m, (logn, xlen) = ( 3,  27)
[0;32mPASS PATTERN NO. 566[0m, [0;33mLatency:   2749[0m, (logn, xlen) = ( 3,  27)
[0;32mPASS PATTERN NO. 567[0m, [0;33mLatency:   6054[0m, (logn, xlen) = ( 2,  53)
[0;32mPASS PATTERN NO. 568[0m, [0;33mLatency:   6052[0m, (logn, xlen) = ( 2,  53)
[0;32mPASS PATTERN NO. 569[0m, [0;33mLatency:  23340[0m, (logn, xlen) = ( 1, 106)
[0;32mPASS PATTERN NO. 570[0m, [0;33mLatency:  23346[0m, (logn, xlen) = ( 1, 106)
[0;32mPASS PATTERN NO. 571[0m, [0;33mLatency: 192274[0m, (logn, xlen) = ( 1, 308)
[0;32mPASS PATTERN NO. 572[0m, [0;33mLatency: 192268[0m, (logn, xlen) = ( 1, 308)
[0;32mPASS PATTERN NO. 573[0m, [0;33mLatency:    605[0m, (logn, xlen) = ( 8,   2)
[0;32mPASS PATTERN NO. 574[0m, [0;33mLatency:    605[0m, (logn, xlen) = ( 8,   2)
[0;32mPASS PATTERN NO. 575[0m, [0;33mLatency:    312[0m, (logn, xlen) = ( 7,   2)
[0;32mPASS PATTERN NO. 576[0m, [0;33mLatency:    311[0m, (logn, xlen) = ( 7,   2)
[0;32mPASS PATTERN NO. 577[0m, [0;33mLatency:    457[0m, (logn, xlen) = ( 6,   4)
[0;32mPASS PATTERN NO. 578[0m, [0;33mLatency:    447[0m, (logn, xlen) = ( 6,   4)
[0;32mPASS PATTERN NO. 579[0m, [0;33mLatency:    689[0m, (logn, xlen) = ( 5,   7)
[0;32mPASS PATTERN NO. 580[0m, [0;33mLatency:    693[0m, (logn, xlen) = ( 5,   7)
[0;32mPASS PATTERN NO. 581[0m, [0;33mLatency:   1425[0m, (logn, xlen) = ( 4,  14)
[0;32mPASS PATTERN NO. 582[0m, [0;33mLatency:   1416[0m, (logn, xlen) = ( 4,  14)
[0;32mPASS PATTERN NO. 583[0m, [0;33mLatency:   2748[0m, (logn, xlen) = ( 3,  27)
[0;32mPASS PATTERN NO. 584[0m, [0;33mLatency:   2739[0m, (logn, xlen) = ( 3,  27)
[0;32mPASS PATTERN NO. 585[0m, [0;33mLatency:   6052[0m, (logn, xlen) = ( 2,  53)
[0;32mPASS PATTERN NO. 586[0m, [0;33mLatency:   6050[0m, (logn, xlen) = ( 2,  53)
[0;32mPASS PATTERN NO. 587[0m, [0;33mLatency:  50589[0m, (logn, xlen) = ( 2, 157)
[0;32mPASS PATTERN NO. 588[0m, [0;33mLatency:  50589[0m, (logn, xlen) = ( 2, 157)
[0;32mPASS PATTERN NO. 589[0m, [0;33mLatency:    605[0m, (logn, xlen) = ( 8,   2)
[0;32mPASS PATTERN NO. 590[0m, [0;33mLatency:    607[0m, (logn, xlen) = ( 8,   2)
[0;32mPASS PATTERN NO. 591[0m, [0;33mLatency:    311[0m, (logn, xlen) = ( 7,   2)
[0;32mPASS PATTERN NO. 592[0m, [0;33mLatency:    312[0m, (logn, xlen) = ( 7,   2)
[0;32mPASS PATTERN NO. 593[0m, [0;33mLatency:    455[0m, (logn, xlen) = ( 6,   4)
[0;32mPASS PATTERN NO. 594[0m, [0;33mLatency:    457[0m, (logn, xlen) = ( 6,   4)
[0;32mPASS PATTERN NO. 595[0m, [0;33mLatency:    679[0m, (logn, xlen) = ( 5,   7)
[0;32mPASS PATTERN NO. 596[0m, [0;33mLatency:    670[0m, (logn, xlen) = ( 5,   7)
[0;32mPASS PATTERN NO. 597[0m, [0;33mLatency:   1423[0m, (logn, xlen) = ( 4,  14)
[0;32mPASS PATTERN NO. 598[0m, [0;33mLatency:   1430[0m, (logn, xlen) = ( 4,  14)
[0;32mPASS PATTERN NO. 599[0m, [0;33mLatency:   2749[0m, (logn, xlen) = ( 3,  27)
[0;32mPASS PATTERN NO. 600[0m, [0;33mLatency:   2750[0m, (logn, xlen) = ( 3,  27)
[0;32mPASS PATTERN NO. 601[0m, [0;33mLatency:  23708[0m, (logn, xlen) = ( 3,  78)
[0;32mPASS PATTERN NO. 602[0m, [0;33mLatency:  23697[0m, (logn, xlen) = ( 3,  78)
[0;32mPASS PATTERN NO. 603[0m, [0;33mLatency:    606[0m, (logn, xlen) = ( 8,   2)
[0;32mPASS PATTERN NO. 604[0m, [0;33mLatency:    605[0m, (logn, xlen) = ( 8,   2)
[0;32mPASS PATTERN NO. 605[0m, [0;33mLatency:    310[0m, (logn, xlen) = ( 7,   2)
[0;32mPASS PATTERN NO. 606[0m, [0;33mLatency:    309[0m, (logn, xlen) = ( 7,   2)
[0;32mPASS PATTERN NO. 607[0m, [0;33mLatency:    454[0m, (logn, xlen) = ( 6,   4)
[0;32mPASS PATTERN NO. 608[0m, [0;33mLatency:    446[0m, (logn, xlen) = ( 6,   4)
[0;32mPASS PATTERN NO. 609[0m, [0;33mLatency:    683[0m, (logn, xlen) = ( 5,   7)
[0;32mPASS PATTERN NO. 610[0m, [0;33mLatency:    680[0m, (logn, xlen) = ( 5,   7)
[0;32mPASS PATTERN NO. 611[0m, [0;33mLatency:   1427[0m, (logn, xlen) = ( 4,  14)
[0;32mPASS PATTERN NO. 612[0m, [0;33mLatency:   1427[0m, (logn, xlen) = ( 4,  14)
[0;32mPASS PATTERN NO. 613[0m, [0;33mLatency:  12186[0m, (logn, xlen) = ( 4,  40)
[0;32mPASS PATTERN NO. 614[0m, [0;33mLatency:  12192[0m, (logn, xlen) = ( 4,  40)
[0;32mPASS PATTERN NO. 615[0m, [0;33mLatency:    606[0m, (logn, xlen) = ( 8,   2)
[0;32mPASS PATTERN NO. 616[0m, [0;33mLatency:    605[0m, (logn, xlen) = ( 8,   2)
[0;32mPASS PATTERN NO. 617[0m, [0;33mLatency:    311[0m, (logn, xlen) = ( 7,   2)
[0;32mPASS PATTERN NO. 618[0m, [0;33mLatency:    310[0m, (logn, xlen) = ( 7,   2)
[0;32mPASS PATTERN NO. 619[0m, [0;33mLatency:    449[0m, (logn, xlen) = ( 6,   4)
[0;32mPASS PATTERN NO. 620[0m, [0;33mLatency:    458[0m, (logn, xlen) = ( 6,   4)
[0;32mPASS PATTERN NO. 621[0m, [0;33mLatency:    691[0m, (logn, xlen) = ( 5,   7)
[0;32mPASS PATTERN NO. 622[0m, [0;33mLatency:    690[0m, (logn, xlen) = ( 5,   7)
[0;32mPASS PATTERN NO. 623[0m, [0;33mLatency:   6526[0m, (logn, xlen) = ( 5,  21)
[0;32mPASS PATTERN NO. 624[0m, [0;33mLatency:   6512[0m, (logn, xlen) = ( 5,  21)
[0;32mPASS PATTERN NO. 625[0m, [0;33mLatency:    606[0m, (logn, xlen) = ( 8,   2)
[0;32mPASS PATTERN NO. 626[0m, [0;33mLatency:    607[0m, (logn, xlen) = ( 8,   2)
[0;32mPASS PATTERN NO. 627[0m, [0;33mLatency:    310[0m, (logn, xlen) = ( 7,   2)
[0;32mPASS PATTERN NO. 628[0m, [0;33mLatency:    309[0m, (logn, xlen) = ( 7,   2)
[0;32mPASS PATTERN NO. 629[0m, [0;33mLatency:    447[0m, (logn, xlen) = ( 6,   4)
[0;32mPASS PATTERN NO. 630[0m, [0;33mLatency:    460[0m, (logn, xlen) = ( 6,   4)
[0;32mPASS PATTERN NO. 631[0m, [0;33mLatency:   4115[0m, (logn, xlen) = ( 6,  12)
[0;32mPASS PATTERN NO. 632[0m, [0;33mLatency:   4101[0m, (logn, xlen) = ( 6,  12)
[0;32mPASS PATTERN NO. 633[0m, [0;33mLatency:    699[0m, (logn, xlen) = ( 6,   5)
[0;32mPASS PATTERN NO. 634[0m, [0;33mLatency:    707[0m, (logn, xlen) = ( 6,   5)
[0;32mPASS PATTERN NO. 635[0m, [0;33mLatency:    690[0m, (logn, xlen) = ( 6,   5)
[0;32mPASS PATTERN NO. 636[0m, [0;33mLatency:    685[0m, (logn, xlen) = ( 6,   5)
[0;32mPASS PATTERN NO. 637[0m, [0;33mLatency:    680[0m, (logn, xlen) = ( 6,   5)
[0;32mPASS PATTERN NO. 638[0m, [0;33mLatency:    685[0m, (logn, xlen) = ( 6,   5)
[0;32mPASS PATTERN NO. 639[0m, [0;33mLatency:    689[0m, (logn, xlen) = ( 6,   5)
[0;32mPASS PATTERN NO. 640[0m, [0;33mLatency:    680[0m, (logn, xlen) = ( 6,   5)
[0;32mPASS PATTERN NO. 641[0m, [0;33mLatency:    684[0m, (logn, xlen) = ( 6,   5)
[0;32mPASS PATTERN NO. 642[0m, [0;33mLatency:    680[0m, (logn, xlen) = ( 6,   5)
[0;32mPASS PATTERN NO. 643[0m, [0;33mLatency:    681[0m, (logn, xlen) = ( 6,   5)
[0;32mPASS PATTERN NO. 644[0m, [0;33mLatency:    681[0m, (logn, xlen) = ( 6,   5)
[0;32mPASS PATTERN NO. 645[0m, [0;33mLatency:    685[0m, (logn, xlen) = ( 6,   5)
[0;32mPASS PATTERN NO. 646[0m, [0;33mLatency:    710[0m, (logn, xlen) = ( 6,   5)
[0;32mPASS PATTERN NO. 647[0m, [0;33mLatency:    700[0m, (logn, xlen) = ( 6,   5)
[0;32mPASS PATTERN NO. 648[0m, [0;33mLatency:    689[0m, (logn, xlen) = ( 6,   5)
[0;32mPASS PATTERN NO. 649[0m, [0;33mLatency:    686[0m, (logn, xlen) = ( 6,   5)
[0;32mPASS PATTERN NO. 650[0m, [0;33mLatency:    680[0m, (logn, xlen) = ( 6,   5)
[0;32mPASS PATTERN NO. 651[0m, [0;33mLatency:    682[0m, (logn, xlen) = ( 6,   5)
[0;32mPASS PATTERN NO. 652[0m, [0;33mLatency:    689[0m, (logn, xlen) = ( 6,   5)
[0;32mPASS PATTERN NO. 653[0m, [0;33mLatency:    680[0m, (logn, xlen) = ( 6,   5)
[0;32mPASS PATTERN NO. 654[0m, [0;33mLatency:    678[0m, (logn, xlen) = ( 6,   5)
[0;32mPASS PATTERN NO. 655[0m, [0;33mLatency:    678[0m, (logn, xlen) = ( 6,   5)
[0;32mPASS PATTERN NO. 656[0m, [0;33mLatency:    685[0m, (logn, xlen) = ( 6,   5)
[0;32mPASS PATTERN NO. 657[0m, [0;33mLatency:    691[0m, (logn, xlen) = ( 6,   5)
[0;32mPASS PATTERN NO. 658[0m, [0;33mLatency:    706[0m, (logn, xlen) = ( 6,   5)
[0;32mPASS PATTERN NO. 659[0m, [0;33mLatency:    607[0m, (logn, xlen) = ( 8,   2)
[0;32mPASS PATTERN NO. 660[0m, [0;33mLatency:    607[0m, (logn, xlen) = ( 8,   2)
[0;32mPASS PATTERN NO. 661[0m, [0;33mLatency:    309[0m, (logn, xlen) = ( 7,   2)
[0;32mPASS PATTERN NO. 662[0m, [0;33mLatency:    311[0m, (logn, xlen) = ( 7,   2)
[0;32mPASS PATTERN NO. 663[0m, [0;33mLatency:   2693[0m, (logn, xlen) = ( 7,   7)
[0;32mPASS PATTERN NO. 664[0m, [0;33mLatency:   2628[0m, (logn, xlen) = ( 7,   7)
[0;32mPASS PATTERN NO. 665[0m, [0;33mLatency:    548[0m, (logn, xlen) = ( 7,   3)
[0;32mPASS PATTERN NO. 666[0m, [0;33mLatency:    554[0m, (logn, xlen) = ( 7,   3)
[0;32mPASS PATTERN NO. 667[0m, [0;33mLatency:    554[0m, (logn, xlen) = ( 7,   3)
[0;32mPASS PATTERN NO. 668[0m, [0;33mLatency:    555[0m, (logn, xlen) = ( 7,   3)
[0;32mPASS PATTERN NO. 669[0m, [0;33mLatency:    555[0m, (logn, xlen) = ( 7,   3)
[0;32mPASS PATTERN NO. 670[0m, [0;33mLatency:    552[0m, (logn, xlen) = ( 7,   3)
[0;32mPASS PATTERN NO. 671[0m, [0;33mLatency:    552[0m, (logn, xlen) = ( 7,   3)
[0;32mPASS PATTERN NO. 672[0m, [0;33mLatency:    551[0m, (logn, xlen) = ( 7,   3)
[0;32mPASS PATTERN NO. 673[0m, [0;33mLatency:    555[0m, (logn, xlen) = ( 7,   3)
[0;32mPASS PATTERN NO. 674[0m, [0;33mLatency:    549[0m, (logn, xlen) = ( 7,   3)
[0;32mPASS PATTERN NO. 675[0m, [0;33mLatency:    551[0m, (logn, xlen) = ( 7,   3)
[0;32mPASS PATTERN NO. 676[0m, [0;33mLatency:    553[0m, (logn, xlen) = ( 7,   3)
[0;32mPASS PATTERN NO. 677[0m, [0;33mLatency:    555[0m, (logn, xlen) = ( 7,   3)
[0;32mPASS PATTERN NO. 678[0m, [0;33mLatency:    553[0m, (logn, xlen) = ( 7,   3)
[0;32mPASS PATTERN NO. 679[0m, [0;33mLatency:    553[0m, (logn, xlen) = ( 7,   3)
[0;32mPASS PATTERN NO. 680[0m, [0;33mLatency:    549[0m, (logn, xlen) = ( 7,   3)
[0;32mPASS PATTERN NO. 681[0m, [0;33mLatency:    607[0m, (logn, xlen) = ( 8,   2)
[0;32mPASS PATTERN NO. 682[0m, [0;33mLatency:    606[0m, (logn, xlen) = ( 8,   2)
[0;32mPASS PATTERN NO. 683[0m, [0;33mLatency:   2654[0m, (logn, xlen) = ( 8,   5)
[0;32mPASS PATTERN NO. 684[0m, [0;33mLatency:   2672[0m, (logn, xlen) = ( 8,   5)
[0;32mPASS PATTERN NO. 685[0m, [0;33mLatency:   1080[0m, (logn, xlen) = ( 8,   3)
[0;32mPASS PATTERN NO. 686[0m, [0;33mLatency:   1079[0m, (logn, xlen) = ( 8,   3)
[0;32mPASS PATTERN NO. 687[0m, [0;33mLatency:   1081[0m, (logn, xlen) = ( 8,   3)
[0;32mPASS PATTERN NO. 688[0m, [0;33mLatency:   1081[0m, (logn, xlen) = ( 8,   3)
[0;32mPASS PATTERN NO. 689[0m, [0;33mLatency:   1081[0m, (logn, xlen) = ( 8,   3)
[0;32mPASS PATTERN NO. 690[0m, [0;33mLatency:   1098[0m, (logn, xlen) = ( 8,   3)
[0;32mPASS PATTERN NO. 691[0m, [0;33mLatency:   1082[0m, (logn, xlen) = ( 8,   3)
[0;32mPASS PATTERN NO. 692[0m, [0;33mLatency:   1081[0m, (logn, xlen) = ( 8,   3)
[0;32mPASS PATTERN NO. 693[0m, [0;33mLatency:   1080[0m, (logn, xlen) = ( 8,   3)
[0;32mPASS PATTERN NO. 694[0m, [0;33mLatency:   1078[0m, (logn, xlen) = ( 8,   3)
[0;32mPASS PATTERN NO. 695[0m, [0;33mLatency:   1082[0m, (logn, xlen) = ( 8,   3)
[0;32mPASS PATTERN NO. 696[0m, [0;33mLatency:   1095[0m, (logn, xlen) = ( 8,   3)
[0;32mPASS PATTERN NO. 697[0m, [0;33mLatency:   1082[0m, (logn, xlen) = ( 8,   3)
[0;32mPASS PATTERN NO. 698[0m, [0;33mLatency:   1095[0m, (logn, xlen) = ( 8,   3)
[0;32mPASS PATTERN NO. 699[0m, [0;33mLatency:   2382[0m, (logn, xlen) = (10,   2)
[0;32mPASS PATTERN NO. 700[0m, [0;33mLatency:    606[0m, (logn, xlen) = ( 8,   2)
[0;32mPASS PATTERN NO. 701[0m, [0;33mLatency:    607[0m, (logn, xlen) = ( 8,   2)
[0;32mPASS PATTERN NO. 702[0m, [0;33mLatency:    311[0m, (logn, xlen) = ( 7,   2)
[0;32mPASS PATTERN NO. 703[0m, [0;33mLatency:    309[0m, (logn, xlen) = ( 7,   2)
[0;32mPASS PATTERN NO. 704[0m, [0;33mLatency:    457[0m, (logn, xlen) = ( 6,   4)
[0;32mPASS PATTERN NO. 705[0m, [0;33mLatency:    450[0m, (logn, xlen) = ( 6,   4)
[0;32mPASS PATTERN NO. 706[0m, [0;33mLatency:    695[0m, (logn, xlen) = ( 5,   7)
[0;32mPASS PATTERN NO. 707[0m, [0;33mLatency:    692[0m, (logn, xlen) = ( 5,   7)
[0;32mPASS PATTERN NO. 708[0m, [0;33mLatency:   1425[0m, (logn, xlen) = ( 4,  14)
[0;32mPASS PATTERN NO. 709[0m, [0;33mLatency:   1430[0m, (logn, xlen) = ( 4,  14)
[0;32mPASS PATTERN NO. 710[0m, [0;33mLatency:   2751[0m, (logn, xlen) = ( 3,  27)
[0;32mPASS PATTERN NO. 711[0m, [0;33mLatency:   2748[0m, (logn, xlen) = ( 3,  27)
[0;32mPASS PATTERN NO. 712[0m, [0;33mLatency:   6055[0m, (logn, xlen) = ( 2,  53)
[0;32mPASS PATTERN NO. 713[0m, [0;33mLatency:   6054[0m, (logn, xlen) = ( 2,  53)
[0;32mPASS PATTERN NO. 714[0m, [0;33mLatency:  23350[0m, (logn, xlen) = ( 1, 106)
[0;32mPASS PATTERN NO. 715[0m, [0;33mLatency:  23346[0m, (logn, xlen) = ( 1, 106)
[0;32mPASS PATTERN NO. 716[0m, [0;33mLatency:  89086[0m, (logn, xlen) = ( 1, 209)
[0;32mPASS PATTERN NO. 717[0m, [0;33mLatency:    607[0m, (logn, xlen) = ( 8,   2)
[0;32mPASS PATTERN NO. 718[0m, [0;33mLatency:    606[0m, (logn, xlen) = ( 8,   2)
[0;32mPASS PATTERN NO. 719[0m, [0;33mLatency:    309[0m, (logn, xlen) = ( 7,   2)
[0;32mPASS PATTERN NO. 720[0m, [0;33mLatency:    310[0m, (logn, xlen) = ( 7,   2)
[0;32mPASS PATTERN NO. 721[0m, [0;33mLatency:    458[0m, (logn, xlen) = ( 6,   4)
[0;32mPASS PATTERN NO. 722[0m, [0;33mLatency:    458[0m, (logn, xlen) = ( 6,   4)
[0;32mPASS PATTERN NO. 723[0m, [0;33mLatency:    679[0m, (logn, xlen) = ( 5,   7)
[0;32mPASS PATTERN NO. 724[0m, [0;33mLatency:    689[0m, (logn, xlen) = ( 5,   7)
[0;32mPASS PATTERN NO. 725[0m, [0;33mLatency:   1425[0m, (logn, xlen) = ( 4,  14)
[0;32mPASS PATTERN NO. 726[0m, [0;33mLatency:   1425[0m, (logn, xlen) = ( 4,  14)
[0;32mPASS PATTERN NO. 727[0m, [0;33mLatency:   2745[0m, (logn, xlen) = ( 3,  27)
[0;32mPASS PATTERN NO. 728[0m, [0;33mLatency:   2743[0m, (logn, xlen) = ( 3,  27)
[0;32mPASS PATTERN NO. 729[0m, [0;33mLatency:   6055[0m, (logn, xlen) = ( 2,  53)
[0;32mPASS PATTERN NO. 730[0m, [0;33mLatency:   6049[0m, (logn, xlen) = ( 2,  53)
[0;32mPASS PATTERN NO. 731[0m, [0;33mLatency:  23342[0m, (logn, xlen) = ( 1, 106)
[0;32mPASS PATTERN NO. 732[0m, [0;33mLatency:  23349[0m, (logn, xlen) = ( 1, 106)
[0;32mPASS PATTERN NO. 733[0m, [0;33mLatency: 192271[0m, (logn, xlen) = ( 1, 308)
[0;32mPASS PATTERN NO. 734[0m, [0;33mLatency: 192269[0m, (logn, xlen) = ( 1, 308)
[0;32mPASS PATTERN NO. 735[0m, [0;33mLatency:    608[0m, (logn, xlen) = ( 8,   2)
[0;32mPASS PATTERN NO. 736[0m, [0;33mLatency:    605[0m, (logn, xlen) = ( 8,   2)
[0;32mPASS PATTERN NO. 737[0m, [0;33mLatency:    311[0m, (logn, xlen) = ( 7,   2)
[0;32mPASS PATTERN NO. 738[0m, [0;33mLatency:    310[0m, (logn, xlen) = ( 7,   2)
[0;32mPASS PATTERN NO. 739[0m, [0;33mLatency:    458[0m, (logn, xlen) = ( 6,   4)
[0;32mPASS PATTERN NO. 740[0m, [0;33mLatency:    450[0m, (logn, xlen) = ( 6,   4)
[0;32mPASS PATTERN NO. 741[0m, [0;33mLatency:    691[0m, (logn, xlen) = ( 5,   7)
[0;32mPASS PATTERN NO. 742[0m, [0;33mLatency:    684[0m, (logn, xlen) = ( 5,   7)
[0;32mPASS PATTERN NO. 743[0m, [0;33mLatency:   1423[0m, (logn, xlen) = ( 4,  14)
[0;32mPASS PATTERN NO. 744[0m, [0;33mLatency:   1433[0m, (logn, xlen) = ( 4,  14)
[0;32mPASS PATTERN NO. 745[0m, [0;33mLatency:   2753[0m, (logn, xlen) = ( 3,  27)
[0;32mPASS PATTERN NO. 746[0m, [0;33mLatency:   2756[0m, (logn, xlen) = ( 3,  27)
[0;32mPASS PATTERN NO. 747[0m, [0;33mLatency:   6049[0m, (logn, xlen) = ( 2,  53)
[0;32mPASS PATTERN NO. 748[0m, [0;33mLatency:   6048[0m, (logn, xlen) = ( 2,  53)
[0;32mPASS PATTERN NO. 749[0m, [0;33mLatency:  50589[0m, (logn, xlen) = ( 2, 157)
[0;32mPASS PATTERN NO. 750[0m, [0;33mLatency:  50590[0m, (logn, xlen) = ( 2, 157)
[0;32mPASS PATTERN NO. 751[0m, [0;33mLatency:    606[0m, (logn, xlen) = ( 8,   2)
[0;32mPASS PATTERN NO. 752[0m, [0;33mLatency:    607[0m, (logn, xlen) = ( 8,   2)
[0;32mPASS PATTERN NO. 753[0m, [0;33mLatency:    312[0m, (logn, xlen) = ( 7,   2)
[0;32mPASS PATTERN NO. 754[0m, [0;33mLatency:    311[0m, (logn, xlen) = ( 7,   2)
[0;32mPASS PATTERN NO. 755[0m, [0;33mLatency:    460[0m, (logn, xlen) = ( 6,   4)
[0;32mPASS PATTERN NO. 756[0m, [0;33mLatency:    456[0m, (logn, xlen) = ( 6,   4)
[0;32mPASS PATTERN NO. 757[0m, [0;33mLatency:    693[0m, (logn, xlen) = ( 5,   7)
[0;32mPASS PATTERN NO. 758[0m, [0;33mLatency:    693[0m, (logn, xlen) = ( 5,   7)
[0;32mPASS PATTERN NO. 759[0m, [0;33mLatency:   1412[0m, (logn, xlen) = ( 4,  14)
[0;32mPASS PATTERN NO. 760[0m, [0;33mLatency:   1427[0m, (logn, xlen) = ( 4,  14)
[0;32mPASS PATTERN NO. 761[0m, [0;33mLatency:   2747[0m, (logn, xlen) = ( 3,  27)
[0;32mPASS PATTERN NO. 762[0m, [0;33mLatency:   2741[0m, (logn, xlen) = ( 3,  27)
[0;32mPASS PATTERN NO. 763[0m, [0;33mLatency:  23699[0m, (logn, xlen) = ( 3,  78)
[0;32mPASS PATTERN NO. 764[0m, [0;33mLatency:  23706[0m, (logn, xlen) = ( 3,  78)
[0;32mPASS PATTERN NO. 765[0m, [0;33mLatency:    606[0m, (logn, xlen) = ( 8,   2)
[0;32mPASS PATTERN NO. 766[0m, [0;33mLatency:    605[0m, (logn, xlen) = ( 8,   2)
[0;32mPASS PATTERN NO. 767[0m, [0;33mLatency:    312[0m, (logn, xlen) = ( 7,   2)
[0;32mPASS PATTERN NO. 768[0m, [0;33mLatency:    310[0m, (logn, xlen) = ( 7,   2)
[0;32mPASS PATTERN NO. 769[0m, [0;33mLatency:    454[0m, (logn, xlen) = ( 6,   4)
[0;32mPASS PATTERN NO. 770[0m, [0;33mLatency:    446[0m, (logn, xlen) = ( 6,   4)
[0;32mPASS PATTERN NO. 771[0m, [0;33mLatency:    684[0m, (logn, xlen) = ( 5,   7)
[0;32mPASS PATTERN NO. 772[0m, [0;33mLatency:    678[0m, (logn, xlen) = ( 5,   7)
[0;32mPASS PATTERN NO. 773[0m, [0;33mLatency:   1414[0m, (logn, xlen) = ( 4,  14)
[0;32mPASS PATTERN NO. 774[0m, [0;33mLatency:   1430[0m, (logn, xlen) = ( 4,  14)
[0;32mPASS PATTERN NO. 775[0m, [0;33mLatency:  12177[0m, (logn, xlen) = ( 4,  40)
[0;32mPASS PATTERN NO. 776[0m, [0;33mLatency:  12187[0m, (logn, xlen) = ( 4,  40)
[0;32mPASS PATTERN NO. 777[0m, [0;33mLatency:    606[0m, (logn, xlen) = ( 8,   2)
[0;32mPASS PATTERN NO. 778[0m, [0;33mLatency:    608[0m, (logn, xlen) = ( 8,   2)
[0;32mPASS PATTERN NO. 779[0m, [0;33mLatency:    309[0m, (logn, xlen) = ( 7,   2)
[0;32mPASS PATTERN NO. 780[0m, [0;33mLatency:    311[0m, (logn, xlen) = ( 7,   2)
[0;32mPASS PATTERN NO. 781[0m, [0;33mLatency:    459[0m, (logn, xlen) = ( 6,   4)
[0;32mPASS PATTERN NO. 782[0m, [0;33mLatency:    447[0m, (logn, xlen) = ( 6,   4)
[0;32mPASS PATTERN NO. 783[0m, [0;33mLatency:    686[0m, (logn, xlen) = ( 5,   7)
[0;32mPASS PATTERN NO. 784[0m, [0;33mLatency:    686[0m, (logn, xlen) = ( 5,   7)
[0;32mPASS PATTERN NO. 785[0m, [0;33mLatency:   6520[0m, (logn, xlen) = ( 5,  21)
[0;32mPASS PATTERN NO. 786[0m, [0;33mLatency:   6528[0m, (logn, xlen) = ( 5,  21)
[0;32mPASS PATTERN NO. 787[0m, [0;33mLatency:    605[0m, (logn, xlen) = ( 8,   2)
[0;32mPASS PATTERN NO. 788[0m, [0;33mLatency:    605[0m, (logn, xlen) = ( 8,   2)
[0;32mPASS PATTERN NO. 789[0m, [0;33mLatency:    311[0m, (logn, xlen) = ( 7,   2)
[0;32mPASS PATTERN NO. 790[0m, [0;33mLatency:    309[0m, (logn, xlen) = ( 7,   2)
[0;32mPASS PATTERN NO. 791[0m, [0;33mLatency:    457[0m, (logn, xlen) = ( 6,   4)
[0;32mPASS PATTERN NO. 792[0m, [0;33mLatency:    450[0m, (logn, xlen) = ( 6,   4)
[0;32mPASS PATTERN NO. 793[0m, [0;33mLatency:   4097[0m, (logn, xlen) = ( 6,  12)
[0;32mPASS PATTERN NO. 794[0m, [0;33mLatency:   4097[0m, (logn, xlen) = ( 6,  12)
[0;32mPASS PATTERN NO. 795[0m, [0;33mLatency:    679[0m, (logn, xlen) = ( 6,   5)
[0;32mPASS PATTERN NO. 796[0m, [0;33mLatency:    707[0m, (logn, xlen) = ( 6,   5)
[0;32mPASS PATTERN NO. 797[0m, [0;33mLatency:    686[0m, (logn, xlen) = ( 6,   5)
[0;32mPASS PATTERN NO. 798[0m, [0;33mLatency:    710[0m, (logn, xlen) = ( 6,   5)
[0;32mPASS PATTERN NO. 799[0m, [0;33mLatency:    696[0m, (logn, xlen) = ( 6,   5)
[0;32mPASS PATTERN NO. 800[0m, [0;33mLatency:    697[0m, (logn, xlen) = ( 6,   5)
[0;32mPASS PATTERN NO. 801[0m, [0;33mLatency:    682[0m, (logn, xlen) = ( 6,   5)
[0;32mPASS PATTERN NO. 802[0m, [0;33mLatency:    709[0m, (logn, xlen) = ( 6,   5)
[0;32mPASS PATTERN NO. 803[0m, [0;33mLatency:    686[0m, (logn, xlen) = ( 6,   5)
[0;32mPASS PATTERN NO. 804[0m, [0;33mLatency:    685[0m, (logn, xlen) = ( 6,   5)
[0;32mPASS PATTERN NO. 805[0m, [0;33mLatency:    680[0m, (logn, xlen) = ( 6,   5)
[0;32mPASS PATTERN NO. 806[0m, [0;33mLatency:    681[0m, (logn, xlen) = ( 6,   5)
[0;32mPASS PATTERN NO. 807[0m, [0;33mLatency:    682[0m, (logn, xlen) = ( 6,   5)
[0;32mPASS PATTERN NO. 808[0m, [0;33mLatency:    684[0m, (logn, xlen) = ( 6,   5)
[0;32mPASS PATTERN NO. 809[0m, [0;33mLatency:    685[0m, (logn, xlen) = ( 6,   5)
[0;32mPASS PATTERN NO. 810[0m, [0;33mLatency:    683[0m, (logn, xlen) = ( 6,   5)
[0;32mPASS PATTERN NO. 811[0m, [0;33mLatency:    680[0m, (logn, xlen) = ( 6,   5)
[0;32mPASS PATTERN NO. 812[0m, [0;33mLatency:    685[0m, (logn, xlen) = ( 6,   5)
[0;32mPASS PATTERN NO. 813[0m, [0;33mLatency:    679[0m, (logn, xlen) = ( 6,   5)
[0;32mPASS PATTERN NO. 814[0m, [0;33mLatency:    682[0m, (logn, xlen) = ( 6,   5)
[0;32mPASS PATTERN NO. 815[0m, [0;33mLatency:    685[0m, (logn, xlen) = ( 6,   5)
[0;32mPASS PATTERN NO. 816[0m, [0;33mLatency:    687[0m, (logn, xlen) = ( 6,   5)
[0;32mPASS PATTERN NO. 817[0m, [0;33mLatency:    685[0m, (logn, xlen) = ( 6,   5)
[0;32mPASS PATTERN NO. 818[0m, [0;33mLatency:    684[0m, (logn, xlen) = ( 6,   5)
[0;32mPASS PATTERN NO. 819[0m, [0;33mLatency:    686[0m, (logn, xlen) = ( 6,   5)
[0;32mPASS PATTERN NO. 820[0m, [0;33mLatency:    690[0m, (logn, xlen) = ( 6,   5)
[0;32mPASS PATTERN NO. 821[0m, [0;33mLatency:    608[0m, (logn, xlen) = ( 8,   2)
[0;32mPASS PATTERN NO. 822[0m, [0;33mLatency:    606[0m, (logn, xlen) = ( 8,   2)
[0;32mPASS PATTERN NO. 823[0m, [0;33mLatency:    310[0m, (logn, xlen) = ( 7,   2)
[0;32mPASS PATTERN NO. 824[0m, [0;33mLatency:    310[0m, (logn, xlen) = ( 7,   2)
[0;32mPASS PATTERN NO. 825[0m, [0;33mLatency:   2637[0m, (logn, xlen) = ( 7,   7)
[0;32mPASS PATTERN NO. 826[0m, [0;33mLatency:   2698[0m, (logn, xlen) = ( 7,   7)
[0;32mPASS PATTERN NO. 827[0m, [0;33mLatency:    552[0m, (logn, xlen) = ( 7,   3)
[0;32mPASS PATTERN NO. 828[0m, [0;33mLatency:    551[0m, (logn, xlen) = ( 7,   3)
[0;32mPASS PATTERN NO. 829[0m, [0;33mLatency:    553[0m, (logn, xlen) = ( 7,   3)
[0;32mPASS PATTERN NO. 830[0m, [0;33mLatency:    555[0m, (logn, xlen) = ( 7,   3)
[0;32mPASS PATTERN NO. 831[0m, [0;33mLatency:    553[0m, (logn, xlen) = ( 7,   3)
[0;32mPASS PATTERN NO. 832[0m, [0;33mLatency:    552[0m, (logn, xlen) = ( 7,   3)
[0;32mPASS PATTERN NO. 833[0m, [0;33mLatency:    553[0m, (logn, xlen) = ( 7,   3)
[0;32mPASS PATTERN NO. 834[0m, [0;33mLatency:    553[0m, (logn, xlen) = ( 7,   3)
[0;32mPASS PATTERN NO. 835[0m, [0;33mLatency:    554[0m, (logn, xlen) = ( 7,   3)
[0;32mPASS PATTERN NO. 836[0m, [0;33mLatency:    552[0m, (logn, xlen) = ( 7,   3)
[0;32mPASS PATTERN NO. 837[0m, [0;33mLatency:    553[0m, (logn, xlen) = ( 7,   3)
[0;32mPASS PATTERN NO. 838[0m, [0;33mLatency:    551[0m, (logn, xlen) = ( 7,   3)
[0;32mPASS PATTERN NO. 839[0m, [0;33mLatency:    547[0m, (logn, xlen) = ( 7,   3)
[0;32mPASS PATTERN NO. 840[0m, [0;33mLatency:    554[0m, (logn, xlen) = ( 7,   3)
[0;32mPASS PATTERN NO. 841[0m, [0;33mLatency:    553[0m, (logn, xlen) = ( 7,   3)
[0;32mPASS PATTERN NO. 842[0m, [0;33mLatency:    552[0m, (logn, xlen) = ( 7,   3)
[0;32mPASS PATTERN NO. 843[0m, [0;33mLatency:    605[0m, (logn, xlen) = ( 8,   2)
[0;32mPASS PATTERN NO. 844[0m, [0;33mLatency:    607[0m, (logn, xlen) = ( 8,   2)
[0;32mPASS PATTERN NO. 845[0m, [0;33mLatency:   2657[0m, (logn, xlen) = ( 8,   5)
[0;32mPASS PATTERN NO. 846[0m, [0;33mLatency:   2650[0m, (logn, xlen) = ( 8,   5)
[0;32mPASS PATTERN NO. 847[0m, [0;33mLatency:   1095[0m, (logn, xlen) = ( 8,   3)
[0;32mPASS PATTERN NO. 848[0m, [0;33mLatency:   1079[0m, (logn, xlen) = ( 8,   3)
[0;32mPASS PATTERN NO. 849[0m, [0;33mLatency:   1082[0m, (logn, xlen) = ( 8,   3)
[0;32mPASS PATTERN NO. 850[0m, [0;33mLatency:   1081[0m, (logn, xlen) = ( 8,   3)
[0;32mPASS PATTERN NO. 851[0m, [0;33mLatency:   1098[0m, (logn, xlen) = ( 8,   3)
[0;32mPASS PATTERN NO. 852[0m, [0;33mLatency:   1079[0m, (logn, xlen) = ( 8,   3)
[0;32mPASS PATTERN NO. 853[0m, [0;33mLatency:   1095[0m, (logn, xlen) = ( 8,   3)
[0;32mPASS PATTERN NO. 854[0m, [0;33mLatency:   1082[0m, (logn, xlen) = ( 8,   3)
[0;32mPASS PATTERN NO. 855[0m, [0;33mLatency:   1080[0m, (logn, xlen) = ( 8,   3)
[0;32mPASS PATTERN NO. 856[0m, [0;33mLatency:   1081[0m, (logn, xlen) = ( 8,   3)
[0;32mPASS PATTERN NO. 857[0m, [0;33mLatency:   1079[0m, (logn, xlen) = ( 8,   3)
[0;32mPASS PATTERN NO. 858[0m, [0;33mLatency:   1080[0m, (logn, xlen) = ( 8,   3)
[0;32mPASS PATTERN NO. 859[0m, [0;33mLatency:   1082[0m, (logn, xlen) = ( 8,   3)
[0;32mPASS PATTERN NO. 860[0m, [0;33mLatency:   1081[0m, (logn, xlen) = ( 8,   3)
[0;32mPASS PATTERN NO. 861[0m, [0;33mLatency:   2384[0m, (logn, xlen) = (10,   2)
[0;32mPASS PATTERN NO. 862[0m, [0;33mLatency:    608[0m, (logn, xlen) = ( 8,   2)
[0;32mPASS PATTERN NO. 863[0m, [0;33mLatency:    605[0m, (logn, xlen) = ( 8,   2)
[0;32mPASS PATTERN NO. 864[0m, [0;33mLatency:    311[0m, (logn, xlen) = ( 7,   2)
[0;32mPASS PATTERN NO. 865[0m, [0;33mLatency:    310[0m, (logn, xlen) = ( 7,   2)
[0;32mPASS PATTERN NO. 866[0m, [0;33mLatency:    457[0m, (logn, xlen) = ( 6,   4)
[0;32mPASS PATTERN NO. 867[0m, [0;33mLatency:    459[0m, (logn, xlen) = ( 6,   4)
[0;32mPASS PATTERN NO. 868[0m, [0;33mLatency:    686[0m, (logn, xlen) = ( 5,   7)
[0;32mPASS PATTERN NO. 869[0m, [0;33mLatency:    695[0m, (logn, xlen) = ( 5,   7)
[0;32mPASS PATTERN NO. 870[0m, [0;33mLatency:   1432[0m, (logn, xlen) = ( 4,  14)
[0;32mPASS PATTERN NO. 871[0m, [0;33mLatency:   1417[0m, (logn, xlen) = ( 4,  14)
[0;32mPASS PATTERN NO. 872[0m, [0;33mLatency:   2749[0m, (logn, xlen) = ( 3,  27)
[0;32mPASS PATTERN NO. 873[0m, [0;33mLatency:   2745[0m, (logn, xlen) = ( 3,  27)
[0;32mPASS PATTERN NO. 874[0m, [0;33mLatency:   6052[0m, (logn, xlen) = ( 2,  53)
[0;32mPASS PATTERN NO. 875[0m, [0;33mLatency:   6053[0m, (logn, xlen) = ( 2,  53)
[0;32mPASS PATTERN NO. 876[0m, [0;33mLatency:  23349[0m, (logn, xlen) = ( 1, 106)
[0;32mPASS PATTERN NO. 877[0m, [0;33mLatency:  23350[0m, (logn, xlen) = ( 1, 106)
[0;32mPASS PATTERN NO. 878[0m, [0;33mLatency:  89093[0m, (logn, xlen) = ( 1, 209)
[0;32mPASS PATTERN NO. 879[0m, [0;33mLatency:    607[0m, (logn, xlen) = ( 8,   2)
[0;32mPASS PATTERN NO. 880[0m, [0;33mLatency:    607[0m, (logn, xlen) = ( 8,   2)
[0;32mPASS PATTERN NO. 881[0m, [0;33mLatency:    312[0m, (logn, xlen) = ( 7,   2)
[0;32mPASS PATTERN NO. 882[0m, [0;33mLatency:    312[0m, (logn, xlen) = ( 7,   2)
[0;32mPASS PATTERN NO. 883[0m, [0;33mLatency:    458[0m, (logn, xlen) = ( 6,   4)
[0;32mPASS PATTERN NO. 884[0m, [0;33mLatency:    459[0m, (logn, xlen) = ( 6,   4)
[0;32mPASS PATTERN NO. 885[0m, [0;33mLatency:    685[0m, (logn, xlen) = ( 5,   7)
[0;32mPASS PATTERN NO. 886[0m, [0;33mLatency:    692[0m, (logn, xlen) = ( 5,   7)
[0;32mPASS PATTERN NO. 887[0m, [0;33mLatency:   1426[0m, (logn, xlen) = ( 4,  14)
[0;32mPASS PATTERN NO. 888[0m, [0;33mLatency:   1424[0m, (logn, xlen) = ( 4,  14)
[0;32mPASS PATTERN NO. 889[0m, [0;33mLatency:   2750[0m, (logn, xlen) = ( 3,  27)
[0;32mPASS PATTERN NO. 890[0m, [0;33mLatency:   2748[0m, (logn, xlen) = ( 3,  27)
[0;32mPASS PATTERN NO. 891[0m, [0;33mLatency:   6051[0m, (logn, xlen) = ( 2,  53)
[0;32mPASS PATTERN NO. 892[0m, [0;33mLatency:   6053[0m, (logn, xlen) = ( 2,  53)
[0;32mPASS PATTERN NO. 893[0m, [0;33mLatency:  23348[0m, (logn, xlen) = ( 1, 106)
[0;32mPASS PATTERN NO. 894[0m, [0;33mLatency:  23346[0m, (logn, xlen) = ( 1, 106)
[0;32mPASS PATTERN NO. 895[0m, [0;33mLatency: 192268[0m, (logn, xlen) = ( 1, 308)
[0;32mPASS PATTERN NO. 896[0m, [0;33mLatency: 192271[0m, (logn, xlen) = ( 1, 308)
[0;32mPASS PATTERN NO. 897[0m, [0;33mLatency:    605[0m, (logn, xlen) = ( 8,   2)
[0;32mPASS PATTERN NO. 898[0m, [0;33mLatency:    606[0m, (logn, xlen) = ( 8,   2)
[0;32mPASS PATTERN NO. 899[0m, [0;33mLatency:    310[0m, (logn, xlen) = ( 7,   2)
[0;32mPASS PATTERN NO. 900[0m, [0;33mLatency:    312[0m, (logn, xlen) = ( 7,   2)
[0;32mPASS PATTERN NO. 901[0m, [0;33mLatency:    449[0m, (logn, xlen) = ( 6,   4)
[0;32mPASS PATTERN NO. 902[0m, [0;33mLatency:    447[0m, (logn, xlen) = ( 6,   4)
[0;32mPASS PATTERN NO. 903[0m, [0;33mLatency:    685[0m, (logn, xlen) = ( 5,   7)
[0;32mPASS PATTERN NO. 904[0m, [0;33mLatency:    682[0m, (logn, xlen) = ( 5,   7)
[0;32mPASS PATTERN NO. 905[0m, [0;33mLatency:   1421[0m, (logn, xlen) = ( 4,  14)
[0;32mPASS PATTERN NO. 906[0m, [0;33mLatency:   1426[0m, (logn, xlen) = ( 4,  14)
[0;32mPASS PATTERN NO. 907[0m, [0;33mLatency:   2749[0m, (logn, xlen) = ( 3,  27)
[0;32mPASS PATTERN NO. 908[0m, [0;33mLatency:   2755[0m, (logn, xlen) = ( 3,  27)
[0;32mPASS PATTERN NO. 909[0m, [0;33mLatency:   6049[0m, (logn, xlen) = ( 2,  53)
[0;32mPASS PATTERN NO. 910[0m, [0;33mLatency:   6051[0m, (logn, xlen) = ( 2,  53)
[0;32mPASS PATTERN NO. 911[0m, [0;33mLatency:  50589[0m, (logn, xlen) = ( 2, 157)
[0;32mPASS PATTERN NO. 912[0m, [0;33mLatency:  50585[0m, (logn, xlen) = ( 2, 157)
[0;32mPASS PATTERN NO. 913[0m, [0;33mLatency:    607[0m, (logn, xlen) = ( 8,   2)
[0;32mPASS PATTERN NO. 914[0m, [0;33mLatency:    607[0m, (logn, xlen) = ( 8,   2)
[0;32mPASS PATTERN NO. 915[0m, [0;33mLatency:    311[0m, (logn, xlen) = ( 7,   2)
[0;32mPASS PATTERN NO. 916[0m, [0;33mLatency:    309[0m, (logn, xlen) = ( 7,   2)
[0;32mPASS PATTERN NO. 917[0m, [0;33mLatency:    459[0m, (logn, xlen) = ( 6,   4)
[0;32mPASS PATTERN NO. 918[0m, [0;33mLatency:    454[0m, (logn, xlen) = ( 6,   4)
[0;32mPASS PATTERN NO. 919[0m, [0;33mLatency:    685[0m, (logn, xlen) = ( 5,   7)
[0;32mPASS PATTERN NO. 920[0m, [0;33mLatency:    679[0m, (logn, xlen) = ( 5,   7)
[0;32mPASS PATTERN NO. 921[0m, [0;33mLatency:   1409[0m, (logn, xlen) = ( 4,  14)
[0;32mPASS PATTERN NO. 922[0m, [0;33mLatency:   1426[0m, (logn, xlen) = ( 4,  14)
[0;32mPASS PATTERN NO. 923[0m, [0;33mLatency:   2748[0m, (logn, xlen) = ( 3,  27)
[0;32mPASS PATTERN NO. 924[0m, [0;33mLatency:   2752[0m, (logn, xlen) = ( 3,  27)
[0;32mPASS PATTERN NO. 925[0m, [0;33mLatency:  23704[0m, (logn, xlen) = ( 3,  78)
[0;32mPASS PATTERN NO. 926[0m, [0;33mLatency:  23692[0m, (logn, xlen) = ( 3,  78)
[0;32mPASS PATTERN NO. 927[0m, [0;33mLatency:    607[0m, (logn, xlen) = ( 8,   2)
[0;32mPASS PATTERN NO. 928[0m, [0;33mLatency:    605[0m, (logn, xlen) = ( 8,   2)
[0;32mPASS PATTERN NO. 929[0m, [0;33mLatency:    309[0m, (logn, xlen) = ( 7,   2)
[0;32mPASS PATTERN NO. 930[0m, [0;33mLatency:    312[0m, (logn, xlen) = ( 7,   2)
[0;32mPASS PATTERN NO. 931[0m, [0;33mLatency:    449[0m, (logn, xlen) = ( 6,   4)
[0;32mPASS PATTERN NO. 932[0m, [0;33mLatency:    448[0m, (logn, xlen) = ( 6,   4)
[0;32mPASS PATTERN NO. 933[0m, [0;33mLatency:    687[0m, (logn, xlen) = ( 5,   7)
[0;32mPASS PATTERN NO. 934[0m, [0;33mLatency:    683[0m, (logn, xlen) = ( 5,   7)
[0;32mPASS PATTERN NO. 935[0m, [0;33mLatency:   1413[0m, (logn, xlen) = ( 4,  14)
[0;32mPASS PATTERN NO. 936[0m, [0;33mLatency:   1422[0m, (logn, xlen) = ( 4,  14)
[0;32mPASS PATTERN NO. 937[0m, [0;33mLatency:  12168[0m, (logn, xlen) = ( 4,  40)
[0;32mPASS PATTERN NO. 938[0m, [0;33mLatency:  12194[0m, (logn, xlen) = ( 4,  40)
[0;32mPASS PATTERN NO. 939[0m, [0;33mLatency:    605[0m, (logn, xlen) = ( 8,   2)
[0;32mPASS PATTERN NO. 940[0m, [0;33mLatency:    606[0m, (logn, xlen) = ( 8,   2)
[0;32mPASS PATTERN NO. 941[0m, [0;33mLatency:    311[0m, (logn, xlen) = ( 7,   2)
[0;32mPASS PATTERN NO. 942[0m, [0;33mLatency:    309[0m, (logn, xlen) = ( 7,   2)
[0;32mPASS PATTERN NO. 943[0m, [0;33mLatency:    460[0m, (logn, xlen) = ( 6,   4)
[0;32mPASS PATTERN NO. 944[0m, [0;33mLatency:    458[0m, (logn, xlen) = ( 6,   4)
[0;32mPASS PATTERN NO. 945[0m, [0;33mLatency:    685[0m, (logn, xlen) = ( 5,   7)
[0;32mPASS PATTERN NO. 946[0m, [0;33mLatency:    693[0m, (logn, xlen) = ( 5,   7)
[0;32mPASS PATTERN NO. 947[0m, [0;33mLatency:   6518[0m, (logn, xlen) = ( 5,  21)
[0;32mPASS PATTERN NO. 948[0m, [0;33mLatency:   6528[0m, (logn, xlen) = ( 5,  21)
[0;32mPASS PATTERN NO. 949[0m, [0;33mLatency:    605[0m, (logn, xlen) = ( 8,   2)
[0;32mPASS PATTERN NO. 950[0m, [0;33mLatency:    608[0m, (logn, xlen) = ( 8,   2)
[0;32mPASS PATTERN NO. 951[0m, [0;33mLatency:    310[0m, (logn, xlen) = ( 7,   2)
[0;32mPASS PATTERN NO. 952[0m, [0;33mLatency:    312[0m, (logn, xlen) = ( 7,   2)
[0;32mPASS PATTERN NO. 953[0m, [0;33mLatency:    447[0m, (logn, xlen) = ( 6,   4)
[0;32mPASS PATTERN NO. 954[0m, [0;33mLatency:    447[0m, (logn, xlen) = ( 6,   4)
[0;32mPASS PATTERN NO. 955[0m, [0;33mLatency:   4079[0m, (logn, xlen) = ( 6,  12)
[0;32mPASS PATTERN NO. 956[0m, [0;33mLatency:   4097[0m, (logn, xlen) = ( 6,  12)
[0;32mPASS PATTERN NO. 957[0m, [0;33mLatency:    681[0m, (logn, xlen) = ( 6,   5)
[0;32mPASS PATTERN NO. 958[0m, [0;33mLatency:    710[0m, (logn, xlen) = ( 6,   5)
[0;32mPASS PATTERN NO. 959[0m, [0;33mLatency:    687[0m, (logn, xlen) = ( 6,   5)
[0;32mPASS PATTERN NO. 960[0m, [0;33mLatency:    682[0m, (logn, xlen) = ( 6,   5)
[0;32mPASS PATTERN NO. 961[0m, [0;33mLatency:    685[0m, (logn, xlen) = ( 6,   5)
[0;32mPASS PATTERN NO. 962[0m, [0;33mLatency:    709[0m, (logn, xlen) = ( 6,   5)
[0;32mPASS PATTERN NO. 963[0m, [0;33mLatency:    685[0m, (logn, xlen) = ( 6,   5)
[0;32mPASS PATTERN NO. 964[0m, [0;33mLatency:    679[0m, (logn, xlen) = ( 6,   5)
[0;32mPASS PATTERN NO. 965[0m, [0;33mLatency:    685[0m, (logn, xlen) = ( 6,   5)
[0;32mPASS PATTERN NO. 966[0m, [0;33mLatency:    699[0m, (logn, xlen) = ( 6,   5)
[0;32mPASS PATTERN NO. 967[0m, [0;33mLatency:    696[0m, (logn, xlen) = ( 6,   5)
[0;32mPASS PATTERN NO. 968[0m, [0;33mLatency:    685[0m, (logn, xlen) = ( 6,   5)
[0;32mPASS PATTERN NO. 969[0m, [0;33mLatency:    682[0m, (logn, xlen) = ( 6,   5)
[0;32mPASS PATTERN NO. 970[0m, [0;33mLatency:    687[0m, (logn, xlen) = ( 6,   5)
[0;32mPASS PATTERN NO. 971[0m, [0;33mLatency:    689[0m, (logn, xlen) = ( 6,   5)
[0;32mPASS PATTERN NO. 972[0m, [0;33mLatency:    684[0m, (logn, xlen) = ( 6,   5)
[0;32mPASS PATTERN NO. 973[0m, [0;33mLatency:    685[0m, (logn, xlen) = ( 6,   5)
[0;32mPASS PATTERN NO. 974[0m, [0;33mLatency:    684[0m, (logn, xlen) = ( 6,   5)
[0;32mPASS PATTERN NO. 975[0m, [0;33mLatency:    691[0m, (logn, xlen) = ( 6,   5)
[0;32mPASS PATTERN NO. 976[0m, [0;33mLatency:    707[0m, (logn, xlen) = ( 6,   5)
[0;32mPASS PATTERN NO. 977[0m, [0;33mLatency:    686[0m, (logn, xlen) = ( 6,   5)
[0;32mPASS PATTERN NO. 978[0m, [0;33mLatency:    685[0m, (logn, xlen) = ( 6,   5)
[0;32mPASS PATTERN NO. 979[0m, [0;33mLatency:    682[0m, (logn, xlen) = ( 6,   5)
[0;32mPASS PATTERN NO. 980[0m, [0;33mLatency:    687[0m, (logn, xlen) = ( 6,   5)
[0;32mPASS PATTERN NO. 981[0m, [0;33mLatency:    697[0m, (logn, xlen) = ( 6,   5)
[0;32mPASS PATTERN NO. 982[0m, [0;33mLatency:    682[0m, (logn, xlen) = ( 6,   5)
[0;32mPASS PATTERN NO. 983[0m, [0;33mLatency:    605[0m, (logn, xlen) = ( 8,   2)
[0;32mPASS PATTERN NO. 984[0m, [0;33mLatency:    606[0m, (logn, xlen) = ( 8,   2)
[0;32mPASS PATTERN NO. 985[0m, [0;33mLatency:    312[0m, (logn, xlen) = ( 7,   2)
[0;32mPASS PATTERN NO. 986[0m, [0;33mLatency:    312[0m, (logn, xlen) = ( 7,   2)
[0;32mPASS PATTERN NO. 987[0m, [0;33mLatency:   2626[0m, (logn, xlen) = ( 7,   7)
[0;32mPASS PATTERN NO. 988[0m, [0;33mLatency:   2646[0m, (logn, xlen) = ( 7,   7)
[0;32mPASS PATTERN NO. 989[0m, [0;33mLatency:    547[0m, (logn, xlen) = ( 7,   3)
[0;32mPASS PATTERN NO. 990[0m, [0;33mLatency:    554[0m, (logn, xlen) = ( 7,   3)
[0;32mPASS PATTERN NO. 991[0m, [0;33mLatency:    547[0m, (logn, xlen) = ( 7,   3)
[0;32mPASS PATTERN NO. 992[0m, [0;33mLatency:    546[0m, (logn, xlen) = ( 7,   3)
[0;32mPASS PATTERN NO. 993[0m, [0;33mLatency:    555[0m, (logn, xlen) = ( 7,   3)
[0;32mPASS PATTERN NO. 994[0m, [0;33mLatency:    546[0m, (logn, xlen) = ( 7,   3)
[0;32mPASS PATTERN NO. 995[0m, [0;33mLatency:    553[0m, (logn, xlen) = ( 7,   3)
[0;32mPASS PATTERN NO. 996[0m, [0;33mLatency:    554[0m, (logn, xlen) = ( 7,   3)
[0;32mPASS PATTERN NO. 997[0m, [0;33mLatency:    553[0m, (logn, xlen) = ( 7,   3)
[0;32mPASS PATTERN NO. 998[0m, [0;33mLatency:    554[0m, (logn, xlen) = ( 7,   3)
[0;32mPASS PATTERN NO. 999[0m, [0;33mLatency:    554[0m, (logn, xlen) = ( 7,   3)
[0;32mPASS PATTERN NO.1000[0m, [0;33mLatency:    555[0m, (logn, xlen) = ( 7,   3)
[0;32mPASS PATTERN NO.1001[0m, [0;33mLatency:    555[0m, (logn, xlen) = ( 7,   3)
[0;32mPASS PATTERN NO.1002[0m, [0;33mLatency:    554[0m, (logn, xlen) = ( 7,   3)
[0;32mPASS PATTERN NO.1003[0m, [0;33mLatency:    553[0m, (logn, xlen) = ( 7,   3)
[0;32mPASS PATTERN NO.1004[0m, [0;33mLatency:    551[0m, (logn, xlen) = ( 7,   3)
[0;32mPASS PATTERN NO.1005[0m, [0;33mLatency:    608[0m, (logn, xlen) = ( 8,   2)
[0;32mPASS PATTERN NO.1006[0m, [0;33mLatency:    605[0m, (logn, xlen) = ( 8,   2)
[0;32mPASS PATTERN NO.1007[0m, [0;33mLatency:   2666[0m, (logn, xlen) = ( 8,   5)
[0;32mPASS PATTERN NO.1008[0m, [0;33mLatency:   2660[0m, (logn, xlen) = ( 8,   5)
[0;32mPASS PATTERN NO.1009[0m, [0;33mLatency:   1079[0m, (logn, xlen) = ( 8,   3)
[0;32mPASS PATTERN NO.1010[0m, [0;33mLatency:   1080[0m, (logn, xlen) = ( 8,   3)
[0;32mPASS PATTERN NO.1011[0m, [0;33mLatency:   1098[0m, (logn, xlen) = ( 8,   3)
[0;32mPASS PATTERN NO.1012[0m, [0;33mLatency:   1080[0m, (logn, xlen) = ( 8,   3)
[0;32mPASS PATTERN NO.1013[0m, [0;33mLatency:   1082[0m, (logn, xlen) = ( 8,   3)
[0;32mPASS PATTERN NO.1014[0m, [0;33mLatency:   1080[0m, (logn, xlen) = ( 8,   3)
[0;32mPASS PATTERN NO.1015[0m, [0;33mLatency:   1079[0m, (logn, xlen) = ( 8,   3)
[0;32mPASS PATTERN NO.1016[0m, [0;33mLatency:   1082[0m, (logn, xlen) = ( 8,   3)
[0;32mPASS PATTERN NO.1017[0m, [0;33mLatency:   1098[0m, (logn, xlen) = ( 8,   3)
[0;32mPASS PATTERN NO.1018[0m, [0;33mLatency:   1080[0m, (logn, xlen) = ( 8,   3)
[0;32mPASS PATTERN NO.1019[0m, [0;33mLatency:   1082[0m, (logn, xlen) = ( 8,   3)
[0;32mPASS PATTERN NO.1020[0m, [0;33mLatency:   1095[0m, (logn, xlen) = ( 8,   3)
[0;32mPASS PATTERN NO.1021[0m, [0;33mLatency:   1079[0m, (logn, xlen) = ( 8,   3)
[0;32mPASS PATTERN NO.1022[0m, [0;33mLatency:   1078[0m, (logn, xlen) = ( 8,   3)
[0;32mPASS PATTERN NO.1023[0m, [0;33mLatency:   2384[0m, (logn, xlen) = (10,   2)
[0;32mPASS PATTERN NO.1024[0m, [0;33mLatency:    607[0m, (logn, xlen) = ( 8,   2)
[0;32mPASS PATTERN NO.1025[0m, [0;33mLatency:    607[0m, (logn, xlen) = ( 8,   2)
[0;32mPASS PATTERN NO.1026[0m, [0;33mLatency:    312[0m, (logn, xlen) = ( 7,   2)
[0;32mPASS PATTERN NO.1027[0m, [0;33mLatency:    311[0m, (logn, xlen) = ( 7,   2)
[0;32mPASS PATTERN NO.1028[0m, [0;33mLatency:    455[0m, (logn, xlen) = ( 6,   4)
[0;32mPASS PATTERN NO.1029[0m, [0;33mLatency:    457[0m, (logn, xlen) = ( 6,   4)
[0;32mPASS PATTERN NO.1030[0m, [0;33mLatency:    692[0m, (logn, xlen) = ( 5,   7)
[0;32mPASS PATTERN NO.1031[0m, [0;33mLatency:    691[0m, (logn, xlen) = ( 5,   7)
[0;32mPASS PATTERN NO.1032[0m, [0;33mLatency:   1426[0m, (logn, xlen) = ( 4,  14)
[0;32mPASS PATTERN NO.1033[0m, [0;33mLatency:   1416[0m, (logn, xlen) = ( 4,  14)
[0;32mPASS PATTERN NO.1034[0m, [0;33mLatency:   2754[0m, (logn, xlen) = ( 3,  27)
[0;32mPASS PATTERN NO.1035[0m, [0;33mLatency:   2746[0m, (logn, xlen) = ( 3,  27)
[0;32mPASS PATTERN NO.1036[0m, [0;33mLatency:   6056[0m, (logn, xlen) = ( 2,  53)
[0;32mPASS PATTERN NO.1037[0m, [0;33mLatency:   6052[0m, (logn, xlen) = ( 2,  53)
[0;32mPASS PATTERN NO.1038[0m, [0;33mLatency:  23347[0m, (logn, xlen) = ( 1, 106)
[0;32mPASS PATTERN NO.1039[0m, [0;33mLatency:  23348[0m, (logn, xlen) = ( 1, 106)
[0;32mPASS PATTERN NO.1040[0m, [0;33mLatency:  89090[0m, (logn, xlen) = ( 1, 209)
[0;32mPASS PATTERN NO.1041[0m, [0;33mLatency:    607[0m, (logn, xlen) = ( 8,   2)
[0;32mPASS PATTERN NO.1042[0m, [0;33mLatency:    606[0m, (logn, xlen) = ( 8,   2)
[0;32mPASS PATTERN NO.1043[0m, [0;33mLatency:    311[0m, (logn, xlen) = ( 7,   2)
[0;32mPASS PATTERN NO.1044[0m, [0;33mLatency:    309[0m, (logn, xlen) = ( 7,   2)
[0;32mPASS PATTERN NO.1045[0m, [0;33mLatency:    460[0m, (logn, xlen) = ( 6,   4)
[0;32mPASS PATTERN NO.1046[0m, [0;33mLatency:    453[0m, (logn, xlen) = ( 6,   4)
[0;32mPASS PATTERN NO.1047[0m, [0;33mLatency:    678[0m, (logn, xlen) = ( 5,   7)
[0;32mPASS PATTERN NO.1048[0m, [0;33mLatency:    691[0m, (logn, xlen) = ( 5,   7)
[0;32mPASS PATTERN NO.1049[0m, [0;33mLatency:   1440[0m, (logn, xlen) = ( 4,  14)
[0;32mPASS PATTERN NO.1050[0m, [0;33mLatency:   1420[0m, (logn, xlen) = ( 4,  14)
[0;32mPASS PATTERN NO.1051[0m, [0;33mLatency:   2740[0m, (logn, xlen) = ( 3,  27)
[0;32mPASS PATTERN NO.1052[0m, [0;33mLatency:   2756[0m, (logn, xlen) = ( 3,  27)
[0;32mPASS PATTERN NO.1053[0m, [0;33mLatency:   6052[0m, (logn, xlen) = ( 2,  53)
[0;32mPASS PATTERN NO.1054[0m, [0;33mLatency:   6049[0m, (logn, xlen) = ( 2,  53)
[0;32mPASS PATTERN NO.1055[0m, [0;33mLatency:  23352[0m, (logn, xlen) = ( 1, 106)
[0;32mPASS PATTERN NO.1056[0m, [0;33mLatency:  23347[0m, (logn, xlen) = ( 1, 106)
[0;32mPASS PATTERN NO.1057[0m, [0;33mLatency: 192269[0m, (logn, xlen) = ( 1, 308)
[0;32mPASS PATTERN NO.1058[0m, [0;33mLatency: 192275[0m, (logn, xlen) = ( 1, 308)
[0;32mPASS PATTERN NO.1059[0m, [0;33mLatency:    606[0m, (logn, xlen) = ( 8,   2)
[0;32mPASS PATTERN NO.1060[0m, [0;33mLatency:    605[0m, (logn, xlen) = ( 8,   2)
[0;32mPASS PATTERN NO.1061[0m, [0;33mLatency:    311[0m, (logn, xlen) = ( 7,   2)
[0;32mPASS PATTERN NO.1062[0m, [0;33mLatency:    311[0m, (logn, xlen) = ( 7,   2)
[0;32mPASS PATTERN NO.1063[0m, [0;33mLatency:    455[0m, (logn, xlen) = ( 6,   4)
[0;32mPASS PATTERN NO.1064[0m, [0;33mLatency:    457[0m, (logn, xlen) = ( 6,   4)
[0;32mPASS PATTERN NO.1065[0m, [0;33mLatency:    679[0m, (logn, xlen) = ( 5,   7)
[0;32mPASS PATTERN NO.1066[0m, [0;33mLatency:    683[0m, (logn, xlen) = ( 5,   7)
[0;32mPASS PATTERN NO.1067[0m, [0;33mLatency:   1435[0m, (logn, xlen) = ( 4,  14)
[0;32mPASS PATTERN NO.1068[0m, [0;33mLatency:   1427[0m, (logn, xlen) = ( 4,  14)
[0;32mPASS PATTERN NO.1069[0m, [0;33mLatency:   2751[0m, (logn, xlen) = ( 3,  27)
[0;32mPASS PATTERN NO.1070[0m, [0;33mLatency:   2750[0m, (logn, xlen) = ( 3,  27)
[0;32mPASS PATTERN NO.1071[0m, [0;33mLatency:   6053[0m, (logn, xlen) = ( 2,  53)
[0;32mPASS PATTERN NO.1072[0m, [0;33mLatency:   6050[0m, (logn, xlen) = ( 2,  53)
[0;32mPASS PATTERN NO.1073[0m, [0;33mLatency:  50589[0m, (logn, xlen) = ( 2, 157)
[0;32mPASS PATTERN NO.1074[0m, [0;33mLatency:  50588[0m, (logn, xlen) = ( 2, 157)
[0;32mPASS PATTERN NO.1075[0m, [0;33mLatency:    607[0m, (logn, xlen) = ( 8,   2)
[0;32mPASS PATTERN NO.1076[0m, [0;33mLatency:    605[0m, (logn, xlen) = ( 8,   2)
[0;32mPASS PATTERN NO.1077[0m, [0;33mLatency:    311[0m, (logn, xlen) = ( 7,   2)
[0;32mPASS PATTERN NO.1078[0m, [0;33mLatency:    312[0m, (logn, xlen) = ( 7,   2)
[0;32mPASS PATTERN NO.1079[0m, [0;33mLatency:    453[0m, (logn, xlen) = ( 6,   4)
[0;32mPASS PATTERN NO.1080[0m, [0;33mLatency:    457[0m, (logn, xlen) = ( 6,   4)
[0;32mPASS PATTERN NO.1081[0m, [0;33mLatency:    694[0m, (logn, xlen) = ( 5,   7)
[0;32mPASS PATTERN NO.1082[0m, [0;33mLatency:    689[0m, (logn, xlen) = ( 5,   7)
[0;32mPASS PATTERN NO.1083[0m, [0;33mLatency:   1426[0m, (logn, xlen) = ( 4,  14)
[0;32mPASS PATTERN NO.1084[0m, [0;33mLatency:   1434[0m, (logn, xlen) = ( 4,  14)
[0;32mPASS PATTERN NO.1085[0m, [0;33mLatency:   2754[0m, (logn, xlen) = ( 3,  27)
[0;32mPASS PATTERN NO.1086[0m, [0;33mLatency:   2740[0m, (logn, xlen) = ( 3,  27)
[0;32mPASS PATTERN NO.1087[0m, [0;33mLatency:  23707[0m, (logn, xlen) = ( 3,  78)
[0;32mPASS PATTERN NO.1088[0m, [0;33mLatency:  23708[0m, (logn, xlen) = ( 3,  78)
[0;32mPASS PATTERN NO.1089[0m, [0;33mLatency:    607[0m, (logn, xlen) = ( 8,   2)
[0;32mPASS PATTERN NO.1090[0m, [0;33mLatency:    606[0m, (logn, xlen) = ( 8,   2)
[0;32mPASS PATTERN NO.1091[0m, [0;33mLatency:    311[0m, (logn, xlen) = ( 7,   2)
[0;32mPASS PATTERN NO.1092[0m, [0;33mLatency:    312[0m, (logn, xlen) = ( 7,   2)
[0;32mPASS PATTERN NO.1093[0m, [0;33mLatency:    447[0m, (logn, xlen) = ( 6,   4)
[0;32mPASS PATTERN NO.1094[0m, [0;33mLatency:    457[0m, (logn, xlen) = ( 6,   4)
[0;32mPASS PATTERN NO.1095[0m, [0;33mLatency:    698[0m, (logn, xlen) = ( 5,   7)
[0;32mPASS PATTERN NO.1096[0m, [0;33mLatency:    687[0m, (logn, xlen) = ( 5,   7)
[0;32mPASS PATTERN NO.1097[0m, [0;33mLatency:   1427[0m, (logn, xlen) = ( 4,  14)
[0;32mPASS PATTERN NO.1098[0m, [0;33mLatency:   1422[0m, (logn, xlen) = ( 4,  14)
[0;32mPASS PATTERN NO.1099[0m, [0;33mLatency:  12177[0m, (logn, xlen) = ( 4,  40)
[0;32mPASS PATTERN NO.1100[0m, [0;33mLatency:  12186[0m, (logn, xlen) = ( 4,  40)
[0;32mPASS PATTERN NO.1101[0m, [0;33mLatency:    608[0m, (logn, xlen) = ( 8,   2)
[0;32mPASS PATTERN NO.1102[0m, [0;33mLatency:    606[0m, (logn, xlen) = ( 8,   2)
[0;32mPASS PATTERN NO.1103[0m, [0;33mLatency:    310[0m, (logn, xlen) = ( 7,   2)
[0;32mPASS PATTERN NO.1104[0m, [0;33mLatency:    312[0m, (logn, xlen) = ( 7,   2)
[0;32mPASS PATTERN NO.1105[0m, [0;33mLatency:    456[0m, (logn, xlen) = ( 6,   4)
[0;32mPASS PATTERN NO.1106[0m, [0;33mLatency:    449[0m, (logn, xlen) = ( 6,   4)
[0;32mPASS PATTERN NO.1107[0m, [0;33mLatency:    686[0m, (logn, xlen) = ( 5,   7)
[0;32mPASS PATTERN NO.1108[0m, [0;33mLatency:    684[0m, (logn, xlen) = ( 5,   7)
[0;32mPASS PATTERN NO.1109[0m, [0;33mLatency:   6527[0m, (logn, xlen) = ( 5,  21)
[0;32mPASS PATTERN NO.1110[0m, [0;33mLatency:   6500[0m, (logn, xlen) = ( 5,  21)
[0;32mPASS PATTERN NO.1111[0m, [0;33mLatency:    606[0m, (logn, xlen) = ( 8,   2)
[0;32mPASS PATTERN NO.1112[0m, [0;33mLatency:    606[0m, (logn, xlen) = ( 8,   2)
[0;32mPASS PATTERN NO.1113[0m, [0;33mLatency:    311[0m, (logn, xlen) = ( 7,   2)
[0;32mPASS PATTERN NO.1114[0m, [0;33mLatency:    312[0m, (logn, xlen) = ( 7,   2)
[0;32mPASS PATTERN NO.1115[0m, [0;33mLatency:    457[0m, (logn, xlen) = ( 6,   4)
[0;32mPASS PATTERN NO.1116[0m, [0;33mLatency:    447[0m, (logn, xlen) = ( 6,   4)
[0;32mPASS PATTERN NO.1117[0m, [0;33mLatency:   4097[0m, (logn, xlen) = ( 6,  12)
[0;32mPASS PATTERN NO.1118[0m, [0;33mLatency:   4097[0m, (logn, xlen) = ( 6,  12)
[0;32mPASS PATTERN NO.1119[0m, [0;33mLatency:    708[0m, (logn, xlen) = ( 6,   5)
[0;32mPASS PATTERN NO.1120[0m, [0;33mLatency:    687[0m, (logn, xlen) = ( 6,   5)
[0;32mPASS PATTERN NO.1121[0m, [0;33mLatency:    705[0m, (logn, xlen) = ( 6,   5)
[0;32mPASS PATTERN NO.1122[0m, [0;33mLatency:    703[0m, (logn, xlen) = ( 6,   5)
[0;32mPASS PATTERN NO.1123[0m, [0;33mLatency:    680[0m, (logn, xlen) = ( 6,   5)
[0;32mPASS PATTERN NO.1124[0m, [0;33mLatency:    679[0m, (logn, xlen) = ( 6,   5)
[0;32mPASS PATTERN NO.1125[0m, [0;33mLatency:    683[0m, (logn, xlen) = ( 6,   5)
[0;32mPASS PATTERN NO.1126[0m, [0;33mLatency:    685[0m, (logn, xlen) = ( 6,   5)
[0;32mPASS PATTERN NO.1127[0m, [0;33mLatency:    678[0m, (logn, xlen) = ( 6,   5)
[0;32mPASS PATTERN NO.1128[0m, [0;33mLatency:    697[0m, (logn, xlen) = ( 6,   5)
[0;32mPASS PATTERN NO.1129[0m, [0;33mLatency:    690[0m, (logn, xlen) = ( 6,   5)
[0;32mPASS PATTERN NO.1130[0m, [0;33mLatency:    692[0m, (logn, xlen) = ( 6,   5)
[0;32mPASS PATTERN NO.1131[0m, [0;33mLatency:    680[0m, (logn, xlen) = ( 6,   5)
[0;32mPASS PATTERN NO.1132[0m, [0;33mLatency:    690[0m, (logn, xlen) = ( 6,   5)
[0;32mPASS PATTERN NO.1133[0m, [0;33mLatency:    684[0m, (logn, xlen) = ( 6,   5)
[0;32mPASS PATTERN NO.1134[0m, [0;33mLatency:    685[0m, (logn, xlen) = ( 6,   5)
[0;32mPASS PATTERN NO.1135[0m, [0;33mLatency:    677[0m, (logn, xlen) = ( 6,   5)
[0;32mPASS PATTERN NO.1136[0m, [0;33mLatency:    708[0m, (logn, xlen) = ( 6,   5)
[0;32mPASS PATTERN NO.1137[0m, [0;33mLatency:    682[0m, (logn, xlen) = ( 6,   5)
[0;32mPASS PATTERN NO.1138[0m, [0;33mLatency:    680[0m, (logn, xlen) = ( 6,   5)
[0;32mPASS PATTERN NO.1139[0m, [0;33mLatency:    709[0m, (logn, xlen) = ( 6,   5)
[0;32mPASS PATTERN NO.1140[0m, [0;33mLatency:    695[0m, (logn, xlen) = ( 6,   5)
[0;32mPASS PATTERN NO.1141[0m, [0;33mLatency:    686[0m, (logn, xlen) = ( 6,   5)
[0;32mPASS PATTERN NO.1142[0m, [0;33mLatency:    690[0m, (logn, xlen) = ( 6,   5)
[0;32mPASS PATTERN NO.1143[0m, [0;33mLatency:    709[0m, (logn, xlen) = ( 6,   5)
[0;32mPASS PATTERN NO.1144[0m, [0;33mLatency:    699[0m, (logn, xlen) = ( 6,   5)
[0;32mPASS PATTERN NO.1145[0m, [0;33mLatency:    608[0m, (logn, xlen) = ( 8,   2)
[0;32mPASS PATTERN NO.1146[0m, [0;33mLatency:    607[0m, (logn, xlen) = ( 8,   2)
[0;32mPASS PATTERN NO.1147[0m, [0;33mLatency:    309[0m, (logn, xlen) = ( 7,   2)
[0;32mPASS PATTERN NO.1148[0m, [0;33mLatency:    310[0m, (logn, xlen) = ( 7,   2)
[0;32mPASS PATTERN NO.1149[0m, [0;33mLatency:   2637[0m, (logn, xlen) = ( 7,   7)
[0;32mPASS PATTERN NO.1150[0m, [0;33mLatency:   2648[0m, (logn, xlen) = ( 7,   7)
[0;32mPASS PATTERN NO.1151[0m, [0;33mLatency:    548[0m, (logn, xlen) = ( 7,   3)
[0;32mPASS PATTERN NO.1152[0m, [0;33mLatency:    552[0m, (logn, xlen) = ( 7,   3)
[0;32mPASS PATTERN NO.1153[0m, [0;33mLatency:    555[0m, (logn, xlen) = ( 7,   3)
[0;32mPASS PATTERN NO.1154[0m, [0;33mLatency:    546[0m, (logn, xlen) = ( 7,   3)
[0;32mPASS PATTERN NO.1155[0m, [0;33mLatency:    547[0m, (logn, xlen) = ( 7,   3)
[0;32mPASS PATTERN NO.1156[0m, [0;33mLatency:    548[0m, (logn, xlen) = ( 7,   3)
[0;32mPASS PATTERN NO.1157[0m, [0;33mLatency:    553[0m, (logn, xlen) = ( 7,   3)
[0;32mPASS PATTERN NO.1158[0m, [0;33mLatency:    553[0m, (logn, xlen) = ( 7,   3)
[0;32mPASS PATTERN NO.1159[0m, [0;33mLatency:    552[0m, (logn, xlen) = ( 7,   3)
[0;32mPASS PATTERN NO.1160[0m, [0;33mLatency:    554[0m, (logn, xlen) = ( 7,   3)
[0;32mPASS PATTERN NO.1161[0m, [0;33mLatency:    554[0m, (logn, xlen) = ( 7,   3)
[0;32mPASS PATTERN NO.1162[0m, [0;33mLatency:    549[0m, (logn, xlen) = ( 7,   3)
[0;32mPASS PATTERN NO.1163[0m, [0;33mLatency:    553[0m, (logn, xlen) = ( 7,   3)
[0;32mPASS PATTERN NO.1164[0m, [0;33mLatency:    552[0m, (logn, xlen) = ( 7,   3)
[0;32mPASS PATTERN NO.1165[0m, [0;33mLatency:    553[0m, (logn, xlen) = ( 7,   3)
[0;32mPASS PATTERN NO.1166[0m, [0;33mLatency:    554[0m, (logn, xlen) = ( 7,   3)
[0;32mPASS PATTERN NO.1167[0m, [0;33mLatency:    608[0m, (logn, xlen) = ( 8,   2)
[0;32mPASS PATTERN NO.1168[0m, [0;33mLatency:    605[0m, (logn, xlen) = ( 8,   2)
[0;32mPASS PATTERN NO.1169[0m, [0;33mLatency:   2675[0m, (logn, xlen) = ( 8,   5)
[0;32mPASS PATTERN NO.1170[0m, [0;33mLatency:   2667[0m, (logn, xlen) = ( 8,   5)
[0;32mPASS PATTERN NO.1171[0m, [0;33mLatency:   1080[0m, (logn, xlen) = ( 8,   3)
[0;32mPASS PATTERN NO.1172[0m, [0;33mLatency:   1078[0m, (logn, xlen) = ( 8,   3)
[0;32mPASS PATTERN NO.1173[0m, [0;33mLatency:   1080[0m, (logn, xlen) = ( 8,   3)
[0;32mPASS PATTERN NO.1174[0m, [0;33mLatency:   1082[0m, (logn, xlen) = ( 8,   3)
[0;32mPASS PATTERN NO.1175[0m, [0;33mLatency:   1097[0m, (logn, xlen) = ( 8,   3)
[0;32mPASS PATTERN NO.1176[0m, [0;33mLatency:   1079[0m, (logn, xlen) = ( 8,   3)
[0;32mPASS PATTERN NO.1177[0m, [0;33mLatency:   1097[0m, (logn, xlen) = ( 8,   3)
[0;32mPASS PATTERN NO.1178[0m, [0;33mLatency:   1081[0m, (logn, xlen) = ( 8,   3)
[0;32mPASS PATTERN NO.1179[0m, [0;33mLatency:   1079[0m, (logn, xlen) = ( 8,   3)
[0;32mPASS PATTERN NO.1180[0m, [0;33mLatency:   1079[0m, (logn, xlen) = ( 8,   3)
[0;32mPASS PATTERN NO.1181[0m, [0;33mLatency:   1081[0m, (logn, xlen) = ( 8,   3)
[0;32mPASS PATTERN NO.1182[0m, [0;33mLatency:   1096[0m, (logn, xlen) = ( 8,   3)
[0;32mPASS PATTERN NO.1183[0m, [0;33mLatency:   1096[0m, (logn, xlen) = ( 8,   3)
[0;32mPASS PATTERN NO.1184[0m, [0;33mLatency:   1097[0m, (logn, xlen) = ( 8,   3)
[0;32mPASS PATTERN NO.1185[0m, [0;33mLatency:   2384[0m, (logn, xlen) = (10,   2)
[0;32mPASS PATTERN NO.1186[0m, [0;33mLatency:    607[0m, (logn, xlen) = ( 8,   2)
[0;32mPASS PATTERN NO.1187[0m, [0;33mLatency:    605[0m, (logn, xlen) = ( 8,   2)
[0;32mPASS PATTERN NO.1188[0m, [0;33mLatency:    309[0m, (logn, xlen) = ( 7,   2)
[0;32mPASS PATTERN NO.1189[0m, [0;33mLatency:    312[0m, (logn, xlen) = ( 7,   2)
[0;32mPASS PATTERN NO.1190[0m, [0;33mLatency:    459[0m, (logn, xlen) = ( 6,   4)
[0;32mPASS PATTERN NO.1191[0m, [0;33mLatency:    459[0m, (logn, xlen) = ( 6,   4)
[0;32mPASS PATTERN NO.1192[0m, [0;33mLatency:    687[0m, (logn, xlen) = ( 5,   7)
[0;32mPASS PATTERN NO.1193[0m, [0;33mLatency:    692[0m, (logn, xlen) = ( 5,   7)
[0;32mPASS PATTERN NO.1194[0m, [0;33mLatency:   1428[0m, (logn, xlen) = ( 4,  14)
[0;32mPASS PATTERN NO.1195[0m, [0;33mLatency:   1434[0m, (logn, xlen) = ( 4,  14)
[0;32mPASS PATTERN NO.1196[0m, [0;33mLatency:   2743[0m, (logn, xlen) = ( 3,  27)
[0;32mPASS PATTERN NO.1197[0m, [0;33mLatency:   2749[0m, (logn, xlen) = ( 3,  27)
[0;32mPASS PATTERN NO.1198[0m, [0;33mLatency:   6052[0m, (logn, xlen) = ( 2,  53)
[0;32mPASS PATTERN NO.1199[0m, [0;33mLatency:   6053[0m, (logn, xlen) = ( 2,  53)
[0;32mPASS PATTERN NO.1200[0m, [0;33mLatency:  23347[0m, (logn, xlen) = ( 1, 106)
[0;32mPASS PATTERN NO.1201[0m, [0;33mLatency:  23346[0m, (logn, xlen) = ( 1, 106)
[0;32mPASS PATTERN NO.1202[0m, [0;33mLatency:  89085[0m, (logn, xlen) = ( 1, 209)
[0;32mPASS PATTERN NO.1203[0m, [0;33mLatency:    608[0m, (logn, xlen) = ( 8,   2)
[0;32mPASS PATTERN NO.1204[0m, [0;33mLatency:    606[0m, (logn, xlen) = ( 8,   2)
[0;32mPASS PATTERN NO.1205[0m, [0;33mLatency:    310[0m, (logn, xlen) = ( 7,   2)
[0;32mPASS PATTERN NO.1206[0m, [0;33mLatency:    311[0m, (logn, xlen) = ( 7,   2)
[0;32mPASS PATTERN NO.1207[0m, [0;33mLatency:    454[0m, (logn, xlen) = ( 6,   4)
[0;32mPASS PATTERN NO.1208[0m, [0;33mLatency:    457[0m, (logn, xlen) = ( 6,   4)
[0;32mPASS PATTERN NO.1209[0m, [0;33mLatency:    693[0m, (logn, xlen) = ( 5,   7)
[0;32mPASS PATTERN NO.1210[0m, [0;33mLatency:    684[0m, (logn, xlen) = ( 5,   7)
[0;32mPASS PATTERN NO.1211[0m, [0;33mLatency:   1427[0m, (logn, xlen) = ( 4,  14)
[0;32mPASS PATTERN NO.1212[0m, [0;33mLatency:   1431[0m, (logn, xlen) = ( 4,  14)
[0;32mPASS PATTERN NO.1213[0m, [0;33mLatency:   2755[0m, (logn, xlen) = ( 3,  27)
[0;32mPASS PATTERN NO.1214[0m, [0;33mLatency:   2747[0m, (logn, xlen) = ( 3,  27)
[0;32mPASS PATTERN NO.1215[0m, [0;33mLatency:   6052[0m, (logn, xlen) = ( 2,  53)
[0;32mPASS PATTERN NO.1216[0m, [0;33mLatency:   6053[0m, (logn, xlen) = ( 2,  53)
[0;32mPASS PATTERN NO.1217[0m, [0;33mLatency:  23349[0m, (logn, xlen) = ( 1, 106)
[0;32mPASS PATTERN NO.1218[0m, [0;33mLatency:  23341[0m, (logn, xlen) = ( 1, 106)
[0;32mPASS PATTERN NO.1219[0m, [0;33mLatency: 192275[0m, (logn, xlen) = ( 1, 308)
[0;32mPASS PATTERN NO.1220[0m, [0;33mLatency: 192266[0m, (logn, xlen) = ( 1, 308)
[0;32mPASS PATTERN NO.1221[0m, [0;33mLatency:    607[0m, (logn, xlen) = ( 8,   2)
[0;32mPASS PATTERN NO.1222[0m, [0;33mLatency:    605[0m, (logn, xlen) = ( 8,   2)
[0;32mPASS PATTERN NO.1223[0m, [0;33mLatency:    312[0m, (logn, xlen) = ( 7,   2)
[0;32mPASS PATTERN NO.1224[0m, [0;33mLatency:    310[0m, (logn, xlen) = ( 7,   2)
[0;32mPASS PATTERN NO.1225[0m, [0;33mLatency:    456[0m, (logn, xlen) = ( 6,   4)
[0;32mPASS PATTERN NO.1226[0m, [0;33mLatency:    450[0m, (logn, xlen) = ( 6,   4)
[0;32mPASS PATTERN NO.1227[0m, [0;33mLatency:    693[0m, (logn, xlen) = ( 5,   7)
[0;32mPASS PATTERN NO.1228[0m, [0;33mLatency:    681[0m, (logn, xlen) = ( 5,   7)
[0;32mPASS PATTERN NO.1229[0m, [0;33mLatency:   1427[0m, (logn, xlen) = ( 4,  14)
[0;32mPASS PATTERN NO.1230[0m, [0;33mLatency:   1430[0m, (logn, xlen) = ( 4,  14)
[0;32mPASS PATTERN NO.1231[0m, [0;33mLatency:   2755[0m, (logn, xlen) = ( 3,  27)
[0;32mPASS PATTERN NO.1232[0m, [0;33mLatency:   2745[0m, (logn, xlen) = ( 3,  27)
[0;32mPASS PATTERN NO.1233[0m, [0;33mLatency:   6055[0m, (logn, xlen) = ( 2,  53)
[0;32mPASS PATTERN NO.1234[0m, [0;33mLatency:   6053[0m, (logn, xlen) = ( 2,  53)
[0;32mPASS PATTERN NO.1235[0m, [0;33mLatency:  50590[0m, (logn, xlen) = ( 2, 157)
[0;32mPASS PATTERN NO.1236[0m, [0;33mLatency:  50589[0m, (logn, xlen) = ( 2, 157)
[0;32mPASS PATTERN NO.1237[0m, [0;33mLatency:    605[0m, (logn, xlen) = ( 8,   2)
[0;32mPASS PATTERN NO.1238[0m, [0;33mLatency:    607[0m, (logn, xlen) = ( 8,   2)
[0;32mPASS PATTERN NO.1239[0m, [0;33mLatency:    312[0m, (logn, xlen) = ( 7,   2)
[0;32mPASS PATTERN NO.1240[0m, [0;33mLatency:    310[0m, (logn, xlen) = ( 7,   2)
[0;32mPASS PATTERN NO.1241[0m, [0;33mLatency:    458[0m, (logn, xlen) = ( 6,   4)
[0;32mPASS PATTERN NO.1242[0m, [0;33mLatency:    459[0m, (logn, xlen) = ( 6,   4)
[0;32mPASS PATTERN NO.1243[0m, [0;33mLatency:    696[0m, (logn, xlen) = ( 5,   7)
[0;32mPASS PATTERN NO.1244[0m, [0;33mLatency:    693[0m, (logn, xlen) = ( 5,   7)
[0;32mPASS PATTERN NO.1245[0m, [0;33mLatency:   1436[0m, (logn, xlen) = ( 4,  14)
[0;32mPASS PATTERN NO.1246[0m, [0;33mLatency:   1431[0m, (logn, xlen) = ( 4,  14)
[0;32mPASS PATTERN NO.1247[0m, [0;33mLatency:   2733[0m, (logn, xlen) = ( 3,  27)
[0;32mPASS PATTERN NO.1248[0m, [0;33mLatency:   2750[0m, (logn, xlen) = ( 3,  27)
[0;32mPASS PATTERN NO.1249[0m, [0;33mLatency:  23702[0m, (logn, xlen) = ( 3,  78)
[0;32mPASS PATTERN NO.1250[0m, [0;33mLatency:  23700[0m, (logn, xlen) = ( 3,  78)
[0;32mPASS PATTERN NO.1251[0m, [0;33mLatency:    605[0m, (logn, xlen) = ( 8,   2)
[0;32mPASS PATTERN NO.1252[0m, [0;33mLatency:    608[0m, (logn, xlen) = ( 8,   2)
[0;32mPASS PATTERN NO.1253[0m, [0;33mLatency:    310[0m, (logn, xlen) = ( 7,   2)
[0;32mPASS PATTERN NO.1254[0m, [0;33mLatency:    309[0m, (logn, xlen) = ( 7,   2)
[0;32mPASS PATTERN NO.1255[0m, [0;33mLatency:    457[0m, (logn, xlen) = ( 6,   4)
[0;32mPASS PATTERN NO.1256[0m, [0;33mLatency:    457[0m, (logn, xlen) = ( 6,   4)
[0;32mPASS PATTERN NO.1257[0m, [0;33mLatency:    681[0m, (logn, xlen) = ( 5,   7)
[0;32mPASS PATTERN NO.1258[0m, [0;33mLatency:    671[0m, (logn, xlen) = ( 5,   7)
[0;32mPASS PATTERN NO.1259[0m, [0;33mLatency:   1425[0m, (logn, xlen) = ( 4,  14)
[0;32mPASS PATTERN NO.1260[0m, [0;33mLatency:   1422[0m, (logn, xlen) = ( 4,  14)
[0;32mPASS PATTERN NO.1261[0m, [0;33mLatency:  12180[0m, (logn, xlen) = ( 4,  40)
[0;32mPASS PATTERN NO.1262[0m, [0;33mLatency:  12190[0m, (logn, xlen) = ( 4,  40)
[0;32mPASS PATTERN NO.1263[0m, [0;33mLatency:    608[0m, (logn, xlen) = ( 8,   2)
[0;32mPASS PATTERN NO.1264[0m, [0;33mLatency:    608[0m, (logn, xlen) = ( 8,   2)
[0;32mPASS PATTERN NO.1265[0m, [0;33mLatency:    311[0m, (logn, xlen) = ( 7,   2)
[0;32mPASS PATTERN NO.1266[0m, [0;33mLatency:    310[0m, (logn, xlen) = ( 7,   2)
[0;32mPASS PATTERN NO.1267[0m, [0;33mLatency:    449[0m, (logn, xlen) = ( 6,   4)
[0;32mPASS PATTERN NO.1268[0m, [0;33mLatency:    457[0m, (logn, xlen) = ( 6,   4)
[0;32mPASS PATTERN NO.1269[0m, [0;33mLatency:    686[0m, (logn, xlen) = ( 5,   7)
[0;32mPASS PATTERN NO.1270[0m, [0;33mLatency:    686[0m, (logn, xlen) = ( 5,   7)
[0;32mPASS PATTERN NO.1271[0m, [0;33mLatency:   6502[0m, (logn, xlen) = ( 5,  21)
[0;32mPASS PATTERN NO.1272[0m, [0;33mLatency:   6524[0m, (logn, xlen) = ( 5,  21)
[0;32mPASS PATTERN NO.1273[0m, [0;33mLatency:    606[0m, (logn, xlen) = ( 8,   2)
[0;32mPASS PATTERN NO.1274[0m, [0;33mLatency:    605[0m, (logn, xlen) = ( 8,   2)
[0;32mPASS PATTERN NO.1275[0m, [0;33mLatency:    311[0m, (logn, xlen) = ( 7,   2)
[0;32mPASS PATTERN NO.1276[0m, [0;33mLatency:    311[0m, (logn, xlen) = ( 7,   2)
[0;32mPASS PATTERN NO.1277[0m, [0;33mLatency:    454[0m, (logn, xlen) = ( 6,   4)
[0;32mPASS PATTERN NO.1278[0m, [0;33mLatency:    450[0m, (logn, xlen) = ( 6,   4)
[0;32mPASS PATTERN NO.1279[0m, [0;33mLatency:   4105[0m, (logn, xlen) = ( 6,  12)
[0;32mPASS PATTERN NO.1280[0m, [0;33mLatency:   4118[0m, (logn, xlen) = ( 6,  12)
[0;32mPASS PATTERN NO.1281[0m, [0;33mLatency:    682[0m, (logn, xlen) = ( 6,   5)
[0;32mPASS PATTERN NO.1282[0m, [0;33mLatency:    698[0m, (logn, xlen) = ( 6,   5)
[0;32mPASS PATTERN NO.1283[0m, [0;33mLatency:    709[0m, (logn, xlen) = ( 6,   5)
[0;32mPASS PATTERN NO.1284[0m, [0;33mLatency:    686[0m, (logn, xlen) = ( 6,   5)
[0;32mPASS PATTERN NO.1285[0m, [0;33mLatency:    691[0m, (logn, xlen) = ( 6,   5)
[0;32mPASS PATTERN NO.1286[0m, [0;33mLatency:    686[0m, (logn, xlen) = ( 6,   5)
[0;32mPASS PATTERN NO.1287[0m, [0;33mLatency:    699[0m, (logn, xlen) = ( 6,   5)
[0;32mPASS PATTERN NO.1288[0m, [0;33mLatency:    687[0m, (logn, xlen) = ( 6,   5)
[0;32mPASS PATTERN NO.1289[0m, [0;33mLatency:    687[0m, (logn, xlen) = ( 6,   5)
[0;32mPASS PATTERN NO.1290[0m, [0;33mLatency:    691[0m, (logn, xlen) = ( 6,   5)
[0;32mPASS PATTERN NO.1291[0m, [0;33mLatency:    678[0m, (logn, xlen) = ( 6,   5)
[0;32mPASS PATTERN NO.1292[0m, [0;33mLatency:    685[0m, (logn, xlen) = ( 6,   5)
[0;32mPASS PATTERN NO.1293[0m, [0;33mLatency:    679[0m, (logn, xlen) = ( 6,   5)
[0;32mPASS PATTERN NO.1294[0m, [0;33mLatency:    684[0m, (logn, xlen) = ( 6,   5)
[0;32mPASS PATTERN NO.1295[0m, [0;33mLatency:    685[0m, (logn, xlen) = ( 6,   5)
[0;32mPASS PATTERN NO.1296[0m, [0;33mLatency:    688[0m, (logn, xlen) = ( 6,   5)
[0;32mPASS PATTERN NO.1297[0m, [0;33mLatency:    679[0m, (logn, xlen) = ( 6,   5)
[0;32mPASS PATTERN NO.1298[0m, [0;33mLatency:    709[0m, (logn, xlen) = ( 6,   5)
[0;32mPASS PATTERN NO.1299[0m, [0;33mLatency:    684[0m, (logn, xlen) = ( 6,   5)
[0;32mPASS PATTERN NO.1300[0m, [0;33mLatency:    687[0m, (logn, xlen) = ( 6,   5)
[0;32mPASS PATTERN NO.1301[0m, [0;33mLatency:    683[0m, (logn, xlen) = ( 6,   5)
[0;32mPASS PATTERN NO.1302[0m, [0;33mLatency:    685[0m, (logn, xlen) = ( 6,   5)
[0;32mPASS PATTERN NO.1303[0m, [0;33mLatency:    696[0m, (logn, xlen) = ( 6,   5)
[0;32mPASS PATTERN NO.1304[0m, [0;33mLatency:    688[0m, (logn, xlen) = ( 6,   5)
[0;32mPASS PATTERN NO.1305[0m, [0;33mLatency:    685[0m, (logn, xlen) = ( 6,   5)
[0;32mPASS PATTERN NO.1306[0m, [0;33mLatency:    685[0m, (logn, xlen) = ( 6,   5)
[0;32mPASS PATTERN NO.1307[0m, [0;33mLatency:    607[0m, (logn, xlen) = ( 8,   2)
[0;32mPASS PATTERN NO.1308[0m, [0;33mLatency:    605[0m, (logn, xlen) = ( 8,   2)
[0;32mPASS PATTERN NO.1309[0m, [0;33mLatency:    312[0m, (logn, xlen) = ( 7,   2)
[0;32mPASS PATTERN NO.1310[0m, [0;33mLatency:    311[0m, (logn, xlen) = ( 7,   2)
[0;32mPASS PATTERN NO.1311[0m, [0;33mLatency:   2661[0m, (logn, xlen) = ( 7,   7)
[0;32mPASS PATTERN NO.1312[0m, [0;33mLatency:   2662[0m, (logn, xlen) = ( 7,   7)
[0;32mPASS PATTERN NO.1313[0m, [0;33mLatency:    553[0m, (logn, xlen) = ( 7,   3)
[0;32mPASS PATTERN NO.1314[0m, [0;33mLatency:    555[0m, (logn, xlen) = ( 7,   3)
[0;32mPASS PATTERN NO.1315[0m, [0;33mLatency:    555[0m, (logn, xlen) = ( 7,   3)
[0;32mPASS PATTERN NO.1316[0m, [0;33mLatency:    553[0m, (logn, xlen) = ( 7,   3)
[0;32mPASS PATTERN NO.1317[0m, [0;33mLatency:    553[0m, (logn, xlen) = ( 7,   3)
[0;32mPASS PATTERN NO.1318[0m, [0;33mLatency:    553[0m, (logn, xlen) = ( 7,   3)
[0;32mPASS PATTERN NO.1319[0m, [0;33mLatency:    554[0m, (logn, xlen) = ( 7,   3)
[0;32mPASS PATTERN NO.1320[0m, [0;33mLatency:    555[0m, (logn, xlen) = ( 7,   3)
[0;32mPASS PATTERN NO.1321[0m, [0;33mLatency:    549[0m, (logn, xlen) = ( 7,   3)
[0;32mPASS PATTERN NO.1322[0m, [0;33mLatency:    553[0m, (logn, xlen) = ( 7,   3)
[0;32mPASS PATTERN NO.1323[0m, [0;33mLatency:    554[0m, (logn, xlen) = ( 7,   3)
[0;32mPASS PATTERN NO.1324[0m, [0;33mLatency:    554[0m, (logn, xlen) = ( 7,   3)
[0;32mPASS PATTERN NO.1325[0m, [0;33mLatency:    553[0m, (logn, xlen) = ( 7,   3)
[0;32mPASS PATTERN NO.1326[0m, [0;33mLatency:    552[0m, (logn, xlen) = ( 7,   3)
[0;32mPASS PATTERN NO.1327[0m, [0;33mLatency:    555[0m, (logn, xlen) = ( 7,   3)
[0;32mPASS PATTERN NO.1328[0m, [0;33mLatency:    555[0m, (logn, xlen) = ( 7,   3)
[0;32mPASS PATTERN NO.1329[0m, [0;33mLatency:    607[0m, (logn, xlen) = ( 8,   2)
[0;32mPASS PATTERN NO.1330[0m, [0;33mLatency:    606[0m, (logn, xlen) = ( 8,   2)
[0;32mPASS PATTERN NO.1331[0m, [0;33mLatency:   2660[0m, (logn, xlen) = ( 8,   5)
[0;32mPASS PATTERN NO.1332[0m, [0;33mLatency:   2660[0m, (logn, xlen) = ( 8,   5)
[0;32mPASS PATTERN NO.1333[0m, [0;33mLatency:   1080[0m, (logn, xlen) = ( 8,   3)
[0;32mPASS PATTERN NO.1334[0m, [0;33mLatency:   1082[0m, (logn, xlen) = ( 8,   3)
[0;32mPASS PATTERN NO.1335[0m, [0;33mLatency:   1080[0m, (logn, xlen) = ( 8,   3)
[0;32mPASS PATTERN NO.1336[0m, [0;33mLatency:   1097[0m, (logn, xlen) = ( 8,   3)
[0;32mPASS PATTERN NO.1337[0m, [0;33mLatency:   1082[0m, (logn, xlen) = ( 8,   3)
[0;32mPASS PATTERN NO.1338[0m, [0;33mLatency:   1081[0m, (logn, xlen) = ( 8,   3)
[0;32mPASS PATTERN NO.1339[0m, [0;33mLatency:   1081[0m, (logn, xlen) = ( 8,   3)
[0;32mPASS PATTERN NO.1340[0m, [0;33mLatency:   1098[0m, (logn, xlen) = ( 8,   3)
[0;32mPASS PATTERN NO.1341[0m, [0;33mLatency:   1081[0m, (logn, xlen) = ( 8,   3)
[0;32mPASS PATTERN NO.1342[0m, [0;33mLatency:   1079[0m, (logn, xlen) = ( 8,   3)
[0;32mPASS PATTERN NO.1343[0m, [0;33mLatency:   1080[0m, (logn, xlen) = ( 8,   3)
[0;32mPASS PATTERN NO.1344[0m, [0;33mLatency:   1079[0m, (logn, xlen) = ( 8,   3)
[0;32mPASS PATTERN NO.1345[0m, [0;33mLatency:   1082[0m, (logn, xlen) = ( 8,   3)
[0;32mPASS PATTERN NO.1346[0m, [0;33mLatency:   1080[0m, (logn, xlen) = ( 8,   3)
[0;32mPASS PATTERN NO.1347[0m, [0;33mLatency:   2384[0m, (logn, xlen) = (10,   2)
[0;32mPASS PATTERN NO.1348[0m, [0;33mLatency:    606[0m, (logn, xlen) = ( 8,   2)
[0;32mPASS PATTERN NO.1349[0m, [0;33mLatency:    608[0m, (logn, xlen) = ( 8,   2)
[0;32mPASS PATTERN NO.1350[0m, [0;33mLatency:    309[0m, (logn, xlen) = ( 7,   2)
[0;32mPASS PATTERN NO.1351[0m, [0;33mLatency:    310[0m, (logn, xlen) = ( 7,   2)
[0;32mPASS PATTERN NO.1352[0m, [0;33mLatency:    460[0m, (logn, xlen) = ( 6,   4)
[0;32mPASS PATTERN NO.1353[0m, [0;33mLatency:    456[0m, (logn, xlen) = ( 6,   4)
[0;32mPASS PATTERN NO.1354[0m, [0;33mLatency:    699[0m, (logn, xlen) = ( 5,   7)
[0;32mPASS PATTERN NO.1355[0m, [0;33mLatency:    688[0m, (logn, xlen) = ( 5,   7)
[0;32mPASS PATTERN NO.1356[0m, [0;33mLatency:   1416[0m, (logn, xlen) = ( 4,  14)
[0;32mPASS PATTERN NO.1357[0m, [0;33mLatency:   1421[0m, (logn, xlen) = ( 4,  14)
[0;32mPASS PATTERN NO.1358[0m, [0;33mLatency:   2753[0m, (logn, xlen) = ( 3,  27)
[0;32mPASS PATTERN NO.1359[0m, [0;33mLatency:   2746[0m, (logn, xlen) = ( 3,  27)
[0;32mPASS PATTERN NO.1360[0m, [0;33mLatency:   6049[0m, (logn, xlen) = ( 2,  53)
[0;32mPASS PATTERN NO.1361[0m, [0;33mLatency:   6053[0m, (logn, xlen) = ( 2,  53)
[0;32mPASS PATTERN NO.1362[0m, [0;33mLatency:  23346[0m, (logn, xlen) = ( 1, 106)
[0;32mPASS PATTERN NO.1363[0m, [0;33mLatency:  23350[0m, (logn, xlen) = ( 1, 106)
[0;32mPASS PATTERN NO.1364[0m, [0;33mLatency:  89089[0m, (logn, xlen) = ( 1, 209)
[0;32mPASS PATTERN NO.1365[0m, [0;33mLatency:    606[0m, (logn, xlen) = ( 8,   2)
[0;32mPASS PATTERN NO.1366[0m, [0;33mLatency:    607[0m, (logn, xlen) = ( 8,   2)
[0;32mPASS PATTERN NO.1367[0m, [0;33mLatency:    311[0m, (logn, xlen) = ( 7,   2)
[0;32mPASS PATTERN NO.1368[0m, [0;33mLatency:    309[0m, (logn, xlen) = ( 7,   2)
[0;32mPASS PATTERN NO.1369[0m, [0;33mLatency:    449[0m, (logn, xlen) = ( 6,   4)
[0;32mPASS PATTERN NO.1370[0m, [0;33mLatency:    457[0m, (logn, xlen) = ( 6,   4)
[0;32mPASS PATTERN NO.1371[0m, [0;33mLatency:    683[0m, (logn, xlen) = ( 5,   7)
[0;32mPASS PATTERN NO.1372[0m, [0;33mLatency:    685[0m, (logn, xlen) = ( 5,   7)
[0;32mPASS PATTERN NO.1373[0m, [0;33mLatency:   1427[0m, (logn, xlen) = ( 4,  14)
[0;32mPASS PATTERN NO.1374[0m, [0;33mLatency:   1426[0m, (logn, xlen) = ( 4,  14)
[0;32mPASS PATTERN NO.1375[0m, [0;33mLatency:   2745[0m, (logn, xlen) = ( 3,  27)
[0;32mPASS PATTERN NO.1376[0m, [0;33mLatency:   2738[0m, (logn, xlen) = ( 3,  27)
[0;32mPASS PATTERN NO.1377[0m, [0;33mLatency:   6050[0m, (logn, xlen) = ( 2,  53)
[0;32mPASS PATTERN NO.1378[0m, [0;33mLatency:   6048[0m, (logn, xlen) = ( 2,  53)
[0;32mPASS PATTERN NO.1379[0m, [0;33mLatency:  23354[0m, (logn, xlen) = ( 1, 106)
[0;32mPASS PATTERN NO.1380[0m, [0;33mLatency:  23356[0m, (logn, xlen) = ( 1, 106)
[0;32mPASS PATTERN NO.1381[0m, [0;33mLatency: 192265[0m, (logn, xlen) = ( 1, 308)
[0;32mPASS PATTERN NO.1382[0m, [0;33mLatency: 192264[0m, (logn, xlen) = ( 1, 308)
[0;32mPASS PATTERN NO.1383[0m, [0;33mLatency:    607[0m, (logn, xlen) = ( 8,   2)
[0;32mPASS PATTERN NO.1384[0m, [0;33mLatency:    608[0m, (logn, xlen) = ( 8,   2)
[0;32mPASS PATTERN NO.1385[0m, [0;33mLatency:    310[0m, (logn, xlen) = ( 7,   2)
[0;32mPASS PATTERN NO.1386[0m, [0;33mLatency:    309[0m, (logn, xlen) = ( 7,   2)
[0;32mPASS PATTERN NO.1387[0m, [0;33mLatency:    454[0m, (logn, xlen) = ( 6,   4)
[0;32mPASS PATTERN NO.1388[0m, [0;33mLatency:    458[0m, (logn, xlen) = ( 6,   4)
[0;32mPASS PATTERN NO.1389[0m, [0;33mLatency:    700[0m, (logn, xlen) = ( 5,   7)
[0;32mPASS PATTERN NO.1390[0m, [0;33mLatency:    684[0m, (logn, xlen) = ( 5,   7)
[0;32mPASS PATTERN NO.1391[0m, [0;33mLatency:   1422[0m, (logn, xlen) = ( 4,  14)
[0;32mPASS PATTERN NO.1392[0m, [0;33mLatency:   1431[0m, (logn, xlen) = ( 4,  14)
[0;32mPASS PATTERN NO.1393[0m, [0;33mLatency:   2748[0m, (logn, xlen) = ( 3,  27)
[0;32mPASS PATTERN NO.1394[0m, [0;33mLatency:   2758[0m, (logn, xlen) = ( 3,  27)
[0;32mPASS PATTERN NO.1395[0m, [0;33mLatency:   6049[0m, (logn, xlen) = ( 2,  53)
[0;32mPASS PATTERN NO.1396[0m, [0;33mLatency:   6052[0m, (logn, xlen) = ( 2,  53)
[0;32mPASS PATTERN NO.1397[0m, [0;33mLatency:  50588[0m, (logn, xlen) = ( 2, 157)
[0;32mPASS PATTERN NO.1398[0m, [0;33mLatency:  50590[0m, (logn, xlen) = ( 2, 157)
[0;32mPASS PATTERN NO.1399[0m, [0;33mLatency:    605[0m, (logn, xlen) = ( 8,   2)
[0;32mPASS PATTERN NO.1400[0m, [0;33mLatency:    606[0m, (logn, xlen) = ( 8,   2)
[0;32mPASS PATTERN NO.1401[0m, [0;33mLatency:    312[0m, (logn, xlen) = ( 7,   2)
[0;32mPASS PATTERN NO.1402[0m, [0;33mLatency:    309[0m, (logn, xlen) = ( 7,   2)
[0;32mPASS PATTERN NO.1403[0m, [0;33mLatency:    458[0m, (logn, xlen) = ( 6,   4)
[0;32mPASS PATTERN NO.1404[0m, [0;33mLatency:    458[0m, (logn, xlen) = ( 6,   4)
[0;32mPASS PATTERN NO.1405[0m, [0;33mLatency:    687[0m, (logn, xlen) = ( 5,   7)
[0;32mPASS PATTERN NO.1406[0m, [0;33mLatency:    693[0m, (logn, xlen) = ( 5,   7)
[0;32mPASS PATTERN NO.1407[0m, [0;33mLatency:   1442[0m, (logn, xlen) = ( 4,  14)
[0;32mPASS PATTERN NO.1408[0m, [0;33mLatency:   1432[0m, (logn, xlen) = ( 4,  14)
[0;32mPASS PATTERN NO.1409[0m, [0;33mLatency:   2751[0m, (logn, xlen) = ( 3,  27)
[0;32mPASS PATTERN NO.1410[0m, [0;33mLatency:   2748[0m, (logn, xlen) = ( 3,  27)
[0;32mPASS PATTERN NO.1411[0m, [0;33mLatency:  23701[0m, (logn, xlen) = ( 3,  78)
[0;32mPASS PATTERN NO.1412[0m, [0;33mLatency:  23696[0m, (logn, xlen) = ( 3,  78)
[0;32mPASS PATTERN NO.1413[0m, [0;33mLatency:    606[0m, (logn, xlen) = ( 8,   2)
[0;32mPASS PATTERN NO.1414[0m, [0;33mLatency:    605[0m, (logn, xlen) = ( 8,   2)
[0;32mPASS PATTERN NO.1415[0m, [0;33mLatency:    311[0m, (logn, xlen) = ( 7,   2)
[0;32mPASS PATTERN NO.1416[0m, [0;33mLatency:    309[0m, (logn, xlen) = ( 7,   2)
[0;32mPASS PATTERN NO.1417[0m, [0;33mLatency:    455[0m, (logn, xlen) = ( 6,   4)
[0;32mPASS PATTERN NO.1418[0m, [0;33mLatency:    457[0m, (logn, xlen) = ( 6,   4)
[0;32mPASS PATTERN NO.1419[0m, [0;33mLatency:    682[0m, (logn, xlen) = ( 5,   7)
[0;32mPASS PATTERN NO.1420[0m, [0;33mLatency:    693[0m, (logn, xlen) = ( 5,   7)
[0;32mPASS PATTERN NO.1421[0m, [0;33mLatency:   1438[0m, (logn, xlen) = ( 4,  14)
[0;32mPASS PATTERN NO.1422[0m, [0;33mLatency:   1434[0m, (logn, xlen) = ( 4,  14)
[0;32mPASS PATTERN NO.1423[0m, [0;33mLatency:  12180[0m, (logn, xlen) = ( 4,  40)
[0;32mPASS PATTERN NO.1424[0m, [0;33mLatency:  12184[0m, (logn, xlen) = ( 4,  40)
[0;32mPASS PATTERN NO.1425[0m, [0;33mLatency:    605[0m, (logn, xlen) = ( 8,   2)
[0;32mPASS PATTERN NO.1426[0m, [0;33mLatency:    608[0m, (logn, xlen) = ( 8,   2)
[0;32mPASS PATTERN NO.1427[0m, [0;33mLatency:    310[0m, (logn, xlen) = ( 7,   2)
[0;32mPASS PATTERN NO.1428[0m, [0;33mLatency:    312[0m, (logn, xlen) = ( 7,   2)
[0;32mPASS PATTERN NO.1429[0m, [0;33mLatency:    457[0m, (logn, xlen) = ( 6,   4)
[0;32mPASS PATTERN NO.1430[0m, [0;33mLatency:    450[0m, (logn, xlen) = ( 6,   4)
[0;32mPASS PATTERN NO.1431[0m, [0;33mLatency:    693[0m, (logn, xlen) = ( 5,   7)
[0;32mPASS PATTERN NO.1432[0m, [0;33mLatency:    685[0m, (logn, xlen) = ( 5,   7)
[0;32mPASS PATTERN NO.1433[0m, [0;33mLatency:   6505[0m, (logn, xlen) = ( 5,  21)
[0;32mPASS PATTERN NO.1434[0m, [0;33mLatency:   6512[0m, (logn, xlen) = ( 5,  21)
[0;32mPASS PATTERN NO.1435[0m, [0;33mLatency:    607[0m, (logn, xlen) = ( 8,   2)
[0;32mPASS PATTERN NO.1436[0m, [0;33mLatency:    605[0m, (logn, xlen) = ( 8,   2)
[0;32mPASS PATTERN NO.1437[0m, [0;33mLatency:    311[0m, (logn, xlen) = ( 7,   2)
[0;32mPASS PATTERN NO.1438[0m, [0;33mLatency:    309[0m, (logn, xlen) = ( 7,   2)
[0;32mPASS PATTERN NO.1439[0m, [0;33mLatency:    449[0m, (logn, xlen) = ( 6,   4)
[0;32mPASS PATTERN NO.1440[0m, [0;33mLatency:    459[0m, (logn, xlen) = ( 6,   4)
[0;32mPASS PATTERN NO.1441[0m, [0;33mLatency:   4098[0m, (logn, xlen) = ( 6,  12)
[0;32mPASS PATTERN NO.1442[0m, [0;33mLatency:   4099[0m, (logn, xlen) = ( 6,  12)
[0;32mPASS PATTERN NO.1443[0m, [0;33mLatency:    686[0m, (logn, xlen) = ( 6,   5)
[0;32mPASS PATTERN NO.1444[0m, [0;33mLatency:    681[0m, (logn, xlen) = ( 6,   5)
[0;32mPASS PATTERN NO.1445[0m, [0;33mLatency:    695[0m, (logn, xlen) = ( 6,   5)
[0;32mPASS PATTERN NO.1446[0m, [0;33mLatency:    685[0m, (logn, xlen) = ( 6,   5)
[0;32mPASS PATTERN NO.1447[0m, [0;33mLatency:    686[0m, (logn, xlen) = ( 6,   5)
[0;32mPASS PATTERN NO.1448[0m, [0;33mLatency:    703[0m, (logn, xlen) = ( 6,   5)
[0;32mPASS PATTERN NO.1449[0m, [0;33mLatency:    684[0m, (logn, xlen) = ( 6,   5)
[0;32mPASS PATTERN NO.1450[0m, [0;33mLatency:    686[0m, (logn, xlen) = ( 6,   5)
[0;32mPASS PATTERN NO.1451[0m, [0;33mLatency:    685[0m, (logn, xlen) = ( 6,   5)
[0;32mPASS PATTERN NO.1452[0m, [0;33mLatency:    708[0m, (logn, xlen) = ( 6,   5)
[0;32mPASS PATTERN NO.1453[0m, [0;33mLatency:    689[0m, (logn, xlen) = ( 6,   5)
[0;32mPASS PATTERN NO.1454[0m, [0;33mLatency:    686[0m, (logn, xlen) = ( 6,   5)
[0;32mPASS PATTERN NO.1455[0m, [0;33mLatency:    684[0m, (logn, xlen) = ( 6,   5)
[0;32mPASS PATTERN NO.1456[0m, [0;33mLatency:    680[0m, (logn, xlen) = ( 6,   5)
[0;32mPASS PATTERN NO.1457[0m, [0;33mLatency:    697[0m, (logn, xlen) = ( 6,   5)
[0;32mPASS PATTERN NO.1458[0m, [0;33mLatency:    686[0m, (logn, xlen) = ( 6,   5)
[0;32mPASS PATTERN NO.1459[0m, [0;33mLatency:    689[0m, (logn, xlen) = ( 6,   5)
[0;32mPASS PATTERN NO.1460[0m, [0;33mLatency:    682[0m, (logn, xlen) = ( 6,   5)
[0;32mPASS PATTERN NO.1461[0m, [0;33mLatency:    689[0m, (logn, xlen) = ( 6,   5)
[0;32mPASS PATTERN NO.1462[0m, [0;33mLatency:    685[0m, (logn, xlen) = ( 6,   5)
[0;32mPASS PATTERN NO.1463[0m, [0;33mLatency:    691[0m, (logn, xlen) = ( 6,   5)
[0;32mPASS PATTERN NO.1464[0m, [0;33mLatency:    683[0m, (logn, xlen) = ( 6,   5)
[0;32mPASS PATTERN NO.1465[0m, [0;33mLatency:    687[0m, (logn, xlen) = ( 6,   5)
[0;32mPASS PATTERN NO.1466[0m, [0;33mLatency:    687[0m, (logn, xlen) = ( 6,   5)
[0;32mPASS PATTERN NO.1467[0m, [0;33mLatency:    709[0m, (logn, xlen) = ( 6,   5)
[0;32mPASS PATTERN NO.1468[0m, [0;33mLatency:    684[0m, (logn, xlen) = ( 6,   5)
[0;32mPASS PATTERN NO.1469[0m, [0;33mLatency:    606[0m, (logn, xlen) = ( 8,   2)
[0;32mPASS PATTERN NO.1470[0m, [0;33mLatency:    606[0m, (logn, xlen) = ( 8,   2)
[0;32mPASS PATTERN NO.1471[0m, [0;33mLatency:    311[0m, (logn, xlen) = ( 7,   2)
[0;32mPASS PATTERN NO.1472[0m, [0;33mLatency:    312[0m, (logn, xlen) = ( 7,   2)
[0;32mPASS PATTERN NO.1473[0m, [0;33mLatency:   2672[0m, (logn, xlen) = ( 7,   7)
[0;32mPASS PATTERN NO.1474[0m, [0;33mLatency:   2691[0m, (logn, xlen) = ( 7,   7)
[0;32mPASS PATTERN NO.1475[0m, [0;33mLatency:    553[0m, (logn, xlen) = ( 7,   3)
[0;32mPASS PATTERN NO.1476[0m, [0;33mLatency:    552[0m, (logn, xlen) = ( 7,   3)
[0;32mPASS PATTERN NO.1477[0m, [0;33mLatency:    553[0m, (logn, xlen) = ( 7,   3)
[0;32mPASS PATTERN NO.1478[0m, [0;33mLatency:    551[0m, (logn, xlen) = ( 7,   3)
[0;32mPASS PATTERN NO.1479[0m, [0;33mLatency:    555[0m, (logn, xlen) = ( 7,   3)
[0;32mPASS PATTERN NO.1480[0m, [0;33mLatency:    552[0m, (logn, xlen) = ( 7,   3)
[0;32mPASS PATTERN NO.1481[0m, [0;33mLatency:    555[0m, (logn, xlen) = ( 7,   3)
[0;32mPASS PATTERN NO.1482[0m, [0;33mLatency:    554[0m, (logn, xlen) = ( 7,   3)
[0;32mPASS PATTERN NO.1483[0m, [0;33mLatency:    547[0m, (logn, xlen) = ( 7,   3)
[0;32mPASS PATTERN NO.1484[0m, [0;33mLatency:    546[0m, (logn, xlen) = ( 7,   3)
[0;32mPASS PATTERN NO.1485[0m, [0;33mLatency:    553[0m, (logn, xlen) = ( 7,   3)
[0;32mPASS PATTERN NO.1486[0m, [0;33mLatency:    554[0m, (logn, xlen) = ( 7,   3)
[0;32mPASS PATTERN NO.1487[0m, [0;33mLatency:    554[0m, (logn, xlen) = ( 7,   3)
[0;32mPASS PATTERN NO.1488[0m, [0;33mLatency:    551[0m, (logn, xlen) = ( 7,   3)
[0;32mPASS PATTERN NO.1489[0m, [0;33mLatency:    554[0m, (logn, xlen) = ( 7,   3)
[0;32mPASS PATTERN NO.1490[0m, [0;33mLatency:    552[0m, (logn, xlen) = ( 7,   3)
[0;32mPASS PATTERN NO.1491[0m, [0;33mLatency:    608[0m, (logn, xlen) = ( 8,   2)
[0;32mPASS PATTERN NO.1492[0m, [0;33mLatency:    605[0m, (logn, xlen) = ( 8,   2)
[0;32mPASS PATTERN NO.1493[0m, [0;33mLatency:   2663[0m, (logn, xlen) = ( 8,   5)
[0;32mPASS PATTERN NO.1494[0m, [0;33mLatency:   2658[0m, (logn, xlen) = ( 8,   5)
[0;32mPASS PATTERN NO.1495[0m, [0;33mLatency:   1096[0m, (logn, xlen) = ( 8,   3)
[0;32mPASS PATTERN NO.1496[0m, [0;33mLatency:   1081[0m, (logn, xlen) = ( 8,   3)
[0;32mPASS PATTERN NO.1497[0m, [0;33mLatency:   1098[0m, (logn, xlen) = ( 8,   3)
[0;32mPASS PATTERN NO.1498[0m, [0;33mLatency:   1098[0m, (logn, xlen) = ( 8,   3)
[0;32mPASS PATTERN NO.1499[0m, [0;33mLatency:   1081[0m, (logn, xlen) = ( 8,   3)
[0;32mPASS PATTERN NO.1500[0m, [0;33mLatency:   1082[0m, (logn, xlen) = ( 8,   3)
[0;32mPASS PATTERN NO.1501[0m, [0;33mLatency:   1097[0m, (logn, xlen) = ( 8,   3)
[0;32mPASS PATTERN NO.1502[0m, [0;33mLatency:   1095[0m, (logn, xlen) = ( 8,   3)
[0;32mPASS PATTERN NO.1503[0m, [0;33mLatency:   1081[0m, (logn, xlen) = ( 8,   3)
[0;32mPASS PATTERN NO.1504[0m, [0;33mLatency:   1081[0m, (logn, xlen) = ( 8,   3)
[0;32mPASS PATTERN NO.1505[0m, [0;33mLatency:   1082[0m, (logn, xlen) = ( 8,   3)
[0;32mPASS PATTERN NO.1506[0m, [0;33mLatency:   1079[0m, (logn, xlen) = ( 8,   3)
[0;32mPASS PATTERN NO.1507[0m, [0;33mLatency:   1098[0m, (logn, xlen) = ( 8,   3)
[0;32mPASS PATTERN NO.1508[0m, [0;33mLatency:   1081[0m, (logn, xlen) = ( 8,   3)
[0;32mPASS PATTERN NO.1509[0m, [0;33mLatency:   2383[0m, (logn, xlen) = (10,   2)
[0;32mPASS PATTERN NO.1510[0m, [0;33mLatency:    606[0m, (logn, xlen) = ( 8,   2)
[0;32mPASS PATTERN NO.1511[0m, [0;33mLatency:    607[0m, (logn, xlen) = ( 8,   2)
[0;32mPASS PATTERN NO.1512[0m, [0;33mLatency:    312[0m, (logn, xlen) = ( 7,   2)
[0;32mPASS PATTERN NO.1513[0m, [0;33mLatency:    310[0m, (logn, xlen) = ( 7,   2)
[0;32mPASS PATTERN NO.1514[0m, [0;33mLatency:    457[0m, (logn, xlen) = ( 6,   4)
[0;32mPASS PATTERN NO.1515[0m, [0;33mLatency:    455[0m, (logn, xlen) = ( 6,   4)
[0;32mPASS PATTERN NO.1516[0m, [0;33mLatency:    683[0m, (logn, xlen) = ( 5,   7)
[0;32mPASS PATTERN NO.1517[0m, [0;33mLatency:    701[0m, (logn, xlen) = ( 5,   7)
[0;32mPASS PATTERN NO.1518[0m, [0;33mLatency:   1422[0m, (logn, xlen) = ( 4,  14)
[0;32mPASS PATTERN NO.1519[0m, [0;33mLatency:   1431[0m, (logn, xlen) = ( 4,  14)
[0;32mPASS PATTERN NO.1520[0m, [0;33mLatency:   2751[0m, (logn, xlen) = ( 3,  27)
[0;32mPASS PATTERN NO.1521[0m, [0;33mLatency:   2753[0m, (logn, xlen) = ( 3,  27)
[0;32mPASS PATTERN NO.1522[0m, [0;33mLatency:   6049[0m, (logn, xlen) = ( 2,  53)
[0;32mPASS PATTERN NO.1523[0m, [0;33mLatency:   6050[0m, (logn, xlen) = ( 2,  53)
[0;32mPASS PATTERN NO.1524[0m, [0;33mLatency:  23347[0m, (logn, xlen) = ( 1, 106)
[0;32mPASS PATTERN NO.1525[0m, [0;33mLatency:  23346[0m, (logn, xlen) = ( 1, 106)
[0;32mPASS PATTERN NO.1526[0m, [0;33mLatency:  89085[0m, (logn, xlen) = ( 1, 209)
[0;32mPASS PATTERN NO.1527[0m, [0;33mLatency:    607[0m, (logn, xlen) = ( 8,   2)
[0;32mPASS PATTERN NO.1528[0m, [0;33mLatency:    608[0m, (logn, xlen) = ( 8,   2)
[0;32mPASS PATTERN NO.1529[0m, [0;33mLatency:    310[0m, (logn, xlen) = ( 7,   2)
[0;32mPASS PATTERN NO.1530[0m, [0;33mLatency:    309[0m, (logn, xlen) = ( 7,   2)
[0;32mPASS PATTERN NO.1531[0m, [0;33mLatency:    447[0m, (logn, xlen) = ( 6,   4)
[0;32mPASS PATTERN NO.1532[0m, [0;33mLatency:    458[0m, (logn, xlen) = ( 6,   4)
[0;32mPASS PATTERN NO.1533[0m, [0;33mLatency:    691[0m, (logn, xlen) = ( 5,   7)
[0;32mPASS PATTERN NO.1534[0m, [0;33mLatency:    697[0m, (logn, xlen) = ( 5,   7)
[0;32mPASS PATTERN NO.1535[0m, [0;33mLatency:   1419[0m, (logn, xlen) = ( 4,  14)
[0;32mPASS PATTERN NO.1536[0m, [0;33mLatency:   1427[0m, (logn, xlen) = ( 4,  14)
[0;32mPASS PATTERN NO.1537[0m, [0;33mLatency:   2752[0m, (logn, xlen) = ( 3,  27)
[0;32mPASS PATTERN NO.1538[0m, [0;33mLatency:   2751[0m, (logn, xlen) = ( 3,  27)
[0;32mPASS PATTERN NO.1539[0m, [0;33mLatency:   6050[0m, (logn, xlen) = ( 2,  53)
[0;32mPASS PATTERN NO.1540[0m, [0;33mLatency:   6051[0m, (logn, xlen) = ( 2,  53)
[0;32mPASS PATTERN NO.1541[0m, [0;33mLatency:  23347[0m, (logn, xlen) = ( 1, 106)
[0;32mPASS PATTERN NO.1542[0m, [0;33mLatency:  23343[0m, (logn, xlen) = ( 1, 106)
[0;32mPASS PATTERN NO.1543[0m, [0;33mLatency: 192275[0m, (logn, xlen) = ( 1, 308)
[0;32mPASS PATTERN NO.1544[0m, [0;33mLatency: 192264[0m, (logn, xlen) = ( 1, 308)
[0;32mPASS PATTERN NO.1545[0m, [0;33mLatency:    608[0m, (logn, xlen) = ( 8,   2)
[0;32mPASS PATTERN NO.1546[0m, [0;33mLatency:    606[0m, (logn, xlen) = ( 8,   2)
[0;32mPASS PATTERN NO.1547[0m, [0;33mLatency:    310[0m, (logn, xlen) = ( 7,   2)
[0;32mPASS PATTERN NO.1548[0m, [0;33mLatency:    309[0m, (logn, xlen) = ( 7,   2)
[0;32mPASS PATTERN NO.1549[0m, [0;33mLatency:    457[0m, (logn, xlen) = ( 6,   4)
[0;32mPASS PATTERN NO.1550[0m, [0;33mLatency:    449[0m, (logn, xlen) = ( 6,   4)
[0;32mPASS PATTERN NO.1551[0m, [0;33mLatency:    693[0m, (logn, xlen) = ( 5,   7)
[0;32mPASS PATTERN NO.1552[0m, [0;33mLatency:    693[0m, (logn, xlen) = ( 5,   7)
[0;32mPASS PATTERN NO.1553[0m, [0;33mLatency:   1422[0m, (logn, xlen) = ( 4,  14)
[0;32mPASS PATTERN NO.1554[0m, [0;33mLatency:   1425[0m, (logn, xlen) = ( 4,  14)
[0;32mPASS PATTERN NO.1555[0m, [0;33mLatency:   2747[0m, (logn, xlen) = ( 3,  27)
[0;32mPASS PATTERN NO.1556[0m, [0;33mLatency:   2751[0m, (logn, xlen) = ( 3,  27)
[0;32mPASS PATTERN NO.1557[0m, [0;33mLatency:   6051[0m, (logn, xlen) = ( 2,  53)
[0;32mPASS PATTERN NO.1558[0m, [0;33mLatency:   6051[0m, (logn, xlen) = ( 2,  53)
[0;32mPASS PATTERN NO.1559[0m, [0;33mLatency:  50591[0m, (logn, xlen) = ( 2, 157)
[0;32mPASS PATTERN NO.1560[0m, [0;33mLatency:  50585[0m, (logn, xlen) = ( 2, 157)
[0;32mPASS PATTERN NO.1561[0m, [0;33mLatency:    607[0m, (logn, xlen) = ( 8,   2)
[0;32mPASS PATTERN NO.1562[0m, [0;33mLatency:    605[0m, (logn, xlen) = ( 8,   2)
[0;32mPASS PATTERN NO.1563[0m, [0;33mLatency:    311[0m, (logn, xlen) = ( 7,   2)
[0;32mPASS PATTERN NO.1564[0m, [0;33mLatency:    309[0m, (logn, xlen) = ( 7,   2)
[0;32mPASS PATTERN NO.1565[0m, [0;33mLatency:    458[0m, (logn, xlen) = ( 6,   4)
[0;32mPASS PATTERN NO.1566[0m, [0;33mLatency:    456[0m, (logn, xlen) = ( 6,   4)
[0;32mPASS PATTERN NO.1567[0m, [0;33mLatency:    688[0m, (logn, xlen) = ( 5,   7)
[0;32mPASS PATTERN NO.1568[0m, [0;33mLatency:    683[0m, (logn, xlen) = ( 5,   7)
[0;32mPASS PATTERN NO.1569[0m, [0;33mLatency:   1434[0m, (logn, xlen) = ( 4,  14)
[0;32mPASS PATTERN NO.1570[0m, [0;33mLatency:   1423[0m, (logn, xlen) = ( 4,  14)
[0;32mPASS PATTERN NO.1571[0m, [0;33mLatency:   2751[0m, (logn, xlen) = ( 3,  27)
[0;32mPASS PATTERN NO.1572[0m, [0;33mLatency:   2742[0m, (logn, xlen) = ( 3,  27)
[0;32mPASS PATTERN NO.1573[0m, [0;33mLatency:  23703[0m, (logn, xlen) = ( 3,  78)
[0;32mPASS PATTERN NO.1574[0m, [0;33mLatency:  23710[0m, (logn, xlen) = ( 3,  78)
[0;32mPASS PATTERN NO.1575[0m, [0;33mLatency:    608[0m, (logn, xlen) = ( 8,   2)
[0;32mPASS PATTERN NO.1576[0m, [0;33mLatency:    606[0m, (logn, xlen) = ( 8,   2)
[0;32mPASS PATTERN NO.1577[0m, [0;33mLatency:    312[0m, (logn, xlen) = ( 7,   2)
[0;32mPASS PATTERN NO.1578[0m, [0;33mLatency:    309[0m, (logn, xlen) = ( 7,   2)
[0;32mPASS PATTERN NO.1579[0m, [0;33mLatency:    457[0m, (logn, xlen) = ( 6,   4)
[0;32mPASS PATTERN NO.1580[0m, [0;33mLatency:    457[0m, (logn, xlen) = ( 6,   4)
[0;32mPASS PATTERN NO.1581[0m, [0;33mLatency:    677[0m, (logn, xlen) = ( 5,   7)
[0;32mPASS PATTERN NO.1582[0m, [0;33mLatency:    689[0m, (logn, xlen) = ( 5,   7)
[0;32mPASS PATTERN NO.1583[0m, [0;33mLatency:   1430[0m, (logn, xlen) = ( 4,  14)
[0;32mPASS PATTERN NO.1584[0m, [0;33mLatency:   1422[0m, (logn, xlen) = ( 4,  14)
[0;32mPASS PATTERN NO.1585[0m, [0;33mLatency:  12169[0m, (logn, xlen) = ( 4,  40)
[0;32mPASS PATTERN NO.1586[0m, [0;33mLatency:  12190[0m, (logn, xlen) = ( 4,  40)
[0;32mPASS PATTERN NO.1587[0m, [0;33mLatency:    606[0m, (logn, xlen) = ( 8,   2)
[0;32mPASS PATTERN NO.1588[0m, [0;33mLatency:    608[0m, (logn, xlen) = ( 8,   2)
[0;32mPASS PATTERN NO.1589[0m, [0;33mLatency:    309[0m, (logn, xlen) = ( 7,   2)
[0;32mPASS PATTERN NO.1590[0m, [0;33mLatency:    311[0m, (logn, xlen) = ( 7,   2)
[0;32mPASS PATTERN NO.1591[0m, [0;33mLatency:    459[0m, (logn, xlen) = ( 6,   4)
[0;32mPASS PATTERN NO.1592[0m, [0;33mLatency:    457[0m, (logn, xlen) = ( 6,   4)
[0;32mPASS PATTERN NO.1593[0m, [0;33mLatency:    693[0m, (logn, xlen) = ( 5,   7)
[0;32mPASS PATTERN NO.1594[0m, [0;33mLatency:    675[0m, (logn, xlen) = ( 5,   7)
[0;32mPASS PATTERN NO.1595[0m, [0;33mLatency:   6515[0m, (logn, xlen) = ( 5,  21)
[0;32mPASS PATTERN NO.1596[0m, [0;33mLatency:   6512[0m, (logn, xlen) = ( 5,  21)
[0;32mPASS PATTERN NO.1597[0m, [0;33mLatency:    607[0m, (logn, xlen) = ( 8,   2)
[0;32mPASS PATTERN NO.1598[0m, [0;33mLatency:    605[0m, (logn, xlen) = ( 8,   2)
[0;32mPASS PATTERN NO.1599[0m, [0;33mLatency:    309[0m, (logn, xlen) = ( 7,   2)
[0;32mPASS PATTERN NO.1600[0m, [0;33mLatency:    311[0m, (logn, xlen) = ( 7,   2)
[0;32mPASS PATTERN NO.1601[0m, [0;33mLatency:    457[0m, (logn, xlen) = ( 6,   4)
[0;32mPASS PATTERN NO.1602[0m, [0;33mLatency:    457[0m, (logn, xlen) = ( 6,   4)
[0;32mPASS PATTERN NO.1603[0m, [0;33mLatency:   4108[0m, (logn, xlen) = ( 6,  12)
[0;32mPASS PATTERN NO.1604[0m, [0;33mLatency:   4095[0m, (logn, xlen) = ( 6,  12)
[0;32mPASS PATTERN NO.1605[0m, [0;33mLatency:    693[0m, (logn, xlen) = ( 6,   5)
[0;32mPASS PATTERN NO.1606[0m, [0;33mLatency:    680[0m, (logn, xlen) = ( 6,   5)
[0;32mPASS PATTERN NO.1607[0m, [0;33mLatency:    687[0m, (logn, xlen) = ( 6,   5)
[0;32mPASS PATTERN NO.1608[0m, [0;33mLatency:    696[0m, (logn, xlen) = ( 6,   5)
[0;32mPASS PATTERN NO.1609[0m, [0;33mLatency:    688[0m, (logn, xlen) = ( 6,   5)
[0;32mPASS PATTERN NO.1610[0m, [0;33mLatency:    688[0m, (logn, xlen) = ( 6,   5)
[0;32mPASS PATTERN NO.1611[0m, [0;33mLatency:    690[0m, (logn, xlen) = ( 6,   5)
[0;32mPASS PATTERN NO.1612[0m, [0;33mLatency:    681[0m, (logn, xlen) = ( 6,   5)
[0;32mPASS PATTERN NO.1613[0m, [0;33mLatency:    683[0m, (logn, xlen) = ( 6,   5)
[0;32mPASS PATTERN NO.1614[0m, [0;33mLatency:    684[0m, (logn, xlen) = ( 6,   5)
[0;32mPASS PATTERN NO.1615[0m, [0;33mLatency:    685[0m, (logn, xlen) = ( 6,   5)
[0;32mPASS PATTERN NO.1616[0m, [0;33mLatency:    685[0m, (logn, xlen) = ( 6,   5)
[0;32mPASS PATTERN NO.1617[0m, [0;33mLatency:    690[0m, (logn, xlen) = ( 6,   5)
[0;32mPASS PATTERN NO.1618[0m, [0;33mLatency:    698[0m, (logn, xlen) = ( 6,   5)
[0;32mPASS PATTERN NO.1619[0m, [0;33mLatency:    690[0m, (logn, xlen) = ( 6,   5)
[0;32mPASS PATTERN NO.1620[0m, [0;33mLatency:    709[0m, (logn, xlen) = ( 6,   5)
[0;32mPASS PATTERN NO.1621[0m, [0;33mLatency:    696[0m, (logn, xlen) = ( 6,   5)
[0;32mPASS PATTERN NO.1622[0m, [0;33mLatency:    684[0m, (logn, xlen) = ( 6,   5)
[0;32mPASS PATTERN NO.1623[0m, [0;33mLatency:    684[0m, (logn, xlen) = ( 6,   5)
[0;32mPASS PATTERN NO.1624[0m, [0;33mLatency:    678[0m, (logn, xlen) = ( 6,   5)
[0;32mPASS PATTERN NO.1625[0m, [0;33mLatency:    693[0m, (logn, xlen) = ( 6,   5)
[0;32mPASS PATTERN NO.1626[0m, [0;33mLatency:    693[0m, (logn, xlen) = ( 6,   5)
[0;32mPASS PATTERN NO.1627[0m, [0;33mLatency:    689[0m, (logn, xlen) = ( 6,   5)
[0;32mPASS PATTERN NO.1628[0m, [0;33mLatency:    685[0m, (logn, xlen) = ( 6,   5)
[0;32mPASS PATTERN NO.1629[0m, [0;33mLatency:    679[0m, (logn, xlen) = ( 6,   5)
[0;32mPASS PATTERN NO.1630[0m, [0;33mLatency:    690[0m, (logn, xlen) = ( 6,   5)
[0;32mPASS PATTERN NO.1631[0m, [0;33mLatency:    605[0m, (logn, xlen) = ( 8,   2)
[0;32mPASS PATTERN NO.1632[0m, [0;33mLatency:    606[0m, (logn, xlen) = ( 8,   2)
[0;32mPASS PATTERN NO.1633[0m, [0;33mLatency:    311[0m, (logn, xlen) = ( 7,   2)
[0;32mPASS PATTERN NO.1634[0m, [0;33mLatency:    309[0m, (logn, xlen) = ( 7,   2)
[0;32mPASS PATTERN NO.1635[0m, [0;33mLatency:   2635[0m, (logn, xlen) = ( 7,   7)
[0;32mPASS PATTERN NO.1636[0m, [0;33mLatency:   2650[0m, (logn, xlen) = ( 7,   7)
[0;32mPASS PATTERN NO.1637[0m, [0;33mLatency:    555[0m, (logn, xlen) = ( 7,   3)
[0;32mPASS PATTERN NO.1638[0m, [0;33mLatency:    546[0m, (logn, xlen) = ( 7,   3)
[0;32mPASS PATTERN NO.1639[0m, [0;33mLatency:    553[0m, (logn, xlen) = ( 7,   3)
[0;32mPASS PATTERN NO.1640[0m, [0;33mLatency:    552[0m, (logn, xlen) = ( 7,   3)
[0;32mPASS PATTERN NO.1641[0m, [0;33mLatency:    552[0m, (logn, xlen) = ( 7,   3)
[0;32mPASS PATTERN NO.1642[0m, [0;33mLatency:    551[0m, (logn, xlen) = ( 7,   3)
[0;32mPASS PATTERN NO.1643[0m, [0;33mLatency:    552[0m, (logn, xlen) = ( 7,   3)
[0;32mPASS PATTERN NO.1644[0m, [0;33mLatency:    552[0m, (logn, xlen) = ( 7,   3)
[0;32mPASS PATTERN NO.1645[0m, [0;33mLatency:    554[0m, (logn, xlen) = ( 7,   3)
[0;32mPASS PATTERN NO.1646[0m, [0;33mLatency:    552[0m, (logn, xlen) = ( 7,   3)
[0;32mPASS PATTERN NO.1647[0m, [0;33mLatency:    552[0m, (logn, xlen) = ( 7,   3)
[0;32mPASS PATTERN NO.1648[0m, [0;33mLatency:    552[0m, (logn, xlen) = ( 7,   3)
[0;32mPASS PATTERN NO.1649[0m, [0;33mLatency:    554[0m, (logn, xlen) = ( 7,   3)
[0;32mPASS PATTERN NO.1650[0m, [0;33mLatency:    546[0m, (logn, xlen) = ( 7,   3)
[0;32mPASS PATTERN NO.1651[0m, [0;33mLatency:    553[0m, (logn, xlen) = ( 7,   3)
[0;32mPASS PATTERN NO.1652[0m, [0;33mLatency:    552[0m, (logn, xlen) = ( 7,   3)
[0;32mPASS PATTERN NO.1653[0m, [0;33mLatency:    605[0m, (logn, xlen) = ( 8,   2)
[0;32mPASS PATTERN NO.1654[0m, [0;33mLatency:    608[0m, (logn, xlen) = ( 8,   2)
[0;32mPASS PATTERN NO.1655[0m, [0;33mLatency:   2671[0m, (logn, xlen) = ( 8,   5)
[0;32mPASS PATTERN NO.1656[0m, [0;33mLatency:   2657[0m, (logn, xlen) = ( 8,   5)
[0;32mPASS PATTERN NO.1657[0m, [0;33mLatency:   1080[0m, (logn, xlen) = ( 8,   3)
[0;32mPASS PATTERN NO.1658[0m, [0;33mLatency:   1081[0m, (logn, xlen) = ( 8,   3)
[0;32mPASS PATTERN NO.1659[0m, [0;33mLatency:   1098[0m, (logn, xlen) = ( 8,   3)
[0;32mPASS PATTERN NO.1660[0m, [0;33mLatency:   1097[0m, (logn, xlen) = ( 8,   3)
[0;32mPASS PATTERN NO.1661[0m, [0;33mLatency:   1080[0m, (logn, xlen) = ( 8,   3)
[0;32mPASS PATTERN NO.1662[0m, [0;33mLatency:   1080[0m, (logn, xlen) = ( 8,   3)
[0;32mPASS PATTERN NO.1663[0m, [0;33mLatency:   1081[0m, (logn, xlen) = ( 8,   3)
[0;32mPASS PATTERN NO.1664[0m, [0;33mLatency:   1098[0m, (logn, xlen) = ( 8,   3)
[0;32mPASS PATTERN NO.1665[0m, [0;33mLatency:   1095[0m, (logn, xlen) = ( 8,   3)
[0;32mPASS PATTERN NO.1666[0m, [0;33mLatency:   1080[0m, (logn, xlen) = ( 8,   3)
[0;32mPASS PATTERN NO.1667[0m, [0;33mLatency:   1095[0m, (logn, xlen) = ( 8,   3)
[0;32mPASS PATTERN NO.1668[0m, [0;33mLatency:   1095[0m, (logn, xlen) = ( 8,   3)
[0;32mPASS PATTERN NO.1669[0m, [0;33mLatency:   1078[0m, (logn, xlen) = ( 8,   3)
[0;32mPASS PATTERN NO.1670[0m, [0;33mLatency:   1081[0m, (logn, xlen) = ( 8,   3)
[0;32mPASS PATTERN NO.1671[0m, [0;33mLatency:   2382[0m, (logn, xlen) = (10,   2)
[0;32mPASS PATTERN NO.1672[0m, [0;33mLatency:    605[0m, (logn, xlen) = ( 8,   2)
[0;32mPASS PATTERN NO.1673[0m, [0;33mLatency:    608[0m, (logn, xlen) = ( 8,   2)
[0;32mPASS PATTERN NO.1674[0m, [0;33mLatency:    312[0m, (logn, xlen) = ( 7,   2)
[0;32mPASS PATTERN NO.1675[0m, [0;33mLatency:    311[0m, (logn, xlen) = ( 7,   2)
[0;32mPASS PATTERN NO.1676[0m, [0;33mLatency:    454[0m, (logn, xlen) = ( 6,   4)
[0;32mPASS PATTERN NO.1677[0m, [0;33mLatency:    457[0m, (logn, xlen) = ( 6,   4)
[0;32mPASS PATTERN NO.1678[0m, [0;33mLatency:    685[0m, (logn, xlen) = ( 5,   7)
[0;32mPASS PATTERN NO.1679[0m, [0;33mLatency:    687[0m, (logn, xlen) = ( 5,   7)
[0;32mPASS PATTERN NO.1680[0m, [0;33mLatency:   1424[0m, (logn, xlen) = ( 4,  14)
[0;32mPASS PATTERN NO.1681[0m, [0;33mLatency:   1431[0m, (logn, xlen) = ( 4,  14)
[0;32mPASS PATTERN NO.1682[0m, [0;33mLatency:   2748[0m, (logn, xlen) = ( 3,  27)
[0;32mPASS PATTERN NO.1683[0m, [0;33mLatency:   2754[0m, (logn, xlen) = ( 3,  27)
[0;32mPASS PATTERN NO.1684[0m, [0;33mLatency:   6053[0m, (logn, xlen) = ( 2,  53)
[0;32mPASS PATTERN NO.1685[0m, [0;33mLatency:   6052[0m, (logn, xlen) = ( 2,  53)
[0;32mPASS PATTERN NO.1686[0m, [0;33mLatency:  23346[0m, (logn, xlen) = ( 1, 106)
[0;32mPASS PATTERN NO.1687[0m, [0;33mLatency:  23351[0m, (logn, xlen) = ( 1, 106)
[0;32mPASS PATTERN NO.1688[0m, [0;33mLatency:  89084[0m, (logn, xlen) = ( 1, 209)
[0;32mPASS PATTERN NO.1689[0m, [0;33mLatency:    605[0m, (logn, xlen) = ( 8,   2)
[0;32mPASS PATTERN NO.1690[0m, [0;33mLatency:    605[0m, (logn, xlen) = ( 8,   2)
[0;32mPASS PATTERN NO.1691[0m, [0;33mLatency:    309[0m, (logn, xlen) = ( 7,   2)
[0;32mPASS PATTERN NO.1692[0m, [0;33mLatency:    312[0m, (logn, xlen) = ( 7,   2)
[0;32mPASS PATTERN NO.1693[0m, [0;33mLatency:    447[0m, (logn, xlen) = ( 6,   4)
[0;32mPASS PATTERN NO.1694[0m, [0;33mLatency:    448[0m, (logn, xlen) = ( 6,   4)
[0;32mPASS PATTERN NO.1695[0m, [0;33mLatency:    683[0m, (logn, xlen) = ( 5,   7)
[0;32mPASS PATTERN NO.1696[0m, [0;33mLatency:    677[0m, (logn, xlen) = ( 5,   7)
[0;32mPASS PATTERN NO.1697[0m, [0;33mLatency:   1439[0m, (logn, xlen) = ( 4,  14)
[0;32mPASS PATTERN NO.1698[0m, [0;33mLatency:   1425[0m, (logn, xlen) = ( 4,  14)
[0;32mPASS PATTERN NO.1699[0m, [0;33mLatency:   2752[0m, (logn, xlen) = ( 3,  27)
[0;32mPASS PATTERN NO.1700[0m, [0;33mLatency:   2749[0m, (logn, xlen) = ( 3,  27)
[0;32mPASS PATTERN NO.1701[0m, [0;33mLatency:   6051[0m, (logn, xlen) = ( 2,  53)
[0;32mPASS PATTERN NO.1702[0m, [0;33mLatency:   6050[0m, (logn, xlen) = ( 2,  53)
[0;32mPASS PATTERN NO.1703[0m, [0;33mLatency:  23350[0m, (logn, xlen) = ( 1, 106)
[0;32mPASS PATTERN NO.1704[0m, [0;33mLatency:  23353[0m, (logn, xlen) = ( 1, 106)
[0;32mPASS PATTERN NO.1705[0m, [0;33mLatency: 192276[0m, (logn, xlen) = ( 1, 308)
[0;32mPASS PATTERN NO.1706[0m, [0;33mLatency: 192270[0m, (logn, xlen) = ( 1, 308)
[0;32mPASS PATTERN NO.1707[0m, [0;33mLatency:    607[0m, (logn, xlen) = ( 8,   2)
[0;32mPASS PATTERN NO.1708[0m, [0;33mLatency:    606[0m, (logn, xlen) = ( 8,   2)
[0;32mPASS PATTERN NO.1709[0m, [0;33mLatency:    309[0m, (logn, xlen) = ( 7,   2)
[0;32mPASS PATTERN NO.1710[0m, [0;33mLatency:    309[0m, (logn, xlen) = ( 7,   2)
[0;32mPASS PATTERN NO.1711[0m, [0;33mLatency:    450[0m, (logn, xlen) = ( 6,   4)
[0;32mPASS PATTERN NO.1712[0m, [0;33mLatency:    456[0m, (logn, xlen) = ( 6,   4)
[0;32mPASS PATTERN NO.1713[0m, [0;33mLatency:    682[0m, (logn, xlen) = ( 5,   7)
[0;32mPASS PATTERN NO.1714[0m, [0;33mLatency:    682[0m, (logn, xlen) = ( 5,   7)
[0;32mPASS PATTERN NO.1715[0m, [0;33mLatency:   1425[0m, (logn, xlen) = ( 4,  14)
[0;32mPASS PATTERN NO.1716[0m, [0;33mLatency:   1425[0m, (logn, xlen) = ( 4,  14)
[0;32mPASS PATTERN NO.1717[0m, [0;33mLatency:   2750[0m, (logn, xlen) = ( 3,  27)
[0;32mPASS PATTERN NO.1718[0m, [0;33mLatency:   2734[0m, (logn, xlen) = ( 3,  27)
[0;32mPASS PATTERN NO.1719[0m, [0;33mLatency:   6053[0m, (logn, xlen) = ( 2,  53)
[0;32mPASS PATTERN NO.1720[0m, [0;33mLatency:   6051[0m, (logn, xlen) = ( 2,  53)
[0;32mPASS PATTERN NO.1721[0m, [0;33mLatency:  50586[0m, (logn, xlen) = ( 2, 157)
[0;32mPASS PATTERN NO.1722[0m, [0;33mLatency:  50590[0m, (logn, xlen) = ( 2, 157)
[0;32mPASS PATTERN NO.1723[0m, [0;33mLatency:    606[0m, (logn, xlen) = ( 8,   2)
[0;32mPASS PATTERN NO.1724[0m, [0;33mLatency:    606[0m, (logn, xlen) = ( 8,   2)
[0;32mPASS PATTERN NO.1725[0m, [0;33mLatency:    310[0m, (logn, xlen) = ( 7,   2)
[0;32mPASS PATTERN NO.1726[0m, [0;33mLatency:    309[0m, (logn, xlen) = ( 7,   2)
[0;32mPASS PATTERN NO.1727[0m, [0;33mLatency:    446[0m, (logn, xlen) = ( 6,   4)
[0;32mPASS PATTERN NO.1728[0m, [0;33mLatency:    457[0m, (logn, xlen) = ( 6,   4)
[0;32mPASS PATTERN NO.1729[0m, [0;33mLatency:    694[0m, (logn, xlen) = ( 5,   7)
[0;32mPASS PATTERN NO.1730[0m, [0;33mLatency:    686[0m, (logn, xlen) = ( 5,   7)
[0;32mPASS PATTERN NO.1731[0m, [0;33mLatency:   1425[0m, (logn, xlen) = ( 4,  14)
[0;32mPASS PATTERN NO.1732[0m, [0;33mLatency:   1422[0m, (logn, xlen) = ( 4,  14)
[0;32mPASS PATTERN NO.1733[0m, [0;33mLatency:   2750[0m, (logn, xlen) = ( 3,  27)
[0;32mPASS PATTERN NO.1734[0m, [0;33mLatency:   2750[0m, (logn, xlen) = ( 3,  27)
[0;32mPASS PATTERN NO.1735[0m, [0;33mLatency:  23699[0m, (logn, xlen) = ( 3,  78)
[0;32mPASS PATTERN NO.1736[0m, [0;33mLatency:  23713[0m, (logn, xlen) = ( 3,  78)
[0;32mPASS PATTERN NO.1737[0m, [0;33mLatency:    608[0m, (logn, xlen) = ( 8,   2)
[0;32mPASS PATTERN NO.1738[0m, [0;33mLatency:    608[0m, (logn, xlen) = ( 8,   2)
[0;32mPASS PATTERN NO.1739[0m, [0;33mLatency:    312[0m, (logn, xlen) = ( 7,   2)
[0;32mPASS PATTERN NO.1740[0m, [0;33mLatency:    309[0m, (logn, xlen) = ( 7,   2)
[0;32mPASS PATTERN NO.1741[0m, [0;33mLatency:    455[0m, (logn, xlen) = ( 6,   4)
[0;32mPASS PATTERN NO.1742[0m, [0;33mLatency:    458[0m, (logn, xlen) = ( 6,   4)
[0;32mPASS PATTERN NO.1743[0m, [0;33mLatency:    692[0m, (logn, xlen) = ( 5,   7)
[0;32mPASS PATTERN NO.1744[0m, [0;33mLatency:    687[0m, (logn, xlen) = ( 5,   7)
[0;32mPASS PATTERN NO.1745[0m, [0;33mLatency:   1420[0m, (logn, xlen) = ( 4,  14)
[0;32mPASS PATTERN NO.1746[0m, [0;33mLatency:   1424[0m, (logn, xlen) = ( 4,  14)
[0;32mPASS PATTERN NO.1747[0m, [0;33mLatency:   2753[0m, (logn, xlen) = ( 3,  27)
[0;32mPASS PATTERN NO.1748[0m, [0;33mLatency:   2755[0m, (logn, xlen) = ( 3,  27)
[0;32mPASS PATTERN NO.1749[0m, [0;33mLatency:   6049[0m, (logn, xlen) = ( 2,  53)
[0;32mPASS PATTERN NO.1750[0m, [0;33mLatency:   6049[0m, (logn, xlen) = ( 2,  53)
[0;32mPASS PATTERN NO.1751[0m, [0;33mLatency:  23348[0m, (logn, xlen) = ( 1, 106)
[0;32mPASS PATTERN NO.1752[0m, [0;33mLatency:  23347[0m, (logn, xlen) = ( 1, 106)
[0;32mPASS PATTERN NO.1753[0m, [0;33mLatency:  89084[0m, (logn, xlen) = ( 1, 209)
[0;32mPASS PATTERN NO.1754[0m, [0;33mLatency:    605[0m, (logn, xlen) = ( 8,   2)
[0;32mPASS PATTERN NO.1755[0m, [0;33mLatency:    607[0m, (logn, xlen) = ( 8,   2)
[0;32mPASS PATTERN NO.1756[0m, [0;33mLatency:    309[0m, (logn, xlen) = ( 7,   2)
[0;32mPASS PATTERN NO.1757[0m, [0;33mLatency:    311[0m, (logn, xlen) = ( 7,   2)
[0;32mPASS PATTERN NO.1758[0m, [0;33mLatency:    459[0m, (logn, xlen) = ( 6,   4)
[0;32mPASS PATTERN NO.1759[0m, [0;33mLatency:    454[0m, (logn, xlen) = ( 6,   4)
[0;32mPASS PATTERN NO.1760[0m, [0;33mLatency:    685[0m, (logn, xlen) = ( 5,   7)
[0;32mPASS PATTERN NO.1761[0m, [0;33mLatency:    683[0m, (logn, xlen) = ( 5,   7)
[0;32mPASS PATTERN NO.1762[0m, [0;33mLatency:   1427[0m, (logn, xlen) = ( 4,  14)
[0;32mPASS PATTERN NO.1763[0m, [0;33mLatency:   1425[0m, (logn, xlen) = ( 4,  14)
[0;32mPASS PATTERN NO.1764[0m, [0;33mLatency:   2742[0m, (logn, xlen) = ( 3,  27)
[0;32mPASS PATTERN NO.1765[0m, [0;33mLatency:   2748[0m, (logn, xlen) = ( 3,  27)
[0;32mPASS PATTERN NO.1766[0m, [0;33mLatency:   6055[0m, (logn, xlen) = ( 2,  53)
[0;32mPASS PATTERN NO.1767[0m, [0;33mLatency:   6049[0m, (logn, xlen) = ( 2,  53)
[0;32mPASS PATTERN NO.1768[0m, [0;33mLatency:  23350[0m, (logn, xlen) = ( 1, 106)
[0;32mPASS PATTERN NO.1769[0m, [0;33mLatency:  23352[0m, (logn, xlen) = ( 1, 106)
[0;32mPASS PATTERN NO.1770[0m, [0;33mLatency: 192276[0m, (logn, xlen) = ( 1, 308)
[0;32mPASS PATTERN NO.1771[0m, [0;33mLatency: 192262[0m, (logn, xlen) = ( 1, 308)
[0;32mPASS PATTERN NO.1772[0m, [0;33mLatency:    606[0m, (logn, xlen) = ( 8,   2)
[0;32mPASS PATTERN NO.1773[0m, [0;33mLatency:    607[0m, (logn, xlen) = ( 8,   2)
[0;32mPASS PATTERN NO.1774[0m, [0;33mLatency:    312[0m, (logn, xlen) = ( 7,   2)
[0;32mPASS PATTERN NO.1775[0m, [0;33mLatency:    312[0m, (logn, xlen) = ( 7,   2)
[0;32mPASS PATTERN NO.1776[0m, [0;33mLatency:    458[0m, (logn, xlen) = ( 6,   4)
[0;32mPASS PATTERN NO.1777[0m, [0;33mLatency:    447[0m, (logn, xlen) = ( 6,   4)
[0;32mPASS PATTERN NO.1778[0m, [0;33mLatency:    685[0m, (logn, xlen) = ( 5,   7)
[0;32mPASS PATTERN NO.1779[0m, [0;33mLatency:    682[0m, (logn, xlen) = ( 5,   7)
[0;32mPASS PATTERN NO.1780[0m, [0;33mLatency:   1422[0m, (logn, xlen) = ( 4,  14)
[0;32mPASS PATTERN NO.1781[0m, [0;33mLatency:   1418[0m, (logn, xlen) = ( 4,  14)
[0;32mPASS PATTERN NO.1782[0m, [0;33mLatency:   2755[0m, (logn, xlen) = ( 3,  27)
[0;32mPASS PATTERN NO.1783[0m, [0;33mLatency:   2751[0m, (logn, xlen) = ( 3,  27)
[0;32mPASS PATTERN NO.1784[0m, [0;33mLatency:   6048[0m, (logn, xlen) = ( 2,  53)
[0;32mPASS PATTERN NO.1785[0m, [0;33mLatency:   6050[0m, (logn, xlen) = ( 2,  53)
[0;32mPASS PATTERN NO.1786[0m, [0;33mLatency:  50593[0m, (logn, xlen) = ( 2, 157)
[0;32mPASS PATTERN NO.1787[0m, [0;33mLatency:  50590[0m, (logn, xlen) = ( 2, 157)
[0;32mPASS PATTERN NO.1788[0m, [0;33mLatency:    605[0m, (logn, xlen) = ( 8,   2)
[0;32mPASS PATTERN NO.1789[0m, [0;33mLatency:    605[0m, (logn, xlen) = ( 8,   2)
[0;32mPASS PATTERN NO.1790[0m, [0;33mLatency:    311[0m, (logn, xlen) = ( 7,   2)
[0;32mPASS PATTERN NO.1791[0m, [0;33mLatency:    309[0m, (logn, xlen) = ( 7,   2)
[0;32mPASS PATTERN NO.1792[0m, [0;33mLatency:    458[0m, (logn, xlen) = ( 6,   4)
[0;32mPASS PATTERN NO.1793[0m, [0;33mLatency:    447[0m, (logn, xlen) = ( 6,   4)
[0;32mPASS PATTERN NO.1794[0m, [0;33mLatency:    683[0m, (logn, xlen) = ( 5,   7)
[0;32mPASS PATTERN NO.1795[0m, [0;33mLatency:    676[0m, (logn, xlen) = ( 5,   7)
[0;32mPASS PATTERN NO.1796[0m, [0;33mLatency:   1421[0m, (logn, xlen) = ( 4,  14)
[0;32mPASS PATTERN NO.1797[0m, [0;33mLatency:   1422[0m, (logn, xlen) = ( 4,  14)
[0;32mPASS PATTERN NO.1798[0m, [0;33mLatency:   2753[0m, (logn, xlen) = ( 3,  27)
[0;32mPASS PATTERN NO.1799[0m, [0;33mLatency:   2748[0m, (logn, xlen) = ( 3,  27)
[0;32mPASS PATTERN NO.1800[0m, [0;33mLatency:  23682[0m, (logn, xlen) = ( 3,  78)
[0;32mPASS PATTERN NO.1801[0m, [0;33mLatency:  23701[0m, (logn, xlen) = ( 3,  78)
[0;32mPASS PATTERN NO.1802[0m, [0;33mLatency:    608[0m, (logn, xlen) = ( 8,   2)
[0;32mPASS PATTERN NO.1803[0m, [0;33mLatency:    607[0m, (logn, xlen) = ( 8,   2)
[0;32mPASS PATTERN NO.1804[0m, [0;33mLatency:    311[0m, (logn, xlen) = ( 7,   2)
[0;32mPASS PATTERN NO.1805[0m, [0;33mLatency:    312[0m, (logn, xlen) = ( 7,   2)
[0;32mPASS PATTERN NO.1806[0m, [0;33mLatency:    451[0m, (logn, xlen) = ( 6,   4)
[0;32mPASS PATTERN NO.1807[0m, [0;33mLatency:    457[0m, (logn, xlen) = ( 6,   4)
[0;32mPASS PATTERN NO.1808[0m, [0;33mLatency:    701[0m, (logn, xlen) = ( 5,   7)
[0;32mPASS PATTERN NO.1809[0m, [0;33mLatency:    678[0m, (logn, xlen) = ( 5,   7)
[0;32mPASS PATTERN NO.1810[0m, [0;33mLatency:   1415[0m, (logn, xlen) = ( 4,  14)
[0;32mPASS PATTERN NO.1811[0m, [0;33mLatency:   1419[0m, (logn, xlen) = ( 4,  14)
[0;32mPASS PATTERN NO.1812[0m, [0;33mLatency:  12190[0m, (logn, xlen) = ( 4,  40)
[0;32mPASS PATTERN NO.1813[0m, [0;33mLatency:  12185[0m, (logn, xlen) = ( 4,  40)
[0;32mPASS PATTERN NO.1814[0m, [0;33mLatency:    606[0m, (logn, xlen) = ( 8,   2)
[0;32mPASS PATTERN NO.1815[0m, [0;33mLatency:    605[0m, (logn, xlen) = ( 8,   2)
[0;32mPASS PATTERN NO.1816[0m, [0;33mLatency:    311[0m, (logn, xlen) = ( 7,   2)
[0;32mPASS PATTERN NO.1817[0m, [0;33mLatency:    311[0m, (logn, xlen) = ( 7,   2)
[0;32mPASS PATTERN NO.1818[0m, [0;33mLatency:    459[0m, (logn, xlen) = ( 6,   4)
[0;32mPASS PATTERN NO.1819[0m, [0;33mLatency:    460[0m, (logn, xlen) = ( 6,   4)
[0;32mPASS PATTERN NO.1820[0m, [0;33mLatency:    693[0m, (logn, xlen) = ( 5,   7)
[0;32mPASS PATTERN NO.1821[0m, [0;33mLatency:    689[0m, (logn, xlen) = ( 5,   7)
[0;32mPASS PATTERN NO.1822[0m, [0;33mLatency:   6511[0m, (logn, xlen) = ( 5,  21)
[0;32mPASS PATTERN NO.1823[0m, [0;33mLatency:   6514[0m, (logn, xlen) = ( 5,  21)
[0;32mPASS PATTERN NO.1824[0m, [0;33mLatency:    605[0m, (logn, xlen) = ( 8,   2)
[0;32mPASS PATTERN NO.1825[0m, [0;33mLatency:    605[0m, (logn, xlen) = ( 8,   2)
[0;32mPASS PATTERN NO.1826[0m, [0;33mLatency:    310[0m, (logn, xlen) = ( 7,   2)
[0;32mPASS PATTERN NO.1827[0m, [0;33mLatency:    309[0m, (logn, xlen) = ( 7,   2)
[0;32mPASS PATTERN NO.1828[0m, [0;33mLatency:    456[0m, (logn, xlen) = ( 6,   4)
[0;32mPASS PATTERN NO.1829[0m, [0;33mLatency:    455[0m, (logn, xlen) = ( 6,   4)
[0;32mPASS PATTERN NO.1830[0m, [0;33mLatency:   4122[0m, (logn, xlen) = ( 6,  12)
[0;32mPASS PATTERN NO.1831[0m, [0;33mLatency:   4105[0m, (logn, xlen) = ( 6,  12)
[0;32mPASS PATTERN NO.1832[0m, [0;33mLatency:    686[0m, (logn, xlen) = ( 6,   5)
[0;32mPASS PATTERN NO.1833[0m, [0;33mLatency:    691[0m, (logn, xlen) = ( 6,   5)
[0;32mPASS PATTERN NO.1834[0m, [0;33mLatency:    685[0m, (logn, xlen) = ( 6,   5)
[0;32mPASS PATTERN NO.1835[0m, [0;33mLatency:    680[0m, (logn, xlen) = ( 6,   5)
[0;32mPASS PATTERN NO.1836[0m, [0;33mLatency:    683[0m, (logn, xlen) = ( 6,   5)
[0;32mPASS PATTERN NO.1837[0m, [0;33mLatency:    678[0m, (logn, xlen) = ( 6,   5)
[0;32mPASS PATTERN NO.1838[0m, [0;33mLatency:    687[0m, (logn, xlen) = ( 6,   5)
[0;32mPASS PATTERN NO.1839[0m, [0;33mLatency:    685[0m, (logn, xlen) = ( 6,   5)
[0;32mPASS PATTERN NO.1840[0m, [0;33mLatency:    693[0m, (logn, xlen) = ( 6,   5)
[0;32mPASS PATTERN NO.1841[0m, [0;33mLatency:    686[0m, (logn, xlen) = ( 6,   5)
[0;32mPASS PATTERN NO.1842[0m, [0;33mLatency:    686[0m, (logn, xlen) = ( 6,   5)
[0;32mPASS PATTERN NO.1843[0m, [0;33mLatency:    685[0m, (logn, xlen) = ( 6,   5)
[0;32mPASS PATTERN NO.1844[0m, [0;33mLatency:    690[0m, (logn, xlen) = ( 6,   5)
[0;32mPASS PATTERN NO.1845[0m, [0;33mLatency:    684[0m, (logn, xlen) = ( 6,   5)
[0;32mPASS PATTERN NO.1846[0m, [0;33mLatency:    686[0m, (logn, xlen) = ( 6,   5)
[0;32mPASS PATTERN NO.1847[0m, [0;33mLatency:    691[0m, (logn, xlen) = ( 6,   5)
[0;32mPASS PATTERN NO.1848[0m, [0;33mLatency:    683[0m, (logn, xlen) = ( 6,   5)
[0;32mPASS PATTERN NO.1849[0m, [0;33mLatency:    687[0m, (logn, xlen) = ( 6,   5)
[0;32mPASS PATTERN NO.1850[0m, [0;33mLatency:    687[0m, (logn, xlen) = ( 6,   5)
[0;32mPASS PATTERN NO.1851[0m, [0;33mLatency:    709[0m, (logn, xlen) = ( 6,   5)
[0;32mPASS PATTERN NO.1852[0m, [0;33mLatency:    688[0m, (logn, xlen) = ( 6,   5)
[0;32mPASS PATTERN NO.1853[0m, [0;33mLatency:    688[0m, (logn, xlen) = ( 6,   5)
[0;32mPASS PATTERN NO.1854[0m, [0;33mLatency:    698[0m, (logn, xlen) = ( 6,   5)
[0;32mPASS PATTERN NO.1855[0m, [0;33mLatency:    689[0m, (logn, xlen) = ( 6,   5)
[0;32mPASS PATTERN NO.1856[0m, [0;33mLatency:    697[0m, (logn, xlen) = ( 6,   5)
[0;32mPASS PATTERN NO.1857[0m, [0;33mLatency:    685[0m, (logn, xlen) = ( 6,   5)
[0;32mPASS PATTERN NO.1858[0m, [0;33mLatency:    606[0m, (logn, xlen) = ( 8,   2)
[0;32mPASS PATTERN NO.1859[0m, [0;33mLatency:    608[0m, (logn, xlen) = ( 8,   2)
[0;32mPASS PATTERN NO.1860[0m, [0;33mLatency:    309[0m, (logn, xlen) = ( 7,   2)
[0;32mPASS PATTERN NO.1861[0m, [0;33mLatency:    310[0m, (logn, xlen) = ( 7,   2)
[0;32mPASS PATTERN NO.1862[0m, [0;33mLatency:   2660[0m, (logn, xlen) = ( 7,   7)
[0;32mPASS PATTERN NO.1863[0m, [0;33mLatency:   2671[0m, (logn, xlen) = ( 7,   7)
[0;32mPASS PATTERN NO.1864[0m, [0;33mLatency:    554[0m, (logn, xlen) = ( 7,   3)
[0;32mPASS PATTERN NO.1865[0m, [0;33mLatency:    553[0m, (logn, xlen) = ( 7,   3)
[0;32mPASS PATTERN NO.1866[0m, [0;33mLatency:    548[0m, (logn, xlen) = ( 7,   3)
[0;32mPASS PATTERN NO.1867[0m, [0;33mLatency:    552[0m, (logn, xlen) = ( 7,   3)
[0;32mPASS PATTERN NO.1868[0m, [0;33mLatency:    554[0m, (logn, xlen) = ( 7,   3)
[0;32mPASS PATTERN NO.1869[0m, [0;33mLatency:    548[0m, (logn, xlen) = ( 7,   3)
[0;32mPASS PATTERN NO.1870[0m, [0;33mLatency:    551[0m, (logn, xlen) = ( 7,   3)
[0;32mPASS PATTERN NO.1871[0m, [0;33mLatency:    554[0m, (logn, xlen) = ( 7,   3)
[0;32mPASS PATTERN NO.1872[0m, [0;33mLatency:    554[0m, (logn, xlen) = ( 7,   3)
[0;32mPASS PATTERN NO.1873[0m, [0;33mLatency:    554[0m, (logn, xlen) = ( 7,   3)
[0;32mPASS PATTERN NO.1874[0m, [0;33mLatency:    546[0m, (logn, xlen) = ( 7,   3)
[0;32mPASS PATTERN NO.1875[0m, [0;33mLatency:    552[0m, (logn, xlen) = ( 7,   3)
[0;32mPASS PATTERN NO.1876[0m, [0;33mLatency:    548[0m, (logn, xlen) = ( 7,   3)
[0;32mPASS PATTERN NO.1877[0m, [0;33mLatency:    553[0m, (logn, xlen) = ( 7,   3)
[0;32mPASS PATTERN NO.1878[0m, [0;33mLatency:    553[0m, (logn, xlen) = ( 7,   3)
[0;32mPASS PATTERN NO.1879[0m, [0;33mLatency:    554[0m, (logn, xlen) = ( 7,   3)
[0;32mPASS PATTERN NO.1880[0m, [0;33mLatency:    608[0m, (logn, xlen) = ( 8,   2)
[0;32mPASS PATTERN NO.1881[0m, [0;33mLatency:    606[0m, (logn, xlen) = ( 8,   2)
[0;32mPASS PATTERN NO.1882[0m, [0;33mLatency:   2671[0m, (logn, xlen) = ( 8,   5)
[0;32mPASS PATTERN NO.1883[0m, [0;33mLatency:   2665[0m, (logn, xlen) = ( 8,   5)
[0;32mPASS PATTERN NO.1884[0m, [0;33mLatency:   1080[0m, (logn, xlen) = ( 8,   3)
[0;32mPASS PATTERN NO.1885[0m, [0;33mLatency:   1080[0m, (logn, xlen) = ( 8,   3)
[0;32mPASS PATTERN NO.1886[0m, [0;33mLatency:   1081[0m, (logn, xlen) = ( 8,   3)
[0;32mPASS PATTERN NO.1887[0m, [0;33mLatency:   1080[0m, (logn, xlen) = ( 8,   3)
[0;32mPASS PATTERN NO.1888[0m, [0;33mLatency:   1079[0m, (logn, xlen) = ( 8,   3)
[0;32mPASS PATTERN NO.1889[0m, [0;33mLatency:   1079[0m, (logn, xlen) = ( 8,   3)
[0;32mPASS PATTERN NO.1890[0m, [0;33mLatency:   1079[0m, (logn, xlen) = ( 8,   3)
[0;32mPASS PATTERN NO.1891[0m, [0;33mLatency:   1082[0m, (logn, xlen) = ( 8,   3)
[0;32mPASS PATTERN NO.1892[0m, [0;33mLatency:   1080[0m, (logn, xlen) = ( 8,   3)
[0;32mPASS PATTERN NO.1893[0m, [0;33mLatency:   1095[0m, (logn, xlen) = ( 8,   3)
[0;32mPASS PATTERN NO.1894[0m, [0;33mLatency:   1095[0m, (logn, xlen) = ( 8,   3)
[0;32mPASS PATTERN NO.1895[0m, [0;33mLatency:   1079[0m, (logn, xlen) = ( 8,   3)
[0;32mPASS PATTERN NO.1896[0m, [0;33mLatency:   1095[0m, (logn, xlen) = ( 8,   3)
[0;32mPASS PATTERN NO.1897[0m, [0;33mLatency:   1078[0m, (logn, xlen) = ( 8,   3)
[0;32mPASS PATTERN NO.1898[0m, [0;33mLatency:   2381[0m, (logn, xlen) = (10,   2)
[0;32mPASS PATTERN NO.1899[0m, [0;33mLatency:    606[0m, (logn, xlen) = ( 8,   2)
[0;32mPASS PATTERN NO.1900[0m, [0;33mLatency:    608[0m, (logn, xlen) = ( 8,   2)
[0;32mPASS PATTERN NO.1901[0m, [0;33mLatency:    312[0m, (logn, xlen) = ( 7,   2)
[0;32mPASS PATTERN NO.1902[0m, [0;33mLatency:    312[0m, (logn, xlen) = ( 7,   2)
[0;32mPASS PATTERN NO.1903[0m, [0;33mLatency:    460[0m, (logn, xlen) = ( 6,   4)
[0;32mPASS PATTERN NO.1904[0m, [0;33mLatency:    460[0m, (logn, xlen) = ( 6,   4)
[0;32mPASS PATTERN NO.1905[0m, [0;33mLatency:    683[0m, (logn, xlen) = ( 5,   7)
[0;32mPASS PATTERN NO.1906[0m, [0;33mLatency:    680[0m, (logn, xlen) = ( 5,   7)
[0;32mPASS PATTERN NO.1907[0m, [0;33mLatency:   1416[0m, (logn, xlen) = ( 4,  14)
[0;32mPASS PATTERN NO.1908[0m, [0;33mLatency:   1421[0m, (logn, xlen) = ( 4,  14)
[0;32mPASS PATTERN NO.1909[0m, [0;33mLatency:   2740[0m, (logn, xlen) = ( 3,  27)
[0;32mPASS PATTERN NO.1910[0m, [0;33mLatency:   2753[0m, (logn, xlen) = ( 3,  27)
[0;32mPASS PATTERN NO.1911[0m, [0;33mLatency:   6051[0m, (logn, xlen) = ( 2,  53)
[0;32mPASS PATTERN NO.1912[0m, [0;33mLatency:   6048[0m, (logn, xlen) = ( 2,  53)
[0;32mPASS PATTERN NO.1913[0m, [0;33mLatency:  23352[0m, (logn, xlen) = ( 1, 106)
[0;32mPASS PATTERN NO.1914[0m, [0;33mLatency:  23347[0m, (logn, xlen) = ( 1, 106)
[0;32mPASS PATTERN NO.1915[0m, [0;33mLatency:  89086[0m, (logn, xlen) = ( 1, 209)
[0;32mPASS PATTERN NO.1916[0m, [0;33mLatency:    607[0m, (logn, xlen) = ( 8,   2)
[0;32mPASS PATTERN NO.1917[0m, [0;33mLatency:    607[0m, (logn, xlen) = ( 8,   2)
[0;32mPASS PATTERN NO.1918[0m, [0;33mLatency:    312[0m, (logn, xlen) = ( 7,   2)
[0;32mPASS PATTERN NO.1919[0m, [0;33mLatency:    310[0m, (logn, xlen) = ( 7,   2)
[0;32mPASS PATTERN NO.1920[0m, [0;33mLatency:    456[0m, (logn, xlen) = ( 6,   4)
[0;32mPASS PATTERN NO.1921[0m, [0;33mLatency:    457[0m, (logn, xlen) = ( 6,   4)
[0;32mPASS PATTERN NO.1922[0m, [0;33mLatency:    687[0m, (logn, xlen) = ( 5,   7)
[0;32mPASS PATTERN NO.1923[0m, [0;33mLatency:    683[0m, (logn, xlen) = ( 5,   7)
[0;32mPASS PATTERN NO.1924[0m, [0;33mLatency:   1411[0m, (logn, xlen) = ( 4,  14)
[0;32mPASS PATTERN NO.1925[0m, [0;33mLatency:   1424[0m, (logn, xlen) = ( 4,  14)
[0;32mPASS PATTERN NO.1926[0m, [0;33mLatency:   2757[0m, (logn, xlen) = ( 3,  27)
[0;32mPASS PATTERN NO.1927[0m, [0;33mLatency:   2752[0m, (logn, xlen) = ( 3,  27)
[0;32mPASS PATTERN NO.1928[0m, [0;33mLatency:   6054[0m, (logn, xlen) = ( 2,  53)
[0;32mPASS PATTERN NO.1929[0m, [0;33mLatency:   6050[0m, (logn, xlen) = ( 2,  53)
[0;32mPASS PATTERN NO.1930[0m, [0;33mLatency:  23342[0m, (logn, xlen) = ( 1, 106)
[0;32mPASS PATTERN NO.1931[0m, [0;33mLatency:  23345[0m, (logn, xlen) = ( 1, 106)
[0;32mPASS PATTERN NO.1932[0m, [0;33mLatency: 192277[0m, (logn, xlen) = ( 1, 308)
[0;32mPASS PATTERN NO.1933[0m, [0;33mLatency: 192269[0m, (logn, xlen) = ( 1, 308)
[0;32mPASS PATTERN NO.1934[0m, [0;33mLatency:    606[0m, (logn, xlen) = ( 8,   2)
[0;32mPASS PATTERN NO.1935[0m, [0;33mLatency:    607[0m, (logn, xlen) = ( 8,   2)
[0;32mPASS PATTERN NO.1936[0m, [0;33mLatency:    309[0m, (logn, xlen) = ( 7,   2)
[0;32mPASS PATTERN NO.1937[0m, [0;33mLatency:    312[0m, (logn, xlen) = ( 7,   2)
[0;32mPASS PATTERN NO.1938[0m, [0;33mLatency:    458[0m, (logn, xlen) = ( 6,   4)
[0;32mPASS PATTERN NO.1939[0m, [0;33mLatency:    450[0m, (logn, xlen) = ( 6,   4)
[0;32mPASS PATTERN NO.1940[0m, [0;33mLatency:    692[0m, (logn, xlen) = ( 5,   7)
[0;32mPASS PATTERN NO.1941[0m, [0;33mLatency:    686[0m, (logn, xlen) = ( 5,   7)
[0;32mPASS PATTERN NO.1942[0m, [0;33mLatency:   1435[0m, (logn, xlen) = ( 4,  14)
[0;32mPASS PATTERN NO.1943[0m, [0;33mLatency:   1435[0m, (logn, xlen) = ( 4,  14)
[0;32mPASS PATTERN NO.1944[0m, [0;33mLatency:   2752[0m, (logn, xlen) = ( 3,  27)
[0;32mPASS PATTERN NO.1945[0m, [0;33mLatency:   2748[0m, (logn, xlen) = ( 3,  27)
[0;32mPASS PATTERN NO.1946[0m, [0;33mLatency:   6050[0m, (logn, xlen) = ( 2,  53)
[0;32mPASS PATTERN NO.1947[0m, [0;33mLatency:   6052[0m, (logn, xlen) = ( 2,  53)
[0;32mPASS PATTERN NO.1948[0m, [0;33mLatency:  50585[0m, (logn, xlen) = ( 2, 157)
[0;32mPASS PATTERN NO.1949[0m, [0;33mLatency:  50587[0m, (logn, xlen) = ( 2, 157)
[0;32mPASS PATTERN NO.1950[0m, [0;33mLatency:    607[0m, (logn, xlen) = ( 8,   2)
[0;32mPASS PATTERN NO.1951[0m, [0;33mLatency:    608[0m, (logn, xlen) = ( 8,   2)
[0;32mPASS PATTERN NO.1952[0m, [0;33mLatency:    309[0m, (logn, xlen) = ( 7,   2)
[0;32mPASS PATTERN NO.1953[0m, [0;33mLatency:    311[0m, (logn, xlen) = ( 7,   2)
[0;32mPASS PATTERN NO.1954[0m, [0;33mLatency:    456[0m, (logn, xlen) = ( 6,   4)
[0;32mPASS PATTERN NO.1955[0m, [0;33mLatency:    448[0m, (logn, xlen) = ( 6,   4)
[0;32mPASS PATTERN NO.1956[0m, [0;33mLatency:    683[0m, (logn, xlen) = ( 5,   7)
[0;32mPASS PATTERN NO.1957[0m, [0;33mLatency:    685[0m, (logn, xlen) = ( 5,   7)
[0;32mPASS PATTERN NO.1958[0m, [0;33mLatency:   1428[0m, (logn, xlen) = ( 4,  14)
[0;32mPASS PATTERN NO.1959[0m, [0;33mLatency:   1431[0m, (logn, xlen) = ( 4,  14)
[0;32mPASS PATTERN NO.1960[0m, [0;33mLatency:   2743[0m, (logn, xlen) = ( 3,  27)
[0;32mPASS PATTERN NO.1961[0m, [0;33mLatency:   2750[0m, (logn, xlen) = ( 3,  27)
[0;32mPASS PATTERN NO.1962[0m, [0;33mLatency:  23695[0m, (logn, xlen) = ( 3,  78)
[0;32mPASS PATTERN NO.1963[0m, [0;33mLatency:  23711[0m, (logn, xlen) = ( 3,  78)
[0;32mPASS PATTERN NO.1964[0m, [0;33mLatency:    605[0m, (logn, xlen) = ( 8,   2)
[0;32mPASS PATTERN NO.1965[0m, [0;33mLatency:    607[0m, (logn, xlen) = ( 8,   2)
[0;32mPASS PATTERN NO.1966[0m, [0;33mLatency:    309[0m, (logn, xlen) = ( 7,   2)
[0;32mPASS PATTERN NO.1967[0m, [0;33mLatency:    312[0m, (logn, xlen) = ( 7,   2)
[0;32mPASS PATTERN NO.1968[0m, [0;33mLatency:    449[0m, (logn, xlen) = ( 6,   4)
[0;32mPASS PATTERN NO.1969[0m, [0;33mLatency:    458[0m, (logn, xlen) = ( 6,   4)
[0;32mPASS PATTERN NO.1970[0m, [0;33mLatency:    692[0m, (logn, xlen) = ( 5,   7)
[0;32mPASS PATTERN NO.1971[0m, [0;33mLatency:    684[0m, (logn, xlen) = ( 5,   7)
[0;32mPASS PATTERN NO.1972[0m, [0;33mLatency:   1421[0m, (logn, xlen) = ( 4,  14)
[0;32mPASS PATTERN NO.1973[0m, [0;33mLatency:   1426[0m, (logn, xlen) = ( 4,  14)
[0;32mPASS PATTERN NO.1974[0m, [0;33mLatency:  12211[0m, (logn, xlen) = ( 4,  40)
[0;32mPASS PATTERN NO.1975[0m, [0;33mLatency:  12166[0m, (logn, xlen) = ( 4,  40)
[0;32mPASS PATTERN NO.1976[0m, [0;33mLatency:    606[0m, (logn, xlen) = ( 8,   2)
[0;32mPASS PATTERN NO.1977[0m, [0;33mLatency:    605[0m, (logn, xlen) = ( 8,   2)
[0;32mPASS PATTERN NO.1978[0m, [0;33mLatency:    310[0m, (logn, xlen) = ( 7,   2)
[0;32mPASS PATTERN NO.1979[0m, [0;33mLatency:    310[0m, (logn, xlen) = ( 7,   2)
[0;32mPASS PATTERN NO.1980[0m, [0;33mLatency:    450[0m, (logn, xlen) = ( 6,   4)
[0;32mPASS PATTERN NO.1981[0m, [0;33mLatency:    452[0m, (logn, xlen) = ( 6,   4)
[0;32mPASS PATTERN NO.1982[0m, [0;33mLatency:    682[0m, (logn, xlen) = ( 5,   7)
[0;32mPASS PATTERN NO.1983[0m, [0;33mLatency:    700[0m, (logn, xlen) = ( 5,   7)
[0;32mPASS PATTERN NO.1984[0m, [0;33mLatency:   6520[0m, (logn, xlen) = ( 5,  21)
[0;32mPASS PATTERN NO.1985[0m, [0;33mLatency:   6501[0m, (logn, xlen) = ( 5,  21)
[0;32mPASS PATTERN NO.1986[0m, [0;33mLatency:    605[0m, (logn, xlen) = ( 8,   2)
[0;32mPASS PATTERN NO.1987[0m, [0;33mLatency:    605[0m, (logn, xlen) = ( 8,   2)
[0;32mPASS PATTERN NO.1988[0m, [0;33mLatency:    309[0m, (logn, xlen) = ( 7,   2)
[0;32mPASS PATTERN NO.1989[0m, [0;33mLatency:    309[0m, (logn, xlen) = ( 7,   2)
[0;32mPASS PATTERN NO.1990[0m, [0;33mLatency:    458[0m, (logn, xlen) = ( 6,   4)
[0;32mPASS PATTERN NO.1991[0m, [0;33mLatency:    457[0m, (logn, xlen) = ( 6,   4)
[0;32mPASS PATTERN NO.1992[0m, [0;33mLatency:   4115[0m, (logn, xlen) = ( 6,  12)
[0;32mPASS PATTERN NO.1993[0m, [0;33mLatency:   4126[0m, (logn, xlen) = ( 6,  12)
[0;32mPASS PATTERN NO.1994[0m, [0;33mLatency:    689[0m, (logn, xlen) = ( 6,   5)
[0;32mPASS PATTERN NO.1995[0m, [0;33mLatency:    698[0m, (logn, xlen) = ( 6,   5)
[0;32mPASS PATTERN NO.1996[0m, [0;33mLatency:    685[0m, (logn, xlen) = ( 6,   5)
[0;32mPASS PATTERN NO.1997[0m, [0;33mLatency:    697[0m, (logn, xlen) = ( 6,   5)
[0;32mPASS PATTERN NO.1998[0m, [0;33mLatency:    683[0m, (logn, xlen) = ( 6,   5)
[0;32mPASS PATTERN NO.1999[0m, [0;33mLatency:    687[0m, (logn, xlen) = ( 6,   5)
[0;32mPASS PATTERN NO.2000[0m, [0;33mLatency:    689[0m, (logn, xlen) = ( 6,   5)
[0;32mPASS PATTERN NO.2001[0m, [0;33mLatency:    707[0m, (logn, xlen) = ( 6,   5)
[0;32mPASS PATTERN NO.2002[0m, [0;33mLatency:    682[0m, (logn, xlen) = ( 6,   5)
[0;32mPASS PATTERN NO.2003[0m, [0;33mLatency:    681[0m, (logn, xlen) = ( 6,   5)
[0;32mPASS PATTERN NO.2004[0m, [0;33mLatency:    709[0m, (logn, xlen) = ( 6,   5)
[0;32mPASS PATTERN NO.2005[0m, [0;33mLatency:    680[0m, (logn, xlen) = ( 6,   5)
[0;32mPASS PATTERN NO.2006[0m, [0;33mLatency:    683[0m, (logn, xlen) = ( 6,   5)
[0;32mPASS PATTERN NO.2007[0m, [0;33mLatency:    685[0m, (logn, xlen) = ( 6,   5)
[0;32mPASS PATTERN NO.2008[0m, [0;33mLatency:    684[0m, (logn, xlen) = ( 6,   5)
[0;32mPASS PATTERN NO.2009[0m, [0;33mLatency:    708[0m, (logn, xlen) = ( 6,   5)
[0;32mPASS PATTERN NO.2010[0m, [0;33mLatency:    679[0m, (logn, xlen) = ( 6,   5)
[0;32mPASS PATTERN NO.2011[0m, [0;33mLatency:    688[0m, (logn, xlen) = ( 6,   5)
[0;32mPASS PATTERN NO.2012[0m, [0;33mLatency:    680[0m, (logn, xlen) = ( 6,   5)
[0;32mPASS PATTERN NO.2013[0m, [0;33mLatency:    686[0m, (logn, xlen) = ( 6,   5)
[0;32mPASS PATTERN NO.2014[0m, [0;33mLatency:    683[0m, (logn, xlen) = ( 6,   5)
[0;32mPASS PATTERN NO.2015[0m, [0;33mLatency:    687[0m, (logn, xlen) = ( 6,   5)
[0;32mPASS PATTERN NO.2016[0m, [0;33mLatency:    692[0m, (logn, xlen) = ( 6,   5)
[0;32mPASS PATTERN NO.2017[0m, [0;33mLatency:    686[0m, (logn, xlen) = ( 6,   5)
[0;32mPASS PATTERN NO.2018[0m, [0;33mLatency:    684[0m, (logn, xlen) = ( 6,   5)
[0;32mPASS PATTERN NO.2019[0m, [0;33mLatency:    684[0m, (logn, xlen) = ( 6,   5)
[0;32mPASS PATTERN NO.2020[0m, [0;33mLatency:    607[0m, (logn, xlen) = ( 8,   2)
[0;32mPASS PATTERN NO.2021[0m, [0;33mLatency:    607[0m, (logn, xlen) = ( 8,   2)
[0;32mPASS PATTERN NO.2022[0m, [0;33mLatency:    311[0m, (logn, xlen) = ( 7,   2)
[0;32mPASS PATTERN NO.2023[0m, [0;33mLatency:    311[0m, (logn, xlen) = ( 7,   2)
[0;32mPASS PATTERN NO.2024[0m, [0;33mLatency:   2671[0m, (logn, xlen) = ( 7,   7)
[0;32mPASS PATTERN NO.2025[0m, [0;33mLatency:   2664[0m, (logn, xlen) = ( 7,   7)
[0;32mPASS PATTERN NO.2026[0m, [0;33mLatency:    555[0m, (logn, xlen) = ( 7,   3)
[0;32mPASS PATTERN NO.2027[0m, [0;33mLatency:    554[0m, (logn, xlen) = ( 7,   3)
[0;32mPASS PATTERN NO.2028[0m, [0;33mLatency:    546[0m, (logn, xlen) = ( 7,   3)
[0;32mPASS PATTERN NO.2029[0m, [0;33mLatency:    552[0m, (logn, xlen) = ( 7,   3)
[0;32mPASS PATTERN NO.2030[0m, [0;33mLatency:    549[0m, (logn, xlen) = ( 7,   3)
[0;32mPASS PATTERN NO.2031[0m, [0;33mLatency:    555[0m, (logn, xlen) = ( 7,   3)
[0;32mPASS PATTERN NO.2032[0m, [0;33mLatency:    552[0m, (logn, xlen) = ( 7,   3)
[0;32mPASS PATTERN NO.2033[0m, [0;33mLatency:    553[0m, (logn, xlen) = ( 7,   3)
[0;32mPASS PATTERN NO.2034[0m, [0;33mLatency:    553[0m, (logn, xlen) = ( 7,   3)
[0;32mPASS PATTERN NO.2035[0m, [0;33mLatency:    549[0m, (logn, xlen) = ( 7,   3)
[0;32mPASS PATTERN NO.2036[0m, [0;33mLatency:    546[0m, (logn, xlen) = ( 7,   3)
[0;32mPASS PATTERN NO.2037[0m, [0;33mLatency:    553[0m, (logn, xlen) = ( 7,   3)
[0;32mPASS PATTERN NO.2038[0m, [0;33mLatency:    553[0m, (logn, xlen) = ( 7,   3)
[0;32mPASS PATTERN NO.2039[0m, [0;33mLatency:    546[0m, (logn, xlen) = ( 7,   3)
[0;32mPASS PATTERN NO.2040[0m, [0;33mLatency:    554[0m, (logn, xlen) = ( 7,   3)
[0;32mPASS PATTERN NO.2041[0m, [0;33mLatency:    552[0m, (logn, xlen) = ( 7,   3)
[0;32mPASS PATTERN NO.2042[0m, [0;33mLatency:    607[0m, (logn, xlen) = ( 8,   2)
[0;32mPASS PATTERN NO.2043[0m, [0;33mLatency:    607[0m, (logn, xlen) = ( 8,   2)
[0;32mPASS PATTERN NO.2044[0m, [0;33mLatency:   2664[0m, (logn, xlen) = ( 8,   5)
[0;32mPASS PATTERN NO.2045[0m, [0;33mLatency:   2666[0m, (logn, xlen) = ( 8,   5)
[0;32mPASS PATTERN NO.2046[0m, [0;33mLatency:   1080[0m, (logn, xlen) = ( 8,   3)
[0;32mPASS PATTERN NO.2047[0m, [0;33mLatency:   1080[0m, (logn, xlen) = ( 8,   3)
[0;32mPASS PATTERN NO.2048[0m, [0;33mLatency:   1079[0m, (logn, xlen) = ( 8,   3)
[0;32mPASS PATTERN NO.2049[0m, [0;33mLatency:   1081[0m, (logn, xlen) = ( 8,   3)
[0;32mPASS PATTERN NO.2050[0m, [0;33mLatency:   1079[0m, (logn, xlen) = ( 8,   3)
[0;32mPASS PATTERN NO.2051[0m, [0;33mLatency:   1079[0m, (logn, xlen) = ( 8,   3)
[0;32mPASS PATTERN NO.2052[0m, [0;33mLatency:   1082[0m, (logn, xlen) = ( 8,   3)
[0;32mPASS PATTERN NO.2053[0m, [0;33mLatency:   1081[0m, (logn, xlen) = ( 8,   3)
[0;32mPASS PATTERN NO.2054[0m, [0;33mLatency:   1096[0m, (logn, xlen) = ( 8,   3)
[0;32mPASS PATTERN NO.2055[0m, [0;33mLatency:   1081[0m, (logn, xlen) = ( 8,   3)
[0;32mPASS PATTERN NO.2056[0m, [0;33mLatency:   1080[0m, (logn, xlen) = ( 8,   3)
[0;32mPASS PATTERN NO.2057[0m, [0;33mLatency:   1079[0m, (logn, xlen) = ( 8,   3)
[0;32mPASS PATTERN NO.2058[0m, [0;33mLatency:   1082[0m, (logn, xlen) = ( 8,   3)
[0;32mPASS PATTERN NO.2059[0m, [0;33mLatency:   1081[0m, (logn, xlen) = ( 8,   3)
[0;32mPASS PATTERN NO.2060[0m, [0;33mLatency:   2383[0m, (logn, xlen) = (10,   2)
--------------------------------------------------------------------
                         Congratulations!                           
                  You have passed all patterns!                     
                  Total execution cycles = 12574035 cycles               
--------------------------------------------------------------------
-------------------------------------
           Average Latency           
-------------------------------------
| logn | xlen | Count | Avg Latency |
-------------------------------------
|  10  |    2 |   12  |    2383.08  |
|   8  |    2 |  230  |     606.48  |
|   8  |    3 |  168  |    1084.50  |
|   8  |    5 |   24  |    2663.83  |
|   7  |    2 |  206  |     310.46  |
|   7  |    3 |  192  |     551.97  |
|   7  |    7 |   24  |    2658.62  |
|   6  |    4 |  182  |     454.35  |
|   6  |    5 |  312  |     688.81  |
|   6  |   12 |   24  |    4105.92  |
|   5  |    7 |  158  |     687.23  |
|   5  |   21 |   24  |    6512.79  |
|   4  |   14 |  134  |    1426.01  |
|   4  |   40 |   24  |   12182.96  |
|   3  |   27 |  110  |    2748.52  |
|   3  |   78 |   26  |   23700.73  |
|   2  |   53 |   84  |    6051.40  |
|   2  |  157 |   28  |   50588.82  |
|   1  |  106 |   56  |   23347.32  |
|   1  |  209 |   14  |   89087.07  |
|   1  |  308 |   28  |  192269.39  |
-------------------------------------
$finish called from file "PATTERN.sv", line 287.
$finish at simulation time          21506543200
           V C S   S i m u l a t i o n   R e p o r t 
Time: 21506543200 ps
CPU Time:    159.790 seconds;       Data structure size:   0.2Mb
Thu Feb 12 20:29:28 2026
CPU time: .833 seconds to compile + .257 seconds to elab + .289 seconds to link + 159.827 seconds in simulation
