Command: vcs -timescale=1ns/1fs -j4 -sverilog +v2k -full64 -Mupdate -R -debug_access+all \
-y /usr/cad/synopsys/synthesis/cur/dw/sim_ver/ +libext+.v -f filelist.f -o simv -l \
vcs.log -P /usr/cad/synopsys/verdi/2022.06/share/PLI/VCS/linux64/novas.tab /usr/cad/synopsys/verdi/2022.06/share/PLI/VCS/linux64/pli.a \
+define+RTL +define+ +notimingchecks
*** Using c compiler gcc instead of cc ...
                         Chronologic VCS (TM)
         Version T-2022.06_Full64 -- Tue Sep  9 16:13:04 2025

                    Copyright (c) 1991 - 2022 Synopsys, Inc.
   This software and the associated documentation are proprietary to Synopsys,
 Inc. This software may only be used in accordance with the terms and conditions
 of a written license agreement with Synopsys, Inc. All other use, reproduction,
   or distribution of this software is strictly prohibited.  Licensed Products
     communicate with Synopsys servers for the purpose of providing software
    updates, detecting software piracy and verifying that customers are using
    Licensed Products in conformity with the applicable License Key for such
  Licensed Products. Synopsys will use information gathered in connection with
    this process to deliver software updates and pursue software pirates and
                                   infringers.

 Inclusivity & Diversity - Visit SolvNetPlus to read the "Synopsys Statement on
            Inclusivity and Diversity" (Refer to article 000036315 at
                        https://solvnetplus.synopsys.com)

Parsing design file 'TESTBED.v'
Parsing included file 'PATTERN.v'.
Back to file 'TESTBED.v'.
Parsing included file 'MQ_DIV_12289.v'.
Parsing included file 'MQ.v'.
Back to file 'MQ_DIV_12289.v'.
Back to file 'TESTBED.v'.
Top Level Modules:
       TESTBED
TimeScale is 1 ns / 10 ps
Starting vcs inline pass...


Note-[VCS_PARAL] Parallel code-gen enabled
  VCS is running with parallel code generation(-j)...

2 modules and 0 UDP read.
recompiling module PATTERN
	However, due to incremental compilation, only 1 module needs to be compiled. 
make[1]: Entering directory `/home/daniel_kuo/Falcon/hardware/mq_div_12289/01_RTL/csrc' \

rm -f _cuarc*.so _csrc*.so pre_vcsobj_*.so share_vcsobj_*.so
ld -shared  -Bsymbolic   -o .//../simv.daidir//_cuarc0.so objs/amcQw_d.o 
rm -f _cuarc0.so
if [ -x ../simv ]; then chmod a-x ../simv; fi
g++  -o ../simv      -rdynamic  -Wl,-rpath='$ORIGIN'/simv.daidir -Wl,-rpath=./simv.daidir \
-Wl,-rpath=/usr/cad/synopsys/vcs/2022.06/linux64/lib -L/usr/cad/synopsys/vcs/2022.06/linux64/lib \
-Wl,-rpath-link=./  /usr/lib64/libnuma.so.1     _1985_archive_1.so _prev_archive_1.so \
_cuarc0.so  SIM_l.o      rmapats_mop.o rmapats.o rmar.o rmar_nd.o  rmar_llvm_0_1.o \
rmar_llvm_0_0.o           -lvirsim -lerrorinf -lsnpsmalloc -lvfs /usr/cad/synopsys/verdi/2022.06/share/PLI/VCS/linux64/pli.a \
-lvcsnew -lsimprofile -luclinative /usr/cad/synopsys/vcs/2022.06/linux64/lib/vcs_tls.o \
-Wl,-whole-archive  -lvcsucli    -Wl,-no-whole-archive        _vcs_pli_stub_.o   \
/usr/cad/synopsys/vcs/2022.06/linux64/lib/vcs_save_restore_new.o /usr/cad/synopsys/verdi/2022.06//share/PLI/VCS/LINUX64/pli.a \
-ldl -lm  -lc -lpthread -ldl 
../simv up to date
make[1]: Leaving directory `/home/daniel_kuo/Falcon/hardware/mq_div_12289/01_RTL/csrc' \

Command: /home/daniel_kuo/Falcon/hardware/mq_div_12289/01_RTL/./simv +v2k +libext+.v -a vcs.log +define+RTL +define+ +notimingchecks
Chronologic VCS simulator copyright 1991-2022
Contains Synopsys proprietary information.
Compiler version T-2022.06_Full64; Runtime version T-2022.06_Full64;  Sep  9 16:13 2025
*Verdi* Loading libsscore_vcs202206.so
FSDB Dumper for VCS, Release Verdi_T-2022.06, Linux x86_64/64bit, 05/29/2022
(C) 1996 - 2022 by Synopsys, Inc.
*Verdi* FSDB WARNING: The FSDB file already exists. Overwriting the FSDB file may crash the programs that are using this file.
*Verdi* : Create FSDB file 'MQ_DIV_12289.fsdb'
*Verdi* : Begin traversing the scopes, layer (0).
*Verdi* : Enable +mda dumping.
*Verdi* : End of traversing.
PASS PATTERN NO.   1
PASS PATTERN NO.   2
PASS PATTERN NO.   3
PASS PATTERN NO.   4
PASS PATTERN NO.   5
PASS PATTERN NO.   6
PASS PATTERN NO.   7
PASS PATTERN NO.   8
PASS PATTERN NO.   9
PASS PATTERN NO.  10
PASS PATTERN NO.  11
PASS PATTERN NO.  12
PASS PATTERN NO.  13
PASS PATTERN NO.  14
PASS PATTERN NO.  15
PASS PATTERN NO.  16
PASS PATTERN NO.  17
PASS PATTERN NO.  18
PASS PATTERN NO.  19
PASS PATTERN NO.  20
PASS PATTERN NO.  21
PASS PATTERN NO.  22
PASS PATTERN NO.  23
PASS PATTERN NO.  24
PASS PATTERN NO.  25
PASS PATTERN NO.  26
PASS PATTERN NO.  27
PASS PATTERN NO.  28
PASS PATTERN NO.  29
PASS PATTERN NO.  30
PASS PATTERN NO.  31
PASS PATTERN NO.  32
PASS PATTERN NO.  33
PASS PATTERN NO.  34
PASS PATTERN NO.  35
PASS PATTERN NO.  36
PASS PATTERN NO.  37
PASS PATTERN NO.  38
PASS PATTERN NO.  39
PASS PATTERN NO.  40
PASS PATTERN NO.  41
PASS PATTERN NO.  42
PASS PATTERN NO.  43
PASS PATTERN NO.  44
PASS PATTERN NO.  45
PASS PATTERN NO.  46
PASS PATTERN NO.  47
PASS PATTERN NO.  48
PASS PATTERN NO.  49
PASS PATTERN NO.  50
PASS PATTERN NO.  51
PASS PATTERN NO.  52
PASS PATTERN NO.  53
PASS PATTERN NO.  54
PASS PATTERN NO.  55
PASS PATTERN NO.  56
PASS PATTERN NO.  57
PASS PATTERN NO.  58
PASS PATTERN NO.  59
PASS PATTERN NO.  60
PASS PATTERN NO.  61
PASS PATTERN NO.  62
PASS PATTERN NO.  63
PASS PATTERN NO.  64
PASS PATTERN NO.  65
PASS PATTERN NO.  66
PASS PATTERN NO.  67
PASS PATTERN NO.  68
PASS PATTERN NO.  69
PASS PATTERN NO.  70
PASS PATTERN NO.  71
PASS PATTERN NO.  72
PASS PATTERN NO.  73
PASS PATTERN NO.  74
PASS PATTERN NO.  75
PASS PATTERN NO.  76
PASS PATTERN NO.  77
PASS PATTERN NO.  78
PASS PATTERN NO.  79
PASS PATTERN NO.  80
PASS PATTERN NO.  81
PASS PATTERN NO.  82
PASS PATTERN NO.  83
PASS PATTERN NO.  84
PASS PATTERN NO.  85
PASS PATTERN NO.  86
PASS PATTERN NO.  87
PASS PATTERN NO.  88
PASS PATTERN NO.  89
PASS PATTERN NO.  90
PASS PATTERN NO.  91
PASS PATTERN NO.  92
PASS PATTERN NO.  93
PASS PATTERN NO.  94
PASS PATTERN NO.  95
PASS PATTERN NO.  96
PASS PATTERN NO.  97
PASS PATTERN NO.  98
PASS PATTERN NO.  99
PASS PATTERN NO. 100
PASS PATTERN NO. 101
PASS PATTERN NO. 102
PASS PATTERN NO. 103
PASS PATTERN NO. 104
PASS PATTERN NO. 105
PASS PATTERN NO. 106
PASS PATTERN NO. 107
PASS PATTERN NO. 108
PASS PATTERN NO. 109
PASS PATTERN NO. 110
PASS PATTERN NO. 111
PASS PATTERN NO. 112
PASS PATTERN NO. 113
PASS PATTERN NO. 114
PASS PATTERN NO. 115
PASS PATTERN NO. 116
PASS PATTERN NO. 117
PASS PATTERN NO. 118
PASS PATTERN NO. 119
PASS PATTERN NO. 120
PASS PATTERN NO. 121
PASS PATTERN NO. 122
PASS PATTERN NO. 123
PASS PATTERN NO. 124
PASS PATTERN NO. 125
PASS PATTERN NO. 126
PASS PATTERN NO. 127
PASS PATTERN NO. 128
PASS PATTERN NO. 129
PASS PATTERN NO. 130
PASS PATTERN NO. 131
PASS PATTERN NO. 132
PASS PATTERN NO. 133
PASS PATTERN NO. 134
PASS PATTERN NO. 135
PASS PATTERN NO. 136
PASS PATTERN NO. 137
PASS PATTERN NO. 138
PASS PATTERN NO. 139
PASS PATTERN NO. 140
PASS PATTERN NO. 141
PASS PATTERN NO. 142
PASS PATTERN NO. 143
PASS PATTERN NO. 144
PASS PATTERN NO. 145
PASS PATTERN NO. 146
PASS PATTERN NO. 147
PASS PATTERN NO. 148
PASS PATTERN NO. 149
PASS PATTERN NO. 150
PASS PATTERN NO. 151
PASS PATTERN NO. 152
PASS PATTERN NO. 153
PASS PATTERN NO. 154
PASS PATTERN NO. 155
PASS PATTERN NO. 156
PASS PATTERN NO. 157
PASS PATTERN NO. 158
PASS PATTERN NO. 159
PASS PATTERN NO. 160
PASS PATTERN NO. 161
PASS PATTERN NO. 162
PASS PATTERN NO. 163
PASS PATTERN NO. 164
PASS PATTERN NO. 165
PASS PATTERN NO. 166
PASS PATTERN NO. 167
PASS PATTERN NO. 168
PASS PATTERN NO. 169
PASS PATTERN NO. 170
PASS PATTERN NO. 171
PASS PATTERN NO. 172
PASS PATTERN NO. 173
PASS PATTERN NO. 174
PASS PATTERN NO. 175
PASS PATTERN NO. 176
PASS PATTERN NO. 177
PASS PATTERN NO. 178
PASS PATTERN NO. 179
PASS PATTERN NO. 180
PASS PATTERN NO. 181
PASS PATTERN NO. 182
PASS PATTERN NO. 183
PASS PATTERN NO. 184
PASS PATTERN NO. 185
PASS PATTERN NO. 186
PASS PATTERN NO. 187
PASS PATTERN NO. 188
PASS PATTERN NO. 189
PASS PATTERN NO. 190
PASS PATTERN NO. 191
PASS PATTERN NO. 192
PASS PATTERN NO. 193
PASS PATTERN NO. 194
PASS PATTERN NO. 195
PASS PATTERN NO. 196
PASS PATTERN NO. 197
PASS PATTERN NO. 198
PASS PATTERN NO. 199
PASS PATTERN NO. 200
PASS PATTERN NO. 201
PASS PATTERN NO. 202
PASS PATTERN NO. 203
PASS PATTERN NO. 204
PASS PATTERN NO. 205
PASS PATTERN NO. 206
PASS PATTERN NO. 207
PASS PATTERN NO. 208
PASS PATTERN NO. 209
PASS PATTERN NO. 210
PASS PATTERN NO. 211
PASS PATTERN NO. 212
PASS PATTERN NO. 213
PASS PATTERN NO. 214
PASS PATTERN NO. 215
PASS PATTERN NO. 216
PASS PATTERN NO. 217
PASS PATTERN NO. 218
PASS PATTERN NO. 219
PASS PATTERN NO. 220
PASS PATTERN NO. 221
PASS PATTERN NO. 222
PASS PATTERN NO. 223
PASS PATTERN NO. 224
PASS PATTERN NO. 225
PASS PATTERN NO. 226
PASS PATTERN NO. 227
PASS PATTERN NO. 228
PASS PATTERN NO. 229
PASS PATTERN NO. 230
PASS PATTERN NO. 231
PASS PATTERN NO. 232
PASS PATTERN NO. 233
PASS PATTERN NO. 234
PASS PATTERN NO. 235
PASS PATTERN NO. 236
PASS PATTERN NO. 237
PASS PATTERN NO. 238
PASS PATTERN NO. 239
PASS PATTERN NO. 240
PASS PATTERN NO. 241
PASS PATTERN NO. 242
PASS PATTERN NO. 243
PASS PATTERN NO. 244
PASS PATTERN NO. 245
PASS PATTERN NO. 246
PASS PATTERN NO. 247
PASS PATTERN NO. 248
PASS PATTERN NO. 249
PASS PATTERN NO. 250
PASS PATTERN NO. 251
PASS PATTERN NO. 252
PASS PATTERN NO. 253
PASS PATTERN NO. 254
PASS PATTERN NO. 255
PASS PATTERN NO. 256
PASS PATTERN NO. 257
PASS PATTERN NO. 258
PASS PATTERN NO. 259
PASS PATTERN NO. 260
PASS PATTERN NO. 261
PASS PATTERN NO. 262
PASS PATTERN NO. 263
PASS PATTERN NO. 264
PASS PATTERN NO. 265
PASS PATTERN NO. 266
PASS PATTERN NO. 267
PASS PATTERN NO. 268
PASS PATTERN NO. 269
PASS PATTERN NO. 270
PASS PATTERN NO. 271
PASS PATTERN NO. 272
PASS PATTERN NO. 273
PASS PATTERN NO. 274
PASS PATTERN NO. 275
PASS PATTERN NO. 276
PASS PATTERN NO. 277
PASS PATTERN NO. 278
PASS PATTERN NO. 279
PASS PATTERN NO. 280
PASS PATTERN NO. 281
PASS PATTERN NO. 282
PASS PATTERN NO. 283
PASS PATTERN NO. 284
PASS PATTERN NO. 285
PASS PATTERN NO. 286
PASS PATTERN NO. 287
PASS PATTERN NO. 288
PASS PATTERN NO. 289
PASS PATTERN NO. 290
PASS PATTERN NO. 291
PASS PATTERN NO. 292
PASS PATTERN NO. 293
PASS PATTERN NO. 294
PASS PATTERN NO. 295
PASS PATTERN NO. 296
PASS PATTERN NO. 297
PASS PATTERN NO. 298
PASS PATTERN NO. 299
PASS PATTERN NO. 300
PASS PATTERN NO. 301
PASS PATTERN NO. 302
PASS PATTERN NO. 303
PASS PATTERN NO. 304
PASS PATTERN NO. 305
PASS PATTERN NO. 306
PASS PATTERN NO. 307
PASS PATTERN NO. 308
PASS PATTERN NO. 309
PASS PATTERN NO. 310
PASS PATTERN NO. 311
PASS PATTERN NO. 312
PASS PATTERN NO. 313
PASS PATTERN NO. 314
PASS PATTERN NO. 315
PASS PATTERN NO. 316
PASS PATTERN NO. 317
PASS PATTERN NO. 318
PASS PATTERN NO. 319
PASS PATTERN NO. 320
PASS PATTERN NO. 321
PASS PATTERN NO. 322
PASS PATTERN NO. 323
PASS PATTERN NO. 324
PASS PATTERN NO. 325
PASS PATTERN NO. 326
PASS PATTERN NO. 327
PASS PATTERN NO. 328
PASS PATTERN NO. 329
PASS PATTERN NO. 330
PASS PATTERN NO. 331
PASS PATTERN NO. 332
PASS PATTERN NO. 333
PASS PATTERN NO. 334
PASS PATTERN NO. 335
PASS PATTERN NO. 336
PASS PATTERN NO. 337
PASS PATTERN NO. 338
PASS PATTERN NO. 339
PASS PATTERN NO. 340
PASS PATTERN NO. 341
PASS PATTERN NO. 342
PASS PATTERN NO. 343
PASS PATTERN NO. 344
PASS PATTERN NO. 345
PASS PATTERN NO. 346
PASS PATTERN NO. 347
PASS PATTERN NO. 348
PASS PATTERN NO. 349
PASS PATTERN NO. 350
PASS PATTERN NO. 351
PASS PATTERN NO. 352
PASS PATTERN NO. 353
PASS PATTERN NO. 354
PASS PATTERN NO. 355
PASS PATTERN NO. 356
PASS PATTERN NO. 357
PASS PATTERN NO. 358
PASS PATTERN NO. 359
PASS PATTERN NO. 360
PASS PATTERN NO. 361
PASS PATTERN NO. 362
PASS PATTERN NO. 363
PASS PATTERN NO. 364
PASS PATTERN NO. 365
PASS PATTERN NO. 366
PASS PATTERN NO. 367
PASS PATTERN NO. 368
PASS PATTERN NO. 369
PASS PATTERN NO. 370
PASS PATTERN NO. 371
PASS PATTERN NO. 372
PASS PATTERN NO. 373
PASS PATTERN NO. 374
PASS PATTERN NO. 375
PASS PATTERN NO. 376
PASS PATTERN NO. 377
PASS PATTERN NO. 378
PASS PATTERN NO. 379
PASS PATTERN NO. 380
PASS PATTERN NO. 381
PASS PATTERN NO. 382
PASS PATTERN NO. 383
PASS PATTERN NO. 384
PASS PATTERN NO. 385
PASS PATTERN NO. 386
PASS PATTERN NO. 387
PASS PATTERN NO. 388
PASS PATTERN NO. 389
PASS PATTERN NO. 390
PASS PATTERN NO. 391
PASS PATTERN NO. 392
PASS PATTERN NO. 393
PASS PATTERN NO. 394
PASS PATTERN NO. 395
PASS PATTERN NO. 396
PASS PATTERN NO. 397
PASS PATTERN NO. 398
PASS PATTERN NO. 399
PASS PATTERN NO. 400
PASS PATTERN NO. 401
PASS PATTERN NO. 402
PASS PATTERN NO. 403
PASS PATTERN NO. 404
PASS PATTERN NO. 405
PASS PATTERN NO. 406
PASS PATTERN NO. 407
PASS PATTERN NO. 408
PASS PATTERN NO. 409
PASS PATTERN NO. 410
PASS PATTERN NO. 411
PASS PATTERN NO. 412
PASS PATTERN NO. 413
PASS PATTERN NO. 414
PASS PATTERN NO. 415
PASS PATTERN NO. 416
PASS PATTERN NO. 417
PASS PATTERN NO. 418
PASS PATTERN NO. 419
PASS PATTERN NO. 420
PASS PATTERN NO. 421
PASS PATTERN NO. 422
PASS PATTERN NO. 423
PASS PATTERN NO. 424
PASS PATTERN NO. 425
PASS PATTERN NO. 426
PASS PATTERN NO. 427
PASS PATTERN NO. 428
PASS PATTERN NO. 429
PASS PATTERN NO. 430
PASS PATTERN NO. 431
PASS PATTERN NO. 432
PASS PATTERN NO. 433
PASS PATTERN NO. 434
PASS PATTERN NO. 435
PASS PATTERN NO. 436
PASS PATTERN NO. 437
PASS PATTERN NO. 438
PASS PATTERN NO. 439
PASS PATTERN NO. 440
PASS PATTERN NO. 441
PASS PATTERN NO. 442
PASS PATTERN NO. 443
PASS PATTERN NO. 444
PASS PATTERN NO. 445
PASS PATTERN NO. 446
PASS PATTERN NO. 447
PASS PATTERN NO. 448
PASS PATTERN NO. 449
PASS PATTERN NO. 450
PASS PATTERN NO. 451
PASS PATTERN NO. 452
PASS PATTERN NO. 453
PASS PATTERN NO. 454
PASS PATTERN NO. 455
PASS PATTERN NO. 456
PASS PATTERN NO. 457
PASS PATTERN NO. 458
PASS PATTERN NO. 459
PASS PATTERN NO. 460
PASS PATTERN NO. 461
PASS PATTERN NO. 462
PASS PATTERN NO. 463
PASS PATTERN NO. 464
PASS PATTERN NO. 465
PASS PATTERN NO. 466
PASS PATTERN NO. 467
PASS PATTERN NO. 468
PASS PATTERN NO. 469
PASS PATTERN NO. 470
PASS PATTERN NO. 471
PASS PATTERN NO. 472
PASS PATTERN NO. 473
PASS PATTERN NO. 474
PASS PATTERN NO. 475
PASS PATTERN NO. 476
PASS PATTERN NO. 477
PASS PATTERN NO. 478
PASS PATTERN NO. 479
PASS PATTERN NO. 480
PASS PATTERN NO. 481
PASS PATTERN NO. 482
PASS PATTERN NO. 483
PASS PATTERN NO. 484
PASS PATTERN NO. 485
PASS PATTERN NO. 486
PASS PATTERN NO. 487
PASS PATTERN NO. 488
PASS PATTERN NO. 489
PASS PATTERN NO. 490
PASS PATTERN NO. 491
PASS PATTERN NO. 492
PASS PATTERN NO. 493
PASS PATTERN NO. 494
PASS PATTERN NO. 495
PASS PATTERN NO. 496
PASS PATTERN NO. 497
PASS PATTERN NO. 498
PASS PATTERN NO. 499
PASS PATTERN NO. 500
PASS PATTERN NO. 501
PASS PATTERN NO. 502
PASS PATTERN NO. 503
PASS PATTERN NO. 504
PASS PATTERN NO. 505
PASS PATTERN NO. 506
PASS PATTERN NO. 507
PASS PATTERN NO. 508
PASS PATTERN NO. 509
PASS PATTERN NO. 510
PASS PATTERN NO. 511
PASS PATTERN NO. 512
PASS PATTERN NO. 513
PASS PATTERN NO. 514
PASS PATTERN NO. 515
PASS PATTERN NO. 516
PASS PATTERN NO. 517
PASS PATTERN NO. 518
PASS PATTERN NO. 519
PASS PATTERN NO. 520
PASS PATTERN NO. 521
PASS PATTERN NO. 522
PASS PATTERN NO. 523
PASS PATTERN NO. 524
PASS PATTERN NO. 525
PASS PATTERN NO. 526
PASS PATTERN NO. 527
PASS PATTERN NO. 528
PASS PATTERN NO. 529
PASS PATTERN NO. 530
PASS PATTERN NO. 531
PASS PATTERN NO. 532
PASS PATTERN NO. 533
PASS PATTERN NO. 534
PASS PATTERN NO. 535
PASS PATTERN NO. 536
PASS PATTERN NO. 537
PASS PATTERN NO. 538
PASS PATTERN NO. 539
PASS PATTERN NO. 540
PASS PATTERN NO. 541
PASS PATTERN NO. 542
PASS PATTERN NO. 543
PASS PATTERN NO. 544
PASS PATTERN NO. 545
PASS PATTERN NO. 546
PASS PATTERN NO. 547
PASS PATTERN NO. 548
PASS PATTERN NO. 549
PASS PATTERN NO. 550
PASS PATTERN NO. 551
PASS PATTERN NO. 552
PASS PATTERN NO. 553
PASS PATTERN NO. 554
PASS PATTERN NO. 555
PASS PATTERN NO. 556
PASS PATTERN NO. 557
PASS PATTERN NO. 558
PASS PATTERN NO. 559
PASS PATTERN NO. 560
PASS PATTERN NO. 561
PASS PATTERN NO. 562
PASS PATTERN NO. 563
PASS PATTERN NO. 564
PASS PATTERN NO. 565
PASS PATTERN NO. 566
PASS PATTERN NO. 567
PASS PATTERN NO. 568
PASS PATTERN NO. 569
PASS PATTERN NO. 570
PASS PATTERN NO. 571
PASS PATTERN NO. 572
PASS PATTERN NO. 573
PASS PATTERN NO. 574
PASS PATTERN NO. 575
PASS PATTERN NO. 576
PASS PATTERN NO. 577
PASS PATTERN NO. 578
PASS PATTERN NO. 579
PASS PATTERN NO. 580
PASS PATTERN NO. 581
PASS PATTERN NO. 582
PASS PATTERN NO. 583
PASS PATTERN NO. 584
PASS PATTERN NO. 585
PASS PATTERN NO. 586
PASS PATTERN NO. 587
PASS PATTERN NO. 588
PASS PATTERN NO. 589
PASS PATTERN NO. 590
PASS PATTERN NO. 591
PASS PATTERN NO. 592
PASS PATTERN NO. 593
PASS PATTERN NO. 594
PASS PATTERN NO. 595
PASS PATTERN NO. 596
PASS PATTERN NO. 597
PASS PATTERN NO. 598
PASS PATTERN NO. 599
PASS PATTERN NO. 600
PASS PATTERN NO. 601
PASS PATTERN NO. 602
PASS PATTERN NO. 603
PASS PATTERN NO. 604
PASS PATTERN NO. 605
PASS PATTERN NO. 606
PASS PATTERN NO. 607
PASS PATTERN NO. 608
PASS PATTERN NO. 609
PASS PATTERN NO. 610
PASS PATTERN NO. 611
PASS PATTERN NO. 612
PASS PATTERN NO. 613
PASS PATTERN NO. 614
PASS PATTERN NO. 615
PASS PATTERN NO. 616
PASS PATTERN NO. 617
PASS PATTERN NO. 618
PASS PATTERN NO. 619
PASS PATTERN NO. 620
PASS PATTERN NO. 621
PASS PATTERN NO. 622
PASS PATTERN NO. 623
PASS PATTERN NO. 624
PASS PATTERN NO. 625
PASS PATTERN NO. 626
PASS PATTERN NO. 627
PASS PATTERN NO. 628
PASS PATTERN NO. 629
PASS PATTERN NO. 630
PASS PATTERN NO. 631
PASS PATTERN NO. 632
PASS PATTERN NO. 633
PASS PATTERN NO. 634
PASS PATTERN NO. 635
PASS PATTERN NO. 636
PASS PATTERN NO. 637
PASS PATTERN NO. 638
PASS PATTERN NO. 639
PASS PATTERN NO. 640
PASS PATTERN NO. 641
PASS PATTERN NO. 642
PASS PATTERN NO. 643
PASS PATTERN NO. 644
PASS PATTERN NO. 645
PASS PATTERN NO. 646
PASS PATTERN NO. 647
PASS PATTERN NO. 648
PASS PATTERN NO. 649
PASS PATTERN NO. 650
PASS PATTERN NO. 651
PASS PATTERN NO. 652
PASS PATTERN NO. 653
PASS PATTERN NO. 654
PASS PATTERN NO. 655
PASS PATTERN NO. 656
PASS PATTERN NO. 657
PASS PATTERN NO. 658
PASS PATTERN NO. 659
PASS PATTERN NO. 660
PASS PATTERN NO. 661
PASS PATTERN NO. 662
PASS PATTERN NO. 663
PASS PATTERN NO. 664
PASS PATTERN NO. 665
PASS PATTERN NO. 666
PASS PATTERN NO. 667
PASS PATTERN NO. 668
PASS PATTERN NO. 669
PASS PATTERN NO. 670
PASS PATTERN NO. 671
PASS PATTERN NO. 672
PASS PATTERN NO. 673
PASS PATTERN NO. 674
PASS PATTERN NO. 675
PASS PATTERN NO. 676
PASS PATTERN NO. 677
PASS PATTERN NO. 678
PASS PATTERN NO. 679
PASS PATTERN NO. 680
PASS PATTERN NO. 681
PASS PATTERN NO. 682
PASS PATTERN NO. 683
PASS PATTERN NO. 684
PASS PATTERN NO. 685
PASS PATTERN NO. 686
PASS PATTERN NO. 687
PASS PATTERN NO. 688
PASS PATTERN NO. 689
PASS PATTERN NO. 690
PASS PATTERN NO. 691
PASS PATTERN NO. 692
PASS PATTERN NO. 693
PASS PATTERN NO. 694
PASS PATTERN NO. 695
PASS PATTERN NO. 696
PASS PATTERN NO. 697
PASS PATTERN NO. 698
PASS PATTERN NO. 699
PASS PATTERN NO. 700
PASS PATTERN NO. 701
PASS PATTERN NO. 702
PASS PATTERN NO. 703
PASS PATTERN NO. 704
PASS PATTERN NO. 705
PASS PATTERN NO. 706
PASS PATTERN NO. 707
PASS PATTERN NO. 708
PASS PATTERN NO. 709
PASS PATTERN NO. 710
PASS PATTERN NO. 711
PASS PATTERN NO. 712
PASS PATTERN NO. 713
PASS PATTERN NO. 714
PASS PATTERN NO. 715
PASS PATTERN NO. 716
PASS PATTERN NO. 717
PASS PATTERN NO. 718
PASS PATTERN NO. 719
PASS PATTERN NO. 720
PASS PATTERN NO. 721
PASS PATTERN NO. 722
PASS PATTERN NO. 723
PASS PATTERN NO. 724
PASS PATTERN NO. 725
PASS PATTERN NO. 726
PASS PATTERN NO. 727
PASS PATTERN NO. 728
PASS PATTERN NO. 729
PASS PATTERN NO. 730
PASS PATTERN NO. 731
PASS PATTERN NO. 732
PASS PATTERN NO. 733
PASS PATTERN NO. 734
PASS PATTERN NO. 735
PASS PATTERN NO. 736
PASS PATTERN NO. 737
PASS PATTERN NO. 738
PASS PATTERN NO. 739
PASS PATTERN NO. 740
PASS PATTERN NO. 741
PASS PATTERN NO. 742
PASS PATTERN NO. 743
PASS PATTERN NO. 744
PASS PATTERN NO. 745
PASS PATTERN NO. 746
PASS PATTERN NO. 747
PASS PATTERN NO. 748
PASS PATTERN NO. 749
PASS PATTERN NO. 750
PASS PATTERN NO. 751
PASS PATTERN NO. 752
PASS PATTERN NO. 753
PASS PATTERN NO. 754
PASS PATTERN NO. 755
PASS PATTERN NO. 756
PASS PATTERN NO. 757
PASS PATTERN NO. 758
PASS PATTERN NO. 759
PASS PATTERN NO. 760
PASS PATTERN NO. 761
PASS PATTERN NO. 762
PASS PATTERN NO. 763
PASS PATTERN NO. 764
PASS PATTERN NO. 765
PASS PATTERN NO. 766
PASS PATTERN NO. 767
PASS PATTERN NO. 768
PASS PATTERN NO. 769
PASS PATTERN NO. 770
PASS PATTERN NO. 771
PASS PATTERN NO. 772
PASS PATTERN NO. 773
PASS PATTERN NO. 774
PASS PATTERN NO. 775
PASS PATTERN NO. 776
PASS PATTERN NO. 777
PASS PATTERN NO. 778
PASS PATTERN NO. 779
PASS PATTERN NO. 780
PASS PATTERN NO. 781
PASS PATTERN NO. 782
PASS PATTERN NO. 783
PASS PATTERN NO. 784
PASS PATTERN NO. 785
PASS PATTERN NO. 786
PASS PATTERN NO. 787
PASS PATTERN NO. 788
PASS PATTERN NO. 789
PASS PATTERN NO. 790
PASS PATTERN NO. 791
PASS PATTERN NO. 792
PASS PATTERN NO. 793
PASS PATTERN NO. 794
PASS PATTERN NO. 795
PASS PATTERN NO. 796
PASS PATTERN NO. 797
PASS PATTERN NO. 798
PASS PATTERN NO. 799
PASS PATTERN NO. 800
PASS PATTERN NO. 801
PASS PATTERN NO. 802
PASS PATTERN NO. 803
PASS PATTERN NO. 804
PASS PATTERN NO. 805
PASS PATTERN NO. 806
PASS PATTERN NO. 807
PASS PATTERN NO. 808
PASS PATTERN NO. 809
PASS PATTERN NO. 810
PASS PATTERN NO. 811
PASS PATTERN NO. 812
PASS PATTERN NO. 813
PASS PATTERN NO. 814
PASS PATTERN NO. 815
PASS PATTERN NO. 816
PASS PATTERN NO. 817
PASS PATTERN NO. 818
PASS PATTERN NO. 819
PASS PATTERN NO. 820
PASS PATTERN NO. 821
PASS PATTERN NO. 822
PASS PATTERN NO. 823
PASS PATTERN NO. 824
PASS PATTERN NO. 825
PASS PATTERN NO. 826
PASS PATTERN NO. 827
PASS PATTERN NO. 828
PASS PATTERN NO. 829
PASS PATTERN NO. 830
PASS PATTERN NO. 831
PASS PATTERN NO. 832
PASS PATTERN NO. 833
PASS PATTERN NO. 834
PASS PATTERN NO. 835
PASS PATTERN NO. 836
PASS PATTERN NO. 837
PASS PATTERN NO. 838
PASS PATTERN NO. 839
PASS PATTERN NO. 840
PASS PATTERN NO. 841
PASS PATTERN NO. 842
PASS PATTERN NO. 843
PASS PATTERN NO. 844
PASS PATTERN NO. 845
PASS PATTERN NO. 846
PASS PATTERN NO. 847
PASS PATTERN NO. 848
PASS PATTERN NO. 849
PASS PATTERN NO. 850
PASS PATTERN NO. 851
PASS PATTERN NO. 852
PASS PATTERN NO. 853
PASS PATTERN NO. 854
PASS PATTERN NO. 855
PASS PATTERN NO. 856
PASS PATTERN NO. 857
PASS PATTERN NO. 858
PASS PATTERN NO. 859
PASS PATTERN NO. 860
PASS PATTERN NO. 861
PASS PATTERN NO. 862
PASS PATTERN NO. 863
PASS PATTERN NO. 864
PASS PATTERN NO. 865
PASS PATTERN NO. 866
PASS PATTERN NO. 867
PASS PATTERN NO. 868
PASS PATTERN NO. 869
PASS PATTERN NO. 870
PASS PATTERN NO. 871
PASS PATTERN NO. 872
PASS PATTERN NO. 873
PASS PATTERN NO. 874
PASS PATTERN NO. 875
PASS PATTERN NO. 876
PASS PATTERN NO. 877
PASS PATTERN NO. 878
PASS PATTERN NO. 879
PASS PATTERN NO. 880
PASS PATTERN NO. 881
PASS PATTERN NO. 882
PASS PATTERN NO. 883
PASS PATTERN NO. 884
PASS PATTERN NO. 885
PASS PATTERN NO. 886
PASS PATTERN NO. 887
PASS PATTERN NO. 888
PASS PATTERN NO. 889
PASS PATTERN NO. 890
PASS PATTERN NO. 891
PASS PATTERN NO. 892
PASS PATTERN NO. 893
PASS PATTERN NO. 894
PASS PATTERN NO. 895
PASS PATTERN NO. 896
PASS PATTERN NO. 897
PASS PATTERN NO. 898
PASS PATTERN NO. 899
PASS PATTERN NO. 900
PASS PATTERN NO. 901
PASS PATTERN NO. 902
PASS PATTERN NO. 903
PASS PATTERN NO. 904
PASS PATTERN NO. 905
PASS PATTERN NO. 906
PASS PATTERN NO. 907
PASS PATTERN NO. 908
PASS PATTERN NO. 909
PASS PATTERN NO. 910
PASS PATTERN NO. 911
PASS PATTERN NO. 912
PASS PATTERN NO. 913
PASS PATTERN NO. 914
PASS PATTERN NO. 915
PASS PATTERN NO. 916
PASS PATTERN NO. 917
PASS PATTERN NO. 918
PASS PATTERN NO. 919
PASS PATTERN NO. 920
PASS PATTERN NO. 921
PASS PATTERN NO. 922
PASS PATTERN NO. 923
PASS PATTERN NO. 924
PASS PATTERN NO. 925
PASS PATTERN NO. 926
PASS PATTERN NO. 927
PASS PATTERN NO. 928
PASS PATTERN NO. 929
PASS PATTERN NO. 930
PASS PATTERN NO. 931
PASS PATTERN NO. 932
PASS PATTERN NO. 933
PASS PATTERN NO. 934
PASS PATTERN NO. 935
PASS PATTERN NO. 936
PASS PATTERN NO. 937
PASS PATTERN NO. 938
PASS PATTERN NO. 939
PASS PATTERN NO. 940
PASS PATTERN NO. 941
PASS PATTERN NO. 942
PASS PATTERN NO. 943
PASS PATTERN NO. 944
PASS PATTERN NO. 945
PASS PATTERN NO. 946
PASS PATTERN NO. 947
PASS PATTERN NO. 948
PASS PATTERN NO. 949
PASS PATTERN NO. 950
PASS PATTERN NO. 951
PASS PATTERN NO. 952
PASS PATTERN NO. 953
PASS PATTERN NO. 954
PASS PATTERN NO. 955
PASS PATTERN NO. 956
PASS PATTERN NO. 957
PASS PATTERN NO. 958
PASS PATTERN NO. 959
PASS PATTERN NO. 960
PASS PATTERN NO. 961
PASS PATTERN NO. 962
PASS PATTERN NO. 963
PASS PATTERN NO. 964
PASS PATTERN NO. 965
PASS PATTERN NO. 966
PASS PATTERN NO. 967
PASS PATTERN NO. 968
PASS PATTERN NO. 969
PASS PATTERN NO. 970
PASS PATTERN NO. 971
PASS PATTERN NO. 972
PASS PATTERN NO. 973
PASS PATTERN NO. 974
PASS PATTERN NO. 975
PASS PATTERN NO. 976
PASS PATTERN NO. 977
PASS PATTERN NO. 978
PASS PATTERN NO. 979
PASS PATTERN NO. 980
PASS PATTERN NO. 981
PASS PATTERN NO. 982
PASS PATTERN NO. 983
PASS PATTERN NO. 984
PASS PATTERN NO. 985
PASS PATTERN NO. 986
PASS PATTERN NO. 987
PASS PATTERN NO. 988
PASS PATTERN NO. 989
PASS PATTERN NO. 990
PASS PATTERN NO. 991
PASS PATTERN NO. 992
PASS PATTERN NO. 993
PASS PATTERN NO. 994
PASS PATTERN NO. 995
PASS PATTERN NO. 996
PASS PATTERN NO. 997
PASS PATTERN NO. 998
PASS PATTERN NO. 999
PASS PATTERN NO.1000
PASS PATTERN NO.1001
PASS PATTERN NO.1002
PASS PATTERN NO.1003
PASS PATTERN NO.1004
PASS PATTERN NO.1005
PASS PATTERN NO.1006
PASS PATTERN NO.1007
PASS PATTERN NO.1008
PASS PATTERN NO.1009
PASS PATTERN NO.1010
PASS PATTERN NO.1011
PASS PATTERN NO.1012
PASS PATTERN NO.1013
PASS PATTERN NO.1014
PASS PATTERN NO.1015
PASS PATTERN NO.1016
PASS PATTERN NO.1017
PASS PATTERN NO.1018
PASS PATTERN NO.1019
PASS PATTERN NO.1020
PASS PATTERN NO.1021
PASS PATTERN NO.1022
PASS PATTERN NO.1023
PASS PATTERN NO.1024
PASS PATTERN NO.1025
PASS PATTERN NO.1026
PASS PATTERN NO.1027
PASS PATTERN NO.1028
PASS PATTERN NO.1029
PASS PATTERN NO.1030
PASS PATTERN NO.1031
PASS PATTERN NO.1032
PASS PATTERN NO.1033
PASS PATTERN NO.1034
PASS PATTERN NO.1035
PASS PATTERN NO.1036
PASS PATTERN NO.1037
PASS PATTERN NO.1038
PASS PATTERN NO.1039
PASS PATTERN NO.1040
PASS PATTERN NO.1041
PASS PATTERN NO.1042
PASS PATTERN NO.1043
PASS PATTERN NO.1044
PASS PATTERN NO.1045
PASS PATTERN NO.1046
PASS PATTERN NO.1047
PASS PATTERN NO.1048
PASS PATTERN NO.1049
PASS PATTERN NO.1050
PASS PATTERN NO.1051
PASS PATTERN NO.1052
PASS PATTERN NO.1053
PASS PATTERN NO.1054
PASS PATTERN NO.1055
PASS PATTERN NO.1056
PASS PATTERN NO.1057
PASS PATTERN NO.1058
PASS PATTERN NO.1059
PASS PATTERN NO.1060
PASS PATTERN NO.1061
PASS PATTERN NO.1062
PASS PATTERN NO.1063
PASS PATTERN NO.1064
PASS PATTERN NO.1065
PASS PATTERN NO.1066
PASS PATTERN NO.1067
PASS PATTERN NO.1068
PASS PATTERN NO.1069
PASS PATTERN NO.1070
PASS PATTERN NO.1071
PASS PATTERN NO.1072
PASS PATTERN NO.1073
PASS PATTERN NO.1074
PASS PATTERN NO.1075
PASS PATTERN NO.1076
PASS PATTERN NO.1077
PASS PATTERN NO.1078
PASS PATTERN NO.1079
PASS PATTERN NO.1080
PASS PATTERN NO.1081
PASS PATTERN NO.1082
PASS PATTERN NO.1083
PASS PATTERN NO.1084
PASS PATTERN NO.1085
PASS PATTERN NO.1086
PASS PATTERN NO.1087
PASS PATTERN NO.1088
PASS PATTERN NO.1089
PASS PATTERN NO.1090
PASS PATTERN NO.1091
PASS PATTERN NO.1092
PASS PATTERN NO.1093
PASS PATTERN NO.1094
PASS PATTERN NO.1095
PASS PATTERN NO.1096
PASS PATTERN NO.1097
PASS PATTERN NO.1098
PASS PATTERN NO.1099
PASS PATTERN NO.1100
PASS PATTERN NO.1101
PASS PATTERN NO.1102
PASS PATTERN NO.1103
PASS PATTERN NO.1104
PASS PATTERN NO.1105
PASS PATTERN NO.1106
PASS PATTERN NO.1107
PASS PATTERN NO.1108
PASS PATTERN NO.1109
PASS PATTERN NO.1110
PASS PATTERN NO.1111
PASS PATTERN NO.1112
PASS PATTERN NO.1113
PASS PATTERN NO.1114
PASS PATTERN NO.1115
PASS PATTERN NO.1116
PASS PATTERN NO.1117
PASS PATTERN NO.1118
PASS PATTERN NO.1119
PASS PATTERN NO.1120
PASS PATTERN NO.1121
PASS PATTERN NO.1122
PASS PATTERN NO.1123
PASS PATTERN NO.1124
PASS PATTERN NO.1125
PASS PATTERN NO.1126
PASS PATTERN NO.1127
PASS PATTERN NO.1128
PASS PATTERN NO.1129
PASS PATTERN NO.1130
PASS PATTERN NO.1131
PASS PATTERN NO.1132
PASS PATTERN NO.1133
PASS PATTERN NO.1134
PASS PATTERN NO.1135
PASS PATTERN NO.1136
PASS PATTERN NO.1137
PASS PATTERN NO.1138
PASS PATTERN NO.1139
PASS PATTERN NO.1140
PASS PATTERN NO.1141
PASS PATTERN NO.1142
PASS PATTERN NO.1143
PASS PATTERN NO.1144
PASS PATTERN NO.1145
PASS PATTERN NO.1146
PASS PATTERN NO.1147
PASS PATTERN NO.1148
PASS PATTERN NO.1149
PASS PATTERN NO.1150
PASS PATTERN NO.1151
PASS PATTERN NO.1152
PASS PATTERN NO.1153
PASS PATTERN NO.1154
PASS PATTERN NO.1155
PASS PATTERN NO.1156
PASS PATTERN NO.1157
PASS PATTERN NO.1158
PASS PATTERN NO.1159
PASS PATTERN NO.1160
PASS PATTERN NO.1161
PASS PATTERN NO.1162
PASS PATTERN NO.1163
PASS PATTERN NO.1164
PASS PATTERN NO.1165
PASS PATTERN NO.1166
PASS PATTERN NO.1167
PASS PATTERN NO.1168
PASS PATTERN NO.1169
PASS PATTERN NO.1170
PASS PATTERN NO.1171
PASS PATTERN NO.1172
PASS PATTERN NO.1173
PASS PATTERN NO.1174
PASS PATTERN NO.1175
PASS PATTERN NO.1176
PASS PATTERN NO.1177
PASS PATTERN NO.1178
PASS PATTERN NO.1179
PASS PATTERN NO.1180
PASS PATTERN NO.1181
PASS PATTERN NO.1182
PASS PATTERN NO.1183
PASS PATTERN NO.1184
PASS PATTERN NO.1185
PASS PATTERN NO.1186
PASS PATTERN NO.1187
PASS PATTERN NO.1188
PASS PATTERN NO.1189
PASS PATTERN NO.1190
PASS PATTERN NO.1191
PASS PATTERN NO.1192
PASS PATTERN NO.1193
PASS PATTERN NO.1194
PASS PATTERN NO.1195
PASS PATTERN NO.1196
PASS PATTERN NO.1197
PASS PATTERN NO.1198
PASS PATTERN NO.1199
PASS PATTERN NO.1200
PASS PATTERN NO.1201
PASS PATTERN NO.1202
PASS PATTERN NO.1203
PASS PATTERN NO.1204
PASS PATTERN NO.1205
PASS PATTERN NO.1206
PASS PATTERN NO.1207
PASS PATTERN NO.1208
PASS PATTERN NO.1209
PASS PATTERN NO.1210
PASS PATTERN NO.1211
PASS PATTERN NO.1212
PASS PATTERN NO.1213
PASS PATTERN NO.1214
PASS PATTERN NO.1215
PASS PATTERN NO.1216
PASS PATTERN NO.1217
PASS PATTERN NO.1218
PASS PATTERN NO.1219
PASS PATTERN NO.1220
PASS PATTERN NO.1221
PASS PATTERN NO.1222
PASS PATTERN NO.1223
PASS PATTERN NO.1224
PASS PATTERN NO.1225
PASS PATTERN NO.1226
PASS PATTERN NO.1227
PASS PATTERN NO.1228
PASS PATTERN NO.1229
PASS PATTERN NO.1230
PASS PATTERN NO.1231
PASS PATTERN NO.1232
PASS PATTERN NO.1233
PASS PATTERN NO.1234
PASS PATTERN NO.1235
PASS PATTERN NO.1236
PASS PATTERN NO.1237
PASS PATTERN NO.1238
PASS PATTERN NO.1239
PASS PATTERN NO.1240
PASS PATTERN NO.1241
PASS PATTERN NO.1242
PASS PATTERN NO.1243
PASS PATTERN NO.1244
PASS PATTERN NO.1245
PASS PATTERN NO.1246
PASS PATTERN NO.1247
PASS PATTERN NO.1248
PASS PATTERN NO.1249
PASS PATTERN NO.1250
PASS PATTERN NO.1251
PASS PATTERN NO.1252
PASS PATTERN NO.1253
PASS PATTERN NO.1254
PASS PATTERN NO.1255
PASS PATTERN NO.1256
PASS PATTERN NO.1257
PASS PATTERN NO.1258
PASS PATTERN NO.1259
PASS PATTERN NO.1260
PASS PATTERN NO.1261
PASS PATTERN NO.1262
PASS PATTERN NO.1263
PASS PATTERN NO.1264
PASS PATTERN NO.1265
PASS PATTERN NO.1266
PASS PATTERN NO.1267
PASS PATTERN NO.1268
PASS PATTERN NO.1269
PASS PATTERN NO.1270
PASS PATTERN NO.1271
PASS PATTERN NO.1272
PASS PATTERN NO.1273
PASS PATTERN NO.1274
PASS PATTERN NO.1275
PASS PATTERN NO.1276
PASS PATTERN NO.1277
PASS PATTERN NO.1278
PASS PATTERN NO.1279
PASS PATTERN NO.1280
PASS PATTERN NO.1281
PASS PATTERN NO.1282
PASS PATTERN NO.1283
PASS PATTERN NO.1284
PASS PATTERN NO.1285
PASS PATTERN NO.1286
PASS PATTERN NO.1287
PASS PATTERN NO.1288
PASS PATTERN NO.1289
PASS PATTERN NO.1290
PASS PATTERN NO.1291
PASS PATTERN NO.1292
PASS PATTERN NO.1293
PASS PATTERN NO.1294
PASS PATTERN NO.1295
PASS PATTERN NO.1296
PASS PATTERN NO.1297
PASS PATTERN NO.1298
PASS PATTERN NO.1299
PASS PATTERN NO.1300
PASS PATTERN NO.1301
PASS PATTERN NO.1302
PASS PATTERN NO.1303
PASS PATTERN NO.1304
PASS PATTERN NO.1305
PASS PATTERN NO.1306
PASS PATTERN NO.1307
PASS PATTERN NO.1308
PASS PATTERN NO.1309
PASS PATTERN NO.1310
PASS PATTERN NO.1311
PASS PATTERN NO.1312
PASS PATTERN NO.1313
PASS PATTERN NO.1314
PASS PATTERN NO.1315
PASS PATTERN NO.1316
PASS PATTERN NO.1317
PASS PATTERN NO.1318
PASS PATTERN NO.1319
PASS PATTERN NO.1320
PASS PATTERN NO.1321
PASS PATTERN NO.1322
PASS PATTERN NO.1323
PASS PATTERN NO.1324
PASS PATTERN NO.1325
PASS PATTERN NO.1326
PASS PATTERN NO.1327
PASS PATTERN NO.1328
PASS PATTERN NO.1329
PASS PATTERN NO.1330
PASS PATTERN NO.1331
PASS PATTERN NO.1332
PASS PATTERN NO.1333
PASS PATTERN NO.1334
PASS PATTERN NO.1335
PASS PATTERN NO.1336
PASS PATTERN NO.1337
PASS PATTERN NO.1338
PASS PATTERN NO.1339
PASS PATTERN NO.1340
PASS PATTERN NO.1341
PASS PATTERN NO.1342
PASS PATTERN NO.1343
PASS PATTERN NO.1344
PASS PATTERN NO.1345
PASS PATTERN NO.1346
PASS PATTERN NO.1347
PASS PATTERN NO.1348
PASS PATTERN NO.1349
PASS PATTERN NO.1350
PASS PATTERN NO.1351
PASS PATTERN NO.1352
PASS PATTERN NO.1353
PASS PATTERN NO.1354
PASS PATTERN NO.1355
PASS PATTERN NO.1356
PASS PATTERN NO.1357
PASS PATTERN NO.1358
PASS PATTERN NO.1359
PASS PATTERN NO.1360
PASS PATTERN NO.1361
PASS PATTERN NO.1362
PASS PATTERN NO.1363
PASS PATTERN NO.1364
PASS PATTERN NO.1365
PASS PATTERN NO.1366
PASS PATTERN NO.1367
PASS PATTERN NO.1368
PASS PATTERN NO.1369
PASS PATTERN NO.1370
PASS PATTERN NO.1371
PASS PATTERN NO.1372
PASS PATTERN NO.1373
PASS PATTERN NO.1374
PASS PATTERN NO.1375
PASS PATTERN NO.1376
PASS PATTERN NO.1377
PASS PATTERN NO.1378
PASS PATTERN NO.1379
PASS PATTERN NO.1380
PASS PATTERN NO.1381
PASS PATTERN NO.1382
PASS PATTERN NO.1383
PASS PATTERN NO.1384
PASS PATTERN NO.1385
PASS PATTERN NO.1386
PASS PATTERN NO.1387
PASS PATTERN NO.1388
PASS PATTERN NO.1389
PASS PATTERN NO.1390
PASS PATTERN NO.1391
PASS PATTERN NO.1392
PASS PATTERN NO.1393
PASS PATTERN NO.1394
PASS PATTERN NO.1395
PASS PATTERN NO.1396
PASS PATTERN NO.1397
PASS PATTERN NO.1398
PASS PATTERN NO.1399
PASS PATTERN NO.1400
PASS PATTERN NO.1401
PASS PATTERN NO.1402
PASS PATTERN NO.1403
PASS PATTERN NO.1404
PASS PATTERN NO.1405
PASS PATTERN NO.1406
PASS PATTERN NO.1407
PASS PATTERN NO.1408
PASS PATTERN NO.1409
PASS PATTERN NO.1410
PASS PATTERN NO.1411
PASS PATTERN NO.1412
PASS PATTERN NO.1413
PASS PATTERN NO.1414
PASS PATTERN NO.1415
PASS PATTERN NO.1416
PASS PATTERN NO.1417
PASS PATTERN NO.1418
PASS PATTERN NO.1419
PASS PATTERN NO.1420
PASS PATTERN NO.1421
PASS PATTERN NO.1422
PASS PATTERN NO.1423
PASS PATTERN NO.1424
PASS PATTERN NO.1425
PASS PATTERN NO.1426
PASS PATTERN NO.1427
PASS PATTERN NO.1428
PASS PATTERN NO.1429
PASS PATTERN NO.1430
PASS PATTERN NO.1431
PASS PATTERN NO.1432
PASS PATTERN NO.1433
PASS PATTERN NO.1434
PASS PATTERN NO.1435
PASS PATTERN NO.1436
PASS PATTERN NO.1437
PASS PATTERN NO.1438
PASS PATTERN NO.1439
PASS PATTERN NO.1440
PASS PATTERN NO.1441
PASS PATTERN NO.1442
PASS PATTERN NO.1443
PASS PATTERN NO.1444
PASS PATTERN NO.1445
PASS PATTERN NO.1446
PASS PATTERN NO.1447
PASS PATTERN NO.1448
PASS PATTERN NO.1449
PASS PATTERN NO.1450
PASS PATTERN NO.1451
PASS PATTERN NO.1452
PASS PATTERN NO.1453
PASS PATTERN NO.1454
PASS PATTERN NO.1455
PASS PATTERN NO.1456
PASS PATTERN NO.1457
PASS PATTERN NO.1458
PASS PATTERN NO.1459
PASS PATTERN NO.1460
PASS PATTERN NO.1461
PASS PATTERN NO.1462
PASS PATTERN NO.1463
PASS PATTERN NO.1464
PASS PATTERN NO.1465
PASS PATTERN NO.1466
PASS PATTERN NO.1467
PASS PATTERN NO.1468
PASS PATTERN NO.1469
PASS PATTERN NO.1470
PASS PATTERN NO.1471
PASS PATTERN NO.1472
PASS PATTERN NO.1473
PASS PATTERN NO.1474
PASS PATTERN NO.1475
PASS PATTERN NO.1476
PASS PATTERN NO.1477
PASS PATTERN NO.1478
PASS PATTERN NO.1479
PASS PATTERN NO.1480
PASS PATTERN NO.1481
PASS PATTERN NO.1482
PASS PATTERN NO.1483
PASS PATTERN NO.1484
PASS PATTERN NO.1485
PASS PATTERN NO.1486
PASS PATTERN NO.1487
PASS PATTERN NO.1488
PASS PATTERN NO.1489
PASS PATTERN NO.1490
PASS PATTERN NO.1491
PASS PATTERN NO.1492
PASS PATTERN NO.1493
PASS PATTERN NO.1494
PASS PATTERN NO.1495
PASS PATTERN NO.1496
PASS PATTERN NO.1497
PASS PATTERN NO.1498
PASS PATTERN NO.1499
PASS PATTERN NO.1500
PASS PATTERN NO.1501
PASS PATTERN NO.1502
PASS PATTERN NO.1503
PASS PATTERN NO.1504
PASS PATTERN NO.1505
PASS PATTERN NO.1506
PASS PATTERN NO.1507
PASS PATTERN NO.1508
PASS PATTERN NO.1509
PASS PATTERN NO.1510
PASS PATTERN NO.1511
PASS PATTERN NO.1512
PASS PATTERN NO.1513
PASS PATTERN NO.1514
PASS PATTERN NO.1515
PASS PATTERN NO.1516
PASS PATTERN NO.1517
PASS PATTERN NO.1518
PASS PATTERN NO.1519
PASS PATTERN NO.1520
PASS PATTERN NO.1521
PASS PATTERN NO.1522
PASS PATTERN NO.1523
PASS PATTERN NO.1524
PASS PATTERN NO.1525
PASS PATTERN NO.1526
PASS PATTERN NO.1527
PASS PATTERN NO.1528
PASS PATTERN NO.1529
PASS PATTERN NO.1530
PASS PATTERN NO.1531
PASS PATTERN NO.1532
PASS PATTERN NO.1533
PASS PATTERN NO.1534
PASS PATTERN NO.1535
PASS PATTERN NO.1536
PASS PATTERN NO.1537
PASS PATTERN NO.1538
PASS PATTERN NO.1539
PASS PATTERN NO.1540
PASS PATTERN NO.1541
PASS PATTERN NO.1542
PASS PATTERN NO.1543
PASS PATTERN NO.1544
PASS PATTERN NO.1545
PASS PATTERN NO.1546
PASS PATTERN NO.1547
PASS PATTERN NO.1548
PASS PATTERN NO.1549
PASS PATTERN NO.1550
PASS PATTERN NO.1551
PASS PATTERN NO.1552
PASS PATTERN NO.1553
PASS PATTERN NO.1554
PASS PATTERN NO.1555
PASS PATTERN NO.1556
PASS PATTERN NO.1557
PASS PATTERN NO.1558
PASS PATTERN NO.1559
PASS PATTERN NO.1560
PASS PATTERN NO.1561
PASS PATTERN NO.1562
PASS PATTERN NO.1563
PASS PATTERN NO.1564
PASS PATTERN NO.1565
PASS PATTERN NO.1566
PASS PATTERN NO.1567
PASS PATTERN NO.1568
PASS PATTERN NO.1569
PASS PATTERN NO.1570
PASS PATTERN NO.1571
PASS PATTERN NO.1572
PASS PATTERN NO.1573
PASS PATTERN NO.1574
PASS PATTERN NO.1575
PASS PATTERN NO.1576
PASS PATTERN NO.1577
PASS PATTERN NO.1578
PASS PATTERN NO.1579
PASS PATTERN NO.1580
PASS PATTERN NO.1581
PASS PATTERN NO.1582
PASS PATTERN NO.1583
PASS PATTERN NO.1584
PASS PATTERN NO.1585
PASS PATTERN NO.1586
PASS PATTERN NO.1587
PASS PATTERN NO.1588
PASS PATTERN NO.1589
PASS PATTERN NO.1590
PASS PATTERN NO.1591
PASS PATTERN NO.1592
PASS PATTERN NO.1593
PASS PATTERN NO.1594
PASS PATTERN NO.1595
PASS PATTERN NO.1596
PASS PATTERN NO.1597
PASS PATTERN NO.1598
PASS PATTERN NO.1599
PASS PATTERN NO.1600
PASS PATTERN NO.1601
PASS PATTERN NO.1602
PASS PATTERN NO.1603
PASS PATTERN NO.1604
PASS PATTERN NO.1605
PASS PATTERN NO.1606
PASS PATTERN NO.1607
PASS PATTERN NO.1608
PASS PATTERN NO.1609
PASS PATTERN NO.1610
PASS PATTERN NO.1611
PASS PATTERN NO.1612
PASS PATTERN NO.1613
PASS PATTERN NO.1614
PASS PATTERN NO.1615
PASS PATTERN NO.1616
PASS PATTERN NO.1617
PASS PATTERN NO.1618
PASS PATTERN NO.1619
PASS PATTERN NO.1620
PASS PATTERN NO.1621
PASS PATTERN NO.1622
PASS PATTERN NO.1623
PASS PATTERN NO.1624
PASS PATTERN NO.1625
PASS PATTERN NO.1626
PASS PATTERN NO.1627
PASS PATTERN NO.1628
PASS PATTERN NO.1629
PASS PATTERN NO.1630
PASS PATTERN NO.1631
PASS PATTERN NO.1632
PASS PATTERN NO.1633
PASS PATTERN NO.1634
PASS PATTERN NO.1635
PASS PATTERN NO.1636
PASS PATTERN NO.1637
PASS PATTERN NO.1638
PASS PATTERN NO.1639
PASS PATTERN NO.1640
PASS PATTERN NO.1641
PASS PATTERN NO.1642
PASS PATTERN NO.1643
PASS PATTERN NO.1644
PASS PATTERN NO.1645
PASS PATTERN NO.1646
PASS PATTERN NO.1647
PASS PATTERN NO.1648
PASS PATTERN NO.1649
PASS PATTERN NO.1650
PASS PATTERN NO.1651
PASS PATTERN NO.1652
PASS PATTERN NO.1653
PASS PATTERN NO.1654
PASS PATTERN NO.1655
PASS PATTERN NO.1656
PASS PATTERN NO.1657
PASS PATTERN NO.1658
PASS PATTERN NO.1659
PASS PATTERN NO.1660
PASS PATTERN NO.1661
PASS PATTERN NO.1662
PASS PATTERN NO.1663
PASS PATTERN NO.1664
PASS PATTERN NO.1665
PASS PATTERN NO.1666
PASS PATTERN NO.1667
PASS PATTERN NO.1668
PASS PATTERN NO.1669
PASS PATTERN NO.1670
PASS PATTERN NO.1671
PASS PATTERN NO.1672
PASS PATTERN NO.1673
PASS PATTERN NO.1674
PASS PATTERN NO.1675
PASS PATTERN NO.1676
PASS PATTERN NO.1677
PASS PATTERN NO.1678
PASS PATTERN NO.1679
PASS PATTERN NO.1680
PASS PATTERN NO.1681
PASS PATTERN NO.1682
PASS PATTERN NO.1683
PASS PATTERN NO.1684
PASS PATTERN NO.1685
PASS PATTERN NO.1686
PASS PATTERN NO.1687
PASS PATTERN NO.1688
PASS PATTERN NO.1689
PASS PATTERN NO.1690
PASS PATTERN NO.1691
PASS PATTERN NO.1692
PASS PATTERN NO.1693
PASS PATTERN NO.1694
PASS PATTERN NO.1695
PASS PATTERN NO.1696
PASS PATTERN NO.1697
PASS PATTERN NO.1698
PASS PATTERN NO.1699
PASS PATTERN NO.1700
PASS PATTERN NO.1701
PASS PATTERN NO.1702
PASS PATTERN NO.1703
PASS PATTERN NO.1704
PASS PATTERN NO.1705
PASS PATTERN NO.1706
PASS PATTERN NO.1707
PASS PATTERN NO.1708
PASS PATTERN NO.1709
PASS PATTERN NO.1710
PASS PATTERN NO.1711
PASS PATTERN NO.1712
PASS PATTERN NO.1713
PASS PATTERN NO.1714
PASS PATTERN NO.1715
PASS PATTERN NO.1716
PASS PATTERN NO.1717
PASS PATTERN NO.1718
PASS PATTERN NO.1719
PASS PATTERN NO.1720
PASS PATTERN NO.1721
PASS PATTERN NO.1722
PASS PATTERN NO.1723
PASS PATTERN NO.1724
PASS PATTERN NO.1725
PASS PATTERN NO.1726
PASS PATTERN NO.1727
PASS PATTERN NO.1728
PASS PATTERN NO.1729
PASS PATTERN NO.1730
PASS PATTERN NO.1731
PASS PATTERN NO.1732
PASS PATTERN NO.1733
PASS PATTERN NO.1734
PASS PATTERN NO.1735
PASS PATTERN NO.1736
PASS PATTERN NO.1737
PASS PATTERN NO.1738
PASS PATTERN NO.1739
PASS PATTERN NO.1740
PASS PATTERN NO.1741
PASS PATTERN NO.1742
PASS PATTERN NO.1743
PASS PATTERN NO.1744
PASS PATTERN NO.1745
PASS PATTERN NO.1746
PASS PATTERN NO.1747
PASS PATTERN NO.1748
PASS PATTERN NO.1749
PASS PATTERN NO.1750
PASS PATTERN NO.1751
PASS PATTERN NO.1752
PASS PATTERN NO.1753
PASS PATTERN NO.1754
PASS PATTERN NO.1755
PASS PATTERN NO.1756
PASS PATTERN NO.1757
PASS PATTERN NO.1758
PASS PATTERN NO.1759
PASS PATTERN NO.1760
PASS PATTERN NO.1761
PASS PATTERN NO.1762
PASS PATTERN NO.1763
PASS PATTERN NO.1764
PASS PATTERN NO.1765
PASS PATTERN NO.1766
PASS PATTERN NO.1767
PASS PATTERN NO.1768
PASS PATTERN NO.1769
PASS PATTERN NO.1770
PASS PATTERN NO.1771
PASS PATTERN NO.1772
PASS PATTERN NO.1773
PASS PATTERN NO.1774
PASS PATTERN NO.1775
PASS PATTERN NO.1776
PASS PATTERN NO.1777
PASS PATTERN NO.1778
PASS PATTERN NO.1779
PASS PATTERN NO.1780
PASS PATTERN NO.1781
PASS PATTERN NO.1782
PASS PATTERN NO.1783
PASS PATTERN NO.1784
PASS PATTERN NO.1785
PASS PATTERN NO.1786
PASS PATTERN NO.1787
PASS PATTERN NO.1788
PASS PATTERN NO.1789
PASS PATTERN NO.1790
PASS PATTERN NO.1791
PASS PATTERN NO.1792
PASS PATTERN NO.1793
PASS PATTERN NO.1794
PASS PATTERN NO.1795
PASS PATTERN NO.1796
PASS PATTERN NO.1797
PASS PATTERN NO.1798
PASS PATTERN NO.1799
PASS PATTERN NO.1800
PASS PATTERN NO.1801
PASS PATTERN NO.1802
PASS PATTERN NO.1803
PASS PATTERN NO.1804
PASS PATTERN NO.1805
PASS PATTERN NO.1806
PASS PATTERN NO.1807
PASS PATTERN NO.1808
PASS PATTERN NO.1809
PASS PATTERN NO.1810
PASS PATTERN NO.1811
PASS PATTERN NO.1812
PASS PATTERN NO.1813
PASS PATTERN NO.1814
PASS PATTERN NO.1815
PASS PATTERN NO.1816
PASS PATTERN NO.1817
PASS PATTERN NO.1818
PASS PATTERN NO.1819
PASS PATTERN NO.1820
PASS PATTERN NO.1821
PASS PATTERN NO.1822
PASS PATTERN NO.1823
PASS PATTERN NO.1824
PASS PATTERN NO.1825
PASS PATTERN NO.1826
PASS PATTERN NO.1827
PASS PATTERN NO.1828
PASS PATTERN NO.1829
PASS PATTERN NO.1830
PASS PATTERN NO.1831
PASS PATTERN NO.1832
PASS PATTERN NO.1833
PASS PATTERN NO.1834
PASS PATTERN NO.1835
PASS PATTERN NO.1836
PASS PATTERN NO.1837
PASS PATTERN NO.1838
PASS PATTERN NO.1839
PASS PATTERN NO.1840
PASS PATTERN NO.1841
PASS PATTERN NO.1842
PASS PATTERN NO.1843
PASS PATTERN NO.1844
PASS PATTERN NO.1845
PASS PATTERN NO.1846
PASS PATTERN NO.1847
PASS PATTERN NO.1848
PASS PATTERN NO.1849
PASS PATTERN NO.1850
PASS PATTERN NO.1851
PASS PATTERN NO.1852
PASS PATTERN NO.1853
PASS PATTERN NO.1854
PASS PATTERN NO.1855
PASS PATTERN NO.1856
PASS PATTERN NO.1857
PASS PATTERN NO.1858
PASS PATTERN NO.1859
PASS PATTERN NO.1860
PASS PATTERN NO.1861
PASS PATTERN NO.1862
PASS PATTERN NO.1863
PASS PATTERN NO.1864
PASS PATTERN NO.1865
PASS PATTERN NO.1866
PASS PATTERN NO.1867
PASS PATTERN NO.1868
PASS PATTERN NO.1869
PASS PATTERN NO.1870
PASS PATTERN NO.1871
PASS PATTERN NO.1872
PASS PATTERN NO.1873
PASS PATTERN NO.1874
PASS PATTERN NO.1875
PASS PATTERN NO.1876
PASS PATTERN NO.1877
PASS PATTERN NO.1878
PASS PATTERN NO.1879
PASS PATTERN NO.1880
PASS PATTERN NO.1881
PASS PATTERN NO.1882
PASS PATTERN NO.1883
PASS PATTERN NO.1884
PASS PATTERN NO.1885
PASS PATTERN NO.1886
PASS PATTERN NO.1887
PASS PATTERN NO.1888
PASS PATTERN NO.1889
PASS PATTERN NO.1890
PASS PATTERN NO.1891
PASS PATTERN NO.1892
PASS PATTERN NO.1893
PASS PATTERN NO.1894
PASS PATTERN NO.1895
PASS PATTERN NO.1896
PASS PATTERN NO.1897
PASS PATTERN NO.1898
PASS PATTERN NO.1899
PASS PATTERN NO.1900
PASS PATTERN NO.1901
PASS PATTERN NO.1902
PASS PATTERN NO.1903
PASS PATTERN NO.1904
PASS PATTERN NO.1905
PASS PATTERN NO.1906
PASS PATTERN NO.1907
PASS PATTERN NO.1908
PASS PATTERN NO.1909
PASS PATTERN NO.1910
PASS PATTERN NO.1911
PASS PATTERN NO.1912
PASS PATTERN NO.1913
PASS PATTERN NO.1914
PASS PATTERN NO.1915
PASS PATTERN NO.1916
PASS PATTERN NO.1917
PASS PATTERN NO.1918
PASS PATTERN NO.1919
PASS PATTERN NO.1920
PASS PATTERN NO.1921
PASS PATTERN NO.1922
PASS PATTERN NO.1923
PASS PATTERN NO.1924
PASS PATTERN NO.1925
PASS PATTERN NO.1926
PASS PATTERN NO.1927
PASS PATTERN NO.1928
PASS PATTERN NO.1929
PASS PATTERN NO.1930
PASS PATTERN NO.1931
PASS PATTERN NO.1932
PASS PATTERN NO.1933
PASS PATTERN NO.1934
PASS PATTERN NO.1935
PASS PATTERN NO.1936
PASS PATTERN NO.1937
PASS PATTERN NO.1938
PASS PATTERN NO.1939
PASS PATTERN NO.1940
PASS PATTERN NO.1941
PASS PATTERN NO.1942
PASS PATTERN NO.1943
PASS PATTERN NO.1944
PASS PATTERN NO.1945
PASS PATTERN NO.1946
PASS PATTERN NO.1947
PASS PATTERN NO.1948
PASS PATTERN NO.1949
PASS PATTERN NO.1950
PASS PATTERN NO.1951
PASS PATTERN NO.1952
PASS PATTERN NO.1953
PASS PATTERN NO.1954
PASS PATTERN NO.1955
PASS PATTERN NO.1956
PASS PATTERN NO.1957
PASS PATTERN NO.1958
PASS PATTERN NO.1959
PASS PATTERN NO.1960
PASS PATTERN NO.1961
PASS PATTERN NO.1962
PASS PATTERN NO.1963
PASS PATTERN NO.1964
PASS PATTERN NO.1965
PASS PATTERN NO.1966
PASS PATTERN NO.1967
PASS PATTERN NO.1968
PASS PATTERN NO.1969
PASS PATTERN NO.1970
PASS PATTERN NO.1971
PASS PATTERN NO.1972
PASS PATTERN NO.1973
PASS PATTERN NO.1974
PASS PATTERN NO.1975
PASS PATTERN NO.1976
PASS PATTERN NO.1977
PASS PATTERN NO.1978
PASS PATTERN NO.1979
PASS PATTERN NO.1980
PASS PATTERN NO.1981
PASS PATTERN NO.1982
PASS PATTERN NO.1983
PASS PATTERN NO.1984
PASS PATTERN NO.1985
PASS PATTERN NO.1986
PASS PATTERN NO.1987
PASS PATTERN NO.1988
PASS PATTERN NO.1989
PASS PATTERN NO.1990
PASS PATTERN NO.1991
PASS PATTERN NO.1992
PASS PATTERN NO.1993
PASS PATTERN NO.1994
PASS PATTERN NO.1995
PASS PATTERN NO.1996
PASS PATTERN NO.1997
PASS PATTERN NO.1998
PASS PATTERN NO.1999
PASS PATTERN NO.2000
PASS PATTERN NO.2001
PASS PATTERN NO.2002
PASS PATTERN NO.2003
PASS PATTERN NO.2004
PASS PATTERN NO.2005
PASS PATTERN NO.2006
PASS PATTERN NO.2007
PASS PATTERN NO.2008
PASS PATTERN NO.2009
PASS PATTERN NO.2010
PASS PATTERN NO.2011
PASS PATTERN NO.2012
PASS PATTERN NO.2013
PASS PATTERN NO.2014
PASS PATTERN NO.2015
PASS PATTERN NO.2016
PASS PATTERN NO.2017
PASS PATTERN NO.2018
PASS PATTERN NO.2019
PASS PATTERN NO.2020
PASS PATTERN NO.2021
PASS PATTERN NO.2022
PASS PATTERN NO.2023
PASS PATTERN NO.2024
PASS PATTERN NO.2025
PASS PATTERN NO.2026
PASS PATTERN NO.2027
PASS PATTERN NO.2028
PASS PATTERN NO.2029
PASS PATTERN NO.2030
PASS PATTERN NO.2031
PASS PATTERN NO.2032
PASS PATTERN NO.2033
PASS PATTERN NO.2034
PASS PATTERN NO.2035
PASS PATTERN NO.2036
PASS PATTERN NO.2037
PASS PATTERN NO.2038
PASS PATTERN NO.2039
PASS PATTERN NO.2040
PASS PATTERN NO.2041
PASS PATTERN NO.2042
PASS PATTERN NO.2043
PASS PATTERN NO.2044
PASS PATTERN NO.2045
PASS PATTERN NO.2046
PASS PATTERN NO.2047
PASS PATTERN NO.2048
PASS PATTERN NO.2049
PASS PATTERN NO.2050
PASS PATTERN NO.2051
PASS PATTERN NO.2052
PASS PATTERN NO.2053
PASS PATTERN NO.2054
PASS PATTERN NO.2055
PASS PATTERN NO.2056
PASS PATTERN NO.2057
PASS PATTERN NO.2058
PASS PATTERN NO.2059
PASS PATTERN NO.2060
PASS PATTERN NO.2061
PASS PATTERN NO.2062
PASS PATTERN NO.2063
PASS PATTERN NO.2064
PASS PATTERN NO.2065
PASS PATTERN NO.2066
PASS PATTERN NO.2067
PASS PATTERN NO.2068
PASS PATTERN NO.2069
PASS PATTERN NO.2070
PASS PATTERN NO.2071
PASS PATTERN NO.2072
PASS PATTERN NO.2073
PASS PATTERN NO.2074
PASS PATTERN NO.2075
PASS PATTERN NO.2076
PASS PATTERN NO.2077
PASS PATTERN NO.2078
PASS PATTERN NO.2079
PASS PATTERN NO.2080
PASS PATTERN NO.2081
PASS PATTERN NO.2082
PASS PATTERN NO.2083
PASS PATTERN NO.2084
PASS PATTERN NO.2085
PASS PATTERN NO.2086
PASS PATTERN NO.2087
PASS PATTERN NO.2088
PASS PATTERN NO.2089
PASS PATTERN NO.2090
PASS PATTERN NO.2091
PASS PATTERN NO.2092
PASS PATTERN NO.2093
PASS PATTERN NO.2094
PASS PATTERN NO.2095
PASS PATTERN NO.2096
PASS PATTERN NO.2097
PASS PATTERN NO.2098
PASS PATTERN NO.2099
PASS PATTERN NO.2100
PASS PATTERN NO.2101
PASS PATTERN NO.2102
PASS PATTERN NO.2103
PASS PATTERN NO.2104
PASS PATTERN NO.2105
PASS PATTERN NO.2106
PASS PATTERN NO.2107
PASS PATTERN NO.2108
PASS PATTERN NO.2109
PASS PATTERN NO.2110
PASS PATTERN NO.2111
PASS PATTERN NO.2112
PASS PATTERN NO.2113
PASS PATTERN NO.2114
PASS PATTERN NO.2115
PASS PATTERN NO.2116
PASS PATTERN NO.2117
PASS PATTERN NO.2118
PASS PATTERN NO.2119
PASS PATTERN NO.2120
PASS PATTERN NO.2121
PASS PATTERN NO.2122
PASS PATTERN NO.2123
PASS PATTERN NO.2124
PASS PATTERN NO.2125
PASS PATTERN NO.2126
PASS PATTERN NO.2127
PASS PATTERN NO.2128
PASS PATTERN NO.2129
PASS PATTERN NO.2130
PASS PATTERN NO.2131
PASS PATTERN NO.2132
PASS PATTERN NO.2133
PASS PATTERN NO.2134
PASS PATTERN NO.2135
PASS PATTERN NO.2136
PASS PATTERN NO.2137
PASS PATTERN NO.2138
PASS PATTERN NO.2139
PASS PATTERN NO.2140
PASS PATTERN NO.2141
PASS PATTERN NO.2142
PASS PATTERN NO.2143
PASS PATTERN NO.2144
PASS PATTERN NO.2145
PASS PATTERN NO.2146
PASS PATTERN NO.2147
PASS PATTERN NO.2148
PASS PATTERN NO.2149
PASS PATTERN NO.2150
PASS PATTERN NO.2151
PASS PATTERN NO.2152
PASS PATTERN NO.2153
PASS PATTERN NO.2154
PASS PATTERN NO.2155
PASS PATTERN NO.2156
PASS PATTERN NO.2157
PASS PATTERN NO.2158
PASS PATTERN NO.2159
PASS PATTERN NO.2160
PASS PATTERN NO.2161
PASS PATTERN NO.2162
PASS PATTERN NO.2163
PASS PATTERN NO.2164
PASS PATTERN NO.2165
PASS PATTERN NO.2166
PASS PATTERN NO.2167
PASS PATTERN NO.2168
PASS PATTERN NO.2169
PASS PATTERN NO.2170
PASS PATTERN NO.2171
PASS PATTERN NO.2172
PASS PATTERN NO.2173
PASS PATTERN NO.2174
PASS PATTERN NO.2175
PASS PATTERN NO.2176
PASS PATTERN NO.2177
PASS PATTERN NO.2178
PASS PATTERN NO.2179
PASS PATTERN NO.2180
PASS PATTERN NO.2181
PASS PATTERN NO.2182
PASS PATTERN NO.2183
PASS PATTERN NO.2184
PASS PATTERN NO.2185
PASS PATTERN NO.2186
PASS PATTERN NO.2187
PASS PATTERN NO.2188
PASS PATTERN NO.2189
PASS PATTERN NO.2190
PASS PATTERN NO.2191
PASS PATTERN NO.2192
PASS PATTERN NO.2193
PASS PATTERN NO.2194
PASS PATTERN NO.2195
PASS PATTERN NO.2196
PASS PATTERN NO.2197
PASS PATTERN NO.2198
PASS PATTERN NO.2199
PASS PATTERN NO.2200
PASS PATTERN NO.2201
PASS PATTERN NO.2202
PASS PATTERN NO.2203
PASS PATTERN NO.2204
PASS PATTERN NO.2205
PASS PATTERN NO.2206
PASS PATTERN NO.2207
PASS PATTERN NO.2208
PASS PATTERN NO.2209
PASS PATTERN NO.2210
PASS PATTERN NO.2211
PASS PATTERN NO.2212
PASS PATTERN NO.2213
PASS PATTERN NO.2214
PASS PATTERN NO.2215
PASS PATTERN NO.2216
PASS PATTERN NO.2217
PASS PATTERN NO.2218
PASS PATTERN NO.2219
PASS PATTERN NO.2220
PASS PATTERN NO.2221
PASS PATTERN NO.2222
PASS PATTERN NO.2223
PASS PATTERN NO.2224
PASS PATTERN NO.2225
PASS PATTERN NO.2226
PASS PATTERN NO.2227
PASS PATTERN NO.2228
PASS PATTERN NO.2229
PASS PATTERN NO.2230
PASS PATTERN NO.2231
PASS PATTERN NO.2232
PASS PATTERN NO.2233
PASS PATTERN NO.2234
PASS PATTERN NO.2235
PASS PATTERN NO.2236
PASS PATTERN NO.2237
PASS PATTERN NO.2238
PASS PATTERN NO.2239
PASS PATTERN NO.2240
PASS PATTERN NO.2241
PASS PATTERN NO.2242
PASS PATTERN NO.2243
PASS PATTERN NO.2244
PASS PATTERN NO.2245
PASS PATTERN NO.2246
PASS PATTERN NO.2247
PASS PATTERN NO.2248
PASS PATTERN NO.2249
PASS PATTERN NO.2250
PASS PATTERN NO.2251
PASS PATTERN NO.2252
PASS PATTERN NO.2253
PASS PATTERN NO.2254
PASS PATTERN NO.2255
PASS PATTERN NO.2256
PASS PATTERN NO.2257
PASS PATTERN NO.2258
PASS PATTERN NO.2259
PASS PATTERN NO.2260
PASS PATTERN NO.2261
PASS PATTERN NO.2262
PASS PATTERN NO.2263
PASS PATTERN NO.2264
PASS PATTERN NO.2265
PASS PATTERN NO.2266
PASS PATTERN NO.2267
PASS PATTERN NO.2268
PASS PATTERN NO.2269
PASS PATTERN NO.2270
PASS PATTERN NO.2271
PASS PATTERN NO.2272
PASS PATTERN NO.2273
PASS PATTERN NO.2274
PASS PATTERN NO.2275
PASS PATTERN NO.2276
PASS PATTERN NO.2277
PASS PATTERN NO.2278
PASS PATTERN NO.2279
PASS PATTERN NO.2280
PASS PATTERN NO.2281
PASS PATTERN NO.2282
PASS PATTERN NO.2283
PASS PATTERN NO.2284
PASS PATTERN NO.2285
PASS PATTERN NO.2286
PASS PATTERN NO.2287
PASS PATTERN NO.2288
PASS PATTERN NO.2289
PASS PATTERN NO.2290
PASS PATTERN NO.2291
PASS PATTERN NO.2292
PASS PATTERN NO.2293
PASS PATTERN NO.2294
PASS PATTERN NO.2295
PASS PATTERN NO.2296
PASS PATTERN NO.2297
PASS PATTERN NO.2298
PASS PATTERN NO.2299
PASS PATTERN NO.2300
PASS PATTERN NO.2301
PASS PATTERN NO.2302
PASS PATTERN NO.2303
PASS PATTERN NO.2304
PASS PATTERN NO.2305
PASS PATTERN NO.2306
PASS PATTERN NO.2307
PASS PATTERN NO.2308
PASS PATTERN NO.2309
PASS PATTERN NO.2310
PASS PATTERN NO.2311
PASS PATTERN NO.2312
PASS PATTERN NO.2313
PASS PATTERN NO.2314
PASS PATTERN NO.2315
PASS PATTERN NO.2316
PASS PATTERN NO.2317
PASS PATTERN NO.2318
PASS PATTERN NO.2319
PASS PATTERN NO.2320
PASS PATTERN NO.2321
PASS PATTERN NO.2322
PASS PATTERN NO.2323
PASS PATTERN NO.2324
PASS PATTERN NO.2325
PASS PATTERN NO.2326
PASS PATTERN NO.2327
PASS PATTERN NO.2328
PASS PATTERN NO.2329
PASS PATTERN NO.2330
PASS PATTERN NO.2331
PASS PATTERN NO.2332
PASS PATTERN NO.2333
PASS PATTERN NO.2334
PASS PATTERN NO.2335
PASS PATTERN NO.2336
PASS PATTERN NO.2337
PASS PATTERN NO.2338
PASS PATTERN NO.2339
PASS PATTERN NO.2340
PASS PATTERN NO.2341
PASS PATTERN NO.2342
PASS PATTERN NO.2343
PASS PATTERN NO.2344
PASS PATTERN NO.2345
PASS PATTERN NO.2346
PASS PATTERN NO.2347
PASS PATTERN NO.2348
PASS PATTERN NO.2349
PASS PATTERN NO.2350
PASS PATTERN NO.2351
PASS PATTERN NO.2352
PASS PATTERN NO.2353
PASS PATTERN NO.2354
PASS PATTERN NO.2355
PASS PATTERN NO.2356
PASS PATTERN NO.2357
PASS PATTERN NO.2358
PASS PATTERN NO.2359
PASS PATTERN NO.2360
PASS PATTERN NO.2361
PASS PATTERN NO.2362
PASS PATTERN NO.2363
PASS PATTERN NO.2364
PASS PATTERN NO.2365
PASS PATTERN NO.2366
PASS PATTERN NO.2367
PASS PATTERN NO.2368
PASS PATTERN NO.2369
PASS PATTERN NO.2370
PASS PATTERN NO.2371
PASS PATTERN NO.2372
PASS PATTERN NO.2373
PASS PATTERN NO.2374
PASS PATTERN NO.2375
PASS PATTERN NO.2376
PASS PATTERN NO.2377
PASS PATTERN NO.2378
PASS PATTERN NO.2379
PASS PATTERN NO.2380
PASS PATTERN NO.2381
PASS PATTERN NO.2382
PASS PATTERN NO.2383
PASS PATTERN NO.2384
PASS PATTERN NO.2385
PASS PATTERN NO.2386
PASS PATTERN NO.2387
PASS PATTERN NO.2388
PASS PATTERN NO.2389
PASS PATTERN NO.2390
PASS PATTERN NO.2391
PASS PATTERN NO.2392
PASS PATTERN NO.2393
PASS PATTERN NO.2394
PASS PATTERN NO.2395
PASS PATTERN NO.2396
PASS PATTERN NO.2397
PASS PATTERN NO.2398
PASS PATTERN NO.2399
PASS PATTERN NO.2400
PASS PATTERN NO.2401
PASS PATTERN NO.2402
PASS PATTERN NO.2403
PASS PATTERN NO.2404
PASS PATTERN NO.2405
PASS PATTERN NO.2406
PASS PATTERN NO.2407
PASS PATTERN NO.2408
PASS PATTERN NO.2409
PASS PATTERN NO.2410
PASS PATTERN NO.2411
PASS PATTERN NO.2412
PASS PATTERN NO.2413
PASS PATTERN NO.2414
PASS PATTERN NO.2415
PASS PATTERN NO.2416
PASS PATTERN NO.2417
PASS PATTERN NO.2418
PASS PATTERN NO.2419
PASS PATTERN NO.2420
PASS PATTERN NO.2421
PASS PATTERN NO.2422
PASS PATTERN NO.2423
PASS PATTERN NO.2424
PASS PATTERN NO.2425
PASS PATTERN NO.2426
PASS PATTERN NO.2427
PASS PATTERN NO.2428
PASS PATTERN NO.2429
PASS PATTERN NO.2430
PASS PATTERN NO.2431
PASS PATTERN NO.2432
PASS PATTERN NO.2433
PASS PATTERN NO.2434
PASS PATTERN NO.2435
PASS PATTERN NO.2436
PASS PATTERN NO.2437
PASS PATTERN NO.2438
PASS PATTERN NO.2439
PASS PATTERN NO.2440
PASS PATTERN NO.2441
PASS PATTERN NO.2442
PASS PATTERN NO.2443
PASS PATTERN NO.2444
PASS PATTERN NO.2445
PASS PATTERN NO.2446
PASS PATTERN NO.2447
PASS PATTERN NO.2448
PASS PATTERN NO.2449
PASS PATTERN NO.2450
PASS PATTERN NO.2451
PASS PATTERN NO.2452
PASS PATTERN NO.2453
PASS PATTERN NO.2454
PASS PATTERN NO.2455
PASS PATTERN NO.2456
PASS PATTERN NO.2457
PASS PATTERN NO.2458
PASS PATTERN NO.2459
PASS PATTERN NO.2460
PASS PATTERN NO.2461
PASS PATTERN NO.2462
PASS PATTERN NO.2463
PASS PATTERN NO.2464
PASS PATTERN NO.2465
PASS PATTERN NO.2466
PASS PATTERN NO.2467
PASS PATTERN NO.2468
PASS PATTERN NO.2469
PASS PATTERN NO.2470
PASS PATTERN NO.2471
PASS PATTERN NO.2472
PASS PATTERN NO.2473
PASS PATTERN NO.2474
PASS PATTERN NO.2475
PASS PATTERN NO.2476
PASS PATTERN NO.2477
PASS PATTERN NO.2478
PASS PATTERN NO.2479
PASS PATTERN NO.2480
PASS PATTERN NO.2481
PASS PATTERN NO.2482
PASS PATTERN NO.2483
PASS PATTERN NO.2484
PASS PATTERN NO.2485
PASS PATTERN NO.2486
PASS PATTERN NO.2487
PASS PATTERN NO.2488
PASS PATTERN NO.2489
PASS PATTERN NO.2490
PASS PATTERN NO.2491
PASS PATTERN NO.2492
PASS PATTERN NO.2493
PASS PATTERN NO.2494
PASS PATTERN NO.2495
PASS PATTERN NO.2496
PASS PATTERN NO.2497
PASS PATTERN NO.2498
PASS PATTERN NO.2499
PASS PATTERN NO.2500
PASS PATTERN NO.2501
PASS PATTERN NO.2502
PASS PATTERN NO.2503
PASS PATTERN NO.2504
PASS PATTERN NO.2505
PASS PATTERN NO.2506
PASS PATTERN NO.2507
PASS PATTERN NO.2508
PASS PATTERN NO.2509
PASS PATTERN NO.2510
PASS PATTERN NO.2511
PASS PATTERN NO.2512
PASS PATTERN NO.2513
PASS PATTERN NO.2514
PASS PATTERN NO.2515
PASS PATTERN NO.2516
PASS PATTERN NO.2517
PASS PATTERN NO.2518
PASS PATTERN NO.2519
PASS PATTERN NO.2520
PASS PATTERN NO.2521
PASS PATTERN NO.2522
PASS PATTERN NO.2523
PASS PATTERN NO.2524
PASS PATTERN NO.2525
PASS PATTERN NO.2526
PASS PATTERN NO.2527
PASS PATTERN NO.2528
PASS PATTERN NO.2529
PASS PATTERN NO.2530
PASS PATTERN NO.2531
PASS PATTERN NO.2532
PASS PATTERN NO.2533
PASS PATTERN NO.2534
PASS PATTERN NO.2535
PASS PATTERN NO.2536
PASS PATTERN NO.2537
PASS PATTERN NO.2538
PASS PATTERN NO.2539
PASS PATTERN NO.2540
PASS PATTERN NO.2541
PASS PATTERN NO.2542
PASS PATTERN NO.2543
PASS PATTERN NO.2544
PASS PATTERN NO.2545
PASS PATTERN NO.2546
PASS PATTERN NO.2547
PASS PATTERN NO.2548
PASS PATTERN NO.2549
PASS PATTERN NO.2550
PASS PATTERN NO.2551
PASS PATTERN NO.2552
PASS PATTERN NO.2553
PASS PATTERN NO.2554
PASS PATTERN NO.2555
PASS PATTERN NO.2556
PASS PATTERN NO.2557
PASS PATTERN NO.2558
PASS PATTERN NO.2559
PASS PATTERN NO.2560
PASS PATTERN NO.2561
PASS PATTERN NO.2562
PASS PATTERN NO.2563
PASS PATTERN NO.2564
PASS PATTERN NO.2565
PASS PATTERN NO.2566
PASS PATTERN NO.2567
PASS PATTERN NO.2568
PASS PATTERN NO.2569
PASS PATTERN NO.2570
PASS PATTERN NO.2571
PASS PATTERN NO.2572
PASS PATTERN NO.2573
PASS PATTERN NO.2574
PASS PATTERN NO.2575
PASS PATTERN NO.2576
PASS PATTERN NO.2577
PASS PATTERN NO.2578
PASS PATTERN NO.2579
PASS PATTERN NO.2580
PASS PATTERN NO.2581
PASS PATTERN NO.2582
PASS PATTERN NO.2583
PASS PATTERN NO.2584
PASS PATTERN NO.2585
PASS PATTERN NO.2586
PASS PATTERN NO.2587
PASS PATTERN NO.2588
PASS PATTERN NO.2589
PASS PATTERN NO.2590
PASS PATTERN NO.2591
PASS PATTERN NO.2592
PASS PATTERN NO.2593
PASS PATTERN NO.2594
PASS PATTERN NO.2595
PASS PATTERN NO.2596
PASS PATTERN NO.2597
PASS PATTERN NO.2598
PASS PATTERN NO.2599
PASS PATTERN NO.2600
PASS PATTERN NO.2601
PASS PATTERN NO.2602
PASS PATTERN NO.2603
PASS PATTERN NO.2604
PASS PATTERN NO.2605
PASS PATTERN NO.2606
PASS PATTERN NO.2607
PASS PATTERN NO.2608
PASS PATTERN NO.2609
PASS PATTERN NO.2610
PASS PATTERN NO.2611
PASS PATTERN NO.2612
PASS PATTERN NO.2613
PASS PATTERN NO.2614
PASS PATTERN NO.2615
PASS PATTERN NO.2616
PASS PATTERN NO.2617
PASS PATTERN NO.2618
PASS PATTERN NO.2619
PASS PATTERN NO.2620
PASS PATTERN NO.2621
PASS PATTERN NO.2622
PASS PATTERN NO.2623
PASS PATTERN NO.2624
PASS PATTERN NO.2625
PASS PATTERN NO.2626
PASS PATTERN NO.2627
PASS PATTERN NO.2628
PASS PATTERN NO.2629
PASS PATTERN NO.2630
PASS PATTERN NO.2631
PASS PATTERN NO.2632
PASS PATTERN NO.2633
PASS PATTERN NO.2634
PASS PATTERN NO.2635
PASS PATTERN NO.2636
PASS PATTERN NO.2637
PASS PATTERN NO.2638
PASS PATTERN NO.2639
PASS PATTERN NO.2640
PASS PATTERN NO.2641
PASS PATTERN NO.2642
PASS PATTERN NO.2643
PASS PATTERN NO.2644
PASS PATTERN NO.2645
PASS PATTERN NO.2646
PASS PATTERN NO.2647
PASS PATTERN NO.2648
PASS PATTERN NO.2649
PASS PATTERN NO.2650
PASS PATTERN NO.2651
PASS PATTERN NO.2652
PASS PATTERN NO.2653
PASS PATTERN NO.2654
PASS PATTERN NO.2655
PASS PATTERN NO.2656
PASS PATTERN NO.2657
PASS PATTERN NO.2658
PASS PATTERN NO.2659
PASS PATTERN NO.2660
PASS PATTERN NO.2661
PASS PATTERN NO.2662
PASS PATTERN NO.2663
PASS PATTERN NO.2664
PASS PATTERN NO.2665
PASS PATTERN NO.2666
PASS PATTERN NO.2667
PASS PATTERN NO.2668
PASS PATTERN NO.2669
PASS PATTERN NO.2670
PASS PATTERN NO.2671
PASS PATTERN NO.2672
PASS PATTERN NO.2673
PASS PATTERN NO.2674
PASS PATTERN NO.2675
PASS PATTERN NO.2676
PASS PATTERN NO.2677
PASS PATTERN NO.2678
PASS PATTERN NO.2679
PASS PATTERN NO.2680
PASS PATTERN NO.2681
PASS PATTERN NO.2682
PASS PATTERN NO.2683
PASS PATTERN NO.2684
PASS PATTERN NO.2685
PASS PATTERN NO.2686
PASS PATTERN NO.2687
PASS PATTERN NO.2688
PASS PATTERN NO.2689
PASS PATTERN NO.2690
PASS PATTERN NO.2691
PASS PATTERN NO.2692
PASS PATTERN NO.2693
PASS PATTERN NO.2694
PASS PATTERN NO.2695
PASS PATTERN NO.2696
PASS PATTERN NO.2697
PASS PATTERN NO.2698
PASS PATTERN NO.2699
PASS PATTERN NO.2700
PASS PATTERN NO.2701
PASS PATTERN NO.2702
PASS PATTERN NO.2703
PASS PATTERN NO.2704
PASS PATTERN NO.2705
PASS PATTERN NO.2706
PASS PATTERN NO.2707
PASS PATTERN NO.2708
PASS PATTERN NO.2709
PASS PATTERN NO.2710
PASS PATTERN NO.2711
PASS PATTERN NO.2712
PASS PATTERN NO.2713
PASS PATTERN NO.2714
PASS PATTERN NO.2715
PASS PATTERN NO.2716
PASS PATTERN NO.2717
PASS PATTERN NO.2718
PASS PATTERN NO.2719
PASS PATTERN NO.2720
PASS PATTERN NO.2721
PASS PATTERN NO.2722
PASS PATTERN NO.2723
PASS PATTERN NO.2724
PASS PATTERN NO.2725
PASS PATTERN NO.2726
PASS PATTERN NO.2727
PASS PATTERN NO.2728
PASS PATTERN NO.2729
PASS PATTERN NO.2730
PASS PATTERN NO.2731
PASS PATTERN NO.2732
PASS PATTERN NO.2733
PASS PATTERN NO.2734
PASS PATTERN NO.2735
PASS PATTERN NO.2736
PASS PATTERN NO.2737
PASS PATTERN NO.2738
PASS PATTERN NO.2739
PASS PATTERN NO.2740
PASS PATTERN NO.2741
PASS PATTERN NO.2742
PASS PATTERN NO.2743
PASS PATTERN NO.2744
PASS PATTERN NO.2745
PASS PATTERN NO.2746
PASS PATTERN NO.2747
PASS PATTERN NO.2748
PASS PATTERN NO.2749
PASS PATTERN NO.2750
PASS PATTERN NO.2751
PASS PATTERN NO.2752
PASS PATTERN NO.2753
PASS PATTERN NO.2754
PASS PATTERN NO.2755
PASS PATTERN NO.2756
PASS PATTERN NO.2757
PASS PATTERN NO.2758
PASS PATTERN NO.2759
PASS PATTERN NO.2760
PASS PATTERN NO.2761
PASS PATTERN NO.2762
PASS PATTERN NO.2763
PASS PATTERN NO.2764
PASS PATTERN NO.2765
PASS PATTERN NO.2766
PASS PATTERN NO.2767
PASS PATTERN NO.2768
PASS PATTERN NO.2769
PASS PATTERN NO.2770
PASS PATTERN NO.2771
PASS PATTERN NO.2772
PASS PATTERN NO.2773
PASS PATTERN NO.2774
PASS PATTERN NO.2775
PASS PATTERN NO.2776
PASS PATTERN NO.2777
PASS PATTERN NO.2778
PASS PATTERN NO.2779
PASS PATTERN NO.2780
PASS PATTERN NO.2781
PASS PATTERN NO.2782
PASS PATTERN NO.2783
PASS PATTERN NO.2784
PASS PATTERN NO.2785
PASS PATTERN NO.2786
PASS PATTERN NO.2787
PASS PATTERN NO.2788
PASS PATTERN NO.2789
PASS PATTERN NO.2790
PASS PATTERN NO.2791
PASS PATTERN NO.2792
PASS PATTERN NO.2793
PASS PATTERN NO.2794
PASS PATTERN NO.2795
PASS PATTERN NO.2796
PASS PATTERN NO.2797
PASS PATTERN NO.2798
PASS PATTERN NO.2799
PASS PATTERN NO.2800
PASS PATTERN NO.2801
PASS PATTERN NO.2802
PASS PATTERN NO.2803
PASS PATTERN NO.2804
PASS PATTERN NO.2805
PASS PATTERN NO.2806
PASS PATTERN NO.2807
PASS PATTERN NO.2808
PASS PATTERN NO.2809
PASS PATTERN NO.2810
PASS PATTERN NO.2811
PASS PATTERN NO.2812
PASS PATTERN NO.2813
PASS PATTERN NO.2814
PASS PATTERN NO.2815
PASS PATTERN NO.2816
PASS PATTERN NO.2817
PASS PATTERN NO.2818
PASS PATTERN NO.2819
PASS PATTERN NO.2820
PASS PATTERN NO.2821
PASS PATTERN NO.2822
PASS PATTERN NO.2823
PASS PATTERN NO.2824
PASS PATTERN NO.2825
PASS PATTERN NO.2826
PASS PATTERN NO.2827
PASS PATTERN NO.2828
PASS PATTERN NO.2829
PASS PATTERN NO.2830
PASS PATTERN NO.2831
PASS PATTERN NO.2832
PASS PATTERN NO.2833
PASS PATTERN NO.2834
PASS PATTERN NO.2835
PASS PATTERN NO.2836
PASS PATTERN NO.2837
PASS PATTERN NO.2838
PASS PATTERN NO.2839
PASS PATTERN NO.2840
PASS PATTERN NO.2841
PASS PATTERN NO.2842
PASS PATTERN NO.2843
PASS PATTERN NO.2844
PASS PATTERN NO.2845
PASS PATTERN NO.2846
PASS PATTERN NO.2847
PASS PATTERN NO.2848
PASS PATTERN NO.2849
PASS PATTERN NO.2850
PASS PATTERN NO.2851
PASS PATTERN NO.2852
PASS PATTERN NO.2853
PASS PATTERN NO.2854
PASS PATTERN NO.2855
PASS PATTERN NO.2856
PASS PATTERN NO.2857
PASS PATTERN NO.2858
PASS PATTERN NO.2859
PASS PATTERN NO.2860
PASS PATTERN NO.2861
PASS PATTERN NO.2862
PASS PATTERN NO.2863
PASS PATTERN NO.2864
PASS PATTERN NO.2865
PASS PATTERN NO.2866
PASS PATTERN NO.2867
PASS PATTERN NO.2868
PASS PATTERN NO.2869
PASS PATTERN NO.2870
PASS PATTERN NO.2871
PASS PATTERN NO.2872
PASS PATTERN NO.2873
PASS PATTERN NO.2874
PASS PATTERN NO.2875
PASS PATTERN NO.2876
PASS PATTERN NO.2877
PASS PATTERN NO.2878
PASS PATTERN NO.2879
PASS PATTERN NO.2880
PASS PATTERN NO.2881
PASS PATTERN NO.2882
PASS PATTERN NO.2883
PASS PATTERN NO.2884
PASS PATTERN NO.2885
PASS PATTERN NO.2886
PASS PATTERN NO.2887
PASS PATTERN NO.2888
PASS PATTERN NO.2889
PASS PATTERN NO.2890
PASS PATTERN NO.2891
PASS PATTERN NO.2892
PASS PATTERN NO.2893
PASS PATTERN NO.2894
PASS PATTERN NO.2895
PASS PATTERN NO.2896
PASS PATTERN NO.2897
PASS PATTERN NO.2898
PASS PATTERN NO.2899
PASS PATTERN NO.2900
PASS PATTERN NO.2901
PASS PATTERN NO.2902
PASS PATTERN NO.2903
PASS PATTERN NO.2904
PASS PATTERN NO.2905
PASS PATTERN NO.2906
PASS PATTERN NO.2907
PASS PATTERN NO.2908
PASS PATTERN NO.2909
PASS PATTERN NO.2910
PASS PATTERN NO.2911
PASS PATTERN NO.2912
PASS PATTERN NO.2913
PASS PATTERN NO.2914
PASS PATTERN NO.2915
PASS PATTERN NO.2916
PASS PATTERN NO.2917
PASS PATTERN NO.2918
PASS PATTERN NO.2919
PASS PATTERN NO.2920
PASS PATTERN NO.2921
PASS PATTERN NO.2922
PASS PATTERN NO.2923
PASS PATTERN NO.2924
PASS PATTERN NO.2925
PASS PATTERN NO.2926
PASS PATTERN NO.2927
PASS PATTERN NO.2928
PASS PATTERN NO.2929
PASS PATTERN NO.2930
PASS PATTERN NO.2931
PASS PATTERN NO.2932
PASS PATTERN NO.2933
PASS PATTERN NO.2934
PASS PATTERN NO.2935
PASS PATTERN NO.2936
PASS PATTERN NO.2937
PASS PATTERN NO.2938
PASS PATTERN NO.2939
PASS PATTERN NO.2940
PASS PATTERN NO.2941
PASS PATTERN NO.2942
PASS PATTERN NO.2943
PASS PATTERN NO.2944
PASS PATTERN NO.2945
PASS PATTERN NO.2946
PASS PATTERN NO.2947
PASS PATTERN NO.2948
PASS PATTERN NO.2949
PASS PATTERN NO.2950
PASS PATTERN NO.2951
PASS PATTERN NO.2952
PASS PATTERN NO.2953
PASS PATTERN NO.2954
PASS PATTERN NO.2955
PASS PATTERN NO.2956
PASS PATTERN NO.2957
PASS PATTERN NO.2958
PASS PATTERN NO.2959
PASS PATTERN NO.2960
PASS PATTERN NO.2961
PASS PATTERN NO.2962
PASS PATTERN NO.2963
PASS PATTERN NO.2964
PASS PATTERN NO.2965
PASS PATTERN NO.2966
PASS PATTERN NO.2967
PASS PATTERN NO.2968
PASS PATTERN NO.2969
PASS PATTERN NO.2970
PASS PATTERN NO.2971
PASS PATTERN NO.2972
PASS PATTERN NO.2973
PASS PATTERN NO.2974
PASS PATTERN NO.2975
PASS PATTERN NO.2976
PASS PATTERN NO.2977
PASS PATTERN NO.2978
PASS PATTERN NO.2979
PASS PATTERN NO.2980
PASS PATTERN NO.2981
PASS PATTERN NO.2982
PASS PATTERN NO.2983
PASS PATTERN NO.2984
PASS PATTERN NO.2985
PASS PATTERN NO.2986
PASS PATTERN NO.2987
PASS PATTERN NO.2988
PASS PATTERN NO.2989
PASS PATTERN NO.2990
PASS PATTERN NO.2991
PASS PATTERN NO.2992
PASS PATTERN NO.2993
PASS PATTERN NO.2994
PASS PATTERN NO.2995
PASS PATTERN NO.2996
PASS PATTERN NO.2997
PASS PATTERN NO.2998
PASS PATTERN NO.2999
PASS PATTERN NO.3000
PASS PATTERN NO.3001
PASS PATTERN NO.3002
PASS PATTERN NO.3003
PASS PATTERN NO.3004
PASS PATTERN NO.3005
PASS PATTERN NO.3006
PASS PATTERN NO.3007
PASS PATTERN NO.3008
PASS PATTERN NO.3009
PASS PATTERN NO.3010
PASS PATTERN NO.3011
PASS PATTERN NO.3012
PASS PATTERN NO.3013
PASS PATTERN NO.3014
PASS PATTERN NO.3015
PASS PATTERN NO.3016
PASS PATTERN NO.3017
PASS PATTERN NO.3018
PASS PATTERN NO.3019
PASS PATTERN NO.3020
PASS PATTERN NO.3021
PASS PATTERN NO.3022
PASS PATTERN NO.3023
PASS PATTERN NO.3024
PASS PATTERN NO.3025
PASS PATTERN NO.3026
PASS PATTERN NO.3027
PASS PATTERN NO.3028
PASS PATTERN NO.3029
PASS PATTERN NO.3030
PASS PATTERN NO.3031
PASS PATTERN NO.3032
PASS PATTERN NO.3033
PASS PATTERN NO.3034
PASS PATTERN NO.3035
PASS PATTERN NO.3036
PASS PATTERN NO.3037
PASS PATTERN NO.3038
PASS PATTERN NO.3039
PASS PATTERN NO.3040
PASS PATTERN NO.3041
PASS PATTERN NO.3042
PASS PATTERN NO.3043
PASS PATTERN NO.3044
PASS PATTERN NO.3045
PASS PATTERN NO.3046
PASS PATTERN NO.3047
PASS PATTERN NO.3048
PASS PATTERN NO.3049
PASS PATTERN NO.3050
PASS PATTERN NO.3051
PASS PATTERN NO.3052
PASS PATTERN NO.3053
PASS PATTERN NO.3054
PASS PATTERN NO.3055
PASS PATTERN NO.3056
PASS PATTERN NO.3057
PASS PATTERN NO.3058
PASS PATTERN NO.3059
PASS PATTERN NO.3060
PASS PATTERN NO.3061
PASS PATTERN NO.3062
PASS PATTERN NO.3063
PASS PATTERN NO.3064
PASS PATTERN NO.3065
PASS PATTERN NO.3066
PASS PATTERN NO.3067
PASS PATTERN NO.3068
PASS PATTERN NO.3069
PASS PATTERN NO.3070
PASS PATTERN NO.3071
PASS PATTERN NO.3072
PASS PATTERN NO.3073
PASS PATTERN NO.3074
PASS PATTERN NO.3075
PASS PATTERN NO.3076
PASS PATTERN NO.3077
PASS PATTERN NO.3078
PASS PATTERN NO.3079
PASS PATTERN NO.3080
PASS PATTERN NO.3081
PASS PATTERN NO.3082
PASS PATTERN NO.3083
PASS PATTERN NO.3084
PASS PATTERN NO.3085
PASS PATTERN NO.3086
PASS PATTERN NO.3087
PASS PATTERN NO.3088
PASS PATTERN NO.3089
PASS PATTERN NO.3090
PASS PATTERN NO.3091
PASS PATTERN NO.3092
PASS PATTERN NO.3093
PASS PATTERN NO.3094
PASS PATTERN NO.3095
PASS PATTERN NO.3096
PASS PATTERN NO.3097
PASS PATTERN NO.3098
PASS PATTERN NO.3099
PASS PATTERN NO.3100
PASS PATTERN NO.3101
PASS PATTERN NO.3102
PASS PATTERN NO.3103
PASS PATTERN NO.3104
PASS PATTERN NO.3105
PASS PATTERN NO.3106
PASS PATTERN NO.3107
PASS PATTERN NO.3108
PASS PATTERN NO.3109
PASS PATTERN NO.3110
PASS PATTERN NO.3111
PASS PATTERN NO.3112
PASS PATTERN NO.3113
PASS PATTERN NO.3114
PASS PATTERN NO.3115
PASS PATTERN NO.3116
PASS PATTERN NO.3117
PASS PATTERN NO.3118
PASS PATTERN NO.3119
PASS PATTERN NO.3120
PASS PATTERN NO.3121
PASS PATTERN NO.3122
PASS PATTERN NO.3123
PASS PATTERN NO.3124
PASS PATTERN NO.3125
PASS PATTERN NO.3126
PASS PATTERN NO.3127
PASS PATTERN NO.3128
PASS PATTERN NO.3129
PASS PATTERN NO.3130
PASS PATTERN NO.3131
PASS PATTERN NO.3132
PASS PATTERN NO.3133
PASS PATTERN NO.3134
PASS PATTERN NO.3135
PASS PATTERN NO.3136
PASS PATTERN NO.3137
PASS PATTERN NO.3138
PASS PATTERN NO.3139
PASS PATTERN NO.3140
PASS PATTERN NO.3141
PASS PATTERN NO.3142
PASS PATTERN NO.3143
PASS PATTERN NO.3144
PASS PATTERN NO.3145
PASS PATTERN NO.3146
PASS PATTERN NO.3147
PASS PATTERN NO.3148
PASS PATTERN NO.3149
PASS PATTERN NO.3150
PASS PATTERN NO.3151
PASS PATTERN NO.3152
PASS PATTERN NO.3153
PASS PATTERN NO.3154
PASS PATTERN NO.3155
PASS PATTERN NO.3156
PASS PATTERN NO.3157
PASS PATTERN NO.3158
PASS PATTERN NO.3159
PASS PATTERN NO.3160
PASS PATTERN NO.3161
PASS PATTERN NO.3162
PASS PATTERN NO.3163
PASS PATTERN NO.3164
PASS PATTERN NO.3165
PASS PATTERN NO.3166
PASS PATTERN NO.3167
PASS PATTERN NO.3168
PASS PATTERN NO.3169
PASS PATTERN NO.3170
PASS PATTERN NO.3171
PASS PATTERN NO.3172
PASS PATTERN NO.3173
PASS PATTERN NO.3174
PASS PATTERN NO.3175
PASS PATTERN NO.3176
PASS PATTERN NO.3177
PASS PATTERN NO.3178
PASS PATTERN NO.3179
PASS PATTERN NO.3180
PASS PATTERN NO.3181
PASS PATTERN NO.3182
PASS PATTERN NO.3183
PASS PATTERN NO.3184
PASS PATTERN NO.3185
PASS PATTERN NO.3186
PASS PATTERN NO.3187
PASS PATTERN NO.3188
PASS PATTERN NO.3189
PASS PATTERN NO.3190
PASS PATTERN NO.3191
PASS PATTERN NO.3192
PASS PATTERN NO.3193
PASS PATTERN NO.3194
PASS PATTERN NO.3195
PASS PATTERN NO.3196
PASS PATTERN NO.3197
PASS PATTERN NO.3198
PASS PATTERN NO.3199
PASS PATTERN NO.3200
PASS PATTERN NO.3201
PASS PATTERN NO.3202
PASS PATTERN NO.3203
PASS PATTERN NO.3204
PASS PATTERN NO.3205
PASS PATTERN NO.3206
PASS PATTERN NO.3207
PASS PATTERN NO.3208
PASS PATTERN NO.3209
PASS PATTERN NO.3210
PASS PATTERN NO.3211
PASS PATTERN NO.3212
PASS PATTERN NO.3213
PASS PATTERN NO.3214
PASS PATTERN NO.3215
PASS PATTERN NO.3216
PASS PATTERN NO.3217
PASS PATTERN NO.3218
PASS PATTERN NO.3219
PASS PATTERN NO.3220
PASS PATTERN NO.3221
PASS PATTERN NO.3222
PASS PATTERN NO.3223
PASS PATTERN NO.3224
PASS PATTERN NO.3225
PASS PATTERN NO.3226
PASS PATTERN NO.3227
PASS PATTERN NO.3228
PASS PATTERN NO.3229
PASS PATTERN NO.3230
PASS PATTERN NO.3231
PASS PATTERN NO.3232
PASS PATTERN NO.3233
PASS PATTERN NO.3234
PASS PATTERN NO.3235
PASS PATTERN NO.3236
PASS PATTERN NO.3237
PASS PATTERN NO.3238
PASS PATTERN NO.3239
PASS PATTERN NO.3240
PASS PATTERN NO.3241
PASS PATTERN NO.3242
PASS PATTERN NO.3243
PASS PATTERN NO.3244
PASS PATTERN NO.3245
PASS PATTERN NO.3246
PASS PATTERN NO.3247
PASS PATTERN NO.3248
PASS PATTERN NO.3249
PASS PATTERN NO.3250
PASS PATTERN NO.3251
PASS PATTERN NO.3252
PASS PATTERN NO.3253
PASS PATTERN NO.3254
PASS PATTERN NO.3255
PASS PATTERN NO.3256
PASS PATTERN NO.3257
PASS PATTERN NO.3258
PASS PATTERN NO.3259
PASS PATTERN NO.3260
PASS PATTERN NO.3261
PASS PATTERN NO.3262
PASS PATTERN NO.3263
PASS PATTERN NO.3264
PASS PATTERN NO.3265
PASS PATTERN NO.3266
PASS PATTERN NO.3267
PASS PATTERN NO.3268
PASS PATTERN NO.3269
PASS PATTERN NO.3270
PASS PATTERN NO.3271
PASS PATTERN NO.3272
PASS PATTERN NO.3273
PASS PATTERN NO.3274
PASS PATTERN NO.3275
PASS PATTERN NO.3276
PASS PATTERN NO.3277
PASS PATTERN NO.3278
PASS PATTERN NO.3279
PASS PATTERN NO.3280
PASS PATTERN NO.3281
PASS PATTERN NO.3282
PASS PATTERN NO.3283
PASS PATTERN NO.3284
PASS PATTERN NO.3285
PASS PATTERN NO.3286
PASS PATTERN NO.3287
PASS PATTERN NO.3288
PASS PATTERN NO.3289
PASS PATTERN NO.3290
PASS PATTERN NO.3291
PASS PATTERN NO.3292
PASS PATTERN NO.3293
PASS PATTERN NO.3294
PASS PATTERN NO.3295
PASS PATTERN NO.3296
PASS PATTERN NO.3297
PASS PATTERN NO.3298
PASS PATTERN NO.3299
PASS PATTERN NO.3300
PASS PATTERN NO.3301
PASS PATTERN NO.3302
PASS PATTERN NO.3303
PASS PATTERN NO.3304
PASS PATTERN NO.3305
PASS PATTERN NO.3306
PASS PATTERN NO.3307
PASS PATTERN NO.3308
PASS PATTERN NO.3309
PASS PATTERN NO.3310
PASS PATTERN NO.3311
PASS PATTERN NO.3312
PASS PATTERN NO.3313
PASS PATTERN NO.3314
PASS PATTERN NO.3315
PASS PATTERN NO.3316
PASS PATTERN NO.3317
PASS PATTERN NO.3318
PASS PATTERN NO.3319
PASS PATTERN NO.3320
PASS PATTERN NO.3321
PASS PATTERN NO.3322
PASS PATTERN NO.3323
PASS PATTERN NO.3324
PASS PATTERN NO.3325
PASS PATTERN NO.3326
PASS PATTERN NO.3327
PASS PATTERN NO.3328
PASS PATTERN NO.3329
PASS PATTERN NO.3330
PASS PATTERN NO.3331
PASS PATTERN NO.3332
PASS PATTERN NO.3333
PASS PATTERN NO.3334
PASS PATTERN NO.3335
PASS PATTERN NO.3336
PASS PATTERN NO.3337
PASS PATTERN NO.3338
PASS PATTERN NO.3339
PASS PATTERN NO.3340
PASS PATTERN NO.3341
PASS PATTERN NO.3342
PASS PATTERN NO.3343
PASS PATTERN NO.3344
PASS PATTERN NO.3345
PASS PATTERN NO.3346
PASS PATTERN NO.3347
PASS PATTERN NO.3348
PASS PATTERN NO.3349
PASS PATTERN NO.3350
PASS PATTERN NO.3351
PASS PATTERN NO.3352
PASS PATTERN NO.3353
PASS PATTERN NO.3354
PASS PATTERN NO.3355
PASS PATTERN NO.3356
PASS PATTERN NO.3357
PASS PATTERN NO.3358
PASS PATTERN NO.3359
PASS PATTERN NO.3360
PASS PATTERN NO.3361
PASS PATTERN NO.3362
PASS PATTERN NO.3363
PASS PATTERN NO.3364
PASS PATTERN NO.3365
PASS PATTERN NO.3366
PASS PATTERN NO.3367
PASS PATTERN NO.3368
PASS PATTERN NO.3369
PASS PATTERN NO.3370
PASS PATTERN NO.3371
PASS PATTERN NO.3372
PASS PATTERN NO.3373
PASS PATTERN NO.3374
PASS PATTERN NO.3375
PASS PATTERN NO.3376
PASS PATTERN NO.3377
PASS PATTERN NO.3378
PASS PATTERN NO.3379
PASS PATTERN NO.3380
PASS PATTERN NO.3381
PASS PATTERN NO.3382
PASS PATTERN NO.3383
PASS PATTERN NO.3384
PASS PATTERN NO.3385
PASS PATTERN NO.3386
PASS PATTERN NO.3387
PASS PATTERN NO.3388
PASS PATTERN NO.3389
PASS PATTERN NO.3390
PASS PATTERN NO.3391
PASS PATTERN NO.3392
PASS PATTERN NO.3393
PASS PATTERN NO.3394
PASS PATTERN NO.3395
PASS PATTERN NO.3396
PASS PATTERN NO.3397
PASS PATTERN NO.3398
PASS PATTERN NO.3399
PASS PATTERN NO.3400
PASS PATTERN NO.3401
PASS PATTERN NO.3402
PASS PATTERN NO.3403
PASS PATTERN NO.3404
PASS PATTERN NO.3405
PASS PATTERN NO.3406
PASS PATTERN NO.3407
PASS PATTERN NO.3408
PASS PATTERN NO.3409
PASS PATTERN NO.3410
PASS PATTERN NO.3411
PASS PATTERN NO.3412
PASS PATTERN NO.3413
PASS PATTERN NO.3414
PASS PATTERN NO.3415
PASS PATTERN NO.3416
PASS PATTERN NO.3417
PASS PATTERN NO.3418
PASS PATTERN NO.3419
PASS PATTERN NO.3420
PASS PATTERN NO.3421
PASS PATTERN NO.3422
PASS PATTERN NO.3423
PASS PATTERN NO.3424
PASS PATTERN NO.3425
PASS PATTERN NO.3426
PASS PATTERN NO.3427
PASS PATTERN NO.3428
PASS PATTERN NO.3429
PASS PATTERN NO.3430
PASS PATTERN NO.3431
PASS PATTERN NO.3432
PASS PATTERN NO.3433
PASS PATTERN NO.3434
PASS PATTERN NO.3435
PASS PATTERN NO.3436
PASS PATTERN NO.3437
PASS PATTERN NO.3438
PASS PATTERN NO.3439
PASS PATTERN NO.3440
PASS PATTERN NO.3441
PASS PATTERN NO.3442
PASS PATTERN NO.3443
PASS PATTERN NO.3444
PASS PATTERN NO.3445
PASS PATTERN NO.3446
PASS PATTERN NO.3447
PASS PATTERN NO.3448
PASS PATTERN NO.3449
PASS PATTERN NO.3450
PASS PATTERN NO.3451
PASS PATTERN NO.3452
PASS PATTERN NO.3453
PASS PATTERN NO.3454
PASS PATTERN NO.3455
PASS PATTERN NO.3456
PASS PATTERN NO.3457
PASS PATTERN NO.3458
PASS PATTERN NO.3459
PASS PATTERN NO.3460
PASS PATTERN NO.3461
PASS PATTERN NO.3462
PASS PATTERN NO.3463
PASS PATTERN NO.3464
PASS PATTERN NO.3465
PASS PATTERN NO.3466
PASS PATTERN NO.3467
PASS PATTERN NO.3468
PASS PATTERN NO.3469
PASS PATTERN NO.3470
PASS PATTERN NO.3471
PASS PATTERN NO.3472
PASS PATTERN NO.3473
PASS PATTERN NO.3474
PASS PATTERN NO.3475
PASS PATTERN NO.3476
PASS PATTERN NO.3477
PASS PATTERN NO.3478
PASS PATTERN NO.3479
PASS PATTERN NO.3480
PASS PATTERN NO.3481
PASS PATTERN NO.3482
PASS PATTERN NO.3483
PASS PATTERN NO.3484
PASS PATTERN NO.3485
PASS PATTERN NO.3486
PASS PATTERN NO.3487
PASS PATTERN NO.3488
PASS PATTERN NO.3489
PASS PATTERN NO.3490
PASS PATTERN NO.3491
PASS PATTERN NO.3492
PASS PATTERN NO.3493
PASS PATTERN NO.3494
PASS PATTERN NO.3495
PASS PATTERN NO.3496
PASS PATTERN NO.3497
PASS PATTERN NO.3498
PASS PATTERN NO.3499
PASS PATTERN NO.3500
PASS PATTERN NO.3501
PASS PATTERN NO.3502
PASS PATTERN NO.3503
PASS PATTERN NO.3504
PASS PATTERN NO.3505
PASS PATTERN NO.3506
PASS PATTERN NO.3507
PASS PATTERN NO.3508
PASS PATTERN NO.3509
PASS PATTERN NO.3510
PASS PATTERN NO.3511
PASS PATTERN NO.3512
PASS PATTERN NO.3513
PASS PATTERN NO.3514
PASS PATTERN NO.3515
PASS PATTERN NO.3516
PASS PATTERN NO.3517
PASS PATTERN NO.3518
PASS PATTERN NO.3519
PASS PATTERN NO.3520
PASS PATTERN NO.3521
PASS PATTERN NO.3522
PASS PATTERN NO.3523
PASS PATTERN NO.3524
PASS PATTERN NO.3525
PASS PATTERN NO.3526
PASS PATTERN NO.3527
PASS PATTERN NO.3528
PASS PATTERN NO.3529
PASS PATTERN NO.3530
PASS PATTERN NO.3531
PASS PATTERN NO.3532
PASS PATTERN NO.3533
PASS PATTERN NO.3534
PASS PATTERN NO.3535
PASS PATTERN NO.3536
PASS PATTERN NO.3537
PASS PATTERN NO.3538
PASS PATTERN NO.3539
PASS PATTERN NO.3540
PASS PATTERN NO.3541
PASS PATTERN NO.3542
PASS PATTERN NO.3543
PASS PATTERN NO.3544
PASS PATTERN NO.3545
PASS PATTERN NO.3546
PASS PATTERN NO.3547
PASS PATTERN NO.3548
PASS PATTERN NO.3549
PASS PATTERN NO.3550
PASS PATTERN NO.3551
PASS PATTERN NO.3552
PASS PATTERN NO.3553
PASS PATTERN NO.3554
PASS PATTERN NO.3555
PASS PATTERN NO.3556
PASS PATTERN NO.3557
PASS PATTERN NO.3558
PASS PATTERN NO.3559
PASS PATTERN NO.3560
PASS PATTERN NO.3561
PASS PATTERN NO.3562
PASS PATTERN NO.3563
PASS PATTERN NO.3564
PASS PATTERN NO.3565
PASS PATTERN NO.3566
PASS PATTERN NO.3567
PASS PATTERN NO.3568
PASS PATTERN NO.3569
PASS PATTERN NO.3570
PASS PATTERN NO.3571
PASS PATTERN NO.3572
PASS PATTERN NO.3573
PASS PATTERN NO.3574
PASS PATTERN NO.3575
PASS PATTERN NO.3576
PASS PATTERN NO.3577
PASS PATTERN NO.3578
PASS PATTERN NO.3579
PASS PATTERN NO.3580
PASS PATTERN NO.3581
PASS PATTERN NO.3582
PASS PATTERN NO.3583
PASS PATTERN NO.3584
PASS PATTERN NO.3585
PASS PATTERN NO.3586
PASS PATTERN NO.3587
PASS PATTERN NO.3588
PASS PATTERN NO.3589
PASS PATTERN NO.3590
PASS PATTERN NO.3591
PASS PATTERN NO.3592
PASS PATTERN NO.3593
PASS PATTERN NO.3594
PASS PATTERN NO.3595
PASS PATTERN NO.3596
PASS PATTERN NO.3597
PASS PATTERN NO.3598
PASS PATTERN NO.3599
PASS PATTERN NO.3600
PASS PATTERN NO.3601
PASS PATTERN NO.3602
PASS PATTERN NO.3603
PASS PATTERN NO.3604
PASS PATTERN NO.3605
PASS PATTERN NO.3606
PASS PATTERN NO.3607
PASS PATTERN NO.3608
PASS PATTERN NO.3609
PASS PATTERN NO.3610
PASS PATTERN NO.3611
PASS PATTERN NO.3612
PASS PATTERN NO.3613
PASS PATTERN NO.3614
PASS PATTERN NO.3615
PASS PATTERN NO.3616
PASS PATTERN NO.3617
PASS PATTERN NO.3618
PASS PATTERN NO.3619
PASS PATTERN NO.3620
PASS PATTERN NO.3621
PASS PATTERN NO.3622
PASS PATTERN NO.3623
PASS PATTERN NO.3624
PASS PATTERN NO.3625
PASS PATTERN NO.3626
PASS PATTERN NO.3627
PASS PATTERN NO.3628
PASS PATTERN NO.3629
PASS PATTERN NO.3630
PASS PATTERN NO.3631
PASS PATTERN NO.3632
PASS PATTERN NO.3633
PASS PATTERN NO.3634
PASS PATTERN NO.3635
PASS PATTERN NO.3636
PASS PATTERN NO.3637
PASS PATTERN NO.3638
PASS PATTERN NO.3639
PASS PATTERN NO.3640
PASS PATTERN NO.3641
PASS PATTERN NO.3642
PASS PATTERN NO.3643
PASS PATTERN NO.3644
PASS PATTERN NO.3645
PASS PATTERN NO.3646
PASS PATTERN NO.3647
PASS PATTERN NO.3648
PASS PATTERN NO.3649
PASS PATTERN NO.3650
PASS PATTERN NO.3651
PASS PATTERN NO.3652
PASS PATTERN NO.3653
PASS PATTERN NO.3654
PASS PATTERN NO.3655
PASS PATTERN NO.3656
PASS PATTERN NO.3657
PASS PATTERN NO.3658
PASS PATTERN NO.3659
PASS PATTERN NO.3660
PASS PATTERN NO.3661
PASS PATTERN NO.3662
PASS PATTERN NO.3663
PASS PATTERN NO.3664
PASS PATTERN NO.3665
PASS PATTERN NO.3666
PASS PATTERN NO.3667
PASS PATTERN NO.3668
PASS PATTERN NO.3669
PASS PATTERN NO.3670
PASS PATTERN NO.3671
PASS PATTERN NO.3672
PASS PATTERN NO.3673
PASS PATTERN NO.3674
PASS PATTERN NO.3675
PASS PATTERN NO.3676
PASS PATTERN NO.3677
PASS PATTERN NO.3678
PASS PATTERN NO.3679
PASS PATTERN NO.3680
PASS PATTERN NO.3681
PASS PATTERN NO.3682
PASS PATTERN NO.3683
PASS PATTERN NO.3684
PASS PATTERN NO.3685
PASS PATTERN NO.3686
PASS PATTERN NO.3687
PASS PATTERN NO.3688
PASS PATTERN NO.3689
PASS PATTERN NO.3690
PASS PATTERN NO.3691
PASS PATTERN NO.3692
PASS PATTERN NO.3693
PASS PATTERN NO.3694
PASS PATTERN NO.3695
PASS PATTERN NO.3696
PASS PATTERN NO.3697
PASS PATTERN NO.3698
PASS PATTERN NO.3699
PASS PATTERN NO.3700
PASS PATTERN NO.3701
PASS PATTERN NO.3702
PASS PATTERN NO.3703
PASS PATTERN NO.3704
PASS PATTERN NO.3705
PASS PATTERN NO.3706
PASS PATTERN NO.3707
PASS PATTERN NO.3708
PASS PATTERN NO.3709
PASS PATTERN NO.3710
PASS PATTERN NO.3711
PASS PATTERN NO.3712
PASS PATTERN NO.3713
PASS PATTERN NO.3714
PASS PATTERN NO.3715
PASS PATTERN NO.3716
PASS PATTERN NO.3717
PASS PATTERN NO.3718
PASS PATTERN NO.3719
PASS PATTERN NO.3720
PASS PATTERN NO.3721
PASS PATTERN NO.3722
PASS PATTERN NO.3723
PASS PATTERN NO.3724
PASS PATTERN NO.3725
PASS PATTERN NO.3726
PASS PATTERN NO.3727
PASS PATTERN NO.3728
PASS PATTERN NO.3729
PASS PATTERN NO.3730
PASS PATTERN NO.3731
PASS PATTERN NO.3732
PASS PATTERN NO.3733
PASS PATTERN NO.3734
PASS PATTERN NO.3735
PASS PATTERN NO.3736
PASS PATTERN NO.3737
PASS PATTERN NO.3738
PASS PATTERN NO.3739
PASS PATTERN NO.3740
PASS PATTERN NO.3741
PASS PATTERN NO.3742
PASS PATTERN NO.3743
PASS PATTERN NO.3744
PASS PATTERN NO.3745
PASS PATTERN NO.3746
PASS PATTERN NO.3747
PASS PATTERN NO.3748
PASS PATTERN NO.3749
PASS PATTERN NO.3750
PASS PATTERN NO.3751
PASS PATTERN NO.3752
PASS PATTERN NO.3753
PASS PATTERN NO.3754
PASS PATTERN NO.3755
PASS PATTERN NO.3756
PASS PATTERN NO.3757
PASS PATTERN NO.3758
PASS PATTERN NO.3759
PASS PATTERN NO.3760
PASS PATTERN NO.3761
PASS PATTERN NO.3762
PASS PATTERN NO.3763
PASS PATTERN NO.3764
PASS PATTERN NO.3765
PASS PATTERN NO.3766
PASS PATTERN NO.3767
PASS PATTERN NO.3768
PASS PATTERN NO.3769
PASS PATTERN NO.3770
PASS PATTERN NO.3771
PASS PATTERN NO.3772
PASS PATTERN NO.3773
PASS PATTERN NO.3774
PASS PATTERN NO.3775
PASS PATTERN NO.3776
PASS PATTERN NO.3777
PASS PATTERN NO.3778
PASS PATTERN NO.3779
PASS PATTERN NO.3780
PASS PATTERN NO.3781
PASS PATTERN NO.3782
PASS PATTERN NO.3783
PASS PATTERN NO.3784
PASS PATTERN NO.3785
PASS PATTERN NO.3786
PASS PATTERN NO.3787
PASS PATTERN NO.3788
PASS PATTERN NO.3789
PASS PATTERN NO.3790
PASS PATTERN NO.3791
PASS PATTERN NO.3792
PASS PATTERN NO.3793
PASS PATTERN NO.3794
PASS PATTERN NO.3795
PASS PATTERN NO.3796
PASS PATTERN NO.3797
PASS PATTERN NO.3798
PASS PATTERN NO.3799
PASS PATTERN NO.3800
PASS PATTERN NO.3801
PASS PATTERN NO.3802
PASS PATTERN NO.3803
PASS PATTERN NO.3804
PASS PATTERN NO.3805
PASS PATTERN NO.3806
PASS PATTERN NO.3807
PASS PATTERN NO.3808
PASS PATTERN NO.3809
PASS PATTERN NO.3810
PASS PATTERN NO.3811
PASS PATTERN NO.3812
PASS PATTERN NO.3813
PASS PATTERN NO.3814
PASS PATTERN NO.3815
PASS PATTERN NO.3816
PASS PATTERN NO.3817
PASS PATTERN NO.3818
PASS PATTERN NO.3819
PASS PATTERN NO.3820
PASS PATTERN NO.3821
PASS PATTERN NO.3822
PASS PATTERN NO.3823
PASS PATTERN NO.3824
PASS PATTERN NO.3825
PASS PATTERN NO.3826
PASS PATTERN NO.3827
PASS PATTERN NO.3828
PASS PATTERN NO.3829
PASS PATTERN NO.3830
PASS PATTERN NO.3831
PASS PATTERN NO.3832
PASS PATTERN NO.3833
PASS PATTERN NO.3834
PASS PATTERN NO.3835
PASS PATTERN NO.3836
PASS PATTERN NO.3837
PASS PATTERN NO.3838
PASS PATTERN NO.3839
PASS PATTERN NO.3840
PASS PATTERN NO.3841
PASS PATTERN NO.3842
PASS PATTERN NO.3843
PASS PATTERN NO.3844
PASS PATTERN NO.3845
PASS PATTERN NO.3846
PASS PATTERN NO.3847
PASS PATTERN NO.3848
PASS PATTERN NO.3849
PASS PATTERN NO.3850
PASS PATTERN NO.3851
PASS PATTERN NO.3852
PASS PATTERN NO.3853
PASS PATTERN NO.3854
PASS PATTERN NO.3855
PASS PATTERN NO.3856
PASS PATTERN NO.3857
PASS PATTERN NO.3858
PASS PATTERN NO.3859
PASS PATTERN NO.3860
PASS PATTERN NO.3861
PASS PATTERN NO.3862
PASS PATTERN NO.3863
PASS PATTERN NO.3864
PASS PATTERN NO.3865
PASS PATTERN NO.3866
PASS PATTERN NO.3867
PASS PATTERN NO.3868
PASS PATTERN NO.3869
PASS PATTERN NO.3870
PASS PATTERN NO.3871
PASS PATTERN NO.3872
PASS PATTERN NO.3873
PASS PATTERN NO.3874
PASS PATTERN NO.3875
PASS PATTERN NO.3876
PASS PATTERN NO.3877
PASS PATTERN NO.3878
PASS PATTERN NO.3879
PASS PATTERN NO.3880
PASS PATTERN NO.3881
PASS PATTERN NO.3882
PASS PATTERN NO.3883
PASS PATTERN NO.3884
PASS PATTERN NO.3885
PASS PATTERN NO.3886
PASS PATTERN NO.3887
PASS PATTERN NO.3888
PASS PATTERN NO.3889
PASS PATTERN NO.3890
PASS PATTERN NO.3891
PASS PATTERN NO.3892
PASS PATTERN NO.3893
PASS PATTERN NO.3894
PASS PATTERN NO.3895
PASS PATTERN NO.3896
PASS PATTERN NO.3897
PASS PATTERN NO.3898
PASS PATTERN NO.3899
PASS PATTERN NO.3900
PASS PATTERN NO.3901
PASS PATTERN NO.3902
PASS PATTERN NO.3903
PASS PATTERN NO.3904
PASS PATTERN NO.3905
PASS PATTERN NO.3906
PASS PATTERN NO.3907
PASS PATTERN NO.3908
PASS PATTERN NO.3909
PASS PATTERN NO.3910
PASS PATTERN NO.3911
PASS PATTERN NO.3912
PASS PATTERN NO.3913
PASS PATTERN NO.3914
PASS PATTERN NO.3915
PASS PATTERN NO.3916
PASS PATTERN NO.3917
PASS PATTERN NO.3918
PASS PATTERN NO.3919
PASS PATTERN NO.3920
PASS PATTERN NO.3921
PASS PATTERN NO.3922
PASS PATTERN NO.3923
PASS PATTERN NO.3924
PASS PATTERN NO.3925
PASS PATTERN NO.3926
PASS PATTERN NO.3927
PASS PATTERN NO.3928
PASS PATTERN NO.3929
PASS PATTERN NO.3930
PASS PATTERN NO.3931
PASS PATTERN NO.3932
PASS PATTERN NO.3933
PASS PATTERN NO.3934
PASS PATTERN NO.3935
PASS PATTERN NO.3936
PASS PATTERN NO.3937
PASS PATTERN NO.3938
PASS PATTERN NO.3939
PASS PATTERN NO.3940
PASS PATTERN NO.3941
PASS PATTERN NO.3942
PASS PATTERN NO.3943
PASS PATTERN NO.3944
PASS PATTERN NO.3945
PASS PATTERN NO.3946
PASS PATTERN NO.3947
PASS PATTERN NO.3948
PASS PATTERN NO.3949
PASS PATTERN NO.3950
PASS PATTERN NO.3951
PASS PATTERN NO.3952
PASS PATTERN NO.3953
PASS PATTERN NO.3954
PASS PATTERN NO.3955
PASS PATTERN NO.3956
PASS PATTERN NO.3957
PASS PATTERN NO.3958
PASS PATTERN NO.3959
PASS PATTERN NO.3960
PASS PATTERN NO.3961
PASS PATTERN NO.3962
PASS PATTERN NO.3963
PASS PATTERN NO.3964
PASS PATTERN NO.3965
PASS PATTERN NO.3966
PASS PATTERN NO.3967
PASS PATTERN NO.3968
PASS PATTERN NO.3969
PASS PATTERN NO.3970
PASS PATTERN NO.3971
PASS PATTERN NO.3972
PASS PATTERN NO.3973
PASS PATTERN NO.3974
PASS PATTERN NO.3975
PASS PATTERN NO.3976
PASS PATTERN NO.3977
PASS PATTERN NO.3978
PASS PATTERN NO.3979
PASS PATTERN NO.3980
PASS PATTERN NO.3981
PASS PATTERN NO.3982
PASS PATTERN NO.3983
PASS PATTERN NO.3984
PASS PATTERN NO.3985
PASS PATTERN NO.3986
PASS PATTERN NO.3987
PASS PATTERN NO.3988
PASS PATTERN NO.3989
PASS PATTERN NO.3990
PASS PATTERN NO.3991
PASS PATTERN NO.3992
PASS PATTERN NO.3993
PASS PATTERN NO.3994
PASS PATTERN NO.3995
PASS PATTERN NO.3996
PASS PATTERN NO.3997
PASS PATTERN NO.3998
PASS PATTERN NO.3999
PASS PATTERN NO.4000
PASS PATTERN NO.4001
PASS PATTERN NO.4002
PASS PATTERN NO.4003
PASS PATTERN NO.4004
PASS PATTERN NO.4005
PASS PATTERN NO.4006
PASS PATTERN NO.4007
PASS PATTERN NO.4008
PASS PATTERN NO.4009
PASS PATTERN NO.4010
PASS PATTERN NO.4011
PASS PATTERN NO.4012
PASS PATTERN NO.4013
PASS PATTERN NO.4014
PASS PATTERN NO.4015
PASS PATTERN NO.4016
PASS PATTERN NO.4017
PASS PATTERN NO.4018
PASS PATTERN NO.4019
PASS PATTERN NO.4020
PASS PATTERN NO.4021
PASS PATTERN NO.4022
PASS PATTERN NO.4023
PASS PATTERN NO.4024
PASS PATTERN NO.4025
PASS PATTERN NO.4026
PASS PATTERN NO.4027
PASS PATTERN NO.4028
PASS PATTERN NO.4029
PASS PATTERN NO.4030
PASS PATTERN NO.4031
PASS PATTERN NO.4032
PASS PATTERN NO.4033
PASS PATTERN NO.4034
PASS PATTERN NO.4035
PASS PATTERN NO.4036
PASS PATTERN NO.4037
PASS PATTERN NO.4038
PASS PATTERN NO.4039
PASS PATTERN NO.4040
PASS PATTERN NO.4041
PASS PATTERN NO.4042
PASS PATTERN NO.4043
PASS PATTERN NO.4044
PASS PATTERN NO.4045
PASS PATTERN NO.4046
PASS PATTERN NO.4047
PASS PATTERN NO.4048
PASS PATTERN NO.4049
PASS PATTERN NO.4050
PASS PATTERN NO.4051
PASS PATTERN NO.4052
PASS PATTERN NO.4053
PASS PATTERN NO.4054
PASS PATTERN NO.4055
PASS PATTERN NO.4056
PASS PATTERN NO.4057
PASS PATTERN NO.4058
PASS PATTERN NO.4059
PASS PATTERN NO.4060
PASS PATTERN NO.4061
PASS PATTERN NO.4062
PASS PATTERN NO.4063
PASS PATTERN NO.4064
PASS PATTERN NO.4065
PASS PATTERN NO.4066
PASS PATTERN NO.4067
PASS PATTERN NO.4068
PASS PATTERN NO.4069
PASS PATTERN NO.4070
PASS PATTERN NO.4071
PASS PATTERN NO.4072
PASS PATTERN NO.4073
PASS PATTERN NO.4074
PASS PATTERN NO.4075
PASS PATTERN NO.4076
PASS PATTERN NO.4077
PASS PATTERN NO.4078
PASS PATTERN NO.4079
PASS PATTERN NO.4080
PASS PATTERN NO.4081
PASS PATTERN NO.4082
PASS PATTERN NO.4083
PASS PATTERN NO.4084
PASS PATTERN NO.4085
PASS PATTERN NO.4086
PASS PATTERN NO.4087
PASS PATTERN NO.4088
PASS PATTERN NO.4089
PASS PATTERN NO.4090
PASS PATTERN NO.4091
PASS PATTERN NO.4092
PASS PATTERN NO.4093
PASS PATTERN NO.4094
PASS PATTERN NO.4095
PASS PATTERN NO.4096
PASS PATTERN NO.4097
PASS PATTERN NO.4098
PASS PATTERN NO.4099
PASS PATTERN NO.4100
PASS PATTERN NO.4101
PASS PATTERN NO.4102
PASS PATTERN NO.4103
PASS PATTERN NO.4104
PASS PATTERN NO.4105
PASS PATTERN NO.4106
PASS PATTERN NO.4107
PASS PATTERN NO.4108
PASS PATTERN NO.4109
PASS PATTERN NO.4110
PASS PATTERN NO.4111
PASS PATTERN NO.4112
PASS PATTERN NO.4113
PASS PATTERN NO.4114
PASS PATTERN NO.4115
PASS PATTERN NO.4116
PASS PATTERN NO.4117
PASS PATTERN NO.4118
PASS PATTERN NO.4119
PASS PATTERN NO.4120
PASS PATTERN NO.4121
PASS PATTERN NO.4122
PASS PATTERN NO.4123
PASS PATTERN NO.4124
PASS PATTERN NO.4125
PASS PATTERN NO.4126
PASS PATTERN NO.4127
PASS PATTERN NO.4128
PASS PATTERN NO.4129
PASS PATTERN NO.4130
PASS PATTERN NO.4131
PASS PATTERN NO.4132
PASS PATTERN NO.4133
PASS PATTERN NO.4134
PASS PATTERN NO.4135
PASS PATTERN NO.4136
PASS PATTERN NO.4137
PASS PATTERN NO.4138
PASS PATTERN NO.4139
PASS PATTERN NO.4140
PASS PATTERN NO.4141
PASS PATTERN NO.4142
PASS PATTERN NO.4143
PASS PATTERN NO.4144
PASS PATTERN NO.4145
PASS PATTERN NO.4146
PASS PATTERN NO.4147
PASS PATTERN NO.4148
PASS PATTERN NO.4149
PASS PATTERN NO.4150
PASS PATTERN NO.4151
PASS PATTERN NO.4152
PASS PATTERN NO.4153
PASS PATTERN NO.4154
PASS PATTERN NO.4155
PASS PATTERN NO.4156
PASS PATTERN NO.4157
PASS PATTERN NO.4158
PASS PATTERN NO.4159
PASS PATTERN NO.4160
PASS PATTERN NO.4161
PASS PATTERN NO.4162
PASS PATTERN NO.4163
PASS PATTERN NO.4164
PASS PATTERN NO.4165
PASS PATTERN NO.4166
PASS PATTERN NO.4167
PASS PATTERN NO.4168
PASS PATTERN NO.4169
PASS PATTERN NO.4170
PASS PATTERN NO.4171
PASS PATTERN NO.4172
PASS PATTERN NO.4173
PASS PATTERN NO.4174
PASS PATTERN NO.4175
PASS PATTERN NO.4176
PASS PATTERN NO.4177
PASS PATTERN NO.4178
PASS PATTERN NO.4179
PASS PATTERN NO.4180
PASS PATTERN NO.4181
PASS PATTERN NO.4182
PASS PATTERN NO.4183
PASS PATTERN NO.4184
PASS PATTERN NO.4185
PASS PATTERN NO.4186
PASS PATTERN NO.4187
PASS PATTERN NO.4188
PASS PATTERN NO.4189
PASS PATTERN NO.4190
PASS PATTERN NO.4191
PASS PATTERN NO.4192
PASS PATTERN NO.4193
PASS PATTERN NO.4194
PASS PATTERN NO.4195
PASS PATTERN NO.4196
PASS PATTERN NO.4197
PASS PATTERN NO.4198
PASS PATTERN NO.4199
PASS PATTERN NO.4200
PASS PATTERN NO.4201
PASS PATTERN NO.4202
PASS PATTERN NO.4203
PASS PATTERN NO.4204
PASS PATTERN NO.4205
PASS PATTERN NO.4206
PASS PATTERN NO.4207
PASS PATTERN NO.4208
PASS PATTERN NO.4209
PASS PATTERN NO.4210
PASS PATTERN NO.4211
PASS PATTERN NO.4212
PASS PATTERN NO.4213
PASS PATTERN NO.4214
PASS PATTERN NO.4215
PASS PATTERN NO.4216
PASS PATTERN NO.4217
PASS PATTERN NO.4218
PASS PATTERN NO.4219
PASS PATTERN NO.4220
PASS PATTERN NO.4221
PASS PATTERN NO.4222
PASS PATTERN NO.4223
PASS PATTERN NO.4224
PASS PATTERN NO.4225
PASS PATTERN NO.4226
PASS PATTERN NO.4227
PASS PATTERN NO.4228
PASS PATTERN NO.4229
PASS PATTERN NO.4230
PASS PATTERN NO.4231
PASS PATTERN NO.4232
PASS PATTERN NO.4233
PASS PATTERN NO.4234
PASS PATTERN NO.4235
PASS PATTERN NO.4236
PASS PATTERN NO.4237
PASS PATTERN NO.4238
PASS PATTERN NO.4239
PASS PATTERN NO.4240
PASS PATTERN NO.4241
PASS PATTERN NO.4242
PASS PATTERN NO.4243
PASS PATTERN NO.4244
PASS PATTERN NO.4245
PASS PATTERN NO.4246
PASS PATTERN NO.4247
PASS PATTERN NO.4248
PASS PATTERN NO.4249
PASS PATTERN NO.4250
PASS PATTERN NO.4251
PASS PATTERN NO.4252
PASS PATTERN NO.4253
PASS PATTERN NO.4254
PASS PATTERN NO.4255
PASS PATTERN NO.4256
PASS PATTERN NO.4257
PASS PATTERN NO.4258
PASS PATTERN NO.4259
PASS PATTERN NO.4260
PASS PATTERN NO.4261
PASS PATTERN NO.4262
PASS PATTERN NO.4263
PASS PATTERN NO.4264
PASS PATTERN NO.4265
PASS PATTERN NO.4266
PASS PATTERN NO.4267
PASS PATTERN NO.4268
PASS PATTERN NO.4269
PASS PATTERN NO.4270
PASS PATTERN NO.4271
PASS PATTERN NO.4272
PASS PATTERN NO.4273
PASS PATTERN NO.4274
PASS PATTERN NO.4275
PASS PATTERN NO.4276
PASS PATTERN NO.4277
PASS PATTERN NO.4278
PASS PATTERN NO.4279
PASS PATTERN NO.4280
PASS PATTERN NO.4281
PASS PATTERN NO.4282
PASS PATTERN NO.4283
PASS PATTERN NO.4284
PASS PATTERN NO.4285
PASS PATTERN NO.4286
PASS PATTERN NO.4287
PASS PATTERN NO.4288
PASS PATTERN NO.4289
PASS PATTERN NO.4290
PASS PATTERN NO.4291
PASS PATTERN NO.4292
PASS PATTERN NO.4293
PASS PATTERN NO.4294
PASS PATTERN NO.4295
PASS PATTERN NO.4296
PASS PATTERN NO.4297
PASS PATTERN NO.4298
PASS PATTERN NO.4299
PASS PATTERN NO.4300
PASS PATTERN NO.4301
PASS PATTERN NO.4302
PASS PATTERN NO.4303
PASS PATTERN NO.4304
PASS PATTERN NO.4305
PASS PATTERN NO.4306
PASS PATTERN NO.4307
PASS PATTERN NO.4308
PASS PATTERN NO.4309
PASS PATTERN NO.4310
PASS PATTERN NO.4311
PASS PATTERN NO.4312
PASS PATTERN NO.4313
PASS PATTERN NO.4314
PASS PATTERN NO.4315
PASS PATTERN NO.4316
PASS PATTERN NO.4317
PASS PATTERN NO.4318
PASS PATTERN NO.4319
PASS PATTERN NO.4320
PASS PATTERN NO.4321
PASS PATTERN NO.4322
PASS PATTERN NO.4323
PASS PATTERN NO.4324
PASS PATTERN NO.4325
PASS PATTERN NO.4326
PASS PATTERN NO.4327
PASS PATTERN NO.4328
PASS PATTERN NO.4329
PASS PATTERN NO.4330
PASS PATTERN NO.4331
PASS PATTERN NO.4332
PASS PATTERN NO.4333
PASS PATTERN NO.4334
PASS PATTERN NO.4335
PASS PATTERN NO.4336
PASS PATTERN NO.4337
PASS PATTERN NO.4338
PASS PATTERN NO.4339
PASS PATTERN NO.4340
PASS PATTERN NO.4341
PASS PATTERN NO.4342
PASS PATTERN NO.4343
PASS PATTERN NO.4344
PASS PATTERN NO.4345
PASS PATTERN NO.4346
PASS PATTERN NO.4347
PASS PATTERN NO.4348
PASS PATTERN NO.4349
PASS PATTERN NO.4350
PASS PATTERN NO.4351
PASS PATTERN NO.4352
PASS PATTERN NO.4353
PASS PATTERN NO.4354
PASS PATTERN NO.4355
PASS PATTERN NO.4356
PASS PATTERN NO.4357
PASS PATTERN NO.4358
PASS PATTERN NO.4359
PASS PATTERN NO.4360
PASS PATTERN NO.4361
PASS PATTERN NO.4362
PASS PATTERN NO.4363
PASS PATTERN NO.4364
PASS PATTERN NO.4365
PASS PATTERN NO.4366
PASS PATTERN NO.4367
PASS PATTERN NO.4368
PASS PATTERN NO.4369
PASS PATTERN NO.4370
PASS PATTERN NO.4371
PASS PATTERN NO.4372
PASS PATTERN NO.4373
PASS PATTERN NO.4374
PASS PATTERN NO.4375
PASS PATTERN NO.4376
PASS PATTERN NO.4377
PASS PATTERN NO.4378
PASS PATTERN NO.4379
PASS PATTERN NO.4380
PASS PATTERN NO.4381
PASS PATTERN NO.4382
PASS PATTERN NO.4383
PASS PATTERN NO.4384
PASS PATTERN NO.4385
PASS PATTERN NO.4386
PASS PATTERN NO.4387
PASS PATTERN NO.4388
PASS PATTERN NO.4389
PASS PATTERN NO.4390
PASS PATTERN NO.4391
PASS PATTERN NO.4392
PASS PATTERN NO.4393
PASS PATTERN NO.4394
PASS PATTERN NO.4395
PASS PATTERN NO.4396
PASS PATTERN NO.4397
PASS PATTERN NO.4398
PASS PATTERN NO.4399
PASS PATTERN NO.4400
PASS PATTERN NO.4401
PASS PATTERN NO.4402
PASS PATTERN NO.4403
PASS PATTERN NO.4404
PASS PATTERN NO.4405
PASS PATTERN NO.4406
PASS PATTERN NO.4407
PASS PATTERN NO.4408
PASS PATTERN NO.4409
PASS PATTERN NO.4410
PASS PATTERN NO.4411
PASS PATTERN NO.4412
PASS PATTERN NO.4413
PASS PATTERN NO.4414
PASS PATTERN NO.4415
PASS PATTERN NO.4416
PASS PATTERN NO.4417
PASS PATTERN NO.4418
PASS PATTERN NO.4419
PASS PATTERN NO.4420
PASS PATTERN NO.4421
PASS PATTERN NO.4422
PASS PATTERN NO.4423
PASS PATTERN NO.4424
PASS PATTERN NO.4425
PASS PATTERN NO.4426
PASS PATTERN NO.4427
PASS PATTERN NO.4428
PASS PATTERN NO.4429
PASS PATTERN NO.4430
PASS PATTERN NO.4431
PASS PATTERN NO.4432
PASS PATTERN NO.4433
PASS PATTERN NO.4434
PASS PATTERN NO.4435
PASS PATTERN NO.4436
PASS PATTERN NO.4437
PASS PATTERN NO.4438
PASS PATTERN NO.4439
PASS PATTERN NO.4440
PASS PATTERN NO.4441
PASS PATTERN NO.4442
PASS PATTERN NO.4443
PASS PATTERN NO.4444
PASS PATTERN NO.4445
PASS PATTERN NO.4446
PASS PATTERN NO.4447
PASS PATTERN NO.4448
PASS PATTERN NO.4449
PASS PATTERN NO.4450
PASS PATTERN NO.4451
PASS PATTERN NO.4452
PASS PATTERN NO.4453
PASS PATTERN NO.4454
PASS PATTERN NO.4455
PASS PATTERN NO.4456
PASS PATTERN NO.4457
PASS PATTERN NO.4458
PASS PATTERN NO.4459
PASS PATTERN NO.4460
PASS PATTERN NO.4461
PASS PATTERN NO.4462
PASS PATTERN NO.4463
PASS PATTERN NO.4464
PASS PATTERN NO.4465
PASS PATTERN NO.4466
PASS PATTERN NO.4467
PASS PATTERN NO.4468
PASS PATTERN NO.4469
PASS PATTERN NO.4470
PASS PATTERN NO.4471
PASS PATTERN NO.4472
PASS PATTERN NO.4473
PASS PATTERN NO.4474
PASS PATTERN NO.4475
PASS PATTERN NO.4476
PASS PATTERN NO.4477
PASS PATTERN NO.4478
PASS PATTERN NO.4479
PASS PATTERN NO.4480
PASS PATTERN NO.4481
PASS PATTERN NO.4482
PASS PATTERN NO.4483
PASS PATTERN NO.4484
PASS PATTERN NO.4485
PASS PATTERN NO.4486
PASS PATTERN NO.4487
PASS PATTERN NO.4488
PASS PATTERN NO.4489
PASS PATTERN NO.4490
PASS PATTERN NO.4491
PASS PATTERN NO.4492
PASS PATTERN NO.4493
PASS PATTERN NO.4494
PASS PATTERN NO.4495
PASS PATTERN NO.4496
PASS PATTERN NO.4497
PASS PATTERN NO.4498
PASS PATTERN NO.4499
PASS PATTERN NO.4500
PASS PATTERN NO.4501
PASS PATTERN NO.4502
PASS PATTERN NO.4503
PASS PATTERN NO.4504
PASS PATTERN NO.4505
PASS PATTERN NO.4506
PASS PATTERN NO.4507
PASS PATTERN NO.4508
PASS PATTERN NO.4509
PASS PATTERN NO.4510
PASS PATTERN NO.4511
PASS PATTERN NO.4512
PASS PATTERN NO.4513
PASS PATTERN NO.4514
PASS PATTERN NO.4515
PASS PATTERN NO.4516
PASS PATTERN NO.4517
PASS PATTERN NO.4518
PASS PATTERN NO.4519
PASS PATTERN NO.4520
PASS PATTERN NO.4521
PASS PATTERN NO.4522
PASS PATTERN NO.4523
PASS PATTERN NO.4524
PASS PATTERN NO.4525
PASS PATTERN NO.4526
PASS PATTERN NO.4527
PASS PATTERN NO.4528
PASS PATTERN NO.4529
PASS PATTERN NO.4530
PASS PATTERN NO.4531
PASS PATTERN NO.4532
PASS PATTERN NO.4533
PASS PATTERN NO.4534
PASS PATTERN NO.4535
PASS PATTERN NO.4536
PASS PATTERN NO.4537
PASS PATTERN NO.4538
PASS PATTERN NO.4539
PASS PATTERN NO.4540
PASS PATTERN NO.4541
PASS PATTERN NO.4542
PASS PATTERN NO.4543
PASS PATTERN NO.4544
PASS PATTERN NO.4545
PASS PATTERN NO.4546
PASS PATTERN NO.4547
PASS PATTERN NO.4548
PASS PATTERN NO.4549
PASS PATTERN NO.4550
PASS PATTERN NO.4551
PASS PATTERN NO.4552
PASS PATTERN NO.4553
PASS PATTERN NO.4554
PASS PATTERN NO.4555
PASS PATTERN NO.4556
PASS PATTERN NO.4557
PASS PATTERN NO.4558
PASS PATTERN NO.4559
PASS PATTERN NO.4560
PASS PATTERN NO.4561
PASS PATTERN NO.4562
PASS PATTERN NO.4563
PASS PATTERN NO.4564
PASS PATTERN NO.4565
PASS PATTERN NO.4566
PASS PATTERN NO.4567
PASS PATTERN NO.4568
PASS PATTERN NO.4569
PASS PATTERN NO.4570
PASS PATTERN NO.4571
PASS PATTERN NO.4572
PASS PATTERN NO.4573
PASS PATTERN NO.4574
PASS PATTERN NO.4575
PASS PATTERN NO.4576
PASS PATTERN NO.4577
PASS PATTERN NO.4578
PASS PATTERN NO.4579
PASS PATTERN NO.4580
PASS PATTERN NO.4581
PASS PATTERN NO.4582
PASS PATTERN NO.4583
PASS PATTERN NO.4584
PASS PATTERN NO.4585
PASS PATTERN NO.4586
PASS PATTERN NO.4587
PASS PATTERN NO.4588
PASS PATTERN NO.4589
PASS PATTERN NO.4590
PASS PATTERN NO.4591
PASS PATTERN NO.4592
PASS PATTERN NO.4593
PASS PATTERN NO.4594
PASS PATTERN NO.4595
PASS PATTERN NO.4596
PASS PATTERN NO.4597
PASS PATTERN NO.4598
PASS PATTERN NO.4599
PASS PATTERN NO.4600
PASS PATTERN NO.4601
PASS PATTERN NO.4602
PASS PATTERN NO.4603
PASS PATTERN NO.4604
PASS PATTERN NO.4605
PASS PATTERN NO.4606
PASS PATTERN NO.4607
PASS PATTERN NO.4608
PASS PATTERN NO.4609
PASS PATTERN NO.4610
PASS PATTERN NO.4611
PASS PATTERN NO.4612
PASS PATTERN NO.4613
PASS PATTERN NO.4614
PASS PATTERN NO.4615
PASS PATTERN NO.4616
PASS PATTERN NO.4617
PASS PATTERN NO.4618
PASS PATTERN NO.4619
PASS PATTERN NO.4620
PASS PATTERN NO.4621
PASS PATTERN NO.4622
PASS PATTERN NO.4623
PASS PATTERN NO.4624
PASS PATTERN NO.4625
PASS PATTERN NO.4626
PASS PATTERN NO.4627
PASS PATTERN NO.4628
PASS PATTERN NO.4629
PASS PATTERN NO.4630
PASS PATTERN NO.4631
PASS PATTERN NO.4632
PASS PATTERN NO.4633
PASS PATTERN NO.4634
PASS PATTERN NO.4635
PASS PATTERN NO.4636
PASS PATTERN NO.4637
PASS PATTERN NO.4638
PASS PATTERN NO.4639
PASS PATTERN NO.4640
PASS PATTERN NO.4641
PASS PATTERN NO.4642
PASS PATTERN NO.4643
PASS PATTERN NO.4644
PASS PATTERN NO.4645
PASS PATTERN NO.4646
PASS PATTERN NO.4647
PASS PATTERN NO.4648
PASS PATTERN NO.4649
PASS PATTERN NO.4650
PASS PATTERN NO.4651
PASS PATTERN NO.4652
PASS PATTERN NO.4653
PASS PATTERN NO.4654
PASS PATTERN NO.4655
PASS PATTERN NO.4656
PASS PATTERN NO.4657
PASS PATTERN NO.4658
PASS PATTERN NO.4659
PASS PATTERN NO.4660
PASS PATTERN NO.4661
PASS PATTERN NO.4662
PASS PATTERN NO.4663
PASS PATTERN NO.4664
PASS PATTERN NO.4665
PASS PATTERN NO.4666
PASS PATTERN NO.4667
PASS PATTERN NO.4668
PASS PATTERN NO.4669
PASS PATTERN NO.4670
PASS PATTERN NO.4671
PASS PATTERN NO.4672
PASS PATTERN NO.4673
PASS PATTERN NO.4674
PASS PATTERN NO.4675
PASS PATTERN NO.4676
PASS PATTERN NO.4677
PASS PATTERN NO.4678
PASS PATTERN NO.4679
PASS PATTERN NO.4680
PASS PATTERN NO.4681
PASS PATTERN NO.4682
PASS PATTERN NO.4683
PASS PATTERN NO.4684
PASS PATTERN NO.4685
PASS PATTERN NO.4686
PASS PATTERN NO.4687
PASS PATTERN NO.4688
PASS PATTERN NO.4689
PASS PATTERN NO.4690
PASS PATTERN NO.4691
PASS PATTERN NO.4692
PASS PATTERN NO.4693
PASS PATTERN NO.4694
PASS PATTERN NO.4695
PASS PATTERN NO.4696
PASS PATTERN NO.4697
PASS PATTERN NO.4698
PASS PATTERN NO.4699
PASS PATTERN NO.4700
PASS PATTERN NO.4701
PASS PATTERN NO.4702
PASS PATTERN NO.4703
PASS PATTERN NO.4704
PASS PATTERN NO.4705
PASS PATTERN NO.4706
PASS PATTERN NO.4707
PASS PATTERN NO.4708
PASS PATTERN NO.4709
PASS PATTERN NO.4710
PASS PATTERN NO.4711
PASS PATTERN NO.4712
PASS PATTERN NO.4713
PASS PATTERN NO.4714
PASS PATTERN NO.4715
PASS PATTERN NO.4716
PASS PATTERN NO.4717
PASS PATTERN NO.4718
PASS PATTERN NO.4719
PASS PATTERN NO.4720
PASS PATTERN NO.4721
PASS PATTERN NO.4722
PASS PATTERN NO.4723
PASS PATTERN NO.4724
PASS PATTERN NO.4725
PASS PATTERN NO.4726
PASS PATTERN NO.4727
PASS PATTERN NO.4728
PASS PATTERN NO.4729
PASS PATTERN NO.4730
PASS PATTERN NO.4731
PASS PATTERN NO.4732
PASS PATTERN NO.4733
PASS PATTERN NO.4734
PASS PATTERN NO.4735
PASS PATTERN NO.4736
PASS PATTERN NO.4737
PASS PATTERN NO.4738
PASS PATTERN NO.4739
PASS PATTERN NO.4740
PASS PATTERN NO.4741
PASS PATTERN NO.4742
PASS PATTERN NO.4743
PASS PATTERN NO.4744
PASS PATTERN NO.4745
PASS PATTERN NO.4746
PASS PATTERN NO.4747
PASS PATTERN NO.4748
PASS PATTERN NO.4749
PASS PATTERN NO.4750
PASS PATTERN NO.4751
PASS PATTERN NO.4752
PASS PATTERN NO.4753
PASS PATTERN NO.4754
PASS PATTERN NO.4755
PASS PATTERN NO.4756
PASS PATTERN NO.4757
PASS PATTERN NO.4758
PASS PATTERN NO.4759
PASS PATTERN NO.4760
PASS PATTERN NO.4761
PASS PATTERN NO.4762
PASS PATTERN NO.4763
PASS PATTERN NO.4764
PASS PATTERN NO.4765
PASS PATTERN NO.4766
PASS PATTERN NO.4767
PASS PATTERN NO.4768
PASS PATTERN NO.4769
PASS PATTERN NO.4770
PASS PATTERN NO.4771
PASS PATTERN NO.4772
PASS PATTERN NO.4773
PASS PATTERN NO.4774
PASS PATTERN NO.4775
PASS PATTERN NO.4776
PASS PATTERN NO.4777
PASS PATTERN NO.4778
PASS PATTERN NO.4779
PASS PATTERN NO.4780
PASS PATTERN NO.4781
PASS PATTERN NO.4782
PASS PATTERN NO.4783
PASS PATTERN NO.4784
PASS PATTERN NO.4785
PASS PATTERN NO.4786
PASS PATTERN NO.4787
PASS PATTERN NO.4788
PASS PATTERN NO.4789
PASS PATTERN NO.4790
PASS PATTERN NO.4791
PASS PATTERN NO.4792
PASS PATTERN NO.4793
PASS PATTERN NO.4794
PASS PATTERN NO.4795
PASS PATTERN NO.4796
PASS PATTERN NO.4797
PASS PATTERN NO.4798
PASS PATTERN NO.4799
PASS PATTERN NO.4800
PASS PATTERN NO.4801
PASS PATTERN NO.4802
PASS PATTERN NO.4803
PASS PATTERN NO.4804
PASS PATTERN NO.4805
PASS PATTERN NO.4806
PASS PATTERN NO.4807
PASS PATTERN NO.4808
PASS PATTERN NO.4809
PASS PATTERN NO.4810
PASS PATTERN NO.4811
PASS PATTERN NO.4812
PASS PATTERN NO.4813
PASS PATTERN NO.4814
PASS PATTERN NO.4815
PASS PATTERN NO.4816
PASS PATTERN NO.4817
PASS PATTERN NO.4818
PASS PATTERN NO.4819
PASS PATTERN NO.4820
PASS PATTERN NO.4821
PASS PATTERN NO.4822
PASS PATTERN NO.4823
PASS PATTERN NO.4824
PASS PATTERN NO.4825
PASS PATTERN NO.4826
PASS PATTERN NO.4827
PASS PATTERN NO.4828
PASS PATTERN NO.4829
PASS PATTERN NO.4830
PASS PATTERN NO.4831
PASS PATTERN NO.4832
PASS PATTERN NO.4833
PASS PATTERN NO.4834
PASS PATTERN NO.4835
PASS PATTERN NO.4836
PASS PATTERN NO.4837
PASS PATTERN NO.4838
PASS PATTERN NO.4839
PASS PATTERN NO.4840
PASS PATTERN NO.4841
PASS PATTERN NO.4842
PASS PATTERN NO.4843
PASS PATTERN NO.4844
PASS PATTERN NO.4845
PASS PATTERN NO.4846
PASS PATTERN NO.4847
PASS PATTERN NO.4848
PASS PATTERN NO.4849
PASS PATTERN NO.4850
PASS PATTERN NO.4851
PASS PATTERN NO.4852
PASS PATTERN NO.4853
PASS PATTERN NO.4854
PASS PATTERN NO.4855
PASS PATTERN NO.4856
PASS PATTERN NO.4857
PASS PATTERN NO.4858
PASS PATTERN NO.4859
PASS PATTERN NO.4860
PASS PATTERN NO.4861
PASS PATTERN NO.4862
PASS PATTERN NO.4863
PASS PATTERN NO.4864
PASS PATTERN NO.4865
PASS PATTERN NO.4866
PASS PATTERN NO.4867
PASS PATTERN NO.4868
PASS PATTERN NO.4869
PASS PATTERN NO.4870
PASS PATTERN NO.4871
PASS PATTERN NO.4872
PASS PATTERN NO.4873
PASS PATTERN NO.4874
PASS PATTERN NO.4875
PASS PATTERN NO.4876
PASS PATTERN NO.4877
PASS PATTERN NO.4878
PASS PATTERN NO.4879
PASS PATTERN NO.4880
PASS PATTERN NO.4881
PASS PATTERN NO.4882
PASS PATTERN NO.4883
PASS PATTERN NO.4884
PASS PATTERN NO.4885
PASS PATTERN NO.4886
PASS PATTERN NO.4887
PASS PATTERN NO.4888
PASS PATTERN NO.4889
PASS PATTERN NO.4890
PASS PATTERN NO.4891
PASS PATTERN NO.4892
PASS PATTERN NO.4893
PASS PATTERN NO.4894
PASS PATTERN NO.4895
PASS PATTERN NO.4896
PASS PATTERN NO.4897
PASS PATTERN NO.4898
PASS PATTERN NO.4899
PASS PATTERN NO.4900
PASS PATTERN NO.4901
PASS PATTERN NO.4902
PASS PATTERN NO.4903
PASS PATTERN NO.4904
PASS PATTERN NO.4905
PASS PATTERN NO.4906
PASS PATTERN NO.4907
PASS PATTERN NO.4908
PASS PATTERN NO.4909
PASS PATTERN NO.4910
PASS PATTERN NO.4911
PASS PATTERN NO.4912
PASS PATTERN NO.4913
PASS PATTERN NO.4914
PASS PATTERN NO.4915
PASS PATTERN NO.4916
PASS PATTERN NO.4917
PASS PATTERN NO.4918
PASS PATTERN NO.4919
PASS PATTERN NO.4920
PASS PATTERN NO.4921
PASS PATTERN NO.4922
PASS PATTERN NO.4923
PASS PATTERN NO.4924
PASS PATTERN NO.4925
PASS PATTERN NO.4926
PASS PATTERN NO.4927
PASS PATTERN NO.4928
PASS PATTERN NO.4929
PASS PATTERN NO.4930
PASS PATTERN NO.4931
PASS PATTERN NO.4932
PASS PATTERN NO.4933
PASS PATTERN NO.4934
PASS PATTERN NO.4935
PASS PATTERN NO.4936
PASS PATTERN NO.4937
PASS PATTERN NO.4938
PASS PATTERN NO.4939
PASS PATTERN NO.4940
PASS PATTERN NO.4941
PASS PATTERN NO.4942
PASS PATTERN NO.4943
PASS PATTERN NO.4944
PASS PATTERN NO.4945
PASS PATTERN NO.4946
PASS PATTERN NO.4947
PASS PATTERN NO.4948
PASS PATTERN NO.4949
PASS PATTERN NO.4950
PASS PATTERN NO.4951
PASS PATTERN NO.4952
PASS PATTERN NO.4953
PASS PATTERN NO.4954
PASS PATTERN NO.4955
PASS PATTERN NO.4956
PASS PATTERN NO.4957
PASS PATTERN NO.4958
PASS PATTERN NO.4959
PASS PATTERN NO.4960
PASS PATTERN NO.4961
PASS PATTERN NO.4962
PASS PATTERN NO.4963
PASS PATTERN NO.4964
PASS PATTERN NO.4965
PASS PATTERN NO.4966
PASS PATTERN NO.4967
PASS PATTERN NO.4968
PASS PATTERN NO.4969
PASS PATTERN NO.4970
PASS PATTERN NO.4971
PASS PATTERN NO.4972
PASS PATTERN NO.4973
PASS PATTERN NO.4974
PASS PATTERN NO.4975
PASS PATTERN NO.4976
PASS PATTERN NO.4977
PASS PATTERN NO.4978
PASS PATTERN NO.4979
PASS PATTERN NO.4980
PASS PATTERN NO.4981
PASS PATTERN NO.4982
PASS PATTERN NO.4983
PASS PATTERN NO.4984
PASS PATTERN NO.4985
PASS PATTERN NO.4986
PASS PATTERN NO.4987
PASS PATTERN NO.4988
PASS PATTERN NO.4989
PASS PATTERN NO.4990
PASS PATTERN NO.4991
PASS PATTERN NO.4992
PASS PATTERN NO.4993
PASS PATTERN NO.4994
PASS PATTERN NO.4995
PASS PATTERN NO.4996
PASS PATTERN NO.4997
PASS PATTERN NO.4998
PASS PATTERN NO.4999
PASS PATTERN NO.5000
PASS PATTERN NO.5001
PASS PATTERN NO.5002
PASS PATTERN NO.5003
PASS PATTERN NO.5004
PASS PATTERN NO.5005
PASS PATTERN NO.5006
PASS PATTERN NO.5007
PASS PATTERN NO.5008
PASS PATTERN NO.5009
PASS PATTERN NO.5010
PASS PATTERN NO.5011
PASS PATTERN NO.5012
PASS PATTERN NO.5013
PASS PATTERN NO.5014
PASS PATTERN NO.5015
PASS PATTERN NO.5016
PASS PATTERN NO.5017
PASS PATTERN NO.5018
PASS PATTERN NO.5019
PASS PATTERN NO.5020
PASS PATTERN NO.5021
PASS PATTERN NO.5022
PASS PATTERN NO.5023
PASS PATTERN NO.5024
PASS PATTERN NO.5025
PASS PATTERN NO.5026
PASS PATTERN NO.5027
PASS PATTERN NO.5028
PASS PATTERN NO.5029
PASS PATTERN NO.5030
PASS PATTERN NO.5031
PASS PATTERN NO.5032
PASS PATTERN NO.5033
PASS PATTERN NO.5034
PASS PATTERN NO.5035
PASS PATTERN NO.5036
PASS PATTERN NO.5037
PASS PATTERN NO.5038
PASS PATTERN NO.5039
PASS PATTERN NO.5040
PASS PATTERN NO.5041
PASS PATTERN NO.5042
PASS PATTERN NO.5043
PASS PATTERN NO.5044
PASS PATTERN NO.5045
PASS PATTERN NO.5046
PASS PATTERN NO.5047
PASS PATTERN NO.5048
PASS PATTERN NO.5049
PASS PATTERN NO.5050
PASS PATTERN NO.5051
PASS PATTERN NO.5052
PASS PATTERN NO.5053
PASS PATTERN NO.5054
PASS PATTERN NO.5055
PASS PATTERN NO.5056
PASS PATTERN NO.5057
PASS PATTERN NO.5058
PASS PATTERN NO.5059
PASS PATTERN NO.5060
PASS PATTERN NO.5061
PASS PATTERN NO.5062
PASS PATTERN NO.5063
PASS PATTERN NO.5064
PASS PATTERN NO.5065
PASS PATTERN NO.5066
PASS PATTERN NO.5067
PASS PATTERN NO.5068
PASS PATTERN NO.5069
PASS PATTERN NO.5070
PASS PATTERN NO.5071
PASS PATTERN NO.5072
PASS PATTERN NO.5073
PASS PATTERN NO.5074
PASS PATTERN NO.5075
PASS PATTERN NO.5076
PASS PATTERN NO.5077
PASS PATTERN NO.5078
PASS PATTERN NO.5079
PASS PATTERN NO.5080
PASS PATTERN NO.5081
PASS PATTERN NO.5082
PASS PATTERN NO.5083
PASS PATTERN NO.5084
PASS PATTERN NO.5085
PASS PATTERN NO.5086
PASS PATTERN NO.5087
PASS PATTERN NO.5088
PASS PATTERN NO.5089
PASS PATTERN NO.5090
PASS PATTERN NO.5091
PASS PATTERN NO.5092
PASS PATTERN NO.5093
PASS PATTERN NO.5094
PASS PATTERN NO.5095
PASS PATTERN NO.5096
PASS PATTERN NO.5097
PASS PATTERN NO.5098
PASS PATTERN NO.5099
PASS PATTERN NO.5100
PASS PATTERN NO.5101
PASS PATTERN NO.5102
PASS PATTERN NO.5103
PASS PATTERN NO.5104
PASS PATTERN NO.5105
PASS PATTERN NO.5106
PASS PATTERN NO.5107
PASS PATTERN NO.5108
PASS PATTERN NO.5109
PASS PATTERN NO.5110
PASS PATTERN NO.5111
PASS PATTERN NO.5112
PASS PATTERN NO.5113
PASS PATTERN NO.5114
PASS PATTERN NO.5115
PASS PATTERN NO.5116
PASS PATTERN NO.5117
PASS PATTERN NO.5118
PASS PATTERN NO.5119
PASS PATTERN NO.5120
PASS PATTERN NO.5121
PASS PATTERN NO.5122
PASS PATTERN NO.5123
PASS PATTERN NO.5124
PASS PATTERN NO.5125
PASS PATTERN NO.5126
PASS PATTERN NO.5127
PASS PATTERN NO.5128
PASS PATTERN NO.5129
PASS PATTERN NO.5130
PASS PATTERN NO.5131
PASS PATTERN NO.5132
PASS PATTERN NO.5133
PASS PATTERN NO.5134
PASS PATTERN NO.5135
PASS PATTERN NO.5136
PASS PATTERN NO.5137
PASS PATTERN NO.5138
PASS PATTERN NO.5139
PASS PATTERN NO.5140
PASS PATTERN NO.5141
PASS PATTERN NO.5142
PASS PATTERN NO.5143
PASS PATTERN NO.5144
PASS PATTERN NO.5145
PASS PATTERN NO.5146
PASS PATTERN NO.5147
PASS PATTERN NO.5148
PASS PATTERN NO.5149
PASS PATTERN NO.5150
PASS PATTERN NO.5151
PASS PATTERN NO.5152
PASS PATTERN NO.5153
PASS PATTERN NO.5154
PASS PATTERN NO.5155
PASS PATTERN NO.5156
PASS PATTERN NO.5157
PASS PATTERN NO.5158
PASS PATTERN NO.5159
PASS PATTERN NO.5160
PASS PATTERN NO.5161
PASS PATTERN NO.5162
PASS PATTERN NO.5163
PASS PATTERN NO.5164
PASS PATTERN NO.5165
PASS PATTERN NO.5166
PASS PATTERN NO.5167
PASS PATTERN NO.5168
PASS PATTERN NO.5169
PASS PATTERN NO.5170
PASS PATTERN NO.5171
PASS PATTERN NO.5172
PASS PATTERN NO.5173
PASS PATTERN NO.5174
PASS PATTERN NO.5175
PASS PATTERN NO.5176
PASS PATTERN NO.5177
PASS PATTERN NO.5178
PASS PATTERN NO.5179
PASS PATTERN NO.5180
PASS PATTERN NO.5181
PASS PATTERN NO.5182
PASS PATTERN NO.5183
PASS PATTERN NO.5184
PASS PATTERN NO.5185
PASS PATTERN NO.5186
PASS PATTERN NO.5187
PASS PATTERN NO.5188
PASS PATTERN NO.5189
PASS PATTERN NO.5190
PASS PATTERN NO.5191
PASS PATTERN NO.5192
PASS PATTERN NO.5193
PASS PATTERN NO.5194
PASS PATTERN NO.5195
PASS PATTERN NO.5196
PASS PATTERN NO.5197
PASS PATTERN NO.5198
PASS PATTERN NO.5199
PASS PATTERN NO.5200
PASS PATTERN NO.5201
PASS PATTERN NO.5202
PASS PATTERN NO.5203
PASS PATTERN NO.5204
PASS PATTERN NO.5205
PASS PATTERN NO.5206
PASS PATTERN NO.5207
PASS PATTERN NO.5208
PASS PATTERN NO.5209
PASS PATTERN NO.5210
PASS PATTERN NO.5211
PASS PATTERN NO.5212
PASS PATTERN NO.5213
PASS PATTERN NO.5214
PASS PATTERN NO.5215
PASS PATTERN NO.5216
PASS PATTERN NO.5217
PASS PATTERN NO.5218
PASS PATTERN NO.5219
PASS PATTERN NO.5220
PASS PATTERN NO.5221
PASS PATTERN NO.5222
PASS PATTERN NO.5223
PASS PATTERN NO.5224
PASS PATTERN NO.5225
PASS PATTERN NO.5226
PASS PATTERN NO.5227
PASS PATTERN NO.5228
PASS PATTERN NO.5229
PASS PATTERN NO.5230
PASS PATTERN NO.5231
PASS PATTERN NO.5232
PASS PATTERN NO.5233
PASS PATTERN NO.5234
PASS PATTERN NO.5235
PASS PATTERN NO.5236
PASS PATTERN NO.5237
PASS PATTERN NO.5238
PASS PATTERN NO.5239
PASS PATTERN NO.5240
PASS PATTERN NO.5241
PASS PATTERN NO.5242
PASS PATTERN NO.5243
PASS PATTERN NO.5244
PASS PATTERN NO.5245
PASS PATTERN NO.5246
PASS PATTERN NO.5247
PASS PATTERN NO.5248
PASS PATTERN NO.5249
PASS PATTERN NO.5250
PASS PATTERN NO.5251
PASS PATTERN NO.5252
PASS PATTERN NO.5253
PASS PATTERN NO.5254
PASS PATTERN NO.5255
PASS PATTERN NO.5256
PASS PATTERN NO.5257
PASS PATTERN NO.5258
PASS PATTERN NO.5259
PASS PATTERN NO.5260
PASS PATTERN NO.5261
PASS PATTERN NO.5262
PASS PATTERN NO.5263
PASS PATTERN NO.5264
PASS PATTERN NO.5265
PASS PATTERN NO.5266
PASS PATTERN NO.5267
PASS PATTERN NO.5268
PASS PATTERN NO.5269
PASS PATTERN NO.5270
PASS PATTERN NO.5271
PASS PATTERN NO.5272
PASS PATTERN NO.5273
PASS PATTERN NO.5274
PASS PATTERN NO.5275
PASS PATTERN NO.5276
PASS PATTERN NO.5277
PASS PATTERN NO.5278
PASS PATTERN NO.5279
PASS PATTERN NO.5280
PASS PATTERN NO.5281
PASS PATTERN NO.5282
PASS PATTERN NO.5283
PASS PATTERN NO.5284
PASS PATTERN NO.5285
PASS PATTERN NO.5286
PASS PATTERN NO.5287
PASS PATTERN NO.5288
PASS PATTERN NO.5289
PASS PATTERN NO.5290
PASS PATTERN NO.5291
PASS PATTERN NO.5292
PASS PATTERN NO.5293
PASS PATTERN NO.5294
PASS PATTERN NO.5295
PASS PATTERN NO.5296
PASS PATTERN NO.5297
PASS PATTERN NO.5298
PASS PATTERN NO.5299
PASS PATTERN NO.5300
PASS PATTERN NO.5301
PASS PATTERN NO.5302
PASS PATTERN NO.5303
PASS PATTERN NO.5304
PASS PATTERN NO.5305
PASS PATTERN NO.5306
PASS PATTERN NO.5307
PASS PATTERN NO.5308
PASS PATTERN NO.5309
PASS PATTERN NO.5310
PASS PATTERN NO.5311
PASS PATTERN NO.5312
PASS PATTERN NO.5313
PASS PATTERN NO.5314
PASS PATTERN NO.5315
PASS PATTERN NO.5316
PASS PATTERN NO.5317
PASS PATTERN NO.5318
PASS PATTERN NO.5319
PASS PATTERN NO.5320
PASS PATTERN NO.5321
PASS PATTERN NO.5322
PASS PATTERN NO.5323
PASS PATTERN NO.5324
PASS PATTERN NO.5325
PASS PATTERN NO.5326
PASS PATTERN NO.5327
PASS PATTERN NO.5328
PASS PATTERN NO.5329
PASS PATTERN NO.5330
PASS PATTERN NO.5331
PASS PATTERN NO.5332
PASS PATTERN NO.5333
PASS PATTERN NO.5334
PASS PATTERN NO.5335
PASS PATTERN NO.5336
PASS PATTERN NO.5337
PASS PATTERN NO.5338
PASS PATTERN NO.5339
PASS PATTERN NO.5340
PASS PATTERN NO.5341
PASS PATTERN NO.5342
PASS PATTERN NO.5343
PASS PATTERN NO.5344
PASS PATTERN NO.5345
PASS PATTERN NO.5346
PASS PATTERN NO.5347
PASS PATTERN NO.5348
PASS PATTERN NO.5349
PASS PATTERN NO.5350
PASS PATTERN NO.5351
PASS PATTERN NO.5352
PASS PATTERN NO.5353
PASS PATTERN NO.5354
PASS PATTERN NO.5355
PASS PATTERN NO.5356
PASS PATTERN NO.5357
PASS PATTERN NO.5358
PASS PATTERN NO.5359
PASS PATTERN NO.5360
PASS PATTERN NO.5361
PASS PATTERN NO.5362
PASS PATTERN NO.5363
PASS PATTERN NO.5364
PASS PATTERN NO.5365
PASS PATTERN NO.5366
PASS PATTERN NO.5367
PASS PATTERN NO.5368
PASS PATTERN NO.5369
PASS PATTERN NO.5370
PASS PATTERN NO.5371
PASS PATTERN NO.5372
PASS PATTERN NO.5373
PASS PATTERN NO.5374
PASS PATTERN NO.5375
PASS PATTERN NO.5376
PASS PATTERN NO.5377
PASS PATTERN NO.5378
PASS PATTERN NO.5379
PASS PATTERN NO.5380
PASS PATTERN NO.5381
PASS PATTERN NO.5382
PASS PATTERN NO.5383
PASS PATTERN NO.5384
PASS PATTERN NO.5385
PASS PATTERN NO.5386
PASS PATTERN NO.5387
PASS PATTERN NO.5388
PASS PATTERN NO.5389
PASS PATTERN NO.5390
PASS PATTERN NO.5391
PASS PATTERN NO.5392
PASS PATTERN NO.5393
PASS PATTERN NO.5394
PASS PATTERN NO.5395
PASS PATTERN NO.5396
PASS PATTERN NO.5397
PASS PATTERN NO.5398
PASS PATTERN NO.5399
PASS PATTERN NO.5400
PASS PATTERN NO.5401
PASS PATTERN NO.5402
PASS PATTERN NO.5403
PASS PATTERN NO.5404
PASS PATTERN NO.5405
PASS PATTERN NO.5406
PASS PATTERN NO.5407
PASS PATTERN NO.5408
PASS PATTERN NO.5409
PASS PATTERN NO.5410
PASS PATTERN NO.5411
PASS PATTERN NO.5412
PASS PATTERN NO.5413
PASS PATTERN NO.5414
PASS PATTERN NO.5415
PASS PATTERN NO.5416
PASS PATTERN NO.5417
PASS PATTERN NO.5418
PASS PATTERN NO.5419
PASS PATTERN NO.5420
PASS PATTERN NO.5421
PASS PATTERN NO.5422
PASS PATTERN NO.5423
PASS PATTERN NO.5424
PASS PATTERN NO.5425
PASS PATTERN NO.5426
PASS PATTERN NO.5427
PASS PATTERN NO.5428
PASS PATTERN NO.5429
PASS PATTERN NO.5430
PASS PATTERN NO.5431
PASS PATTERN NO.5432
PASS PATTERN NO.5433
PASS PATTERN NO.5434
PASS PATTERN NO.5435
PASS PATTERN NO.5436
PASS PATTERN NO.5437
PASS PATTERN NO.5438
PASS PATTERN NO.5439
PASS PATTERN NO.5440
PASS PATTERN NO.5441
PASS PATTERN NO.5442
PASS PATTERN NO.5443
PASS PATTERN NO.5444
PASS PATTERN NO.5445
PASS PATTERN NO.5446
PASS PATTERN NO.5447
PASS PATTERN NO.5448
PASS PATTERN NO.5449
PASS PATTERN NO.5450
PASS PATTERN NO.5451
PASS PATTERN NO.5452
PASS PATTERN NO.5453
PASS PATTERN NO.5454
PASS PATTERN NO.5455
PASS PATTERN NO.5456
PASS PATTERN NO.5457
PASS PATTERN NO.5458
PASS PATTERN NO.5459
PASS PATTERN NO.5460
PASS PATTERN NO.5461
PASS PATTERN NO.5462
PASS PATTERN NO.5463
PASS PATTERN NO.5464
PASS PATTERN NO.5465
PASS PATTERN NO.5466
PASS PATTERN NO.5467
PASS PATTERN NO.5468
PASS PATTERN NO.5469
PASS PATTERN NO.5470
PASS PATTERN NO.5471
PASS PATTERN NO.5472
PASS PATTERN NO.5473
PASS PATTERN NO.5474
PASS PATTERN NO.5475
PASS PATTERN NO.5476
PASS PATTERN NO.5477
PASS PATTERN NO.5478
PASS PATTERN NO.5479
PASS PATTERN NO.5480
PASS PATTERN NO.5481
PASS PATTERN NO.5482
PASS PATTERN NO.5483
PASS PATTERN NO.5484
PASS PATTERN NO.5485
PASS PATTERN NO.5486
PASS PATTERN NO.5487
PASS PATTERN NO.5488
PASS PATTERN NO.5489
PASS PATTERN NO.5490
PASS PATTERN NO.5491
PASS PATTERN NO.5492
PASS PATTERN NO.5493
PASS PATTERN NO.5494
PASS PATTERN NO.5495
PASS PATTERN NO.5496
PASS PATTERN NO.5497
PASS PATTERN NO.5498
PASS PATTERN NO.5499
PASS PATTERN NO.5500
PASS PATTERN NO.5501
PASS PATTERN NO.5502
PASS PATTERN NO.5503
PASS PATTERN NO.5504
PASS PATTERN NO.5505
PASS PATTERN NO.5506
PASS PATTERN NO.5507
PASS PATTERN NO.5508
PASS PATTERN NO.5509
PASS PATTERN NO.5510
PASS PATTERN NO.5511
PASS PATTERN NO.5512
PASS PATTERN NO.5513
PASS PATTERN NO.5514
PASS PATTERN NO.5515
PASS PATTERN NO.5516
PASS PATTERN NO.5517
PASS PATTERN NO.5518
PASS PATTERN NO.5519
PASS PATTERN NO.5520
PASS PATTERN NO.5521
PASS PATTERN NO.5522
PASS PATTERN NO.5523
PASS PATTERN NO.5524
PASS PATTERN NO.5525
PASS PATTERN NO.5526
PASS PATTERN NO.5527
PASS PATTERN NO.5528
PASS PATTERN NO.5529
PASS PATTERN NO.5530
PASS PATTERN NO.5531
PASS PATTERN NO.5532
PASS PATTERN NO.5533
PASS PATTERN NO.5534
PASS PATTERN NO.5535
PASS PATTERN NO.5536
PASS PATTERN NO.5537
PASS PATTERN NO.5538
PASS PATTERN NO.5539
PASS PATTERN NO.5540
PASS PATTERN NO.5541
PASS PATTERN NO.5542
PASS PATTERN NO.5543
PASS PATTERN NO.5544
PASS PATTERN NO.5545
PASS PATTERN NO.5546
PASS PATTERN NO.5547
PASS PATTERN NO.5548
PASS PATTERN NO.5549
PASS PATTERN NO.5550
PASS PATTERN NO.5551
PASS PATTERN NO.5552
PASS PATTERN NO.5553
PASS PATTERN NO.5554
PASS PATTERN NO.5555
PASS PATTERN NO.5556
PASS PATTERN NO.5557
PASS PATTERN NO.5558
PASS PATTERN NO.5559
PASS PATTERN NO.5560
PASS PATTERN NO.5561
PASS PATTERN NO.5562
PASS PATTERN NO.5563
PASS PATTERN NO.5564
PASS PATTERN NO.5565
PASS PATTERN NO.5566
PASS PATTERN NO.5567
PASS PATTERN NO.5568
PASS PATTERN NO.5569
PASS PATTERN NO.5570
PASS PATTERN NO.5571
PASS PATTERN NO.5572
PASS PATTERN NO.5573
PASS PATTERN NO.5574
PASS PATTERN NO.5575
PASS PATTERN NO.5576
PASS PATTERN NO.5577
PASS PATTERN NO.5578
PASS PATTERN NO.5579
PASS PATTERN NO.5580
PASS PATTERN NO.5581
PASS PATTERN NO.5582
PASS PATTERN NO.5583
PASS PATTERN NO.5584
PASS PATTERN NO.5585
PASS PATTERN NO.5586
PASS PATTERN NO.5587
PASS PATTERN NO.5588
PASS PATTERN NO.5589
PASS PATTERN NO.5590
PASS PATTERN NO.5591
PASS PATTERN NO.5592
PASS PATTERN NO.5593
PASS PATTERN NO.5594
PASS PATTERN NO.5595
PASS PATTERN NO.5596
PASS PATTERN NO.5597
PASS PATTERN NO.5598
PASS PATTERN NO.5599
PASS PATTERN NO.5600
PASS PATTERN NO.5601
PASS PATTERN NO.5602
PASS PATTERN NO.5603
PASS PATTERN NO.5604
PASS PATTERN NO.5605
PASS PATTERN NO.5606
PASS PATTERN NO.5607
PASS PATTERN NO.5608
PASS PATTERN NO.5609
PASS PATTERN NO.5610
PASS PATTERN NO.5611
PASS PATTERN NO.5612
PASS PATTERN NO.5613
PASS PATTERN NO.5614
PASS PATTERN NO.5615
PASS PATTERN NO.5616
PASS PATTERN NO.5617
PASS PATTERN NO.5618
PASS PATTERN NO.5619
PASS PATTERN NO.5620
PASS PATTERN NO.5621
PASS PATTERN NO.5622
PASS PATTERN NO.5623
PASS PATTERN NO.5624
PASS PATTERN NO.5625
PASS PATTERN NO.5626
PASS PATTERN NO.5627
PASS PATTERN NO.5628
PASS PATTERN NO.5629
PASS PATTERN NO.5630
PASS PATTERN NO.5631
PASS PATTERN NO.5632
PASS PATTERN NO.5633
PASS PATTERN NO.5634
PASS PATTERN NO.5635
PASS PATTERN NO.5636
PASS PATTERN NO.5637
PASS PATTERN NO.5638
PASS PATTERN NO.5639
PASS PATTERN NO.5640
PASS PATTERN NO.5641
PASS PATTERN NO.5642
PASS PATTERN NO.5643
PASS PATTERN NO.5644
PASS PATTERN NO.5645
PASS PATTERN NO.5646
PASS PATTERN NO.5647
PASS PATTERN NO.5648
PASS PATTERN NO.5649
PASS PATTERN NO.5650
PASS PATTERN NO.5651
PASS PATTERN NO.5652
PASS PATTERN NO.5653
PASS PATTERN NO.5654
PASS PATTERN NO.5655
PASS PATTERN NO.5656
PASS PATTERN NO.5657
PASS PATTERN NO.5658
PASS PATTERN NO.5659
PASS PATTERN NO.5660
PASS PATTERN NO.5661
PASS PATTERN NO.5662
PASS PATTERN NO.5663
PASS PATTERN NO.5664
PASS PATTERN NO.5665
PASS PATTERN NO.5666
PASS PATTERN NO.5667
PASS PATTERN NO.5668
PASS PATTERN NO.5669
PASS PATTERN NO.5670
PASS PATTERN NO.5671
PASS PATTERN NO.5672
PASS PATTERN NO.5673
PASS PATTERN NO.5674
PASS PATTERN NO.5675
PASS PATTERN NO.5676
PASS PATTERN NO.5677
PASS PATTERN NO.5678
PASS PATTERN NO.5679
PASS PATTERN NO.5680
PASS PATTERN NO.5681
PASS PATTERN NO.5682
PASS PATTERN NO.5683
PASS PATTERN NO.5684
PASS PATTERN NO.5685
PASS PATTERN NO.5686
PASS PATTERN NO.5687
PASS PATTERN NO.5688
PASS PATTERN NO.5689
PASS PATTERN NO.5690
PASS PATTERN NO.5691
PASS PATTERN NO.5692
PASS PATTERN NO.5693
PASS PATTERN NO.5694
PASS PATTERN NO.5695
PASS PATTERN NO.5696
PASS PATTERN NO.5697
PASS PATTERN NO.5698
PASS PATTERN NO.5699
PASS PATTERN NO.5700
PASS PATTERN NO.5701
PASS PATTERN NO.5702
PASS PATTERN NO.5703
PASS PATTERN NO.5704
PASS PATTERN NO.5705
PASS PATTERN NO.5706
PASS PATTERN NO.5707
PASS PATTERN NO.5708
PASS PATTERN NO.5709
PASS PATTERN NO.5710
PASS PATTERN NO.5711
PASS PATTERN NO.5712
PASS PATTERN NO.5713
PASS PATTERN NO.5714
PASS PATTERN NO.5715
PASS PATTERN NO.5716
PASS PATTERN NO.5717
PASS PATTERN NO.5718
PASS PATTERN NO.5719
PASS PATTERN NO.5720
PASS PATTERN NO.5721
PASS PATTERN NO.5722
PASS PATTERN NO.5723
PASS PATTERN NO.5724
PASS PATTERN NO.5725
PASS PATTERN NO.5726
PASS PATTERN NO.5727
PASS PATTERN NO.5728
PASS PATTERN NO.5729
PASS PATTERN NO.5730
PASS PATTERN NO.5731
PASS PATTERN NO.5732
PASS PATTERN NO.5733
PASS PATTERN NO.5734
PASS PATTERN NO.5735
PASS PATTERN NO.5736
PASS PATTERN NO.5737
PASS PATTERN NO.5738
PASS PATTERN NO.5739
PASS PATTERN NO.5740
PASS PATTERN NO.5741
PASS PATTERN NO.5742
PASS PATTERN NO.5743
PASS PATTERN NO.5744
PASS PATTERN NO.5745
PASS PATTERN NO.5746
PASS PATTERN NO.5747
PASS PATTERN NO.5748
PASS PATTERN NO.5749
PASS PATTERN NO.5750
PASS PATTERN NO.5751
PASS PATTERN NO.5752
PASS PATTERN NO.5753
PASS PATTERN NO.5754
PASS PATTERN NO.5755
PASS PATTERN NO.5756
PASS PATTERN NO.5757
PASS PATTERN NO.5758
PASS PATTERN NO.5759
PASS PATTERN NO.5760
PASS PATTERN NO.5761
PASS PATTERN NO.5762
PASS PATTERN NO.5763
PASS PATTERN NO.5764
PASS PATTERN NO.5765
PASS PATTERN NO.5766
PASS PATTERN NO.5767
PASS PATTERN NO.5768
PASS PATTERN NO.5769
PASS PATTERN NO.5770
PASS PATTERN NO.5771
PASS PATTERN NO.5772
PASS PATTERN NO.5773
PASS PATTERN NO.5774
PASS PATTERN NO.5775
PASS PATTERN NO.5776
PASS PATTERN NO.5777
PASS PATTERN NO.5778
PASS PATTERN NO.5779
PASS PATTERN NO.5780
PASS PATTERN NO.5781
PASS PATTERN NO.5782
PASS PATTERN NO.5783
PASS PATTERN NO.5784
PASS PATTERN NO.5785
PASS PATTERN NO.5786
PASS PATTERN NO.5787
PASS PATTERN NO.5788
PASS PATTERN NO.5789
PASS PATTERN NO.5790
PASS PATTERN NO.5791
PASS PATTERN NO.5792
PASS PATTERN NO.5793
PASS PATTERN NO.5794
PASS PATTERN NO.5795
PASS PATTERN NO.5796
PASS PATTERN NO.5797
PASS PATTERN NO.5798
PASS PATTERN NO.5799
PASS PATTERN NO.5800
PASS PATTERN NO.5801
PASS PATTERN NO.5802
PASS PATTERN NO.5803
PASS PATTERN NO.5804
PASS PATTERN NO.5805
PASS PATTERN NO.5806
PASS PATTERN NO.5807
PASS PATTERN NO.5808
PASS PATTERN NO.5809
PASS PATTERN NO.5810
PASS PATTERN NO.5811
PASS PATTERN NO.5812
PASS PATTERN NO.5813
PASS PATTERN NO.5814
PASS PATTERN NO.5815
PASS PATTERN NO.5816
PASS PATTERN NO.5817
PASS PATTERN NO.5818
PASS PATTERN NO.5819
PASS PATTERN NO.5820
PASS PATTERN NO.5821
PASS PATTERN NO.5822
PASS PATTERN NO.5823
PASS PATTERN NO.5824
PASS PATTERN NO.5825
PASS PATTERN NO.5826
PASS PATTERN NO.5827
PASS PATTERN NO.5828
PASS PATTERN NO.5829
PASS PATTERN NO.5830
PASS PATTERN NO.5831
PASS PATTERN NO.5832
PASS PATTERN NO.5833
PASS PATTERN NO.5834
PASS PATTERN NO.5835
PASS PATTERN NO.5836
PASS PATTERN NO.5837
PASS PATTERN NO.5838
PASS PATTERN NO.5839
PASS PATTERN NO.5840
PASS PATTERN NO.5841
PASS PATTERN NO.5842
PASS PATTERN NO.5843
PASS PATTERN NO.5844
PASS PATTERN NO.5845
PASS PATTERN NO.5846
PASS PATTERN NO.5847
PASS PATTERN NO.5848
PASS PATTERN NO.5849
PASS PATTERN NO.5850
PASS PATTERN NO.5851
PASS PATTERN NO.5852
PASS PATTERN NO.5853
PASS PATTERN NO.5854
PASS PATTERN NO.5855
PASS PATTERN NO.5856
PASS PATTERN NO.5857
PASS PATTERN NO.5858
PASS PATTERN NO.5859
PASS PATTERN NO.5860
PASS PATTERN NO.5861
PASS PATTERN NO.5862
PASS PATTERN NO.5863
PASS PATTERN NO.5864
PASS PATTERN NO.5865
PASS PATTERN NO.5866
PASS PATTERN NO.5867
PASS PATTERN NO.5868
PASS PATTERN NO.5869
PASS PATTERN NO.5870
PASS PATTERN NO.5871
PASS PATTERN NO.5872
PASS PATTERN NO.5873
PASS PATTERN NO.5874
PASS PATTERN NO.5875
PASS PATTERN NO.5876
PASS PATTERN NO.5877
PASS PATTERN NO.5878
PASS PATTERN NO.5879
PASS PATTERN NO.5880
PASS PATTERN NO.5881
PASS PATTERN NO.5882
PASS PATTERN NO.5883
PASS PATTERN NO.5884
PASS PATTERN NO.5885
PASS PATTERN NO.5886
PASS PATTERN NO.5887
PASS PATTERN NO.5888
PASS PATTERN NO.5889
PASS PATTERN NO.5890
PASS PATTERN NO.5891
PASS PATTERN NO.5892
PASS PATTERN NO.5893
PASS PATTERN NO.5894
PASS PATTERN NO.5895
PASS PATTERN NO.5896
PASS PATTERN NO.5897
PASS PATTERN NO.5898
PASS PATTERN NO.5899
PASS PATTERN NO.5900
PASS PATTERN NO.5901
PASS PATTERN NO.5902
PASS PATTERN NO.5903
PASS PATTERN NO.5904
PASS PATTERN NO.5905
PASS PATTERN NO.5906
PASS PATTERN NO.5907
PASS PATTERN NO.5908
PASS PATTERN NO.5909
PASS PATTERN NO.5910
PASS PATTERN NO.5911
PASS PATTERN NO.5912
PASS PATTERN NO.5913
PASS PATTERN NO.5914
PASS PATTERN NO.5915
PASS PATTERN NO.5916
PASS PATTERN NO.5917
PASS PATTERN NO.5918
PASS PATTERN NO.5919
PASS PATTERN NO.5920
PASS PATTERN NO.5921
PASS PATTERN NO.5922
PASS PATTERN NO.5923
PASS PATTERN NO.5924
PASS PATTERN NO.5925
PASS PATTERN NO.5926
PASS PATTERN NO.5927
PASS PATTERN NO.5928
PASS PATTERN NO.5929
PASS PATTERN NO.5930
PASS PATTERN NO.5931
PASS PATTERN NO.5932
PASS PATTERN NO.5933
PASS PATTERN NO.5934
PASS PATTERN NO.5935
PASS PATTERN NO.5936
PASS PATTERN NO.5937
PASS PATTERN NO.5938
PASS PATTERN NO.5939
PASS PATTERN NO.5940
PASS PATTERN NO.5941
PASS PATTERN NO.5942
PASS PATTERN NO.5943
PASS PATTERN NO.5944
PASS PATTERN NO.5945
PASS PATTERN NO.5946
PASS PATTERN NO.5947
PASS PATTERN NO.5948
PASS PATTERN NO.5949
PASS PATTERN NO.5950
PASS PATTERN NO.5951
PASS PATTERN NO.5952
PASS PATTERN NO.5953
PASS PATTERN NO.5954
PASS PATTERN NO.5955
PASS PATTERN NO.5956
PASS PATTERN NO.5957
PASS PATTERN NO.5958
PASS PATTERN NO.5959
PASS PATTERN NO.5960
PASS PATTERN NO.5961
PASS PATTERN NO.5962
PASS PATTERN NO.5963
PASS PATTERN NO.5964
PASS PATTERN NO.5965
PASS PATTERN NO.5966
PASS PATTERN NO.5967
PASS PATTERN NO.5968
PASS PATTERN NO.5969
PASS PATTERN NO.5970
PASS PATTERN NO.5971
PASS PATTERN NO.5972
PASS PATTERN NO.5973
PASS PATTERN NO.5974
PASS PATTERN NO.5975
PASS PATTERN NO.5976
PASS PATTERN NO.5977
PASS PATTERN NO.5978
PASS PATTERN NO.5979
PASS PATTERN NO.5980
PASS PATTERN NO.5981
PASS PATTERN NO.5982
PASS PATTERN NO.5983
PASS PATTERN NO.5984
PASS PATTERN NO.5985
PASS PATTERN NO.5986
PASS PATTERN NO.5987
PASS PATTERN NO.5988
PASS PATTERN NO.5989
PASS PATTERN NO.5990
PASS PATTERN NO.5991
PASS PATTERN NO.5992
PASS PATTERN NO.5993
PASS PATTERN NO.5994
PASS PATTERN NO.5995
PASS PATTERN NO.5996
PASS PATTERN NO.5997
PASS PATTERN NO.5998
PASS PATTERN NO.5999
PASS PATTERN NO.6000
PASS PATTERN NO.6001
PASS PATTERN NO.6002
PASS PATTERN NO.6003
PASS PATTERN NO.6004
PASS PATTERN NO.6005
PASS PATTERN NO.6006
PASS PATTERN NO.6007
PASS PATTERN NO.6008
PASS PATTERN NO.6009
PASS PATTERN NO.6010
PASS PATTERN NO.6011
PASS PATTERN NO.6012
PASS PATTERN NO.6013
PASS PATTERN NO.6014
PASS PATTERN NO.6015
PASS PATTERN NO.6016
PASS PATTERN NO.6017
PASS PATTERN NO.6018
PASS PATTERN NO.6019
PASS PATTERN NO.6020
PASS PATTERN NO.6021
PASS PATTERN NO.6022
PASS PATTERN NO.6023
PASS PATTERN NO.6024
PASS PATTERN NO.6025
PASS PATTERN NO.6026
PASS PATTERN NO.6027
PASS PATTERN NO.6028
PASS PATTERN NO.6029
PASS PATTERN NO.6030
PASS PATTERN NO.6031
PASS PATTERN NO.6032
PASS PATTERN NO.6033
PASS PATTERN NO.6034
PASS PATTERN NO.6035
PASS PATTERN NO.6036
PASS PATTERN NO.6037
PASS PATTERN NO.6038
PASS PATTERN NO.6039
PASS PATTERN NO.6040
PASS PATTERN NO.6041
PASS PATTERN NO.6042
PASS PATTERN NO.6043
PASS PATTERN NO.6044
PASS PATTERN NO.6045
PASS PATTERN NO.6046
PASS PATTERN NO.6047
PASS PATTERN NO.6048
PASS PATTERN NO.6049
PASS PATTERN NO.6050
PASS PATTERN NO.6051
PASS PATTERN NO.6052
PASS PATTERN NO.6053
PASS PATTERN NO.6054
PASS PATTERN NO.6055
PASS PATTERN NO.6056
PASS PATTERN NO.6057
PASS PATTERN NO.6058
PASS PATTERN NO.6059
PASS PATTERN NO.6060
PASS PATTERN NO.6061
PASS PATTERN NO.6062
PASS PATTERN NO.6063
PASS PATTERN NO.6064
PASS PATTERN NO.6065
PASS PATTERN NO.6066
PASS PATTERN NO.6067
PASS PATTERN NO.6068
PASS PATTERN NO.6069
PASS PATTERN NO.6070
PASS PATTERN NO.6071
PASS PATTERN NO.6072
PASS PATTERN NO.6073
PASS PATTERN NO.6074
PASS PATTERN NO.6075
PASS PATTERN NO.6076
PASS PATTERN NO.6077
PASS PATTERN NO.6078
PASS PATTERN NO.6079
PASS PATTERN NO.6080
PASS PATTERN NO.6081
PASS PATTERN NO.6082
PASS PATTERN NO.6083
PASS PATTERN NO.6084
PASS PATTERN NO.6085
PASS PATTERN NO.6086
PASS PATTERN NO.6087
PASS PATTERN NO.6088
PASS PATTERN NO.6089
PASS PATTERN NO.6090
PASS PATTERN NO.6091
PASS PATTERN NO.6092
PASS PATTERN NO.6093
PASS PATTERN NO.6094
PASS PATTERN NO.6095
PASS PATTERN NO.6096
PASS PATTERN NO.6097
PASS PATTERN NO.6098
PASS PATTERN NO.6099
PASS PATTERN NO.6100
PASS PATTERN NO.6101
PASS PATTERN NO.6102
PASS PATTERN NO.6103
PASS PATTERN NO.6104
PASS PATTERN NO.6105
PASS PATTERN NO.6106
PASS PATTERN NO.6107
PASS PATTERN NO.6108
PASS PATTERN NO.6109
PASS PATTERN NO.6110
PASS PATTERN NO.6111
PASS PATTERN NO.6112
PASS PATTERN NO.6113
PASS PATTERN NO.6114
PASS PATTERN NO.6115
PASS PATTERN NO.6116
PASS PATTERN NO.6117
PASS PATTERN NO.6118
PASS PATTERN NO.6119
PASS PATTERN NO.6120
PASS PATTERN NO.6121
PASS PATTERN NO.6122
PASS PATTERN NO.6123
PASS PATTERN NO.6124
PASS PATTERN NO.6125
PASS PATTERN NO.6126
PASS PATTERN NO.6127
PASS PATTERN NO.6128
PASS PATTERN NO.6129
PASS PATTERN NO.6130
PASS PATTERN NO.6131
PASS PATTERN NO.6132
PASS PATTERN NO.6133
PASS PATTERN NO.6134
PASS PATTERN NO.6135
PASS PATTERN NO.6136
PASS PATTERN NO.6137
PASS PATTERN NO.6138
PASS PATTERN NO.6139
PASS PATTERN NO.6140
PASS PATTERN NO.6141
PASS PATTERN NO.6142
PASS PATTERN NO.6143
PASS PATTERN NO.6144
PASS PATTERN NO.6145
PASS PATTERN NO.6146
PASS PATTERN NO.6147
PASS PATTERN NO.6148
PASS PATTERN NO.6149
PASS PATTERN NO.6150
PASS PATTERN NO.6151
PASS PATTERN NO.6152
PASS PATTERN NO.6153
PASS PATTERN NO.6154
PASS PATTERN NO.6155
PASS PATTERN NO.6156
PASS PATTERN NO.6157
PASS PATTERN NO.6158
PASS PATTERN NO.6159
PASS PATTERN NO.6160
PASS PATTERN NO.6161
PASS PATTERN NO.6162
PASS PATTERN NO.6163
PASS PATTERN NO.6164
PASS PATTERN NO.6165
PASS PATTERN NO.6166
PASS PATTERN NO.6167
PASS PATTERN NO.6168
PASS PATTERN NO.6169
PASS PATTERN NO.6170
PASS PATTERN NO.6171
PASS PATTERN NO.6172
PASS PATTERN NO.6173
PASS PATTERN NO.6174
PASS PATTERN NO.6175
PASS PATTERN NO.6176
PASS PATTERN NO.6177
PASS PATTERN NO.6178
PASS PATTERN NO.6179
PASS PATTERN NO.6180
PASS PATTERN NO.6181
PASS PATTERN NO.6182
PASS PATTERN NO.6183
PASS PATTERN NO.6184
PASS PATTERN NO.6185
PASS PATTERN NO.6186
PASS PATTERN NO.6187
PASS PATTERN NO.6188
PASS PATTERN NO.6189
PASS PATTERN NO.6190
PASS PATTERN NO.6191
PASS PATTERN NO.6192
PASS PATTERN NO.6193
PASS PATTERN NO.6194
PASS PATTERN NO.6195
PASS PATTERN NO.6196
PASS PATTERN NO.6197
PASS PATTERN NO.6198
PASS PATTERN NO.6199
PASS PATTERN NO.6200
PASS PATTERN NO.6201
PASS PATTERN NO.6202
PASS PATTERN NO.6203
PASS PATTERN NO.6204
PASS PATTERN NO.6205
PASS PATTERN NO.6206
PASS PATTERN NO.6207
PASS PATTERN NO.6208
PASS PATTERN NO.6209
PASS PATTERN NO.6210
PASS PATTERN NO.6211
PASS PATTERN NO.6212
PASS PATTERN NO.6213
PASS PATTERN NO.6214
PASS PATTERN NO.6215
PASS PATTERN NO.6216
PASS PATTERN NO.6217
PASS PATTERN NO.6218
PASS PATTERN NO.6219
PASS PATTERN NO.6220
PASS PATTERN NO.6221
PASS PATTERN NO.6222
PASS PATTERN NO.6223
PASS PATTERN NO.6224
PASS PATTERN NO.6225
PASS PATTERN NO.6226
PASS PATTERN NO.6227
PASS PATTERN NO.6228
PASS PATTERN NO.6229
PASS PATTERN NO.6230
PASS PATTERN NO.6231
PASS PATTERN NO.6232
PASS PATTERN NO.6233
PASS PATTERN NO.6234
PASS PATTERN NO.6235
PASS PATTERN NO.6236
PASS PATTERN NO.6237
PASS PATTERN NO.6238
PASS PATTERN NO.6239
PASS PATTERN NO.6240
PASS PATTERN NO.6241
PASS PATTERN NO.6242
PASS PATTERN NO.6243
PASS PATTERN NO.6244
PASS PATTERN NO.6245
PASS PATTERN NO.6246
PASS PATTERN NO.6247
PASS PATTERN NO.6248
PASS PATTERN NO.6249
PASS PATTERN NO.6250
PASS PATTERN NO.6251
PASS PATTERN NO.6252
PASS PATTERN NO.6253
PASS PATTERN NO.6254
PASS PATTERN NO.6255
PASS PATTERN NO.6256
PASS PATTERN NO.6257
PASS PATTERN NO.6258
PASS PATTERN NO.6259
PASS PATTERN NO.6260
PASS PATTERN NO.6261
PASS PATTERN NO.6262
PASS PATTERN NO.6263
PASS PATTERN NO.6264
PASS PATTERN NO.6265
PASS PATTERN NO.6266
PASS PATTERN NO.6267
PASS PATTERN NO.6268
PASS PATTERN NO.6269
PASS PATTERN NO.6270
PASS PATTERN NO.6271
PASS PATTERN NO.6272
PASS PATTERN NO.6273
PASS PATTERN NO.6274
PASS PATTERN NO.6275
PASS PATTERN NO.6276
PASS PATTERN NO.6277
PASS PATTERN NO.6278
PASS PATTERN NO.6279
PASS PATTERN NO.6280
PASS PATTERN NO.6281
PASS PATTERN NO.6282
PASS PATTERN NO.6283
PASS PATTERN NO.6284
PASS PATTERN NO.6285
PASS PATTERN NO.6286
PASS PATTERN NO.6287
PASS PATTERN NO.6288
PASS PATTERN NO.6289
PASS PATTERN NO.6290
PASS PATTERN NO.6291
PASS PATTERN NO.6292
PASS PATTERN NO.6293
PASS PATTERN NO.6294
PASS PATTERN NO.6295
PASS PATTERN NO.6296
PASS PATTERN NO.6297
PASS PATTERN NO.6298
PASS PATTERN NO.6299
PASS PATTERN NO.6300
PASS PATTERN NO.6301
PASS PATTERN NO.6302
PASS PATTERN NO.6303
PASS PATTERN NO.6304
PASS PATTERN NO.6305
PASS PATTERN NO.6306
PASS PATTERN NO.6307
PASS PATTERN NO.6308
PASS PATTERN NO.6309
PASS PATTERN NO.6310
PASS PATTERN NO.6311
PASS PATTERN NO.6312
PASS PATTERN NO.6313
PASS PATTERN NO.6314
PASS PATTERN NO.6315
PASS PATTERN NO.6316
PASS PATTERN NO.6317
PASS PATTERN NO.6318
PASS PATTERN NO.6319
PASS PATTERN NO.6320
PASS PATTERN NO.6321
PASS PATTERN NO.6322
PASS PATTERN NO.6323
PASS PATTERN NO.6324
PASS PATTERN NO.6325
PASS PATTERN NO.6326
PASS PATTERN NO.6327
PASS PATTERN NO.6328
PASS PATTERN NO.6329
PASS PATTERN NO.6330
PASS PATTERN NO.6331
PASS PATTERN NO.6332
PASS PATTERN NO.6333
PASS PATTERN NO.6334
PASS PATTERN NO.6335
PASS PATTERN NO.6336
PASS PATTERN NO.6337
PASS PATTERN NO.6338
PASS PATTERN NO.6339
PASS PATTERN NO.6340
PASS PATTERN NO.6341
PASS PATTERN NO.6342
PASS PATTERN NO.6343
PASS PATTERN NO.6344
PASS PATTERN NO.6345
PASS PATTERN NO.6346
PASS PATTERN NO.6347
PASS PATTERN NO.6348
PASS PATTERN NO.6349
PASS PATTERN NO.6350
PASS PATTERN NO.6351
PASS PATTERN NO.6352
PASS PATTERN NO.6353
PASS PATTERN NO.6354
PASS PATTERN NO.6355
PASS PATTERN NO.6356
PASS PATTERN NO.6357
PASS PATTERN NO.6358
PASS PATTERN NO.6359
PASS PATTERN NO.6360
PASS PATTERN NO.6361
PASS PATTERN NO.6362
PASS PATTERN NO.6363
PASS PATTERN NO.6364
PASS PATTERN NO.6365
PASS PATTERN NO.6366
PASS PATTERN NO.6367
PASS PATTERN NO.6368
PASS PATTERN NO.6369
PASS PATTERN NO.6370
PASS PATTERN NO.6371
PASS PATTERN NO.6372
PASS PATTERN NO.6373
PASS PATTERN NO.6374
PASS PATTERN NO.6375
PASS PATTERN NO.6376
PASS PATTERN NO.6377
PASS PATTERN NO.6378
PASS PATTERN NO.6379
PASS PATTERN NO.6380
PASS PATTERN NO.6381
PASS PATTERN NO.6382
PASS PATTERN NO.6383
PASS PATTERN NO.6384
PASS PATTERN NO.6385
PASS PATTERN NO.6386
PASS PATTERN NO.6387
PASS PATTERN NO.6388
PASS PATTERN NO.6389
PASS PATTERN NO.6390
PASS PATTERN NO.6391
PASS PATTERN NO.6392
PASS PATTERN NO.6393
PASS PATTERN NO.6394
PASS PATTERN NO.6395
PASS PATTERN NO.6396
PASS PATTERN NO.6397
PASS PATTERN NO.6398
PASS PATTERN NO.6399
PASS PATTERN NO.6400
PASS PATTERN NO.6401
PASS PATTERN NO.6402
PASS PATTERN NO.6403
PASS PATTERN NO.6404
PASS PATTERN NO.6405
PASS PATTERN NO.6406
PASS PATTERN NO.6407
PASS PATTERN NO.6408
PASS PATTERN NO.6409
PASS PATTERN NO.6410
PASS PATTERN NO.6411
PASS PATTERN NO.6412
PASS PATTERN NO.6413
PASS PATTERN NO.6414
PASS PATTERN NO.6415
PASS PATTERN NO.6416
PASS PATTERN NO.6417
PASS PATTERN NO.6418
PASS PATTERN NO.6419
PASS PATTERN NO.6420
PASS PATTERN NO.6421
PASS PATTERN NO.6422
PASS PATTERN NO.6423
PASS PATTERN NO.6424
PASS PATTERN NO.6425
PASS PATTERN NO.6426
PASS PATTERN NO.6427
PASS PATTERN NO.6428
PASS PATTERN NO.6429
PASS PATTERN NO.6430
PASS PATTERN NO.6431
PASS PATTERN NO.6432
PASS PATTERN NO.6433
PASS PATTERN NO.6434
PASS PATTERN NO.6435
PASS PATTERN NO.6436
PASS PATTERN NO.6437
PASS PATTERN NO.6438
PASS PATTERN NO.6439
PASS PATTERN NO.6440
PASS PATTERN NO.6441
PASS PATTERN NO.6442
PASS PATTERN NO.6443
PASS PATTERN NO.6444
PASS PATTERN NO.6445
PASS PATTERN NO.6446
PASS PATTERN NO.6447
PASS PATTERN NO.6448
PASS PATTERN NO.6449
PASS PATTERN NO.6450
PASS PATTERN NO.6451
PASS PATTERN NO.6452
PASS PATTERN NO.6453
PASS PATTERN NO.6454
PASS PATTERN NO.6455
PASS PATTERN NO.6456
PASS PATTERN NO.6457
PASS PATTERN NO.6458
PASS PATTERN NO.6459
PASS PATTERN NO.6460
PASS PATTERN NO.6461
PASS PATTERN NO.6462
PASS PATTERN NO.6463
PASS PATTERN NO.6464
PASS PATTERN NO.6465
PASS PATTERN NO.6466
PASS PATTERN NO.6467
PASS PATTERN NO.6468
PASS PATTERN NO.6469
PASS PATTERN NO.6470
PASS PATTERN NO.6471
PASS PATTERN NO.6472
PASS PATTERN NO.6473
PASS PATTERN NO.6474
PASS PATTERN NO.6475
PASS PATTERN NO.6476
PASS PATTERN NO.6477
PASS PATTERN NO.6478
PASS PATTERN NO.6479
PASS PATTERN NO.6480
PASS PATTERN NO.6481
PASS PATTERN NO.6482
PASS PATTERN NO.6483
PASS PATTERN NO.6484
PASS PATTERN NO.6485
PASS PATTERN NO.6486
PASS PATTERN NO.6487
PASS PATTERN NO.6488
PASS PATTERN NO.6489
PASS PATTERN NO.6490
PASS PATTERN NO.6491
PASS PATTERN NO.6492
PASS PATTERN NO.6493
PASS PATTERN NO.6494
PASS PATTERN NO.6495
PASS PATTERN NO.6496
PASS PATTERN NO.6497
PASS PATTERN NO.6498
PASS PATTERN NO.6499
PASS PATTERN NO.6500
PASS PATTERN NO.6501
PASS PATTERN NO.6502
PASS PATTERN NO.6503
PASS PATTERN NO.6504
PASS PATTERN NO.6505
PASS PATTERN NO.6506
PASS PATTERN NO.6507
PASS PATTERN NO.6508
PASS PATTERN NO.6509
PASS PATTERN NO.6510
PASS PATTERN NO.6511
PASS PATTERN NO.6512
PASS PATTERN NO.6513
PASS PATTERN NO.6514
PASS PATTERN NO.6515
PASS PATTERN NO.6516
PASS PATTERN NO.6517
PASS PATTERN NO.6518
PASS PATTERN NO.6519
PASS PATTERN NO.6520
PASS PATTERN NO.6521
PASS PATTERN NO.6522
PASS PATTERN NO.6523
PASS PATTERN NO.6524
PASS PATTERN NO.6525
PASS PATTERN NO.6526
PASS PATTERN NO.6527
PASS PATTERN NO.6528
PASS PATTERN NO.6529
PASS PATTERN NO.6530
PASS PATTERN NO.6531
PASS PATTERN NO.6532
PASS PATTERN NO.6533
PASS PATTERN NO.6534
PASS PATTERN NO.6535
PASS PATTERN NO.6536
PASS PATTERN NO.6537
PASS PATTERN NO.6538
PASS PATTERN NO.6539
PASS PATTERN NO.6540
PASS PATTERN NO.6541
PASS PATTERN NO.6542
PASS PATTERN NO.6543
PASS PATTERN NO.6544
PASS PATTERN NO.6545
PASS PATTERN NO.6546
PASS PATTERN NO.6547
PASS PATTERN NO.6548
PASS PATTERN NO.6549
PASS PATTERN NO.6550
PASS PATTERN NO.6551
PASS PATTERN NO.6552
PASS PATTERN NO.6553
PASS PATTERN NO.6554
PASS PATTERN NO.6555
PASS PATTERN NO.6556
PASS PATTERN NO.6557
PASS PATTERN NO.6558
PASS PATTERN NO.6559
PASS PATTERN NO.6560
PASS PATTERN NO.6561
PASS PATTERN NO.6562
PASS PATTERN NO.6563
PASS PATTERN NO.6564
PASS PATTERN NO.6565
PASS PATTERN NO.6566
PASS PATTERN NO.6567
PASS PATTERN NO.6568
PASS PATTERN NO.6569
PASS PATTERN NO.6570
PASS PATTERN NO.6571
PASS PATTERN NO.6572
PASS PATTERN NO.6573
PASS PATTERN NO.6574
PASS PATTERN NO.6575
PASS PATTERN NO.6576
PASS PATTERN NO.6577
PASS PATTERN NO.6578
PASS PATTERN NO.6579
PASS PATTERN NO.6580
PASS PATTERN NO.6581
PASS PATTERN NO.6582
PASS PATTERN NO.6583
PASS PATTERN NO.6584
PASS PATTERN NO.6585
PASS PATTERN NO.6586
PASS PATTERN NO.6587
PASS PATTERN NO.6588
PASS PATTERN NO.6589
PASS PATTERN NO.6590
PASS PATTERN NO.6591
PASS PATTERN NO.6592
PASS PATTERN NO.6593
PASS PATTERN NO.6594
PASS PATTERN NO.6595
PASS PATTERN NO.6596
PASS PATTERN NO.6597
PASS PATTERN NO.6598
PASS PATTERN NO.6599
PASS PATTERN NO.6600
PASS PATTERN NO.6601
PASS PATTERN NO.6602
PASS PATTERN NO.6603
PASS PATTERN NO.6604
PASS PATTERN NO.6605
PASS PATTERN NO.6606
PASS PATTERN NO.6607
PASS PATTERN NO.6608
PASS PATTERN NO.6609
PASS PATTERN NO.6610
PASS PATTERN NO.6611
PASS PATTERN NO.6612
PASS PATTERN NO.6613
PASS PATTERN NO.6614
PASS PATTERN NO.6615
PASS PATTERN NO.6616
PASS PATTERN NO.6617
PASS PATTERN NO.6618
PASS PATTERN NO.6619
PASS PATTERN NO.6620
PASS PATTERN NO.6621
PASS PATTERN NO.6622
PASS PATTERN NO.6623
PASS PATTERN NO.6624
PASS PATTERN NO.6625
PASS PATTERN NO.6626
PASS PATTERN NO.6627
PASS PATTERN NO.6628
PASS PATTERN NO.6629
PASS PATTERN NO.6630
PASS PATTERN NO.6631
PASS PATTERN NO.6632
PASS PATTERN NO.6633
PASS PATTERN NO.6634
PASS PATTERN NO.6635
PASS PATTERN NO.6636
PASS PATTERN NO.6637
PASS PATTERN NO.6638
PASS PATTERN NO.6639
PASS PATTERN NO.6640
PASS PATTERN NO.6641
PASS PATTERN NO.6642
PASS PATTERN NO.6643
PASS PATTERN NO.6644
PASS PATTERN NO.6645
PASS PATTERN NO.6646
PASS PATTERN NO.6647
PASS PATTERN NO.6648
PASS PATTERN NO.6649
PASS PATTERN NO.6650
PASS PATTERN NO.6651
PASS PATTERN NO.6652
PASS PATTERN NO.6653
PASS PATTERN NO.6654
PASS PATTERN NO.6655
PASS PATTERN NO.6656
PASS PATTERN NO.6657
PASS PATTERN NO.6658
PASS PATTERN NO.6659
PASS PATTERN NO.6660
PASS PATTERN NO.6661
PASS PATTERN NO.6662
PASS PATTERN NO.6663
PASS PATTERN NO.6664
PASS PATTERN NO.6665
PASS PATTERN NO.6666
PASS PATTERN NO.6667
PASS PATTERN NO.6668
PASS PATTERN NO.6669
PASS PATTERN NO.6670
PASS PATTERN NO.6671
PASS PATTERN NO.6672
PASS PATTERN NO.6673
PASS PATTERN NO.6674
PASS PATTERN NO.6675
PASS PATTERN NO.6676
PASS PATTERN NO.6677
PASS PATTERN NO.6678
PASS PATTERN NO.6679
PASS PATTERN NO.6680
PASS PATTERN NO.6681
PASS PATTERN NO.6682
PASS PATTERN NO.6683
PASS PATTERN NO.6684
PASS PATTERN NO.6685
PASS PATTERN NO.6686
PASS PATTERN NO.6687
PASS PATTERN NO.6688
PASS PATTERN NO.6689
PASS PATTERN NO.6690
PASS PATTERN NO.6691
PASS PATTERN NO.6692
PASS PATTERN NO.6693
PASS PATTERN NO.6694
PASS PATTERN NO.6695
PASS PATTERN NO.6696
PASS PATTERN NO.6697
PASS PATTERN NO.6698
PASS PATTERN NO.6699
PASS PATTERN NO.6700
PASS PATTERN NO.6701
PASS PATTERN NO.6702
PASS PATTERN NO.6703
PASS PATTERN NO.6704
PASS PATTERN NO.6705
PASS PATTERN NO.6706
PASS PATTERN NO.6707
PASS PATTERN NO.6708
PASS PATTERN NO.6709
PASS PATTERN NO.6710
PASS PATTERN NO.6711
PASS PATTERN NO.6712
PASS PATTERN NO.6713
PASS PATTERN NO.6714
PASS PATTERN NO.6715
PASS PATTERN NO.6716
PASS PATTERN NO.6717
PASS PATTERN NO.6718
PASS PATTERN NO.6719
PASS PATTERN NO.6720
PASS PATTERN NO.6721
PASS PATTERN NO.6722
PASS PATTERN NO.6723
PASS PATTERN NO.6724
PASS PATTERN NO.6725
PASS PATTERN NO.6726
PASS PATTERN NO.6727
PASS PATTERN NO.6728
PASS PATTERN NO.6729
PASS PATTERN NO.6730
PASS PATTERN NO.6731
PASS PATTERN NO.6732
PASS PATTERN NO.6733
PASS PATTERN NO.6734
PASS PATTERN NO.6735
PASS PATTERN NO.6736
PASS PATTERN NO.6737
PASS PATTERN NO.6738
PASS PATTERN NO.6739
PASS PATTERN NO.6740
PASS PATTERN NO.6741
PASS PATTERN NO.6742
PASS PATTERN NO.6743
PASS PATTERN NO.6744
PASS PATTERN NO.6745
PASS PATTERN NO.6746
PASS PATTERN NO.6747
PASS PATTERN NO.6748
PASS PATTERN NO.6749
PASS PATTERN NO.6750
PASS PATTERN NO.6751
PASS PATTERN NO.6752
PASS PATTERN NO.6753
PASS PATTERN NO.6754
PASS PATTERN NO.6755
PASS PATTERN NO.6756
PASS PATTERN NO.6757
PASS PATTERN NO.6758
PASS PATTERN NO.6759
PASS PATTERN NO.6760
PASS PATTERN NO.6761
PASS PATTERN NO.6762
PASS PATTERN NO.6763
PASS PATTERN NO.6764
PASS PATTERN NO.6765
PASS PATTERN NO.6766
PASS PATTERN NO.6767
PASS PATTERN NO.6768
PASS PATTERN NO.6769
PASS PATTERN NO.6770
PASS PATTERN NO.6771
PASS PATTERN NO.6772
PASS PATTERN NO.6773
PASS PATTERN NO.6774
PASS PATTERN NO.6775
PASS PATTERN NO.6776
PASS PATTERN NO.6777
PASS PATTERN NO.6778
PASS PATTERN NO.6779
PASS PATTERN NO.6780
PASS PATTERN NO.6781
PASS PATTERN NO.6782
PASS PATTERN NO.6783
PASS PATTERN NO.6784
PASS PATTERN NO.6785
PASS PATTERN NO.6786
PASS PATTERN NO.6787
PASS PATTERN NO.6788
PASS PATTERN NO.6789
PASS PATTERN NO.6790
PASS PATTERN NO.6791
PASS PATTERN NO.6792
PASS PATTERN NO.6793
PASS PATTERN NO.6794
PASS PATTERN NO.6795
PASS PATTERN NO.6796
PASS PATTERN NO.6797
PASS PATTERN NO.6798
PASS PATTERN NO.6799
PASS PATTERN NO.6800
PASS PATTERN NO.6801
PASS PATTERN NO.6802
PASS PATTERN NO.6803
PASS PATTERN NO.6804
PASS PATTERN NO.6805
PASS PATTERN NO.6806
PASS PATTERN NO.6807
PASS PATTERN NO.6808
PASS PATTERN NO.6809
PASS PATTERN NO.6810
PASS PATTERN NO.6811
PASS PATTERN NO.6812
PASS PATTERN NO.6813
PASS PATTERN NO.6814
PASS PATTERN NO.6815
PASS PATTERN NO.6816
PASS PATTERN NO.6817
PASS PATTERN NO.6818
PASS PATTERN NO.6819
PASS PATTERN NO.6820
PASS PATTERN NO.6821
PASS PATTERN NO.6822
PASS PATTERN NO.6823
PASS PATTERN NO.6824
PASS PATTERN NO.6825
PASS PATTERN NO.6826
PASS PATTERN NO.6827
PASS PATTERN NO.6828
PASS PATTERN NO.6829
PASS PATTERN NO.6830
PASS PATTERN NO.6831
PASS PATTERN NO.6832
PASS PATTERN NO.6833
PASS PATTERN NO.6834
PASS PATTERN NO.6835
PASS PATTERN NO.6836
PASS PATTERN NO.6837
PASS PATTERN NO.6838
PASS PATTERN NO.6839
PASS PATTERN NO.6840
PASS PATTERN NO.6841
PASS PATTERN NO.6842
PASS PATTERN NO.6843
PASS PATTERN NO.6844
PASS PATTERN NO.6845
PASS PATTERN NO.6846
PASS PATTERN NO.6847
PASS PATTERN NO.6848
PASS PATTERN NO.6849
PASS PATTERN NO.6850
PASS PATTERN NO.6851
PASS PATTERN NO.6852
PASS PATTERN NO.6853
PASS PATTERN NO.6854
PASS PATTERN NO.6855
PASS PATTERN NO.6856
PASS PATTERN NO.6857
PASS PATTERN NO.6858
PASS PATTERN NO.6859
PASS PATTERN NO.6860
PASS PATTERN NO.6861
PASS PATTERN NO.6862
PASS PATTERN NO.6863
PASS PATTERN NO.6864
PASS PATTERN NO.6865
PASS PATTERN NO.6866
PASS PATTERN NO.6867
PASS PATTERN NO.6868
PASS PATTERN NO.6869
PASS PATTERN NO.6870
PASS PATTERN NO.6871
PASS PATTERN NO.6872
PASS PATTERN NO.6873
PASS PATTERN NO.6874
PASS PATTERN NO.6875
PASS PATTERN NO.6876
PASS PATTERN NO.6877
PASS PATTERN NO.6878
PASS PATTERN NO.6879
PASS PATTERN NO.6880
PASS PATTERN NO.6881
PASS PATTERN NO.6882
PASS PATTERN NO.6883
PASS PATTERN NO.6884
PASS PATTERN NO.6885
PASS PATTERN NO.6886
PASS PATTERN NO.6887
PASS PATTERN NO.6888
PASS PATTERN NO.6889
PASS PATTERN NO.6890
PASS PATTERN NO.6891
PASS PATTERN NO.6892
PASS PATTERN NO.6893
PASS PATTERN NO.6894
PASS PATTERN NO.6895
PASS PATTERN NO.6896
PASS PATTERN NO.6897
PASS PATTERN NO.6898
PASS PATTERN NO.6899
PASS PATTERN NO.6900
PASS PATTERN NO.6901
PASS PATTERN NO.6902
PASS PATTERN NO.6903
PASS PATTERN NO.6904
PASS PATTERN NO.6905
PASS PATTERN NO.6906
PASS PATTERN NO.6907
PASS PATTERN NO.6908
PASS PATTERN NO.6909
PASS PATTERN NO.6910
PASS PATTERN NO.6911
PASS PATTERN NO.6912
PASS PATTERN NO.6913
PASS PATTERN NO.6914
PASS PATTERN NO.6915
PASS PATTERN NO.6916
PASS PATTERN NO.6917
PASS PATTERN NO.6918
PASS PATTERN NO.6919
PASS PATTERN NO.6920
PASS PATTERN NO.6921
PASS PATTERN NO.6922
PASS PATTERN NO.6923
PASS PATTERN NO.6924
PASS PATTERN NO.6925
PASS PATTERN NO.6926
PASS PATTERN NO.6927
PASS PATTERN NO.6928
PASS PATTERN NO.6929
PASS PATTERN NO.6930
PASS PATTERN NO.6931
PASS PATTERN NO.6932
PASS PATTERN NO.6933
PASS PATTERN NO.6934
PASS PATTERN NO.6935
PASS PATTERN NO.6936
PASS PATTERN NO.6937
PASS PATTERN NO.6938
PASS PATTERN NO.6939
PASS PATTERN NO.6940
PASS PATTERN NO.6941
PASS PATTERN NO.6942
PASS PATTERN NO.6943
PASS PATTERN NO.6944
PASS PATTERN NO.6945
PASS PATTERN NO.6946
PASS PATTERN NO.6947
PASS PATTERN NO.6948
PASS PATTERN NO.6949
PASS PATTERN NO.6950
PASS PATTERN NO.6951
PASS PATTERN NO.6952
PASS PATTERN NO.6953
PASS PATTERN NO.6954
PASS PATTERN NO.6955
PASS PATTERN NO.6956
PASS PATTERN NO.6957
PASS PATTERN NO.6958
PASS PATTERN NO.6959
PASS PATTERN NO.6960
PASS PATTERN NO.6961
PASS PATTERN NO.6962
PASS PATTERN NO.6963
PASS PATTERN NO.6964
PASS PATTERN NO.6965
PASS PATTERN NO.6966
PASS PATTERN NO.6967
PASS PATTERN NO.6968
PASS PATTERN NO.6969
PASS PATTERN NO.6970
PASS PATTERN NO.6971
PASS PATTERN NO.6972
PASS PATTERN NO.6973
PASS PATTERN NO.6974
PASS PATTERN NO.6975
PASS PATTERN NO.6976
PASS PATTERN NO.6977
PASS PATTERN NO.6978
PASS PATTERN NO.6979
PASS PATTERN NO.6980
PASS PATTERN NO.6981
PASS PATTERN NO.6982
PASS PATTERN NO.6983
PASS PATTERN NO.6984
PASS PATTERN NO.6985
PASS PATTERN NO.6986
PASS PATTERN NO.6987
PASS PATTERN NO.6988
PASS PATTERN NO.6989
PASS PATTERN NO.6990
PASS PATTERN NO.6991
PASS PATTERN NO.6992
PASS PATTERN NO.6993
PASS PATTERN NO.6994
PASS PATTERN NO.6995
PASS PATTERN NO.6996
PASS PATTERN NO.6997
PASS PATTERN NO.6998
PASS PATTERN NO.6999
PASS PATTERN NO.7000
PASS PATTERN NO.7001
PASS PATTERN NO.7002
PASS PATTERN NO.7003
PASS PATTERN NO.7004
PASS PATTERN NO.7005
PASS PATTERN NO.7006
PASS PATTERN NO.7007
PASS PATTERN NO.7008
PASS PATTERN NO.7009
PASS PATTERN NO.7010
PASS PATTERN NO.7011
PASS PATTERN NO.7012
PASS PATTERN NO.7013
PASS PATTERN NO.7014
PASS PATTERN NO.7015
PASS PATTERN NO.7016
PASS PATTERN NO.7017
PASS PATTERN NO.7018
PASS PATTERN NO.7019
PASS PATTERN NO.7020
PASS PATTERN NO.7021
PASS PATTERN NO.7022
PASS PATTERN NO.7023
PASS PATTERN NO.7024
PASS PATTERN NO.7025
PASS PATTERN NO.7026
PASS PATTERN NO.7027
PASS PATTERN NO.7028
PASS PATTERN NO.7029
PASS PATTERN NO.7030
PASS PATTERN NO.7031
PASS PATTERN NO.7032
PASS PATTERN NO.7033
PASS PATTERN NO.7034
PASS PATTERN NO.7035
PASS PATTERN NO.7036
PASS PATTERN NO.7037
PASS PATTERN NO.7038
PASS PATTERN NO.7039
PASS PATTERN NO.7040
PASS PATTERN NO.7041
PASS PATTERN NO.7042
PASS PATTERN NO.7043
PASS PATTERN NO.7044
PASS PATTERN NO.7045
PASS PATTERN NO.7046
PASS PATTERN NO.7047
PASS PATTERN NO.7048
PASS PATTERN NO.7049
PASS PATTERN NO.7050
PASS PATTERN NO.7051
PASS PATTERN NO.7052
PASS PATTERN NO.7053
PASS PATTERN NO.7054
PASS PATTERN NO.7055
PASS PATTERN NO.7056
PASS PATTERN NO.7057
PASS PATTERN NO.7058
PASS PATTERN NO.7059
PASS PATTERN NO.7060
PASS PATTERN NO.7061
PASS PATTERN NO.7062
PASS PATTERN NO.7063
PASS PATTERN NO.7064
PASS PATTERN NO.7065
PASS PATTERN NO.7066
PASS PATTERN NO.7067
PASS PATTERN NO.7068
PASS PATTERN NO.7069
PASS PATTERN NO.7070
PASS PATTERN NO.7071
PASS PATTERN NO.7072
PASS PATTERN NO.7073
PASS PATTERN NO.7074
PASS PATTERN NO.7075
PASS PATTERN NO.7076
PASS PATTERN NO.7077
PASS PATTERN NO.7078
PASS PATTERN NO.7079
PASS PATTERN NO.7080
PASS PATTERN NO.7081
PASS PATTERN NO.7082
PASS PATTERN NO.7083
PASS PATTERN NO.7084
PASS PATTERN NO.7085
PASS PATTERN NO.7086
PASS PATTERN NO.7087
PASS PATTERN NO.7088
PASS PATTERN NO.7089
PASS PATTERN NO.7090
PASS PATTERN NO.7091
PASS PATTERN NO.7092
PASS PATTERN NO.7093
PASS PATTERN NO.7094
PASS PATTERN NO.7095
PASS PATTERN NO.7096
PASS PATTERN NO.7097
PASS PATTERN NO.7098
PASS PATTERN NO.7099
PASS PATTERN NO.7100
PASS PATTERN NO.7101
PASS PATTERN NO.7102
PASS PATTERN NO.7103
PASS PATTERN NO.7104
PASS PATTERN NO.7105
PASS PATTERN NO.7106
PASS PATTERN NO.7107
PASS PATTERN NO.7108
PASS PATTERN NO.7109
PASS PATTERN NO.7110
PASS PATTERN NO.7111
PASS PATTERN NO.7112
PASS PATTERN NO.7113
PASS PATTERN NO.7114
PASS PATTERN NO.7115
PASS PATTERN NO.7116
PASS PATTERN NO.7117
PASS PATTERN NO.7118
PASS PATTERN NO.7119
PASS PATTERN NO.7120
PASS PATTERN NO.7121
PASS PATTERN NO.7122
PASS PATTERN NO.7123
PASS PATTERN NO.7124
PASS PATTERN NO.7125
PASS PATTERN NO.7126
PASS PATTERN NO.7127
PASS PATTERN NO.7128
PASS PATTERN NO.7129
PASS PATTERN NO.7130
PASS PATTERN NO.7131
PASS PATTERN NO.7132
PASS PATTERN NO.7133
PASS PATTERN NO.7134
PASS PATTERN NO.7135
PASS PATTERN NO.7136
PASS PATTERN NO.7137
PASS PATTERN NO.7138
PASS PATTERN NO.7139
PASS PATTERN NO.7140
PASS PATTERN NO.7141
PASS PATTERN NO.7142
PASS PATTERN NO.7143
PASS PATTERN NO.7144
PASS PATTERN NO.7145
PASS PATTERN NO.7146
PASS PATTERN NO.7147
PASS PATTERN NO.7148
PASS PATTERN NO.7149
PASS PATTERN NO.7150
PASS PATTERN NO.7151
PASS PATTERN NO.7152
PASS PATTERN NO.7153
PASS PATTERN NO.7154
PASS PATTERN NO.7155
PASS PATTERN NO.7156
PASS PATTERN NO.7157
PASS PATTERN NO.7158
PASS PATTERN NO.7159
PASS PATTERN NO.7160
PASS PATTERN NO.7161
PASS PATTERN NO.7162
PASS PATTERN NO.7163
PASS PATTERN NO.7164
PASS PATTERN NO.7165
PASS PATTERN NO.7166
PASS PATTERN NO.7167
PASS PATTERN NO.7168
PASS PATTERN NO.7169
PASS PATTERN NO.7170
PASS PATTERN NO.7171
PASS PATTERN NO.7172
PASS PATTERN NO.7173
PASS PATTERN NO.7174
PASS PATTERN NO.7175
PASS PATTERN NO.7176
PASS PATTERN NO.7177
PASS PATTERN NO.7178
PASS PATTERN NO.7179
PASS PATTERN NO.7180
PASS PATTERN NO.7181
PASS PATTERN NO.7182
PASS PATTERN NO.7183
PASS PATTERN NO.7184
PASS PATTERN NO.7185
PASS PATTERN NO.7186
PASS PATTERN NO.7187
PASS PATTERN NO.7188
PASS PATTERN NO.7189
PASS PATTERN NO.7190
PASS PATTERN NO.7191
PASS PATTERN NO.7192
PASS PATTERN NO.7193
PASS PATTERN NO.7194
PASS PATTERN NO.7195
PASS PATTERN NO.7196
PASS PATTERN NO.7197
PASS PATTERN NO.7198
PASS PATTERN NO.7199
PASS PATTERN NO.7200
PASS PATTERN NO.7201
PASS PATTERN NO.7202
PASS PATTERN NO.7203
PASS PATTERN NO.7204
PASS PATTERN NO.7205
PASS PATTERN NO.7206
PASS PATTERN NO.7207
PASS PATTERN NO.7208
PASS PATTERN NO.7209
PASS PATTERN NO.7210
PASS PATTERN NO.7211
PASS PATTERN NO.7212
PASS PATTERN NO.7213
PASS PATTERN NO.7214
PASS PATTERN NO.7215
PASS PATTERN NO.7216
PASS PATTERN NO.7217
PASS PATTERN NO.7218
PASS PATTERN NO.7219
PASS PATTERN NO.7220
PASS PATTERN NO.7221
PASS PATTERN NO.7222
PASS PATTERN NO.7223
PASS PATTERN NO.7224
PASS PATTERN NO.7225
PASS PATTERN NO.7226
PASS PATTERN NO.7227
PASS PATTERN NO.7228
PASS PATTERN NO.7229
PASS PATTERN NO.7230
PASS PATTERN NO.7231
PASS PATTERN NO.7232
PASS PATTERN NO.7233
PASS PATTERN NO.7234
PASS PATTERN NO.7235
PASS PATTERN NO.7236
PASS PATTERN NO.7237
PASS PATTERN NO.7238
PASS PATTERN NO.7239
PASS PATTERN NO.7240
PASS PATTERN NO.7241
PASS PATTERN NO.7242
PASS PATTERN NO.7243
PASS PATTERN NO.7244
PASS PATTERN NO.7245
PASS PATTERN NO.7246
PASS PATTERN NO.7247
PASS PATTERN NO.7248
PASS PATTERN NO.7249
PASS PATTERN NO.7250
PASS PATTERN NO.7251
PASS PATTERN NO.7252
PASS PATTERN NO.7253
PASS PATTERN NO.7254
PASS PATTERN NO.7255
PASS PATTERN NO.7256
PASS PATTERN NO.7257
PASS PATTERN NO.7258
PASS PATTERN NO.7259
PASS PATTERN NO.7260
PASS PATTERN NO.7261
PASS PATTERN NO.7262
PASS PATTERN NO.7263
PASS PATTERN NO.7264
PASS PATTERN NO.7265
PASS PATTERN NO.7266
PASS PATTERN NO.7267
PASS PATTERN NO.7268
PASS PATTERN NO.7269
PASS PATTERN NO.7270
PASS PATTERN NO.7271
PASS PATTERN NO.7272
PASS PATTERN NO.7273
PASS PATTERN NO.7274
PASS PATTERN NO.7275
PASS PATTERN NO.7276
PASS PATTERN NO.7277
PASS PATTERN NO.7278
PASS PATTERN NO.7279
PASS PATTERN NO.7280
PASS PATTERN NO.7281
PASS PATTERN NO.7282
PASS PATTERN NO.7283
PASS PATTERN NO.7284
PASS PATTERN NO.7285
PASS PATTERN NO.7286
PASS PATTERN NO.7287
PASS PATTERN NO.7288
PASS PATTERN NO.7289
PASS PATTERN NO.7290
PASS PATTERN NO.7291
PASS PATTERN NO.7292
PASS PATTERN NO.7293
PASS PATTERN NO.7294
PASS PATTERN NO.7295
PASS PATTERN NO.7296
PASS PATTERN NO.7297
PASS PATTERN NO.7298
PASS PATTERN NO.7299
PASS PATTERN NO.7300
PASS PATTERN NO.7301
PASS PATTERN NO.7302
PASS PATTERN NO.7303
PASS PATTERN NO.7304
PASS PATTERN NO.7305
PASS PATTERN NO.7306
PASS PATTERN NO.7307
PASS PATTERN NO.7308
PASS PATTERN NO.7309
PASS PATTERN NO.7310
PASS PATTERN NO.7311
PASS PATTERN NO.7312
PASS PATTERN NO.7313
PASS PATTERN NO.7314
PASS PATTERN NO.7315
PASS PATTERN NO.7316
PASS PATTERN NO.7317
PASS PATTERN NO.7318
PASS PATTERN NO.7319
PASS PATTERN NO.7320
PASS PATTERN NO.7321
PASS PATTERN NO.7322
PASS PATTERN NO.7323
PASS PATTERN NO.7324
PASS PATTERN NO.7325
PASS PATTERN NO.7326
PASS PATTERN NO.7327
PASS PATTERN NO.7328
PASS PATTERN NO.7329
PASS PATTERN NO.7330
PASS PATTERN NO.7331
PASS PATTERN NO.7332
PASS PATTERN NO.7333
PASS PATTERN NO.7334
PASS PATTERN NO.7335
PASS PATTERN NO.7336
PASS PATTERN NO.7337
PASS PATTERN NO.7338
PASS PATTERN NO.7339
PASS PATTERN NO.7340
PASS PATTERN NO.7341
PASS PATTERN NO.7342
PASS PATTERN NO.7343
PASS PATTERN NO.7344
PASS PATTERN NO.7345
PASS PATTERN NO.7346
PASS PATTERN NO.7347
PASS PATTERN NO.7348
PASS PATTERN NO.7349
PASS PATTERN NO.7350
PASS PATTERN NO.7351
PASS PATTERN NO.7352
PASS PATTERN NO.7353
PASS PATTERN NO.7354
PASS PATTERN NO.7355
PASS PATTERN NO.7356
PASS PATTERN NO.7357
PASS PATTERN NO.7358
PASS PATTERN NO.7359
PASS PATTERN NO.7360
PASS PATTERN NO.7361
PASS PATTERN NO.7362
PASS PATTERN NO.7363
PASS PATTERN NO.7364
PASS PATTERN NO.7365
PASS PATTERN NO.7366
PASS PATTERN NO.7367
PASS PATTERN NO.7368
PASS PATTERN NO.7369
PASS PATTERN NO.7370
PASS PATTERN NO.7371
PASS PATTERN NO.7372
PASS PATTERN NO.7373
PASS PATTERN NO.7374
PASS PATTERN NO.7375
PASS PATTERN NO.7376
PASS PATTERN NO.7377
PASS PATTERN NO.7378
PASS PATTERN NO.7379
PASS PATTERN NO.7380
PASS PATTERN NO.7381
PASS PATTERN NO.7382
PASS PATTERN NO.7383
PASS PATTERN NO.7384
PASS PATTERN NO.7385
PASS PATTERN NO.7386
PASS PATTERN NO.7387
PASS PATTERN NO.7388
PASS PATTERN NO.7389
PASS PATTERN NO.7390
PASS PATTERN NO.7391
PASS PATTERN NO.7392
PASS PATTERN NO.7393
PASS PATTERN NO.7394
PASS PATTERN NO.7395
PASS PATTERN NO.7396
PASS PATTERN NO.7397
PASS PATTERN NO.7398
PASS PATTERN NO.7399
PASS PATTERN NO.7400
PASS PATTERN NO.7401
PASS PATTERN NO.7402
PASS PATTERN NO.7403
PASS PATTERN NO.7404
PASS PATTERN NO.7405
PASS PATTERN NO.7406
PASS PATTERN NO.7407
PASS PATTERN NO.7408
PASS PATTERN NO.7409
PASS PATTERN NO.7410
PASS PATTERN NO.7411
PASS PATTERN NO.7412
PASS PATTERN NO.7413
PASS PATTERN NO.7414
PASS PATTERN NO.7415
PASS PATTERN NO.7416
PASS PATTERN NO.7417
PASS PATTERN NO.7418
PASS PATTERN NO.7419
PASS PATTERN NO.7420
PASS PATTERN NO.7421
PASS PATTERN NO.7422
PASS PATTERN NO.7423
PASS PATTERN NO.7424
PASS PATTERN NO.7425
PASS PATTERN NO.7426
PASS PATTERN NO.7427
PASS PATTERN NO.7428
PASS PATTERN NO.7429
PASS PATTERN NO.7430
PASS PATTERN NO.7431
PASS PATTERN NO.7432
PASS PATTERN NO.7433
PASS PATTERN NO.7434
PASS PATTERN NO.7435
PASS PATTERN NO.7436
PASS PATTERN NO.7437
PASS PATTERN NO.7438
PASS PATTERN NO.7439
PASS PATTERN NO.7440
PASS PATTERN NO.7441
PASS PATTERN NO.7442
PASS PATTERN NO.7443
PASS PATTERN NO.7444
PASS PATTERN NO.7445
PASS PATTERN NO.7446
PASS PATTERN NO.7447
PASS PATTERN NO.7448
PASS PATTERN NO.7449
PASS PATTERN NO.7450
PASS PATTERN NO.7451
PASS PATTERN NO.7452
PASS PATTERN NO.7453
PASS PATTERN NO.7454
PASS PATTERN NO.7455
PASS PATTERN NO.7456
PASS PATTERN NO.7457
PASS PATTERN NO.7458
PASS PATTERN NO.7459
PASS PATTERN NO.7460
PASS PATTERN NO.7461
PASS PATTERN NO.7462
PASS PATTERN NO.7463
PASS PATTERN NO.7464
PASS PATTERN NO.7465
PASS PATTERN NO.7466
PASS PATTERN NO.7467
PASS PATTERN NO.7468
PASS PATTERN NO.7469
PASS PATTERN NO.7470
PASS PATTERN NO.7471
PASS PATTERN NO.7472
PASS PATTERN NO.7473
PASS PATTERN NO.7474
PASS PATTERN NO.7475
PASS PATTERN NO.7476
PASS PATTERN NO.7477
PASS PATTERN NO.7478
PASS PATTERN NO.7479
PASS PATTERN NO.7480
PASS PATTERN NO.7481
PASS PATTERN NO.7482
PASS PATTERN NO.7483
PASS PATTERN NO.7484
PASS PATTERN NO.7485
PASS PATTERN NO.7486
PASS PATTERN NO.7487
PASS PATTERN NO.7488
PASS PATTERN NO.7489
PASS PATTERN NO.7490
PASS PATTERN NO.7491
PASS PATTERN NO.7492
PASS PATTERN NO.7493
PASS PATTERN NO.7494
PASS PATTERN NO.7495
PASS PATTERN NO.7496
PASS PATTERN NO.7497
PASS PATTERN NO.7498
PASS PATTERN NO.7499
PASS PATTERN NO.7500
PASS PATTERN NO.7501
PASS PATTERN NO.7502
PASS PATTERN NO.7503
PASS PATTERN NO.7504
PASS PATTERN NO.7505
PASS PATTERN NO.7506
PASS PATTERN NO.7507
PASS PATTERN NO.7508
PASS PATTERN NO.7509
PASS PATTERN NO.7510
PASS PATTERN NO.7511
PASS PATTERN NO.7512
PASS PATTERN NO.7513
PASS PATTERN NO.7514
PASS PATTERN NO.7515
PASS PATTERN NO.7516
PASS PATTERN NO.7517
PASS PATTERN NO.7518
PASS PATTERN NO.7519
PASS PATTERN NO.7520
PASS PATTERN NO.7521
PASS PATTERN NO.7522
PASS PATTERN NO.7523
PASS PATTERN NO.7524
PASS PATTERN NO.7525
PASS PATTERN NO.7526
PASS PATTERN NO.7527
PASS PATTERN NO.7528
PASS PATTERN NO.7529
PASS PATTERN NO.7530
PASS PATTERN NO.7531
PASS PATTERN NO.7532
PASS PATTERN NO.7533
PASS PATTERN NO.7534
PASS PATTERN NO.7535
PASS PATTERN NO.7536
PASS PATTERN NO.7537
PASS PATTERN NO.7538
PASS PATTERN NO.7539
PASS PATTERN NO.7540
PASS PATTERN NO.7541
PASS PATTERN NO.7542
PASS PATTERN NO.7543
PASS PATTERN NO.7544
PASS PATTERN NO.7545
PASS PATTERN NO.7546
PASS PATTERN NO.7547
PASS PATTERN NO.7548
PASS PATTERN NO.7549
PASS PATTERN NO.7550
PASS PATTERN NO.7551
PASS PATTERN NO.7552
PASS PATTERN NO.7553
PASS PATTERN NO.7554
PASS PATTERN NO.7555
PASS PATTERN NO.7556
PASS PATTERN NO.7557
PASS PATTERN NO.7558
PASS PATTERN NO.7559
PASS PATTERN NO.7560
PASS PATTERN NO.7561
PASS PATTERN NO.7562
PASS PATTERN NO.7563
PASS PATTERN NO.7564
PASS PATTERN NO.7565
PASS PATTERN NO.7566
PASS PATTERN NO.7567
PASS PATTERN NO.7568
PASS PATTERN NO.7569
PASS PATTERN NO.7570
PASS PATTERN NO.7571
PASS PATTERN NO.7572
PASS PATTERN NO.7573
PASS PATTERN NO.7574
PASS PATTERN NO.7575
PASS PATTERN NO.7576
PASS PATTERN NO.7577
PASS PATTERN NO.7578
PASS PATTERN NO.7579
PASS PATTERN NO.7580
PASS PATTERN NO.7581
PASS PATTERN NO.7582
PASS PATTERN NO.7583
PASS PATTERN NO.7584
PASS PATTERN NO.7585
PASS PATTERN NO.7586
PASS PATTERN NO.7587
PASS PATTERN NO.7588
PASS PATTERN NO.7589
PASS PATTERN NO.7590
PASS PATTERN NO.7591
PASS PATTERN NO.7592
PASS PATTERN NO.7593
PASS PATTERN NO.7594
PASS PATTERN NO.7595
PASS PATTERN NO.7596
PASS PATTERN NO.7597
PASS PATTERN NO.7598
PASS PATTERN NO.7599
PASS PATTERN NO.7600
PASS PATTERN NO.7601
PASS PATTERN NO.7602
PASS PATTERN NO.7603
PASS PATTERN NO.7604
PASS PATTERN NO.7605
PASS PATTERN NO.7606
PASS PATTERN NO.7607
PASS PATTERN NO.7608
PASS PATTERN NO.7609
PASS PATTERN NO.7610
PASS PATTERN NO.7611
PASS PATTERN NO.7612
PASS PATTERN NO.7613
PASS PATTERN NO.7614
PASS PATTERN NO.7615
PASS PATTERN NO.7616
PASS PATTERN NO.7617
PASS PATTERN NO.7618
PASS PATTERN NO.7619
PASS PATTERN NO.7620
PASS PATTERN NO.7621
PASS PATTERN NO.7622
PASS PATTERN NO.7623
PASS PATTERN NO.7624
PASS PATTERN NO.7625
PASS PATTERN NO.7626
PASS PATTERN NO.7627
PASS PATTERN NO.7628
PASS PATTERN NO.7629
PASS PATTERN NO.7630
PASS PATTERN NO.7631
PASS PATTERN NO.7632
PASS PATTERN NO.7633
PASS PATTERN NO.7634
PASS PATTERN NO.7635
PASS PATTERN NO.7636
PASS PATTERN NO.7637
PASS PATTERN NO.7638
PASS PATTERN NO.7639
PASS PATTERN NO.7640
PASS PATTERN NO.7641
PASS PATTERN NO.7642
PASS PATTERN NO.7643
PASS PATTERN NO.7644
PASS PATTERN NO.7645
PASS PATTERN NO.7646
PASS PATTERN NO.7647
PASS PATTERN NO.7648
PASS PATTERN NO.7649
PASS PATTERN NO.7650
PASS PATTERN NO.7651
PASS PATTERN NO.7652
PASS PATTERN NO.7653
PASS PATTERN NO.7654
PASS PATTERN NO.7655
PASS PATTERN NO.7656
PASS PATTERN NO.7657
PASS PATTERN NO.7658
PASS PATTERN NO.7659
PASS PATTERN NO.7660
PASS PATTERN NO.7661
PASS PATTERN NO.7662
PASS PATTERN NO.7663
PASS PATTERN NO.7664
PASS PATTERN NO.7665
PASS PATTERN NO.7666
PASS PATTERN NO.7667
PASS PATTERN NO.7668
PASS PATTERN NO.7669
PASS PATTERN NO.7670
PASS PATTERN NO.7671
PASS PATTERN NO.7672
PASS PATTERN NO.7673
PASS PATTERN NO.7674
PASS PATTERN NO.7675
PASS PATTERN NO.7676
PASS PATTERN NO.7677
PASS PATTERN NO.7678
PASS PATTERN NO.7679
PASS PATTERN NO.7680
PASS PATTERN NO.7681
PASS PATTERN NO.7682
PASS PATTERN NO.7683
PASS PATTERN NO.7684
PASS PATTERN NO.7685
PASS PATTERN NO.7686
PASS PATTERN NO.7687
PASS PATTERN NO.7688
PASS PATTERN NO.7689
PASS PATTERN NO.7690
PASS PATTERN NO.7691
PASS PATTERN NO.7692
PASS PATTERN NO.7693
PASS PATTERN NO.7694
PASS PATTERN NO.7695
PASS PATTERN NO.7696
PASS PATTERN NO.7697
PASS PATTERN NO.7698
PASS PATTERN NO.7699
PASS PATTERN NO.7700
PASS PATTERN NO.7701
PASS PATTERN NO.7702
PASS PATTERN NO.7703
PASS PATTERN NO.7704
PASS PATTERN NO.7705
PASS PATTERN NO.7706
PASS PATTERN NO.7707
PASS PATTERN NO.7708
PASS PATTERN NO.7709
PASS PATTERN NO.7710
PASS PATTERN NO.7711
PASS PATTERN NO.7712
PASS PATTERN NO.7713
PASS PATTERN NO.7714
PASS PATTERN NO.7715
PASS PATTERN NO.7716
PASS PATTERN NO.7717
PASS PATTERN NO.7718
PASS PATTERN NO.7719
PASS PATTERN NO.7720
PASS PATTERN NO.7721
PASS PATTERN NO.7722
PASS PATTERN NO.7723
PASS PATTERN NO.7724
PASS PATTERN NO.7725
PASS PATTERN NO.7726
PASS PATTERN NO.7727
PASS PATTERN NO.7728
PASS PATTERN NO.7729
PASS PATTERN NO.7730
PASS PATTERN NO.7731
PASS PATTERN NO.7732
PASS PATTERN NO.7733
PASS PATTERN NO.7734
PASS PATTERN NO.7735
PASS PATTERN NO.7736
PASS PATTERN NO.7737
PASS PATTERN NO.7738
PASS PATTERN NO.7739
PASS PATTERN NO.7740
PASS PATTERN NO.7741
PASS PATTERN NO.7742
PASS PATTERN NO.7743
PASS PATTERN NO.7744
PASS PATTERN NO.7745
PASS PATTERN NO.7746
PASS PATTERN NO.7747
PASS PATTERN NO.7748
PASS PATTERN NO.7749
PASS PATTERN NO.7750
PASS PATTERN NO.7751
PASS PATTERN NO.7752
PASS PATTERN NO.7753
PASS PATTERN NO.7754
PASS PATTERN NO.7755
PASS PATTERN NO.7756
PASS PATTERN NO.7757
PASS PATTERN NO.7758
PASS PATTERN NO.7759
PASS PATTERN NO.7760
PASS PATTERN NO.7761
PASS PATTERN NO.7762
PASS PATTERN NO.7763
PASS PATTERN NO.7764
PASS PATTERN NO.7765
PASS PATTERN NO.7766
PASS PATTERN NO.7767
PASS PATTERN NO.7768
PASS PATTERN NO.7769
PASS PATTERN NO.7770
PASS PATTERN NO.7771
PASS PATTERN NO.7772
PASS PATTERN NO.7773
PASS PATTERN NO.7774
PASS PATTERN NO.7775
PASS PATTERN NO.7776
PASS PATTERN NO.7777
PASS PATTERN NO.7778
PASS PATTERN NO.7779
PASS PATTERN NO.7780
PASS PATTERN NO.7781
PASS PATTERN NO.7782
PASS PATTERN NO.7783
PASS PATTERN NO.7784
PASS PATTERN NO.7785
PASS PATTERN NO.7786
PASS PATTERN NO.7787
PASS PATTERN NO.7788
PASS PATTERN NO.7789
PASS PATTERN NO.7790
PASS PATTERN NO.7791
PASS PATTERN NO.7792
PASS PATTERN NO.7793
PASS PATTERN NO.7794
PASS PATTERN NO.7795
PASS PATTERN NO.7796
PASS PATTERN NO.7797
PASS PATTERN NO.7798
PASS PATTERN NO.7799
PASS PATTERN NO.7800
PASS PATTERN NO.7801
PASS PATTERN NO.7802
PASS PATTERN NO.7803
PASS PATTERN NO.7804
PASS PATTERN NO.7805
PASS PATTERN NO.7806
PASS PATTERN NO.7807
PASS PATTERN NO.7808
PASS PATTERN NO.7809
PASS PATTERN NO.7810
PASS PATTERN NO.7811
PASS PATTERN NO.7812
PASS PATTERN NO.7813
PASS PATTERN NO.7814
PASS PATTERN NO.7815
PASS PATTERN NO.7816
PASS PATTERN NO.7817
PASS PATTERN NO.7818
PASS PATTERN NO.7819
PASS PATTERN NO.7820
PASS PATTERN NO.7821
PASS PATTERN NO.7822
PASS PATTERN NO.7823
PASS PATTERN NO.7824
PASS PATTERN NO.7825
PASS PATTERN NO.7826
PASS PATTERN NO.7827
PASS PATTERN NO.7828
PASS PATTERN NO.7829
PASS PATTERN NO.7830
PASS PATTERN NO.7831
PASS PATTERN NO.7832
PASS PATTERN NO.7833
PASS PATTERN NO.7834
PASS PATTERN NO.7835
PASS PATTERN NO.7836
PASS PATTERN NO.7837
PASS PATTERN NO.7838
PASS PATTERN NO.7839
PASS PATTERN NO.7840
PASS PATTERN NO.7841
PASS PATTERN NO.7842
PASS PATTERN NO.7843
PASS PATTERN NO.7844
PASS PATTERN NO.7845
PASS PATTERN NO.7846
PASS PATTERN NO.7847
PASS PATTERN NO.7848
PASS PATTERN NO.7849
PASS PATTERN NO.7850
PASS PATTERN NO.7851
PASS PATTERN NO.7852
PASS PATTERN NO.7853
PASS PATTERN NO.7854
PASS PATTERN NO.7855
PASS PATTERN NO.7856
PASS PATTERN NO.7857
PASS PATTERN NO.7858
PASS PATTERN NO.7859
PASS PATTERN NO.7860
PASS PATTERN NO.7861
PASS PATTERN NO.7862
PASS PATTERN NO.7863
PASS PATTERN NO.7864
PASS PATTERN NO.7865
PASS PATTERN NO.7866
PASS PATTERN NO.7867
PASS PATTERN NO.7868
PASS PATTERN NO.7869
PASS PATTERN NO.7870
PASS PATTERN NO.7871
PASS PATTERN NO.7872
PASS PATTERN NO.7873
PASS PATTERN NO.7874
PASS PATTERN NO.7875
PASS PATTERN NO.7876
PASS PATTERN NO.7877
PASS PATTERN NO.7878
PASS PATTERN NO.7879
PASS PATTERN NO.7880
PASS PATTERN NO.7881
PASS PATTERN NO.7882
PASS PATTERN NO.7883
PASS PATTERN NO.7884
PASS PATTERN NO.7885
PASS PATTERN NO.7886
PASS PATTERN NO.7887
PASS PATTERN NO.7888
PASS PATTERN NO.7889
PASS PATTERN NO.7890
PASS PATTERN NO.7891
PASS PATTERN NO.7892
PASS PATTERN NO.7893
PASS PATTERN NO.7894
PASS PATTERN NO.7895
PASS PATTERN NO.7896
PASS PATTERN NO.7897
PASS PATTERN NO.7898
PASS PATTERN NO.7899
PASS PATTERN NO.7900
PASS PATTERN NO.7901
PASS PATTERN NO.7902
PASS PATTERN NO.7903
PASS PATTERN NO.7904
PASS PATTERN NO.7905
PASS PATTERN NO.7906
PASS PATTERN NO.7907
PASS PATTERN NO.7908
PASS PATTERN NO.7909
PASS PATTERN NO.7910
PASS PATTERN NO.7911
PASS PATTERN NO.7912
PASS PATTERN NO.7913
PASS PATTERN NO.7914
PASS PATTERN NO.7915
PASS PATTERN NO.7916
PASS PATTERN NO.7917
PASS PATTERN NO.7918
PASS PATTERN NO.7919
PASS PATTERN NO.7920
PASS PATTERN NO.7921
PASS PATTERN NO.7922
PASS PATTERN NO.7923
PASS PATTERN NO.7924
PASS PATTERN NO.7925
PASS PATTERN NO.7926
PASS PATTERN NO.7927
PASS PATTERN NO.7928
PASS PATTERN NO.7929
PASS PATTERN NO.7930
PASS PATTERN NO.7931
PASS PATTERN NO.7932
PASS PATTERN NO.7933
PASS PATTERN NO.7934
PASS PATTERN NO.7935
PASS PATTERN NO.7936
PASS PATTERN NO.7937
PASS PATTERN NO.7938
PASS PATTERN NO.7939
PASS PATTERN NO.7940
PASS PATTERN NO.7941
PASS PATTERN NO.7942
PASS PATTERN NO.7943
PASS PATTERN NO.7944
PASS PATTERN NO.7945
PASS PATTERN NO.7946
PASS PATTERN NO.7947
PASS PATTERN NO.7948
PASS PATTERN NO.7949
PASS PATTERN NO.7950
PASS PATTERN NO.7951
PASS PATTERN NO.7952
PASS PATTERN NO.7953
PASS PATTERN NO.7954
PASS PATTERN NO.7955
PASS PATTERN NO.7956
PASS PATTERN NO.7957
PASS PATTERN NO.7958
PASS PATTERN NO.7959
PASS PATTERN NO.7960
PASS PATTERN NO.7961
PASS PATTERN NO.7962
PASS PATTERN NO.7963
PASS PATTERN NO.7964
PASS PATTERN NO.7965
PASS PATTERN NO.7966
PASS PATTERN NO.7967
PASS PATTERN NO.7968
PASS PATTERN NO.7969
PASS PATTERN NO.7970
PASS PATTERN NO.7971
PASS PATTERN NO.7972
PASS PATTERN NO.7973
PASS PATTERN NO.7974
PASS PATTERN NO.7975
PASS PATTERN NO.7976
PASS PATTERN NO.7977
PASS PATTERN NO.7978
PASS PATTERN NO.7979
PASS PATTERN NO.7980
PASS PATTERN NO.7981
PASS PATTERN NO.7982
PASS PATTERN NO.7983
PASS PATTERN NO.7984
PASS PATTERN NO.7985
PASS PATTERN NO.7986
PASS PATTERN NO.7987
PASS PATTERN NO.7988
PASS PATTERN NO.7989
PASS PATTERN NO.7990
PASS PATTERN NO.7991
PASS PATTERN NO.7992
PASS PATTERN NO.7993
PASS PATTERN NO.7994
PASS PATTERN NO.7995
PASS PATTERN NO.7996
PASS PATTERN NO.7997
PASS PATTERN NO.7998
PASS PATTERN NO.7999
PASS PATTERN NO.8000
PASS PATTERN NO.8001
PASS PATTERN NO.8002
PASS PATTERN NO.8003
PASS PATTERN NO.8004
PASS PATTERN NO.8005
PASS PATTERN NO.8006
PASS PATTERN NO.8007
PASS PATTERN NO.8008
PASS PATTERN NO.8009
PASS PATTERN NO.8010
PASS PATTERN NO.8011
PASS PATTERN NO.8012
PASS PATTERN NO.8013
PASS PATTERN NO.8014
PASS PATTERN NO.8015
PASS PATTERN NO.8016
PASS PATTERN NO.8017
PASS PATTERN NO.8018
PASS PATTERN NO.8019
PASS PATTERN NO.8020
PASS PATTERN NO.8021
PASS PATTERN NO.8022
PASS PATTERN NO.8023
PASS PATTERN NO.8024
PASS PATTERN NO.8025
PASS PATTERN NO.8026
PASS PATTERN NO.8027
PASS PATTERN NO.8028
PASS PATTERN NO.8029
PASS PATTERN NO.8030
PASS PATTERN NO.8031
PASS PATTERN NO.8032
PASS PATTERN NO.8033
PASS PATTERN NO.8034
PASS PATTERN NO.8035
PASS PATTERN NO.8036
PASS PATTERN NO.8037
PASS PATTERN NO.8038
PASS PATTERN NO.8039
PASS PATTERN NO.8040
PASS PATTERN NO.8041
PASS PATTERN NO.8042
PASS PATTERN NO.8043
PASS PATTERN NO.8044
PASS PATTERN NO.8045
PASS PATTERN NO.8046
PASS PATTERN NO.8047
PASS PATTERN NO.8048
PASS PATTERN NO.8049
PASS PATTERN NO.8050
PASS PATTERN NO.8051
PASS PATTERN NO.8052
PASS PATTERN NO.8053
PASS PATTERN NO.8054
PASS PATTERN NO.8055
PASS PATTERN NO.8056
PASS PATTERN NO.8057
PASS PATTERN NO.8058
PASS PATTERN NO.8059
PASS PATTERN NO.8060
PASS PATTERN NO.8061
PASS PATTERN NO.8062
PASS PATTERN NO.8063
PASS PATTERN NO.8064
PASS PATTERN NO.8065
PASS PATTERN NO.8066
PASS PATTERN NO.8067
PASS PATTERN NO.8068
PASS PATTERN NO.8069
PASS PATTERN NO.8070
PASS PATTERN NO.8071
PASS PATTERN NO.8072
PASS PATTERN NO.8073
PASS PATTERN NO.8074
PASS PATTERN NO.8075
PASS PATTERN NO.8076
PASS PATTERN NO.8077
PASS PATTERN NO.8078
PASS PATTERN NO.8079
PASS PATTERN NO.8080
PASS PATTERN NO.8081
PASS PATTERN NO.8082
PASS PATTERN NO.8083
PASS PATTERN NO.8084
PASS PATTERN NO.8085
PASS PATTERN NO.8086
PASS PATTERN NO.8087
PASS PATTERN NO.8088
PASS PATTERN NO.8089
PASS PATTERN NO.8090
PASS PATTERN NO.8091
PASS PATTERN NO.8092
PASS PATTERN NO.8093
PASS PATTERN NO.8094
PASS PATTERN NO.8095
PASS PATTERN NO.8096
PASS PATTERN NO.8097
PASS PATTERN NO.8098
PASS PATTERN NO.8099
PASS PATTERN NO.8100
PASS PATTERN NO.8101
PASS PATTERN NO.8102
PASS PATTERN NO.8103
PASS PATTERN NO.8104
PASS PATTERN NO.8105
PASS PATTERN NO.8106
PASS PATTERN NO.8107
PASS PATTERN NO.8108
PASS PATTERN NO.8109
PASS PATTERN NO.8110
PASS PATTERN NO.8111
PASS PATTERN NO.8112
PASS PATTERN NO.8113
PASS PATTERN NO.8114
PASS PATTERN NO.8115
PASS PATTERN NO.8116
PASS PATTERN NO.8117
PASS PATTERN NO.8118
PASS PATTERN NO.8119
PASS PATTERN NO.8120
PASS PATTERN NO.8121
PASS PATTERN NO.8122
PASS PATTERN NO.8123
PASS PATTERN NO.8124
PASS PATTERN NO.8125
PASS PATTERN NO.8126
PASS PATTERN NO.8127
PASS PATTERN NO.8128
PASS PATTERN NO.8129
PASS PATTERN NO.8130
PASS PATTERN NO.8131
PASS PATTERN NO.8132
PASS PATTERN NO.8133
PASS PATTERN NO.8134
PASS PATTERN NO.8135
PASS PATTERN NO.8136
PASS PATTERN NO.8137
PASS PATTERN NO.8138
PASS PATTERN NO.8139
PASS PATTERN NO.8140
PASS PATTERN NO.8141
PASS PATTERN NO.8142
PASS PATTERN NO.8143
PASS PATTERN NO.8144
PASS PATTERN NO.8145
PASS PATTERN NO.8146
PASS PATTERN NO.8147
PASS PATTERN NO.8148
PASS PATTERN NO.8149
PASS PATTERN NO.8150
PASS PATTERN NO.8151
PASS PATTERN NO.8152
PASS PATTERN NO.8153
PASS PATTERN NO.8154
PASS PATTERN NO.8155
PASS PATTERN NO.8156
PASS PATTERN NO.8157
PASS PATTERN NO.8158
PASS PATTERN NO.8159
PASS PATTERN NO.8160
PASS PATTERN NO.8161
PASS PATTERN NO.8162
PASS PATTERN NO.8163
PASS PATTERN NO.8164
PASS PATTERN NO.8165
PASS PATTERN NO.8166
PASS PATTERN NO.8167
PASS PATTERN NO.8168
PASS PATTERN NO.8169
PASS PATTERN NO.8170
PASS PATTERN NO.8171
PASS PATTERN NO.8172
PASS PATTERN NO.8173
PASS PATTERN NO.8174
PASS PATTERN NO.8175
PASS PATTERN NO.8176
PASS PATTERN NO.8177
PASS PATTERN NO.8178
PASS PATTERN NO.8179
PASS PATTERN NO.8180
PASS PATTERN NO.8181
PASS PATTERN NO.8182
PASS PATTERN NO.8183
PASS PATTERN NO.8184
PASS PATTERN NO.8185
PASS PATTERN NO.8186
PASS PATTERN NO.8187
PASS PATTERN NO.8188
PASS PATTERN NO.8189
PASS PATTERN NO.8190
PASS PATTERN NO.8191
PASS PATTERN NO.8192
PASS PATTERN NO.8193
PASS PATTERN NO.8194
PASS PATTERN NO.8195
PASS PATTERN NO.8196
PASS PATTERN NO.8197
PASS PATTERN NO.8198
PASS PATTERN NO.8199
PASS PATTERN NO.8200
PASS PATTERN NO.8201
PASS PATTERN NO.8202
PASS PATTERN NO.8203
PASS PATTERN NO.8204
PASS PATTERN NO.8205
PASS PATTERN NO.8206
PASS PATTERN NO.8207
PASS PATTERN NO.8208
PASS PATTERN NO.8209
PASS PATTERN NO.8210
PASS PATTERN NO.8211
PASS PATTERN NO.8212
PASS PATTERN NO.8213
PASS PATTERN NO.8214
PASS PATTERN NO.8215
PASS PATTERN NO.8216
PASS PATTERN NO.8217
PASS PATTERN NO.8218
PASS PATTERN NO.8219
PASS PATTERN NO.8220
PASS PATTERN NO.8221
PASS PATTERN NO.8222
PASS PATTERN NO.8223
PASS PATTERN NO.8224
PASS PATTERN NO.8225
PASS PATTERN NO.8226
PASS PATTERN NO.8227
PASS PATTERN NO.8228
PASS PATTERN NO.8229
PASS PATTERN NO.8230
PASS PATTERN NO.8231
PASS PATTERN NO.8232
PASS PATTERN NO.8233
PASS PATTERN NO.8234
PASS PATTERN NO.8235
PASS PATTERN NO.8236
PASS PATTERN NO.8237
PASS PATTERN NO.8238
PASS PATTERN NO.8239
PASS PATTERN NO.8240
PASS PATTERN NO.8241
PASS PATTERN NO.8242
PASS PATTERN NO.8243
PASS PATTERN NO.8244
PASS PATTERN NO.8245
PASS PATTERN NO.8246
PASS PATTERN NO.8247
PASS PATTERN NO.8248
PASS PATTERN NO.8249
PASS PATTERN NO.8250
PASS PATTERN NO.8251
PASS PATTERN NO.8252
PASS PATTERN NO.8253
PASS PATTERN NO.8254
PASS PATTERN NO.8255
PASS PATTERN NO.8256
PASS PATTERN NO.8257
PASS PATTERN NO.8258
PASS PATTERN NO.8259
PASS PATTERN NO.8260
PASS PATTERN NO.8261
PASS PATTERN NO.8262
PASS PATTERN NO.8263
PASS PATTERN NO.8264
PASS PATTERN NO.8265
PASS PATTERN NO.8266
PASS PATTERN NO.8267
PASS PATTERN NO.8268
PASS PATTERN NO.8269
PASS PATTERN NO.8270
PASS PATTERN NO.8271
PASS PATTERN NO.8272
PASS PATTERN NO.8273
PASS PATTERN NO.8274
PASS PATTERN NO.8275
PASS PATTERN NO.8276
PASS PATTERN NO.8277
PASS PATTERN NO.8278
PASS PATTERN NO.8279
PASS PATTERN NO.8280
PASS PATTERN NO.8281
PASS PATTERN NO.8282
PASS PATTERN NO.8283
PASS PATTERN NO.8284
PASS PATTERN NO.8285
PASS PATTERN NO.8286
PASS PATTERN NO.8287
PASS PATTERN NO.8288
PASS PATTERN NO.8289
PASS PATTERN NO.8290
PASS PATTERN NO.8291
PASS PATTERN NO.8292
PASS PATTERN NO.8293
PASS PATTERN NO.8294
PASS PATTERN NO.8295
PASS PATTERN NO.8296
PASS PATTERN NO.8297
PASS PATTERN NO.8298
PASS PATTERN NO.8299
PASS PATTERN NO.8300
PASS PATTERN NO.8301
PASS PATTERN NO.8302
PASS PATTERN NO.8303
PASS PATTERN NO.8304
PASS PATTERN NO.8305
PASS PATTERN NO.8306
PASS PATTERN NO.8307
PASS PATTERN NO.8308
PASS PATTERN NO.8309
PASS PATTERN NO.8310
PASS PATTERN NO.8311
PASS PATTERN NO.8312
PASS PATTERN NO.8313
PASS PATTERN NO.8314
PASS PATTERN NO.8315
PASS PATTERN NO.8316
PASS PATTERN NO.8317
PASS PATTERN NO.8318
PASS PATTERN NO.8319
PASS PATTERN NO.8320
PASS PATTERN NO.8321
PASS PATTERN NO.8322
PASS PATTERN NO.8323
PASS PATTERN NO.8324
PASS PATTERN NO.8325
PASS PATTERN NO.8326
PASS PATTERN NO.8327
PASS PATTERN NO.8328
PASS PATTERN NO.8329
PASS PATTERN NO.8330
PASS PATTERN NO.8331
PASS PATTERN NO.8332
PASS PATTERN NO.8333
PASS PATTERN NO.8334
PASS PATTERN NO.8335
PASS PATTERN NO.8336
PASS PATTERN NO.8337
PASS PATTERN NO.8338
PASS PATTERN NO.8339
PASS PATTERN NO.8340
PASS PATTERN NO.8341
PASS PATTERN NO.8342
PASS PATTERN NO.8343
PASS PATTERN NO.8344
PASS PATTERN NO.8345
PASS PATTERN NO.8346
PASS PATTERN NO.8347
PASS PATTERN NO.8348
PASS PATTERN NO.8349
PASS PATTERN NO.8350
PASS PATTERN NO.8351
PASS PATTERN NO.8352
PASS PATTERN NO.8353
PASS PATTERN NO.8354
PASS PATTERN NO.8355
PASS PATTERN NO.8356
PASS PATTERN NO.8357
PASS PATTERN NO.8358
PASS PATTERN NO.8359
PASS PATTERN NO.8360
PASS PATTERN NO.8361
PASS PATTERN NO.8362
PASS PATTERN NO.8363
PASS PATTERN NO.8364
PASS PATTERN NO.8365
PASS PATTERN NO.8366
PASS PATTERN NO.8367
PASS PATTERN NO.8368
PASS PATTERN NO.8369
PASS PATTERN NO.8370
PASS PATTERN NO.8371
PASS PATTERN NO.8372
PASS PATTERN NO.8373
PASS PATTERN NO.8374
PASS PATTERN NO.8375
PASS PATTERN NO.8376
PASS PATTERN NO.8377
PASS PATTERN NO.8378
PASS PATTERN NO.8379
PASS PATTERN NO.8380
PASS PATTERN NO.8381
PASS PATTERN NO.8382
PASS PATTERN NO.8383
PASS PATTERN NO.8384
PASS PATTERN NO.8385
PASS PATTERN NO.8386
PASS PATTERN NO.8387
PASS PATTERN NO.8388
PASS PATTERN NO.8389
PASS PATTERN NO.8390
PASS PATTERN NO.8391
PASS PATTERN NO.8392
PASS PATTERN NO.8393
PASS PATTERN NO.8394
PASS PATTERN NO.8395
PASS PATTERN NO.8396
PASS PATTERN NO.8397
PASS PATTERN NO.8398
PASS PATTERN NO.8399
PASS PATTERN NO.8400
PASS PATTERN NO.8401
PASS PATTERN NO.8402
PASS PATTERN NO.8403
PASS PATTERN NO.8404
PASS PATTERN NO.8405
PASS PATTERN NO.8406
PASS PATTERN NO.8407
PASS PATTERN NO.8408
PASS PATTERN NO.8409
PASS PATTERN NO.8410
PASS PATTERN NO.8411
PASS PATTERN NO.8412
PASS PATTERN NO.8413
PASS PATTERN NO.8414
PASS PATTERN NO.8415
PASS PATTERN NO.8416
PASS PATTERN NO.8417
PASS PATTERN NO.8418
PASS PATTERN NO.8419
PASS PATTERN NO.8420
PASS PATTERN NO.8421
PASS PATTERN NO.8422
PASS PATTERN NO.8423
PASS PATTERN NO.8424
PASS PATTERN NO.8425
PASS PATTERN NO.8426
PASS PATTERN NO.8427
PASS PATTERN NO.8428
PASS PATTERN NO.8429
PASS PATTERN NO.8430
PASS PATTERN NO.8431
PASS PATTERN NO.8432
PASS PATTERN NO.8433
PASS PATTERN NO.8434
PASS PATTERN NO.8435
PASS PATTERN NO.8436
PASS PATTERN NO.8437
PASS PATTERN NO.8438
PASS PATTERN NO.8439
PASS PATTERN NO.8440
PASS PATTERN NO.8441
PASS PATTERN NO.8442
PASS PATTERN NO.8443
PASS PATTERN NO.8444
PASS PATTERN NO.8445
PASS PATTERN NO.8446
PASS PATTERN NO.8447
PASS PATTERN NO.8448
PASS PATTERN NO.8449
PASS PATTERN NO.8450
PASS PATTERN NO.8451
PASS PATTERN NO.8452
PASS PATTERN NO.8453
PASS PATTERN NO.8454
PASS PATTERN NO.8455
PASS PATTERN NO.8456
PASS PATTERN NO.8457
PASS PATTERN NO.8458
PASS PATTERN NO.8459
PASS PATTERN NO.8460
PASS PATTERN NO.8461
PASS PATTERN NO.8462
PASS PATTERN NO.8463
PASS PATTERN NO.8464
PASS PATTERN NO.8465
PASS PATTERN NO.8466
PASS PATTERN NO.8467
PASS PATTERN NO.8468
PASS PATTERN NO.8469
PASS PATTERN NO.8470
PASS PATTERN NO.8471
PASS PATTERN NO.8472
PASS PATTERN NO.8473
PASS PATTERN NO.8474
PASS PATTERN NO.8475
PASS PATTERN NO.8476
PASS PATTERN NO.8477
PASS PATTERN NO.8478
PASS PATTERN NO.8479
PASS PATTERN NO.8480
PASS PATTERN NO.8481
PASS PATTERN NO.8482
PASS PATTERN NO.8483
PASS PATTERN NO.8484
PASS PATTERN NO.8485
PASS PATTERN NO.8486
PASS PATTERN NO.8487
PASS PATTERN NO.8488
PASS PATTERN NO.8489
PASS PATTERN NO.8490
PASS PATTERN NO.8491
PASS PATTERN NO.8492
PASS PATTERN NO.8493
PASS PATTERN NO.8494
PASS PATTERN NO.8495
PASS PATTERN NO.8496
PASS PATTERN NO.8497
PASS PATTERN NO.8498
PASS PATTERN NO.8499
PASS PATTERN NO.8500
PASS PATTERN NO.8501
PASS PATTERN NO.8502
PASS PATTERN NO.8503
PASS PATTERN NO.8504
PASS PATTERN NO.8505
PASS PATTERN NO.8506
PASS PATTERN NO.8507
PASS PATTERN NO.8508
PASS PATTERN NO.8509
PASS PATTERN NO.8510
PASS PATTERN NO.8511
PASS PATTERN NO.8512
PASS PATTERN NO.8513
PASS PATTERN NO.8514
PASS PATTERN NO.8515
PASS PATTERN NO.8516
PASS PATTERN NO.8517
PASS PATTERN NO.8518
PASS PATTERN NO.8519
PASS PATTERN NO.8520
PASS PATTERN NO.8521
PASS PATTERN NO.8522
PASS PATTERN NO.8523
PASS PATTERN NO.8524
PASS PATTERN NO.8525
PASS PATTERN NO.8526
PASS PATTERN NO.8527
PASS PATTERN NO.8528
PASS PATTERN NO.8529
PASS PATTERN NO.8530
PASS PATTERN NO.8531
PASS PATTERN NO.8532
PASS PATTERN NO.8533
PASS PATTERN NO.8534
PASS PATTERN NO.8535
PASS PATTERN NO.8536
PASS PATTERN NO.8537
PASS PATTERN NO.8538
PASS PATTERN NO.8539
PASS PATTERN NO.8540
PASS PATTERN NO.8541
PASS PATTERN NO.8542
PASS PATTERN NO.8543
PASS PATTERN NO.8544
PASS PATTERN NO.8545
PASS PATTERN NO.8546
PASS PATTERN NO.8547
PASS PATTERN NO.8548
PASS PATTERN NO.8549
PASS PATTERN NO.8550
PASS PATTERN NO.8551
PASS PATTERN NO.8552
PASS PATTERN NO.8553
PASS PATTERN NO.8554
PASS PATTERN NO.8555
PASS PATTERN NO.8556
PASS PATTERN NO.8557
PASS PATTERN NO.8558
PASS PATTERN NO.8559
PASS PATTERN NO.8560
PASS PATTERN NO.8561
PASS PATTERN NO.8562
PASS PATTERN NO.8563
PASS PATTERN NO.8564
PASS PATTERN NO.8565
PASS PATTERN NO.8566
PASS PATTERN NO.8567
PASS PATTERN NO.8568
PASS PATTERN NO.8569
PASS PATTERN NO.8570
PASS PATTERN NO.8571
PASS PATTERN NO.8572
PASS PATTERN NO.8573
PASS PATTERN NO.8574
PASS PATTERN NO.8575
PASS PATTERN NO.8576
PASS PATTERN NO.8577
PASS PATTERN NO.8578
PASS PATTERN NO.8579
PASS PATTERN NO.8580
PASS PATTERN NO.8581
PASS PATTERN NO.8582
PASS PATTERN NO.8583
PASS PATTERN NO.8584
PASS PATTERN NO.8585
PASS PATTERN NO.8586
PASS PATTERN NO.8587
PASS PATTERN NO.8588
PASS PATTERN NO.8589
PASS PATTERN NO.8590
PASS PATTERN NO.8591
PASS PATTERN NO.8592
PASS PATTERN NO.8593
PASS PATTERN NO.8594
PASS PATTERN NO.8595
PASS PATTERN NO.8596
PASS PATTERN NO.8597
PASS PATTERN NO.8598
PASS PATTERN NO.8599
PASS PATTERN NO.8600
PASS PATTERN NO.8601
PASS PATTERN NO.8602
PASS PATTERN NO.8603
PASS PATTERN NO.8604
PASS PATTERN NO.8605
PASS PATTERN NO.8606
PASS PATTERN NO.8607
PASS PATTERN NO.8608
PASS PATTERN NO.8609
PASS PATTERN NO.8610
PASS PATTERN NO.8611
PASS PATTERN NO.8612
PASS PATTERN NO.8613
PASS PATTERN NO.8614
PASS PATTERN NO.8615
PASS PATTERN NO.8616
PASS PATTERN NO.8617
PASS PATTERN NO.8618
PASS PATTERN NO.8619
PASS PATTERN NO.8620
PASS PATTERN NO.8621
PASS PATTERN NO.8622
PASS PATTERN NO.8623
PASS PATTERN NO.8624
PASS PATTERN NO.8625
PASS PATTERN NO.8626
PASS PATTERN NO.8627
PASS PATTERN NO.8628
PASS PATTERN NO.8629
PASS PATTERN NO.8630
PASS PATTERN NO.8631
PASS PATTERN NO.8632
PASS PATTERN NO.8633
PASS PATTERN NO.8634
PASS PATTERN NO.8635
PASS PATTERN NO.8636
PASS PATTERN NO.8637
PASS PATTERN NO.8638
PASS PATTERN NO.8639
PASS PATTERN NO.8640
PASS PATTERN NO.8641
PASS PATTERN NO.8642
PASS PATTERN NO.8643
PASS PATTERN NO.8644
PASS PATTERN NO.8645
PASS PATTERN NO.8646
PASS PATTERN NO.8647
PASS PATTERN NO.8648
PASS PATTERN NO.8649
PASS PATTERN NO.8650
PASS PATTERN NO.8651
PASS PATTERN NO.8652
PASS PATTERN NO.8653
PASS PATTERN NO.8654
PASS PATTERN NO.8655
PASS PATTERN NO.8656
PASS PATTERN NO.8657
PASS PATTERN NO.8658
PASS PATTERN NO.8659
PASS PATTERN NO.8660
PASS PATTERN NO.8661
PASS PATTERN NO.8662
PASS PATTERN NO.8663
PASS PATTERN NO.8664
PASS PATTERN NO.8665
PASS PATTERN NO.8666
PASS PATTERN NO.8667
PASS PATTERN NO.8668
PASS PATTERN NO.8669
PASS PATTERN NO.8670
PASS PATTERN NO.8671
PASS PATTERN NO.8672
PASS PATTERN NO.8673
PASS PATTERN NO.8674
PASS PATTERN NO.8675
PASS PATTERN NO.8676
PASS PATTERN NO.8677
PASS PATTERN NO.8678
PASS PATTERN NO.8679
PASS PATTERN NO.8680
PASS PATTERN NO.8681
PASS PATTERN NO.8682
PASS PATTERN NO.8683
PASS PATTERN NO.8684
PASS PATTERN NO.8685
PASS PATTERN NO.8686
PASS PATTERN NO.8687
PASS PATTERN NO.8688
PASS PATTERN NO.8689
PASS PATTERN NO.8690
PASS PATTERN NO.8691
PASS PATTERN NO.8692
PASS PATTERN NO.8693
PASS PATTERN NO.8694
PASS PATTERN NO.8695
PASS PATTERN NO.8696
PASS PATTERN NO.8697
PASS PATTERN NO.8698
PASS PATTERN NO.8699
PASS PATTERN NO.8700
PASS PATTERN NO.8701
PASS PATTERN NO.8702
PASS PATTERN NO.8703
PASS PATTERN NO.8704
PASS PATTERN NO.8705
PASS PATTERN NO.8706
PASS PATTERN NO.8707
PASS PATTERN NO.8708
PASS PATTERN NO.8709
PASS PATTERN NO.8710
PASS PATTERN NO.8711
PASS PATTERN NO.8712
PASS PATTERN NO.8713
PASS PATTERN NO.8714
PASS PATTERN NO.8715
PASS PATTERN NO.8716
PASS PATTERN NO.8717
PASS PATTERN NO.8718
PASS PATTERN NO.8719
PASS PATTERN NO.8720
PASS PATTERN NO.8721
PASS PATTERN NO.8722
PASS PATTERN NO.8723
PASS PATTERN NO.8724
PASS PATTERN NO.8725
PASS PATTERN NO.8726
PASS PATTERN NO.8727
PASS PATTERN NO.8728
PASS PATTERN NO.8729
PASS PATTERN NO.8730
PASS PATTERN NO.8731
PASS PATTERN NO.8732
PASS PATTERN NO.8733
PASS PATTERN NO.8734
PASS PATTERN NO.8735
PASS PATTERN NO.8736
PASS PATTERN NO.8737
PASS PATTERN NO.8738
PASS PATTERN NO.8739
PASS PATTERN NO.8740
PASS PATTERN NO.8741
PASS PATTERN NO.8742
PASS PATTERN NO.8743
PASS PATTERN NO.8744
PASS PATTERN NO.8745
PASS PATTERN NO.8746
PASS PATTERN NO.8747
PASS PATTERN NO.8748
PASS PATTERN NO.8749
PASS PATTERN NO.8750
PASS PATTERN NO.8751
PASS PATTERN NO.8752
PASS PATTERN NO.8753
PASS PATTERN NO.8754
PASS PATTERN NO.8755
PASS PATTERN NO.8756
PASS PATTERN NO.8757
PASS PATTERN NO.8758
PASS PATTERN NO.8759
PASS PATTERN NO.8760
PASS PATTERN NO.8761
PASS PATTERN NO.8762
PASS PATTERN NO.8763
PASS PATTERN NO.8764
PASS PATTERN NO.8765
PASS PATTERN NO.8766
PASS PATTERN NO.8767
PASS PATTERN NO.8768
PASS PATTERN NO.8769
PASS PATTERN NO.8770
PASS PATTERN NO.8771
PASS PATTERN NO.8772
PASS PATTERN NO.8773
PASS PATTERN NO.8774
PASS PATTERN NO.8775
PASS PATTERN NO.8776
PASS PATTERN NO.8777
PASS PATTERN NO.8778
PASS PATTERN NO.8779
PASS PATTERN NO.8780
PASS PATTERN NO.8781
PASS PATTERN NO.8782
PASS PATTERN NO.8783
PASS PATTERN NO.8784
PASS PATTERN NO.8785
PASS PATTERN NO.8786
PASS PATTERN NO.8787
PASS PATTERN NO.8788
PASS PATTERN NO.8789
PASS PATTERN NO.8790
PASS PATTERN NO.8791
PASS PATTERN NO.8792
PASS PATTERN NO.8793
PASS PATTERN NO.8794
PASS PATTERN NO.8795
PASS PATTERN NO.8796
PASS PATTERN NO.8797
PASS PATTERN NO.8798
PASS PATTERN NO.8799
PASS PATTERN NO.8800
PASS PATTERN NO.8801
PASS PATTERN NO.8802
PASS PATTERN NO.8803
PASS PATTERN NO.8804
PASS PATTERN NO.8805
PASS PATTERN NO.8806
PASS PATTERN NO.8807
PASS PATTERN NO.8808
PASS PATTERN NO.8809
PASS PATTERN NO.8810
PASS PATTERN NO.8811
PASS PATTERN NO.8812
PASS PATTERN NO.8813
PASS PATTERN NO.8814
PASS PATTERN NO.8815
PASS PATTERN NO.8816
PASS PATTERN NO.8817
PASS PATTERN NO.8818
PASS PATTERN NO.8819
PASS PATTERN NO.8820
PASS PATTERN NO.8821
PASS PATTERN NO.8822
PASS PATTERN NO.8823
PASS PATTERN NO.8824
PASS PATTERN NO.8825
PASS PATTERN NO.8826
PASS PATTERN NO.8827
PASS PATTERN NO.8828
PASS PATTERN NO.8829
PASS PATTERN NO.8830
PASS PATTERN NO.8831
PASS PATTERN NO.8832
PASS PATTERN NO.8833
PASS PATTERN NO.8834
PASS PATTERN NO.8835
PASS PATTERN NO.8836
PASS PATTERN NO.8837
PASS PATTERN NO.8838
PASS PATTERN NO.8839
PASS PATTERN NO.8840
PASS PATTERN NO.8841
PASS PATTERN NO.8842
PASS PATTERN NO.8843
PASS PATTERN NO.8844
PASS PATTERN NO.8845
PASS PATTERN NO.8846
PASS PATTERN NO.8847
PASS PATTERN NO.8848
PASS PATTERN NO.8849
PASS PATTERN NO.8850
PASS PATTERN NO.8851
PASS PATTERN NO.8852
PASS PATTERN NO.8853
PASS PATTERN NO.8854
PASS PATTERN NO.8855
PASS PATTERN NO.8856
PASS PATTERN NO.8857
PASS PATTERN NO.8858
PASS PATTERN NO.8859
PASS PATTERN NO.8860
PASS PATTERN NO.8861
PASS PATTERN NO.8862
PASS PATTERN NO.8863
PASS PATTERN NO.8864
PASS PATTERN NO.8865
PASS PATTERN NO.8866
PASS PATTERN NO.8867
PASS PATTERN NO.8868
PASS PATTERN NO.8869
PASS PATTERN NO.8870
PASS PATTERN NO.8871
PASS PATTERN NO.8872
PASS PATTERN NO.8873
PASS PATTERN NO.8874
PASS PATTERN NO.8875
PASS PATTERN NO.8876
PASS PATTERN NO.8877
PASS PATTERN NO.8878
PASS PATTERN NO.8879
PASS PATTERN NO.8880
PASS PATTERN NO.8881
PASS PATTERN NO.8882
PASS PATTERN NO.8883
PASS PATTERN NO.8884
PASS PATTERN NO.8885
PASS PATTERN NO.8886
PASS PATTERN NO.8887
PASS PATTERN NO.8888
PASS PATTERN NO.8889
PASS PATTERN NO.8890
PASS PATTERN NO.8891
PASS PATTERN NO.8892
PASS PATTERN NO.8893
PASS PATTERN NO.8894
PASS PATTERN NO.8895
PASS PATTERN NO.8896
PASS PATTERN NO.8897
PASS PATTERN NO.8898
PASS PATTERN NO.8899
PASS PATTERN NO.8900
PASS PATTERN NO.8901
PASS PATTERN NO.8902
PASS PATTERN NO.8903
PASS PATTERN NO.8904
PASS PATTERN NO.8905
PASS PATTERN NO.8906
PASS PATTERN NO.8907
PASS PATTERN NO.8908
PASS PATTERN NO.8909
PASS PATTERN NO.8910
PASS PATTERN NO.8911
PASS PATTERN NO.8912
PASS PATTERN NO.8913
PASS PATTERN NO.8914
PASS PATTERN NO.8915
PASS PATTERN NO.8916
PASS PATTERN NO.8917
PASS PATTERN NO.8918
PASS PATTERN NO.8919
PASS PATTERN NO.8920
PASS PATTERN NO.8921
PASS PATTERN NO.8922
PASS PATTERN NO.8923
PASS PATTERN NO.8924
PASS PATTERN NO.8925
PASS PATTERN NO.8926
PASS PATTERN NO.8927
PASS PATTERN NO.8928
PASS PATTERN NO.8929
PASS PATTERN NO.8930
PASS PATTERN NO.8931
PASS PATTERN NO.8932
PASS PATTERN NO.8933
PASS PATTERN NO.8934
PASS PATTERN NO.8935
PASS PATTERN NO.8936
PASS PATTERN NO.8937
PASS PATTERN NO.8938
PASS PATTERN NO.8939
PASS PATTERN NO.8940
PASS PATTERN NO.8941
PASS PATTERN NO.8942
PASS PATTERN NO.8943
PASS PATTERN NO.8944
PASS PATTERN NO.8945
PASS PATTERN NO.8946
PASS PATTERN NO.8947
PASS PATTERN NO.8948
PASS PATTERN NO.8949
PASS PATTERN NO.8950
PASS PATTERN NO.8951
PASS PATTERN NO.8952
PASS PATTERN NO.8953
PASS PATTERN NO.8954
PASS PATTERN NO.8955
PASS PATTERN NO.8956
PASS PATTERN NO.8957
PASS PATTERN NO.8958
PASS PATTERN NO.8959
PASS PATTERN NO.8960
PASS PATTERN NO.8961
PASS PATTERN NO.8962
PASS PATTERN NO.8963
PASS PATTERN NO.8964
PASS PATTERN NO.8965
PASS PATTERN NO.8966
PASS PATTERN NO.8967
PASS PATTERN NO.8968
PASS PATTERN NO.8969
PASS PATTERN NO.8970
PASS PATTERN NO.8971
PASS PATTERN NO.8972
PASS PATTERN NO.8973
PASS PATTERN NO.8974
PASS PATTERN NO.8975
PASS PATTERN NO.8976
PASS PATTERN NO.8977
PASS PATTERN NO.8978
PASS PATTERN NO.8979
PASS PATTERN NO.8980
PASS PATTERN NO.8981
PASS PATTERN NO.8982
PASS PATTERN NO.8983
PASS PATTERN NO.8984
PASS PATTERN NO.8985
PASS PATTERN NO.8986
PASS PATTERN NO.8987
PASS PATTERN NO.8988
PASS PATTERN NO.8989
PASS PATTERN NO.8990
PASS PATTERN NO.8991
PASS PATTERN NO.8992
PASS PATTERN NO.8993
PASS PATTERN NO.8994
PASS PATTERN NO.8995
PASS PATTERN NO.8996
PASS PATTERN NO.8997
PASS PATTERN NO.8998
PASS PATTERN NO.8999
PASS PATTERN NO.9000
PASS PATTERN NO.9001
PASS PATTERN NO.9002
PASS PATTERN NO.9003
PASS PATTERN NO.9004
PASS PATTERN NO.9005
PASS PATTERN NO.9006
PASS PATTERN NO.9007
PASS PATTERN NO.9008
PASS PATTERN NO.9009
PASS PATTERN NO.9010
PASS PATTERN NO.9011
PASS PATTERN NO.9012
PASS PATTERN NO.9013
PASS PATTERN NO.9014
PASS PATTERN NO.9015
PASS PATTERN NO.9016
PASS PATTERN NO.9017
PASS PATTERN NO.9018
PASS PATTERN NO.9019
PASS PATTERN NO.9020
PASS PATTERN NO.9021
PASS PATTERN NO.9022
PASS PATTERN NO.9023
PASS PATTERN NO.9024
PASS PATTERN NO.9025
PASS PATTERN NO.9026
PASS PATTERN NO.9027
PASS PATTERN NO.9028
PASS PATTERN NO.9029
PASS PATTERN NO.9030
PASS PATTERN NO.9031
PASS PATTERN NO.9032
PASS PATTERN NO.9033
PASS PATTERN NO.9034
PASS PATTERN NO.9035
PASS PATTERN NO.9036
PASS PATTERN NO.9037
PASS PATTERN NO.9038
PASS PATTERN NO.9039
PASS PATTERN NO.9040
PASS PATTERN NO.9041
PASS PATTERN NO.9042
PASS PATTERN NO.9043
PASS PATTERN NO.9044
PASS PATTERN NO.9045
PASS PATTERN NO.9046
PASS PATTERN NO.9047
PASS PATTERN NO.9048
PASS PATTERN NO.9049
PASS PATTERN NO.9050
PASS PATTERN NO.9051
PASS PATTERN NO.9052
PASS PATTERN NO.9053
PASS PATTERN NO.9054
PASS PATTERN NO.9055
PASS PATTERN NO.9056
PASS PATTERN NO.9057
PASS PATTERN NO.9058
PASS PATTERN NO.9059
PASS PATTERN NO.9060
PASS PATTERN NO.9061
PASS PATTERN NO.9062
PASS PATTERN NO.9063
PASS PATTERN NO.9064
PASS PATTERN NO.9065
PASS PATTERN NO.9066
PASS PATTERN NO.9067
PASS PATTERN NO.9068
PASS PATTERN NO.9069
PASS PATTERN NO.9070
PASS PATTERN NO.9071
PASS PATTERN NO.9072
PASS PATTERN NO.9073
PASS PATTERN NO.9074
PASS PATTERN NO.9075
PASS PATTERN NO.9076
PASS PATTERN NO.9077
PASS PATTERN NO.9078
PASS PATTERN NO.9079
PASS PATTERN NO.9080
PASS PATTERN NO.9081
PASS PATTERN NO.9082
PASS PATTERN NO.9083
PASS PATTERN NO.9084
PASS PATTERN NO.9085
PASS PATTERN NO.9086
PASS PATTERN NO.9087
PASS PATTERN NO.9088
PASS PATTERN NO.9089
PASS PATTERN NO.9090
PASS PATTERN NO.9091
PASS PATTERN NO.9092
PASS PATTERN NO.9093
PASS PATTERN NO.9094
PASS PATTERN NO.9095
PASS PATTERN NO.9096
PASS PATTERN NO.9097
PASS PATTERN NO.9098
PASS PATTERN NO.9099
PASS PATTERN NO.9100
PASS PATTERN NO.9101
PASS PATTERN NO.9102
PASS PATTERN NO.9103
PASS PATTERN NO.9104
PASS PATTERN NO.9105
PASS PATTERN NO.9106
PASS PATTERN NO.9107
PASS PATTERN NO.9108
PASS PATTERN NO.9109
PASS PATTERN NO.9110
PASS PATTERN NO.9111
PASS PATTERN NO.9112
PASS PATTERN NO.9113
PASS PATTERN NO.9114
PASS PATTERN NO.9115
PASS PATTERN NO.9116
PASS PATTERN NO.9117
PASS PATTERN NO.9118
PASS PATTERN NO.9119
PASS PATTERN NO.9120
PASS PATTERN NO.9121
PASS PATTERN NO.9122
PASS PATTERN NO.9123
PASS PATTERN NO.9124
PASS PATTERN NO.9125
PASS PATTERN NO.9126
PASS PATTERN NO.9127
PASS PATTERN NO.9128
PASS PATTERN NO.9129
PASS PATTERN NO.9130
PASS PATTERN NO.9131
PASS PATTERN NO.9132
PASS PATTERN NO.9133
PASS PATTERN NO.9134
PASS PATTERN NO.9135
PASS PATTERN NO.9136
PASS PATTERN NO.9137
PASS PATTERN NO.9138
PASS PATTERN NO.9139
PASS PATTERN NO.9140
PASS PATTERN NO.9141
PASS PATTERN NO.9142
PASS PATTERN NO.9143
PASS PATTERN NO.9144
PASS PATTERN NO.9145
PASS PATTERN NO.9146
PASS PATTERN NO.9147
PASS PATTERN NO.9148
PASS PATTERN NO.9149
PASS PATTERN NO.9150
PASS PATTERN NO.9151
PASS PATTERN NO.9152
PASS PATTERN NO.9153
PASS PATTERN NO.9154
PASS PATTERN NO.9155
PASS PATTERN NO.9156
PASS PATTERN NO.9157
PASS PATTERN NO.9158
PASS PATTERN NO.9159
PASS PATTERN NO.9160
PASS PATTERN NO.9161
PASS PATTERN NO.9162
PASS PATTERN NO.9163
PASS PATTERN NO.9164
PASS PATTERN NO.9165
PASS PATTERN NO.9166
PASS PATTERN NO.9167
PASS PATTERN NO.9168
PASS PATTERN NO.9169
PASS PATTERN NO.9170
PASS PATTERN NO.9171
PASS PATTERN NO.9172
PASS PATTERN NO.9173
PASS PATTERN NO.9174
PASS PATTERN NO.9175
PASS PATTERN NO.9176
PASS PATTERN NO.9177
PASS PATTERN NO.9178
PASS PATTERN NO.9179
PASS PATTERN NO.9180
PASS PATTERN NO.9181
PASS PATTERN NO.9182
PASS PATTERN NO.9183
PASS PATTERN NO.9184
PASS PATTERN NO.9185
PASS PATTERN NO.9186
PASS PATTERN NO.9187
PASS PATTERN NO.9188
PASS PATTERN NO.9189
PASS PATTERN NO.9190
PASS PATTERN NO.9191
PASS PATTERN NO.9192
PASS PATTERN NO.9193
PASS PATTERN NO.9194
PASS PATTERN NO.9195
PASS PATTERN NO.9196
PASS PATTERN NO.9197
PASS PATTERN NO.9198
PASS PATTERN NO.9199
PASS PATTERN NO.9200
PASS PATTERN NO.9201
PASS PATTERN NO.9202
PASS PATTERN NO.9203
PASS PATTERN NO.9204
PASS PATTERN NO.9205
PASS PATTERN NO.9206
PASS PATTERN NO.9207
PASS PATTERN NO.9208
PASS PATTERN NO.9209
PASS PATTERN NO.9210
PASS PATTERN NO.9211
PASS PATTERN NO.9212
PASS PATTERN NO.9213
PASS PATTERN NO.9214
PASS PATTERN NO.9215
PASS PATTERN NO.9216
PASS PATTERN NO.9217
PASS PATTERN NO.9218
PASS PATTERN NO.9219
PASS PATTERN NO.9220
PASS PATTERN NO.9221
PASS PATTERN NO.9222
PASS PATTERN NO.9223
PASS PATTERN NO.9224
PASS PATTERN NO.9225
PASS PATTERN NO.9226
PASS PATTERN NO.9227
PASS PATTERN NO.9228
PASS PATTERN NO.9229
PASS PATTERN NO.9230
PASS PATTERN NO.9231
PASS PATTERN NO.9232
PASS PATTERN NO.9233
PASS PATTERN NO.9234
PASS PATTERN NO.9235
PASS PATTERN NO.9236
PASS PATTERN NO.9237
PASS PATTERN NO.9238
PASS PATTERN NO.9239
PASS PATTERN NO.9240
PASS PATTERN NO.9241
PASS PATTERN NO.9242
PASS PATTERN NO.9243
PASS PATTERN NO.9244
PASS PATTERN NO.9245
PASS PATTERN NO.9246
PASS PATTERN NO.9247
PASS PATTERN NO.9248
PASS PATTERN NO.9249
PASS PATTERN NO.9250
PASS PATTERN NO.9251
PASS PATTERN NO.9252
PASS PATTERN NO.9253
PASS PATTERN NO.9254
PASS PATTERN NO.9255
PASS PATTERN NO.9256
PASS PATTERN NO.9257
PASS PATTERN NO.9258
PASS PATTERN NO.9259
PASS PATTERN NO.9260
PASS PATTERN NO.9261
PASS PATTERN NO.9262
PASS PATTERN NO.9263
PASS PATTERN NO.9264
PASS PATTERN NO.9265
PASS PATTERN NO.9266
PASS PATTERN NO.9267
PASS PATTERN NO.9268
PASS PATTERN NO.9269
PASS PATTERN NO.9270
PASS PATTERN NO.9271
PASS PATTERN NO.9272
PASS PATTERN NO.9273
PASS PATTERN NO.9274
PASS PATTERN NO.9275
PASS PATTERN NO.9276
PASS PATTERN NO.9277
PASS PATTERN NO.9278
PASS PATTERN NO.9279
PASS PATTERN NO.9280
PASS PATTERN NO.9281
PASS PATTERN NO.9282
PASS PATTERN NO.9283
PASS PATTERN NO.9284
PASS PATTERN NO.9285
PASS PATTERN NO.9286
PASS PATTERN NO.9287
PASS PATTERN NO.9288
PASS PATTERN NO.9289
PASS PATTERN NO.9290
PASS PATTERN NO.9291
PASS PATTERN NO.9292
PASS PATTERN NO.9293
PASS PATTERN NO.9294
PASS PATTERN NO.9295
PASS PATTERN NO.9296
PASS PATTERN NO.9297
PASS PATTERN NO.9298
PASS PATTERN NO.9299
PASS PATTERN NO.9300
PASS PATTERN NO.9301
PASS PATTERN NO.9302
PASS PATTERN NO.9303
PASS PATTERN NO.9304
PASS PATTERN NO.9305
PASS PATTERN NO.9306
PASS PATTERN NO.9307
PASS PATTERN NO.9308
PASS PATTERN NO.9309
PASS PATTERN NO.9310
PASS PATTERN NO.9311
PASS PATTERN NO.9312
PASS PATTERN NO.9313
PASS PATTERN NO.9314
PASS PATTERN NO.9315
PASS PATTERN NO.9316
PASS PATTERN NO.9317
PASS PATTERN NO.9318
PASS PATTERN NO.9319
PASS PATTERN NO.9320
PASS PATTERN NO.9321
PASS PATTERN NO.9322
PASS PATTERN NO.9323
PASS PATTERN NO.9324
PASS PATTERN NO.9325
PASS PATTERN NO.9326
PASS PATTERN NO.9327
PASS PATTERN NO.9328
PASS PATTERN NO.9329
PASS PATTERN NO.9330
PASS PATTERN NO.9331
PASS PATTERN NO.9332
PASS PATTERN NO.9333
PASS PATTERN NO.9334
PASS PATTERN NO.9335
PASS PATTERN NO.9336
PASS PATTERN NO.9337
PASS PATTERN NO.9338
PASS PATTERN NO.9339
PASS PATTERN NO.9340
PASS PATTERN NO.9341
PASS PATTERN NO.9342
PASS PATTERN NO.9343
PASS PATTERN NO.9344
PASS PATTERN NO.9345
PASS PATTERN NO.9346
PASS PATTERN NO.9347
PASS PATTERN NO.9348
PASS PATTERN NO.9349
PASS PATTERN NO.9350
PASS PATTERN NO.9351
PASS PATTERN NO.9352
PASS PATTERN NO.9353
PASS PATTERN NO.9354
PASS PATTERN NO.9355
PASS PATTERN NO.9356
PASS PATTERN NO.9357
PASS PATTERN NO.9358
PASS PATTERN NO.9359
PASS PATTERN NO.9360
PASS PATTERN NO.9361
PASS PATTERN NO.9362
PASS PATTERN NO.9363
PASS PATTERN NO.9364
PASS PATTERN NO.9365
PASS PATTERN NO.9366
PASS PATTERN NO.9367
PASS PATTERN NO.9368
PASS PATTERN NO.9369
PASS PATTERN NO.9370
PASS PATTERN NO.9371
PASS PATTERN NO.9372
PASS PATTERN NO.9373
PASS PATTERN NO.9374
PASS PATTERN NO.9375
PASS PATTERN NO.9376
PASS PATTERN NO.9377
PASS PATTERN NO.9378
PASS PATTERN NO.9379
PASS PATTERN NO.9380
PASS PATTERN NO.9381
PASS PATTERN NO.9382
PASS PATTERN NO.9383
PASS PATTERN NO.9384
PASS PATTERN NO.9385
PASS PATTERN NO.9386
PASS PATTERN NO.9387
PASS PATTERN NO.9388
PASS PATTERN NO.9389
PASS PATTERN NO.9390
PASS PATTERN NO.9391
PASS PATTERN NO.9392
PASS PATTERN NO.9393
PASS PATTERN NO.9394
PASS PATTERN NO.9395
PASS PATTERN NO.9396
PASS PATTERN NO.9397
PASS PATTERN NO.9398
PASS PATTERN NO.9399
PASS PATTERN NO.9400
PASS PATTERN NO.9401
PASS PATTERN NO.9402
PASS PATTERN NO.9403
PASS PATTERN NO.9404
PASS PATTERN NO.9405
PASS PATTERN NO.9406
PASS PATTERN NO.9407
PASS PATTERN NO.9408
PASS PATTERN NO.9409
PASS PATTERN NO.9410
PASS PATTERN NO.9411
PASS PATTERN NO.9412
PASS PATTERN NO.9413
PASS PATTERN NO.9414
PASS PATTERN NO.9415
PASS PATTERN NO.9416
PASS PATTERN NO.9417
PASS PATTERN NO.9418
PASS PATTERN NO.9419
PASS PATTERN NO.9420
PASS PATTERN NO.9421
PASS PATTERN NO.9422
PASS PATTERN NO.9423
PASS PATTERN NO.9424
PASS PATTERN NO.9425
PASS PATTERN NO.9426
PASS PATTERN NO.9427
PASS PATTERN NO.9428
PASS PATTERN NO.9429
PASS PATTERN NO.9430
PASS PATTERN NO.9431
PASS PATTERN NO.9432
PASS PATTERN NO.9433
PASS PATTERN NO.9434
PASS PATTERN NO.9435
PASS PATTERN NO.9436
PASS PATTERN NO.9437
PASS PATTERN NO.9438
PASS PATTERN NO.9439
PASS PATTERN NO.9440
PASS PATTERN NO.9441
PASS PATTERN NO.9442
PASS PATTERN NO.9443
PASS PATTERN NO.9444
PASS PATTERN NO.9445
PASS PATTERN NO.9446
PASS PATTERN NO.9447
PASS PATTERN NO.9448
PASS PATTERN NO.9449
PASS PATTERN NO.9450
PASS PATTERN NO.9451
PASS PATTERN NO.9452
PASS PATTERN NO.9453
PASS PATTERN NO.9454
PASS PATTERN NO.9455
PASS PATTERN NO.9456
PASS PATTERN NO.9457
PASS PATTERN NO.9458
PASS PATTERN NO.9459
PASS PATTERN NO.9460
PASS PATTERN NO.9461
PASS PATTERN NO.9462
PASS PATTERN NO.9463
PASS PATTERN NO.9464
PASS PATTERN NO.9465
PASS PATTERN NO.9466
PASS PATTERN NO.9467
PASS PATTERN NO.9468
PASS PATTERN NO.9469
PASS PATTERN NO.9470
PASS PATTERN NO.9471
PASS PATTERN NO.9472
PASS PATTERN NO.9473
PASS PATTERN NO.9474
PASS PATTERN NO.9475
PASS PATTERN NO.9476
PASS PATTERN NO.9477
PASS PATTERN NO.9478
PASS PATTERN NO.9479
PASS PATTERN NO.9480
PASS PATTERN NO.9481
PASS PATTERN NO.9482
PASS PATTERN NO.9483
PASS PATTERN NO.9484
PASS PATTERN NO.9485
PASS PATTERN NO.9486
PASS PATTERN NO.9487
PASS PATTERN NO.9488
PASS PATTERN NO.9489
PASS PATTERN NO.9490
PASS PATTERN NO.9491
PASS PATTERN NO.9492
PASS PATTERN NO.9493
PASS PATTERN NO.9494
PASS PATTERN NO.9495
PASS PATTERN NO.9496
PASS PATTERN NO.9497
PASS PATTERN NO.9498
PASS PATTERN NO.9499
PASS PATTERN NO.9500
PASS PATTERN NO.9501
PASS PATTERN NO.9502
PASS PATTERN NO.9503
PASS PATTERN NO.9504
PASS PATTERN NO.9505
PASS PATTERN NO.9506
PASS PATTERN NO.9507
PASS PATTERN NO.9508
PASS PATTERN NO.9509
PASS PATTERN NO.9510
PASS PATTERN NO.9511
PASS PATTERN NO.9512
PASS PATTERN NO.9513
PASS PATTERN NO.9514
PASS PATTERN NO.9515
PASS PATTERN NO.9516
PASS PATTERN NO.9517
PASS PATTERN NO.9518
PASS PATTERN NO.9519
PASS PATTERN NO.9520
PASS PATTERN NO.9521
PASS PATTERN NO.9522
PASS PATTERN NO.9523
PASS PATTERN NO.9524
PASS PATTERN NO.9525
PASS PATTERN NO.9526
PASS PATTERN NO.9527
PASS PATTERN NO.9528
PASS PATTERN NO.9529
PASS PATTERN NO.9530
PASS PATTERN NO.9531
PASS PATTERN NO.9532
PASS PATTERN NO.9533
PASS PATTERN NO.9534
PASS PATTERN NO.9535
PASS PATTERN NO.9536
PASS PATTERN NO.9537
PASS PATTERN NO.9538
PASS PATTERN NO.9539
PASS PATTERN NO.9540
PASS PATTERN NO.9541
PASS PATTERN NO.9542
PASS PATTERN NO.9543
PASS PATTERN NO.9544
PASS PATTERN NO.9545
PASS PATTERN NO.9546
PASS PATTERN NO.9547
PASS PATTERN NO.9548
PASS PATTERN NO.9549
PASS PATTERN NO.9550
PASS PATTERN NO.9551
PASS PATTERN NO.9552
PASS PATTERN NO.9553
PASS PATTERN NO.9554
PASS PATTERN NO.9555
PASS PATTERN NO.9556
PASS PATTERN NO.9557
PASS PATTERN NO.9558
PASS PATTERN NO.9559
PASS PATTERN NO.9560
PASS PATTERN NO.9561
PASS PATTERN NO.9562
PASS PATTERN NO.9563
PASS PATTERN NO.9564
PASS PATTERN NO.9565
PASS PATTERN NO.9566
PASS PATTERN NO.9567
PASS PATTERN NO.9568
PASS PATTERN NO.9569
PASS PATTERN NO.9570
PASS PATTERN NO.9571
PASS PATTERN NO.9572
PASS PATTERN NO.9573
PASS PATTERN NO.9574
PASS PATTERN NO.9575
PASS PATTERN NO.9576
PASS PATTERN NO.9577
PASS PATTERN NO.9578
PASS PATTERN NO.9579
PASS PATTERN NO.9580
PASS PATTERN NO.9581
PASS PATTERN NO.9582
PASS PATTERN NO.9583
PASS PATTERN NO.9584
PASS PATTERN NO.9585
PASS PATTERN NO.9586
PASS PATTERN NO.9587
PASS PATTERN NO.9588
PASS PATTERN NO.9589
PASS PATTERN NO.9590
PASS PATTERN NO.9591
PASS PATTERN NO.9592
PASS PATTERN NO.9593
PASS PATTERN NO.9594
PASS PATTERN NO.9595
PASS PATTERN NO.9596
PASS PATTERN NO.9597
PASS PATTERN NO.9598
PASS PATTERN NO.9599
PASS PATTERN NO.9600
PASS PATTERN NO.9601
PASS PATTERN NO.9602
PASS PATTERN NO.9603
PASS PATTERN NO.9604
PASS PATTERN NO.9605
PASS PATTERN NO.9606
PASS PATTERN NO.9607
PASS PATTERN NO.9608
PASS PATTERN NO.9609
PASS PATTERN NO.9610
PASS PATTERN NO.9611
PASS PATTERN NO.9612
PASS PATTERN NO.9613
PASS PATTERN NO.9614
PASS PATTERN NO.9615
PASS PATTERN NO.9616
PASS PATTERN NO.9617
PASS PATTERN NO.9618
PASS PATTERN NO.9619
PASS PATTERN NO.9620
PASS PATTERN NO.9621
PASS PATTERN NO.9622
PASS PATTERN NO.9623
PASS PATTERN NO.9624
PASS PATTERN NO.9625
PASS PATTERN NO.9626
PASS PATTERN NO.9627
PASS PATTERN NO.9628
PASS PATTERN NO.9629
PASS PATTERN NO.9630
PASS PATTERN NO.9631
PASS PATTERN NO.9632
PASS PATTERN NO.9633
PASS PATTERN NO.9634
PASS PATTERN NO.9635
PASS PATTERN NO.9636
PASS PATTERN NO.9637
PASS PATTERN NO.9638
PASS PATTERN NO.9639
PASS PATTERN NO.9640
PASS PATTERN NO.9641
PASS PATTERN NO.9642
PASS PATTERN NO.9643
PASS PATTERN NO.9644
PASS PATTERN NO.9645
PASS PATTERN NO.9646
PASS PATTERN NO.9647
PASS PATTERN NO.9648
PASS PATTERN NO.9649
PASS PATTERN NO.9650
PASS PATTERN NO.9651
PASS PATTERN NO.9652
PASS PATTERN NO.9653
PASS PATTERN NO.9654
PASS PATTERN NO.9655
PASS PATTERN NO.9656
PASS PATTERN NO.9657
PASS PATTERN NO.9658
PASS PATTERN NO.9659
PASS PATTERN NO.9660
PASS PATTERN NO.9661
PASS PATTERN NO.9662
PASS PATTERN NO.9663
PASS PATTERN NO.9664
PASS PATTERN NO.9665
PASS PATTERN NO.9666
PASS PATTERN NO.9667
PASS PATTERN NO.9668
PASS PATTERN NO.9669
PASS PATTERN NO.9670
PASS PATTERN NO.9671
PASS PATTERN NO.9672
PASS PATTERN NO.9673
PASS PATTERN NO.9674
PASS PATTERN NO.9675
PASS PATTERN NO.9676
PASS PATTERN NO.9677
PASS PATTERN NO.9678
PASS PATTERN NO.9679
PASS PATTERN NO.9680
PASS PATTERN NO.9681
PASS PATTERN NO.9682
PASS PATTERN NO.9683
PASS PATTERN NO.9684
PASS PATTERN NO.9685
PASS PATTERN NO.9686
PASS PATTERN NO.9687
PASS PATTERN NO.9688
PASS PATTERN NO.9689
PASS PATTERN NO.9690
PASS PATTERN NO.9691
PASS PATTERN NO.9692
PASS PATTERN NO.9693
PASS PATTERN NO.9694
PASS PATTERN NO.9695
PASS PATTERN NO.9696
PASS PATTERN NO.9697
PASS PATTERN NO.9698
PASS PATTERN NO.9699
PASS PATTERN NO.9700
PASS PATTERN NO.9701
PASS PATTERN NO.9702
PASS PATTERN NO.9703
PASS PATTERN NO.9704
PASS PATTERN NO.9705
PASS PATTERN NO.9706
PASS PATTERN NO.9707
PASS PATTERN NO.9708
PASS PATTERN NO.9709
PASS PATTERN NO.9710
PASS PATTERN NO.9711
PASS PATTERN NO.9712
PASS PATTERN NO.9713
PASS PATTERN NO.9714
PASS PATTERN NO.9715
PASS PATTERN NO.9716
PASS PATTERN NO.9717
PASS PATTERN NO.9718
PASS PATTERN NO.9719
PASS PATTERN NO.9720
PASS PATTERN NO.9721
PASS PATTERN NO.9722
PASS PATTERN NO.9723
PASS PATTERN NO.9724
PASS PATTERN NO.9725
PASS PATTERN NO.9726
PASS PATTERN NO.9727
PASS PATTERN NO.9728
PASS PATTERN NO.9729
PASS PATTERN NO.9730
PASS PATTERN NO.9731
PASS PATTERN NO.9732
PASS PATTERN NO.9733
PASS PATTERN NO.9734
PASS PATTERN NO.9735
PASS PATTERN NO.9736
PASS PATTERN NO.9737
PASS PATTERN NO.9738
PASS PATTERN NO.9739
PASS PATTERN NO.9740
PASS PATTERN NO.9741
PASS PATTERN NO.9742
PASS PATTERN NO.9743
PASS PATTERN NO.9744
PASS PATTERN NO.9745
PASS PATTERN NO.9746
PASS PATTERN NO.9747
PASS PATTERN NO.9748
PASS PATTERN NO.9749
PASS PATTERN NO.9750
PASS PATTERN NO.9751
PASS PATTERN NO.9752
PASS PATTERN NO.9753
PASS PATTERN NO.9754
PASS PATTERN NO.9755
PASS PATTERN NO.9756
PASS PATTERN NO.9757
PASS PATTERN NO.9758
PASS PATTERN NO.9759
PASS PATTERN NO.9760
PASS PATTERN NO.9761
PASS PATTERN NO.9762
PASS PATTERN NO.9763
PASS PATTERN NO.9764
PASS PATTERN NO.9765
PASS PATTERN NO.9766
PASS PATTERN NO.9767
PASS PATTERN NO.9768
PASS PATTERN NO.9769
PASS PATTERN NO.9770
PASS PATTERN NO.9771
PASS PATTERN NO.9772
PASS PATTERN NO.9773
PASS PATTERN NO.9774
PASS PATTERN NO.9775
PASS PATTERN NO.9776
PASS PATTERN NO.9777
PASS PATTERN NO.9778
PASS PATTERN NO.9779
PASS PATTERN NO.9780
PASS PATTERN NO.9781
PASS PATTERN NO.9782
PASS PATTERN NO.9783
PASS PATTERN NO.9784
PASS PATTERN NO.9785
PASS PATTERN NO.9786
PASS PATTERN NO.9787
PASS PATTERN NO.9788
PASS PATTERN NO.9789
PASS PATTERN NO.9790
PASS PATTERN NO.9791
PASS PATTERN NO.9792
PASS PATTERN NO.9793
PASS PATTERN NO.9794
PASS PATTERN NO.9795
PASS PATTERN NO.9796
PASS PATTERN NO.9797
PASS PATTERN NO.9798
PASS PATTERN NO.9799
PASS PATTERN NO.9800
PASS PATTERN NO.9801
PASS PATTERN NO.9802
PASS PATTERN NO.9803
PASS PATTERN NO.9804
PASS PATTERN NO.9805
PASS PATTERN NO.9806
PASS PATTERN NO.9807
PASS PATTERN NO.9808
PASS PATTERN NO.9809
PASS PATTERN NO.9810
PASS PATTERN NO.9811
PASS PATTERN NO.9812
PASS PATTERN NO.9813
PASS PATTERN NO.9814
PASS PATTERN NO.9815
PASS PATTERN NO.9816
PASS PATTERN NO.9817
PASS PATTERN NO.9818
PASS PATTERN NO.9819
PASS PATTERN NO.9820
PASS PATTERN NO.9821
PASS PATTERN NO.9822
PASS PATTERN NO.9823
PASS PATTERN NO.9824
PASS PATTERN NO.9825
PASS PATTERN NO.9826
PASS PATTERN NO.9827
PASS PATTERN NO.9828
PASS PATTERN NO.9829
PASS PATTERN NO.9830
PASS PATTERN NO.9831
PASS PATTERN NO.9832
PASS PATTERN NO.9833
PASS PATTERN NO.9834
PASS PATTERN NO.9835
PASS PATTERN NO.9836
PASS PATTERN NO.9837
PASS PATTERN NO.9838
PASS PATTERN NO.9839
PASS PATTERN NO.9840
PASS PATTERN NO.9841
PASS PATTERN NO.9842
PASS PATTERN NO.9843
PASS PATTERN NO.9844
PASS PATTERN NO.9845
PASS PATTERN NO.9846
PASS PATTERN NO.9847
PASS PATTERN NO.9848
PASS PATTERN NO.9849
PASS PATTERN NO.9850
PASS PATTERN NO.9851
PASS PATTERN NO.9852
PASS PATTERN NO.9853
PASS PATTERN NO.9854
PASS PATTERN NO.9855
PASS PATTERN NO.9856
PASS PATTERN NO.9857
PASS PATTERN NO.9858
PASS PATTERN NO.9859
PASS PATTERN NO.9860
PASS PATTERN NO.9861
PASS PATTERN NO.9862
PASS PATTERN NO.9863
PASS PATTERN NO.9864
PASS PATTERN NO.9865
PASS PATTERN NO.9866
PASS PATTERN NO.9867
PASS PATTERN NO.9868
PASS PATTERN NO.9869
PASS PATTERN NO.9870
PASS PATTERN NO.9871
PASS PATTERN NO.9872
PASS PATTERN NO.9873
PASS PATTERN NO.9874
PASS PATTERN NO.9875
PASS PATTERN NO.9876
PASS PATTERN NO.9877
PASS PATTERN NO.9878
PASS PATTERN NO.9879
PASS PATTERN NO.9880
PASS PATTERN NO.9881
PASS PATTERN NO.9882
PASS PATTERN NO.9883
PASS PATTERN NO.9884
PASS PATTERN NO.9885
PASS PATTERN NO.9886
PASS PATTERN NO.9887
PASS PATTERN NO.9888
PASS PATTERN NO.9889
PASS PATTERN NO.9890
PASS PATTERN NO.9891
PASS PATTERN NO.9892
PASS PATTERN NO.9893
PASS PATTERN NO.9894
PASS PATTERN NO.9895
PASS PATTERN NO.9896
PASS PATTERN NO.9897
PASS PATTERN NO.9898
PASS PATTERN NO.9899
PASS PATTERN NO.9900
PASS PATTERN NO.9901
PASS PATTERN NO.9902
PASS PATTERN NO.9903
PASS PATTERN NO.9904
PASS PATTERN NO.9905
PASS PATTERN NO.9906
PASS PATTERN NO.9907
PASS PATTERN NO.9908
PASS PATTERN NO.9909
PASS PATTERN NO.9910
PASS PATTERN NO.9911
PASS PATTERN NO.9912
PASS PATTERN NO.9913
PASS PATTERN NO.9914
PASS PATTERN NO.9915
PASS PATTERN NO.9916
PASS PATTERN NO.9917
PASS PATTERN NO.9918
PASS PATTERN NO.9919
PASS PATTERN NO.9920
PASS PATTERN NO.9921
PASS PATTERN NO.9922
PASS PATTERN NO.9923
PASS PATTERN NO.9924
PASS PATTERN NO.9925
PASS PATTERN NO.9926
PASS PATTERN NO.9927
PASS PATTERN NO.9928
PASS PATTERN NO.9929
PASS PATTERN NO.9930
PASS PATTERN NO.9931
PASS PATTERN NO.9932
PASS PATTERN NO.9933
PASS PATTERN NO.9934
PASS PATTERN NO.9935
PASS PATTERN NO.9936
PASS PATTERN NO.9937
PASS PATTERN NO.9938
PASS PATTERN NO.9939
PASS PATTERN NO.9940
PASS PATTERN NO.9941
PASS PATTERN NO.9942
PASS PATTERN NO.9943
PASS PATTERN NO.9944
PASS PATTERN NO.9945
PASS PATTERN NO.9946
PASS PATTERN NO.9947
PASS PATTERN NO.9948
PASS PATTERN NO.9949
PASS PATTERN NO.9950
PASS PATTERN NO.9951
PASS PATTERN NO.9952
PASS PATTERN NO.9953
PASS PATTERN NO.9954
PASS PATTERN NO.9955
PASS PATTERN NO.9956
PASS PATTERN NO.9957
PASS PATTERN NO.9958
PASS PATTERN NO.9959
PASS PATTERN NO.9960
PASS PATTERN NO.9961
PASS PATTERN NO.9962
PASS PATTERN NO.9963
PASS PATTERN NO.9964
PASS PATTERN NO.9965
PASS PATTERN NO.9966
PASS PATTERN NO.9967
PASS PATTERN NO.9968
PASS PATTERN NO.9969
PASS PATTERN NO.9970
PASS PATTERN NO.9971
PASS PATTERN NO.9972
PASS PATTERN NO.9973
PASS PATTERN NO.9974
PASS PATTERN NO.9975
PASS PATTERN NO.9976
PASS PATTERN NO.9977
PASS PATTERN NO.9978
PASS PATTERN NO.9979
PASS PATTERN NO.9980
PASS PATTERN NO.9981
PASS PATTERN NO.9982
PASS PATTERN NO.9983
PASS PATTERN NO.9984
PASS PATTERN NO.9985
PASS PATTERN NO.9986
PASS PATTERN NO.9987
PASS PATTERN NO.9988
PASS PATTERN NO.9989
PASS PATTERN NO.9990
PASS PATTERN NO.9991
PASS PATTERN NO.9992
PASS PATTERN NO.9993
PASS PATTERN NO.9994
PASS PATTERN NO.9995
PASS PATTERN NO.9996
PASS PATTERN NO.9997
PASS PATTERN NO.9998
PASS PATTERN NO.9999
PASS PATTERN NO.10000
PASS PATTERN NO.10001
PASS PATTERN NO.10002
PASS PATTERN NO.10003
PASS PATTERN NO.10004
PASS PATTERN NO.10005
PASS PATTERN NO.10006
PASS PATTERN NO.10007
PASS PATTERN NO.10008
PASS PATTERN NO.10009
PASS PATTERN NO.10010
PASS PATTERN NO.10011
PASS PATTERN NO.10012
PASS PATTERN NO.10013
PASS PATTERN NO.10014
PASS PATTERN NO.10015
PASS PATTERN NO.10016
PASS PATTERN NO.10017
PASS PATTERN NO.10018
PASS PATTERN NO.10019
PASS PATTERN NO.10020
PASS PATTERN NO.10021
PASS PATTERN NO.10022
PASS PATTERN NO.10023
PASS PATTERN NO.10024
PASS PATTERN NO.10025
PASS PATTERN NO.10026
PASS PATTERN NO.10027
PASS PATTERN NO.10028
PASS PATTERN NO.10029
PASS PATTERN NO.10030
PASS PATTERN NO.10031
PASS PATTERN NO.10032
PASS PATTERN NO.10033
PASS PATTERN NO.10034
PASS PATTERN NO.10035
PASS PATTERN NO.10036
PASS PATTERN NO.10037
PASS PATTERN NO.10038
PASS PATTERN NO.10039
PASS PATTERN NO.10040
PASS PATTERN NO.10041
PASS PATTERN NO.10042
PASS PATTERN NO.10043
PASS PATTERN NO.10044
PASS PATTERN NO.10045
PASS PATTERN NO.10046
PASS PATTERN NO.10047
PASS PATTERN NO.10048
PASS PATTERN NO.10049
PASS PATTERN NO.10050
PASS PATTERN NO.10051
PASS PATTERN NO.10052
PASS PATTERN NO.10053
PASS PATTERN NO.10054
PASS PATTERN NO.10055
PASS PATTERN NO.10056
PASS PATTERN NO.10057
PASS PATTERN NO.10058
PASS PATTERN NO.10059
PASS PATTERN NO.10060
PASS PATTERN NO.10061
PASS PATTERN NO.10062
PASS PATTERN NO.10063
PASS PATTERN NO.10064
PASS PATTERN NO.10065
PASS PATTERN NO.10066
PASS PATTERN NO.10067
PASS PATTERN NO.10068
PASS PATTERN NO.10069
PASS PATTERN NO.10070
PASS PATTERN NO.10071
PASS PATTERN NO.10072
PASS PATTERN NO.10073
PASS PATTERN NO.10074
PASS PATTERN NO.10075
PASS PATTERN NO.10076
PASS PATTERN NO.10077
PASS PATTERN NO.10078
PASS PATTERN NO.10079
PASS PATTERN NO.10080
PASS PATTERN NO.10081
PASS PATTERN NO.10082
PASS PATTERN NO.10083
PASS PATTERN NO.10084
PASS PATTERN NO.10085
PASS PATTERN NO.10086
PASS PATTERN NO.10087
PASS PATTERN NO.10088
PASS PATTERN NO.10089
PASS PATTERN NO.10090
PASS PATTERN NO.10091
PASS PATTERN NO.10092
PASS PATTERN NO.10093
PASS PATTERN NO.10094
PASS PATTERN NO.10095
PASS PATTERN NO.10096
PASS PATTERN NO.10097
PASS PATTERN NO.10098
PASS PATTERN NO.10099
PASS PATTERN NO.10100
PASS PATTERN NO.10101
PASS PATTERN NO.10102
PASS PATTERN NO.10103
PASS PATTERN NO.10104
PASS PATTERN NO.10105
PASS PATTERN NO.10106
PASS PATTERN NO.10107
PASS PATTERN NO.10108
PASS PATTERN NO.10109
PASS PATTERN NO.10110
PASS PATTERN NO.10111
PASS PATTERN NO.10112
PASS PATTERN NO.10113
PASS PATTERN NO.10114
PASS PATTERN NO.10115
PASS PATTERN NO.10116
PASS PATTERN NO.10117
PASS PATTERN NO.10118
PASS PATTERN NO.10119
PASS PATTERN NO.10120
PASS PATTERN NO.10121
PASS PATTERN NO.10122
PASS PATTERN NO.10123
PASS PATTERN NO.10124
PASS PATTERN NO.10125
PASS PATTERN NO.10126
PASS PATTERN NO.10127
PASS PATTERN NO.10128
PASS PATTERN NO.10129
PASS PATTERN NO.10130
PASS PATTERN NO.10131
PASS PATTERN NO.10132
PASS PATTERN NO.10133
PASS PATTERN NO.10134
PASS PATTERN NO.10135
PASS PATTERN NO.10136
PASS PATTERN NO.10137
PASS PATTERN NO.10138
PASS PATTERN NO.10139
PASS PATTERN NO.10140
PASS PATTERN NO.10141
PASS PATTERN NO.10142
PASS PATTERN NO.10143
PASS PATTERN NO.10144
PASS PATTERN NO.10145
PASS PATTERN NO.10146
PASS PATTERN NO.10147
PASS PATTERN NO.10148
PASS PATTERN NO.10149
PASS PATTERN NO.10150
PASS PATTERN NO.10151
PASS PATTERN NO.10152
PASS PATTERN NO.10153
PASS PATTERN NO.10154
PASS PATTERN NO.10155
PASS PATTERN NO.10156
PASS PATTERN NO.10157
PASS PATTERN NO.10158
PASS PATTERN NO.10159
PASS PATTERN NO.10160
PASS PATTERN NO.10161
PASS PATTERN NO.10162
PASS PATTERN NO.10163
PASS PATTERN NO.10164
PASS PATTERN NO.10165
PASS PATTERN NO.10166
PASS PATTERN NO.10167
PASS PATTERN NO.10168
PASS PATTERN NO.10169
PASS PATTERN NO.10170
PASS PATTERN NO.10171
PASS PATTERN NO.10172
PASS PATTERN NO.10173
PASS PATTERN NO.10174
PASS PATTERN NO.10175
PASS PATTERN NO.10176
PASS PATTERN NO.10177
PASS PATTERN NO.10178
PASS PATTERN NO.10179
PASS PATTERN NO.10180
PASS PATTERN NO.10181
PASS PATTERN NO.10182
PASS PATTERN NO.10183
PASS PATTERN NO.10184
PASS PATTERN NO.10185
PASS PATTERN NO.10186
PASS PATTERN NO.10187
PASS PATTERN NO.10188
PASS PATTERN NO.10189
PASS PATTERN NO.10190
PASS PATTERN NO.10191
PASS PATTERN NO.10192
PASS PATTERN NO.10193
PASS PATTERN NO.10194
PASS PATTERN NO.10195
PASS PATTERN NO.10196
PASS PATTERN NO.10197
PASS PATTERN NO.10198
PASS PATTERN NO.10199
PASS PATTERN NO.10200
PASS PATTERN NO.10201
PASS PATTERN NO.10202
PASS PATTERN NO.10203
PASS PATTERN NO.10204
PASS PATTERN NO.10205
PASS PATTERN NO.10206
PASS PATTERN NO.10207
PASS PATTERN NO.10208
PASS PATTERN NO.10209
PASS PATTERN NO.10210
PASS PATTERN NO.10211
PASS PATTERN NO.10212
PASS PATTERN NO.10213
PASS PATTERN NO.10214
PASS PATTERN NO.10215
PASS PATTERN NO.10216
PASS PATTERN NO.10217
PASS PATTERN NO.10218
PASS PATTERN NO.10219
PASS PATTERN NO.10220
PASS PATTERN NO.10221
PASS PATTERN NO.10222
PASS PATTERN NO.10223
PASS PATTERN NO.10224
PASS PATTERN NO.10225
PASS PATTERN NO.10226
PASS PATTERN NO.10227
PASS PATTERN NO.10228
PASS PATTERN NO.10229
PASS PATTERN NO.10230
PASS PATTERN NO.10231
PASS PATTERN NO.10232
PASS PATTERN NO.10233
PASS PATTERN NO.10234
PASS PATTERN NO.10235
PASS PATTERN NO.10236
PASS PATTERN NO.10237
PASS PATTERN NO.10238
PASS PATTERN NO.10239
PASS PATTERN NO.10240
PASS PATTERN NO.10241
PASS PATTERN NO.10242
PASS PATTERN NO.10243
PASS PATTERN NO.10244
PASS PATTERN NO.10245
PASS PATTERN NO.10246
PASS PATTERN NO.10247
PASS PATTERN NO.10248
PASS PATTERN NO.10249
PASS PATTERN NO.10250
PASS PATTERN NO.10251
PASS PATTERN NO.10252
PASS PATTERN NO.10253
PASS PATTERN NO.10254
PASS PATTERN NO.10255
PASS PATTERN NO.10256
PASS PATTERN NO.10257
PASS PATTERN NO.10258
PASS PATTERN NO.10259
PASS PATTERN NO.10260
PASS PATTERN NO.10261
PASS PATTERN NO.10262
PASS PATTERN NO.10263
PASS PATTERN NO.10264
PASS PATTERN NO.10265
PASS PATTERN NO.10266
PASS PATTERN NO.10267
PASS PATTERN NO.10268
PASS PATTERN NO.10269
PASS PATTERN NO.10270
PASS PATTERN NO.10271
PASS PATTERN NO.10272
PASS PATTERN NO.10273
PASS PATTERN NO.10274
PASS PATTERN NO.10275
PASS PATTERN NO.10276
PASS PATTERN NO.10277
PASS PATTERN NO.10278
PASS PATTERN NO.10279
PASS PATTERN NO.10280
PASS PATTERN NO.10281
PASS PATTERN NO.10282
PASS PATTERN NO.10283
PASS PATTERN NO.10284
PASS PATTERN NO.10285
PASS PATTERN NO.10286
PASS PATTERN NO.10287
PASS PATTERN NO.10288
PASS PATTERN NO.10289
PASS PATTERN NO.10290
PASS PATTERN NO.10291
PASS PATTERN NO.10292
PASS PATTERN NO.10293
PASS PATTERN NO.10294
PASS PATTERN NO.10295
PASS PATTERN NO.10296
PASS PATTERN NO.10297
PASS PATTERN NO.10298
PASS PATTERN NO.10299
PASS PATTERN NO.10300
PASS PATTERN NO.10301
PASS PATTERN NO.10302
PASS PATTERN NO.10303
PASS PATTERN NO.10304
PASS PATTERN NO.10305
PASS PATTERN NO.10306
PASS PATTERN NO.10307
PASS PATTERN NO.10308
PASS PATTERN NO.10309
PASS PATTERN NO.10310
PASS PATTERN NO.10311
PASS PATTERN NO.10312
PASS PATTERN NO.10313
PASS PATTERN NO.10314
PASS PATTERN NO.10315
PASS PATTERN NO.10316
PASS PATTERN NO.10317
PASS PATTERN NO.10318
PASS PATTERN NO.10319
PASS PATTERN NO.10320
PASS PATTERN NO.10321
PASS PATTERN NO.10322
PASS PATTERN NO.10323
PASS PATTERN NO.10324
PASS PATTERN NO.10325
PASS PATTERN NO.10326
PASS PATTERN NO.10327
PASS PATTERN NO.10328
PASS PATTERN NO.10329
PASS PATTERN NO.10330
PASS PATTERN NO.10331
PASS PATTERN NO.10332
PASS PATTERN NO.10333
PASS PATTERN NO.10334
PASS PATTERN NO.10335
PASS PATTERN NO.10336
PASS PATTERN NO.10337
PASS PATTERN NO.10338
PASS PATTERN NO.10339
PASS PATTERN NO.10340
PASS PATTERN NO.10341
PASS PATTERN NO.10342
PASS PATTERN NO.10343
PASS PATTERN NO.10344
PASS PATTERN NO.10345
PASS PATTERN NO.10346
PASS PATTERN NO.10347
PASS PATTERN NO.10348
PASS PATTERN NO.10349
PASS PATTERN NO.10350
PASS PATTERN NO.10351
PASS PATTERN NO.10352
PASS PATTERN NO.10353
PASS PATTERN NO.10354
PASS PATTERN NO.10355
PASS PATTERN NO.10356
PASS PATTERN NO.10357
PASS PATTERN NO.10358
PASS PATTERN NO.10359
PASS PATTERN NO.10360
PASS PATTERN NO.10361
PASS PATTERN NO.10362
PASS PATTERN NO.10363
PASS PATTERN NO.10364
PASS PATTERN NO.10365
PASS PATTERN NO.10366
PASS PATTERN NO.10367
PASS PATTERN NO.10368
PASS PATTERN NO.10369
PASS PATTERN NO.10370
PASS PATTERN NO.10371
PASS PATTERN NO.10372
PASS PATTERN NO.10373
PASS PATTERN NO.10374
PASS PATTERN NO.10375
PASS PATTERN NO.10376
PASS PATTERN NO.10377
PASS PATTERN NO.10378
PASS PATTERN NO.10379
PASS PATTERN NO.10380
PASS PATTERN NO.10381
PASS PATTERN NO.10382
PASS PATTERN NO.10383
PASS PATTERN NO.10384
PASS PATTERN NO.10385
PASS PATTERN NO.10386
PASS PATTERN NO.10387
PASS PATTERN NO.10388
PASS PATTERN NO.10389
PASS PATTERN NO.10390
PASS PATTERN NO.10391
PASS PATTERN NO.10392
PASS PATTERN NO.10393
PASS PATTERN NO.10394
PASS PATTERN NO.10395
PASS PATTERN NO.10396
PASS PATTERN NO.10397
PASS PATTERN NO.10398
PASS PATTERN NO.10399
PASS PATTERN NO.10400
PASS PATTERN NO.10401
PASS PATTERN NO.10402
PASS PATTERN NO.10403
PASS PATTERN NO.10404
PASS PATTERN NO.10405
PASS PATTERN NO.10406
PASS PATTERN NO.10407
PASS PATTERN NO.10408
PASS PATTERN NO.10409
PASS PATTERN NO.10410
PASS PATTERN NO.10411
PASS PATTERN NO.10412
PASS PATTERN NO.10413
PASS PATTERN NO.10414
PASS PATTERN NO.10415
PASS PATTERN NO.10416
PASS PATTERN NO.10417
PASS PATTERN NO.10418
PASS PATTERN NO.10419
PASS PATTERN NO.10420
PASS PATTERN NO.10421
PASS PATTERN NO.10422
PASS PATTERN NO.10423
PASS PATTERN NO.10424
PASS PATTERN NO.10425
PASS PATTERN NO.10426
PASS PATTERN NO.10427
PASS PATTERN NO.10428
PASS PATTERN NO.10429
PASS PATTERN NO.10430
PASS PATTERN NO.10431
PASS PATTERN NO.10432
PASS PATTERN NO.10433
PASS PATTERN NO.10434
PASS PATTERN NO.10435
PASS PATTERN NO.10436
PASS PATTERN NO.10437
PASS PATTERN NO.10438
PASS PATTERN NO.10439
PASS PATTERN NO.10440
PASS PATTERN NO.10441
PASS PATTERN NO.10442
PASS PATTERN NO.10443
PASS PATTERN NO.10444
PASS PATTERN NO.10445
PASS PATTERN NO.10446
PASS PATTERN NO.10447
PASS PATTERN NO.10448
PASS PATTERN NO.10449
PASS PATTERN NO.10450
PASS PATTERN NO.10451
PASS PATTERN NO.10452
PASS PATTERN NO.10453
PASS PATTERN NO.10454
PASS PATTERN NO.10455
PASS PATTERN NO.10456
PASS PATTERN NO.10457
PASS PATTERN NO.10458
PASS PATTERN NO.10459
PASS PATTERN NO.10460
PASS PATTERN NO.10461
PASS PATTERN NO.10462
PASS PATTERN NO.10463
PASS PATTERN NO.10464
PASS PATTERN NO.10465
PASS PATTERN NO.10466
PASS PATTERN NO.10467
PASS PATTERN NO.10468
PASS PATTERN NO.10469
PASS PATTERN NO.10470
PASS PATTERN NO.10471
PASS PATTERN NO.10472
PASS PATTERN NO.10473
PASS PATTERN NO.10474
PASS PATTERN NO.10475
PASS PATTERN NO.10476
PASS PATTERN NO.10477
PASS PATTERN NO.10478
PASS PATTERN NO.10479
PASS PATTERN NO.10480
PASS PATTERN NO.10481
PASS PATTERN NO.10482
PASS PATTERN NO.10483
PASS PATTERN NO.10484
PASS PATTERN NO.10485
PASS PATTERN NO.10486
PASS PATTERN NO.10487
PASS PATTERN NO.10488
PASS PATTERN NO.10489
PASS PATTERN NO.10490
PASS PATTERN NO.10491
PASS PATTERN NO.10492
PASS PATTERN NO.10493
PASS PATTERN NO.10494
PASS PATTERN NO.10495
PASS PATTERN NO.10496
PASS PATTERN NO.10497
PASS PATTERN NO.10498
PASS PATTERN NO.10499
PASS PATTERN NO.10500
PASS PATTERN NO.10501
PASS PATTERN NO.10502
PASS PATTERN NO.10503
PASS PATTERN NO.10504
PASS PATTERN NO.10505
PASS PATTERN NO.10506
PASS PATTERN NO.10507
PASS PATTERN NO.10508
PASS PATTERN NO.10509
PASS PATTERN NO.10510
PASS PATTERN NO.10511
PASS PATTERN NO.10512
PASS PATTERN NO.10513
PASS PATTERN NO.10514
PASS PATTERN NO.10515
PASS PATTERN NO.10516
PASS PATTERN NO.10517
PASS PATTERN NO.10518
PASS PATTERN NO.10519
PASS PATTERN NO.10520
PASS PATTERN NO.10521
PASS PATTERN NO.10522
PASS PATTERN NO.10523
PASS PATTERN NO.10524
PASS PATTERN NO.10525
PASS PATTERN NO.10526
PASS PATTERN NO.10527
PASS PATTERN NO.10528
PASS PATTERN NO.10529
PASS PATTERN NO.10530
PASS PATTERN NO.10531
PASS PATTERN NO.10532
PASS PATTERN NO.10533
PASS PATTERN NO.10534
PASS PATTERN NO.10535
PASS PATTERN NO.10536
PASS PATTERN NO.10537
PASS PATTERN NO.10538
PASS PATTERN NO.10539
PASS PATTERN NO.10540
PASS PATTERN NO.10541
PASS PATTERN NO.10542
PASS PATTERN NO.10543
PASS PATTERN NO.10544
PASS PATTERN NO.10545
PASS PATTERN NO.10546
PASS PATTERN NO.10547
PASS PATTERN NO.10548
PASS PATTERN NO.10549
PASS PATTERN NO.10550
PASS PATTERN NO.10551
PASS PATTERN NO.10552
PASS PATTERN NO.10553
PASS PATTERN NO.10554
PASS PATTERN NO.10555
PASS PATTERN NO.10556
PASS PATTERN NO.10557
PASS PATTERN NO.10558
PASS PATTERN NO.10559
PASS PATTERN NO.10560
PASS PATTERN NO.10561
PASS PATTERN NO.10562
PASS PATTERN NO.10563
PASS PATTERN NO.10564
PASS PATTERN NO.10565
PASS PATTERN NO.10566
PASS PATTERN NO.10567
PASS PATTERN NO.10568
PASS PATTERN NO.10569
PASS PATTERN NO.10570
PASS PATTERN NO.10571
PASS PATTERN NO.10572
PASS PATTERN NO.10573
PASS PATTERN NO.10574
PASS PATTERN NO.10575
PASS PATTERN NO.10576
PASS PATTERN NO.10577
PASS PATTERN NO.10578
PASS PATTERN NO.10579
PASS PATTERN NO.10580
PASS PATTERN NO.10581
PASS PATTERN NO.10582
PASS PATTERN NO.10583
PASS PATTERN NO.10584
PASS PATTERN NO.10585
PASS PATTERN NO.10586
PASS PATTERN NO.10587
PASS PATTERN NO.10588
PASS PATTERN NO.10589
PASS PATTERN NO.10590
PASS PATTERN NO.10591
PASS PATTERN NO.10592
PASS PATTERN NO.10593
PASS PATTERN NO.10594
PASS PATTERN NO.10595
PASS PATTERN NO.10596
PASS PATTERN NO.10597
PASS PATTERN NO.10598
PASS PATTERN NO.10599
PASS PATTERN NO.10600
PASS PATTERN NO.10601
PASS PATTERN NO.10602
PASS PATTERN NO.10603
PASS PATTERN NO.10604
PASS PATTERN NO.10605
PASS PATTERN NO.10606
PASS PATTERN NO.10607
PASS PATTERN NO.10608
PASS PATTERN NO.10609
PASS PATTERN NO.10610
PASS PATTERN NO.10611
PASS PATTERN NO.10612
PASS PATTERN NO.10613
PASS PATTERN NO.10614
PASS PATTERN NO.10615
PASS PATTERN NO.10616
PASS PATTERN NO.10617
PASS PATTERN NO.10618
PASS PATTERN NO.10619
PASS PATTERN NO.10620
PASS PATTERN NO.10621
PASS PATTERN NO.10622
PASS PATTERN NO.10623
PASS PATTERN NO.10624
PASS PATTERN NO.10625
PASS PATTERN NO.10626
PASS PATTERN NO.10627
PASS PATTERN NO.10628
PASS PATTERN NO.10629
PASS PATTERN NO.10630
PASS PATTERN NO.10631
PASS PATTERN NO.10632
PASS PATTERN NO.10633
PASS PATTERN NO.10634
PASS PATTERN NO.10635
PASS PATTERN NO.10636
PASS PATTERN NO.10637
PASS PATTERN NO.10638
PASS PATTERN NO.10639
PASS PATTERN NO.10640
PASS PATTERN NO.10641
PASS PATTERN NO.10642
PASS PATTERN NO.10643
PASS PATTERN NO.10644
PASS PATTERN NO.10645
PASS PATTERN NO.10646
PASS PATTERN NO.10647
PASS PATTERN NO.10648
PASS PATTERN NO.10649
PASS PATTERN NO.10650
PASS PATTERN NO.10651
PASS PATTERN NO.10652
PASS PATTERN NO.10653
PASS PATTERN NO.10654
PASS PATTERN NO.10655
PASS PATTERN NO.10656
PASS PATTERN NO.10657
PASS PATTERN NO.10658
PASS PATTERN NO.10659
PASS PATTERN NO.10660
PASS PATTERN NO.10661
PASS PATTERN NO.10662
PASS PATTERN NO.10663
PASS PATTERN NO.10664
PASS PATTERN NO.10665
PASS PATTERN NO.10666
PASS PATTERN NO.10667
PASS PATTERN NO.10668
PASS PATTERN NO.10669
PASS PATTERN NO.10670
PASS PATTERN NO.10671
PASS PATTERN NO.10672
PASS PATTERN NO.10673
PASS PATTERN NO.10674
PASS PATTERN NO.10675
PASS PATTERN NO.10676
PASS PATTERN NO.10677
PASS PATTERN NO.10678
PASS PATTERN NO.10679
PASS PATTERN NO.10680
PASS PATTERN NO.10681
PASS PATTERN NO.10682
PASS PATTERN NO.10683
PASS PATTERN NO.10684
PASS PATTERN NO.10685
PASS PATTERN NO.10686
PASS PATTERN NO.10687
PASS PATTERN NO.10688
PASS PATTERN NO.10689
PASS PATTERN NO.10690
PASS PATTERN NO.10691
PASS PATTERN NO.10692
PASS PATTERN NO.10693
PASS PATTERN NO.10694
PASS PATTERN NO.10695
PASS PATTERN NO.10696
PASS PATTERN NO.10697
PASS PATTERN NO.10698
PASS PATTERN NO.10699
PASS PATTERN NO.10700
PASS PATTERN NO.10701
PASS PATTERN NO.10702
PASS PATTERN NO.10703
PASS PATTERN NO.10704
PASS PATTERN NO.10705
PASS PATTERN NO.10706
PASS PATTERN NO.10707
PASS PATTERN NO.10708
PASS PATTERN NO.10709
PASS PATTERN NO.10710
PASS PATTERN NO.10711
PASS PATTERN NO.10712
PASS PATTERN NO.10713
PASS PATTERN NO.10714
PASS PATTERN NO.10715
PASS PATTERN NO.10716
PASS PATTERN NO.10717
PASS PATTERN NO.10718
PASS PATTERN NO.10719
PASS PATTERN NO.10720
PASS PATTERN NO.10721
PASS PATTERN NO.10722
PASS PATTERN NO.10723
PASS PATTERN NO.10724
PASS PATTERN NO.10725
PASS PATTERN NO.10726
PASS PATTERN NO.10727
PASS PATTERN NO.10728
PASS PATTERN NO.10729
PASS PATTERN NO.10730
PASS PATTERN NO.10731
PASS PATTERN NO.10732
PASS PATTERN NO.10733
PASS PATTERN NO.10734
PASS PATTERN NO.10735
PASS PATTERN NO.10736
PASS PATTERN NO.10737
PASS PATTERN NO.10738
PASS PATTERN NO.10739
PASS PATTERN NO.10740
PASS PATTERN NO.10741
PASS PATTERN NO.10742
PASS PATTERN NO.10743
PASS PATTERN NO.10744
PASS PATTERN NO.10745
PASS PATTERN NO.10746
PASS PATTERN NO.10747
PASS PATTERN NO.10748
PASS PATTERN NO.10749
PASS PATTERN NO.10750
PASS PATTERN NO.10751
PASS PATTERN NO.10752
PASS PATTERN NO.10753
PASS PATTERN NO.10754
PASS PATTERN NO.10755
PASS PATTERN NO.10756
PASS PATTERN NO.10757
PASS PATTERN NO.10758
PASS PATTERN NO.10759
PASS PATTERN NO.10760
PASS PATTERN NO.10761
PASS PATTERN NO.10762
PASS PATTERN NO.10763
PASS PATTERN NO.10764
PASS PATTERN NO.10765
PASS PATTERN NO.10766
PASS PATTERN NO.10767
PASS PATTERN NO.10768
PASS PATTERN NO.10769
PASS PATTERN NO.10770
PASS PATTERN NO.10771
PASS PATTERN NO.10772
PASS PATTERN NO.10773
PASS PATTERN NO.10774
PASS PATTERN NO.10775
PASS PATTERN NO.10776
PASS PATTERN NO.10777
PASS PATTERN NO.10778
PASS PATTERN NO.10779
PASS PATTERN NO.10780
PASS PATTERN NO.10781
PASS PATTERN NO.10782
PASS PATTERN NO.10783
PASS PATTERN NO.10784
PASS PATTERN NO.10785
PASS PATTERN NO.10786
PASS PATTERN NO.10787
PASS PATTERN NO.10788
PASS PATTERN NO.10789
PASS PATTERN NO.10790
PASS PATTERN NO.10791
PASS PATTERN NO.10792
PASS PATTERN NO.10793
PASS PATTERN NO.10794
PASS PATTERN NO.10795
PASS PATTERN NO.10796
PASS PATTERN NO.10797
PASS PATTERN NO.10798
PASS PATTERN NO.10799
PASS PATTERN NO.10800
PASS PATTERN NO.10801
PASS PATTERN NO.10802
PASS PATTERN NO.10803
PASS PATTERN NO.10804
PASS PATTERN NO.10805
PASS PATTERN NO.10806
PASS PATTERN NO.10807
PASS PATTERN NO.10808
PASS PATTERN NO.10809
PASS PATTERN NO.10810
PASS PATTERN NO.10811
PASS PATTERN NO.10812
PASS PATTERN NO.10813
PASS PATTERN NO.10814
PASS PATTERN NO.10815
PASS PATTERN NO.10816
PASS PATTERN NO.10817
PASS PATTERN NO.10818
PASS PATTERN NO.10819
PASS PATTERN NO.10820
PASS PATTERN NO.10821
PASS PATTERN NO.10822
PASS PATTERN NO.10823
PASS PATTERN NO.10824
PASS PATTERN NO.10825
PASS PATTERN NO.10826
PASS PATTERN NO.10827
PASS PATTERN NO.10828
PASS PATTERN NO.10829
PASS PATTERN NO.10830
PASS PATTERN NO.10831
PASS PATTERN NO.10832
PASS PATTERN NO.10833
PASS PATTERN NO.10834
PASS PATTERN NO.10835
PASS PATTERN NO.10836
PASS PATTERN NO.10837
PASS PATTERN NO.10838
PASS PATTERN NO.10839
PASS PATTERN NO.10840
PASS PATTERN NO.10841
PASS PATTERN NO.10842
PASS PATTERN NO.10843
PASS PATTERN NO.10844
PASS PATTERN NO.10845
PASS PATTERN NO.10846
PASS PATTERN NO.10847
PASS PATTERN NO.10848
PASS PATTERN NO.10849
PASS PATTERN NO.10850
PASS PATTERN NO.10851
PASS PATTERN NO.10852
PASS PATTERN NO.10853
PASS PATTERN NO.10854
PASS PATTERN NO.10855
PASS PATTERN NO.10856
PASS PATTERN NO.10857
PASS PATTERN NO.10858
PASS PATTERN NO.10859
PASS PATTERN NO.10860
PASS PATTERN NO.10861
PASS PATTERN NO.10862
PASS PATTERN NO.10863
PASS PATTERN NO.10864
PASS PATTERN NO.10865
PASS PATTERN NO.10866
PASS PATTERN NO.10867
PASS PATTERN NO.10868
PASS PATTERN NO.10869
PASS PATTERN NO.10870
PASS PATTERN NO.10871
PASS PATTERN NO.10872
PASS PATTERN NO.10873
PASS PATTERN NO.10874
PASS PATTERN NO.10875
PASS PATTERN NO.10876
PASS PATTERN NO.10877
PASS PATTERN NO.10878
PASS PATTERN NO.10879
PASS PATTERN NO.10880
PASS PATTERN NO.10881
PASS PATTERN NO.10882
PASS PATTERN NO.10883
PASS PATTERN NO.10884
PASS PATTERN NO.10885
PASS PATTERN NO.10886
PASS PATTERN NO.10887
PASS PATTERN NO.10888
PASS PATTERN NO.10889
PASS PATTERN NO.10890
PASS PATTERN NO.10891
PASS PATTERN NO.10892
PASS PATTERN NO.10893
PASS PATTERN NO.10894
PASS PATTERN NO.10895
PASS PATTERN NO.10896
PASS PATTERN NO.10897
PASS PATTERN NO.10898
PASS PATTERN NO.10899
PASS PATTERN NO.10900
PASS PATTERN NO.10901
PASS PATTERN NO.10902
PASS PATTERN NO.10903
PASS PATTERN NO.10904
PASS PATTERN NO.10905
PASS PATTERN NO.10906
PASS PATTERN NO.10907
PASS PATTERN NO.10908
PASS PATTERN NO.10909
PASS PATTERN NO.10910
PASS PATTERN NO.10911
PASS PATTERN NO.10912
PASS PATTERN NO.10913
PASS PATTERN NO.10914
PASS PATTERN NO.10915
PASS PATTERN NO.10916
PASS PATTERN NO.10917
PASS PATTERN NO.10918
PASS PATTERN NO.10919
PASS PATTERN NO.10920
PASS PATTERN NO.10921
PASS PATTERN NO.10922
PASS PATTERN NO.10923
PASS PATTERN NO.10924
PASS PATTERN NO.10925
PASS PATTERN NO.10926
PASS PATTERN NO.10927
PASS PATTERN NO.10928
PASS PATTERN NO.10929
PASS PATTERN NO.10930
PASS PATTERN NO.10931
PASS PATTERN NO.10932
PASS PATTERN NO.10933
PASS PATTERN NO.10934
PASS PATTERN NO.10935
PASS PATTERN NO.10936
PASS PATTERN NO.10937
PASS PATTERN NO.10938
PASS PATTERN NO.10939
PASS PATTERN NO.10940
PASS PATTERN NO.10941
PASS PATTERN NO.10942
PASS PATTERN NO.10943
PASS PATTERN NO.10944
PASS PATTERN NO.10945
PASS PATTERN NO.10946
PASS PATTERN NO.10947
PASS PATTERN NO.10948
PASS PATTERN NO.10949
PASS PATTERN NO.10950
PASS PATTERN NO.10951
PASS PATTERN NO.10952
PASS PATTERN NO.10953
PASS PATTERN NO.10954
PASS PATTERN NO.10955
PASS PATTERN NO.10956
PASS PATTERN NO.10957
PASS PATTERN NO.10958
PASS PATTERN NO.10959
PASS PATTERN NO.10960
PASS PATTERN NO.10961
PASS PATTERN NO.10962
PASS PATTERN NO.10963
PASS PATTERN NO.10964
PASS PATTERN NO.10965
PASS PATTERN NO.10966
PASS PATTERN NO.10967
PASS PATTERN NO.10968
PASS PATTERN NO.10969
PASS PATTERN NO.10970
PASS PATTERN NO.10971
PASS PATTERN NO.10972
PASS PATTERN NO.10973
PASS PATTERN NO.10974
PASS PATTERN NO.10975
PASS PATTERN NO.10976
PASS PATTERN NO.10977
PASS PATTERN NO.10978
PASS PATTERN NO.10979
PASS PATTERN NO.10980
PASS PATTERN NO.10981
PASS PATTERN NO.10982
PASS PATTERN NO.10983
PASS PATTERN NO.10984
PASS PATTERN NO.10985
PASS PATTERN NO.10986
PASS PATTERN NO.10987
PASS PATTERN NO.10988
PASS PATTERN NO.10989
PASS PATTERN NO.10990
PASS PATTERN NO.10991
PASS PATTERN NO.10992
PASS PATTERN NO.10993
PASS PATTERN NO.10994
PASS PATTERN NO.10995
PASS PATTERN NO.10996
PASS PATTERN NO.10997
PASS PATTERN NO.10998
PASS PATTERN NO.10999
PASS PATTERN NO.11000
PASS PATTERN NO.11001
PASS PATTERN NO.11002
PASS PATTERN NO.11003
PASS PATTERN NO.11004
PASS PATTERN NO.11005
PASS PATTERN NO.11006
PASS PATTERN NO.11007
PASS PATTERN NO.11008
PASS PATTERN NO.11009
PASS PATTERN NO.11010
PASS PATTERN NO.11011
PASS PATTERN NO.11012
PASS PATTERN NO.11013
PASS PATTERN NO.11014
PASS PATTERN NO.11015
PASS PATTERN NO.11016
PASS PATTERN NO.11017
PASS PATTERN NO.11018
PASS PATTERN NO.11019
PASS PATTERN NO.11020
PASS PATTERN NO.11021
PASS PATTERN NO.11022
PASS PATTERN NO.11023
PASS PATTERN NO.11024
PASS PATTERN NO.11025
PASS PATTERN NO.11026
PASS PATTERN NO.11027
PASS PATTERN NO.11028
PASS PATTERN NO.11029
PASS PATTERN NO.11030
PASS PATTERN NO.11031
PASS PATTERN NO.11032
PASS PATTERN NO.11033
PASS PATTERN NO.11034
PASS PATTERN NO.11035
PASS PATTERN NO.11036
PASS PATTERN NO.11037
PASS PATTERN NO.11038
PASS PATTERN NO.11039
PASS PATTERN NO.11040
PASS PATTERN NO.11041
PASS PATTERN NO.11042
PASS PATTERN NO.11043
PASS PATTERN NO.11044
PASS PATTERN NO.11045
PASS PATTERN NO.11046
PASS PATTERN NO.11047
PASS PATTERN NO.11048
PASS PATTERN NO.11049
PASS PATTERN NO.11050
PASS PATTERN NO.11051
PASS PATTERN NO.11052
PASS PATTERN NO.11053
PASS PATTERN NO.11054
PASS PATTERN NO.11055
PASS PATTERN NO.11056
PASS PATTERN NO.11057
PASS PATTERN NO.11058
PASS PATTERN NO.11059
PASS PATTERN NO.11060
PASS PATTERN NO.11061
PASS PATTERN NO.11062
PASS PATTERN NO.11063
PASS PATTERN NO.11064
PASS PATTERN NO.11065
PASS PATTERN NO.11066
PASS PATTERN NO.11067
PASS PATTERN NO.11068
PASS PATTERN NO.11069
PASS PATTERN NO.11070
PASS PATTERN NO.11071
PASS PATTERN NO.11072
PASS PATTERN NO.11073
PASS PATTERN NO.11074
PASS PATTERN NO.11075
PASS PATTERN NO.11076
PASS PATTERN NO.11077
PASS PATTERN NO.11078
PASS PATTERN NO.11079
PASS PATTERN NO.11080
PASS PATTERN NO.11081
PASS PATTERN NO.11082
PASS PATTERN NO.11083
PASS PATTERN NO.11084
PASS PATTERN NO.11085
PASS PATTERN NO.11086
PASS PATTERN NO.11087
PASS PATTERN NO.11088
PASS PATTERN NO.11089
PASS PATTERN NO.11090
PASS PATTERN NO.11091
PASS PATTERN NO.11092
PASS PATTERN NO.11093
PASS PATTERN NO.11094
PASS PATTERN NO.11095
PASS PATTERN NO.11096
PASS PATTERN NO.11097
PASS PATTERN NO.11098
PASS PATTERN NO.11099
PASS PATTERN NO.11100
PASS PATTERN NO.11101
PASS PATTERN NO.11102
PASS PATTERN NO.11103
PASS PATTERN NO.11104
PASS PATTERN NO.11105
PASS PATTERN NO.11106
PASS PATTERN NO.11107
PASS PATTERN NO.11108
PASS PATTERN NO.11109
PASS PATTERN NO.11110
PASS PATTERN NO.11111
PASS PATTERN NO.11112
PASS PATTERN NO.11113
PASS PATTERN NO.11114
PASS PATTERN NO.11115
PASS PATTERN NO.11116
PASS PATTERN NO.11117
PASS PATTERN NO.11118
PASS PATTERN NO.11119
PASS PATTERN NO.11120
PASS PATTERN NO.11121
PASS PATTERN NO.11122
PASS PATTERN NO.11123
PASS PATTERN NO.11124
PASS PATTERN NO.11125
PASS PATTERN NO.11126
PASS PATTERN NO.11127
PASS PATTERN NO.11128
PASS PATTERN NO.11129
PASS PATTERN NO.11130
PASS PATTERN NO.11131
PASS PATTERN NO.11132
PASS PATTERN NO.11133
PASS PATTERN NO.11134
PASS PATTERN NO.11135
PASS PATTERN NO.11136
PASS PATTERN NO.11137
PASS PATTERN NO.11138
PASS PATTERN NO.11139
PASS PATTERN NO.11140
PASS PATTERN NO.11141
PASS PATTERN NO.11142
PASS PATTERN NO.11143
PASS PATTERN NO.11144
PASS PATTERN NO.11145
PASS PATTERN NO.11146
PASS PATTERN NO.11147
PASS PATTERN NO.11148
PASS PATTERN NO.11149
PASS PATTERN NO.11150
PASS PATTERN NO.11151
PASS PATTERN NO.11152
PASS PATTERN NO.11153
PASS PATTERN NO.11154
PASS PATTERN NO.11155
PASS PATTERN NO.11156
PASS PATTERN NO.11157
PASS PATTERN NO.11158
PASS PATTERN NO.11159
PASS PATTERN NO.11160
PASS PATTERN NO.11161
PASS PATTERN NO.11162
PASS PATTERN NO.11163
PASS PATTERN NO.11164
PASS PATTERN NO.11165
PASS PATTERN NO.11166
PASS PATTERN NO.11167
PASS PATTERN NO.11168
PASS PATTERN NO.11169
PASS PATTERN NO.11170
PASS PATTERN NO.11171
PASS PATTERN NO.11172
PASS PATTERN NO.11173
PASS PATTERN NO.11174
PASS PATTERN NO.11175
PASS PATTERN NO.11176
PASS PATTERN NO.11177
PASS PATTERN NO.11178
PASS PATTERN NO.11179
PASS PATTERN NO.11180
PASS PATTERN NO.11181
PASS PATTERN NO.11182
PASS PATTERN NO.11183
PASS PATTERN NO.11184
PASS PATTERN NO.11185
PASS PATTERN NO.11186
PASS PATTERN NO.11187
PASS PATTERN NO.11188
PASS PATTERN NO.11189
PASS PATTERN NO.11190
PASS PATTERN NO.11191
PASS PATTERN NO.11192
PASS PATTERN NO.11193
PASS PATTERN NO.11194
PASS PATTERN NO.11195
PASS PATTERN NO.11196
PASS PATTERN NO.11197
PASS PATTERN NO.11198
PASS PATTERN NO.11199
PASS PATTERN NO.11200
PASS PATTERN NO.11201
PASS PATTERN NO.11202
PASS PATTERN NO.11203
PASS PATTERN NO.11204
PASS PATTERN NO.11205
PASS PATTERN NO.11206
PASS PATTERN NO.11207
PASS PATTERN NO.11208
PASS PATTERN NO.11209
PASS PATTERN NO.11210
PASS PATTERN NO.11211
PASS PATTERN NO.11212
PASS PATTERN NO.11213
PASS PATTERN NO.11214
PASS PATTERN NO.11215
PASS PATTERN NO.11216
PASS PATTERN NO.11217
PASS PATTERN NO.11218
PASS PATTERN NO.11219
PASS PATTERN NO.11220
PASS PATTERN NO.11221
PASS PATTERN NO.11222
PASS PATTERN NO.11223
PASS PATTERN NO.11224
PASS PATTERN NO.11225
PASS PATTERN NO.11226
PASS PATTERN NO.11227
PASS PATTERN NO.11228
PASS PATTERN NO.11229
PASS PATTERN NO.11230
PASS PATTERN NO.11231
PASS PATTERN NO.11232
PASS PATTERN NO.11233
PASS PATTERN NO.11234
PASS PATTERN NO.11235
PASS PATTERN NO.11236
PASS PATTERN NO.11237
PASS PATTERN NO.11238
PASS PATTERN NO.11239
PASS PATTERN NO.11240
PASS PATTERN NO.11241
PASS PATTERN NO.11242
PASS PATTERN NO.11243
PASS PATTERN NO.11244
PASS PATTERN NO.11245
PASS PATTERN NO.11246
PASS PATTERN NO.11247
PASS PATTERN NO.11248
PASS PATTERN NO.11249
PASS PATTERN NO.11250
PASS PATTERN NO.11251
PASS PATTERN NO.11252
PASS PATTERN NO.11253
PASS PATTERN NO.11254
PASS PATTERN NO.11255
PASS PATTERN NO.11256
PASS PATTERN NO.11257
PASS PATTERN NO.11258
PASS PATTERN NO.11259
PASS PATTERN NO.11260
PASS PATTERN NO.11261
PASS PATTERN NO.11262
PASS PATTERN NO.11263
PASS PATTERN NO.11264
PASS PATTERN NO.11265
PASS PATTERN NO.11266
PASS PATTERN NO.11267
PASS PATTERN NO.11268
PASS PATTERN NO.11269
PASS PATTERN NO.11270
PASS PATTERN NO.11271
PASS PATTERN NO.11272
PASS PATTERN NO.11273
PASS PATTERN NO.11274
PASS PATTERN NO.11275
PASS PATTERN NO.11276
PASS PATTERN NO.11277
PASS PATTERN NO.11278
PASS PATTERN NO.11279
PASS PATTERN NO.11280
PASS PATTERN NO.11281
PASS PATTERN NO.11282
PASS PATTERN NO.11283
PASS PATTERN NO.11284
PASS PATTERN NO.11285
PASS PATTERN NO.11286
PASS PATTERN NO.11287
PASS PATTERN NO.11288
PASS PATTERN NO.11289
PASS PATTERN NO.11290
PASS PATTERN NO.11291
PASS PATTERN NO.11292
PASS PATTERN NO.11293
PASS PATTERN NO.11294
PASS PATTERN NO.11295
PASS PATTERN NO.11296
PASS PATTERN NO.11297
PASS PATTERN NO.11298
PASS PATTERN NO.11299
PASS PATTERN NO.11300
PASS PATTERN NO.11301
PASS PATTERN NO.11302
PASS PATTERN NO.11303
PASS PATTERN NO.11304
PASS PATTERN NO.11305
PASS PATTERN NO.11306
PASS PATTERN NO.11307
PASS PATTERN NO.11308
PASS PATTERN NO.11309
PASS PATTERN NO.11310
PASS PATTERN NO.11311
PASS PATTERN NO.11312
PASS PATTERN NO.11313
PASS PATTERN NO.11314
PASS PATTERN NO.11315
PASS PATTERN NO.11316
PASS PATTERN NO.11317
PASS PATTERN NO.11318
PASS PATTERN NO.11319
PASS PATTERN NO.11320
PASS PATTERN NO.11321
PASS PATTERN NO.11322
PASS PATTERN NO.11323
PASS PATTERN NO.11324
PASS PATTERN NO.11325
PASS PATTERN NO.11326
PASS PATTERN NO.11327
PASS PATTERN NO.11328
PASS PATTERN NO.11329
PASS PATTERN NO.11330
PASS PATTERN NO.11331
PASS PATTERN NO.11332
PASS PATTERN NO.11333
PASS PATTERN NO.11334
PASS PATTERN NO.11335
PASS PATTERN NO.11336
PASS PATTERN NO.11337
PASS PATTERN NO.11338
PASS PATTERN NO.11339
PASS PATTERN NO.11340
PASS PATTERN NO.11341
PASS PATTERN NO.11342
PASS PATTERN NO.11343
PASS PATTERN NO.11344
PASS PATTERN NO.11345
PASS PATTERN NO.11346
PASS PATTERN NO.11347
PASS PATTERN NO.11348
PASS PATTERN NO.11349
PASS PATTERN NO.11350
PASS PATTERN NO.11351
PASS PATTERN NO.11352
PASS PATTERN NO.11353
PASS PATTERN NO.11354
PASS PATTERN NO.11355
PASS PATTERN NO.11356
PASS PATTERN NO.11357
PASS PATTERN NO.11358
PASS PATTERN NO.11359
PASS PATTERN NO.11360
PASS PATTERN NO.11361
PASS PATTERN NO.11362
PASS PATTERN NO.11363
PASS PATTERN NO.11364
PASS PATTERN NO.11365
PASS PATTERN NO.11366
PASS PATTERN NO.11367
PASS PATTERN NO.11368
PASS PATTERN NO.11369
PASS PATTERN NO.11370
PASS PATTERN NO.11371
PASS PATTERN NO.11372
PASS PATTERN NO.11373
PASS PATTERN NO.11374
PASS PATTERN NO.11375
PASS PATTERN NO.11376
PASS PATTERN NO.11377
PASS PATTERN NO.11378
PASS PATTERN NO.11379
PASS PATTERN NO.11380
PASS PATTERN NO.11381
PASS PATTERN NO.11382
PASS PATTERN NO.11383
PASS PATTERN NO.11384
PASS PATTERN NO.11385
PASS PATTERN NO.11386
PASS PATTERN NO.11387
PASS PATTERN NO.11388
PASS PATTERN NO.11389
PASS PATTERN NO.11390
PASS PATTERN NO.11391
PASS PATTERN NO.11392
PASS PATTERN NO.11393
PASS PATTERN NO.11394
PASS PATTERN NO.11395
PASS PATTERN NO.11396
PASS PATTERN NO.11397
PASS PATTERN NO.11398
PASS PATTERN NO.11399
PASS PATTERN NO.11400
PASS PATTERN NO.11401
PASS PATTERN NO.11402
PASS PATTERN NO.11403
PASS PATTERN NO.11404
PASS PATTERN NO.11405
PASS PATTERN NO.11406
PASS PATTERN NO.11407
PASS PATTERN NO.11408
PASS PATTERN NO.11409
PASS PATTERN NO.11410
PASS PATTERN NO.11411
PASS PATTERN NO.11412
PASS PATTERN NO.11413
PASS PATTERN NO.11414
PASS PATTERN NO.11415
PASS PATTERN NO.11416
PASS PATTERN NO.11417
PASS PATTERN NO.11418
PASS PATTERN NO.11419
PASS PATTERN NO.11420
PASS PATTERN NO.11421
PASS PATTERN NO.11422
PASS PATTERN NO.11423
PASS PATTERN NO.11424
PASS PATTERN NO.11425
PASS PATTERN NO.11426
PASS PATTERN NO.11427
PASS PATTERN NO.11428
PASS PATTERN NO.11429
PASS PATTERN NO.11430
PASS PATTERN NO.11431
PASS PATTERN NO.11432
PASS PATTERN NO.11433
PASS PATTERN NO.11434
PASS PATTERN NO.11435
PASS PATTERN NO.11436
PASS PATTERN NO.11437
PASS PATTERN NO.11438
PASS PATTERN NO.11439
PASS PATTERN NO.11440
PASS PATTERN NO.11441
PASS PATTERN NO.11442
PASS PATTERN NO.11443
PASS PATTERN NO.11444
PASS PATTERN NO.11445
PASS PATTERN NO.11446
PASS PATTERN NO.11447
PASS PATTERN NO.11448
PASS PATTERN NO.11449
PASS PATTERN NO.11450
PASS PATTERN NO.11451
PASS PATTERN NO.11452
PASS PATTERN NO.11453
PASS PATTERN NO.11454
PASS PATTERN NO.11455
PASS PATTERN NO.11456
PASS PATTERN NO.11457
PASS PATTERN NO.11458
PASS PATTERN NO.11459
PASS PATTERN NO.11460
PASS PATTERN NO.11461
PASS PATTERN NO.11462
PASS PATTERN NO.11463
PASS PATTERN NO.11464
PASS PATTERN NO.11465
PASS PATTERN NO.11466
PASS PATTERN NO.11467
PASS PATTERN NO.11468
PASS PATTERN NO.11469
PASS PATTERN NO.11470
PASS PATTERN NO.11471
PASS PATTERN NO.11472
PASS PATTERN NO.11473
PASS PATTERN NO.11474
PASS PATTERN NO.11475
PASS PATTERN NO.11476
PASS PATTERN NO.11477
PASS PATTERN NO.11478
PASS PATTERN NO.11479
PASS PATTERN NO.11480
PASS PATTERN NO.11481
PASS PATTERN NO.11482
PASS PATTERN NO.11483
PASS PATTERN NO.11484
PASS PATTERN NO.11485
PASS PATTERN NO.11486
PASS PATTERN NO.11487
PASS PATTERN NO.11488
PASS PATTERN NO.11489
PASS PATTERN NO.11490
PASS PATTERN NO.11491
PASS PATTERN NO.11492
PASS PATTERN NO.11493
PASS PATTERN NO.11494
PASS PATTERN NO.11495
PASS PATTERN NO.11496
PASS PATTERN NO.11497
PASS PATTERN NO.11498
PASS PATTERN NO.11499
PASS PATTERN NO.11500
PASS PATTERN NO.11501
PASS PATTERN NO.11502
PASS PATTERN NO.11503
PASS PATTERN NO.11504
PASS PATTERN NO.11505
PASS PATTERN NO.11506
PASS PATTERN NO.11507
PASS PATTERN NO.11508
PASS PATTERN NO.11509
PASS PATTERN NO.11510
PASS PATTERN NO.11511
PASS PATTERN NO.11512
PASS PATTERN NO.11513
PASS PATTERN NO.11514
PASS PATTERN NO.11515
PASS PATTERN NO.11516
PASS PATTERN NO.11517
PASS PATTERN NO.11518
PASS PATTERN NO.11519
PASS PATTERN NO.11520
PASS PATTERN NO.11521
PASS PATTERN NO.11522
PASS PATTERN NO.11523
PASS PATTERN NO.11524
PASS PATTERN NO.11525
PASS PATTERN NO.11526
PASS PATTERN NO.11527
PASS PATTERN NO.11528
PASS PATTERN NO.11529
PASS PATTERN NO.11530
PASS PATTERN NO.11531
PASS PATTERN NO.11532
PASS PATTERN NO.11533
PASS PATTERN NO.11534
PASS PATTERN NO.11535
PASS PATTERN NO.11536
PASS PATTERN NO.11537
PASS PATTERN NO.11538
PASS PATTERN NO.11539
PASS PATTERN NO.11540
PASS PATTERN NO.11541
PASS PATTERN NO.11542
PASS PATTERN NO.11543
PASS PATTERN NO.11544
PASS PATTERN NO.11545
PASS PATTERN NO.11546
PASS PATTERN NO.11547
PASS PATTERN NO.11548
PASS PATTERN NO.11549
PASS PATTERN NO.11550
PASS PATTERN NO.11551
PASS PATTERN NO.11552
PASS PATTERN NO.11553
PASS PATTERN NO.11554
PASS PATTERN NO.11555
PASS PATTERN NO.11556
PASS PATTERN NO.11557
PASS PATTERN NO.11558
PASS PATTERN NO.11559
PASS PATTERN NO.11560
PASS PATTERN NO.11561
PASS PATTERN NO.11562
PASS PATTERN NO.11563
PASS PATTERN NO.11564
PASS PATTERN NO.11565
PASS PATTERN NO.11566
PASS PATTERN NO.11567
PASS PATTERN NO.11568
PASS PATTERN NO.11569
PASS PATTERN NO.11570
PASS PATTERN NO.11571
PASS PATTERN NO.11572
PASS PATTERN NO.11573
PASS PATTERN NO.11574
PASS PATTERN NO.11575
PASS PATTERN NO.11576
PASS PATTERN NO.11577
PASS PATTERN NO.11578
PASS PATTERN NO.11579
PASS PATTERN NO.11580
PASS PATTERN NO.11581
PASS PATTERN NO.11582
PASS PATTERN NO.11583
PASS PATTERN NO.11584
PASS PATTERN NO.11585
PASS PATTERN NO.11586
PASS PATTERN NO.11587
PASS PATTERN NO.11588
PASS PATTERN NO.11589
PASS PATTERN NO.11590
PASS PATTERN NO.11591
PASS PATTERN NO.11592
PASS PATTERN NO.11593
PASS PATTERN NO.11594
PASS PATTERN NO.11595
PASS PATTERN NO.11596
PASS PATTERN NO.11597
PASS PATTERN NO.11598
PASS PATTERN NO.11599
PASS PATTERN NO.11600
PASS PATTERN NO.11601
PASS PATTERN NO.11602
PASS PATTERN NO.11603
PASS PATTERN NO.11604
PASS PATTERN NO.11605
PASS PATTERN NO.11606
PASS PATTERN NO.11607
PASS PATTERN NO.11608
PASS PATTERN NO.11609
PASS PATTERN NO.11610
PASS PATTERN NO.11611
PASS PATTERN NO.11612
PASS PATTERN NO.11613
PASS PATTERN NO.11614
PASS PATTERN NO.11615
PASS PATTERN NO.11616
PASS PATTERN NO.11617
PASS PATTERN NO.11618
PASS PATTERN NO.11619
PASS PATTERN NO.11620
PASS PATTERN NO.11621
PASS PATTERN NO.11622
PASS PATTERN NO.11623
PASS PATTERN NO.11624
PASS PATTERN NO.11625
PASS PATTERN NO.11626
PASS PATTERN NO.11627
PASS PATTERN NO.11628
PASS PATTERN NO.11629
PASS PATTERN NO.11630
PASS PATTERN NO.11631
PASS PATTERN NO.11632
PASS PATTERN NO.11633
PASS PATTERN NO.11634
PASS PATTERN NO.11635
PASS PATTERN NO.11636
PASS PATTERN NO.11637
PASS PATTERN NO.11638
PASS PATTERN NO.11639
PASS PATTERN NO.11640
PASS PATTERN NO.11641
PASS PATTERN NO.11642
PASS PATTERN NO.11643
PASS PATTERN NO.11644
PASS PATTERN NO.11645
PASS PATTERN NO.11646
PASS PATTERN NO.11647
PASS PATTERN NO.11648
PASS PATTERN NO.11649
PASS PATTERN NO.11650
PASS PATTERN NO.11651
PASS PATTERN NO.11652
PASS PATTERN NO.11653
PASS PATTERN NO.11654
PASS PATTERN NO.11655
PASS PATTERN NO.11656
PASS PATTERN NO.11657
PASS PATTERN NO.11658
PASS PATTERN NO.11659
PASS PATTERN NO.11660
PASS PATTERN NO.11661
PASS PATTERN NO.11662
PASS PATTERN NO.11663
PASS PATTERN NO.11664
PASS PATTERN NO.11665
PASS PATTERN NO.11666
PASS PATTERN NO.11667
PASS PATTERN NO.11668
PASS PATTERN NO.11669
PASS PATTERN NO.11670
PASS PATTERN NO.11671
PASS PATTERN NO.11672
PASS PATTERN NO.11673
PASS PATTERN NO.11674
PASS PATTERN NO.11675
PASS PATTERN NO.11676
PASS PATTERN NO.11677
PASS PATTERN NO.11678
PASS PATTERN NO.11679
PASS PATTERN NO.11680
PASS PATTERN NO.11681
PASS PATTERN NO.11682
PASS PATTERN NO.11683
PASS PATTERN NO.11684
PASS PATTERN NO.11685
PASS PATTERN NO.11686
PASS PATTERN NO.11687
PASS PATTERN NO.11688
PASS PATTERN NO.11689
PASS PATTERN NO.11690
PASS PATTERN NO.11691
PASS PATTERN NO.11692
PASS PATTERN NO.11693
PASS PATTERN NO.11694
PASS PATTERN NO.11695
PASS PATTERN NO.11696
PASS PATTERN NO.11697
PASS PATTERN NO.11698
PASS PATTERN NO.11699
PASS PATTERN NO.11700
PASS PATTERN NO.11701
PASS PATTERN NO.11702
PASS PATTERN NO.11703
PASS PATTERN NO.11704
PASS PATTERN NO.11705
PASS PATTERN NO.11706
PASS PATTERN NO.11707
PASS PATTERN NO.11708
PASS PATTERN NO.11709
PASS PATTERN NO.11710
PASS PATTERN NO.11711
PASS PATTERN NO.11712
PASS PATTERN NO.11713
PASS PATTERN NO.11714
PASS PATTERN NO.11715
PASS PATTERN NO.11716
PASS PATTERN NO.11717
PASS PATTERN NO.11718
PASS PATTERN NO.11719
PASS PATTERN NO.11720
PASS PATTERN NO.11721
PASS PATTERN NO.11722
PASS PATTERN NO.11723
PASS PATTERN NO.11724
PASS PATTERN NO.11725
PASS PATTERN NO.11726
PASS PATTERN NO.11727
PASS PATTERN NO.11728
PASS PATTERN NO.11729
PASS PATTERN NO.11730
PASS PATTERN NO.11731
PASS PATTERN NO.11732
PASS PATTERN NO.11733
PASS PATTERN NO.11734
PASS PATTERN NO.11735
PASS PATTERN NO.11736
PASS PATTERN NO.11737
PASS PATTERN NO.11738
PASS PATTERN NO.11739
PASS PATTERN NO.11740
PASS PATTERN NO.11741
PASS PATTERN NO.11742
PASS PATTERN NO.11743
PASS PATTERN NO.11744
PASS PATTERN NO.11745
PASS PATTERN NO.11746
PASS PATTERN NO.11747
PASS PATTERN NO.11748
PASS PATTERN NO.11749
PASS PATTERN NO.11750
PASS PATTERN NO.11751
PASS PATTERN NO.11752
PASS PATTERN NO.11753
PASS PATTERN NO.11754
PASS PATTERN NO.11755
PASS PATTERN NO.11756
PASS PATTERN NO.11757
PASS PATTERN NO.11758
PASS PATTERN NO.11759
PASS PATTERN NO.11760
PASS PATTERN NO.11761
PASS PATTERN NO.11762
PASS PATTERN NO.11763
PASS PATTERN NO.11764
PASS PATTERN NO.11765
PASS PATTERN NO.11766
PASS PATTERN NO.11767
PASS PATTERN NO.11768
PASS PATTERN NO.11769
PASS PATTERN NO.11770
PASS PATTERN NO.11771
PASS PATTERN NO.11772
PASS PATTERN NO.11773
PASS PATTERN NO.11774
PASS PATTERN NO.11775
PASS PATTERN NO.11776
PASS PATTERN NO.11777
PASS PATTERN NO.11778
PASS PATTERN NO.11779
PASS PATTERN NO.11780
PASS PATTERN NO.11781
PASS PATTERN NO.11782
PASS PATTERN NO.11783
PASS PATTERN NO.11784
PASS PATTERN NO.11785
PASS PATTERN NO.11786
PASS PATTERN NO.11787
PASS PATTERN NO.11788
PASS PATTERN NO.11789
PASS PATTERN NO.11790
PASS PATTERN NO.11791
PASS PATTERN NO.11792
PASS PATTERN NO.11793
PASS PATTERN NO.11794
PASS PATTERN NO.11795
PASS PATTERN NO.11796
PASS PATTERN NO.11797
PASS PATTERN NO.11798
PASS PATTERN NO.11799
PASS PATTERN NO.11800
PASS PATTERN NO.11801
PASS PATTERN NO.11802
PASS PATTERN NO.11803
PASS PATTERN NO.11804
PASS PATTERN NO.11805
PASS PATTERN NO.11806
PASS PATTERN NO.11807
PASS PATTERN NO.11808
PASS PATTERN NO.11809
PASS PATTERN NO.11810
PASS PATTERN NO.11811
PASS PATTERN NO.11812
PASS PATTERN NO.11813
PASS PATTERN NO.11814
PASS PATTERN NO.11815
PASS PATTERN NO.11816
PASS PATTERN NO.11817
PASS PATTERN NO.11818
PASS PATTERN NO.11819
PASS PATTERN NO.11820
PASS PATTERN NO.11821
PASS PATTERN NO.11822
PASS PATTERN NO.11823
PASS PATTERN NO.11824
PASS PATTERN NO.11825
PASS PATTERN NO.11826
PASS PATTERN NO.11827
PASS PATTERN NO.11828
PASS PATTERN NO.11829
PASS PATTERN NO.11830
PASS PATTERN NO.11831
PASS PATTERN NO.11832
PASS PATTERN NO.11833
PASS PATTERN NO.11834
PASS PATTERN NO.11835
PASS PATTERN NO.11836
PASS PATTERN NO.11837
PASS PATTERN NO.11838
PASS PATTERN NO.11839
PASS PATTERN NO.11840
PASS PATTERN NO.11841
PASS PATTERN NO.11842
PASS PATTERN NO.11843
PASS PATTERN NO.11844
PASS PATTERN NO.11845
PASS PATTERN NO.11846
PASS PATTERN NO.11847
PASS PATTERN NO.11848
PASS PATTERN NO.11849
PASS PATTERN NO.11850
PASS PATTERN NO.11851
PASS PATTERN NO.11852
PASS PATTERN NO.11853
PASS PATTERN NO.11854
PASS PATTERN NO.11855
PASS PATTERN NO.11856
PASS PATTERN NO.11857
PASS PATTERN NO.11858
PASS PATTERN NO.11859
PASS PATTERN NO.11860
PASS PATTERN NO.11861
PASS PATTERN NO.11862
PASS PATTERN NO.11863
PASS PATTERN NO.11864
PASS PATTERN NO.11865
PASS PATTERN NO.11866
PASS PATTERN NO.11867
PASS PATTERN NO.11868
PASS PATTERN NO.11869
PASS PATTERN NO.11870
PASS PATTERN NO.11871
PASS PATTERN NO.11872
PASS PATTERN NO.11873
PASS PATTERN NO.11874
PASS PATTERN NO.11875
PASS PATTERN NO.11876
PASS PATTERN NO.11877
PASS PATTERN NO.11878
PASS PATTERN NO.11879
PASS PATTERN NO.11880
PASS PATTERN NO.11881
PASS PATTERN NO.11882
PASS PATTERN NO.11883
PASS PATTERN NO.11884
PASS PATTERN NO.11885
PASS PATTERN NO.11886
PASS PATTERN NO.11887
PASS PATTERN NO.11888
PASS PATTERN NO.11889
PASS PATTERN NO.11890
PASS PATTERN NO.11891
PASS PATTERN NO.11892
PASS PATTERN NO.11893
PASS PATTERN NO.11894
PASS PATTERN NO.11895
PASS PATTERN NO.11896
PASS PATTERN NO.11897
PASS PATTERN NO.11898
PASS PATTERN NO.11899
PASS PATTERN NO.11900
PASS PATTERN NO.11901
PASS PATTERN NO.11902
PASS PATTERN NO.11903
PASS PATTERN NO.11904
PASS PATTERN NO.11905
PASS PATTERN NO.11906
PASS PATTERN NO.11907
PASS PATTERN NO.11908
PASS PATTERN NO.11909
PASS PATTERN NO.11910
PASS PATTERN NO.11911
PASS PATTERN NO.11912
PASS PATTERN NO.11913
PASS PATTERN NO.11914
PASS PATTERN NO.11915
PASS PATTERN NO.11916
PASS PATTERN NO.11917
PASS PATTERN NO.11918
PASS PATTERN NO.11919
PASS PATTERN NO.11920
PASS PATTERN NO.11921
PASS PATTERN NO.11922
PASS PATTERN NO.11923
PASS PATTERN NO.11924
PASS PATTERN NO.11925
PASS PATTERN NO.11926
PASS PATTERN NO.11927
PASS PATTERN NO.11928
PASS PATTERN NO.11929
PASS PATTERN NO.11930
PASS PATTERN NO.11931
PASS PATTERN NO.11932
PASS PATTERN NO.11933
PASS PATTERN NO.11934
PASS PATTERN NO.11935
PASS PATTERN NO.11936
PASS PATTERN NO.11937
PASS PATTERN NO.11938
PASS PATTERN NO.11939
PASS PATTERN NO.11940
PASS PATTERN NO.11941
PASS PATTERN NO.11942
PASS PATTERN NO.11943
PASS PATTERN NO.11944
PASS PATTERN NO.11945
PASS PATTERN NO.11946
PASS PATTERN NO.11947
PASS PATTERN NO.11948
PASS PATTERN NO.11949
PASS PATTERN NO.11950
PASS PATTERN NO.11951
PASS PATTERN NO.11952
PASS PATTERN NO.11953
PASS PATTERN NO.11954
PASS PATTERN NO.11955
PASS PATTERN NO.11956
PASS PATTERN NO.11957
PASS PATTERN NO.11958
PASS PATTERN NO.11959
PASS PATTERN NO.11960
PASS PATTERN NO.11961
PASS PATTERN NO.11962
PASS PATTERN NO.11963
PASS PATTERN NO.11964
PASS PATTERN NO.11965
PASS PATTERN NO.11966
PASS PATTERN NO.11967
PASS PATTERN NO.11968
PASS PATTERN NO.11969
PASS PATTERN NO.11970
PASS PATTERN NO.11971
PASS PATTERN NO.11972
PASS PATTERN NO.11973
PASS PATTERN NO.11974
PASS PATTERN NO.11975
PASS PATTERN NO.11976
PASS PATTERN NO.11977
PASS PATTERN NO.11978
PASS PATTERN NO.11979
PASS PATTERN NO.11980
PASS PATTERN NO.11981
PASS PATTERN NO.11982
PASS PATTERN NO.11983
PASS PATTERN NO.11984
PASS PATTERN NO.11985
PASS PATTERN NO.11986
PASS PATTERN NO.11987
PASS PATTERN NO.11988
PASS PATTERN NO.11989
PASS PATTERN NO.11990
PASS PATTERN NO.11991
PASS PATTERN NO.11992
PASS PATTERN NO.11993
PASS PATTERN NO.11994
PASS PATTERN NO.11995
PASS PATTERN NO.11996
PASS PATTERN NO.11997
PASS PATTERN NO.11998
PASS PATTERN NO.11999
PASS PATTERN NO.12000
PASS PATTERN NO.12001
PASS PATTERN NO.12002
PASS PATTERN NO.12003
PASS PATTERN NO.12004
PASS PATTERN NO.12005
PASS PATTERN NO.12006
PASS PATTERN NO.12007
PASS PATTERN NO.12008
PASS PATTERN NO.12009
PASS PATTERN NO.12010
PASS PATTERN NO.12011
PASS PATTERN NO.12012
PASS PATTERN NO.12013
PASS PATTERN NO.12014
PASS PATTERN NO.12015
PASS PATTERN NO.12016
PASS PATTERN NO.12017
PASS PATTERN NO.12018
PASS PATTERN NO.12019
PASS PATTERN NO.12020
PASS PATTERN NO.12021
PASS PATTERN NO.12022
PASS PATTERN NO.12023
PASS PATTERN NO.12024
PASS PATTERN NO.12025
PASS PATTERN NO.12026
PASS PATTERN NO.12027
PASS PATTERN NO.12028
PASS PATTERN NO.12029
PASS PATTERN NO.12030
PASS PATTERN NO.12031
PASS PATTERN NO.12032
PASS PATTERN NO.12033
PASS PATTERN NO.12034
PASS PATTERN NO.12035
PASS PATTERN NO.12036
PASS PATTERN NO.12037
PASS PATTERN NO.12038
PASS PATTERN NO.12039
PASS PATTERN NO.12040
PASS PATTERN NO.12041
PASS PATTERN NO.12042
PASS PATTERN NO.12043
PASS PATTERN NO.12044
PASS PATTERN NO.12045
PASS PATTERN NO.12046
PASS PATTERN NO.12047
PASS PATTERN NO.12048
PASS PATTERN NO.12049
PASS PATTERN NO.12050
PASS PATTERN NO.12051
PASS PATTERN NO.12052
PASS PATTERN NO.12053
PASS PATTERN NO.12054
PASS PATTERN NO.12055
PASS PATTERN NO.12056
PASS PATTERN NO.12057
PASS PATTERN NO.12058
PASS PATTERN NO.12059
PASS PATTERN NO.12060
PASS PATTERN NO.12061
PASS PATTERN NO.12062
PASS PATTERN NO.12063
PASS PATTERN NO.12064
PASS PATTERN NO.12065
PASS PATTERN NO.12066
PASS PATTERN NO.12067
PASS PATTERN NO.12068
PASS PATTERN NO.12069
PASS PATTERN NO.12070
PASS PATTERN NO.12071
PASS PATTERN NO.12072
PASS PATTERN NO.12073
PASS PATTERN NO.12074
PASS PATTERN NO.12075
PASS PATTERN NO.12076
PASS PATTERN NO.12077
PASS PATTERN NO.12078
PASS PATTERN NO.12079
PASS PATTERN NO.12080
PASS PATTERN NO.12081
PASS PATTERN NO.12082
PASS PATTERN NO.12083
PASS PATTERN NO.12084
PASS PATTERN NO.12085
PASS PATTERN NO.12086
PASS PATTERN NO.12087
PASS PATTERN NO.12088
PASS PATTERN NO.12089
PASS PATTERN NO.12090
PASS PATTERN NO.12091
PASS PATTERN NO.12092
PASS PATTERN NO.12093
PASS PATTERN NO.12094
PASS PATTERN NO.12095
PASS PATTERN NO.12096
PASS PATTERN NO.12097
PASS PATTERN NO.12098
PASS PATTERN NO.12099
PASS PATTERN NO.12100
PASS PATTERN NO.12101
PASS PATTERN NO.12102
PASS PATTERN NO.12103
PASS PATTERN NO.12104
PASS PATTERN NO.12105
PASS PATTERN NO.12106
PASS PATTERN NO.12107
PASS PATTERN NO.12108
PASS PATTERN NO.12109
PASS PATTERN NO.12110
PASS PATTERN NO.12111
PASS PATTERN NO.12112
PASS PATTERN NO.12113
PASS PATTERN NO.12114
PASS PATTERN NO.12115
PASS PATTERN NO.12116
PASS PATTERN NO.12117
PASS PATTERN NO.12118
PASS PATTERN NO.12119
PASS PATTERN NO.12120
PASS PATTERN NO.12121
PASS PATTERN NO.12122
PASS PATTERN NO.12123
PASS PATTERN NO.12124
PASS PATTERN NO.12125
PASS PATTERN NO.12126
PASS PATTERN NO.12127
PASS PATTERN NO.12128
PASS PATTERN NO.12129
PASS PATTERN NO.12130
PASS PATTERN NO.12131
PASS PATTERN NO.12132
PASS PATTERN NO.12133
PASS PATTERN NO.12134
PASS PATTERN NO.12135
PASS PATTERN NO.12136
PASS PATTERN NO.12137
PASS PATTERN NO.12138
PASS PATTERN NO.12139
PASS PATTERN NO.12140
PASS PATTERN NO.12141
PASS PATTERN NO.12142
PASS PATTERN NO.12143
PASS PATTERN NO.12144
PASS PATTERN NO.12145
PASS PATTERN NO.12146
PASS PATTERN NO.12147
PASS PATTERN NO.12148
PASS PATTERN NO.12149
PASS PATTERN NO.12150
PASS PATTERN NO.12151
PASS PATTERN NO.12152
PASS PATTERN NO.12153
PASS PATTERN NO.12154
PASS PATTERN NO.12155
PASS PATTERN NO.12156
PASS PATTERN NO.12157
PASS PATTERN NO.12158
PASS PATTERN NO.12159
PASS PATTERN NO.12160
PASS PATTERN NO.12161
PASS PATTERN NO.12162
PASS PATTERN NO.12163
PASS PATTERN NO.12164
PASS PATTERN NO.12165
PASS PATTERN NO.12166
PASS PATTERN NO.12167
PASS PATTERN NO.12168
PASS PATTERN NO.12169
PASS PATTERN NO.12170
PASS PATTERN NO.12171
PASS PATTERN NO.12172
PASS PATTERN NO.12173
PASS PATTERN NO.12174
PASS PATTERN NO.12175
PASS PATTERN NO.12176
PASS PATTERN NO.12177
PASS PATTERN NO.12178
PASS PATTERN NO.12179
PASS PATTERN NO.12180
PASS PATTERN NO.12181
PASS PATTERN NO.12182
PASS PATTERN NO.12183
PASS PATTERN NO.12184
PASS PATTERN NO.12185
PASS PATTERN NO.12186
PASS PATTERN NO.12187
PASS PATTERN NO.12188
PASS PATTERN NO.12189
PASS PATTERN NO.12190
PASS PATTERN NO.12191
PASS PATTERN NO.12192
PASS PATTERN NO.12193
PASS PATTERN NO.12194
PASS PATTERN NO.12195
PASS PATTERN NO.12196
PASS PATTERN NO.12197
PASS PATTERN NO.12198
PASS PATTERN NO.12199
PASS PATTERN NO.12200
PASS PATTERN NO.12201
PASS PATTERN NO.12202
PASS PATTERN NO.12203
PASS PATTERN NO.12204
PASS PATTERN NO.12205
PASS PATTERN NO.12206
PASS PATTERN NO.12207
PASS PATTERN NO.12208
PASS PATTERN NO.12209
PASS PATTERN NO.12210
PASS PATTERN NO.12211
PASS PATTERN NO.12212
PASS PATTERN NO.12213
PASS PATTERN NO.12214
PASS PATTERN NO.12215
PASS PATTERN NO.12216
PASS PATTERN NO.12217
PASS PATTERN NO.12218
PASS PATTERN NO.12219
PASS PATTERN NO.12220
PASS PATTERN NO.12221
PASS PATTERN NO.12222
PASS PATTERN NO.12223
PASS PATTERN NO.12224
PASS PATTERN NO.12225
PASS PATTERN NO.12226
PASS PATTERN NO.12227
PASS PATTERN NO.12228
PASS PATTERN NO.12229
PASS PATTERN NO.12230
PASS PATTERN NO.12231
PASS PATTERN NO.12232
PASS PATTERN NO.12233
PASS PATTERN NO.12234
PASS PATTERN NO.12235
PASS PATTERN NO.12236
PASS PATTERN NO.12237
PASS PATTERN NO.12238
PASS PATTERN NO.12239
PASS PATTERN NO.12240
PASS PATTERN NO.12241
PASS PATTERN NO.12242
PASS PATTERN NO.12243
PASS PATTERN NO.12244
PASS PATTERN NO.12245
PASS PATTERN NO.12246
PASS PATTERN NO.12247
PASS PATTERN NO.12248
PASS PATTERN NO.12249
PASS PATTERN NO.12250
PASS PATTERN NO.12251
PASS PATTERN NO.12252
PASS PATTERN NO.12253
PASS PATTERN NO.12254
PASS PATTERN NO.12255
PASS PATTERN NO.12256
PASS PATTERN NO.12257
PASS PATTERN NO.12258
PASS PATTERN NO.12259
PASS PATTERN NO.12260
PASS PATTERN NO.12261
PASS PATTERN NO.12262
PASS PATTERN NO.12263
PASS PATTERN NO.12264
PASS PATTERN NO.12265
PASS PATTERN NO.12266
PASS PATTERN NO.12267
PASS PATTERN NO.12268
PASS PATTERN NO.12269
PASS PATTERN NO.12270
PASS PATTERN NO.12271
PASS PATTERN NO.12272
PASS PATTERN NO.12273
PASS PATTERN NO.12274
PASS PATTERN NO.12275
PASS PATTERN NO.12276
PASS PATTERN NO.12277
PASS PATTERN NO.12278
PASS PATTERN NO.12279
PASS PATTERN NO.12280
PASS PATTERN NO.12281
PASS PATTERN NO.12282
PASS PATTERN NO.12283
PASS PATTERN NO.12284
PASS PATTERN NO.12285
PASS PATTERN NO.12286
PASS PATTERN NO.12287
PASS PATTERN NO.12288
PASS PATTERN NO.12289
PASS PATTERN NO.12290
PASS PATTERN NO.12291
PASS PATTERN NO.12292
PASS PATTERN NO.12293
PASS PATTERN NO.12294
PASS PATTERN NO.12295
PASS PATTERN NO.12296
PASS PATTERN NO.12297
PASS PATTERN NO.12298
PASS PATTERN NO.12299
PASS PATTERN NO.12300
PASS PATTERN NO.12301
PASS PATTERN NO.12302
PASS PATTERN NO.12303
PASS PATTERN NO.12304
PASS PATTERN NO.12305
PASS PATTERN NO.12306
PASS PATTERN NO.12307
PASS PATTERN NO.12308
PASS PATTERN NO.12309
PASS PATTERN NO.12310
PASS PATTERN NO.12311
PASS PATTERN NO.12312
PASS PATTERN NO.12313
PASS PATTERN NO.12314
PASS PATTERN NO.12315
PASS PATTERN NO.12316
PASS PATTERN NO.12317
PASS PATTERN NO.12318
PASS PATTERN NO.12319
PASS PATTERN NO.12320
PASS PATTERN NO.12321
PASS PATTERN NO.12322
PASS PATTERN NO.12323
PASS PATTERN NO.12324
PASS PATTERN NO.12325
PASS PATTERN NO.12326
PASS PATTERN NO.12327
PASS PATTERN NO.12328
PASS PATTERN NO.12329
PASS PATTERN NO.12330
PASS PATTERN NO.12331
PASS PATTERN NO.12332
PASS PATTERN NO.12333
PASS PATTERN NO.12334
PASS PATTERN NO.12335
PASS PATTERN NO.12336
PASS PATTERN NO.12337
PASS PATTERN NO.12338
PASS PATTERN NO.12339
PASS PATTERN NO.12340
PASS PATTERN NO.12341
PASS PATTERN NO.12342
PASS PATTERN NO.12343
PASS PATTERN NO.12344
PASS PATTERN NO.12345
PASS PATTERN NO.12346
PASS PATTERN NO.12347
PASS PATTERN NO.12348
PASS PATTERN NO.12349
PASS PATTERN NO.12350
PASS PATTERN NO.12351
PASS PATTERN NO.12352
PASS PATTERN NO.12353
PASS PATTERN NO.12354
PASS PATTERN NO.12355
PASS PATTERN NO.12356
PASS PATTERN NO.12357
PASS PATTERN NO.12358
PASS PATTERN NO.12359
PASS PATTERN NO.12360
PASS PATTERN NO.12361
PASS PATTERN NO.12362
PASS PATTERN NO.12363
PASS PATTERN NO.12364
PASS PATTERN NO.12365
PASS PATTERN NO.12366
PASS PATTERN NO.12367
PASS PATTERN NO.12368
PASS PATTERN NO.12369
PASS PATTERN NO.12370
PASS PATTERN NO.12371
PASS PATTERN NO.12372
PASS PATTERN NO.12373
PASS PATTERN NO.12374
PASS PATTERN NO.12375
PASS PATTERN NO.12376
PASS PATTERN NO.12377
PASS PATTERN NO.12378
PASS PATTERN NO.12379
PASS PATTERN NO.12380
PASS PATTERN NO.12381
PASS PATTERN NO.12382
PASS PATTERN NO.12383
PASS PATTERN NO.12384
PASS PATTERN NO.12385
PASS PATTERN NO.12386
PASS PATTERN NO.12387
PASS PATTERN NO.12388
PASS PATTERN NO.12389
PASS PATTERN NO.12390
PASS PATTERN NO.12391
PASS PATTERN NO.12392
PASS PATTERN NO.12393
PASS PATTERN NO.12394
PASS PATTERN NO.12395
PASS PATTERN NO.12396
PASS PATTERN NO.12397
PASS PATTERN NO.12398
PASS PATTERN NO.12399
PASS PATTERN NO.12400
PASS PATTERN NO.12401
PASS PATTERN NO.12402
PASS PATTERN NO.12403
PASS PATTERN NO.12404
PASS PATTERN NO.12405
PASS PATTERN NO.12406
PASS PATTERN NO.12407
PASS PATTERN NO.12408
PASS PATTERN NO.12409
PASS PATTERN NO.12410
PASS PATTERN NO.12411
PASS PATTERN NO.12412
PASS PATTERN NO.12413
PASS PATTERN NO.12414
PASS PATTERN NO.12415
PASS PATTERN NO.12416
PASS PATTERN NO.12417
PASS PATTERN NO.12418
PASS PATTERN NO.12419
PASS PATTERN NO.12420
PASS PATTERN NO.12421
PASS PATTERN NO.12422
PASS PATTERN NO.12423
PASS PATTERN NO.12424
PASS PATTERN NO.12425
PASS PATTERN NO.12426
PASS PATTERN NO.12427
PASS PATTERN NO.12428
PASS PATTERN NO.12429
PASS PATTERN NO.12430
PASS PATTERN NO.12431
PASS PATTERN NO.12432
PASS PATTERN NO.12433
PASS PATTERN NO.12434
PASS PATTERN NO.12435
PASS PATTERN NO.12436
PASS PATTERN NO.12437
PASS PATTERN NO.12438
PASS PATTERN NO.12439
PASS PATTERN NO.12440
PASS PATTERN NO.12441
PASS PATTERN NO.12442
PASS PATTERN NO.12443
PASS PATTERN NO.12444
PASS PATTERN NO.12445
PASS PATTERN NO.12446
PASS PATTERN NO.12447
PASS PATTERN NO.12448
PASS PATTERN NO.12449
PASS PATTERN NO.12450
PASS PATTERN NO.12451
PASS PATTERN NO.12452
PASS PATTERN NO.12453
PASS PATTERN NO.12454
PASS PATTERN NO.12455
PASS PATTERN NO.12456
PASS PATTERN NO.12457
PASS PATTERN NO.12458
PASS PATTERN NO.12459
PASS PATTERN NO.12460
PASS PATTERN NO.12461
PASS PATTERN NO.12462
PASS PATTERN NO.12463
PASS PATTERN NO.12464
PASS PATTERN NO.12465
PASS PATTERN NO.12466
PASS PATTERN NO.12467
PASS PATTERN NO.12468
PASS PATTERN NO.12469
PASS PATTERN NO.12470
PASS PATTERN NO.12471
PASS PATTERN NO.12472
PASS PATTERN NO.12473
PASS PATTERN NO.12474
PASS PATTERN NO.12475
PASS PATTERN NO.12476
PASS PATTERN NO.12477
PASS PATTERN NO.12478
PASS PATTERN NO.12479
PASS PATTERN NO.12480
PASS PATTERN NO.12481
PASS PATTERN NO.12482
PASS PATTERN NO.12483
PASS PATTERN NO.12484
PASS PATTERN NO.12485
PASS PATTERN NO.12486
PASS PATTERN NO.12487
PASS PATTERN NO.12488
PASS PATTERN NO.12489
PASS PATTERN NO.12490
PASS PATTERN NO.12491
PASS PATTERN NO.12492
PASS PATTERN NO.12493
PASS PATTERN NO.12494
PASS PATTERN NO.12495
PASS PATTERN NO.12496
PASS PATTERN NO.12497
PASS PATTERN NO.12498
PASS PATTERN NO.12499
PASS PATTERN NO.12500
PASS PATTERN NO.12501
PASS PATTERN NO.12502
PASS PATTERN NO.12503
PASS PATTERN NO.12504
PASS PATTERN NO.12505
PASS PATTERN NO.12506
PASS PATTERN NO.12507
PASS PATTERN NO.12508
PASS PATTERN NO.12509
PASS PATTERN NO.12510
PASS PATTERN NO.12511
PASS PATTERN NO.12512
PASS PATTERN NO.12513
PASS PATTERN NO.12514
PASS PATTERN NO.12515
PASS PATTERN NO.12516
PASS PATTERN NO.12517
PASS PATTERN NO.12518
PASS PATTERN NO.12519
PASS PATTERN NO.12520
PASS PATTERN NO.12521
PASS PATTERN NO.12522
PASS PATTERN NO.12523
PASS PATTERN NO.12524
PASS PATTERN NO.12525
PASS PATTERN NO.12526
PASS PATTERN NO.12527
PASS PATTERN NO.12528
PASS PATTERN NO.12529
PASS PATTERN NO.12530
PASS PATTERN NO.12531
PASS PATTERN NO.12532
PASS PATTERN NO.12533
PASS PATTERN NO.12534
PASS PATTERN NO.12535
PASS PATTERN NO.12536
PASS PATTERN NO.12537
PASS PATTERN NO.12538
PASS PATTERN NO.12539
PASS PATTERN NO.12540
PASS PATTERN NO.12541
PASS PATTERN NO.12542
PASS PATTERN NO.12543
PASS PATTERN NO.12544
PASS PATTERN NO.12545
PASS PATTERN NO.12546
PASS PATTERN NO.12547
PASS PATTERN NO.12548
PASS PATTERN NO.12549
PASS PATTERN NO.12550
PASS PATTERN NO.12551
PASS PATTERN NO.12552
PASS PATTERN NO.12553
PASS PATTERN NO.12554
PASS PATTERN NO.12555
PASS PATTERN NO.12556
PASS PATTERN NO.12557
PASS PATTERN NO.12558
PASS PATTERN NO.12559
PASS PATTERN NO.12560
PASS PATTERN NO.12561
PASS PATTERN NO.12562
PASS PATTERN NO.12563
PASS PATTERN NO.12564
PASS PATTERN NO.12565
PASS PATTERN NO.12566
PASS PATTERN NO.12567
PASS PATTERN NO.12568
PASS PATTERN NO.12569
PASS PATTERN NO.12570
PASS PATTERN NO.12571
PASS PATTERN NO.12572
PASS PATTERN NO.12573
PASS PATTERN NO.12574
PASS PATTERN NO.12575
PASS PATTERN NO.12576
PASS PATTERN NO.12577
PASS PATTERN NO.12578
PASS PATTERN NO.12579
PASS PATTERN NO.12580
PASS PATTERN NO.12581
PASS PATTERN NO.12582
PASS PATTERN NO.12583
PASS PATTERN NO.12584
PASS PATTERN NO.12585
PASS PATTERN NO.12586
PASS PATTERN NO.12587
PASS PATTERN NO.12588
PASS PATTERN NO.12589
PASS PATTERN NO.12590
PASS PATTERN NO.12591
PASS PATTERN NO.12592
PASS PATTERN NO.12593
PASS PATTERN NO.12594
PASS PATTERN NO.12595
PASS PATTERN NO.12596
PASS PATTERN NO.12597
PASS PATTERN NO.12598
PASS PATTERN NO.12599
PASS PATTERN NO.12600
PASS PATTERN NO.12601
PASS PATTERN NO.12602
PASS PATTERN NO.12603
PASS PATTERN NO.12604
PASS PATTERN NO.12605
PASS PATTERN NO.12606
PASS PATTERN NO.12607
PASS PATTERN NO.12608
PASS PATTERN NO.12609
PASS PATTERN NO.12610
PASS PATTERN NO.12611
PASS PATTERN NO.12612
PASS PATTERN NO.12613
PASS PATTERN NO.12614
PASS PATTERN NO.12615
PASS PATTERN NO.12616
PASS PATTERN NO.12617
PASS PATTERN NO.12618
PASS PATTERN NO.12619
PASS PATTERN NO.12620
PASS PATTERN NO.12621
PASS PATTERN NO.12622
PASS PATTERN NO.12623
PASS PATTERN NO.12624
--------------------------------------------------------------------
                         Congratulations!                           
                  You have passed all patterns!                     
                  Your clock period = 2.0 ns                       
--------------------------------------------------------------------
PASS PATTERN NO.12625
$finish called from file "PATTERN.v", line 180.
$finish at simulation time              7588300
           V C S   S i m u l a t i o n   R e p o r t 
Time: 75883000 ps
CPU Time:      2.920 seconds;       Data structure size:   0.0Mb
Tue Sep  9 16:13:09 2025
CPU time: .248 seconds to compile + .166 seconds to elab + .123 seconds to link + 2.939 seconds in simulation
