Command: vcs -timescale=1ns/1fs -j4 -sverilog +v2k -full64 -Mupdate -R -debug_access+all \
-f filelist.f -o simv -l vcs.log -P /usr/cad/synopsys/verdi/2022.06/share/PLI/VCS/linux64/novas.tab \
/usr/cad/synopsys/verdi/2022.06/share/PLI/VCS/linux64/pli.a -v /home/daniel_kuo/CBDK_TSMC40_Arm_f2.0/CIC/Verilog/sc9_cln40g_base_hvt_neg.v \
/home/daniel_kuo/CBDK_TSMC40_Arm_f2.0/CIC/Verilog/sc9_cln40g_base_rvt_neg.v /home/daniel_kuo/CBDK_TSMC40_Arm_f2.0/CIC/Verilog/sc9_cln40g_base_lvt_neg.v \
/home/daniel_kuo/CBDK_TSMC40_Arm_f2.0/CIC/Verilog/sc9_cln40g_base_hvt_udp.v /home/daniel_kuo/CBDK_TSMC40_Arm_f2.0/CIC/Verilog/sc9_cln40g_base_rvt_udp.v \
/home/daniel_kuo/CBDK_TSMC40_Arm_f2.0/CIC/Verilog/sc9_cln40g_base_lvt_udp.v +define+GATE \
+neg_tchk
*** Using c compiler gcc instead of cc ...
                         Chronologic VCS (TM)
         Version T-2022.06_Full64 -- Wed Sep 24 01:29:47 2025

                    Copyright (c) 1991 - 2022 Synopsys, Inc.
   This software and the associated documentation are proprietary to Synopsys,
 Inc. This software may only be used in accordance with the terms and conditions
 of a written license agreement with Synopsys, Inc. All other use, reproduction,
   or distribution of this software is strictly prohibited.  Licensed Products
     communicate with Synopsys servers for the purpose of providing software
    updates, detecting software piracy and verifying that customers are using
    Licensed Products in conformity with the applicable License Key for such
  Licensed Products. Synopsys will use information gathered in connection with
    this process to deliver software updates and pursue software pirates and
                                   infringers.

 Inclusivity & Diversity - Visit SolvNetPlus to read the "Synopsys Statement on
            Inclusivity and Diversity" (Refer to article 000036315 at
                        https://solvnetplus.synopsys.com)

Parsing design file 'TESTBED.v'
Parsing included file 'PATTERN.v'.
Back to file 'TESTBED.v'.
Parsing included file 'MODP_NTT2_SYN.v'.
Back to file 'TESTBED.v'.
Parsing design file '/home/daniel_kuo/CBDK_TSMC40_Arm_f2.0/CIC/Verilog/sc9_cln40g_base_rvt_neg.v'
Parsing design file '/home/daniel_kuo/CBDK_TSMC40_Arm_f2.0/CIC/Verilog/sc9_cln40g_base_lvt_neg.v'
Parsing design file '/home/daniel_kuo/CBDK_TSMC40_Arm_f2.0/CIC/Verilog/sc9_cln40g_base_hvt_udp.v'
Parsing design file '/home/daniel_kuo/CBDK_TSMC40_Arm_f2.0/CIC/Verilog/sc9_cln40g_base_rvt_udp.v'

Warning-[WUPD] UDP previously declared
  UDP is previously declared: 
   "/home/daniel_kuo/CBDK_TSMC40_Arm_f2.0/CIC/Verilog/sc9_cln40g_base_rvt_udp.v",
  3: token is 'udp_dffr3'
  primitive udp_dffr3 (out, st1, st0, ck, clr_, set_, retn, pwr, pwrg);
                     ^
  Current declaration will be ignored.


Warning-[WUPD] UDP previously declared
  UDP is previously declared: 
   "/home/daniel_kuo/CBDK_TSMC40_Arm_f2.0/CIC/Verilog/sc9_cln40g_base_rvt_udp.v",
  38: token is 'udp_tlat'
  primitive udp_tlat (out, in, hold, clr_, set_, NOTIFIER);
                    ^
  Current declaration will be ignored.


Warning-[WUPD] UDP previously declared
  UDP is previously declared: 
   "/home/daniel_kuo/CBDK_TSMC40_Arm_f2.0/CIC/Verilog/sc9_cln40g_base_rvt_udp.v",
  63: token is 'udp_lcg'
  primitive udp_lcg(out, e, mgclk, ovrd, NOT);
                   ^
  Current declaration will be ignored.


Warning-[WUPD] UDP previously declared
  UDP is previously declared: 
   "/home/daniel_kuo/CBDK_TSMC40_Arm_f2.0/CIC/Verilog/sc9_cln40g_base_rvt_udp.v",
  86: token is 'udp_tlatrf2_PWR'
  primitive udp_tlatrf2_PWR (out, in1, w1w, in2, w2w, VDD, VSS, NOTIFIER);
                           ^
  Current declaration will be ignored.


Warning-[WUPD] UDP previously declared
  UDP is previously declared: 
   "/home/daniel_kuo/CBDK_TSMC40_Arm_f2.0/CIC/Verilog/sc9_cln40g_base_rvt_udp.v",
  123: token is 'udp_tlat_retpwr'
  primitive udp_tlat_retpwr (out, VDD, VSS, in, hold, clr_, set_, NOTIFIER);
                           ^
  Current declaration will be ignored.


Warning-[WUPD] UDP previously declared
  UDP is previously declared: 
   "/home/daniel_kuo/CBDK_TSMC40_Arm_f2.0/CIC/Verilog/sc9_cln40g_base_rvt_udp.v",
  152: token is 'udp_lv_pp_or_vdd_vss'
  primitive udp_lv_pp_or_vdd_vss (y, a, b, vdd, vss);
                                ^
  Current declaration will be ignored.


Warning-[WUPD] UDP previously declared
  UDP is previously declared: 
   "/home/daniel_kuo/CBDK_TSMC40_Arm_f2.0/CIC/Verilog/sc9_cln40g_base_rvt_udp.v",
  166: token is 'udp_rslat_out_'
  primitive udp_rslat_out_ (out_, r, s, NOTIFIER);
                          ^
  Current declaration will be ignored.


Warning-[WUPD] UDP previously declared
  UDP is previously declared: 
   "/home/daniel_kuo/CBDK_TSMC40_Arm_f2.0/CIC/Verilog/sc9_cln40g_base_rvt_udp.v",
  190: token is 'udp_sedfft'
  primitive udp_sedfft (out, in, clk, clr_, si, se, en, NOTIFIER);
                      ^
  Current declaration will be ignored.


Warning-[WUPD] UDP previously declared
  UDP is previously declared: 
   "/home/daniel_kuo/CBDK_TSMC40_Arm_f2.0/CIC/Verilog/sc9_cln40g_base_rvt_udp.v",
  240: token is 'udp_or_pp'
  primitive udp_or_pp (y, a, b, vdd, vss);
                     ^
  Current declaration will be ignored.


Warning-[WUPD] UDP previously declared
  UDP is previously declared: 
   "/home/daniel_kuo/CBDK_TSMC40_Arm_f2.0/CIC/Verilog/sc9_cln40g_base_rvt_udp.v",
  256: token is 'udp_jkff'
  primitive udp_jkff (out, j, k, clk, clr_, set_, NOTIFIER);
                    ^
  Current declaration will be ignored.


Warning-[WUPD] UDP previously declared
  UDP is previously declared: 
   "/home/daniel_kuo/CBDK_TSMC40_Arm_f2.0/CIC/Verilog/sc9_cln40g_base_rvt_udp.v",
  291: token is 'udp_bmx'
  primitive udp_bmx (out, x2, a, s, m1, m0);
                   ^
  Current declaration will be ignored.


Warning-[WUPD] UDP previously declared
  UDP is previously declared: 
   "/home/daniel_kuo/CBDK_TSMC40_Arm_f2.0/CIC/Verilog/sc9_cln40g_base_rvt_udp.v",
  317: token is 'udp_sedff'
  primitive udp_sedff (out, in, clk, clr_, si, se, en, NOTIFIER);
                     ^
  Current declaration will be ignored.


Warning-[WUPD] UDP previously declared
  UDP is previously declared: 
   "/home/daniel_kuo/CBDK_TSMC40_Arm_f2.0/CIC/Verilog/sc9_cln40g_base_rvt_udp.v",
  371: token is 'udp_mux2'
  primitive udp_mux2 (out, in0, in1, sel);
                    ^
  Current declaration will be ignored.


Warning-[WUPD] UDP previously declared
  UDP is previously declared: 
   "/home/daniel_kuo/CBDK_TSMC40_Arm_f2.0/CIC/Verilog/sc9_cln40g_base_rvt_udp.v",
  390: token is 'udp_sedffsr'
  primitive udp_sedffsr (out, in, clk, clr_, set_, si, se, en, NOTIFIER);
                       ^
  Current declaration will be ignored.


Warning-[WUPD] UDP previously declared
  UDP is previously declared: 
   "/home/daniel_kuo/CBDK_TSMC40_Arm_f2.0/CIC/Verilog/sc9_cln40g_base_rvt_udp.v",
  453: token is 'udp_mux4'
  primitive udp_mux4 (out, in0, in1, in2, in3, sel_0, sel_1);
                    ^
  Current declaration will be ignored.


Warning-[WUPD] UDP previously declared
  UDP is previously declared: 
   "/home/daniel_kuo/CBDK_TSMC40_Arm_f2.0/CIC/Verilog/sc9_cln40g_base_rvt_udp.v",
  484: token is 'udp_retn_pwr'
  primitive udp_retn_pwr (out, VDD, VSS, n2, n4, clk, xRN, xSN);
                        ^
  Current declaration will be ignored.


Warning-[WUPD] UDP previously declared
  UDP is previously declared: 
   "/home/daniel_kuo/CBDK_TSMC40_Arm_f2.0/CIC/Verilog/sc9_cln40g_base_rvt_udp.v",
  511: token is 'udp_rslat_out_PWR'
  primitive udp_rslat_out_PWR (out, r, s, VDD, VSS, NOTIFIER);
                             ^
  Current declaration will be ignored.


Warning-[WUPD] UDP previously declared
  UDP is previously declared: 
   "/home/daniel_kuo/CBDK_TSMC40_Arm_f2.0/CIC/Verilog/sc9_cln40g_base_rvt_udp.v",
  537: token is 'udp_o2lvluu_pp_or_vddi_vdd_vss'
  primitive udp_o2lvluu_pp_or_vddi_vdd_vss (y, a, b, vddi, vdd, vss);
                                          ^
  Current declaration will be ignored.


Warning-[WUPD] UDP previously declared
  UDP is previously declared: 
   "/home/daniel_kuo/CBDK_TSMC40_Arm_f2.0/CIC/Verilog/sc9_cln40g_base_rvt_udp.v",
  550: token is 'udp_ph2p'
  primitive udp_ph2p (LOUT, CLK1, CLK2, DATA1, DATA2, SET, RESET);
                    ^
  Current declaration will be ignored.


Warning-[WUPD] UDP previously declared
  UDP is previously declared: 
   "/home/daniel_kuo/CBDK_TSMC40_Arm_f2.0/CIC/Verilog/sc9_cln40g_base_rvt_udp.v",
  594: token is 'udp_mux'
  primitive udp_mux (out, in, s_in, s_sel);
                   ^
  Current declaration will be ignored.


Warning-[WUPD] UDP previously declared
  UDP is previously declared: 
   "/home/daniel_kuo/CBDK_TSMC40_Arm_f2.0/CIC/Verilog/sc9_cln40g_base_rvt_udp.v",
  612: token is 'udp_buf_pp'
  primitive udp_buf_pp (y, a, vddg, vssg);
                      ^
  Current declaration will be ignored.


Warning-[WUPD] UDP previously declared
  UDP is previously declared: 
   "/home/daniel_kuo/CBDK_TSMC40_Arm_f2.0/CIC/Verilog/sc9_cln40g_base_rvt_udp.v",
  625: token is 'udp_lv_pp_vddi_vdd_vss'
  primitive udp_lv_pp_vddi_vdd_vss (y, a, b, vddi, vdd, vss);
                                  ^
  Current declaration will be ignored.


Warning-[WUPD] UDP previously declared
  UDP is previously declared: 
   "/home/daniel_kuo/CBDK_TSMC40_Arm_f2.0/CIC/Verilog/sc9_cln40g_base_rvt_udp.v",
  640: token is 'udp_tlatrf2'
  primitive udp_tlatrf2 (out, in1, w1w, in2, w2w, NOTIFIER);
                       ^
  Current declaration will be ignored.


Warning-[WUPD] UDP previously declared
  UDP is previously declared: 
   "/home/daniel_kuo/CBDK_TSMC40_Arm_f2.0/CIC/Verilog/sc9_cln40g_base_rvt_udp.v",
  675: token is 'udp_tlatrf_PWR'
  primitive udp_tlatrf_PWR (out, in, ww, wwn, VDD, VSS, NOTIFIER);
                          ^
  Current declaration will be ignored.


Warning-[WUPD] UDP previously declared
  UDP is previously declared: 
   "/home/daniel_kuo/CBDK_TSMC40_Arm_f2.0/CIC/Verilog/sc9_cln40g_base_rvt_udp.v",
  703: token is 'udp_dff_PWR'
  primitive udp_dff_PWR (out, in, clk, clr_, set_, VDD, VSS, NOTIFIER);
                       ^
  Current declaration will be ignored.


Warning-[WUPD] UDP previously declared
  UDP is previously declared: 
   "/home/daniel_kuo/CBDK_TSMC40_Arm_f2.0/CIC/Verilog/sc9_cln40g_base_rvt_udp.v",
  732: token is 'udp_a2lvluu_pp_vddi_vdd_vss'
  primitive udp_a2lvluu_pp_vddi_vdd_vss (y, a, b, vddi, vdd, vss);
                                       ^
  Current declaration will be ignored.


Warning-[WUPD] UDP previously declared
  UDP is previously declared: 
   "/home/daniel_kuo/CBDK_TSMC40_Arm_f2.0/CIC/Verilog/sc9_cln40g_base_rvt_udp.v",
  746: token is 'udp_edff_PWR'
  primitive udp_edff_PWR (out, in, clk, clr_, set_, en, VDD, VSS, NOTIFIER);
                        ^
  Current declaration will be ignored.


Warning-[WUPD] UDP previously declared
  UDP is previously declared: 
   "/home/daniel_kuo/CBDK_TSMC40_Arm_f2.0/CIC/Verilog/sc9_cln40g_base_rvt_udp.v",
  782: token is 'udp_tlat_pwr'
  primitive udp_tlat_pwr (out, VDD, VSS, in, hold, clr_, set_, NOTIFIER);
                        ^
  Current declaration will be ignored.


Warning-[WUPD] UDP previously declared
  UDP is previously declared: 
   "/home/daniel_kuo/CBDK_TSMC40_Arm_f2.0/CIC/Verilog/sc9_cln40g_base_rvt_udp.v",
  812: token is 'udp_outrf'
  primitive udp_outrf (out, in, rwn, rw);
                     ^
  Current declaration will be ignored.


Warning-[WUPD] UDP previously declared
  UDP is previously declared: 
   "/home/daniel_kuo/CBDK_TSMC40_Arm_f2.0/CIC/Verilog/sc9_cln40g_base_rvt_udp.v",
  830: token is 'udp_and_pp'
  primitive udp_and_pp (y, a, b, vdd, vss);
                      ^
  Current declaration will be ignored.


Warning-[WUPD] UDP previously declared
  UDP is previously declared: 
   "/home/daniel_kuo/CBDK_TSMC40_Arm_f2.0/CIC/Verilog/sc9_cln40g_base_rvt_udp.v",
  845: token is 'udp_dffr2'
  primitive udp_dffr2 (out, d, ck, clr_, set_, pwr, notifier);
                     ^
  Current declaration will be ignored.


Warning-[WUPD] UDP previously declared
  UDP is previously declared: 
   "/home/daniel_kuo/CBDK_TSMC40_Arm_f2.0/CIC/Verilog/sc9_cln40g_base_rvt_udp.v",
  886: token is 'udp_dffr4'
  primitive udp_dffr4 (out, st1, st0, ck, retn);
                     ^
  Current declaration will be ignored.


Warning-[WUPD] UDP previously declared
  UDP is previously declared: 
   "/home/daniel_kuo/CBDK_TSMC40_Arm_f2.0/CIC/Verilog/sc9_cln40g_base_rvt_udp.v",
  904: token is 'udp_xprop'
  primitive udp_xprop (DOUT, DIN, NOTIFIER, RESET);
                     ^
  Current declaration will be ignored.


Warning-[WUPD] UDP previously declared
  UDP is previously declared: 
   "/home/daniel_kuo/CBDK_TSMC40_Arm_f2.0/CIC/Verilog/sc9_cln40g_base_rvt_udp.v",
  926: token is 'udp_lv_pp_vdd_vss'
  primitive udp_lv_pp_vdd_vss (y, a, b, vdd, vss);
                             ^
  Current declaration will be ignored.


Warning-[WUPD] UDP previously declared
  UDP is previously declared: 
   "/home/daniel_kuo/CBDK_TSMC40_Arm_f2.0/CIC/Verilog/sc9_cln40g_base_rvt_udp.v",
  939: token is 'udp_ph1p'
  primitive udp_ph1p (LOUT, CLK, DATA, SET, RESET);
                    ^
  Current declaration will be ignored.


Warning-[WUPD] UDP previously declared
  UDP is previously declared: 
   "/home/daniel_kuo/CBDK_TSMC40_Arm_f2.0/CIC/Verilog/sc9_cln40g_base_rvt_udp.v",
  968: token is 'udp_dffpower'
  primitive udp_dffpower (out, vdd, vss);
                        ^
  Current declaration will be ignored.


Warning-[WUPD] UDP previously declared
  UDP is previously declared: 
   "/home/daniel_kuo/CBDK_TSMC40_Arm_f2.0/CIC/Verilog/sc9_cln40g_base_rvt_udp.v",
  985: token is 'udp_rslat_out'
  primitive udp_rslat_out (out, r, s, NOTIFIER);
                         ^
  Current declaration will be ignored.


Warning-[WUPD] UDP previously declared
  UDP is previously declared: 
   "/home/daniel_kuo/CBDK_TSMC40_Arm_f2.0/CIC/Verilog/sc9_cln40g_base_rvt_udp.v",
  1008: token is 'udp_always0_pp'
  primitive udp_always0_pp (y, vddg, vssg);
                          ^
  Current declaration will be ignored.


Warning-[WUPD] UDP previously declared
  UDP is previously declared: 
   "/home/daniel_kuo/CBDK_TSMC40_Arm_f2.0/CIC/Verilog/sc9_cln40g_base_rvt_udp.v",
  1021: token is 'udp_edfft_PWR'
  primitive udp_edfft_PWR (out, in, clk, clr_, set_, en, VDD, VSS, NOTIFIER);
                         ^
  Current declaration will be ignored.


Warning-[WUPD] UDP previously declared
  UDP is previously declared: 
   "/home/daniel_kuo/CBDK_TSMC40_Arm_f2.0/CIC/Verilog/sc9_cln40g_base_rvt_udp.v",
  1061: token is 'udp_rslatn_out__PWR'
  primitive udp_rslatn_out__PWR (out_, r_, s_, VDD, VSS, NOTIFIER);
                               ^
  Current declaration will be ignored.


Warning-[WUPD] UDP previously declared
  UDP is previously declared: 
   "/home/daniel_kuo/CBDK_TSMC40_Arm_f2.0/CIC/Verilog/sc9_cln40g_base_rvt_udp.v",
  1089: token is 'udp_dff_ros'
  primitive udp_dff_ros (out, in, clk, clr_, set_, NOTIFIER);
                       ^
  Current declaration will be ignored.


Warning-[WUPD] UDP previously declared
  UDP is previously declared: 
   "/home/daniel_kuo/CBDK_TSMC40_Arm_f2.0/CIC/Verilog/sc9_cln40g_base_rvt_udp.v",
  1116: token is 'udp_rslatn_out_PWR'
  primitive udp_rslatn_out_PWR (out, r_, s_, VDD, VSS, NOTIFIER);
                              ^
  Current declaration will be ignored.


Warning-[WUPD] UDP previously declared
  UDP is previously declared: 
   "/home/daniel_kuo/CBDK_TSMC40_Arm_f2.0/CIC/Verilog/sc9_cln40g_base_rvt_udp.v",
  1149: token is 'udp_wao'
  primitive udp_wao (out, in1a, in1b, in2a, in2b);
                   ^
  Current declaration will be ignored.


Warning-[WUPD] UDP previously declared
  UDP is previously declared: 
   "/home/daniel_kuo/CBDK_TSMC40_Arm_f2.0/CIC/Verilog/sc9_cln40g_base_rvt_udp.v",
  1170: token is 'udp_mx21'
  primitive udp_mx21 (MUXOUT, SEL, DATA0, DATA1);
                    ^
  Current declaration will be ignored.


Warning-[WUPD] UDP previously declared
  UDP is previously declared: 
   "/home/daniel_kuo/CBDK_TSMC40_Arm_f2.0/CIC/Verilog/sc9_cln40g_base_rvt_udp.v",
  1189: token is 'udp_plat_PWR'
  primitive udp_plat_PWR (out, ovrd, clock, ena, VDD, VSS, NOTIFIER);
                        ^
  Current declaration will be ignored.


Warning-[WUPD] UDP previously declared
  UDP is previously declared: 
   "/home/daniel_kuo/CBDK_TSMC40_Arm_f2.0/CIC/Verilog/sc9_cln40g_base_rvt_udp.v",
  1211: token is 'udp_lvl_pp_vddi_vdd_vss'
  primitive udp_lvl_pp_vddi_vdd_vss (y, a, vddi, vdd, vss);
                                   ^
  Current declaration will be ignored.


Warning-[WUPD] UDP previously declared
  UDP is previously declared: 
   "/home/daniel_kuo/CBDK_TSMC40_Arm_f2.0/CIC/Verilog/sc9_cln40g_base_rvt_udp.v",
  1224: token is 'udp_tlatrf'
  primitive udp_tlatrf (out, in, ww, wwn, NOTIFIER);
                      ^
  Current declaration will be ignored.


Warning-[WUPD] UDP previously declared
  UDP is previously declared: 
   "/home/daniel_kuo/CBDK_TSMC40_Arm_f2.0/CIC/Verilog/sc9_cln40g_base_rvt_udp.v",
  1249: token is 'udp_power'
  primitive udp_power (out, out_temp, vdd, vss);
                     ^
  Current declaration will be ignored.


Warning-[WUPD] UDP previously declared
  UDP is previously declared: 
   "/home/daniel_kuo/CBDK_TSMC40_Arm_f2.0/CIC/Verilog/sc9_cln40g_base_rvt_udp.v",
  1264: token is 'udp_tlat_PWR'
  primitive udp_tlat_PWR (out, in, hold, clr_, set_, VDD, VSS, NOTIFIER);
                        ^
  Current declaration will be ignored.


Warning-[WUPD] UDP previously declared
  UDP is previously declared: 
   "/home/daniel_kuo/CBDK_TSMC40_Arm_f2.0/CIC/Verilog/sc9_cln40g_base_rvt_udp.v",
  1293: token is 'udp_dff'
  primitive udp_dff (out, in, clk, clr_, set_, NOTIFIER);
                   ^
  Current declaration will be ignored.


Warning-[WUPD] UDP previously declared
  UDP is previously declared: 
   "/home/daniel_kuo/CBDK_TSMC40_Arm_f2.0/CIC/Verilog/sc9_cln40g_base_rvt_udp.v",
  1318: token is 'udp_ph2p_pwr'
  primitive udp_ph2p_pwr (LOUT, VDD, VSS, CLK1, CLK2, DATA1, DATA2, SET, 
  RESET);
                        ^
  Current declaration will be ignored.


Warning-[WUPD] UDP previously declared
  UDP is previously declared: 
   "/home/daniel_kuo/CBDK_TSMC40_Arm_f2.0/CIC/Verilog/sc9_cln40g_base_rvt_udp.v",
  1360: token is 'udp_rslat_out__PWR'
  primitive udp_rslat_out__PWR (out_, r, s, VDD, VSS, NOTIFIER);
                              ^
  Current declaration will be ignored.


Warning-[WUPD] UDP previously declared
  UDP is previously declared: 
   "/home/daniel_kuo/CBDK_TSMC40_Arm_f2.0/CIC/Verilog/sc9_cln40g_base_rvt_udp.v",
  1387: token is 'udp_sedfft_PWR'
  primitive udp_sedfft_PWR (out, in, clk, clr_, si, se, en, VDD, VSS, 
  NOTIFIER);
                          ^
  Current declaration will be ignored.


Warning-[WUPD] UDP previously declared
  UDP is previously declared: 
   "/home/daniel_kuo/CBDK_TSMC40_Arm_f2.0/CIC/Verilog/sc9_cln40g_base_rvt_udp.v",
  1441: token is 'udp_edff'
  primitive udp_edff (out, in, clk, clr_, set_, en, NOTIFIER);
                    ^
  Current declaration will be ignored.


Warning-[WUPD] UDP previously declared
  UDP is previously declared: 
   "/home/daniel_kuo/CBDK_TSMC40_Arm_f2.0/CIC/Verilog/sc9_cln40g_base_rvt_udp.v",
  1474: token is 'udp_jkff_PWR'
  primitive udp_jkff_PWR (out, j, k, clk, clr_, set_, VDD, VSS, NOTIFIER);
                        ^
  Current declaration will be ignored.


Warning-[WUPD] UDP previously declared
  UDP is previously declared: 
   "/home/daniel_kuo/CBDK_TSMC40_Arm_f2.0/CIC/Verilog/sc9_cln40g_base_rvt_udp.v",
  1512: token is 'udp_retn'
  primitive udp_retn (out, n2, n4, clk, xRN, xSN);
                    ^
  Current declaration will be ignored.


Warning-[WUPD] UDP previously declared
  UDP is previously declared: 
   "/home/daniel_kuo/CBDK_TSMC40_Arm_f2.0/CIC/Verilog/sc9_cln40g_base_rvt_udp.v",
  1535: token is 'udp_lv_pp_or_vddi_vdd_vss'
  primitive udp_lv_pp_or_vddi_vdd_vss (y, a, b, vddi, vdd, vss);
                                     ^
  Current declaration will be ignored.


Warning-[WUPD] UDP previously declared
  UDP is previously declared: 
   "/home/daniel_kuo/CBDK_TSMC40_Arm_f2.0/CIC/Verilog/sc9_cln40g_base_rvt_udp.v",
  1549: token is 'udp_csa4to2_carry'
  primitive udp_csa4to2_carry(carry, a, b, c, ci, d);
                             ^
  Current declaration will be ignored.


Warning-[WUPD] UDP previously declared
  UDP is previously declared: 
   "/home/daniel_kuo/CBDK_TSMC40_Arm_f2.0/CIC/Verilog/sc9_cln40g_base_rvt_udp.v",
  1578: token is 'udp_sedff_PWR'
  primitive udp_sedff_PWR (out, in, clk, clr_, si, se, en, VDD, VSS, 
  NOTIFIER);
                         ^
  Current declaration will be ignored.


Warning-[WUPD] UDP previously declared
  UDP is previously declared: 
   "/home/daniel_kuo/CBDK_TSMC40_Arm_f2.0/CIC/Verilog/sc9_cln40g_base_rvt_udp.v",
  1634: token is 'udp_always1_pp'
  primitive udp_always1_pp (y, vddg, vssg);
                          ^
  Current declaration will be ignored.


Warning-[WUPD] UDP previously declared
  UDP is previously declared: 
   "/home/daniel_kuo/CBDK_TSMC40_Arm_f2.0/CIC/Verilog/sc9_cln40g_base_rvt_udp.v",
  1645: token is 'udp_ando_pp'
  primitive udp_ando_pp (y, a, b, vddo, vsso, vdd, vss);
                       ^
  Current declaration will be ignored.


Warning-[WUPD] UDP previously declared
  UDP is previously declared: 
   "/home/daniel_kuo/CBDK_TSMC40_Arm_f2.0/CIC/Verilog/sc9_cln40g_base_rvt_udp.v",
  1658: token is 'udp_lvl_pp_vdd_vss'
  primitive udp_lvl_pp_vdd_vss (y, a, vdd, vss);
                              ^
  Current declaration will be ignored.


Warning-[WUPD] UDP previously declared
  UDP is previously declared: 
   "/home/daniel_kuo/CBDK_TSMC40_Arm_f2.0/CIC/Verilog/sc9_cln40g_base_rvt_udp.v",
  1671: token is 'udp_sedffsr_PWR'
  primitive udp_sedffsr_PWR (out, in, clk, clr_, set_, si, se, en, VDD, VSS, 
  NOTIFIER);
                           ^
  Current declaration will be ignored.


Warning-[WUPD] UDP previously declared
  UDP is previously declared: 
   "/home/daniel_kuo/CBDK_TSMC40_Arm_f2.0/CIC/Verilog/sc9_cln40g_base_rvt_udp.v",
  1738: token is 'udp_tlat_ros'
  primitive udp_tlat_ros (out, in, hold, clr_, set_, NOTIFIER);
                        ^
  Current declaration will be ignored.


Warning-[WUPD] UDP previously declared
  UDP is previously declared: 
   "/home/daniel_kuo/CBDK_TSMC40_Arm_f2.0/CIC/Verilog/sc9_cln40g_base_rvt_udp.v",
  1764: token is 'udp_edfft'
  primitive udp_edfft (out, in, clk, clr_, set_, en, NOTIFIER);
                     ^
  Current declaration will be ignored.


Warning-[WUPD] UDP previously declared
  UDP is previously declared: 
   "/home/daniel_kuo/CBDK_TSMC40_Arm_f2.0/CIC/Verilog/sc9_cln40g_base_rvt_udp.v",
  1801: token is 'udp_rslatn_out_'
  primitive udp_rslatn_out_ (out_, r_, s_, NOTIFIER);
                           ^
  Current declaration will be ignored.


Warning-[WUPD] UDP previously declared
  UDP is previously declared: 
   "/home/daniel_kuo/CBDK_TSMC40_Arm_f2.0/CIC/Verilog/sc9_cln40g_base_rvt_udp.v",
  1825: token is 'udp_rslatn_out'
  primitive udp_rslatn_out (out, r_, s_, NOTIFIER);
                          ^
  Current declaration will be ignored.


Warning-[WUPD] UDP previously declared
  UDP is previously declared: 
   "/home/daniel_kuo/CBDK_TSMC40_Arm_f2.0/CIC/Verilog/sc9_cln40g_base_rvt_udp.v",
  1847: token is 'udp_oro_pp'
  primitive udp_oro_pp (y, a, b, vddo, vsso, vdd, vss);
                      ^
  Current declaration will be ignored.


Warning-[WUPD] UDP previously declared
  UDP is previously declared: 
   "/home/daniel_kuo/CBDK_TSMC40_Arm_f2.0/CIC/Verilog/sc9_cln40g_base_rvt_udp.v",
  1860: token is 'udp_not_pp'
  primitive udp_not_pp (y, a, vddg, vssg);
                      ^
  Current declaration will be ignored.


Warning-[WUPD] UDP previously declared
  UDP is previously declared: 
   "/home/daniel_kuo/CBDK_TSMC40_Arm_f2.0/CIC/Verilog/sc9_cln40g_base_rvt_udp.v",
  1875: token is 'udp_plat'
  primitive udp_plat (out, ovrd, clock, ena, NOTIFIER);
                    ^
  Current declaration will be ignored.


Warning-[WUPD] UDP previously declared
  UDP is previously declared: 
   "/home/daniel_kuo/CBDK_TSMC40_Arm_f2.0/CIC/Verilog/sc9_cln40g_base_rvt_udp.v",
  1893: token is 'udp_ph1p_pwr'
  primitive udp_ph1p_pwr (LOUT, VDD, VSS, CLK, DATA, SET, RESET);
                        ^
  Current declaration will be ignored.


Warning-[WUPD] UDP previously declared
  UDP is previously declared: 
   "/home/daniel_kuo/CBDK_TSMC40_Arm_f2.0/CIC/Verilog/sc9_cln40g_base_rvt_udp.v",
  1920: token is 'udp_xgen'
  primitive udp_xgen (out, in, en, e);
                    ^
  Current declaration will be ignored.


Warning-[WUPD] UDP previously declared
  UDP is previously declared: 
   "/home/daniel_kuo/CBDK_TSMC40_Arm_f2.0/CIC/Verilog/sc9_cln40g_base_rvt_udp.v",
  1943: token is 'udp_dffr1'
  primitive udp_dffr1 (out, in, clk, clr_, set_, retn, pwr, pwrg, NOTIFIER);
                     ^
  Current declaration will be ignored.

Parsing design file '/home/daniel_kuo/CBDK_TSMC40_Arm_f2.0/CIC/Verilog/sc9_cln40g_base_lvt_udp.v'

Warning-[WUPD] UDP previously declared
  UDP is previously declared: 
   "/home/daniel_kuo/CBDK_TSMC40_Arm_f2.0/CIC/Verilog/sc9_cln40g_base_lvt_udp.v",
  3: token is 'udp_dffr3'
  primitive udp_dffr3 (out, st1, st0, ck, clr_, set_, retn, pwr, pwrg);
                     ^
  Current declaration will be ignored.


Warning-[WUPD] UDP previously declared
  UDP is previously declared: 
   "/home/daniel_kuo/CBDK_TSMC40_Arm_f2.0/CIC/Verilog/sc9_cln40g_base_lvt_udp.v",
  38: token is 'udp_tlat'
  primitive udp_tlat (out, in, hold, clr_, set_, NOTIFIER);
                    ^
  Current declaration will be ignored.


Warning-[WUPD] UDP previously declared
  UDP is previously declared: 
   "/home/daniel_kuo/CBDK_TSMC40_Arm_f2.0/CIC/Verilog/sc9_cln40g_base_lvt_udp.v",
  63: token is 'udp_lcg'
  primitive udp_lcg(out, e, mgclk, ovrd, NOT);
                   ^
  Current declaration will be ignored.


Warning-[WUPD] UDP previously declared
  UDP is previously declared: 
   "/home/daniel_kuo/CBDK_TSMC40_Arm_f2.0/CIC/Verilog/sc9_cln40g_base_lvt_udp.v",
  86: token is 'udp_tlatrf2_PWR'
  primitive udp_tlatrf2_PWR (out, in1, w1w, in2, w2w, VDD, VSS, NOTIFIER);
                           ^
  Current declaration will be ignored.


Warning-[WUPD] UDP previously declared
  UDP is previously declared: 
   "/home/daniel_kuo/CBDK_TSMC40_Arm_f2.0/CIC/Verilog/sc9_cln40g_base_lvt_udp.v",
  123: token is 'udp_tlat_retpwr'
  primitive udp_tlat_retpwr (out, VDD, VSS, in, hold, clr_, set_, NOTIFIER);
                           ^
  Current declaration will be ignored.


Warning-[WUPD] UDP previously declared
  UDP is previously declared: 
   "/home/daniel_kuo/CBDK_TSMC40_Arm_f2.0/CIC/Verilog/sc9_cln40g_base_lvt_udp.v",
  152: token is 'udp_lv_pp_or_vdd_vss'
  primitive udp_lv_pp_or_vdd_vss (y, a, b, vdd, vss);
                                ^
  Current declaration will be ignored.


Warning-[WUPD] UDP previously declared
  UDP is previously declared: 
   "/home/daniel_kuo/CBDK_TSMC40_Arm_f2.0/CIC/Verilog/sc9_cln40g_base_lvt_udp.v",
  166: token is 'udp_rslat_out_'
  primitive udp_rslat_out_ (out_, r, s, NOTIFIER);
                          ^
  Current declaration will be ignored.


Warning-[WUPD] UDP previously declared
  UDP is previously declared: 
   "/home/daniel_kuo/CBDK_TSMC40_Arm_f2.0/CIC/Verilog/sc9_cln40g_base_lvt_udp.v",
  190: token is 'udp_sedfft'
  primitive udp_sedfft (out, in, clk, clr_, si, se, en, NOTIFIER);
                      ^
  Current declaration will be ignored.


Warning-[WUPD] UDP previously declared
  UDP is previously declared: 
   "/home/daniel_kuo/CBDK_TSMC40_Arm_f2.0/CIC/Verilog/sc9_cln40g_base_lvt_udp.v",
  240: token is 'udp_or_pp'
  primitive udp_or_pp (y, a, b, vdd, vss);
                     ^
  Current declaration will be ignored.


Warning-[WUPD] UDP previously declared
  UDP is previously declared: 
   "/home/daniel_kuo/CBDK_TSMC40_Arm_f2.0/CIC/Verilog/sc9_cln40g_base_lvt_udp.v",
  256: token is 'udp_jkff'
  primitive udp_jkff (out, j, k, clk, clr_, set_, NOTIFIER);
                    ^
  Current declaration will be ignored.


Warning-[WUPD] UDP previously declared
  UDP is previously declared: 
   "/home/daniel_kuo/CBDK_TSMC40_Arm_f2.0/CIC/Verilog/sc9_cln40g_base_lvt_udp.v",
  291: token is 'udp_bmx'
  primitive udp_bmx (out, x2, a, s, m1, m0);
                   ^
  Current declaration will be ignored.


Warning-[WUPD] UDP previously declared
  UDP is previously declared: 
   "/home/daniel_kuo/CBDK_TSMC40_Arm_f2.0/CIC/Verilog/sc9_cln40g_base_lvt_udp.v",
  317: token is 'udp_sedff'
  primitive udp_sedff (out, in, clk, clr_, si, se, en, NOTIFIER);
                     ^
  Current declaration will be ignored.


Warning-[WUPD] UDP previously declared
  UDP is previously declared: 
   "/home/daniel_kuo/CBDK_TSMC40_Arm_f2.0/CIC/Verilog/sc9_cln40g_base_lvt_udp.v",
  371: token is 'udp_mux2'
  primitive udp_mux2 (out, in0, in1, sel);
                    ^
  Current declaration will be ignored.


Warning-[WUPD] UDP previously declared
  UDP is previously declared: 
   "/home/daniel_kuo/CBDK_TSMC40_Arm_f2.0/CIC/Verilog/sc9_cln40g_base_lvt_udp.v",
  390: token is 'udp_sedffsr'
  primitive udp_sedffsr (out, in, clk, clr_, set_, si, se, en, NOTIFIER);
                       ^
  Current declaration will be ignored.


Warning-[WUPD] UDP previously declared
  UDP is previously declared: 
   "/home/daniel_kuo/CBDK_TSMC40_Arm_f2.0/CIC/Verilog/sc9_cln40g_base_lvt_udp.v",
  453: token is 'udp_mux4'
  primitive udp_mux4 (out, in0, in1, in2, in3, sel_0, sel_1);
                    ^
  Current declaration will be ignored.


Warning-[WUPD] UDP previously declared
  UDP is previously declared: 
   "/home/daniel_kuo/CBDK_TSMC40_Arm_f2.0/CIC/Verilog/sc9_cln40g_base_lvt_udp.v",
  484: token is 'udp_retn_pwr'
  primitive udp_retn_pwr (out, VDD, VSS, n2, n4, clk, xRN, xSN);
                        ^
  Current declaration will be ignored.


Warning-[WUPD] UDP previously declared
  UDP is previously declared: 
   "/home/daniel_kuo/CBDK_TSMC40_Arm_f2.0/CIC/Verilog/sc9_cln40g_base_lvt_udp.v",
  511: token is 'udp_rslat_out_PWR'
  primitive udp_rslat_out_PWR (out, r, s, VDD, VSS, NOTIFIER);
                             ^
  Current declaration will be ignored.


Warning-[WUPD] UDP previously declared
  UDP is previously declared: 
   "/home/daniel_kuo/CBDK_TSMC40_Arm_f2.0/CIC/Verilog/sc9_cln40g_base_lvt_udp.v",
  537: token is 'udp_o2lvluu_pp_or_vddi_vdd_vss'
  primitive udp_o2lvluu_pp_or_vddi_vdd_vss (y, a, b, vddi, vdd, vss);
                                          ^
  Current declaration will be ignored.


Warning-[WUPD] UDP previously declared
  UDP is previously declared: 
   "/home/daniel_kuo/CBDK_TSMC40_Arm_f2.0/CIC/Verilog/sc9_cln40g_base_lvt_udp.v",
  550: token is 'udp_ph2p'
  primitive udp_ph2p (LOUT, CLK1, CLK2, DATA1, DATA2, SET, RESET);
                    ^
  Current declaration will be ignored.


Warning-[WUPD] UDP previously declared
  UDP is previously declared: 
   "/home/daniel_kuo/CBDK_TSMC40_Arm_f2.0/CIC/Verilog/sc9_cln40g_base_lvt_udp.v",
  594: token is 'udp_mux'
  primitive udp_mux (out, in, s_in, s_sel);
                   ^
  Current declaration will be ignored.


Warning-[WUPD] UDP previously declared
  UDP is previously declared: 
   "/home/daniel_kuo/CBDK_TSMC40_Arm_f2.0/CIC/Verilog/sc9_cln40g_base_lvt_udp.v",
  612: token is 'udp_buf_pp'
  primitive udp_buf_pp (y, a, vddg, vssg);
                      ^
  Current declaration will be ignored.


Warning-[WUPD] UDP previously declared
  UDP is previously declared: 
   "/home/daniel_kuo/CBDK_TSMC40_Arm_f2.0/CIC/Verilog/sc9_cln40g_base_lvt_udp.v",
  625: token is 'udp_lv_pp_vddi_vdd_vss'
  primitive udp_lv_pp_vddi_vdd_vss (y, a, b, vddi, vdd, vss);
                                  ^
  Current declaration will be ignored.


Warning-[WUPD] UDP previously declared
  UDP is previously declared: 
   "/home/daniel_kuo/CBDK_TSMC40_Arm_f2.0/CIC/Verilog/sc9_cln40g_base_lvt_udp.v",
  640: token is 'udp_tlatrf2'
  primitive udp_tlatrf2 (out, in1, w1w, in2, w2w, NOTIFIER);
                       ^
  Current declaration will be ignored.


Warning-[WUPD] UDP previously declared
  UDP is previously declared: 
   "/home/daniel_kuo/CBDK_TSMC40_Arm_f2.0/CIC/Verilog/sc9_cln40g_base_lvt_udp.v",
  675: token is 'udp_tlatrf_PWR'
  primitive udp_tlatrf_PWR (out, in, ww, wwn, VDD, VSS, NOTIFIER);
                          ^
  Current declaration will be ignored.


Warning-[WUPD] UDP previously declared
  UDP is previously declared: 
   "/home/daniel_kuo/CBDK_TSMC40_Arm_f2.0/CIC/Verilog/sc9_cln40g_base_lvt_udp.v",
  703: token is 'udp_dff_PWR'
  primitive udp_dff_PWR (out, in, clk, clr_, set_, VDD, VSS, NOTIFIER);
                       ^
  Current declaration will be ignored.


Warning-[WUPD] UDP previously declared
  UDP is previously declared: 
   "/home/daniel_kuo/CBDK_TSMC40_Arm_f2.0/CIC/Verilog/sc9_cln40g_base_lvt_udp.v",
  732: token is 'udp_a2lvluu_pp_vddi_vdd_vss'
  primitive udp_a2lvluu_pp_vddi_vdd_vss (y, a, b, vddi, vdd, vss);
                                       ^
  Current declaration will be ignored.


Warning-[WUPD] UDP previously declared
  UDP is previously declared: 
   "/home/daniel_kuo/CBDK_TSMC40_Arm_f2.0/CIC/Verilog/sc9_cln40g_base_lvt_udp.v",
  746: token is 'udp_edff_PWR'
  primitive udp_edff_PWR (out, in, clk, clr_, set_, en, VDD, VSS, NOTIFIER);
                        ^
  Current declaration will be ignored.


Warning-[WUPD] UDP previously declared
  UDP is previously declared: 
   "/home/daniel_kuo/CBDK_TSMC40_Arm_f2.0/CIC/Verilog/sc9_cln40g_base_lvt_udp.v",
  782: token is 'udp_tlat_pwr'
  primitive udp_tlat_pwr (out, VDD, VSS, in, hold, clr_, set_, NOTIFIER);
                        ^
  Current declaration will be ignored.


Warning-[WUPD] UDP previously declared
  UDP is previously declared: 
   "/home/daniel_kuo/CBDK_TSMC40_Arm_f2.0/CIC/Verilog/sc9_cln40g_base_lvt_udp.v",
  812: token is 'udp_outrf'
  primitive udp_outrf (out, in, rwn, rw);
                     ^
  Current declaration will be ignored.


Warning-[WUPD] UDP previously declared
  UDP is previously declared: 
   "/home/daniel_kuo/CBDK_TSMC40_Arm_f2.0/CIC/Verilog/sc9_cln40g_base_lvt_udp.v",
  830: token is 'udp_and_pp'
  primitive udp_and_pp (y, a, b, vdd, vss);
                      ^
  Current declaration will be ignored.


Warning-[WUPD] UDP previously declared
  UDP is previously declared: 
   "/home/daniel_kuo/CBDK_TSMC40_Arm_f2.0/CIC/Verilog/sc9_cln40g_base_lvt_udp.v",
  845: token is 'udp_dffr2'
  primitive udp_dffr2 (out, d, ck, clr_, set_, pwr, notifier);
                     ^
  Current declaration will be ignored.


Warning-[WUPD] UDP previously declared
  UDP is previously declared: 
   "/home/daniel_kuo/CBDK_TSMC40_Arm_f2.0/CIC/Verilog/sc9_cln40g_base_lvt_udp.v",
  886: token is 'udp_dffr4'
  primitive udp_dffr4 (out, st1, st0, ck, retn);
                     ^
  Current declaration will be ignored.


Warning-[WUPD] UDP previously declared
  UDP is previously declared: 
   "/home/daniel_kuo/CBDK_TSMC40_Arm_f2.0/CIC/Verilog/sc9_cln40g_base_lvt_udp.v",
  904: token is 'udp_xprop'
  primitive udp_xprop (DOUT, DIN, NOTIFIER, RESET);
                     ^
  Current declaration will be ignored.


Warning-[WUPD] UDP previously declared
  UDP is previously declared: 
   "/home/daniel_kuo/CBDK_TSMC40_Arm_f2.0/CIC/Verilog/sc9_cln40g_base_lvt_udp.v",
  926: token is 'udp_lv_pp_vdd_vss'
  primitive udp_lv_pp_vdd_vss (y, a, b, vdd, vss);
                             ^
  Current declaration will be ignored.


Warning-[WUPD] UDP previously declared
  UDP is previously declared: 
   "/home/daniel_kuo/CBDK_TSMC40_Arm_f2.0/CIC/Verilog/sc9_cln40g_base_lvt_udp.v",
  939: token is 'udp_ph1p'
  primitive udp_ph1p (LOUT, CLK, DATA, SET, RESET);
                    ^
  Current declaration will be ignored.


Warning-[WUPD] UDP previously declared
  UDP is previously declared: 
   "/home/daniel_kuo/CBDK_TSMC40_Arm_f2.0/CIC/Verilog/sc9_cln40g_base_lvt_udp.v",
  968: token is 'udp_dffpower'
  primitive udp_dffpower (out, vdd, vss);
                        ^
  Current declaration will be ignored.


Warning-[WUPD] UDP previously declared
  UDP is previously declared: 
   "/home/daniel_kuo/CBDK_TSMC40_Arm_f2.0/CIC/Verilog/sc9_cln40g_base_lvt_udp.v",
  985: token is 'udp_rslat_out'
  primitive udp_rslat_out (out, r, s, NOTIFIER);
                         ^
  Current declaration will be ignored.


Warning-[WUPD] UDP previously declared
  UDP is previously declared: 
   "/home/daniel_kuo/CBDK_TSMC40_Arm_f2.0/CIC/Verilog/sc9_cln40g_base_lvt_udp.v",
  1008: token is 'udp_always0_pp'
  primitive udp_always0_pp (y, vddg, vssg);
                          ^
  Current declaration will be ignored.


Warning-[WUPD] UDP previously declared
  UDP is previously declared: 
   "/home/daniel_kuo/CBDK_TSMC40_Arm_f2.0/CIC/Verilog/sc9_cln40g_base_lvt_udp.v",
  1021: token is 'udp_edfft_PWR'
  primitive udp_edfft_PWR (out, in, clk, clr_, set_, en, VDD, VSS, NOTIFIER);
                         ^
  Current declaration will be ignored.


Warning-[WUPD] UDP previously declared
  UDP is previously declared: 
   "/home/daniel_kuo/CBDK_TSMC40_Arm_f2.0/CIC/Verilog/sc9_cln40g_base_lvt_udp.v",
  1061: token is 'udp_rslatn_out__PWR'
  primitive udp_rslatn_out__PWR (out_, r_, s_, VDD, VSS, NOTIFIER);
                               ^
  Current declaration will be ignored.


Warning-[WUPD] UDP previously declared
  UDP is previously declared: 
   "/home/daniel_kuo/CBDK_TSMC40_Arm_f2.0/CIC/Verilog/sc9_cln40g_base_lvt_udp.v",
  1089: token is 'udp_dff_ros'
  primitive udp_dff_ros (out, in, clk, clr_, set_, NOTIFIER);
                       ^
  Current declaration will be ignored.


Warning-[WUPD] UDP previously declared
  UDP is previously declared: 
   "/home/daniel_kuo/CBDK_TSMC40_Arm_f2.0/CIC/Verilog/sc9_cln40g_base_lvt_udp.v",
  1116: token is 'udp_rslatn_out_PWR'
  primitive udp_rslatn_out_PWR (out, r_, s_, VDD, VSS, NOTIFIER);
                              ^
  Current declaration will be ignored.


Warning-[WUPD] UDP previously declared
  UDP is previously declared: 
   "/home/daniel_kuo/CBDK_TSMC40_Arm_f2.0/CIC/Verilog/sc9_cln40g_base_lvt_udp.v",
  1149: token is 'udp_wao'
  primitive udp_wao (out, in1a, in1b, in2a, in2b);
                   ^
  Current declaration will be ignored.


Warning-[WUPD] UDP previously declared
  UDP is previously declared: 
   "/home/daniel_kuo/CBDK_TSMC40_Arm_f2.0/CIC/Verilog/sc9_cln40g_base_lvt_udp.v",
  1170: token is 'udp_mx21'
  primitive udp_mx21 (MUXOUT, SEL, DATA0, DATA1);
                    ^
  Current declaration will be ignored.


Warning-[WUPD] UDP previously declared
  UDP is previously declared: 
   "/home/daniel_kuo/CBDK_TSMC40_Arm_f2.0/CIC/Verilog/sc9_cln40g_base_lvt_udp.v",
  1189: token is 'udp_plat_PWR'
  primitive udp_plat_PWR (out, ovrd, clock, ena, VDD, VSS, NOTIFIER);
                        ^
  Current declaration will be ignored.


Warning-[WUPD] UDP previously declared
  UDP is previously declared: 
   "/home/daniel_kuo/CBDK_TSMC40_Arm_f2.0/CIC/Verilog/sc9_cln40g_base_lvt_udp.v",
  1211: token is 'udp_lvl_pp_vddi_vdd_vss'
  primitive udp_lvl_pp_vddi_vdd_vss (y, a, vddi, vdd, vss);
                                   ^
  Current declaration will be ignored.


Warning-[WUPD] UDP previously declared
  UDP is previously declared: 
   "/home/daniel_kuo/CBDK_TSMC40_Arm_f2.0/CIC/Verilog/sc9_cln40g_base_lvt_udp.v",
  1224: token is 'udp_tlatrf'
  primitive udp_tlatrf (out, in, ww, wwn, NOTIFIER);
                      ^
  Current declaration will be ignored.


Warning-[WUPD] UDP previously declared
  UDP is previously declared: 
   "/home/daniel_kuo/CBDK_TSMC40_Arm_f2.0/CIC/Verilog/sc9_cln40g_base_lvt_udp.v",
  1249: token is 'udp_power'
  primitive udp_power (out, out_temp, vdd, vss);
                     ^
  Current declaration will be ignored.


Warning-[WUPD] UDP previously declared
  UDP is previously declared: 
   "/home/daniel_kuo/CBDK_TSMC40_Arm_f2.0/CIC/Verilog/sc9_cln40g_base_lvt_udp.v",
  1264: token is 'udp_tlat_PWR'
  primitive udp_tlat_PWR (out, in, hold, clr_, set_, VDD, VSS, NOTIFIER);
                        ^
  Current declaration will be ignored.


Warning-[WUPD] UDP previously declared
  UDP is previously declared: 
   "/home/daniel_kuo/CBDK_TSMC40_Arm_f2.0/CIC/Verilog/sc9_cln40g_base_lvt_udp.v",
  1293: token is 'udp_dff'
  primitive udp_dff (out, in, clk, clr_, set_, NOTIFIER);
                   ^
  Current declaration will be ignored.


Warning-[WUPD] UDP previously declared
  UDP is previously declared: 
   "/home/daniel_kuo/CBDK_TSMC40_Arm_f2.0/CIC/Verilog/sc9_cln40g_base_lvt_udp.v",
  1318: token is 'udp_ph2p_pwr'
  primitive udp_ph2p_pwr (LOUT, VDD, VSS, CLK1, CLK2, DATA1, DATA2, SET, 
  RESET);
                        ^
  Current declaration will be ignored.


Warning-[WUPD] UDP previously declared
  UDP is previously declared: 
   "/home/daniel_kuo/CBDK_TSMC40_Arm_f2.0/CIC/Verilog/sc9_cln40g_base_lvt_udp.v",
  1360: token is 'udp_rslat_out__PWR'
  primitive udp_rslat_out__PWR (out_, r, s, VDD, VSS, NOTIFIER);
                              ^
  Current declaration will be ignored.


Warning-[WUPD] UDP previously declared
  UDP is previously declared: 
   "/home/daniel_kuo/CBDK_TSMC40_Arm_f2.0/CIC/Verilog/sc9_cln40g_base_lvt_udp.v",
  1387: token is 'udp_sedfft_PWR'
  primitive udp_sedfft_PWR (out, in, clk, clr_, si, se, en, VDD, VSS, 
  NOTIFIER);
                          ^
  Current declaration will be ignored.


Warning-[WUPD] UDP previously declared
  UDP is previously declared: 
   "/home/daniel_kuo/CBDK_TSMC40_Arm_f2.0/CIC/Verilog/sc9_cln40g_base_lvt_udp.v",
  1441: token is 'udp_edff'
  primitive udp_edff (out, in, clk, clr_, set_, en, NOTIFIER);
                    ^
  Current declaration will be ignored.


Warning-[WUPD] UDP previously declared
  UDP is previously declared: 
   "/home/daniel_kuo/CBDK_TSMC40_Arm_f2.0/CIC/Verilog/sc9_cln40g_base_lvt_udp.v",
  1474: token is 'udp_jkff_PWR'
  primitive udp_jkff_PWR (out, j, k, clk, clr_, set_, VDD, VSS, NOTIFIER);
                        ^
  Current declaration will be ignored.


Warning-[WUPD] UDP previously declared
  UDP is previously declared: 
   "/home/daniel_kuo/CBDK_TSMC40_Arm_f2.0/CIC/Verilog/sc9_cln40g_base_lvt_udp.v",
  1512: token is 'udp_retn'
  primitive udp_retn (out, n2, n4, clk, xRN, xSN);
                    ^
  Current declaration will be ignored.


Warning-[WUPD] UDP previously declared
  UDP is previously declared: 
   "/home/daniel_kuo/CBDK_TSMC40_Arm_f2.0/CIC/Verilog/sc9_cln40g_base_lvt_udp.v",
  1535: token is 'udp_lv_pp_or_vddi_vdd_vss'
  primitive udp_lv_pp_or_vddi_vdd_vss (y, a, b, vddi, vdd, vss);
                                     ^
  Current declaration will be ignored.


Warning-[WUPD] UDP previously declared
  UDP is previously declared: 
   "/home/daniel_kuo/CBDK_TSMC40_Arm_f2.0/CIC/Verilog/sc9_cln40g_base_lvt_udp.v",
  1549: token is 'udp_csa4to2_carry'
  primitive udp_csa4to2_carry(carry, a, b, c, ci, d);
                             ^
  Current declaration will be ignored.


Warning-[WUPD] UDP previously declared
  UDP is previously declared: 
   "/home/daniel_kuo/CBDK_TSMC40_Arm_f2.0/CIC/Verilog/sc9_cln40g_base_lvt_udp.v",
  1578: token is 'udp_sedff_PWR'
  primitive udp_sedff_PWR (out, in, clk, clr_, si, se, en, VDD, VSS, 
  NOTIFIER);
                         ^
  Current declaration will be ignored.


Warning-[WUPD] UDP previously declared
  UDP is previously declared: 
   "/home/daniel_kuo/CBDK_TSMC40_Arm_f2.0/CIC/Verilog/sc9_cln40g_base_lvt_udp.v",
  1634: token is 'udp_always1_pp'
  primitive udp_always1_pp (y, vddg, vssg);
                          ^
  Current declaration will be ignored.


Warning-[WUPD] UDP previously declared
  UDP is previously declared: 
   "/home/daniel_kuo/CBDK_TSMC40_Arm_f2.0/CIC/Verilog/sc9_cln40g_base_lvt_udp.v",
  1645: token is 'udp_ando_pp'
  primitive udp_ando_pp (y, a, b, vddo, vsso, vdd, vss);
                       ^
  Current declaration will be ignored.


Warning-[WUPD] UDP previously declared
  UDP is previously declared: 
   "/home/daniel_kuo/CBDK_TSMC40_Arm_f2.0/CIC/Verilog/sc9_cln40g_base_lvt_udp.v",
  1658: token is 'udp_lvl_pp_vdd_vss'
  primitive udp_lvl_pp_vdd_vss (y, a, vdd, vss);
                              ^
  Current declaration will be ignored.


Warning-[WUPD] UDP previously declared
  UDP is previously declared: 
   "/home/daniel_kuo/CBDK_TSMC40_Arm_f2.0/CIC/Verilog/sc9_cln40g_base_lvt_udp.v",
  1671: token is 'udp_sedffsr_PWR'
  primitive udp_sedffsr_PWR (out, in, clk, clr_, set_, si, se, en, VDD, VSS, 
  NOTIFIER);
                           ^
  Current declaration will be ignored.


Warning-[WUPD] UDP previously declared
  UDP is previously declared: 
   "/home/daniel_kuo/CBDK_TSMC40_Arm_f2.0/CIC/Verilog/sc9_cln40g_base_lvt_udp.v",
  1738: token is 'udp_tlat_ros'
  primitive udp_tlat_ros (out, in, hold, clr_, set_, NOTIFIER);
                        ^
  Current declaration will be ignored.


Warning-[WUPD] UDP previously declared
  UDP is previously declared: 
   "/home/daniel_kuo/CBDK_TSMC40_Arm_f2.0/CIC/Verilog/sc9_cln40g_base_lvt_udp.v",
  1764: token is 'udp_edfft'
  primitive udp_edfft (out, in, clk, clr_, set_, en, NOTIFIER);
                     ^
  Current declaration will be ignored.


Warning-[WUPD] UDP previously declared
  UDP is previously declared: 
   "/home/daniel_kuo/CBDK_TSMC40_Arm_f2.0/CIC/Verilog/sc9_cln40g_base_lvt_udp.v",
  1801: token is 'udp_rslatn_out_'
  primitive udp_rslatn_out_ (out_, r_, s_, NOTIFIER);
                           ^
  Current declaration will be ignored.


Warning-[WUPD] UDP previously declared
  UDP is previously declared: 
   "/home/daniel_kuo/CBDK_TSMC40_Arm_f2.0/CIC/Verilog/sc9_cln40g_base_lvt_udp.v",
  1825: token is 'udp_rslatn_out'
  primitive udp_rslatn_out (out, r_, s_, NOTIFIER);
                          ^
  Current declaration will be ignored.


Warning-[WUPD] UDP previously declared
  UDP is previously declared: 
   "/home/daniel_kuo/CBDK_TSMC40_Arm_f2.0/CIC/Verilog/sc9_cln40g_base_lvt_udp.v",
  1847: token is 'udp_oro_pp'
  primitive udp_oro_pp (y, a, b, vddo, vsso, vdd, vss);
                      ^
  Current declaration will be ignored.


Warning-[WUPD] UDP previously declared
  UDP is previously declared: 
   "/home/daniel_kuo/CBDK_TSMC40_Arm_f2.0/CIC/Verilog/sc9_cln40g_base_lvt_udp.v",
  1860: token is 'udp_not_pp'
  primitive udp_not_pp (y, a, vddg, vssg);
                      ^
  Current declaration will be ignored.


Warning-[WUPD] UDP previously declared
  UDP is previously declared: 
   "/home/daniel_kuo/CBDK_TSMC40_Arm_f2.0/CIC/Verilog/sc9_cln40g_base_lvt_udp.v",
  1875: token is 'udp_plat'
  primitive udp_plat (out, ovrd, clock, ena, NOTIFIER);
                    ^
  Current declaration will be ignored.


Warning-[WUPD] UDP previously declared
  UDP is previously declared: 
   "/home/daniel_kuo/CBDK_TSMC40_Arm_f2.0/CIC/Verilog/sc9_cln40g_base_lvt_udp.v",
  1893: token is 'udp_ph1p_pwr'
  primitive udp_ph1p_pwr (LOUT, VDD, VSS, CLK, DATA, SET, RESET);
                        ^
  Current declaration will be ignored.


Warning-[WUPD] UDP previously declared
  UDP is previously declared: 
   "/home/daniel_kuo/CBDK_TSMC40_Arm_f2.0/CIC/Verilog/sc9_cln40g_base_lvt_udp.v",
  1920: token is 'udp_xgen'
  primitive udp_xgen (out, in, en, e);
                    ^
  Current declaration will be ignored.


Warning-[WUPD] UDP previously declared
  UDP is previously declared: 
   "/home/daniel_kuo/CBDK_TSMC40_Arm_f2.0/CIC/Verilog/sc9_cln40g_base_lvt_udp.v",
  1943: token is 'udp_dffr1'
  primitive udp_dffr1 (out, in, clk, clr_, set_, retn, pwr, pwrg, NOTIFIER);
                     ^
  Current declaration will be ignored.

Parsing library file '/home/daniel_kuo/CBDK_TSMC40_Arm_f2.0/CIC/Verilog/sc9_cln40g_base_hvt_neg.v'
Top Level Modules:
       TESTBED
       A2SDFFQN_X0P5M_A9TR
       A2SDFFQN_X1M_A9TR
       A2SDFFQN_X2M_A9TR
       A2SDFFQN_X3M_A9TR
       A2SDFFQ_X0P5M_A9TR
       A2SDFFQ_X1M_A9TR
       A2SDFFQ_X2M_A9TR
       A2SDFFQ_X3M_A9TR
       A2SDFFQ_X4M_A9TR
       ADDFCIN_X1M_A9TR
       ADDFCIN_X1P4M_A9TR
       ADDFCIN_X2M_A9TR
       ADDFH_X1P4M_A9TR
       ADDH_X1P4M_A9TR
       AND2_X0P5B_A9TR
       AND2_X0P7B_A9TR
       AND2_X11B_A9TR
       AND2_X11M_A9TR
       AND2_X1B_A9TR
       AND2_X3M_A9TR
       AND2_X4B_A9TR
       AND2_X6B_A9TR
       AND2_X6M_A9TR
       AND2_X8B_A9TR
       AND3_X0P5M_A9TR
       AND3_X0P7M_A9TR
       AND3_X11M_A9TR
       AND3_X1M_A9TR
       AND3_X1P4M_A9TR
       AND3_X2M_A9TR
       AND3_X3M_A9TR
       AND3_X4M_A9TR
       AND3_X6M_A9TR
       AND3_X8M_A9TR
       AND4_X0P5M_A9TR
       AND4_X0P7M_A9TR
       AND4_X1M_A9TR
       AND4_X1P4M_A9TR
       AND4_X2M_A9TR
       AND4_X3M_A9TR
       AND4_X4M_A9TR
       AND4_X6M_A9TR
       AND4_X8M_A9TR
       ANTENNA1_A9TR
       AO1B2_X0P5M_A9TR
       AO1B2_X0P7M_A9TR
       AO1B2_X1M_A9TR
       AO1B2_X3M_A9TR
       AO1B2_X6M_A9TR
       AO21A1AI2_X0P5M_A9TR
       AO21A1AI2_X0P7M_A9TR
       AO21A1AI2_X1P4M_A9TR
       AO21A1AI2_X2M_A9TR
       AO21A1AI2_X3M_A9TR
       AO21A1AI2_X4M_A9TR
       AO21A1AI2_X6M_A9TR
       AO21B_X1P4M_A9TR
       AO21B_X3M_A9TR
       AO21B_X4M_A9TR
       AO21B_X6M_A9TR
       AO21_X1P4M_A9TR
       AO21_X2M_A9TR
       AO21_X3M_A9TR
       AO21_X4M_A9TR
       AO21_X6M_A9TR
       AO22_X1P4M_A9TR
       AO22_X2M_A9TR
       AO22_X3M_A9TR
       AO22_X4M_A9TR
       AO22_X6M_A9TR
       AOI211_X0P5M_A9TR
       AOI211_X1P4M_A9TR
       AOI211_X2M_A9TR
       AOI211_X3M_A9TR
       AOI211_X4M_A9TR
       AOI21B_X0P5M_A9TR
       AOI21B_X1P4M_A9TR
       AOI21B_X3M_A9TR
       AOI21B_X4M_A9TR
       AOI21B_X6M_A9TR
       AOI21B_X8M_A9TR
       AOI21_X3M_A9TR
       AOI21_X4M_A9TR
       AOI21_X6M_A9TR
       AOI21_X8M_A9TR
       AOI221_X0P5M_A9TR
       AOI221_X0P7M_A9TR
       AOI221_X1M_A9TR
       AOI221_X1P4M_A9TR
       AOI221_X2M_A9TR
       AOI221_X3M_A9TR
       AOI221_X4M_A9TR
       AOI222_X0P5M_A9TR
       AOI222_X0P7M_A9TR
       AOI222_X1M_A9TR
       AOI222_X1P4M_A9TR
       AOI222_X2M_A9TR
       AOI222_X3M_A9TR
       AOI222_X4M_A9TR
       AOI22BB_X0P5M_A9TR
       AOI22BB_X0P7M_A9TR
       AOI22BB_X1P4M_A9TR
       AOI22BB_X2M_A9TR
       AOI22BB_X3M_A9TR
       AOI22BB_X4M_A9TR
       AOI22BB_X6M_A9TR
       AOI22BB_X8M_A9TR
       AOI22_X0P5M_A9TR
       AOI22_X1P4M_A9TR
       AOI22_X3M_A9TR
       AOI22_X4M_A9TR
       AOI22_X6M_A9TR
       AOI22_X8M_A9TR
       AOI2XB1_X0P5M_A9TR
       AOI2XB1_X0P7M_A9TR
       AOI2XB1_X1P4M_A9TR
       AOI2XB1_X3M_A9TR
       AOI2XB1_X4M_A9TR
       AOI2XB1_X6M_A9TR
       AOI2XB1_X8M_A9TR
       AOI31_X0P5M_A9TR
       AOI31_X1M_A9TR
       AOI31_X1P4M_A9TR
       AOI31_X3M_A9TR
       AOI31_X4M_A9TR
       AOI31_X6M_A9TR
       AOI32_X0P5M_A9TR
       AOI32_X0P7M_A9TR
       AOI32_X1M_A9TR
       AOI32_X1P4M_A9TR
       AOI32_X2M_A9TR
       AOI32_X3M_A9TR
       AOI32_X4M_A9TR
       AOI32_X6M_A9TR
       BENC_X11M_A9TR
       BENC_X16M_A9TR
       BENC_X2M_A9TR
       BENC_X3M_A9TR
       BENC_X4M_A9TR
       BENC_X6M_A9TR
       BENC_X8M_A9TR
       BMXIT_X0P7M_A9TR
       BMXIT_X1M_A9TR
       BMXIT_X1P4M_A9TR
       BMXIT_X2M_A9TR
       BMXT_X0P7M_A9TR
       BMXT_X1M_A9TR
       BMXT_X1P4M_A9TR
       BMXT_X2M_A9TR
       BUFH_X0P7M_A9TR
       BUFH_X0P8M_A9TR
       BUFH_X13M_A9TR
       BUFH_X16M_A9TR
       BUFH_X4M_A9TR
       BUFZ_X11M_A9TR
       BUFZ_X16M_A9TR
       BUFZ_X1M_A9TR
       BUFZ_X1P4M_A9TR
       BUFZ_X2M_A9TR
       BUFZ_X3M_A9TR
       BUFZ_X4M_A9TR
       BUFZ_X6M_A9TR
       BUFZ_X8M_A9TR
       BUF_X0P7B_A9TR
       BUF_X0P8M_A9TR
       BUF_X11B_A9TR
       BUF_X11M_A9TR
       BUF_X13B_A9TR
       BUF_X13M_A9TR
       BUF_X16B_A9TR
       BUF_X16M_A9TR
       BUF_X1P2B_A9TR
       BUF_X1P2M_A9TR
       BUF_X1P4M_A9TR
       BUF_X1P7M_A9TR
       BUF_X2B_A9TR
       BUF_X3B_A9TR
       BUF_X3P5B_A9TR
       BUF_X4B_A9TR
       BUF_X5B_A9TR
       BUF_X6B_A9TR
       BUF_X7P5B_A9TR
       BUF_X9B_A9TR
       CGENCIN_X1M_A9TR
       CGENCIN_X1P4M_A9TR
       CGENCIN_X2M_A9TR
       CGENCON_X1M_A9TR
       CGENCON_X1P4M_A9TR
       CGENCON_X2M_A9TR
       CGENI_X1M_A9TR
       CGENI_X1P4M_A9TR
       CGENI_X2M_A9TR
       CGEN_X2M_A9TR
       CMPR42_X1M_A9TR
       CMPR42_X1P4M_A9TR
       CMPR42_X2M_A9TR
       DFFNQ_X1M_A9TR
       DFFNQ_X2M_A9TR
       DFFNQ_X3M_A9TR
       DFFNSRPQ_X1M_A9TR
       DFFNSRPQ_X2M_A9TR
       DFFNSRPQ_X3M_A9TR
       DFFQN_X0P5M_A9TR
       DFFQN_X1M_A9TR
       DFFQN_X2M_A9TR
       DFFQN_X3M_A9TR
       DFFQ_X0P5M_A9TR
       DFFQ_X1M_A9TR
       DFFQ_X2M_A9TR
       DFFQ_X3M_A9TR
       DFFQ_X4M_A9TR
       DFFRPQN_X0P5M_A9TR
       DFFRPQN_X1M_A9TR
       DFFRPQN_X2M_A9TR
       DFFRPQN_X3M_A9TR
       DFFSQN_X0P5M_A9TR
       DFFSQN_X1M_A9TR
       DFFSQN_X2M_A9TR
       DFFSQN_X3M_A9TR
       DFFSQ_X0P5M_A9TR
       DFFSQ_X1M_A9TR
       DFFSQ_X2M_A9TR
       DFFSQ_X3M_A9TR
       DFFSQ_X4M_A9TR
       DFFSRPQ_X0P5M_A9TR
       DFFSRPQ_X1M_A9TR
       DFFSRPQ_X2M_A9TR
       DFFSRPQ_X3M_A9TR
       DFFSRPQ_X4M_A9TR
       DLY2_X0P5M_A9TR
       DLY2_X1M_A9TR
       DLY4_X0P5M_A9TR
       DLY4_X1M_A9TR
       DLYCLK8S2_X1B_A9TR
       DLYCLK8S4_X1B_A9TR
       DLYCLK8S6_X1B_A9TR
       DLYCLK8S8_X1B_A9TR
       ENDCAPTIE3_A9TR
       ESDFFQN_X0P5M_A9TR
       ESDFFQN_X1M_A9TR
       ESDFFQN_X2M_A9TR
       ESDFFQN_X3M_A9TR
       ESDFFQ_X0P5M_A9TR
       ESDFFQ_X1M_A9TR
       ESDFFQ_X2M_A9TR
       ESDFFQ_X3M_A9TR
       FILL128_A9TR
       FILL16_A9TR
       FILL1_A9TR
       FILL2_A9TR
       FILL32_A9TR
       FILL4_A9TR
       FILL64_A9TR
       FILL8_A9TR
       FILLCAP128_A9TR
       FILLCAP16_A9TR
       FILLCAP32_A9TR
       FILLCAP4_A9TR
       FILLCAP64_A9TR
       FILLCAP8_A9TR
       FILLSGCAP128_A9TR
       FILLSGCAP16_A9TR
       FILLSGCAP32_A9TR
       FILLSGCAP4_A9TR
       FILLSGCAP64_A9TR
       FILLSGCAP8_A9TR
       FILLTIE128_A9TR
       FILLTIE16_A9TR
       FILLTIE32_A9TR
       FILLTIE3_A9TR
       FILLTIE4_A9TR
       FILLTIE64_A9TR
       FILLTIE8_A9TR
       FRICG_X0P5B_A9TR
       FRICG_X0P6B_A9TR
       FRICG_X0P7B_A9TR
       FRICG_X0P8B_A9TR
       FRICG_X11B_A9TR
       FRICG_X13B_A9TR
       FRICG_X16B_A9TR
       FRICG_X1B_A9TR
       FRICG_X1P2B_A9TR
       FRICG_X1P4B_A9TR
       FRICG_X1P7B_A9TR
       FRICG_X2B_A9TR
       FRICG_X2P5B_A9TR
       FRICG_X3B_A9TR
       FRICG_X3P5B_A9TR
       FRICG_X4B_A9TR
       FRICG_X5B_A9TR
       FRICG_X6B_A9TR
       FRICG_X7P5B_A9TR
       FRICG_X9B_A9TR
       INV_X0P5B_A9TR
       INV_X0P5M_A9TR
       INV_X0P7B_A9TR
       INV_X0P8B_A9TR
       INV_X0P8M_A9TR
       INV_X11B_A9TR
       INV_X13B_A9TR
       INV_X13M_A9TR
       INV_X16B_A9TR
       INV_X1P2B_A9TR
       INV_X1P4B_A9TR
       INV_X1P4M_A9TR
       INV_X2B_A9TR
       INV_X3B_A9TR
       INV_X3P5M_A9TR
       INV_X6B_A9TR
       INV_X7P5B_A9TR
       INV_X9B_A9TR
       LATNQN_X0P5M_A9TR
       LATNQN_X1M_A9TR
       LATNQN_X2M_A9TR
       LATNQN_X3M_A9TR
       LATNQN_X4M_A9TR
       LATNQ_X0P5M_A9TR
       LATNQ_X1M_A9TR
       LATNQ_X2M_A9TR
       LATNQ_X3M_A9TR
       LATNRPQN_X0P5M_A9TR
       LATNRPQN_X1M_A9TR
       LATNRPQN_X2M_A9TR
       LATNRPQN_X3M_A9TR
       LATNRPQN_X4M_A9TR
       LATNRQ_X0P5M_A9TR
       LATNRQ_X1M_A9TR
       LATNRQ_X2M_A9TR
       LATNRQ_X3M_A9TR
       LATNSPQ_X0P5M_A9TR
       LATNSPQ_X1M_A9TR
       LATNSPQ_X2M_A9TR
       LATNSPQ_X3M_A9TR
       LATNSQN_X0P5M_A9TR
       LATNSQN_X1M_A9TR
       LATNSQN_X2M_A9TR
       LATNSQN_X3M_A9TR
       LATNSQN_X4M_A9TR
       LATQN_X0P5M_A9TR
       LATQN_X1M_A9TR
       LATQN_X2M_A9TR
       LATQN_X3M_A9TR
       LATQN_X4M_A9TR
       LATQ_X0P5M_A9TR
       LATQ_X1M_A9TR
       LATQ_X2M_A9TR
       LATQ_X3M_A9TR
       LATRPQN_X0P5M_A9TR
       LATRPQN_X1M_A9TR
       LATRPQN_X2M_A9TR
       LATRPQN_X3M_A9TR
       LATRPQN_X4M_A9TR
       LATRQ_X0P5M_A9TR
       LATRQ_X1M_A9TR
       LATRQ_X2M_A9TR
       LATRQ_X3M_A9TR
       LATSPQ_X0P5M_A9TR
       LATSPQ_X1M_A9TR
       LATSPQ_X2M_A9TR
       LATSPQ_X3M_A9TR
       LATSQN_X0P5M_A9TR
       LATSQN_X1M_A9TR
       LATSQN_X2M_A9TR
       LATSQN_X3M_A9TR
       LATSQN_X4M_A9TR
       M2SDFFQN_X0P5M_A9TR
       M2SDFFQN_X1M_A9TR
       M2SDFFQN_X2M_A9TR
       M2SDFFQN_X3M_A9TR
       M2SDFFQ_X0P5M_A9TR
       M2SDFFQ_X1M_A9TR
       M2SDFFQ_X2M_A9TR
       M2SDFFQ_X3M_A9TR
       M2SDFFQ_X4M_A9TR
       MX2_X0P5B_A9TR
       MX2_X0P7B_A9TR
       MX2_X1B_A9TR
       MX2_X1P4B_A9TR
       MX2_X2B_A9TR
       MX2_X3B_A9TR
       MX2_X4B_A9TR
       MX2_X6B_A9TR
       MX2_X8B_A9TR
       MXGL2_X0P5B_A9TR
       MXGL2_X0P7B_A9TR
       MXGL2_X1B_A9TR
       MXGL2_X1P4B_A9TR
       MXGL2_X2B_A9TR
       MXGL2_X3B_A9TR
       MXGL2_X4B_A9TR
       MXGL2_X6B_A9TR
       MXIT2_X2M_A9TR
       MXIT2_X4M_A9TR
       MXIT4_X0P5M_A9TR
       MXIT4_X0P7M_A9TR
       MXIT4_X1M_A9TR
       MXIT4_X1P4M_A9TR
       MXIT4_X2M_A9TR
       MXIT4_X3M_A9TR
       MXT2_X0P5B_A9TR
       MXT2_X0P7B_A9TR
       MXT2_X1B_A9TR
       MXT2_X1M_A9TR
       MXT2_X1P4B_A9TR
       MXT2_X1P4M_A9TR
       MXT2_X2B_A9TR
       MXT2_X2M_A9TR
       MXT2_X3B_A9TR
       MXT2_X3M_A9TR
       MXT2_X4B_A9TR
       MXT2_X4M_A9TR
       MXT2_X6B_A9TR
       MXT2_X6M_A9TR
       MXT4_X0P5M_A9TR
       MXT4_X0P7M_A9TR
       MXT4_X1M_A9TR
       MXT4_X1P4M_A9TR
       MXT4_X2M_A9TR
       MXT4_X3M_A9TR
       NAND2B_X0P7M_A9TR
       NAND2B_X1M_A9TR
       NAND2B_X1P4M_A9TR
       NAND2B_X6M_A9TR
       NAND2B_X8M_A9TR
       NAND2XB_X0P5M_A9TR
       NAND2XB_X1P4M_A9TR
       NAND2XB_X3M_A9TR
       NAND2XB_X8M_A9TR
       NAND2_X0P5B_A9TR
       NAND2_X0P5M_A9TR
       NAND2_X0P7B_A9TR
       NAND2_X0P7M_A9TR
       NAND2_X1M_A9TR
       NAND2_X1P4M_A9TR
       NAND2_X2A_A9TR
       NAND2_X2M_A9TR
       NAND2_X3A_A9TR
       NAND2_X3M_A9TR
       NAND2_X4A_A9TR
       NAND2_X4M_A9TR
       NAND2_X6A_A9TR
       NAND2_X6M_A9TR
       NAND2_X8A_A9TR
       NAND2_X8M_A9TR
       NAND3BB_X0P7M_A9TR
       NAND3BB_X1P4M_A9TR
       NAND3BB_X2M_A9TR
       NAND3BB_X3M_A9TR
       NAND3BB_X4M_A9TR
       NAND3BB_X6M_A9TR
       NAND3BB_X8M_A9TR
       NAND3B_X0P5M_A9TR
       NAND3B_X0P7M_A9TR
       NAND3B_X1M_A9TR
       NAND3B_X1P4M_A9TR
       NAND3B_X2M_A9TR
       NAND3B_X3M_A9TR
       NAND3B_X4M_A9TR
       NAND3B_X6M_A9TR
       NAND3XXB_X0P5M_A9TR
       NAND3XXB_X0P7M_A9TR
       NAND3XXB_X1M_A9TR
       NAND3XXB_X1P4M_A9TR
       NAND3XXB_X2M_A9TR
       NAND3XXB_X3M_A9TR
       NAND3XXB_X4M_A9TR
       NAND3XXB_X6M_A9TR
       NAND3_X0P5A_A9TR
       NAND3_X0P7A_A9TR
       NAND3_X0P7M_A9TR
       NAND3_X1P4A_A9TR
       NAND3_X1P4M_A9TR
       NAND3_X2A_A9TR
       NAND3_X3A_A9TR
       NAND3_X3M_A9TR
       NAND3_X4A_A9TR
       NAND3_X4M_A9TR
       NAND3_X6A_A9TR
       NAND3_X6M_A9TR
       NAND4BB_X0P5M_A9TR
       NAND4BB_X0P7M_A9TR
       NAND4BB_X1P4M_A9TR
       NAND4BB_X2M_A9TR
       NAND4BB_X3M_A9TR
       NAND4BB_X4M_A9TR
       NAND4BB_X6M_A9TR
       NAND4B_X0P5M_A9TR
       NAND4B_X0P7M_A9TR
       NAND4B_X1M_A9TR
       NAND4B_X1P4M_A9TR
       NAND4B_X2M_A9TR
       NAND4B_X3M_A9TR
       NAND4B_X4M_A9TR
       NAND4XXXB_X0P5M_A9TR
       NAND4XXXB_X0P7M_A9TR
       NAND4XXXB_X1M_A9TR
       NAND4XXXB_X1P4M_A9TR
       NAND4XXXB_X2M_A9TR
       NAND4XXXB_X3M_A9TR
       NAND4XXXB_X4M_A9TR
       NAND4_X0P5M_A9TR
       NAND4_X0P7A_A9TR
       NAND4_X0P7M_A9TR
       NAND4_X1P4A_A9TR
       NAND4_X1P4M_A9TR
       NAND4_X2A_A9TR
       NAND4_X2M_A9TR
       NAND4_X3A_A9TR
       NAND4_X3M_A9TR
       NAND4_X4A_A9TR
       NAND4_X4M_A9TR
       NOR2B_X0P5M_A9TR
       NOR2B_X6M_A9TR
       NOR2B_X8M_A9TR
       NOR2XB_X0P5M_A9TR
       NOR2XB_X3M_A9TR
       NOR2XB_X4M_A9TR
       NOR2XB_X6M_A9TR
       NOR2XB_X8M_A9TR
       NOR2_X0P5A_A9TR
       NOR2_X0P5M_A9TR
       NOR2_X0P7A_A9TR
       NOR2_X0P7B_A9TR
       NOR2_X1B_A9TR
       NOR2_X1P4A_A9TR
       NOR2_X1P4B_A9TR
       NOR2_X6A_A9TR
       NOR2_X6M_A9TR
       NOR2_X8B_A9TR
       NOR2_X8M_A9TR
       NOR3BB_X0P5M_A9TR
       NOR3BB_X0P7M_A9TR
       NOR3BB_X1P4M_A9TR
       NOR3BB_X2M_A9TR
       NOR3BB_X3M_A9TR
       NOR3BB_X4M_A9TR
       NOR3BB_X6M_A9TR
       NOR3BB_X8M_A9TR
       NOR3_X0P5M_A9TR
       NOR3_X0P7A_A9TR
       NOR3_X1P4A_A9TR
       NOR3_X1P4M_A9TR
       NOR3_X2A_A9TR
       NOR3_X3A_A9TR
       NOR3_X3M_A9TR
       NOR3_X4A_A9TR
       NOR3_X4M_A9TR
       NOR4BB_X0P5M_A9TR
       NOR4BB_X0P7M_A9TR
       NOR4BB_X1M_A9TR
       NOR4BB_X1P4M_A9TR
       NOR4BB_X2M_A9TR
       NOR4BB_X3M_A9TR
       NOR4BB_X4M_A9TR
       OA1B2_X0P5M_A9TR
       OA1B2_X1M_A9TR
       OA1B2_X1P4M_A9TR
       OA1B2_X3M_A9TR
       OA1B2_X4M_A9TR
       OA1B2_X6M_A9TR
       OA1B2_X8M_A9TR
       OA211_X0P5M_A9TR
       OA211_X0P7M_A9TR
       OA211_X1M_A9TR
       OA211_X1P4M_A9TR
       OA211_X2M_A9TR
       OA211_X3M_A9TR
       OA211_X4M_A9TR
       OA211_X6M_A9TR
       OA21A1OI2_X0P5M_A9TR
       OA21A1OI2_X1M_A9TR
       OA21A1OI2_X2M_A9TR
       OA21A1OI2_X3M_A9TR
       OA21A1OI2_X4M_A9TR
       OA21A1OI2_X6M_A9TR
       OA21B_X0P5M_A9TR
       OA21B_X0P7M_A9TR
       OA21B_X1M_A9TR
       OA21B_X1P4M_A9TR
       OA21B_X2M_A9TR
       OA21B_X3M_A9TR
       OA21B_X4M_A9TR
       OA21B_X6M_A9TR
       OA21B_X8M_A9TR
       OA21_X1P4M_A9TR
       OA21_X2M_A9TR
       OA21_X3M_A9TR
       OA21_X4M_A9TR
       OA21_X6M_A9TR
       OA21_X8M_A9TR
       OA22_X1P4M_A9TR
       OA22_X2M_A9TR
       OA22_X3M_A9TR
       OA22_X4M_A9TR
       OA22_X6M_A9TR
       OA22_X8M_A9TR
       OAI211_X0P7M_A9TR
       OAI211_X1P4M_A9TR
       OAI211_X2M_A9TR
       OAI211_X3M_A9TR
       OAI211_X4M_A9TR
       OAI21B_X0P5M_A9TR
       OAI21B_X0P7M_A9TR
       OAI21B_X1P4M_A9TR
       OAI21B_X2M_A9TR
       OAI21B_X3M_A9TR
       OAI21B_X4M_A9TR
       OAI21B_X6M_A9TR
       OAI21B_X8M_A9TR
       OAI21_X4M_A9TR
       OAI21_X6M_A9TR
       OAI221_X0P5M_A9TR
       OAI221_X0P7M_A9TR
       OAI221_X1M_A9TR
       OAI221_X1P4M_A9TR
       OAI221_X2M_A9TR
       OAI221_X3M_A9TR
       OAI221_X4M_A9TR
       OAI222_X0P5M_A9TR
       OAI222_X0P7M_A9TR
       OAI222_X1M_A9TR
       OAI222_X1P4M_A9TR
       OAI222_X2M_A9TR
       OAI222_X3M_A9TR
       OAI222_X4M_A9TR
       OAI22BB_X0P5M_A9TR
       OAI22BB_X4M_A9TR
       OAI22BB_X6M_A9TR
       OAI22BB_X8M_A9TR
       OAI22_X4M_A9TR
       OAI22_X6M_A9TR
       OAI22_X8M_A9TR
       OAI2XB1_X4M_A9TR
       OAI2XB1_X8M_A9TR
       OAI31_X0P5M_A9TR
       OAI31_X1P4M_A9TR
       OAI31_X2M_A9TR
       OAI31_X3M_A9TR
       OAI31_X4M_A9TR
       OAI31_X6M_A9TR
       OR2_X0P5B_A9TR
       OR2_X0P7B_A9TR
       OR2_X11B_A9TR
       OR2_X11M_A9TR
       OR2_X2M_A9TR
       OR2_X3M_A9TR
       OR2_X4M_A9TR
       OR2_X6B_A9TR
       OR2_X6M_A9TR
       OR2_X8B_A9TR
       OR2_X8M_A9TR
       OR3_X0P5M_A9TR
       OR3_X0P7M_A9TR
       OR3_X1M_A9TR
       OR3_X1P4M_A9TR
       OR3_X2M_A9TR
       OR3_X3M_A9TR
       OR3_X4M_A9TR
       OR3_X6M_A9TR
       OR3_X8M_A9TR
       OR4_X0P5M_A9TR
       OR4_X0P7M_A9TR
       OR4_X1M_A9TR
       OR4_X1P4M_A9TR
       OR4_X2M_A9TR
       OR4_X3M_A9TR
       OR4_X4M_A9TR
       OR4_X6M_A9TR
       OR4_X8M_A9TR
       OR6_X0P5M_A9TR
       OR6_X0P7M_A9TR
       OR6_X1M_A9TR
       OR6_X1P4M_A9TR
       OR6_X2M_A9TR
       OR6_X3M_A9TR
       OR6_X4M_A9TR
       OR6_X6M_A9TR
       POSTICG_X0P5B_A9TR
       POSTICG_X0P6B_A9TR
       POSTICG_X0P7B_A9TR
       POSTICG_X0P8B_A9TR
       POSTICG_X11B_A9TR
       POSTICG_X13B_A9TR
       POSTICG_X16B_A9TR
       POSTICG_X1B_A9TR
       POSTICG_X1P2B_A9TR
       POSTICG_X1P4B_A9TR
       POSTICG_X1P7B_A9TR
       POSTICG_X2B_A9TR
       POSTICG_X2P5B_A9TR
       POSTICG_X3B_A9TR
       POSTICG_X3P5B_A9TR
       POSTICG_X4B_A9TR
       POSTICG_X5B_A9TR
       POSTICG_X6B_A9TR
       POSTICG_X7P5B_A9TR
       POSTICG_X9B_A9TR
       PREICG_X0P5B_A9TR
       PREICG_X0P6B_A9TR
       PREICG_X0P7B_A9TR
       PREICG_X0P8B_A9TR
       PREICG_X11B_A9TR
       PREICG_X13B_A9TR
       PREICG_X16B_A9TR
       PREICG_X1B_A9TR
       PREICG_X1P2B_A9TR
       PREICG_X1P4B_A9TR
       PREICG_X1P7B_A9TR
       PREICG_X2B_A9TR
       PREICG_X2P5B_A9TR
       PREICG_X3B_A9TR
       PREICG_X3P5B_A9TR
       PREICG_X4B_A9TR
       PREICG_X5B_A9TR
       PREICG_X6B_A9TR
       PREICG_X7P5B_A9TR
       PREICG_X9B_A9TR
       RF1R1WS_X1M_A9TR
       RF1R1WS_X1P4M_A9TR
       RF1R1WS_X2M_A9TR
       RF1R2WS_X1M_A9TR
       RF1R2WS_X1P4M_A9TR
       RF1R2WS_X2M_A9TR
       RF2R1WS_X1M_A9TR
       RF2R1WS_X1P4M_A9TR
       RF2R1WS_X2M_A9TR
       RF2R2WS_X1M_A9TR
       RF2R2WS_X1P4M_A9TR
       RF2R2WS_X2M_A9TR
       SDFFNQ_X1M_A9TR
       SDFFNQ_X2M_A9TR
       SDFFNQ_X3M_A9TR
       SDFFNRPQ_X1M_A9TR
       SDFFNRPQ_X2M_A9TR
       SDFFNRPQ_X3M_A9TR
       SDFFNSQ_X1M_A9TR
       SDFFNSQ_X2M_A9TR
       SDFFNSQ_X3M_A9TR
       SDFFNSRPQ_X1M_A9TR
       SDFFNSRPQ_X2M_A9TR
       SDFFNSRPQ_X3M_A9TR
       SDFFQN_X0P5M_A9TR
       SDFFQN_X1M_A9TR
       SDFFQN_X2M_A9TR
       SDFFQN_X3M_A9TR
       SDFFQ_X0P5M_A9TR
       SDFFQ_X1M_A9TR
       SDFFQ_X2M_A9TR
       SDFFQ_X3M_A9TR
       SDFFQ_X4M_A9TR
       SDFFRPQN_X0P5M_A9TR
       SDFFRPQN_X1M_A9TR
       SDFFRPQN_X2M_A9TR
       SDFFRPQN_X3M_A9TR
       SDFFRPQ_X0P5M_A9TR
       SDFFRPQ_X1M_A9TR
       SDFFRPQ_X2M_A9TR
       SDFFRPQ_X3M_A9TR
       SDFFRPQ_X4M_A9TR
       SDFFSQN_X0P5M_A9TR
       SDFFSQN_X1M_A9TR
       SDFFSQN_X2M_A9TR
       SDFFSQN_X3M_A9TR
       SDFFSQ_X0P5M_A9TR
       SDFFSQ_X1M_A9TR
       SDFFSQ_X2M_A9TR
       SDFFSQ_X3M_A9TR
       SDFFSQ_X4M_A9TR
       SDFFSRPQ_X0P5M_A9TR
       SDFFSRPQ_X1M_A9TR
       SDFFSRPQ_X2M_A9TR
       SDFFSRPQ_X3M_A9TR
       SDFFSRPQ_X4M_A9TR
       SDFFYQ_X1M_A9TR
       SDFFYQ_X2M_A9TR
       SDFFYQ_X3M_A9TR
       SDFFYQ_X4M_A9TR
       TIEHI_X1M_A9TR
       TIELO_X1M_A9TR
       XNOR3_X0P5M_A9TR
       XNOR3_X0P7M_A9TR
       XNOR3_X1M_A9TR
       XNOR3_X1P4M_A9TR
       XNOR3_X2M_A9TR
       XNOR3_X3M_A9TR
       XNOR3_X4M_A9TR
       XOR3_X1P4M_A9TR
       XOR3_X2M_A9TR
       XOR3_X3M_A9TR
       XOR3_X4M_A9TR
       A2SDFFQN_X0P5M_A9TL
       A2SDFFQN_X1M_A9TL
       A2SDFFQN_X2M_A9TL
       A2SDFFQN_X3M_A9TL
       A2SDFFQ_X0P5M_A9TL
       A2SDFFQ_X1M_A9TL
       A2SDFFQ_X2M_A9TL
       A2SDFFQ_X3M_A9TL
       A2SDFFQ_X4M_A9TL
       ADDFCIN_X1M_A9TL
       ADDFCIN_X1P4M_A9TL
       ADDFCIN_X2M_A9TL
       AND2_X0P5B_A9TL
       AND2_X0P7B_A9TL
       AND2_X11M_A9TL
       AND2_X3M_A9TL
       AND2_X6M_A9TL
       AND2_X8M_A9TL
       AND3_X0P5M_A9TL
       AND3_X0P7M_A9TL
       AND3_X11M_A9TL
       AND3_X1M_A9TL
       AND3_X8M_A9TL
       AND4_X0P5M_A9TL
       AND4_X0P7M_A9TL
       AND4_X1M_A9TL
       AND4_X1P4M_A9TL
       AND4_X2M_A9TL
       AND4_X3M_A9TL
       AND4_X4M_A9TL
       AND4_X6M_A9TL
       AND4_X8M_A9TL
       ANTENNA1_A9TL
       AO1B2_X0P5M_A9TL
       AO1B2_X0P7M_A9TL
       AO1B2_X1M_A9TL
       AO1B2_X3M_A9TL
       AO21A1AI2_X0P5M_A9TL
       AO21A1AI2_X0P7M_A9TL
       AO21A1AI2_X1P4M_A9TL
       AO21B_X1P4M_A9TL
       AO21B_X6M_A9TL
       AO22_X0P5M_A9TL
       AO22_X3M_A9TL
       AO22_X4M_A9TL
       AO22_X6M_A9TL
       AOI211_X0P5M_A9TL
       AOI211_X1P4M_A9TL
       AOI21B_X0P5M_A9TL
       AOI21B_X0P7M_A9TL
       AOI21B_X8M_A9TL
       AOI21_X0P5M_A9TL
       AOI221_X0P5M_A9TL
       AOI221_X0P7M_A9TL
       AOI221_X1M_A9TL
       AOI221_X1P4M_A9TL
       AOI221_X2M_A9TL
       AOI221_X3M_A9TL
       AOI221_X4M_A9TL
       AOI222_X0P5M_A9TL
       AOI222_X0P7M_A9TL
       AOI222_X1M_A9TL
       AOI222_X1P4M_A9TL
       AOI222_X2M_A9TL
       AOI222_X3M_A9TL
       AOI222_X4M_A9TL
       AOI22BB_X0P5M_A9TL
       AOI22BB_X8M_A9TL
       AOI22_X8M_A9TL
       AOI2XB1_X0P5M_A9TL
       AOI2XB1_X8M_A9TL
       AOI31_X0P5M_A9TL
       AOI31_X0P7M_A9TL
       AOI31_X1P4M_A9TL
       AOI32_X0P5M_A9TL
       AOI32_X0P7M_A9TL
       AOI32_X1M_A9TL
       AOI32_X1P4M_A9TL
       AOI32_X2M_A9TL
       AOI32_X3M_A9TL
       AOI32_X4M_A9TL
       AOI32_X6M_A9TL
       BENC_X11M_A9TL
       BENC_X16M_A9TL
       BENC_X2M_A9TL
       BENC_X3M_A9TL
       BENC_X4M_A9TL
       BENC_X6M_A9TL
       BENC_X8M_A9TL
       BMXIT_X0P7M_A9TL
       BMXIT_X1M_A9TL
       BMXIT_X1P4M_A9TL
       BMXIT_X2M_A9TL
       BMXT_X0P7M_A9TL
       BMXT_X1M_A9TL
       BMXT_X1P4M_A9TL
       BMXT_X2M_A9TL
       BUFH_X0P7M_A9TL
       BUFH_X0P8M_A9TL
       BUFH_X11M_A9TL
       BUFH_X16M_A9TL
       BUFZ_X11M_A9TL
       BUFZ_X16M_A9TL
       BUFZ_X1M_A9TL
       BUFZ_X1P4M_A9TL
       BUFZ_X2M_A9TL
       BUFZ_X3M_A9TL
       BUFZ_X4M_A9TL
       BUFZ_X6M_A9TL
       BUFZ_X8M_A9TL
       BUF_X0P7B_A9TL
       BUF_X0P7M_A9TL
       BUF_X0P8M_A9TL
       BUF_X11B_A9TL
       BUF_X11M_A9TL
       BUF_X13B_A9TL
       BUF_X13M_A9TL
       BUF_X16B_A9TL
       BUF_X16M_A9TL
       BUF_X1M_A9TL
       BUF_X1P2B_A9TL
       BUF_X1P2M_A9TL
       BUF_X1P4B_A9TL
       BUF_X1P4M_A9TL
       BUF_X1P7B_A9TL
       BUF_X1P7M_A9TL
       BUF_X2P5B_A9TL
       BUF_X3B_A9TL
       BUF_X3P5B_A9TL
       BUF_X4B_A9TL
       BUF_X5B_A9TL
       BUF_X6B_A9TL
       BUF_X7P5B_A9TL
       BUF_X9B_A9TL
       CGENCIN_X1P4M_A9TL
       CGENCIN_X2M_A9TL
       CGENCON_X1M_A9TL
       CGENCON_X1P4M_A9TL
       CGENCON_X2M_A9TL
       CMPR42_X1M_A9TL
       CMPR42_X1P4M_A9TL
       CMPR42_X2M_A9TL
       DFFNQ_X1M_A9TL
       DFFNQ_X2M_A9TL
       DFFNQ_X3M_A9TL
       DFFNSRPQ_X1M_A9TL
       DFFNSRPQ_X2M_A9TL
       DFFNSRPQ_X3M_A9TL
       DFFQN_X0P5M_A9TL
       DFFQN_X1M_A9TL
       DFFQN_X2M_A9TL
       DFFQN_X3M_A9TL
       DFFQ_X0P5M_A9TL
       DFFQ_X1M_A9TL
       DFFQ_X2M_A9TL
       DFFQ_X3M_A9TL
       DFFQ_X4M_A9TL
       DFFRPQN_X0P5M_A9TL
       DFFRPQN_X1M_A9TL
       DFFRPQN_X2M_A9TL
       DFFRPQN_X3M_A9TL
       DFFRPQ_X0P5M_A9TL
       DFFSQN_X0P5M_A9TL
       DFFSQN_X1M_A9TL
       DFFSQN_X2M_A9TL
       DFFSQN_X3M_A9TL
       DFFSQ_X0P5M_A9TL
       DFFSQ_X1M_A9TL
       DFFSQ_X2M_A9TL
       DFFSQ_X3M_A9TL
       DFFSQ_X4M_A9TL
       DFFSRPQ_X0P5M_A9TL
       DFFSRPQ_X1M_A9TL
       DFFSRPQ_X2M_A9TL
       DFFSRPQ_X3M_A9TL
       DFFSRPQ_X4M_A9TL
       DLY2_X0P5M_A9TL
       DLY2_X1M_A9TL
       DLY4_X0P5M_A9TL
       DLY4_X1M_A9TL
       DLYCLK8S2_X1B_A9TL
       DLYCLK8S4_X1B_A9TL
       DLYCLK8S6_X1B_A9TL
       DLYCLK8S8_X1B_A9TL
       ENDCAPTIE3_A9TL
       ESDFFQN_X0P5M_A9TL
       ESDFFQN_X1M_A9TL
       ESDFFQN_X2M_A9TL
       ESDFFQN_X3M_A9TL
       ESDFFQ_X0P5M_A9TL
       ESDFFQ_X1M_A9TL
       ESDFFQ_X2M_A9TL
       ESDFFQ_X3M_A9TL
       FILL128_A9TL
       FILL16_A9TL
       FILL1_A9TL
       FILL2_A9TL
       FILL32_A9TL
       FILL4_A9TL
       FILL64_A9TL
       FILL8_A9TL
       FILLCAP128_A9TL
       FILLCAP16_A9TL
       FILLCAP32_A9TL
       FILLCAP4_A9TL
       FILLCAP64_A9TL
       FILLCAP8_A9TL
       FILLSGCAP128_A9TL
       FILLSGCAP16_A9TL
       FILLSGCAP32_A9TL
       FILLSGCAP4_A9TL
       FILLSGCAP64_A9TL
       FILLSGCAP8_A9TL
       FILLTIE128_A9TL
       FILLTIE16_A9TL
       FILLTIE32_A9TL
       FILLTIE3_A9TL
       FILLTIE4_A9TL
       FILLTIE64_A9TL
       FILLTIE8_A9TL
       FRICG_X0P5B_A9TL
       FRICG_X0P6B_A9TL
       FRICG_X0P7B_A9TL
       FRICG_X0P8B_A9TL
       FRICG_X11B_A9TL
       FRICG_X13B_A9TL
       FRICG_X16B_A9TL
       FRICG_X1B_A9TL
       FRICG_X1P2B_A9TL
       FRICG_X1P4B_A9TL
       FRICG_X1P7B_A9TL
       FRICG_X2B_A9TL
       FRICG_X2P5B_A9TL
       FRICG_X3B_A9TL
       FRICG_X3P5B_A9TL
       FRICG_X4B_A9TL
       FRICG_X5B_A9TL
       FRICG_X6B_A9TL
       FRICG_X7P5B_A9TL
       FRICG_X9B_A9TL
       INV_X0P5B_A9TL
       INV_X0P5M_A9TL
       INV_X0P7B_A9TL
       INV_X0P8B_A9TL
       INV_X11B_A9TL
       INV_X13B_A9TL
       INV_X13M_A9TL
       INV_X16B_A9TL
       INV_X1B_A9TL
       INV_X1P2B_A9TL
       INV_X1P4B_A9TL
       INV_X1P4M_A9TL
       INV_X2B_A9TL
       INV_X3B_A9TL
       INV_X4B_A9TL
       INV_X5B_A9TL
       INV_X6B_A9TL
       INV_X9B_A9TL
       LATNQN_X0P5M_A9TL
       LATNQN_X1M_A9TL
       LATNQN_X2M_A9TL
       LATNQN_X3M_A9TL
       LATNQN_X4M_A9TL
       LATNQ_X0P5M_A9TL
       LATNQ_X1M_A9TL
       LATNQ_X2M_A9TL
       LATNQ_X3M_A9TL
       LATNRPQN_X0P5M_A9TL
       LATNRPQN_X1M_A9TL
       LATNRPQN_X2M_A9TL
       LATNRPQN_X3M_A9TL
       LATNRPQN_X4M_A9TL
       LATNRQ_X0P5M_A9TL
       LATNRQ_X1M_A9TL
       LATNRQ_X2M_A9TL
       LATNRQ_X3M_A9TL
       LATNSPQ_X0P5M_A9TL
       LATNSPQ_X1M_A9TL
       LATNSPQ_X2M_A9TL
       LATNSPQ_X3M_A9TL
       LATNSQN_X0P5M_A9TL
       LATNSQN_X1M_A9TL
       LATNSQN_X2M_A9TL
       LATNSQN_X3M_A9TL
       LATNSQN_X4M_A9TL
       LATQN_X0P5M_A9TL
       LATQN_X1M_A9TL
       LATQN_X2M_A9TL
       LATQN_X3M_A9TL
       LATQN_X4M_A9TL
       LATQ_X0P5M_A9TL
       LATQ_X1M_A9TL
       LATQ_X2M_A9TL
       LATQ_X3M_A9TL
       LATRPQN_X0P5M_A9TL
       LATRPQN_X1M_A9TL
       LATRPQN_X2M_A9TL
       LATRPQN_X3M_A9TL
       LATRPQN_X4M_A9TL
       LATRQ_X0P5M_A9TL
       LATRQ_X1M_A9TL
       LATRQ_X2M_A9TL
       LATRQ_X3M_A9TL
       LATSPQ_X0P5M_A9TL
       LATSPQ_X1M_A9TL
       LATSPQ_X2M_A9TL
       LATSPQ_X3M_A9TL
       LATSQN_X0P5M_A9TL
       LATSQN_X1M_A9TL
       LATSQN_X2M_A9TL
       LATSQN_X3M_A9TL
       LATSQN_X4M_A9TL
       M2SDFFQN_X0P5M_A9TL
       M2SDFFQN_X1M_A9TL
       M2SDFFQN_X2M_A9TL
       M2SDFFQN_X3M_A9TL
       M2SDFFQ_X0P5M_A9TL
       M2SDFFQ_X1M_A9TL
       M2SDFFQ_X2M_A9TL
       M2SDFFQ_X3M_A9TL
       M2SDFFQ_X4M_A9TL
       MX2_X0P5B_A9TL
       MX2_X0P7B_A9TL
       MX2_X1B_A9TL
       MX2_X1P4B_A9TL
       MX2_X2B_A9TL
       MX2_X6B_A9TL
       MX2_X8B_A9TL
       MXGL2_X0P5B_A9TL
       MXGL2_X0P7B_A9TL
       MXGL2_X1B_A9TL
       MXGL2_X1P4B_A9TL
       MXGL2_X2B_A9TL
       MXGL2_X3B_A9TL
       MXGL2_X4B_A9TL
       MXGL2_X6B_A9TL
       MXIT2_X0P5M_A9TL
       MXIT4_X0P5M_A9TL
       MXIT4_X0P7M_A9TL
       MXIT4_X1M_A9TL
       MXIT4_X1P4M_A9TL
       MXIT4_X2M_A9TL
       MXIT4_X3M_A9TL
       MXT2_X0P5B_A9TL
       MXT2_X0P7B_A9TL
       MXT2_X1B_A9TL
       MXT2_X1M_A9TL
       MXT2_X1P4B_A9TL
       MXT2_X2B_A9TL
       MXT2_X3B_A9TL
       MXT2_X4B_A9TL
       MXT2_X6B_A9TL
       MXT4_X0P5M_A9TL
       MXT4_X0P7M_A9TL
       MXT4_X1M_A9TL
       MXT4_X1P4M_A9TL
       MXT4_X2M_A9TL
       MXT4_X3M_A9TL
       NAND2B_X0P7M_A9TL
       NAND2B_X1M_A9TL
       NAND2XB_X0P5M_A9TL
       NAND2_X0P5B_A9TL
       NAND2_X0P5M_A9TL
       NAND2_X0P7B_A9TL
       NAND2_X0P7M_A9TL
       NAND2_X1B_A9TL
       NAND2_X1M_A9TL
       NAND2_X1P4M_A9TL
       NAND2_X2A_A9TL
       NAND2_X2B_A9TL
       NAND2_X3A_A9TL
       NAND2_X3B_A9TL
       NAND2_X4A_A9TL
       NAND2_X4B_A9TL
       NAND2_X6A_A9TL
       NAND2_X6B_A9TL
       NAND2_X8A_A9TL
       NAND2_X8B_A9TL
       NAND3BB_X0P5M_A9TL
       NAND3BB_X0P7M_A9TL
       NAND3BB_X8M_A9TL
       NAND3B_X0P5M_A9TL
       NAND3B_X0P7M_A9TL
       NAND3B_X1P4M_A9TL
       NAND3B_X4M_A9TL
       NAND3B_X6M_A9TL
       NAND3XXB_X0P5M_A9TL
       NAND3XXB_X0P7M_A9TL
       NAND3XXB_X1P4M_A9TL
       NAND3XXB_X3M_A9TL
       NAND3XXB_X6M_A9TL
       NAND3_X0P5A_A9TL
       NAND3_X0P5M_A9TL
       NAND3_X0P7A_A9TL
       NAND3_X0P7M_A9TL
       NAND3_X1P4A_A9TL
       NAND3_X1P4M_A9TL
       NAND4BB_X0P5M_A9TL
       NAND4BB_X0P7M_A9TL
       NAND4BB_X1P4M_A9TL
       NAND4BB_X2M_A9TL
       NAND4BB_X3M_A9TL
       NAND4BB_X6M_A9TL
       NAND4B_X0P5M_A9TL
       NAND4B_X0P7M_A9TL
       NAND4B_X1M_A9TL
       NAND4B_X1P4M_A9TL
       NAND4B_X2M_A9TL
       NAND4B_X3M_A9TL
       NAND4B_X4M_A9TL
       NAND4XXXB_X0P5M_A9TL
       NAND4XXXB_X0P7M_A9TL
       NAND4XXXB_X1M_A9TL
       NAND4XXXB_X1P4M_A9TL
       NAND4XXXB_X2M_A9TL
       NAND4XXXB_X4M_A9TL
       NAND4_X0P5A_A9TL
       NAND4_X0P5M_A9TL
       NAND4_X0P7A_A9TL
       NAND4_X0P7M_A9TL
       NAND4_X1M_A9TL
       NAND4_X1P4A_A9TL
       NAND4_X1P4M_A9TL
       NAND4_X2M_A9TL
       NAND4_X4M_A9TL
       NOR2B_X0P5M_A9TL
       NOR2XB_X0P5M_A9TL
       NOR2XB_X6M_A9TL
       NOR2XB_X8M_A9TL
       NOR2_X0P5M_A9TL
       NOR2_X0P7A_A9TL
       NOR2_X0P7B_A9TL
       NOR2_X1B_A9TL
       NOR2_X1P4A_A9TL
       NOR2_X8M_A9TL
       NOR3BB_X0P5M_A9TL
       NOR3BB_X1P4M_A9TL
       NOR3_X0P5M_A9TL
       NOR3_X0P7A_A9TL
       NOR3_X0P7M_A9TL
       NOR3_X1M_A9TL
       NOR3_X1P4A_A9TL
       NOR3_X1P4M_A9TL
       NOR4BB_X0P5M_A9TL
       NOR4BB_X1M_A9TL
       NOR4BB_X1P4M_A9TL
       NOR4BB_X2M_A9TL
       NOR4BB_X3M_A9TL
       NOR4BB_X4M_A9TL
       OA1B2_X0P5M_A9TL
       OA1B2_X1M_A9TL
       OA1B2_X8M_A9TL
       OA211_X0P5M_A9TL
       OA211_X0P7M_A9TL
       OA211_X6M_A9TL
       OA21A1OI2_X1M_A9TL
       OA21B_X0P5M_A9TL
       OA21B_X0P7M_A9TL
       OA21B_X1P4M_A9TL
       OA21B_X8M_A9TL
       OA21_X0P5M_A9TL
       OA21_X8M_A9TL
       OA22_X0P5M_A9TL
       OA22_X6M_A9TL
       OA22_X8M_A9TL
       OAI211_X0P5M_A9TL
       OAI21B_X0P5M_A9TL
       OAI21B_X0P7M_A9TL
       OAI21B_X4M_A9TL
       OAI21B_X8M_A9TL
       OAI21_X0P5M_A9TL
       OAI221_X0P5M_A9TL
       OAI221_X0P7M_A9TL
       OAI221_X1M_A9TL
       OAI221_X1P4M_A9TL
       OAI221_X2M_A9TL
       OAI221_X3M_A9TL
       OAI221_X4M_A9TL
       OAI222_X0P5M_A9TL
       OAI222_X0P7M_A9TL
       OAI222_X1M_A9TL
       OAI222_X1P4M_A9TL
       OAI222_X2M_A9TL
       OAI222_X3M_A9TL
       OAI222_X4M_A9TL
       OAI22BB_X0P5M_A9TL
       OAI22BB_X0P7M_A9TL
       OAI22BB_X8M_A9TL
       OAI22_X8M_A9TL
       OAI2XB1_X0P5M_A9TL
       OAI31_X0P5M_A9TL
       OAI31_X1M_A9TL
       OAI31_X1P4M_A9TL
       OAI31_X4M_A9TL
       OR2_X0P5B_A9TL
       OR2_X0P7B_A9TL
       OR2_X11B_A9TL
       OR2_X11M_A9TL
       OR2_X4M_A9TL
       OR2_X6B_A9TL
       OR2_X8B_A9TL
       OR3_X0P5M_A9TL
       OR3_X1M_A9TL
       OR3_X1P4M_A9TL
       OR3_X2M_A9TL
       OR3_X4M_A9TL
       OR3_X6M_A9TL
       OR3_X8M_A9TL
       OR4_X0P5M_A9TL
       OR4_X0P7M_A9TL
       OR4_X1M_A9TL
       OR4_X1P4M_A9TL
       OR4_X2M_A9TL
       OR4_X4M_A9TL
       OR4_X6M_A9TL
       OR4_X8M_A9TL
       OR6_X0P5M_A9TL
       OR6_X0P7M_A9TL
       OR6_X1M_A9TL
       OR6_X1P4M_A9TL
       OR6_X2M_A9TL
       OR6_X3M_A9TL
       OR6_X4M_A9TL
       OR6_X6M_A9TL
       POSTICG_X0P5B_A9TL
       POSTICG_X0P6B_A9TL
       POSTICG_X0P7B_A9TL
       POSTICG_X0P8B_A9TL
       POSTICG_X11B_A9TL
       POSTICG_X13B_A9TL
       POSTICG_X16B_A9TL
       POSTICG_X1B_A9TL
       POSTICG_X1P2B_A9TL
       POSTICG_X1P4B_A9TL
       POSTICG_X1P7B_A9TL
       POSTICG_X2B_A9TL
       POSTICG_X2P5B_A9TL
       POSTICG_X3B_A9TL
       POSTICG_X3P5B_A9TL
       POSTICG_X4B_A9TL
       POSTICG_X5B_A9TL
       POSTICG_X6B_A9TL
       POSTICG_X7P5B_A9TL
       POSTICG_X9B_A9TL
       PREICG_X0P5B_A9TL
       PREICG_X0P6B_A9TL
       PREICG_X0P7B_A9TL
       PREICG_X0P8B_A9TL
       PREICG_X11B_A9TL
       PREICG_X13B_A9TL
       PREICG_X16B_A9TL
       PREICG_X1B_A9TL
       PREICG_X1P2B_A9TL
       PREICG_X1P4B_A9TL
       PREICG_X1P7B_A9TL
       PREICG_X2B_A9TL
       PREICG_X2P5B_A9TL
       PREICG_X3B_A9TL
       PREICG_X3P5B_A9TL
       PREICG_X4B_A9TL
       PREICG_X5B_A9TL
       PREICG_X6B_A9TL
       PREICG_X7P5B_A9TL
       PREICG_X9B_A9TL
       RF1R1WS_X1M_A9TL
       RF1R1WS_X1P4M_A9TL
       RF1R1WS_X2M_A9TL
       RF1R2WS_X1M_A9TL
       RF1R2WS_X1P4M_A9TL
       RF1R2WS_X2M_A9TL
       RF2R1WS_X1M_A9TL
       RF2R1WS_X1P4M_A9TL
       RF2R1WS_X2M_A9TL
       RF2R2WS_X1M_A9TL
       RF2R2WS_X1P4M_A9TL
       RF2R2WS_X2M_A9TL
       SDFFNQ_X1M_A9TL
       SDFFNQ_X2M_A9TL
       SDFFNQ_X3M_A9TL
       SDFFNRPQ_X1M_A9TL
       SDFFNRPQ_X2M_A9TL
       SDFFNRPQ_X3M_A9TL
       SDFFNSQ_X1M_A9TL
       SDFFNSQ_X2M_A9TL
       SDFFNSQ_X3M_A9TL
       SDFFNSRPQ_X1M_A9TL
       SDFFNSRPQ_X2M_A9TL
       SDFFNSRPQ_X3M_A9TL
       SDFFQN_X0P5M_A9TL
       SDFFQN_X1M_A9TL
       SDFFQN_X2M_A9TL
       SDFFQN_X3M_A9TL
       SDFFQ_X0P5M_A9TL
       SDFFQ_X1M_A9TL
       SDFFQ_X2M_A9TL
       SDFFQ_X3M_A9TL
       SDFFQ_X4M_A9TL
       SDFFRPQN_X0P5M_A9TL
       SDFFRPQN_X1M_A9TL
       SDFFRPQN_X2M_A9TL
       SDFFRPQN_X3M_A9TL
       SDFFRPQ_X0P5M_A9TL
       SDFFRPQ_X1M_A9TL
       SDFFRPQ_X2M_A9TL
       SDFFRPQ_X3M_A9TL
       SDFFRPQ_X4M_A9TL
       SDFFSQN_X0P5M_A9TL
       SDFFSQN_X1M_A9TL
       SDFFSQN_X2M_A9TL
       SDFFSQN_X3M_A9TL
       SDFFSQ_X0P5M_A9TL
       SDFFSQ_X1M_A9TL
       SDFFSQ_X2M_A9TL
       SDFFSQ_X3M_A9TL
       SDFFSQ_X4M_A9TL
       SDFFSRPQ_X0P5M_A9TL
       SDFFSRPQ_X1M_A9TL
       SDFFSRPQ_X2M_A9TL
       SDFFSRPQ_X3M_A9TL
       SDFFSRPQ_X4M_A9TL
       SDFFYQ_X1M_A9TL
       SDFFYQ_X2M_A9TL
       SDFFYQ_X3M_A9TL
       SDFFYQ_X4M_A9TL
       TIELO_X1M_A9TL
       XNOR3_X0P5M_A9TL
       XNOR3_X0P7M_A9TL
       XNOR3_X1P4M_A9TL
       XNOR3_X2M_A9TL
       XNOR3_X3M_A9TL
       XOR3_X0P5M_A9TL
TimeScale is 1 ns / 1 ps

Warning-[TFIPC] Too few instance port connections
MODP_NTT2_SYN.v, 89228
MODP_NTT2, "ADDH_X1M_A9TR U49264( .A (n84642),  .B (genblk1_8__u_RADIX2_cnt_reg[9]),  .S (n84666));"
  The above instance has fewer port connections than the module definition.
  Please use '+lint=TFIPC-L' to print out detailed information of unconnected 
  ports.


Warning-[TFIPC] Too few instance port connections
MODP_NTT2_SYN.v, 91288
MODP_NTT2, "ADDH_X1M_A9TL U50914( .A (n81588),  .B (n93078),  .S (n81589));"
  The above instance has fewer port connections than the module definition.
  Please use '+lint=TFIPC-L' to print out detailed information of unconnected 
  ports.


Warning-[TFIPC] Too few instance port connections
MODP_NTT2_SYN.v, 110199
MODP_NTT2, "ADDF_X1M_A9TL U65777( .A (n61343),  .B (n61344),  .CI (n61342),  .S (n62883));"
  The above instance has fewer port connections than the module definition.
  Please use '+lint=TFIPC-L' to print out detailed information of unconnected 
  ports.


Warning-[TFIPC] Too few instance port connections
MODP_NTT2_SYN.v, 116110
MODP_NTT2, "ADDH_X1M_A9TL U70442( .A (n79419),  .B (n79418),  .S (n79420));"
  The above instance has fewer port connections than the module definition.
  Please use '+lint=TFIPC-L' to print out detailed information of unconnected 
  ports.


Warning-[TFIPC] Too few instance port connections
MODP_NTT2_SYN.v, 117317
MODP_NTT2, "ADDF_X1M_A9TL U71464( .A (n78316),  .B (n78315),  .CI (n78314),  .S (n78317));"
  The above instance has fewer port connections than the module definition.
  Please use '+lint=TFIPC-L' to print out detailed information of unconnected 
  ports.


Warning-[TFIPC] Too few instance port connections
MODP_NTT2_SYN.v, 139740
MODP_NTT2, "ADDF_X1M_A9TL U86850( .A (n78395),  .B (n78394),  .CI (n78393),  .S (n78396));"
  The above instance has fewer port connections than the module definition.
  Please use '+lint=TFIPC-L' to print out detailed information of unconnected 
  ports.


Warning-[TFIPC] Too few instance port connections
MODP_NTT2_SYN.v, 171080
MODP_NTT2, "ADDF_X1M_A9TH U104889( .A (n78290),  .B (n78289),  .CI (n78288),  .S (n78291));"
  The above instance has fewer port connections than the module definition.
  Please use '+lint=TFIPC-L' to print out detailed information of unconnected 
  ports.


Warning-[TFIPC] Too few instance port connections
MODP_NTT2_SYN.v, 171116
MODP_NTT2, "ADDF_X1M_A9TH U104912( .A (n78344),  .B (n78343),  .CI (n78342),  .S (n78345));"
  The above instance has fewer port connections than the module definition.
  Please use '+lint=TFIPC-L' to print out detailed information of unconnected 
  ports.


Warning-[TFIPC] Too few instance port connections
MODP_NTT2_SYN.v, 171649
MODP_NTT2, "ADDF_X1M_A9TH U105197( .A (n79413),  .B (n79412),  .CI (n79411),  .S (n79414));"
  The above instance has fewer port connections than the module definition.
  Please use '+lint=TFIPC-L' to print out detailed information of unconnected 
  ports.


Warning-[DDTC] Duplicate Timing Check is disabled
/home/daniel_kuo/CBDK_TSMC40_Arm_f2.0/CIC/Verilog/sc9_cln40g_base_rvt_neg.v, 58984
  The below duplicate timing check will be disabled:
  $recrem(negedge R, negedge CKN &&& (ENABLE_D_AND_SN == 1'b1), 
  1.0000000000000000, 0.50000000000000000, NOTIFIER, , , dR, dCKN);


Warning-[DDTC] Duplicate Timing Check is disabled
/home/daniel_kuo/CBDK_TSMC40_Arm_f2.0/CIC/Verilog/sc9_cln40g_base_rvt_neg.v, 58989
  The below duplicate timing check will be disabled:
  $recrem(posedge SN, negedge CKN &&& (ENABLE_NOT_D_AND_NOT_R == 1'b1), 
  1.0000000000000000, 0.50000000000000000, NOTIFIER, , , dSN, dCKN);


Warning-[DDTC] Duplicate Timing Check is disabled
/home/daniel_kuo/CBDK_TSMC40_Arm_f2.0/CIC/Verilog/sc9_cln40g_base_rvt_neg.v, 59089
  The below duplicate timing check will be disabled:
  $recrem(negedge R, negedge CKN &&& (ENABLE_D_AND_SN == 1'b1), 
  1.0000000000000000, 0.50000000000000000, NOTIFIER, , , dR, dCKN);


Warning-[DDTC] Duplicate Timing Check is disabled
/home/daniel_kuo/CBDK_TSMC40_Arm_f2.0/CIC/Verilog/sc9_cln40g_base_rvt_neg.v, 59094
  The below duplicate timing check will be disabled:
  $recrem(posedge SN, negedge CKN &&& (ENABLE_NOT_D_AND_NOT_R == 1'b1), 
  1.0000000000000000, 0.50000000000000000, NOTIFIER, , , dSN, dCKN);


Warning-[DDTC] Duplicate Timing Check is disabled
/home/daniel_kuo/CBDK_TSMC40_Arm_f2.0/CIC/Verilog/sc9_cln40g_base_rvt_neg.v, 59194
  The below duplicate timing check will be disabled:
  $recrem(negedge R, negedge CKN &&& (ENABLE_D_AND_SN == 1'b1), 
  1.0000000000000000, 0.50000000000000000, NOTIFIER, , , dR, dCKN);


Warning-[DDTC] Duplicate Timing Check is disabled
/home/daniel_kuo/CBDK_TSMC40_Arm_f2.0/CIC/Verilog/sc9_cln40g_base_rvt_neg.v, 59199
  The below duplicate timing check will be disabled:
  $recrem(posedge SN, negedge CKN &&& (ENABLE_NOT_D_AND_NOT_R == 1'b1), 
  1.0000000000000000, 0.50000000000000000, NOTIFIER, , , dSN, dCKN);


Warning-[DDTC] Duplicate Timing Check is disabled
/home/daniel_kuo/CBDK_TSMC40_Arm_f2.0/CIC/Verilog/sc9_cln40g_base_rvt_neg.v, 65129
  The below duplicate timing check will be disabled:
  $recrem(negedge R, negedge G &&& (ENABLE_D == 1'b1), 1.0000000000000000, 
  0.50000000000000000, NOTIFIER, , , dR, dG);


Warning-[DDTC] Duplicate Timing Check is disabled
/home/daniel_kuo/CBDK_TSMC40_Arm_f2.0/CIC/Verilog/sc9_cln40g_base_rvt_neg.v, 65181
  The below duplicate timing check will be disabled:
  $recrem(negedge R, negedge G &&& (ENABLE_D == 1'b1), 1.0000000000000000, 
  0.50000000000000000, NOTIFIER, , , dR, dG);


Warning-[DDTC] Duplicate Timing Check is disabled
/home/daniel_kuo/CBDK_TSMC40_Arm_f2.0/CIC/Verilog/sc9_cln40g_base_rvt_neg.v, 65233
  The below duplicate timing check will be disabled:
  $recrem(negedge R, negedge G &&& (ENABLE_D == 1'b1), 1.0000000000000000, 
  0.50000000000000000, NOTIFIER, , , dR, dG);


Warning-[DDTC] Duplicate Timing Check is disabled
/home/daniel_kuo/CBDK_TSMC40_Arm_f2.0/CIC/Verilog/sc9_cln40g_base_rvt_neg.v, 65285
  The below duplicate timing check will be disabled:
  $recrem(negedge R, negedge G &&& (ENABLE_D == 1'b1), 1.0000000000000000, 
  0.50000000000000000, NOTIFIER, , , dR, dG);


Warning-[DDTC] Duplicate Timing Check is disabled
/home/daniel_kuo/CBDK_TSMC40_Arm_f2.0/CIC/Verilog/sc9_cln40g_base_rvt_neg.v, 65337
  The below duplicate timing check will be disabled:
  $recrem(negedge R, negedge G &&& (ENABLE_D == 1'b1), 1.0000000000000000, 
  0.50000000000000000, NOTIFIER, , , dR, dG);


Warning-[DDTC] Duplicate Timing Check is disabled
/home/daniel_kuo/CBDK_TSMC40_Arm_f2.0/CIC/Verilog/sc9_cln40g_base_rvt_neg.v, 65389
  The below duplicate timing check will be disabled:
  $recrem(posedge RN, negedge G &&& (ENABLE_D == 1'b1), 1.0000000000000000, 
  0.50000000000000000, NOTIFIER, , , dRN, dG);


Warning-[DDTC] Duplicate Timing Check is disabled
/home/daniel_kuo/CBDK_TSMC40_Arm_f2.0/CIC/Verilog/sc9_cln40g_base_rvt_neg.v, 65441
  The below duplicate timing check will be disabled:
  $recrem(posedge RN, negedge G &&& (ENABLE_D == 1'b1), 1.0000000000000000, 
  0.50000000000000000, NOTIFIER, , , dRN, dG);


Warning-[DDTC] Duplicate Timing Check is disabled
/home/daniel_kuo/CBDK_TSMC40_Arm_f2.0/CIC/Verilog/sc9_cln40g_base_rvt_neg.v, 65493
  The below duplicate timing check will be disabled:
  $recrem(posedge RN, negedge G &&& (ENABLE_D == 1'b1), 1.0000000000000000, 
  0.50000000000000000, NOTIFIER, , , dRN, dG);


Warning-[DDTC] Duplicate Timing Check is disabled
/home/daniel_kuo/CBDK_TSMC40_Arm_f2.0/CIC/Verilog/sc9_cln40g_base_rvt_neg.v, 65545
  The below duplicate timing check will be disabled:
  $recrem(posedge RN, negedge G &&& (ENABLE_D == 1'b1), 1.0000000000000000, 
  0.50000000000000000, NOTIFIER, , , dRN, dG);


Warning-[DDTC] Duplicate Timing Check is disabled
/home/daniel_kuo/CBDK_TSMC40_Arm_f2.0/CIC/Verilog/sc9_cln40g_base_rvt_neg.v, 65597
  The below duplicate timing check will be disabled:
  $recrem(negedge S, negedge G &&& (ENABLE_NOT_D == 1'b1), 1.0000000000000000,
  0.50000000000000000, NOTIFIER, , , dS, dG);


Warning-[DDTC] Duplicate Timing Check is disabled
/home/daniel_kuo/CBDK_TSMC40_Arm_f2.0/CIC/Verilog/sc9_cln40g_base_rvt_neg.v, 65649
  The below duplicate timing check will be disabled:
  $recrem(negedge S, negedge G &&& (ENABLE_NOT_D == 1'b1), 1.0000000000000000,
  0.50000000000000000, NOTIFIER, , , dS, dG);


Warning-[DDTC] Duplicate Timing Check is disabled
/home/daniel_kuo/CBDK_TSMC40_Arm_f2.0/CIC/Verilog/sc9_cln40g_base_rvt_neg.v, 65701
  The below duplicate timing check will be disabled:
  $recrem(negedge S, negedge G &&& (ENABLE_NOT_D == 1'b1), 1.0000000000000000,
  0.50000000000000000, NOTIFIER, , , dS, dG);


Warning-[DDTC] Duplicate Timing Check is disabled
/home/daniel_kuo/CBDK_TSMC40_Arm_f2.0/CIC/Verilog/sc9_cln40g_base_rvt_neg.v, 65753
  The below duplicate timing check will be disabled:
  $recrem(negedge S, negedge G &&& (ENABLE_NOT_D == 1'b1), 1.0000000000000000,
  0.50000000000000000, NOTIFIER, , , dS, dG);


Warning-[DDTC] Duplicate Timing Check is disabled
/home/daniel_kuo/CBDK_TSMC40_Arm_f2.0/CIC/Verilog/sc9_cln40g_base_rvt_neg.v, 65805
  The below duplicate timing check will be disabled:
  $recrem(posedge SN, negedge G &&& (ENABLE_NOT_D == 1'b1), 
  1.0000000000000000, 0.50000000000000000, NOTIFIER, , , dSN, dG);


Warning-[DDTC] Duplicate Timing Check is disabled
/home/daniel_kuo/CBDK_TSMC40_Arm_f2.0/CIC/Verilog/sc9_cln40g_base_rvt_neg.v, 65857
  The below duplicate timing check will be disabled:
  $recrem(posedge SN, negedge G &&& (ENABLE_NOT_D == 1'b1), 
  1.0000000000000000, 0.50000000000000000, NOTIFIER, , , dSN, dG);


Warning-[DDTC] Duplicate Timing Check is disabled
/home/daniel_kuo/CBDK_TSMC40_Arm_f2.0/CIC/Verilog/sc9_cln40g_base_rvt_neg.v, 65909
  The below duplicate timing check will be disabled:
  $recrem(posedge SN, negedge G &&& (ENABLE_NOT_D == 1'b1), 
  1.0000000000000000, 0.50000000000000000, NOTIFIER, , , dSN, dG);


Warning-[DDTC] Duplicate Timing Check is disabled
/home/daniel_kuo/CBDK_TSMC40_Arm_f2.0/CIC/Verilog/sc9_cln40g_base_rvt_neg.v, 65961
  The below duplicate timing check will be disabled:
  $recrem(posedge SN, negedge G &&& (ENABLE_NOT_D == 1'b1), 
  1.0000000000000000, 0.50000000000000000, NOTIFIER, , , dSN, dG);


Warning-[DDTC] Duplicate Timing Check is disabled
/home/daniel_kuo/CBDK_TSMC40_Arm_f2.0/CIC/Verilog/sc9_cln40g_base_rvt_neg.v, 66013
  The below duplicate timing check will be disabled:
  $recrem(posedge SN, negedge G &&& (ENABLE_NOT_D == 1'b1), 
  1.0000000000000000, 0.50000000000000000, NOTIFIER, , , dSN, dG);


Warning-[DDTC] Duplicate Timing Check is disabled
/home/daniel_kuo/CBDK_TSMC40_Arm_f2.0/CIC/Verilog/sc9_cln40g_base_rvt_neg.v, 84637
  The below duplicate timing check will be disabled:
  $recrem(negedge R, negedge CKN &&& (ENABLE_NOT_D_AND_SE_AND_SI == 1'b1), 
  1.0000000000000000, 0.50000000000000000, NOTIFIER, , , dR, dCKN);


Warning-[DDTC] Duplicate Timing Check is disabled
/home/daniel_kuo/CBDK_TSMC40_Arm_f2.0/CIC/Verilog/sc9_cln40g_base_rvt_neg.v, 84638
  The below duplicate timing check will be disabled:
  $recrem(negedge R, negedge CKN &&& (ENABLE_D_AND_NOT_SE_AND_NOT_SI == 1'b1),
  1.0000000000000000, 0.50000000000000000, NOTIFIER, , , dR, dCKN);


Warning-[DDTC] Duplicate Timing Check is disabled
/home/daniel_kuo/CBDK_TSMC40_Arm_f2.0/CIC/Verilog/sc9_cln40g_base_rvt_neg.v, 84639
  The below duplicate timing check will be disabled:
  $recrem(negedge R, negedge CKN &&& (ENABLE_D_AND_NOT_SE_AND_SI == 1'b1), 
  1.0000000000000000, 0.50000000000000000, NOTIFIER, , , dR, dCKN);


Warning-[DDTC] Duplicate Timing Check is disabled
/home/daniel_kuo/CBDK_TSMC40_Arm_f2.0/CIC/Verilog/sc9_cln40g_base_rvt_neg.v, 84640
  The below duplicate timing check will be disabled:
  $recrem(negedge R, negedge CKN &&& (ENABLE_D_AND_SE_AND_SI == 1'b1), 
  1.0000000000000000, 0.50000000000000000, NOTIFIER, , , dR, dCKN);


Warning-[DDTC] Duplicate Timing Check is disabled
/home/daniel_kuo/CBDK_TSMC40_Arm_f2.0/CIC/Verilog/sc9_cln40g_base_rvt_neg.v, 84825
  The below duplicate timing check will be disabled:
  $recrem(negedge R, negedge CKN &&& (ENABLE_NOT_D_AND_SE_AND_SI == 1'b1), 
  1.0000000000000000, 0.50000000000000000, NOTIFIER, , , dR, dCKN);


Warning-[DDTC] Duplicate Timing Check is disabled
/home/daniel_kuo/CBDK_TSMC40_Arm_f2.0/CIC/Verilog/sc9_cln40g_base_rvt_neg.v, 84826
  The below duplicate timing check will be disabled:
  $recrem(negedge R, negedge CKN &&& (ENABLE_D_AND_NOT_SE_AND_NOT_SI == 1'b1),
  1.0000000000000000, 0.50000000000000000, NOTIFIER, , , dR, dCKN);


Warning-[DDTC] Duplicate Timing Check is disabled
/home/daniel_kuo/CBDK_TSMC40_Arm_f2.0/CIC/Verilog/sc9_cln40g_base_rvt_neg.v, 84827
  The below duplicate timing check will be disabled:
  $recrem(negedge R, negedge CKN &&& (ENABLE_D_AND_NOT_SE_AND_SI == 1'b1), 
  1.0000000000000000, 0.50000000000000000, NOTIFIER, , , dR, dCKN);


Warning-[DDTC] Duplicate Timing Check is disabled
/home/daniel_kuo/CBDK_TSMC40_Arm_f2.0/CIC/Verilog/sc9_cln40g_base_rvt_neg.v, 84828
  The below duplicate timing check will be disabled:
  $recrem(negedge R, negedge CKN &&& (ENABLE_D_AND_SE_AND_SI == 1'b1), 
  1.0000000000000000, 0.50000000000000000, NOTIFIER, , , dR, dCKN);


Warning-[DDTC] Duplicate Timing Check is disabled
/home/daniel_kuo/CBDK_TSMC40_Arm_f2.0/CIC/Verilog/sc9_cln40g_base_rvt_neg.v, 85013
  The below duplicate timing check will be disabled:
  $recrem(negedge R, negedge CKN &&& (ENABLE_NOT_D_AND_SE_AND_SI == 1'b1), 
  1.0000000000000000, 0.50000000000000000, NOTIFIER, , , dR, dCKN);


Warning-[DDTC] Duplicate Timing Check is disabled
/home/daniel_kuo/CBDK_TSMC40_Arm_f2.0/CIC/Verilog/sc9_cln40g_base_rvt_neg.v, 85014
  The below duplicate timing check will be disabled:
  $recrem(negedge R, negedge CKN &&& (ENABLE_D_AND_NOT_SE_AND_NOT_SI == 1'b1),
  1.0000000000000000, 0.50000000000000000, NOTIFIER, , , dR, dCKN);


Warning-[DDTC] Duplicate Timing Check is disabled
/home/daniel_kuo/CBDK_TSMC40_Arm_f2.0/CIC/Verilog/sc9_cln40g_base_rvt_neg.v, 85015
  The below duplicate timing check will be disabled:
  $recrem(negedge R, negedge CKN &&& (ENABLE_D_AND_NOT_SE_AND_SI == 1'b1), 
  1.0000000000000000, 0.50000000000000000, NOTIFIER, , , dR, dCKN);


Warning-[DDTC] Duplicate Timing Check is disabled
/home/daniel_kuo/CBDK_TSMC40_Arm_f2.0/CIC/Verilog/sc9_cln40g_base_rvt_neg.v, 85016
  The below duplicate timing check will be disabled:
  $recrem(negedge R, negedge CKN &&& (ENABLE_D_AND_SE_AND_SI == 1'b1), 
  1.0000000000000000, 0.50000000000000000, NOTIFIER, , , dR, dCKN);


Warning-[DDTC] Duplicate Timing Check is disabled
/home/daniel_kuo/CBDK_TSMC40_Arm_f2.0/CIC/Verilog/sc9_cln40g_base_rvt_neg.v, 85209
  The below duplicate timing check will be disabled:
  $recrem(posedge SN, negedge CKN &&& (ENABLE_NOT_D_AND_NOT_SE_AND_NOT_SI == 
  1'b1), 1.0000000000000000, 0.50000000000000000, NOTIFIER, , , dSN, dCKN);


Warning-[DDTC] Duplicate Timing Check is disabled
/home/daniel_kuo/CBDK_TSMC40_Arm_f2.0/CIC/Verilog/sc9_cln40g_base_rvt_neg.v, 85210
  The below duplicate timing check will be disabled:
  $recrem(posedge SN, negedge CKN &&& (ENABLE_NOT_D_AND_NOT_SE_AND_SI == 
  1'b1), 1.0000000000000000, 0.50000000000000000, NOTIFIER, , , dSN, dCKN);


Warning-[DDTC] Duplicate Timing Check is disabled
/home/daniel_kuo/CBDK_TSMC40_Arm_f2.0/CIC/Verilog/sc9_cln40g_base_rvt_neg.v, 85211
  The below duplicate timing check will be disabled:
  $recrem(posedge SN, negedge CKN &&& (ENABLE_NOT_D_AND_SE_AND_NOT_SI == 
  1'b1), 1.0000000000000000, 0.50000000000000000, NOTIFIER, , , dSN, dCKN);


Warning-[DDTC] Duplicate Timing Check is disabled
/home/daniel_kuo/CBDK_TSMC40_Arm_f2.0/CIC/Verilog/sc9_cln40g_base_rvt_neg.v, 85212
  The below duplicate timing check will be disabled:
  $recrem(posedge SN, negedge CKN &&& (ENABLE_D_AND_SE_AND_NOT_SI == 1'b1), 
  1.0000000000000000, 0.50000000000000000, NOTIFIER, , , dSN, dCKN);


Warning-[DDTC] Duplicate Timing Check is disabled
/home/daniel_kuo/CBDK_TSMC40_Arm_f2.0/CIC/Verilog/sc9_cln40g_base_rvt_neg.v, 85397
  The below duplicate timing check will be disabled:
  $recrem(posedge SN, negedge CKN &&& (ENABLE_NOT_D_AND_NOT_SE_AND_NOT_SI == 
  1'b1), 1.0000000000000000, 0.50000000000000000, NOTIFIER, , , dSN, dCKN);


Warning-[DDTC] Duplicate Timing Check is disabled
/home/daniel_kuo/CBDK_TSMC40_Arm_f2.0/CIC/Verilog/sc9_cln40g_base_rvt_neg.v, 85398
  The below duplicate timing check will be disabled:
  $recrem(posedge SN, negedge CKN &&& (ENABLE_NOT_D_AND_NOT_SE_AND_SI == 
  1'b1), 1.0000000000000000, 0.50000000000000000, NOTIFIER, , , dSN, dCKN);


Warning-[DDTC] Duplicate Timing Check is disabled
/home/daniel_kuo/CBDK_TSMC40_Arm_f2.0/CIC/Verilog/sc9_cln40g_base_rvt_neg.v, 85399
  The below duplicate timing check will be disabled:
  $recrem(posedge SN, negedge CKN &&& (ENABLE_NOT_D_AND_SE_AND_NOT_SI == 
  1'b1), 1.0000000000000000, 0.50000000000000000, NOTIFIER, , , dSN, dCKN);


Warning-[DDTC] Duplicate Timing Check is disabled
/home/daniel_kuo/CBDK_TSMC40_Arm_f2.0/CIC/Verilog/sc9_cln40g_base_rvt_neg.v, 85400
  The below duplicate timing check will be disabled:
  $recrem(posedge SN, negedge CKN &&& (ENABLE_D_AND_SE_AND_NOT_SI == 1'b1), 
  1.0000000000000000, 0.50000000000000000, NOTIFIER, , , dSN, dCKN);


Warning-[DDTC] Duplicate Timing Check is disabled
/home/daniel_kuo/CBDK_TSMC40_Arm_f2.0/CIC/Verilog/sc9_cln40g_base_rvt_neg.v, 85585
  The below duplicate timing check will be disabled:
  $recrem(posedge SN, negedge CKN &&& (ENABLE_NOT_D_AND_NOT_SE_AND_NOT_SI == 
  1'b1), 1.0000000000000000, 0.50000000000000000, NOTIFIER, , , dSN, dCKN);


Warning-[DDTC] Duplicate Timing Check is disabled
/home/daniel_kuo/CBDK_TSMC40_Arm_f2.0/CIC/Verilog/sc9_cln40g_base_rvt_neg.v, 85586
  The below duplicate timing check will be disabled:
  $recrem(posedge SN, negedge CKN &&& (ENABLE_NOT_D_AND_NOT_SE_AND_SI == 
  1'b1), 1.0000000000000000, 0.50000000000000000, NOTIFIER, , , dSN, dCKN);


Warning-[DDTC] Duplicate Timing Check is disabled
/home/daniel_kuo/CBDK_TSMC40_Arm_f2.0/CIC/Verilog/sc9_cln40g_base_rvt_neg.v, 85587
  The below duplicate timing check will be disabled:
  $recrem(posedge SN, negedge CKN &&& (ENABLE_NOT_D_AND_SE_AND_NOT_SI == 
  1'b1), 1.0000000000000000, 0.50000000000000000, NOTIFIER, , , dSN, dCKN);


Warning-[DDTC] Duplicate Timing Check is disabled
/home/daniel_kuo/CBDK_TSMC40_Arm_f2.0/CIC/Verilog/sc9_cln40g_base_rvt_neg.v, 85588
  The below duplicate timing check will be disabled:
  $recrem(posedge SN, negedge CKN &&& (ENABLE_D_AND_SE_AND_NOT_SI == 1'b1), 
  1.0000000000000000, 0.50000000000000000, NOTIFIER, , , dSN, dCKN);


Warning-[DDTC] Duplicate Timing Check is disabled
/home/daniel_kuo/CBDK_TSMC40_Arm_f2.0/CIC/Verilog/sc9_cln40g_base_rvt_neg.v, 85840
  The below duplicate timing check will be disabled:
  $recrem(negedge R, negedge CKN &&& (ENABLE_NOT_D_AND_SE_AND_SI_AND_SN == 
  1'b1), 1.0000000000000000, 0.50000000000000000, NOTIFIER, , , dR, dCKN);


Warning-[DDTC] Duplicate Timing Check is disabled
/home/daniel_kuo/CBDK_TSMC40_Arm_f2.0/CIC/Verilog/sc9_cln40g_base_rvt_neg.v, 85841
  The below duplicate timing check will be disabled:
  $recrem(negedge R, negedge CKN &&& (ENABLE_D_AND_NOT_SE_AND_NOT_SI_AND_SN ==
  1'b1), 1.0000000000000000, 0.50000000000000000, NOTIFIER, , , dR, dCKN);


Warning-[DDTC] Duplicate Timing Check is disabled
/home/daniel_kuo/CBDK_TSMC40_Arm_f2.0/CIC/Verilog/sc9_cln40g_base_rvt_neg.v, 85842
  The below duplicate timing check will be disabled:
  $recrem(negedge R, negedge CKN &&& (ENABLE_D_AND_NOT_SE_AND_SI_AND_SN == 
  1'b1), 1.0000000000000000, 0.50000000000000000, NOTIFIER, , , dR, dCKN);


Warning-[DDTC] Duplicate Timing Check is disabled
/home/daniel_kuo/CBDK_TSMC40_Arm_f2.0/CIC/Verilog/sc9_cln40g_base_rvt_neg.v, 85843
  The below duplicate timing check will be disabled:
  $recrem(negedge R, negedge CKN &&& (ENABLE_D_AND_SE_AND_SI_AND_SN == 1'b1), 
  1.0000000000000000, 0.50000000000000000, NOTIFIER, , , dR, dCKN);


Warning-[DDTC] Duplicate Timing Check is disabled
/home/daniel_kuo/CBDK_TSMC40_Arm_f2.0/CIC/Verilog/sc9_cln40g_base_rvt_neg.v, 85868
  The below duplicate timing check will be disabled:
  $recrem(posedge SN, negedge CKN &&& 
  (ENABLE_NOT_D_AND_NOT_R_AND_NOT_SE_AND_NOT_SI == 1'b1), 1.0000000000000000, 
  0.50000000000000000, NOTIFIER, , , dSN, dCKN);


Warning-[DDTC] Duplicate Timing Check is disabled
/home/daniel_kuo/CBDK_TSMC40_Arm_f2.0/CIC/Verilog/sc9_cln40g_base_rvt_neg.v, 85869
  The below duplicate timing check will be disabled:
  $recrem(posedge SN, negedge CKN &&& 
  (ENABLE_NOT_D_AND_NOT_R_AND_NOT_SE_AND_SI == 1'b1), 1.0000000000000000, 
  0.50000000000000000, NOTIFIER, , , dSN, dCKN);


Warning-[DDTC] Duplicate Timing Check is disabled
/home/daniel_kuo/CBDK_TSMC40_Arm_f2.0/CIC/Verilog/sc9_cln40g_base_rvt_neg.v, 85870
  The below duplicate timing check will be disabled:
  $recrem(posedge SN, negedge CKN &&& 
  (ENABLE_NOT_D_AND_NOT_R_AND_SE_AND_NOT_SI == 1'b1), 1.0000000000000000, 
  0.50000000000000000, NOTIFIER, , , dSN, dCKN);


Warning-[DDTC] Duplicate Timing Check is disabled
/home/daniel_kuo/CBDK_TSMC40_Arm_f2.0/CIC/Verilog/sc9_cln40g_base_rvt_neg.v, 85871
  The below duplicate timing check will be disabled:
  $recrem(posedge SN, negedge CKN &&& (ENABLE_D_AND_NOT_R_AND_SE_AND_NOT_SI ==
  1'b1), 1.0000000000000000, 0.50000000000000000, NOTIFIER, , , dSN, dCKN);


Warning-[DDTC] Duplicate Timing Check is disabled
/home/daniel_kuo/CBDK_TSMC40_Arm_f2.0/CIC/Verilog/sc9_cln40g_base_rvt_neg.v, 86203
  The below duplicate timing check will be disabled:
  $recrem(negedge R, negedge CKN &&& (ENABLE_NOT_D_AND_SE_AND_SI_AND_SN == 
  1'b1), 1.0000000000000000, 0.50000000000000000, NOTIFIER, , , dR, dCKN);


Warning-[DDTC] Duplicate Timing Check is disabled
/home/daniel_kuo/CBDK_TSMC40_Arm_f2.0/CIC/Verilog/sc9_cln40g_base_rvt_neg.v, 86204
  The below duplicate timing check will be disabled:
  $recrem(negedge R, negedge CKN &&& (ENABLE_D_AND_NOT_SE_AND_NOT_SI_AND_SN ==
  1'b1), 1.0000000000000000, 0.50000000000000000, NOTIFIER, , , dR, dCKN);


Warning-[DDTC] Duplicate Timing Check is disabled
/home/daniel_kuo/CBDK_TSMC40_Arm_f2.0/CIC/Verilog/sc9_cln40g_base_rvt_neg.v, 86205
  The below duplicate timing check will be disabled:
  $recrem(negedge R, negedge CKN &&& (ENABLE_D_AND_NOT_SE_AND_SI_AND_SN == 
  1'b1), 1.0000000000000000, 0.50000000000000000, NOTIFIER, , , dR, dCKN);


Warning-[DDTC] Duplicate Timing Check is disabled
/home/daniel_kuo/CBDK_TSMC40_Arm_f2.0/CIC/Verilog/sc9_cln40g_base_rvt_neg.v, 86206
  The below duplicate timing check will be disabled:
  $recrem(negedge R, negedge CKN &&& (ENABLE_D_AND_SE_AND_SI_AND_SN == 1'b1), 
  1.0000000000000000, 0.50000000000000000, NOTIFIER, , , dR, dCKN);


Warning-[DDTC] Duplicate Timing Check is disabled
/home/daniel_kuo/CBDK_TSMC40_Arm_f2.0/CIC/Verilog/sc9_cln40g_base_rvt_neg.v, 86231
  The below duplicate timing check will be disabled:
  $recrem(posedge SN, negedge CKN &&& 
  (ENABLE_NOT_D_AND_NOT_R_AND_NOT_SE_AND_NOT_SI == 1'b1), 1.0000000000000000, 
  0.50000000000000000, NOTIFIER, , , dSN, dCKN);


Warning-[DDTC] Duplicate Timing Check is disabled
/home/daniel_kuo/CBDK_TSMC40_Arm_f2.0/CIC/Verilog/sc9_cln40g_base_rvt_neg.v, 86232
  The below duplicate timing check will be disabled:
  $recrem(posedge SN, negedge CKN &&& 
  (ENABLE_NOT_D_AND_NOT_R_AND_NOT_SE_AND_SI == 1'b1), 1.0000000000000000, 
  0.50000000000000000, NOTIFIER, , , dSN, dCKN);


Warning-[DDTC] Duplicate Timing Check is disabled
/home/daniel_kuo/CBDK_TSMC40_Arm_f2.0/CIC/Verilog/sc9_cln40g_base_rvt_neg.v, 86233
  The below duplicate timing check will be disabled:
  $recrem(posedge SN, negedge CKN &&& 
  (ENABLE_NOT_D_AND_NOT_R_AND_SE_AND_NOT_SI == 1'b1), 1.0000000000000000, 
  0.50000000000000000, NOTIFIER, , , dSN, dCKN);


Warning-[DDTC] Duplicate Timing Check is disabled
/home/daniel_kuo/CBDK_TSMC40_Arm_f2.0/CIC/Verilog/sc9_cln40g_base_rvt_neg.v, 86234
  The below duplicate timing check will be disabled:
  $recrem(posedge SN, negedge CKN &&& (ENABLE_D_AND_NOT_R_AND_SE_AND_NOT_SI ==
  1'b1), 1.0000000000000000, 0.50000000000000000, NOTIFIER, , , dSN, dCKN);


Warning-[DDTC] Duplicate Timing Check is disabled
/home/daniel_kuo/CBDK_TSMC40_Arm_f2.0/CIC/Verilog/sc9_cln40g_base_rvt_neg.v, 86566
  The below duplicate timing check will be disabled:
  $recrem(negedge R, negedge CKN &&& (ENABLE_NOT_D_AND_SE_AND_SI_AND_SN == 
  1'b1), 1.0000000000000000, 0.50000000000000000, NOTIFIER, , , dR, dCKN);


Warning-[DDTC] Duplicate Timing Check is disabled
/home/daniel_kuo/CBDK_TSMC40_Arm_f2.0/CIC/Verilog/sc9_cln40g_base_rvt_neg.v, 86567
  The below duplicate timing check will be disabled:
  $recrem(negedge R, negedge CKN &&& (ENABLE_D_AND_NOT_SE_AND_NOT_SI_AND_SN ==
  1'b1), 1.0000000000000000, 0.50000000000000000, NOTIFIER, , , dR, dCKN);


Warning-[DDTC] Duplicate Timing Check is disabled
/home/daniel_kuo/CBDK_TSMC40_Arm_f2.0/CIC/Verilog/sc9_cln40g_base_rvt_neg.v, 86568
  The below duplicate timing check will be disabled:
  $recrem(negedge R, negedge CKN &&& (ENABLE_D_AND_NOT_SE_AND_SI_AND_SN == 
  1'b1), 1.0000000000000000, 0.50000000000000000, NOTIFIER, , , dR, dCKN);


Warning-[DDTC] Duplicate Timing Check is disabled
/home/daniel_kuo/CBDK_TSMC40_Arm_f2.0/CIC/Verilog/sc9_cln40g_base_rvt_neg.v, 86569
  The below duplicate timing check will be disabled:
  $recrem(negedge R, negedge CKN &&& (ENABLE_D_AND_SE_AND_SI_AND_SN == 1'b1), 
  1.0000000000000000, 0.50000000000000000, NOTIFIER, , , dR, dCKN);


Warning-[DDTC] Duplicate Timing Check is disabled
/home/daniel_kuo/CBDK_TSMC40_Arm_f2.0/CIC/Verilog/sc9_cln40g_base_rvt_neg.v, 86594
  The below duplicate timing check will be disabled:
  $recrem(posedge SN, negedge CKN &&& 
  (ENABLE_NOT_D_AND_NOT_R_AND_NOT_SE_AND_NOT_SI == 1'b1), 1.0000000000000000, 
  0.50000000000000000, NOTIFIER, , , dSN, dCKN);


Warning-[DDTC] Duplicate Timing Check is disabled
/home/daniel_kuo/CBDK_TSMC40_Arm_f2.0/CIC/Verilog/sc9_cln40g_base_rvt_neg.v, 86595
  The below duplicate timing check will be disabled:
  $recrem(posedge SN, negedge CKN &&& 
  (ENABLE_NOT_D_AND_NOT_R_AND_NOT_SE_AND_SI == 1'b1), 1.0000000000000000, 
  0.50000000000000000, NOTIFIER, , , dSN, dCKN);


Warning-[DDTC] Duplicate Timing Check is disabled
/home/daniel_kuo/CBDK_TSMC40_Arm_f2.0/CIC/Verilog/sc9_cln40g_base_rvt_neg.v, 86596
  The below duplicate timing check will be disabled:
  $recrem(posedge SN, negedge CKN &&& 
  (ENABLE_NOT_D_AND_NOT_R_AND_SE_AND_NOT_SI == 1'b1), 1.0000000000000000, 
  0.50000000000000000, NOTIFIER, , , dSN, dCKN);


Warning-[DDTC] Duplicate Timing Check is disabled
/home/daniel_kuo/CBDK_TSMC40_Arm_f2.0/CIC/Verilog/sc9_cln40g_base_rvt_neg.v, 86597
  The below duplicate timing check will be disabled:
  $recrem(posedge SN, negedge CKN &&& (ENABLE_D_AND_NOT_R_AND_SE_AND_NOT_SI ==
  1'b1), 1.0000000000000000, 0.50000000000000000, NOTIFIER, , , dSN, dCKN);


Warning-[DDTC] Duplicate Timing Check is disabled
/home/daniel_kuo/CBDK_TSMC40_Arm_f2.0/CIC/Verilog/sc9_cln40g_base_lvt_neg.v, 58984
  The below duplicate timing check will be disabled:
  $recrem(negedge R, negedge CKN &&& (ENABLE_D_AND_SN == 1'b1), 
  1.0000000000000000, 0.50000000000000000, NOTIFIER, , , dR, dCKN);


Warning-[DDTC] Duplicate Timing Check is disabled
/home/daniel_kuo/CBDK_TSMC40_Arm_f2.0/CIC/Verilog/sc9_cln40g_base_lvt_neg.v, 58989
  The below duplicate timing check will be disabled:
  $recrem(posedge SN, negedge CKN &&& (ENABLE_NOT_D_AND_NOT_R == 1'b1), 
  1.0000000000000000, 0.50000000000000000, NOTIFIER, , , dSN, dCKN);


Warning-[DDTC] Duplicate Timing Check is disabled
/home/daniel_kuo/CBDK_TSMC40_Arm_f2.0/CIC/Verilog/sc9_cln40g_base_lvt_neg.v, 59089
  The below duplicate timing check will be disabled:
  $recrem(negedge R, negedge CKN &&& (ENABLE_D_AND_SN == 1'b1), 
  1.0000000000000000, 0.50000000000000000, NOTIFIER, , , dR, dCKN);


Warning-[DDTC] Duplicate Timing Check is disabled
/home/daniel_kuo/CBDK_TSMC40_Arm_f2.0/CIC/Verilog/sc9_cln40g_base_lvt_neg.v, 59094
  The below duplicate timing check will be disabled:
  $recrem(posedge SN, negedge CKN &&& (ENABLE_NOT_D_AND_NOT_R == 1'b1), 
  1.0000000000000000, 0.50000000000000000, NOTIFIER, , , dSN, dCKN);


Warning-[DDTC] Duplicate Timing Check is disabled
/home/daniel_kuo/CBDK_TSMC40_Arm_f2.0/CIC/Verilog/sc9_cln40g_base_lvt_neg.v, 59194
  The below duplicate timing check will be disabled:
  $recrem(negedge R, negedge CKN &&& (ENABLE_D_AND_SN == 1'b1), 
  1.0000000000000000, 0.50000000000000000, NOTIFIER, , , dR, dCKN);


Warning-[DDTC] Duplicate Timing Check is disabled
/home/daniel_kuo/CBDK_TSMC40_Arm_f2.0/CIC/Verilog/sc9_cln40g_base_lvt_neg.v, 59199
  The below duplicate timing check will be disabled:
  $recrem(posedge SN, negedge CKN &&& (ENABLE_NOT_D_AND_NOT_R == 1'b1), 
  1.0000000000000000, 0.50000000000000000, NOTIFIER, , , dSN, dCKN);


Warning-[DDTC] Duplicate Timing Check is disabled
/home/daniel_kuo/CBDK_TSMC40_Arm_f2.0/CIC/Verilog/sc9_cln40g_base_lvt_neg.v, 65129
  The below duplicate timing check will be disabled:
  $recrem(negedge R, negedge G &&& (ENABLE_D == 1'b1), 1.0000000000000000, 
  0.50000000000000000, NOTIFIER, , , dR, dG);


Warning-[DDTC] Duplicate Timing Check is disabled
/home/daniel_kuo/CBDK_TSMC40_Arm_f2.0/CIC/Verilog/sc9_cln40g_base_lvt_neg.v, 65181
  The below duplicate timing check will be disabled:
  $recrem(negedge R, negedge G &&& (ENABLE_D == 1'b1), 1.0000000000000000, 
  0.50000000000000000, NOTIFIER, , , dR, dG);


Warning-[DDTC] Duplicate Timing Check is disabled
/home/daniel_kuo/CBDK_TSMC40_Arm_f2.0/CIC/Verilog/sc9_cln40g_base_lvt_neg.v, 65233
  The below duplicate timing check will be disabled:
  $recrem(negedge R, negedge G &&& (ENABLE_D == 1'b1), 1.0000000000000000, 
  0.50000000000000000, NOTIFIER, , , dR, dG);


Warning-[DDTC] Duplicate Timing Check is disabled
/home/daniel_kuo/CBDK_TSMC40_Arm_f2.0/CIC/Verilog/sc9_cln40g_base_lvt_neg.v, 65285
  The below duplicate timing check will be disabled:
  $recrem(negedge R, negedge G &&& (ENABLE_D == 1'b1), 1.0000000000000000, 
  0.50000000000000000, NOTIFIER, , , dR, dG);


Warning-[DDTC] Duplicate Timing Check is disabled
/home/daniel_kuo/CBDK_TSMC40_Arm_f2.0/CIC/Verilog/sc9_cln40g_base_lvt_neg.v, 65337
  The below duplicate timing check will be disabled:
  $recrem(negedge R, negedge G &&& (ENABLE_D == 1'b1), 1.0000000000000000, 
  0.50000000000000000, NOTIFIER, , , dR, dG);


Warning-[DDTC] Duplicate Timing Check is disabled
/home/daniel_kuo/CBDK_TSMC40_Arm_f2.0/CIC/Verilog/sc9_cln40g_base_lvt_neg.v, 65389
  The below duplicate timing check will be disabled:
  $recrem(posedge RN, negedge G &&& (ENABLE_D == 1'b1), 1.0000000000000000, 
  0.50000000000000000, NOTIFIER, , , dRN, dG);


Warning-[DDTC] Duplicate Timing Check is disabled
/home/daniel_kuo/CBDK_TSMC40_Arm_f2.0/CIC/Verilog/sc9_cln40g_base_lvt_neg.v, 65441
  The below duplicate timing check will be disabled:
  $recrem(posedge RN, negedge G &&& (ENABLE_D == 1'b1), 1.0000000000000000, 
  0.50000000000000000, NOTIFIER, , , dRN, dG);


Warning-[DDTC] Duplicate Timing Check is disabled
/home/daniel_kuo/CBDK_TSMC40_Arm_f2.0/CIC/Verilog/sc9_cln40g_base_lvt_neg.v, 65493
  The below duplicate timing check will be disabled:
  $recrem(posedge RN, negedge G &&& (ENABLE_D == 1'b1), 1.0000000000000000, 
  0.50000000000000000, NOTIFIER, , , dRN, dG);


Warning-[DDTC] Duplicate Timing Check is disabled
/home/daniel_kuo/CBDK_TSMC40_Arm_f2.0/CIC/Verilog/sc9_cln40g_base_lvt_neg.v, 65545
  The below duplicate timing check will be disabled:
  $recrem(posedge RN, negedge G &&& (ENABLE_D == 1'b1), 1.0000000000000000, 
  0.50000000000000000, NOTIFIER, , , dRN, dG);


Warning-[DDTC] Duplicate Timing Check is disabled
/home/daniel_kuo/CBDK_TSMC40_Arm_f2.0/CIC/Verilog/sc9_cln40g_base_lvt_neg.v, 65597
  The below duplicate timing check will be disabled:
  $recrem(negedge S, negedge G &&& (ENABLE_NOT_D == 1'b1), 1.0000000000000000,
  0.50000000000000000, NOTIFIER, , , dS, dG);


Warning-[DDTC] Duplicate Timing Check is disabled
/home/daniel_kuo/CBDK_TSMC40_Arm_f2.0/CIC/Verilog/sc9_cln40g_base_lvt_neg.v, 65649
  The below duplicate timing check will be disabled:
  $recrem(negedge S, negedge G &&& (ENABLE_NOT_D == 1'b1), 1.0000000000000000,
  0.50000000000000000, NOTIFIER, , , dS, dG);


Warning-[DDTC] Duplicate Timing Check is disabled
/home/daniel_kuo/CBDK_TSMC40_Arm_f2.0/CIC/Verilog/sc9_cln40g_base_lvt_neg.v, 65701
  The below duplicate timing check will be disabled:
  $recrem(negedge S, negedge G &&& (ENABLE_NOT_D == 1'b1), 1.0000000000000000,
  0.50000000000000000, NOTIFIER, , , dS, dG);


Warning-[DDTC] Duplicate Timing Check is disabled
/home/daniel_kuo/CBDK_TSMC40_Arm_f2.0/CIC/Verilog/sc9_cln40g_base_lvt_neg.v, 65753
  The below duplicate timing check will be disabled:
  $recrem(negedge S, negedge G &&& (ENABLE_NOT_D == 1'b1), 1.0000000000000000,
  0.50000000000000000, NOTIFIER, , , dS, dG);


Warning-[DDTC] Duplicate Timing Check is disabled
/home/daniel_kuo/CBDK_TSMC40_Arm_f2.0/CIC/Verilog/sc9_cln40g_base_lvt_neg.v, 65805
  The below duplicate timing check will be disabled:
  $recrem(posedge SN, negedge G &&& (ENABLE_NOT_D == 1'b1), 
  1.0000000000000000, 0.50000000000000000, NOTIFIER, , , dSN, dG);


Warning-[DDTC] Duplicate Timing Check is disabled
/home/daniel_kuo/CBDK_TSMC40_Arm_f2.0/CIC/Verilog/sc9_cln40g_base_lvt_neg.v, 65857
  The below duplicate timing check will be disabled:
  $recrem(posedge SN, negedge G &&& (ENABLE_NOT_D == 1'b1), 
  1.0000000000000000, 0.50000000000000000, NOTIFIER, , , dSN, dG);


Warning-[DDTC] Duplicate Timing Check is disabled
/home/daniel_kuo/CBDK_TSMC40_Arm_f2.0/CIC/Verilog/sc9_cln40g_base_lvt_neg.v, 65909
  The below duplicate timing check will be disabled:
  $recrem(posedge SN, negedge G &&& (ENABLE_NOT_D == 1'b1), 
  1.0000000000000000, 0.50000000000000000, NOTIFIER, , , dSN, dG);


Warning-[DDTC] Duplicate Timing Check is disabled
/home/daniel_kuo/CBDK_TSMC40_Arm_f2.0/CIC/Verilog/sc9_cln40g_base_lvt_neg.v, 65961
  The below duplicate timing check will be disabled:
  $recrem(posedge SN, negedge G &&& (ENABLE_NOT_D == 1'b1), 
  1.0000000000000000, 0.50000000000000000, NOTIFIER, , , dSN, dG);


Warning-[DDTC] Duplicate Timing Check is disabled
/home/daniel_kuo/CBDK_TSMC40_Arm_f2.0/CIC/Verilog/sc9_cln40g_base_lvt_neg.v, 66013
  The below duplicate timing check will be disabled:
  $recrem(posedge SN, negedge G &&& (ENABLE_NOT_D == 1'b1), 
  1.0000000000000000, 0.50000000000000000, NOTIFIER, , , dSN, dG);


Warning-[DDTC] Duplicate Timing Check is disabled
/home/daniel_kuo/CBDK_TSMC40_Arm_f2.0/CIC/Verilog/sc9_cln40g_base_lvt_neg.v, 84637
  The below duplicate timing check will be disabled:
  $recrem(negedge R, negedge CKN &&& (ENABLE_NOT_D_AND_SE_AND_SI == 1'b1), 
  1.0000000000000000, 0.50000000000000000, NOTIFIER, , , dR, dCKN);


Warning-[DDTC] Duplicate Timing Check is disabled
/home/daniel_kuo/CBDK_TSMC40_Arm_f2.0/CIC/Verilog/sc9_cln40g_base_lvt_neg.v, 84638
  The below duplicate timing check will be disabled:
  $recrem(negedge R, negedge CKN &&& (ENABLE_D_AND_NOT_SE_AND_NOT_SI == 1'b1),
  1.0000000000000000, 0.50000000000000000, NOTIFIER, , , dR, dCKN);


Warning-[DDTC] Duplicate Timing Check is disabled
/home/daniel_kuo/CBDK_TSMC40_Arm_f2.0/CIC/Verilog/sc9_cln40g_base_lvt_neg.v, 84639
  The below duplicate timing check will be disabled:
  $recrem(negedge R, negedge CKN &&& (ENABLE_D_AND_NOT_SE_AND_SI == 1'b1), 
  1.0000000000000000, 0.50000000000000000, NOTIFIER, , , dR, dCKN);


Warning-[DDTC] Duplicate Timing Check is disabled
/home/daniel_kuo/CBDK_TSMC40_Arm_f2.0/CIC/Verilog/sc9_cln40g_base_lvt_neg.v, 84640
  The below duplicate timing check will be disabled:
  $recrem(negedge R, negedge CKN &&& (ENABLE_D_AND_SE_AND_SI == 1'b1), 
  1.0000000000000000, 0.50000000000000000, NOTIFIER, , , dR, dCKN);


Warning-[DDTC] Duplicate Timing Check is disabled
/home/daniel_kuo/CBDK_TSMC40_Arm_f2.0/CIC/Verilog/sc9_cln40g_base_lvt_neg.v, 84825
  The below duplicate timing check will be disabled:
  $recrem(negedge R, negedge CKN &&& (ENABLE_NOT_D_AND_SE_AND_SI == 1'b1), 
  1.0000000000000000, 0.50000000000000000, NOTIFIER, , , dR, dCKN);


Warning-[DDTC] Duplicate Timing Check is disabled
/home/daniel_kuo/CBDK_TSMC40_Arm_f2.0/CIC/Verilog/sc9_cln40g_base_lvt_neg.v, 84826
  The below duplicate timing check will be disabled:
  $recrem(negedge R, negedge CKN &&& (ENABLE_D_AND_NOT_SE_AND_NOT_SI == 1'b1),
  1.0000000000000000, 0.50000000000000000, NOTIFIER, , , dR, dCKN);


Warning-[DDTC] Duplicate Timing Check is disabled
/home/daniel_kuo/CBDK_TSMC40_Arm_f2.0/CIC/Verilog/sc9_cln40g_base_lvt_neg.v, 84827
  The below duplicate timing check will be disabled:
  $recrem(negedge R, negedge CKN &&& (ENABLE_D_AND_NOT_SE_AND_SI == 1'b1), 
  1.0000000000000000, 0.50000000000000000, NOTIFIER, , , dR, dCKN);


Warning-[DDTC] Duplicate Timing Check is disabled
/home/daniel_kuo/CBDK_TSMC40_Arm_f2.0/CIC/Verilog/sc9_cln40g_base_lvt_neg.v, 84828
  The below duplicate timing check will be disabled:
  $recrem(negedge R, negedge CKN &&& (ENABLE_D_AND_SE_AND_SI == 1'b1), 
  1.0000000000000000, 0.50000000000000000, NOTIFIER, , , dR, dCKN);


Warning-[DDTC] Duplicate Timing Check is disabled
/home/daniel_kuo/CBDK_TSMC40_Arm_f2.0/CIC/Verilog/sc9_cln40g_base_lvt_neg.v, 85013
  The below duplicate timing check will be disabled:
  $recrem(negedge R, negedge CKN &&& (ENABLE_NOT_D_AND_SE_AND_SI == 1'b1), 
  1.0000000000000000, 0.50000000000000000, NOTIFIER, , , dR, dCKN);


Warning-[DDTC] Duplicate Timing Check is disabled
/home/daniel_kuo/CBDK_TSMC40_Arm_f2.0/CIC/Verilog/sc9_cln40g_base_lvt_neg.v, 85014
  The below duplicate timing check will be disabled:
  $recrem(negedge R, negedge CKN &&& (ENABLE_D_AND_NOT_SE_AND_NOT_SI == 1'b1),
  1.0000000000000000, 0.50000000000000000, NOTIFIER, , , dR, dCKN);


Warning-[DDTC] Duplicate Timing Check is disabled
/home/daniel_kuo/CBDK_TSMC40_Arm_f2.0/CIC/Verilog/sc9_cln40g_base_lvt_neg.v, 85015
  The below duplicate timing check will be disabled:
  $recrem(negedge R, negedge CKN &&& (ENABLE_D_AND_NOT_SE_AND_SI == 1'b1), 
  1.0000000000000000, 0.50000000000000000, NOTIFIER, , , dR, dCKN);


Warning-[DDTC] Duplicate Timing Check is disabled
/home/daniel_kuo/CBDK_TSMC40_Arm_f2.0/CIC/Verilog/sc9_cln40g_base_lvt_neg.v, 85016
  The below duplicate timing check will be disabled:
  $recrem(negedge R, negedge CKN &&& (ENABLE_D_AND_SE_AND_SI == 1'b1), 
  1.0000000000000000, 0.50000000000000000, NOTIFIER, , , dR, dCKN);


Warning-[DDTC] Duplicate Timing Check is disabled
/home/daniel_kuo/CBDK_TSMC40_Arm_f2.0/CIC/Verilog/sc9_cln40g_base_lvt_neg.v, 85209
  The below duplicate timing check will be disabled:
  $recrem(posedge SN, negedge CKN &&& (ENABLE_NOT_D_AND_NOT_SE_AND_NOT_SI == 
  1'b1), 1.0000000000000000, 0.50000000000000000, NOTIFIER, , , dSN, dCKN);


Warning-[DDTC] Duplicate Timing Check is disabled
/home/daniel_kuo/CBDK_TSMC40_Arm_f2.0/CIC/Verilog/sc9_cln40g_base_lvt_neg.v, 85210
  The below duplicate timing check will be disabled:
  $recrem(posedge SN, negedge CKN &&& (ENABLE_NOT_D_AND_NOT_SE_AND_SI == 
  1'b1), 1.0000000000000000, 0.50000000000000000, NOTIFIER, , , dSN, dCKN);


Warning-[DDTC] Duplicate Timing Check is disabled
/home/daniel_kuo/CBDK_TSMC40_Arm_f2.0/CIC/Verilog/sc9_cln40g_base_lvt_neg.v, 85211
  The below duplicate timing check will be disabled:
  $recrem(posedge SN, negedge CKN &&& (ENABLE_NOT_D_AND_SE_AND_NOT_SI == 
  1'b1), 1.0000000000000000, 0.50000000000000000, NOTIFIER, , , dSN, dCKN);


Warning-[DDTC] Duplicate Timing Check is disabled
/home/daniel_kuo/CBDK_TSMC40_Arm_f2.0/CIC/Verilog/sc9_cln40g_base_lvt_neg.v, 85212
  The below duplicate timing check will be disabled:
  $recrem(posedge SN, negedge CKN &&& (ENABLE_D_AND_SE_AND_NOT_SI == 1'b1), 
  1.0000000000000000, 0.50000000000000000, NOTIFIER, , , dSN, dCKN);


Warning-[DDTC] Duplicate Timing Check is disabled
/home/daniel_kuo/CBDK_TSMC40_Arm_f2.0/CIC/Verilog/sc9_cln40g_base_lvt_neg.v, 85397
  The below duplicate timing check will be disabled:
  $recrem(posedge SN, negedge CKN &&& (ENABLE_NOT_D_AND_NOT_SE_AND_NOT_SI == 
  1'b1), 1.0000000000000000, 0.50000000000000000, NOTIFIER, , , dSN, dCKN);


Warning-[DDTC] Duplicate Timing Check is disabled
/home/daniel_kuo/CBDK_TSMC40_Arm_f2.0/CIC/Verilog/sc9_cln40g_base_lvt_neg.v, 85398
  The below duplicate timing check will be disabled:
  $recrem(posedge SN, negedge CKN &&& (ENABLE_NOT_D_AND_NOT_SE_AND_SI == 
  1'b1), 1.0000000000000000, 0.50000000000000000, NOTIFIER, , , dSN, dCKN);


Warning-[DDTC] Duplicate Timing Check is disabled
/home/daniel_kuo/CBDK_TSMC40_Arm_f2.0/CIC/Verilog/sc9_cln40g_base_lvt_neg.v, 85399
  The below duplicate timing check will be disabled:
  $recrem(posedge SN, negedge CKN &&& (ENABLE_NOT_D_AND_SE_AND_NOT_SI == 
  1'b1), 1.0000000000000000, 0.50000000000000000, NOTIFIER, , , dSN, dCKN);


Warning-[DDTC] Duplicate Timing Check is disabled
/home/daniel_kuo/CBDK_TSMC40_Arm_f2.0/CIC/Verilog/sc9_cln40g_base_lvt_neg.v, 85400
  The below duplicate timing check will be disabled:
  $recrem(posedge SN, negedge CKN &&& (ENABLE_D_AND_SE_AND_NOT_SI == 1'b1), 
  1.0000000000000000, 0.50000000000000000, NOTIFIER, , , dSN, dCKN);


Warning-[DDTC] Duplicate Timing Check is disabled
/home/daniel_kuo/CBDK_TSMC40_Arm_f2.0/CIC/Verilog/sc9_cln40g_base_lvt_neg.v, 85585
  The below duplicate timing check will be disabled:
  $recrem(posedge SN, negedge CKN &&& (ENABLE_NOT_D_AND_NOT_SE_AND_NOT_SI == 
  1'b1), 1.0000000000000000, 0.50000000000000000, NOTIFIER, , , dSN, dCKN);


Warning-[DDTC] Duplicate Timing Check is disabled
/home/daniel_kuo/CBDK_TSMC40_Arm_f2.0/CIC/Verilog/sc9_cln40g_base_lvt_neg.v, 85586
  The below duplicate timing check will be disabled:
  $recrem(posedge SN, negedge CKN &&& (ENABLE_NOT_D_AND_NOT_SE_AND_SI == 
  1'b1), 1.0000000000000000, 0.50000000000000000, NOTIFIER, , , dSN, dCKN);


Warning-[DDTC] Duplicate Timing Check is disabled
/home/daniel_kuo/CBDK_TSMC40_Arm_f2.0/CIC/Verilog/sc9_cln40g_base_lvt_neg.v, 85587
  The below duplicate timing check will be disabled:
  $recrem(posedge SN, negedge CKN &&& (ENABLE_NOT_D_AND_SE_AND_NOT_SI == 
  1'b1), 1.0000000000000000, 0.50000000000000000, NOTIFIER, , , dSN, dCKN);


Warning-[DDTC] Duplicate Timing Check is disabled
/home/daniel_kuo/CBDK_TSMC40_Arm_f2.0/CIC/Verilog/sc9_cln40g_base_lvt_neg.v, 85588
  The below duplicate timing check will be disabled:
  $recrem(posedge SN, negedge CKN &&& (ENABLE_D_AND_SE_AND_NOT_SI == 1'b1), 
  1.0000000000000000, 0.50000000000000000, NOTIFIER, , , dSN, dCKN);


Warning-[DDTC] Duplicate Timing Check is disabled
/home/daniel_kuo/CBDK_TSMC40_Arm_f2.0/CIC/Verilog/sc9_cln40g_base_lvt_neg.v, 85840
  The below duplicate timing check will be disabled:
  $recrem(negedge R, negedge CKN &&& (ENABLE_NOT_D_AND_SE_AND_SI_AND_SN == 
  1'b1), 1.0000000000000000, 0.50000000000000000, NOTIFIER, , , dR, dCKN);


Warning-[DDTC] Duplicate Timing Check is disabled
/home/daniel_kuo/CBDK_TSMC40_Arm_f2.0/CIC/Verilog/sc9_cln40g_base_lvt_neg.v, 85841
  The below duplicate timing check will be disabled:
  $recrem(negedge R, negedge CKN &&& (ENABLE_D_AND_NOT_SE_AND_NOT_SI_AND_SN ==
  1'b1), 1.0000000000000000, 0.50000000000000000, NOTIFIER, , , dR, dCKN);


Warning-[DDTC] Duplicate Timing Check is disabled
/home/daniel_kuo/CBDK_TSMC40_Arm_f2.0/CIC/Verilog/sc9_cln40g_base_lvt_neg.v, 85842
  The below duplicate timing check will be disabled:
  $recrem(negedge R, negedge CKN &&& (ENABLE_D_AND_NOT_SE_AND_SI_AND_SN == 
  1'b1), 1.0000000000000000, 0.50000000000000000, NOTIFIER, , , dR, dCKN);


Warning-[DDTC] Duplicate Timing Check is disabled
/home/daniel_kuo/CBDK_TSMC40_Arm_f2.0/CIC/Verilog/sc9_cln40g_base_lvt_neg.v, 85843
  The below duplicate timing check will be disabled:
  $recrem(negedge R, negedge CKN &&& (ENABLE_D_AND_SE_AND_SI_AND_SN == 1'b1), 
  1.0000000000000000, 0.50000000000000000, NOTIFIER, , , dR, dCKN);


Warning-[DDTC] Duplicate Timing Check is disabled
/home/daniel_kuo/CBDK_TSMC40_Arm_f2.0/CIC/Verilog/sc9_cln40g_base_lvt_neg.v, 85868
  The below duplicate timing check will be disabled:
  $recrem(posedge SN, negedge CKN &&& 
  (ENABLE_NOT_D_AND_NOT_R_AND_NOT_SE_AND_NOT_SI == 1'b1), 1.0000000000000000, 
  0.50000000000000000, NOTIFIER, , , dSN, dCKN);


Warning-[DDTC] Duplicate Timing Check is disabled
/home/daniel_kuo/CBDK_TSMC40_Arm_f2.0/CIC/Verilog/sc9_cln40g_base_lvt_neg.v, 85869
  The below duplicate timing check will be disabled:
  $recrem(posedge SN, negedge CKN &&& 
  (ENABLE_NOT_D_AND_NOT_R_AND_NOT_SE_AND_SI == 1'b1), 1.0000000000000000, 
  0.50000000000000000, NOTIFIER, , , dSN, dCKN);


Warning-[DDTC] Duplicate Timing Check is disabled
/home/daniel_kuo/CBDK_TSMC40_Arm_f2.0/CIC/Verilog/sc9_cln40g_base_lvt_neg.v, 85870
  The below duplicate timing check will be disabled:
  $recrem(posedge SN, negedge CKN &&& 
  (ENABLE_NOT_D_AND_NOT_R_AND_SE_AND_NOT_SI == 1'b1), 1.0000000000000000, 
  0.50000000000000000, NOTIFIER, , , dSN, dCKN);


Warning-[DDTC] Duplicate Timing Check is disabled
/home/daniel_kuo/CBDK_TSMC40_Arm_f2.0/CIC/Verilog/sc9_cln40g_base_lvt_neg.v, 85871
  The below duplicate timing check will be disabled:
  $recrem(posedge SN, negedge CKN &&& (ENABLE_D_AND_NOT_R_AND_SE_AND_NOT_SI ==
  1'b1), 1.0000000000000000, 0.50000000000000000, NOTIFIER, , , dSN, dCKN);


Warning-[DDTC] Duplicate Timing Check is disabled
/home/daniel_kuo/CBDK_TSMC40_Arm_f2.0/CIC/Verilog/sc9_cln40g_base_lvt_neg.v, 86203
  The below duplicate timing check will be disabled:
  $recrem(negedge R, negedge CKN &&& (ENABLE_NOT_D_AND_SE_AND_SI_AND_SN == 
  1'b1), 1.0000000000000000, 0.50000000000000000, NOTIFIER, , , dR, dCKN);


Warning-[DDTC] Duplicate Timing Check is disabled
/home/daniel_kuo/CBDK_TSMC40_Arm_f2.0/CIC/Verilog/sc9_cln40g_base_lvt_neg.v, 86204
  The below duplicate timing check will be disabled:
  $recrem(negedge R, negedge CKN &&& (ENABLE_D_AND_NOT_SE_AND_NOT_SI_AND_SN ==
  1'b1), 1.0000000000000000, 0.50000000000000000, NOTIFIER, , , dR, dCKN);


Warning-[DDTC] Duplicate Timing Check is disabled
/home/daniel_kuo/CBDK_TSMC40_Arm_f2.0/CIC/Verilog/sc9_cln40g_base_lvt_neg.v, 86205
  The below duplicate timing check will be disabled:
  $recrem(negedge R, negedge CKN &&& (ENABLE_D_AND_NOT_SE_AND_SI_AND_SN == 
  1'b1), 1.0000000000000000, 0.50000000000000000, NOTIFIER, , , dR, dCKN);


Warning-[DDTC] Duplicate Timing Check is disabled
/home/daniel_kuo/CBDK_TSMC40_Arm_f2.0/CIC/Verilog/sc9_cln40g_base_lvt_neg.v, 86206
  The below duplicate timing check will be disabled:
  $recrem(negedge R, negedge CKN &&& (ENABLE_D_AND_SE_AND_SI_AND_SN == 1'b1), 
  1.0000000000000000, 0.50000000000000000, NOTIFIER, , , dR, dCKN);


Warning-[DDTC] Duplicate Timing Check is disabled
/home/daniel_kuo/CBDK_TSMC40_Arm_f2.0/CIC/Verilog/sc9_cln40g_base_lvt_neg.v, 86231
  The below duplicate timing check will be disabled:
  $recrem(posedge SN, negedge CKN &&& 
  (ENABLE_NOT_D_AND_NOT_R_AND_NOT_SE_AND_NOT_SI == 1'b1), 1.0000000000000000, 
  0.50000000000000000, NOTIFIER, , , dSN, dCKN);


Warning-[DDTC] Duplicate Timing Check is disabled
/home/daniel_kuo/CBDK_TSMC40_Arm_f2.0/CIC/Verilog/sc9_cln40g_base_lvt_neg.v, 86232
  The below duplicate timing check will be disabled:
  $recrem(posedge SN, negedge CKN &&& 
  (ENABLE_NOT_D_AND_NOT_R_AND_NOT_SE_AND_SI == 1'b1), 1.0000000000000000, 
  0.50000000000000000, NOTIFIER, , , dSN, dCKN);


Warning-[DDTC] Duplicate Timing Check is disabled
/home/daniel_kuo/CBDK_TSMC40_Arm_f2.0/CIC/Verilog/sc9_cln40g_base_lvt_neg.v, 86233
  The below duplicate timing check will be disabled:
  $recrem(posedge SN, negedge CKN &&& 
  (ENABLE_NOT_D_AND_NOT_R_AND_SE_AND_NOT_SI == 1'b1), 1.0000000000000000, 
  0.50000000000000000, NOTIFIER, , , dSN, dCKN);


Warning-[DDTC] Duplicate Timing Check is disabled
/home/daniel_kuo/CBDK_TSMC40_Arm_f2.0/CIC/Verilog/sc9_cln40g_base_lvt_neg.v, 86234
  The below duplicate timing check will be disabled:
  $recrem(posedge SN, negedge CKN &&& (ENABLE_D_AND_NOT_R_AND_SE_AND_NOT_SI ==
  1'b1), 1.0000000000000000, 0.50000000000000000, NOTIFIER, , , dSN, dCKN);


Warning-[DDTC] Duplicate Timing Check is disabled
/home/daniel_kuo/CBDK_TSMC40_Arm_f2.0/CIC/Verilog/sc9_cln40g_base_lvt_neg.v, 86566
  The below duplicate timing check will be disabled:
  $recrem(negedge R, negedge CKN &&& (ENABLE_NOT_D_AND_SE_AND_SI_AND_SN == 
  1'b1), 1.0000000000000000, 0.50000000000000000, NOTIFIER, , , dR, dCKN);


Warning-[DDTC] Duplicate Timing Check is disabled
/home/daniel_kuo/CBDK_TSMC40_Arm_f2.0/CIC/Verilog/sc9_cln40g_base_lvt_neg.v, 86567
  The below duplicate timing check will be disabled:
  $recrem(negedge R, negedge CKN &&& (ENABLE_D_AND_NOT_SE_AND_NOT_SI_AND_SN ==
  1'b1), 1.0000000000000000, 0.50000000000000000, NOTIFIER, , , dR, dCKN);


Warning-[DDTC] Duplicate Timing Check is disabled
/home/daniel_kuo/CBDK_TSMC40_Arm_f2.0/CIC/Verilog/sc9_cln40g_base_lvt_neg.v, 86568
  The below duplicate timing check will be disabled:
  $recrem(negedge R, negedge CKN &&& (ENABLE_D_AND_NOT_SE_AND_SI_AND_SN == 
  1'b1), 1.0000000000000000, 0.50000000000000000, NOTIFIER, , , dR, dCKN);


Warning-[DDTC] Duplicate Timing Check is disabled
/home/daniel_kuo/CBDK_TSMC40_Arm_f2.0/CIC/Verilog/sc9_cln40g_base_lvt_neg.v, 86569
  The below duplicate timing check will be disabled:
  $recrem(negedge R, negedge CKN &&& (ENABLE_D_AND_SE_AND_SI_AND_SN == 1'b1), 
  1.0000000000000000, 0.50000000000000000, NOTIFIER, , , dR, dCKN);


Warning-[DDTC] Duplicate Timing Check is disabled
/home/daniel_kuo/CBDK_TSMC40_Arm_f2.0/CIC/Verilog/sc9_cln40g_base_lvt_neg.v, 86594
  The below duplicate timing check will be disabled:
  $recrem(posedge SN, negedge CKN &&& 
  (ENABLE_NOT_D_AND_NOT_R_AND_NOT_SE_AND_NOT_SI == 1'b1), 1.0000000000000000, 
  0.50000000000000000, NOTIFIER, , , dSN, dCKN);


Warning-[DDTC] Duplicate Timing Check is disabled
/home/daniel_kuo/CBDK_TSMC40_Arm_f2.0/CIC/Verilog/sc9_cln40g_base_lvt_neg.v, 86595
  The below duplicate timing check will be disabled:
  $recrem(posedge SN, negedge CKN &&& 
  (ENABLE_NOT_D_AND_NOT_R_AND_NOT_SE_AND_SI == 1'b1), 1.0000000000000000, 
  0.50000000000000000, NOTIFIER, , , dSN, dCKN);


Warning-[DDTC] Duplicate Timing Check is disabled
/home/daniel_kuo/CBDK_TSMC40_Arm_f2.0/CIC/Verilog/sc9_cln40g_base_lvt_neg.v, 86596
  The below duplicate timing check will be disabled:
  $recrem(posedge SN, negedge CKN &&& 
  (ENABLE_NOT_D_AND_NOT_R_AND_SE_AND_NOT_SI == 1'b1), 1.0000000000000000, 
  0.50000000000000000, NOTIFIER, , , dSN, dCKN);


Warning-[DDTC] Duplicate Timing Check is disabled
/home/daniel_kuo/CBDK_TSMC40_Arm_f2.0/CIC/Verilog/sc9_cln40g_base_lvt_neg.v, 86597
  The below duplicate timing check will be disabled:
  $recrem(posedge SN, negedge CKN &&& (ENABLE_D_AND_NOT_R_AND_SE_AND_NOT_SI ==
  1'b1), 1.0000000000000000, 0.50000000000000000, NOTIFIER, , , dSN, dCKN);


   ***   $sdf_annotate() version 1.2R
   ***    SDF file: "MODP_NTT2_SYN.sdf"
   ***    Annotation scope: TESTBED.u_MODP_NTT2
   ***    No MTM selection argument specified
   ***    No SCALE FACTORS argument specified
   ***    No SCALE TYPE argument specified
   ***    MTM selection defaulted to "TOOL_CONTROL":
               (+typdelays compiled, TYPICAL delays selected)
   ***    SCALE FACTORS defaulted to "1.0:1.0:1.0":
   ***    SCALE TYPE defaulted to: "FROM_MTM"
   ***    Turnoff delay: "FROM_FILE"
   ***    Approximation (mipd) policy: "MAXIMUM"

   ***    SDF annotation begin: Wed Sep 24 01:29:51 2025


SDF Info: +pulse_r/100, +pulse_e/100 in effect

Warning-[SDFCOM_CFTC] Cannot find timing check 
MODP_NTT2_SYN.sdf, 1741658
module: DFFRPQ_X2M_A9TL, "instance: TESTBED.u_MODP_NTT2.genblk1_3__u_RADIX2_mult_d_reg_reg_12_"
  SDF Warning: Cannot find timing check $hold(posedge CK &&& 
  (ENABLE_D==1'h1),negedge R,...)
      


Warning-[SDFCOM_CFTC] Cannot find timing check 
MODP_NTT2_SYN.sdf, 1741679
module: DFFRPQ_X2M_A9TL, "instance: TESTBED.u_MODP_NTT2.genblk1_7__u_RADIX2_u_MODP_MONTYMUL_a_b_p0i_reg_reg_25_"
  SDF Warning: Cannot find timing check $hold(posedge CK &&& 
  (ENABLE_D==1'h1),negedge R,...)
      


Warning-[SDFCOM_CFTC] Cannot find timing check 
MODP_NTT2_SYN.sdf, 1741700
module: DFFRPQ_X2M_A9TL, "instance: TESTBED.u_MODP_NTT2.genblk1_7__u_RADIX2_u_MODP_MONTYMUL_a_b_p0i_reg_reg_9_"
  SDF Warning: Cannot find timing check $hold(posedge CK &&& 
  (ENABLE_D==1'h1),negedge R,...)
      


Warning-[SDFCOM_CFTC] Cannot find timing check 
MODP_NTT2_SYN.sdf, 1741721
module: DFFRPQ_X2M_A9TL, "instance: TESTBED.u_MODP_NTT2.genblk1_3__u_RADIX2_u_MODP_MONTYMUL_a_b_p0i_reg_reg_24_"
  SDF Warning: Cannot find timing check $hold(posedge CK &&& 
  (ENABLE_D==1'h1),negedge R,...)
      


Warning-[SDFCOM_CFTC] Cannot find timing check 
MODP_NTT2_SYN.sdf, 1741742
module: DFFRPQ_X1M_A9TR, "instance: TESTBED.u_MODP_NTT2.genblk1_7__u_RADIX2_a_o_reg_3_"
  SDF Warning: Cannot find timing check $hold(posedge CK &&& 
  (ENABLE_D==1'h1),negedge R,...)
      


Warning-[SDFCOM_CFTC] Cannot find timing check 
MODP_NTT2_SYN.sdf, 1741763
module: DFFRPQ_X1M_A9TR, "instance: TESTBED.u_MODP_NTT2.genblk1_7__u_RADIX2_a_o_reg_8_"
  SDF Warning: Cannot find timing check $hold(posedge CK &&& 
  (ENABLE_D==1'h1),negedge R,...)
      


Warning-[SDFCOM_CFTC] Cannot find timing check 
MODP_NTT2_SYN.sdf, 1741784
module: DFFRPQ_X2M_A9TR, "instance: TESTBED.u_MODP_NTT2.a_i_reg_reg_28_"
  SDF Warning: Cannot find timing check $hold(posedge CK &&& 
  (ENABLE_D==1'h1),negedge R,...)
      


Warning-[SDFCOM_CFTC] Cannot find timing check 
MODP_NTT2_SYN.sdf, 1741805
module: DFFRPQ_X2M_A9TL, "instance: TESTBED.u_MODP_NTT2.genblk1_6__u_RADIX2_u_MODP_MONTYMUL_a_b_p0i_reg_reg_21_"
  SDF Warning: Cannot find timing check $hold(posedge CK &&& 
  (ENABLE_D==1'h1),negedge R,...)
      


Warning-[SDFCOM_CFTC] Cannot find timing check 
MODP_NTT2_SYN.sdf, 1741826
module: DFFRPQ_X2M_A9TH, "instance: TESTBED.u_MODP_NTT2.genblk1_6__u_RADIX2_a_o_reg_16_"
  SDF Warning: Cannot find timing check $hold(posedge CK &&& 
  (ENABLE_D==1'h1),negedge R,...)
      

All future warnings not reported; use +sdfverbose to report them.

Warning-[SDFCOM_CFTC] Cannot find timing check 
MODP_NTT2_SYN.sdf, 1741847
module: DFFRPQ_X2M_A9TR, "instance: TESTBED.u_MODP_NTT2.p0i_reg_reg_7_"
  SDF Warning: Cannot find timing check $hold(posedge CK &&& 
  (ENABLE_D==1'h1),negedge R,...)
      


          Total errors: 0
          Total warnings: 18878
   ***    SDF annotation completed: Wed Sep 24 01:29:53 2025



Warning-[DRTZ] Detect delay value roundoff to 0
  Delay from design or SDF file roundoff to 0 based on timescale
  Please use switch -diag timescale to dump detailed information.

Starting vcs inline pass...

Note-[VCS_PARAL] Parallel code-gen enabled
  VCS is running with parallel code generation(-j)...

2236 modules and 11 UDPs read.
recompiling module M2SDFFQN_X0P5M_A9TR
recompiling module M2SDFFQ_X0P5M_A9TR
recompiling module M2SDFFQ_X4M_A9TR
recompiling module M2SDFFQN_X3M_A9TL
recompiling module M2SDFFQ_X3M_A9TL
recompiling module RF2R2WS_X2M_A9TR
recompiling module SDFFNSRPQ_X1M_A9TR
recompiling module SDFFSRPQ_X1M_A9TR
recompiling module SDFFNSRPQ_X1M_A9TL
recompiling module SDFFSRPQ_X1M_A9TL
recompiling module CMPR42_X1M_A9TR
recompiling module CMPR42_X1P4M_A9TL
recompiling module SDFFNRPQ_X3M_A9TR
recompiling module SDFFRPQN_X0P5M_A9TR
recompiling module SDFFRPQ_X0P5M_A9TR
recompiling module SDFFRPQ_X4M_A9TR
recompiling module SDFFSQN_X3M_A9TR
recompiling module SDFFSQ_X3M_A9TR
recompiling module SDFFNRPQ_X3M_A9TL
recompiling module SDFFRPQN_X0P5M_A9TL
recompiling module SDFFRPQ_X0P5M_A9TL
recompiling module SDFFRPQ_X4M_A9TL
recompiling module SDFFSQN_X3M_A9TL
recompiling module SDFFSQ_X3M_A9TL
recompiling module A2SDFFQN_X2M_A9TR
recompiling module A2SDFFQ_X2M_A9TR
recompiling module A2SDFFQN_X1M_A9TL
recompiling module A2SDFFQ_X1M_A9TL
recompiling module ESDFFQN_X0P5M_A9TR
recompiling module ESDFFQ_X0P5M_A9TR
recompiling module ESDFFQN_X0P5M_A9TL
recompiling module ESDFFQ_X0P5M_A9TL
recompiling module MXIT4_X1P4M_A9TR
recompiling module RF2R1WS_X1P4M_A9TR
recompiling module MXIT4_X1M_A9TL
recompiling module RF2R1WS_X1M_A9TL
recompiling module MXT4_X0P7M_A9TR
recompiling module MXT4_X3M_A9TR
recompiling module MXT4_X1P4M_A9TL
recompiling module AOI222_X0P7M_A9TR
recompiling module AOI222_X3M_A9TR
recompiling module OAI222_X1M_A9TR
recompiling module OAI222_X4M_A9TR
recompiling module AOI222_X1P4M_A9TL
recompiling module OAI222_X0P5M_A9TL
recompiling module OAI222_X2M_A9TL
recompiling module RF1R2WS_X1P4M_A9TR
recompiling module RF1R2WS_X2M_A9TL
recompiling module SDFFQN_X0P5M_A9TR
recompiling module SDFFQ_X0P5M_A9TR
recompiling module SDFFQ_X4M_A9TR
recompiling module SDFFYQ_X4M_A9TR
recompiling module SDFFQN_X0P5M_A9TL
recompiling module SDFFQ_X0P5M_A9TL
recompiling module SDFFQ_X4M_A9TL
recompiling module SDFFYQ_X4M_A9TL
recompiling module DFFSRPQ_X0P5M_A9TR
recompiling module DFFSRPQ_X4M_A9TR
recompiling module DFFSRPQ_X0P5M_A9TL
recompiling module DFFSRPQ_X4M_A9TL
recompiling module BMXIT_X1P4M_A9TR
recompiling module BMXIT_X1P4M_A9TL
recompiling module BMXT_X1P4M_A9TR
recompiling module BMXT_X1P4M_A9TL
recompiling module DFFRPQN_X2M_A9TR
recompiling module DFFRPQ_X2M_A9TR
recompiling module DFFSQN_X1M_A9TR
recompiling module DFFSQ_X1M_A9TR
recompiling module DFFRPQN_X0P5M_A9TL
recompiling module DFFRPQ_X0P5M_A9TL
recompiling module DFFRPQ_X4M_A9TL
recompiling module DFFSQN_X3M_A9TL
recompiling module DFFSQ_X3M_A9TL
recompiling module DFFRPQ_X2M_A9TH
recompiling module BENC_X2M_A9TR
recompiling module BENC_X8M_A9TR
recompiling module BENC_X3M_A9TL
recompiling module AOI32_X0P5M_A9TR
recompiling module AOI32_X2M_A9TR
recompiling module LATNRPQN_X0P5M_A9TR
recompiling module LATNRPQN_X4M_A9TR
recompiling module LATNRQ_X3M_A9TR
recompiling module LATNSPQ_X3M_A9TR
recompiling module LATNSQN_X3M_A9TR
recompiling module LATRPQN_X2M_A9TR
recompiling module LATRQ_X1M_A9TR
recompiling module LATSPQ_X1M_A9TR
recompiling module LATSQN_X1M_A9TR
recompiling module AOI32_X0P5M_A9TL
recompiling module AOI32_X2M_A9TL
recompiling module LATNRPQN_X0P5M_A9TL
recompiling module LATNRPQN_X4M_A9TL
recompiling module LATNRQ_X3M_A9TL
recompiling module LATNSPQ_X3M_A9TL
recompiling module LATNSQN_X3M_A9TL
recompiling module LATRPQN_X2M_A9TL
recompiling module LATRQ_X1M_A9TL
recompiling module LATSPQ_X1M_A9TL
recompiling module LATSQN_X1M_A9TL
recompiling module ADDFCIN_X1M_A9TR
recompiling module AOI221_X0P7M_A9TR
recompiling module AOI221_X3M_A9TR
recompiling module OAI221_X1M_A9TR
recompiling module OAI221_X4M_A9TR
recompiling module AOI221_X0P5M_A9TL
recompiling module AOI221_X2M_A9TL
recompiling module OAI221_X0P7M_A9TL
recompiling module OAI221_X3M_A9TL
recompiling module ADDFH_X2M_A9TR
recompiling module ADDFH_X1M_A9TL
recompiling module ADDF_X1P4M_A9TL
recompiling module POSTICG_X0P5B_A9TR
recompiling module POSTICG_X11B_A9TR
recompiling module POSTICG_X1recompiling module PATTERN
recompiling module M2SDFFQN_X3M_A9TR
recompiling module M2SDFFQ_X3M_A9TR
recompiling module M2SDFFQN_X2M_A9TL
recompiling module M2SDFFQ_X2M_A9TL
recompiling module RF2R2WS_X1P4M_A9TR
recompiling module RF2R2WS_X2M_A9TL
recompiling module SDFFSRPQ_X0P5M_A9TR
recompiling module SDFFSRPQ_X4M_A9TR
recompiling module SDFFSRPQ_X0P5M_A9TL
recompiling module SDFFSRPQ_X4M_A9TL
recompiling module CMPR42_X1M_A9TL
recompiling module SDFFNRPQ_X2M_A9TR
recompiling module SDFFNSQ_X3M_A9TR
recompiling module SDFFRPQN_X3M_A9TR
recompiling module SDFFRPQ_X3M_A9TR
recompiling module SDFFSQN_X2M_A9TR
recompiling module SDFFSQ_X2M_A9TR
recompiling module SDFFNRPQ_X2M_A9TL
recompiling module SDFFNSQ_X3M_A9TL
recompiling module SDFFRPQN_X3M_A9TL
recompiling module SDFFRPQ_X3M_A9TL
recompiling module SDFFSQN_X2M_A9TL
recompiling module SDFFSQ_X2M_A9TL
recompiling module A2SDFFQN_X1M_A9TR
recompiling module A2SDFFQ_X1M_A9TR
recompiling module A2SDFFQN_X0P5M_A9TL
recompiling module A2SDFFQ_X0P5M_A9TL
recompiling module A2SDFFQ_X4M_A9TL
recompiling module ESDFFQN_X3M_A9TR
recompiling module ESDFFQ_X3M_A9TR
recompiling module ESDFFQN_X3M_A9TL
recompiling module ESDFFQ_X3M_A9TL
recompiling module MXIT4_X1M_A9TR
recompiling module RF2R1WS_X1M_A9TR
recompiling module MXIT4_X0P7M_A9TL
recompiling module MXIT4_X3M_A9TL
recompiling module MXT4_X0P5M_A9TR
recompiling module MXT4_X2M_A9TR
recompiling module MXT4_X1M_A9TL
recompiling module AOI222_X0P5M_A9TR
recompiling module AOI222_X2M_A9TR
recompiling module OAI222_X0P7M_A9TR
recompiling module OAI222_X3M_A9TR
recompiling module AOI222_X1M_A9TL
recompiling module AOI222_X4M_A9TL
recompiling module OAI222_X1P4M_A9TL
recompiling module RF1R2WS_X1M_A9TR
recompiling module RF1R2WS_X1P4M_A9TL
recompiling module SDFFNQ_X3M_A9TR
recompiling module SDFFQN_X3M_A9TR
recompiling module SDFFQ_X3M_A9TR
recompiling module SDFFYQ_X3M_A9TR
recompiling module SDFFNQ_X3M_A9TL
recompiling module SDFFQN_X3M_A9TL
recompiling module SDFFQ_X3M_A9TL
recompiling module SDFFYQ_X3M_A9TL
recompiling module DFFNSRPQ_X3M_A9TR
recompiling module DFFSRPQ_X3M_A9TR
recompiling module DFFNSRPQ_X3M_A9TL
recompiling module DFFSRPQ_X3M_A9TL
recompiling module BMXIT_X1M_A9TR
recompiling module BMXIT_X1M_A9TL
recompiling module BMXT_X1M_A9TR
recompiling module BMXT_X1M_A9TL
recompiling module DFFRPQN_X1M_A9TR
recompiling module DFFRPQ_X1M_A9TR
recompiling module DFFSQN_X0P5M_A9TR
recompiling module DFFSQ_X0P5M_A9TR
recompiling module DFFSQ_X4M_A9TR
recompiling module DFFRPQN_X3M_A9TL
recompiling module DFFRPQ_X3M_A9TL
recompiling module DFFSQN_X2M_A9TL
recompiling module DFFSQ_X2M_A9TL
recompiling module DFFRPQ_X1M_A9TH
recompiling module BENC_X16M_A9TR
recompiling module BENC_X6M_A9TR
recompiling module BENC_X2M_A9TL
recompiling module BENC_X8M_A9TL
recompiling module AOI32_X1P4M_A9TR
recompiling module AOI32_X6M_A9TR
recompiling module LATNRPQN_X3M_A9TR
recompiling module LATNRQ_X2M_A9TR
recompiling module LATNSPQ_X2M_A9TR
recompiling module LATNSQN_X2M_A9TR
recompiling module LATRPQN_X1M_A9TR
recompiling module LATRQ_X0P5M_A9TR
recompiling module LATSPQ_X0P5M_A9TR
recompiling module LATSQN_X0P5M_A9TR
recompiling module LATSQN_X4M_A9TR
recompiling module AOI32_X1P4M_A9TL
recompiling module AOI32_X6M_A9TL
recompiling module LATNRPQN_X3M_A9TL
recompiling module LATNRQ_X2M_A9TL
recompiling module LATNSPQ_X2M_A9TL
recompiling module LATNSQN_X2M_A9TL
recompiling module LATRPQN_X1M_A9TL
recompiling module LATRQ_X0P5M_A9TL
recompiling module LATSPQ_X0P5M_A9TL
recompiling module LATSQN_X0P5M_A9TL
recompiling module LATSQN_X4M_A9TL
recompiling module AOI221_X0P5M_A9TR
recompiling module AOI221_X2M_A9TR
recompiling module OAI221_X0P7M_A9TR
recompiling module OAI221_X3M_A9TR
recompiling module ADDFCIN_X2M_A9TL
recompiling module AOI221_X1P4M_A9TL
recompiling module OAI221_X0P5M_A9TL
recompiling module OAI221_X2M_A9TL
recompiling module ADDFH_X1P4M_A9TR
recompiling module ADDF_X2M_A9TR
recompiling module ADDF_X1M_A9TL
recompiling module ADDF_X2M_A9TH
recompiling module POSTICG_X0P8B_A9TR
recompiling module POSTICG_X1B_A9TR
rerecompiling module DELAY_BUFFER_DEPTH256
recompiling module M2SDFFQN_X2M_A9TR
recompiling module M2SDFFQ_X2M_A9TR
recompiling module M2SDFFQN_X1M_A9TL
recompiling module M2SDFFQ_X1M_A9TL
recompiling module RF2R2WS_X1M_A9TR
recompiling module RF2R2WS_X1P4M_A9TL
recompiling module SDFFNSRPQ_X3M_A9TR
recompiling module SDFFSRPQ_X3M_A9TR
recompiling module SDFFNSRPQ_X3M_A9TL
recompiling module SDFFSRPQ_X3M_A9TL
recompiling module CMPR42_X2M_A9TR
recompiling module SDFFNRPQ_X1M_A9TR
recompiling module SDFFNSQ_X2M_A9TR
recompiling module SDFFRPQN_X2M_A9TR
recompiling module SDFFRPQ_X2M_A9TR
recompiling module SDFFSQN_X1M_A9TR
recompiling module SDFFSQ_X1M_A9TR
recompiling module SDFFNRPQ_X1M_A9TL
recompiling module SDFFNSQ_X2M_A9TL
recompiling module SDFFRPQN_X2M_A9TL
recompiling module SDFFRPQ_X2M_A9TL
recompiling module SDFFSQN_X1M_A9TL
recompiling module SDFFSQ_X1M_A9TL
recompiling module A2SDFFQN_X0P5M_A9TR
recompiling module A2SDFFQ_X0P5M_A9TR
recompiling module A2SDFFQ_X4M_A9TR
recompiling module A2SDFFQN_X3M_A9TL
recompiling module A2SDFFQ_X3M_A9TL
recompiling module ESDFFQN_X2M_A9TR
recompiling module ESDFFQ_X2M_A9TR
recompiling module ESDFFQN_X2M_A9TL
recompiling module ESDFFQ_X2M_A9TL
recompiling module MXIT4_X0P7M_A9TR
recompiling module MXIT4_X3M_A9TR
recompiling module MXIT4_X0P5M_A9TL
recompiling module MXIT4_X2M_A9TL
recompiling module RF2R1WS_X2M_A9TL
recompiling module MXT4_X1P4M_A9TR
recompiling module MXT4_X0P7M_A9TL
recompiling module MXT4_X3M_A9TL
recompiling module AOI222_X1P4M_A9TR
recompiling module OAI222_X0P5M_A9TR
recompiling module OAI222_X2M_A9TR
recompiling module AOI222_X0P7M_A9TL
recompiling module AOI222_X3M_A9TL
recompiling module OAI222_X1M_A9TL
recompiling module OAI222_X4M_A9TL
recompiling module RF1R2WS_X1M_A9TL
recompiling module SDFFNQ_X2M_A9TR
recompiling module SDFFQN_X2M_A9TR
recompiling module SDFFQ_X2M_A9TR
recompiling module SDFFYQ_X2M_A9TR
recompiling module SDFFNQ_X2M_A9TL
recompiling module SDFFQN_X2M_A9TL
recompiling module SDFFQ_X2M_A9TL
recompiling module SDFFYQ_X2M_A9TL
recompiling module DFFNSRPQ_X2M_A9TR
recompiling module DFFSRPQ_X2M_A9TR
recompiling module DFFNSRPQ_X2M_A9TL
recompiling module DFFSRPQ_X2M_A9TL
recompiling module BMXIT_X0P7M_A9TR
recompiling module BMXIT_X0P7M_A9TL
recompiling module BMXT_X0P7M_A9TR
recompiling module BMXT_X0P7M_A9TL
recompiling module DFFRPQN_X0P5M_A9TR
recompiling module DFFRPQ_X0P5M_A9TR
recompiling module DFFRPQ_X4M_A9TR
recompiling module DFFSQN_X3M_A9TR
recompiling module DFFSQ_X3M_A9TR
recompiling module DFFRPQN_X2M_A9TL
recompiling module DFFRPQ_X2M_A9TL
recompiling module DFFSQN_X1M_A9TL
recompiling module DFFSQ_X1M_A9TL
recompiling module DFFRPQ_X0P5M_A9TH
recompiling module BENC_X11M_A9TR
recompiling module BENC_X4M_A9TR
recompiling module BENC_X16M_A9TL
recompiling module BENC_X6M_A9TL
recompiling module AOI32_X1M_A9TR
recompiling module AOI32_X4M_A9TR
recompiling module LATNRPQN_X2M_A9TR
recompiling module LATNRQ_X1M_A9TR
recompiling module LATNSPQ_X1M_A9TR
recompiling module LATNSQN_X1M_A9TR
recompiling module LATRPQN_X0P5M_A9TR
recompiling module LATRPQN_X4M_A9TR
recompiling module LATRQ_X3M_A9TR
recompiling module LATSPQ_X3M_A9TR
recompiling module LATSQN_X3M_A9TR
recompiling module AOI32_X1M_A9TL
recompiling module AOI32_X4M_A9TL
recompiling module LATNRPQN_X2M_A9TL
recompiling module LATNRQ_X1M_A9TL
recompiling module LATNSPQ_X1M_A9TL
recompiling module LATNSQN_X1M_A9TL
recompiling module LATRPQN_X0P5M_A9TL
recompiling module LATRPQN_X4M_A9TL
recompiling module LATRQ_X3M_A9TL
recompiling module LATSPQ_X3M_A9TL
recompiling module LATSQN_X3M_A9TL
recompiling module ADDFCIN_X2M_A9TR
recompiling module AOI221_X1P4M_A9TR
recompiling module OAI221_X0P5M_A9TR
recompiling module OAI221_X2M_A9TR
recompiling module ADDFCIN_X1P4M_A9TL
recompiling module AOI221_X1M_A9TL
recompiling module AOI221_X4M_A9TL
recompiling module OAI221_X1P4M_A9TL
recompiling module ADDFH_X1M_A9TR
recompiling module ADDF_X1P4M_A9TR
recompiling module ADDFH_X2M_A9TL
recompiling module ADDF_X1M_A9TH
recompiling module POSTICG_X0P7B_A9TR
recompiling module POSrecompiling module MODP_NTT2
recompiling module M2SDFFQN_X1M_A9TR
recompiling module M2SDFFQ_X1M_A9TR
recompiling module M2SDFFQN_X0P5M_A9TL
recompiling module M2SDFFQ_X0P5M_A9TL
recompiling module M2SDFFQ_X4M_A9TL
recompiling module RF2R2WS_X1M_A9TL
recompiling module SDFFNSRPQ_X2M_A9TR
recompiling module SDFFSRPQ_X2M_A9TR
recompiling module SDFFNSRPQ_X2M_A9TL
recompiling module SDFFSRPQ_X2M_A9TL
recompiling module CMPR42_X1P4M_A9TR
recompiling module CMPR42_X2M_A9TL
recompiling module SDFFNSQ_X1M_A9TR
recompiling module SDFFRPQN_X1M_A9TR
recompiling module SDFFRPQ_X1M_A9TR
recompiling module SDFFSQN_X0P5M_A9TR
recompiling module SDFFSQ_X0P5M_A9TR
recompiling module SDFFSQ_X4M_A9TR
recompiling module SDFFNSQ_X1M_A9TL
recompiling module SDFFRPQN_X1M_A9TL
recompiling module SDFFRPQ_X1M_A9TL
recompiling module SDFFSQN_X0P5M_A9TL
recompiling module SDFFSQ_X0P5M_A9TL
recompiling module SDFFSQ_X4M_A9TL
recompiling module A2SDFFQN_X3M_A9TR
recompiling module A2SDFFQ_X3M_A9TR
recompiling module A2SDFFQN_X2M_A9TL
recompiling module A2SDFFQ_X2M_A9TL
recompiling module ESDFFQN_X1M_A9TR
recompiling module ESDFFQ_X1M_A9TR
recompiling module ESDFFQN_X1M_A9TL
recompiling module ESDFFQ_X1M_A9TL
recompiling module MXIT4_X0P5M_A9TR
recompiling module MXIT4_X2M_A9TR
recompiling module RF2R1WS_X2M_A9TR
recompiling module MXIT4_X1P4M_A9TL
recompiling module RF2R1WS_X1P4M_A9TL
recompiling module MXT4_X1M_A9TR
recompiling module MXT4_X0P5M_A9TL
recompiling module MXT4_X2M_A9TL
recompiling module AOI222_X1M_A9TR
recompiling module AOI222_X4M_A9TR
recompiling module OAI222_X1P4M_A9TR
recompiling module AOI222_X0P5M_A9TL
recompiling module AOI222_X2M_A9TL
recompiling module OAI222_X0P7M_A9TL
recompiling module OAI222_X3M_A9TL
recompiling module RF1R2WS_X2M_A9TR
recompiling module SDFFNQ_X1M_A9TR
recompiling module SDFFQN_X1M_A9TR
recompiling module SDFFQ_X1M_A9TR
recompiling module SDFFYQ_X1M_A9TR
recompiling module SDFFNQ_X1M_A9TL
recompiling module SDFFQN_X1M_A9TL
recompiling module SDFFQ_X1M_A9TL
recompiling module SDFFYQ_X1M_A9TL
recompiling module DFFNSRPQ_X1M_A9TR
recompiling module DFFSRPQ_X1M_A9TR
recompiling module DFFNSRPQ_X1M_A9TL
recompiling module DFFSRPQ_X1M_A9TL
recompiling module DFFSRPQ_X0P5M_A9TH
recompiling module BMXIT_X2M_A9TR
recompiling module BMXIT_X2M_A9TL
recompiling module BMXT_X2M_A9TR
recompiling module BMXT_X2M_A9TL
recompiling module DFFRPQN_X3M_A9TR
recompiling module DFFRPQ_X3M_A9TR
recompiling module DFFSQN_X2M_A9TR
recompiling module DFFSQ_X2M_A9TR
recompiling module DFFRPQN_X1M_A9TL
recompiling module DFFRPQ_X1M_A9TL
recompiling module DFFSQN_X0P5M_A9TL
recompiling module DFFSQ_X0P5M_A9TL
recompiling module DFFSQ_X4M_A9TL
recompiling module DFFSQN_X2M_A9TH
recompiling module BENC_X3M_A9TR
recompiling module BENC_X11M_A9TL
recompiling module BENC_X4M_A9TL
recompiling module AOI32_X0P7M_A9TR
recompiling module AOI32_X3M_A9TR
recompiling module LATNRPQN_X1M_A9TR
recompiling module LATNRQ_X0P5M_A9TR
recompiling module LATNSPQ_X0P5M_A9TR
recompiling module LATNSQN_X0P5M_A9TR
recompiling module LATNSQN_X4M_A9TR
recompiling module LATRPQN_X3M_A9TR
recompiling module LATRQ_X2M_A9TR
recompiling module LATSPQ_X2M_A9TR
recompiling module LATSQN_X2M_A9TR
recompiling module AOI32_X0P7M_A9TL
recompiling module AOI32_X3M_A9TL
recompiling module LATNRPQN_X1M_A9TL
recompiling module LATNRQ_X0P5M_A9TL
recompiling module LATNSPQ_X0P5M_A9TL
recompiling module LATNSQN_X0P5M_A9TL
recompiling module LATNSQN_X4M_A9TL
recompiling module LATRPQN_X3M_A9TL
recompiling module LATRQ_X2M_A9TL
recompiling module LATSPQ_X2M_A9TL
recompiling module LATSQN_X2M_A9TL
recompiling module ADDFCIN_X1P4M_A9TR
recompiling module AOI221_X1M_A9TR
recompiling module AOI221_X4M_A9TR
recompiling module OAI221_X1P4M_A9TR
recompiling module ADDFCIN_X1M_A9TL
recompiling module AOI221_X0P7M_A9TL
recompiling module AOI221_X3M_A9TL
recompiling module OAI221_X1M_A9TL
recompiling module OAI221_X4M_A9TL
recompiling module ADDF_X1M_A9TR
recompiling module ADDFH_X1P4M_A9TL
recompiling module ADDF_X2M_A9TL
recompiling module POSTICG_X0P6B_A9TR
recompiling module POSTICP2B_A9TR
recompiling module POSTICG_X2P5B_A9TR
recompiling module POSTICG_X5B_A9TR
recompiling module PREICG_X0P5B_A9TR
recompiling module PREICG_X11B_A9TR
recompiling module PREICG_X1P2B_A9TR
recompiling module PREICG_X2P5B_A9TR
recompiling module PREICG_X5B_A9TR
recompiling module POSTICG_X0P5B_A9TL
recompiling module POSTICG_X11B_A9TL
recompiling module POSTICG_X1P2B_A9TL
recompiling module POSTICG_X2P5B_A9TL
recompiling module POSTICG_X5B_A9TL
recompiling module PREICG_X0P5B_A9TL
recompiling module PREICG_X11B_A9TL
recompiling module PREICG_X1P2B_A9TL
recompiling module PREICG_X2P5B_A9TL
recompiling module PREICG_X5B_A9TL
recompiling module RF1R1WS_X1M_A9TR
recompiling module RF1R1WS_X1P4M_A9TL
recompiling module AOI22BB_X1M_A9TR
recompiling module AOI22BB_X4M_A9TR
recompiling module OAI22BB_X0P7M_A9TR
recompiling module OAI22BB_X3M_A9TR
recompiling module AOI22BB_X0P5M_A9TL
recompiling module AOI22BB_X2M_A9TL
recompiling module AOI22BB_X8M_A9TL
recompiling module OAI22BB_X1P4M_A9TL
recompiling module OAI22BB_X6M_A9TL
recompiling module AO22_X1M_A9TR
recompiling module AO22_X4M_A9TR
recompiling module AOI22_X1M_A9TR
recompiling module AOI22_X4M_A9TR
recompiling module OA22_X0P7M_A9TR
recompiling module OA22_X3M_A9TR
recompiling module OAI22_X0P5M_A9TR
recompiling module OAI22_X2M_A9TR
recompiling module OAI22_X8M_A9TR
recompiling module AO22_X1P4M_A9TL
recompiling module AO22_X6M_A9TL
recompiling module AOI22_X1P4M_A9TL
recompiling module AOI22_X6M_A9TL
recompiling module OA22_X1M_A9TL
recompiling module OA22_X4M_A9TL
recompiling module OAI22_X0P7M_A9TL
recompiling module OAI22_X3M_A9TL
recompiling module AO22_X0P5M_A9TH
recompiling module AOI22_X0P7M_A9TH
recompiling module OAI22_X3M_A9TH
recompiling module AO21A1AI2_X1P4M_A9TR
recompiling module AO21A1AI2_X6M_A9TR
recompiling module OA21A1OI2_X1P4M_A9TR
recompiling module OA21A1OI2_X6M_A9TR
recompiling module XNOR3_X1P4M_A9TR
recompiling module XOR3_X0P5M_A9TR
recompiling module XOR3_X2M_A9TR
recompiling module AO21A1AI2_X0P7M_A9TL
recompiling module AO21A1AI2_X3M_A9TL
recompiling module OA21A1OI2_X0P7M_A9TL
recompiling module OA21A1OI2_X3M_A9TL
recompiling module XNOR3_X0P7M_A9TL
recompiling module XNOR3_X3M_A9TL
recompiling module XOR3_X1M_A9TL
recompiling module XOR3_X4M_A9TL
recompiling module OA21A1OI2_X0P5M_A9TH
recompiling module XOR3_X1M_A9TH
recompiling module AOI31_X1P4M_A9TR
recompiling module AOI31_X6M_A9TR
recompiling module OAI31_X1P4M_A9TR
recompiling module OAI31_X6M_A9TR
recompiling module AOI31_X1P4M_A9TL
recompiling module AOI31_X6M_A9TL
recompiling module OAI31_X1P4M_A9TL
recompiling module OAI31_X6M_A9TL
recompiling module CGENCIN_X1P4M_A9TR
recompiling module CGENCON_X2M_A9TR
recompiling module DFFNQ_X1M_A9TR
recompiling module DFFQN_X1M_A9TR
recompiling module DFFQ_X1M_A9TR
recompiling module CGENCIN_X1M_A9TL
recompiling module CGENCON_X1P4M_A9TL
recompiling module CGENI_X2M_A9TL
recompiling module DFFQN_X0P5M_A9TL
recompiling module DFFQ_X0P5M_A9TL
recompiling module DFFQ_X4M_A9TL
recompiling module AOI211_X1P4M_A9TR
recompiling module CGEN_X1M_A9TR
recompiling module LATNQN_X1M_A9TR
recompiling module LATNQ_X0P5M_A9TR
recompiling module LATQN_X0P5M_A9TR
recompiling module LATQN_X4M_A9TR
recompiling module LATQ_X3M_A9TR
recompiling module MXIT2_X1P4M_A9TR
recompiling module OA211_X0P5M_A9TR
recompiling module OA211_X2M_A9TR
recompiling module OAI211_X0P5M_A9TR
recompiling module OAI211_X2M_A9TR
recompiling module AOI211_X0P7M_A9TL
recompiling module AOI211_X3M_A9TL
recompiling module CGEN_X2M_A9TL
recompiling module LATNQN_X3M_A9TL
recompiling module LATNQ_X2M_A9TL
recompiling module LATQN_X2M_A9TL
recompiling module LATQ_X1M_A9TL
recompiling module MXIT2_X0P7M_A9TL
recompiling module MXIT2_X3M_A9TL
recompiling module OA211_X1M_A9TL
recompiling module OA211_X4M_A9TL
recompiling module OAI211_X1M_A9TL
recompiling module OAI211_X4M_A9TL
recompiling module MXIT2_X0P5M_A9TH
recompiling module MX2_X0P5B_A9TR
recompiling module MX2_X2B_A9TR
recompiling module MX2_X8B_A9TR
recompiling module MXGL2_X1P4B_A9TR
recompiling module MXGL2_X6B_A9TR
recompG_X13B_A9TR
recompiling module POSTICG_X1P4B_A9TR
recompiling module POSTICG_X3B_A9TR
recompiling module POSTICG_X6B_A9TR
recompiling module PREICG_X0P6B_A9TR
recompiling module PREICG_X13B_A9TR
recompiling module PREICG_X1P4B_A9TR
recompiling module PREICG_X3B_A9TR
recompiling module PREICG_X6B_A9TR
recompiling module POSTICG_X0P6B_A9TL
recompiling module POSTICG_X13B_A9TL
recompiling module POSTICG_X1P4B_A9TL
recompiling module POSTICG_X3B_A9TL
recompiling module POSTICG_X6B_A9TL
recompiling module PREICG_X0P6B_A9TL
recompiling module PREICG_X13B_A9TL
recompiling module PREICG_X1P4B_A9TL
recompiling module PREICG_X3B_A9TL
recompiling module PREICG_X6B_A9TL
recompiling module RF1R1WS_X1P4M_A9TR
recompiling module RF1R1WS_X2M_A9TL
recompiling module AOI22BB_X1P4M_A9TR
recompiling module AOI22BB_X6M_A9TR
recompiling module OAI22BB_X1M_A9TR
recompiling module OAI22BB_X4M_A9TR
recompiling module AOI22BB_X0P7M_A9TL
recompiling module AOI22BB_X3M_A9TL
recompiling module OAI22BB_X0P5M_A9TL
recompiling module OAI22BB_X2M_A9TL
recompiling module OAI22BB_X8M_A9TL
recompiling module AO22_X1P4M_A9TR
recompiling module AO22_X6M_A9TR
recompiling module AOI22_X1P4M_A9TR
recompiling module AOI22_X6M_A9TR
recompiling module OA22_X1M_A9TR
recompiling module OA22_X4M_A9TR
recompiling module OAI22_X0P7M_A9TR
recompiling module OAI22_X3M_A9TR
recompiling module AO22_X0P5M_A9TL
recompiling module AO22_X2M_A9TL
recompiling module AOI22_X0P5M_A9TL
recompiling module AOI22_X2M_A9TL
recompiling module AOI22_X8M_A9TL
recompiling module OA22_X1P4M_A9TL
recompiling module OA22_X6M_A9TL
recompiling module OAI22_X1M_A9TL
recompiling module OAI22_X4M_A9TL
recompiling module AO22_X0P7M_A9TH
recompiling module AOI22_X1M_A9TH
recompiling module AO21A1AI2_X0P5M_A9TR
recompiling module AO21A1AI2_X2M_A9TR
recompiling module OA21A1OI2_X0P5M_A9TR
recompiling module OA21A1OI2_X2M_A9TR
recompiling module XNOR3_X0P5M_A9TR
recompiling module XNOR3_X2M_A9TR
recompiling module XOR3_X0P7M_A9TR
recompiling module XOR3_X3M_A9TR
recompiling module AO21A1AI2_X1M_A9TL
recompiling module AO21A1AI2_X4M_A9TL
recompiling module OA21A1OI2_X1M_A9TL
recompiling module OA21A1OI2_X4M_A9TL
recompiling module XNOR3_X1M_A9TL
recompiling module XNOR3_X4M_A9TL
recompiling module XOR3_X1P4M_A9TL
recompiling module AO21A1AI2_X0P5M_A9TH
recompiling module OA21A1OI2_X0P7M_A9TH
recompiling module AOI31_X0P5M_A9TR
recompiling module AOI31_X2M_A9TR
recompiling module OAI31_X0P5M_A9TR
recompiling module OAI31_X2M_A9TR
recompiling module AOI31_X0P5M_A9TL
recompiling module AOI31_X2M_A9TL
recompiling module OAI31_X0P5M_A9TL
recompiling module OAI31_X2M_A9TL
recompiling module AOI31_X0P7M_A9TH
recompiling module CGENCIN_X2M_A9TR
recompiling module CGENI_X1M_A9TR
recompiling module DFFNQ_X2M_A9TR
recompiling module DFFQN_X2M_A9TR
recompiling module DFFQ_X2M_A9TR
recompiling module CGENCIN_X1P4M_A9TL
recompiling module CGENCON_X2M_A9TL
recompiling module DFFNQ_X1M_A9TL
recompiling module DFFQN_X1M_A9TL
recompiling module DFFQ_X1M_A9TL
recompiling module AOI211_X0P5M_A9TR
recompiling module AOI211_X2M_A9TR
recompiling module CGEN_X1P4M_A9TR
recompiling module LATNQN_X2M_A9TR
recompiling module LATNQ_X1M_A9TR
recompiling module LATQN_X1M_A9TR
recompiling module LATQ_X0P5M_A9TR
recompiling module MXIT2_X0P5M_A9TR
recompiling module MXIT2_X2M_A9TR
recompiling module OA211_X0P7M_A9TR
recompiling module OA211_X3M_A9TR
recompiling module OAI211_X0P7M_A9TR
recompiling module OAI211_X3M_A9TR
recompiling module AOI211_X1M_A9TL
recompiling module AOI211_X4M_A9TL
recompiling module LATNQN_X0P5M_A9TL
recompiling module LATNQN_X4M_A9TL
recompiling module LATNQ_X3M_A9TL
recompiling module LATQN_X3M_A9TL
recompiling module LATQ_X2M_A9TL
recompiling module MXIT2_X1M_A9TL
recompiling module MXIT2_X4M_A9TL
recompiling module OA211_X1P4M_A9TL
recompiling module OA211_X6M_A9TL
recompiling module OAI211_X1P4M_A9TL
recompiling module AOI211_X0P5M_A9TH
recompiling module MXIT2_X0P7M_A9TH
recompiling module MX2_X0P7B_A9TR
recompiling module MX2_X3B_A9TR
recompiling module MXGL2_X0P5B_A9TR
recompiling module MXGL2_X2B_A9TRTICG_X16B_A9TR
recompiling module POSTICG_X1P7B_A9TR
recompiling module POSTICG_X3P5B_A9TR
recompiling module POSTICG_X7P5B_A9TR
recompiling module PREICG_X0P7B_A9TR
recompiling module PREICG_X16B_A9TR
recompiling module PREICG_X1P7B_A9TR
recompiling module PREICG_X3P5B_A9TR
recompiling module PREICG_X7P5B_A9TR
recompiling module POSTICG_X0P7B_A9TL
recompiling module POSTICG_X16B_A9TL
recompiling module POSTICG_X1P7B_A9TL
recompiling module POSTICG_X3P5B_A9TL
recompiling module POSTICG_X7P5B_A9TL
recompiling module PREICG_X0P7B_A9TL
recompiling module PREICG_X16B_A9TL
recompiling module PREICG_X1P7B_A9TL
recompiling module PREICG_X3P5B_A9TL
recompiling module PREICG_X7P5B_A9TL
recompiling module RF1R1WS_X2M_A9TR
recompiling module AOI22BB_X0P5M_A9TR
recompiling module AOI22BB_X2M_A9TR
recompiling module AOI22BB_X8M_A9TR
recompiling module OAI22BB_X1P4M_A9TR
recompiling module OAI22BB_X6M_A9TR
recompiling module AOI22BB_X1M_A9TL
recompiling module AOI22BB_X4M_A9TL
recompiling module OAI22BB_X0P7M_A9TL
recompiling module OAI22BB_X3M_A9TL
recompiling module AO22_X0P5M_A9TR
recompiling module AO22_X2M_A9TR
recompiling module AOI22_X0P5M_A9TR
recompiling module AOI22_X2M_A9TR
recompiling module AOI22_X8M_A9TR
recompiling module OA22_X1P4M_A9TR
recompiling module OA22_X6M_A9TR
recompiling module OAI22_X1M_A9TR
recompiling module OAI22_X4M_A9TR
recompiling module AO22_X0P7M_A9TL
recompiling module AO22_X3M_A9TL
recompiling module AOI22_X0P7M_A9TL
recompiling module AOI22_X3M_A9TL
recompiling module OA22_X0P5M_A9TL
recompiling module OA22_X2M_A9TL
recompiling module OA22_X8M_A9TL
recompiling module OAI22_X1P4M_A9TL
recompiling module OAI22_X6M_A9TL
recompiling module AO22_X1M_A9TH
recompiling module OAI22_X0P7M_A9TH
recompiling module AO21A1AI2_X0P7M_A9TR
recompiling module AO21A1AI2_X3M_A9TR
recompiling module OA21A1OI2_X0P7M_A9TR
recompiling module OA21A1OI2_X3M_A9TR
recompiling module XNOR3_X0P7M_A9TR
recompiling module XNOR3_X3M_A9TR
recompiling module XOR3_X1M_A9TR
recompiling module XOR3_X4M_A9TR
recompiling module AO21A1AI2_X1P4M_A9TL
recompiling module AO21A1AI2_X6M_A9TL
recompiling module OA21A1OI2_X1P4M_A9TL
recompiling module OA21A1OI2_X6M_A9TL
recompiling module XNOR3_X1P4M_A9TL
recompiling module XOR3_X0P5M_A9TL
recompiling module XOR3_X2M_A9TL
recompiling module AO21A1AI2_X0P7M_A9TH
recompiling module XOR3_X0P5M_A9TH
recompiling module AOI31_X0P7M_A9TR
recompiling module AOI31_X3M_A9TR
recompiling module OAI31_X0P7M_A9TR
recompiling module OAI31_X3M_A9TR
recompiling module AOI31_X0P7M_A9TL
recompiling module AOI31_X3M_A9TL
recompiling module OAI31_X0P7M_A9TL
recompiling module OAI31_X3M_A9TL
recompiling module AOI31_X1M_A9TH
recompiling module CGENCON_X1M_A9TR
recompiling module CGENI_X1P4M_A9TR
recompiling module DFFNQ_X3M_A9TR
recompiling module DFFQN_X3M_A9TR
recompiling module DFFQ_X3M_A9TR
recompiling module CGENCIN_X2M_A9TL
recompiling module CGENI_X1M_A9TL
recompiling module DFFNQ_X2M_A9TL
recompiling module DFFQN_X2M_A9TL
recompiling module DFFQ_X2M_A9TL
recompiling module AOI211_X0P7M_A9TR
recompiling module AOI211_X3M_A9TR
recompiling module CGEN_X2M_A9TR
recompiling module LATNQN_X3M_A9TR
recompiling module LATNQ_X2M_A9TR
recompiling module LATQN_X2M_A9TR
recompiling module LATQ_X1M_A9TR
recompiling module MXIT2_X0P7M_A9TR
recompiling module MXIT2_X3M_A9TR
recompiling module OA211_X1M_A9TR
recompiling module OA211_X4M_A9TR
recompiling module OAI211_X1M_A9TR
recompiling module OAI211_X4M_A9TR
recompiling module AOI211_X1P4M_A9TL
recompiling module CGEN_X1M_A9TL
recompiling module LATNQN_X1M_A9TL
recompiling module LATNQ_X0P5M_A9TL
recompiling module LATQN_X0P5M_A9TL
recompiling module LATQN_X4M_A9TL
recompiling module LATQ_X3M_A9TL
recompiling module MXIT2_X1P4M_A9TL
recompiling module OA211_X0P5M_A9TL
recompiling module OA211_X2M_A9TL
recompiling module OAI211_X0P5M_A9TL
recompiling module OAI211_X2M_A9TL
recompiling module AOI211_X0P7M_A9TH
recompiling module OAI211_X0P5M_A9TH
recompiling module MX2_X1B_A9TR
recompiling module MX2_X4B_A9TR
recompiling module MXGL2_X0P7B_A9TR
recompiling module MXGL2_X3Bcompiling module POSTICG_X2B_A9TR
recompiling module POSTICG_X4B_A9TR
recompiling module POSTICG_X9B_A9TR
recompiling module PREICG_X0P8B_A9TR
recompiling module PREICG_X1B_A9TR
recompiling module PREICG_X2B_A9TR
recompiling module PREICG_X4B_A9TR
recompiling module PREICG_X9B_A9TR
recompiling module POSTICG_X0P8B_A9TL
recompiling module POSTICG_X1B_A9TL
recompiling module POSTICG_X2B_A9TL
recompiling module POSTICG_X4B_A9TL
recompiling module POSTICG_X9B_A9TL
recompiling module PREICG_X0P8B_A9TL
recompiling module PREICG_X1B_A9TL
recompiling module PREICG_X2B_A9TL
recompiling module PREICG_X4B_A9TL
recompiling module PREICG_X9B_A9TL
recompiling module RF1R1WS_X1M_A9TL
recompiling module AOI22BB_X0P7M_A9TR
recompiling module AOI22BB_X3M_A9TR
recompiling module OAI22BB_X0P5M_A9TR
recompiling module OAI22BB_X2M_A9TR
recompiling module OAI22BB_X8M_A9TR
recompiling module AOI22BB_X1P4M_A9TL
recompiling module AOI22BB_X6M_A9TL
recompiling module OAI22BB_X1M_A9TL
recompiling module OAI22BB_X4M_A9TL
recompiling module AO22_X0P7M_A9TR
recompiling module AO22_X3M_A9TR
recompiling module AOI22_X0P7M_A9TR
recompiling module AOI22_X3M_A9TR
recompiling module OA22_X0P5M_A9TR
recompiling module OA22_X2M_A9TR
recompiling module OA22_X8M_A9TR
recompiling module OAI22_X1P4M_A9TR
recompiling module OAI22_X6M_A9TR
recompiling module AO22_X1M_A9TL
recompiling module AO22_X4M_A9TL
recompiling module AOI22_X1M_A9TL
recompiling module AOI22_X4M_A9TL
recompiling module OA22_X0P7M_A9TL
recompiling module OA22_X3M_A9TL
recompiling module OAI22_X0P5M_A9TL
recompiling module OAI22_X2M_A9TL
recompiling module OAI22_X8M_A9TL
recompiling module AOI22_X0P5M_A9TH
recompiling module OAI22_X1M_A9TH
recompiling module AO21A1AI2_X1M_A9TR
recompiling module AO21A1AI2_X4M_A9TR
recompiling module OA21A1OI2_X1M_A9TR
recompiling module OA21A1OI2_X4M_A9TR
recompiling module XNOR3_X1M_A9TR
recompiling module XNOR3_X4M_A9TR
recompiling module XOR3_X1P4M_A9TR
recompiling module AO21A1AI2_X0P5M_A9TL
recompiling module AO21A1AI2_X2M_A9TL
recompiling module OA21A1OI2_X0P5M_A9TL
recompiling module OA21A1OI2_X2M_A9TL
recompiling module XNOR3_X0P5M_A9TL
recompiling module XNOR3_X2M_A9TL
recompiling module XOR3_X0P7M_A9TL
recompiling module XOR3_X3M_A9TL
recompiling module AO21A1AI2_X1M_A9TH
recompiling module XOR3_X0P7M_A9TH
recompiling module AOI31_X1M_A9TR
recompiling module AOI31_X4M_A9TR
recompiling module OAI31_X1M_A9TR
recompiling module OAI31_X4M_A9TR
recompiling module AOI31_X1M_A9TL
recompiling module AOI31_X4M_A9TL
recompiling module OAI31_X1M_A9TL
recompiling module OAI31_X4M_A9TL
recompiling module CGENCIN_X1M_A9TR
recompiling module CGENCON_X1P4M_A9TR
recompiling module CGENI_X2M_A9TR
recompiling module DFFQN_X0P5M_A9TR
recompiling module DFFQ_X0P5M_A9TR
recompiling module DFFQ_X4M_A9TR
recompiling module CGENCON_X1M_A9TL
recompiling module CGENI_X1P4M_A9TL
recompiling module DFFNQ_X3M_A9TL
recompiling module DFFQN_X3M_A9TL
recompiling module DFFQ_X3M_A9TL
recompiling module AOI211_X1M_A9TR
recompiling module AOI211_X4M_A9TR
recompiling module LATNQN_X0P5M_A9TR
recompiling module LATNQN_X4M_A9TR
recompiling module LATNQ_X3M_A9TR
recompiling module LATQN_X3M_A9TR
recompiling module LATQ_X2M_A9TR
recompiling module MXIT2_X1M_A9TR
recompiling module MXIT2_X4M_A9TR
recompiling module OA211_X1P4M_A9TR
recompiling module OA211_X6M_A9TR
recompiling module OAI211_X1P4M_A9TR
recompiling module AOI211_X0P5M_A9TL
recompiling module AOI211_X2M_A9TL
recompiling module CGEN_X1P4M_A9TL
recompiling module LATNQN_X2M_A9TL
recompiling module LATNQ_X1M_A9TL
recompiling module LATQN_X1M_A9TL
recompiling module LATQ_X0P5M_A9TL
recompiling module MXIT2_X0P5M_A9TL
recompiling module MXIT2_X2M_A9TL
recompiling module OA211_X0P7M_A9TL
recompiling module OA211_X3M_A9TL
recompiling module OAI211_X0P7M_A9TL
recompiling module OAI211_X3M_A9TL
recompiling module CGEN_X1M_A9TH
recompiling module OAI211_X1M_A9TH
recompiling module MX2_X1P4B_A9TR
recompiling module MX2_X6B_A9TR
recompiling module MXGL2_X1B_A9TR
recompiling module MXGL2_X4B_A9TR
recompiling module MXT2_X0P7B_A9TR
recompiling iling module MXT2_X0P7M_A9TR
recompiling module MXT2_X1P4M_A9TR
recompiling module MXT2_X3M_A9TR
recompiling module MXT2_X6M_A9TR
recompiling module MX2_X1P4B_A9TL
recompiling module MX2_X6B_A9TL
recompiling module MXGL2_X1B_A9TL
recompiling module MXGL2_X4B_A9TL
recompiling module MXT2_X0P7B_A9TL
recompiling module MXT2_X1P4B_A9TL
recompiling module MXT2_X3B_A9TL
recompiling module MXT2_X6B_A9TL
recompiling module MXT2_X0P7M_A9TH
recompiling module ADDH_X2M_A9TR
recompiling module AO21B_X1P4M_A9TR
recompiling module AO21B_X6M_A9TR
recompiling module AOI21B_X1P4M_A9TR
recompiling module AOI21B_X6M_A9TR
recompiling module AOI2XB1_X1M_A9TR
recompiling module AOI2XB1_X4M_A9TR
recompiling module OA21B_X0P7M_A9TR
recompiling module OA21B_X3M_A9TR
recompiling module OAI21B_X0P5M_A9TR
recompiling module OAI21B_X2M_A9TR
recompiling module OAI21B_X8M_A9TR
recompiling module OAI2XB1_X1P4M_A9TR
recompiling module OAI2XB1_X6M_A9TR
recompiling module ADDH_X2M_A9TL
recompiling module AO21B_X1P4M_A9TL
recompiling module AO21B_X6M_A9TL
recompiling module AOI21B_X1P4M_A9TL
recompiling module AOI21B_X6M_A9TL
recompiling module AOI2XB1_X1M_A9TL
recompiling module AOI2XB1_X4M_A9TL
recompiling module OA21B_X0P7M_A9TL
recompiling module OA21B_X3M_A9TL
recompiling module OAI21B_X0P5M_A9TL
recompiling module OAI21B_X2M_A9TL
recompiling module OAI21B_X8M_A9TL
recompiling module OAI2XB1_X1P4M_A9TL
recompiling module OAI2XB1_X6M_A9TL
recompiling module AO21B_X0P7M_A9TH
recompiling module OAI2XB1_X1M_A9TH
recompiling module AO1B2_X1M_A9TR
recompiling module AO1B2_X4M_A9TR
recompiling module AO21_X1M_A9TR
recompiling module AO21_X4M_A9TR
recompiling module AOI21_X1M_A9TR
recompiling module AOI21_X4M_A9TR
recompiling module NAND4BB_X0P7M_A9TR
recompiling module NAND4BB_X3M_A9TR
recompiling module NOR4BB_X0P7M_A9TR
recompiling module NOR4BB_X3M_A9TR
recompiling module OA1B2_X1M_A9TR
recompiling module OA1B2_X4M_A9TR
recompiling module OA21_X0P7M_A9TR
recompiling module OA21_X3M_A9TR
recompiling module OAI21_X0P5M_A9TR
recompiling module OAI21_X2M_A9TR
recompiling module OAI21_X8M_A9TR
recompiling module OR6_X1P4M_A9TR
recompiling module OR6_X6M_A9TR
recompiling module AO1B2_X1P4M_A9TL
recompiling module AO1B2_X6M_A9TL
recompiling module AO21_X1P4M_A9TL
recompiling module AO21_X6M_A9TL
recompiling module AOI21_X1P4M_A9TL
recompiling module AOI21_X6M_A9TL
recompiling module NAND4BB_X1M_A9TL
recompiling module NAND4BB_X4M_A9TL
recompiling module NOR4BB_X1M_A9TL
recompiling module NOR4BB_X4M_A9TL
recompiling module OA1B2_X1P4M_A9TL
recompiling module OA1B2_X6M_A9TL
recompiling module OA21_X1M_A9TL
recompiling module OA21_X4M_A9TL
recompiling module OAI21_X0P7M_A9TL
recompiling module OAI21_X3M_A9TL
recompiling module OR6_X0P5M_A9TL
recompiling module OR6_X2M_A9TL
recompiling module AO1B2_X2M_A9TH
recompiling module AOI21_X0P5M_A9TH
recompiling module NAND4BB_X1M_A9TH
recompiling module OAI21_X0P5M_A9TH
recompiling module OAI21_X2M_A9TH
recompiling module NAND3BB_X1P4M_A9TR
recompiling module NAND3BB_X6M_A9TR
recompiling module NAND4B_X1M_A9TR
recompiling module NAND4B_X4M_A9TR
recompiling module NAND4XXXB_X1P4M_A9TR
recompiling module NOR3BB_X0P5M_A9TR
recompiling module NOR3BB_X2M_A9TR
recompiling module NOR3BB_X8M_A9TR
recompiling module NAND3BB_X1P4M_A9TL
recompiling module NAND3BB_X6M_A9TL
recompiling module NAND4B_X1M_A9TL
recompiling module NAND4B_X4M_A9TL
recompiling module NAND4XXXB_X1P4M_A9TL
recompiling module NOR3BB_X0P5M_A9TL
recompiling module NOR3BB_X2M_A9TL
recompiling module NOR3BB_X8M_A9TL
recompiling module NOR3BB_X0P5M_A9TH
recompiling module AND4_X1M_A9TR
recompiling module AND4_X4M_A9TR
recompiling module NAND3B_X0P7M_A9TR
recompiling module NAND3B_X3M_A9TR
recompiling module NAND3XXB_X0P7M_A9TR
recompiling module NAND3XXB_X3M_A9TR
recompiling module NAND4_X0P5M_A9TR
recompiling module NAND4_X1M_A9TR
recompiling module NAND4_X2M_A9TR
recompiling module NAND4_X4M_A9TR
recompiling module OR4_X1P4M_A9TR
recompiling module OR4_X6M_A9TR
recompiling module XNOR2_X1M_A9TR
recompiling module XNOR2_X4M_A9TR
recompiling module XOR2_X1P4M_A9TR
r_A9TR
recompiling module MXT2_X0P5M_A9TR
recompiling module MXT2_X1M_A9TR
recompiling module MXT2_X2M_A9TR
recompiling module MXT2_X4M_A9TR
recompiling module MX2_X0P7B_A9TL
recompiling module MX2_X3B_A9TL
recompiling module MXGL2_X0P5B_A9TL
recompiling module MXGL2_X2B_A9TL
recompiling module MXT2_X0P5B_A9TL
recompiling module MXT2_X1B_A9TL
recompiling module MXT2_X2B_A9TL
recompiling module MXT2_X4B_A9TL
recompiling module MX2_X0P5B_A9TH
recompiling module ADDH_X1M_A9TR
recompiling module AO21B_X0P7M_A9TR
recompiling module AO21B_X3M_A9TR
recompiling module AOI21B_X0P7M_A9TR
recompiling module AOI21B_X3M_A9TR
recompiling module AOI2XB1_X0P5M_A9TR
recompiling module AOI2XB1_X2M_A9TR
recompiling module AOI2XB1_X8M_A9TR
recompiling module OA21B_X1P4M_A9TR
recompiling module OA21B_X6M_A9TR
recompiling module OAI21B_X1M_A9TR
recompiling module OAI21B_X4M_A9TR
recompiling module OAI2XB1_X0P7M_A9TR
recompiling module OAI2XB1_X3M_A9TR
recompiling module ADDH_X1M_A9TL
recompiling module AO21B_X0P7M_A9TL
recompiling module AO21B_X3M_A9TL
recompiling module AOI21B_X0P7M_A9TL
recompiling module AOI21B_X3M_A9TL
recompiling module AOI2XB1_X0P5M_A9TL
recompiling module AOI2XB1_X2M_A9TL
recompiling module AOI2XB1_X8M_A9TL
recompiling module OA21B_X1P4M_A9TL
recompiling module OA21B_X6M_A9TL
recompiling module OAI21B_X1M_A9TL
recompiling module OAI21B_X4M_A9TL
recompiling module OAI2XB1_X0P7M_A9TL
recompiling module OAI2XB1_X3M_A9TL
recompiling module ADDH_X1M_A9TH
recompiling module AOI21B_X0P5M_A9TH
recompiling module AO1B2_X0P5M_A9TR
recompiling module AO1B2_X2M_A9TR
recompiling module AO21_X0P5M_A9TR
recompiling module AO21_X2M_A9TR
recompiling module AOI21_X0P5M_A9TR
recompiling module AOI21_X2M_A9TR
recompiling module AOI21_X8M_A9TR
recompiling module NAND4BB_X1P4M_A9TR
recompiling module NAND4BB_X6M_A9TR
recompiling module NOR4BB_X1P4M_A9TR
recompiling module OA1B2_X0P5M_A9TR
recompiling module OA1B2_X2M_A9TR
recompiling module OA1B2_X8M_A9TR
recompiling module OA21_X1P4M_A9TR
recompiling module OA21_X6M_A9TR
recompiling module OAI21_X1M_A9TR
recompiling module OAI21_X4M_A9TR
recompiling module OR6_X0P7M_A9TR
recompiling module OR6_X3M_A9TR
recompiling module AO1B2_X0P7M_A9TL
recompiling module AO1B2_X3M_A9TL
recompiling module AO21_X0P7M_A9TL
recompiling module AO21_X3M_A9TL
recompiling module AOI21_X0P7M_A9TL
recompiling module AOI21_X3M_A9TL
recompiling module NAND4BB_X0P5M_A9TL
recompiling module NAND4BB_X2M_A9TL
recompiling module NOR4BB_X0P5M_A9TL
recompiling module NOR4BB_X2M_A9TL
recompiling module OA1B2_X0P7M_A9TL
recompiling module OA1B2_X3M_A9TL
recompiling module OA21_X0P5M_A9TL
recompiling module OA21_X2M_A9TL
recompiling module OA21_X8M_A9TL
recompiling module OAI21_X1P4M_A9TL
recompiling module OAI21_X6M_A9TL
recompiling module OR6_X1M_A9TL
recompiling module OR6_X4M_A9TL
recompiling module AO21_X0P7M_A9TH
recompiling module AOI21_X1M_A9TH
recompiling module OA21_X0P7M_A9TH
recompiling module OAI21_X1M_A9TH
recompiling module NAND3BB_X0P7M_A9TR
recompiling module NAND3BB_X3M_A9TR
recompiling module NAND4B_X0P5M_A9TR
recompiling module NAND4B_X2M_A9TR
recompiling module NAND4XXXB_X0P7M_A9TR
recompiling module NAND4XXXB_X3M_A9TR
recompiling module NOR3BB_X1M_A9TR
recompiling module NOR3BB_X4M_A9TR
recompiling module NAND3BB_X0P7M_A9TL
recompiling module NAND3BB_X3M_A9TL
recompiling module NAND4B_X0P5M_A9TL
recompiling module NAND4B_X2M_A9TL
recompiling module NAND4XXXB_X0P7M_A9TL
recompiling module NAND4XXXB_X3M_A9TL
recompiling module NOR3BB_X1M_A9TL
recompiling module NOR3BB_X4M_A9TL
recompiling module NAND3BB_X0P7M_A9TH
recompiling module AND4_X0P5M_A9TR
recompiling module AND4_X2M_A9TR
recompiling module AND4_X8M_A9TR
recompiling module NAND3B_X1P4M_A9TR
recompiling module NAND3B_X6M_A9TR
recompiling module NAND3XXB_X1P4M_A9TR
recompiling module NAND3XXB_X6M_A9TR
recompiling module NAND4_X0P7M_A9TR
recompiling module NAND4_X1P4M_A9TR
recompiling module NAND4_X3M_A9TR
recompiling module OR4_X0P7M_A9TR
recompiling module OR4_X3M_A9TR
recompiling module XNOR2_X0P5M_A9TR
recompiling module XNOR2_X2M_A9TR
recompilingmodule MXT2_X1P4B_A9TR
recompiling module MXT2_X3B_A9TR
recompiling module MXT2_X6B_A9TR
recompiling module MX2_X1B_A9TL
recompiling module MX2_X4B_A9TL
recompiling module MXGL2_X0P7B_A9TL
recompiling module MXGL2_X3B_A9TL
recompiling module MXT2_X0P5M_A9TL
recompiling module MXT2_X1M_A9TL
recompiling module MXT2_X2M_A9TL
recompiling module MXT2_X4M_A9TL
recompiling module MXT2_X0P5M_A9TH
recompiling module ADDH_X1P4M_A9TR
recompiling module AO21B_X1M_A9TR
recompiling module AO21B_X4M_A9TR
recompiling module AOI21B_X1M_A9TR
recompiling module AOI21B_X4M_A9TR
recompiling module AOI2XB1_X0P7M_A9TR
recompiling module AOI2XB1_X3M_A9TR
recompiling module OA21B_X0P5M_A9TR
recompiling module OA21B_X2M_A9TR
recompiling module OA21B_X8M_A9TR
recompiling module OAI21B_X1P4M_A9TR
recompiling module OAI21B_X6M_A9TR
recompiling module OAI2XB1_X1M_A9TR
recompiling module OAI2XB1_X4M_A9TR
recompiling module ADDH_X1P4M_A9TL
recompiling module AO21B_X1M_A9TL
recompiling module AO21B_X4M_A9TL
recompiling module AOI21B_X1M_A9TL
recompiling module AOI21B_X4M_A9TL
recompiling module AOI2XB1_X0P7M_A9TL
recompiling module AOI2XB1_X3M_A9TL
recompiling module OA21B_X0P5M_A9TL
recompiling module OA21B_X2M_A9TL
recompiling module OA21B_X8M_A9TL
recompiling module OAI21B_X1P4M_A9TL
recompiling module OAI21B_X6M_A9TL
recompiling module OAI2XB1_X1M_A9TL
recompiling module OAI2XB1_X4M_A9TL
recompiling module AO21B_X0P5M_A9TH
recompiling module OAI2XB1_X0P5M_A9TH
recompiling module AO1B2_X0P7M_A9TR
recompiling module AO1B2_X3M_A9TR
recompiling module AO21_X0P7M_A9TR
recompiling module AO21_X3M_A9TR
recompiling module AOI21_X0P7M_A9TR
recompiling module AOI21_X3M_A9TR
recompiling module NAND4BB_X0P5M_A9TR
recompiling module NAND4BB_X2M_A9TR
recompiling module NOR4BB_X0P5M_A9TR
recompiling module NOR4BB_X2M_A9TR
recompiling module OA1B2_X0P7M_A9TR
recompiling module OA1B2_X3M_A9TR
recompiling module OA21_X0P5M_A9TR
recompiling module OA21_X2M_A9TR
recompiling module OA21_X8M_A9TR
recompiling module OAI21_X1P4M_A9TR
recompiling module OAI21_X6M_A9TR
recompiling module OR6_X1M_A9TR
recompiling module OR6_X4M_A9TR
recompiling module AO1B2_X1M_A9TL
recompiling module AO1B2_X4M_A9TL
recompiling module AO21_X1M_A9TL
recompiling module AO21_X4M_A9TL
recompiling module AOI21_X1M_A9TL
recompiling module AOI21_X4M_A9TL
recompiling module NAND4BB_X0P7M_A9TL
recompiling module NAND4BB_X3M_A9TL
recompiling module NOR4BB_X0P7M_A9TL
recompiling module NOR4BB_X3M_A9TL
recompiling module OA1B2_X1M_A9TL
recompiling module OA1B2_X4M_A9TL
recompiling module OA21_X0P7M_A9TL
recompiling module OA21_X3M_A9TL
recompiling module OAI21_X0P5M_A9TL
recompiling module OAI21_X2M_A9TL
recompiling module OAI21_X8M_A9TL
recompiling module OR6_X1P4M_A9TL
recompiling module OR6_X6M_A9TL
recompiling module AO21_X1M_A9TH
recompiling module AOI21_X2M_A9TH
recompiling module OA21_X1M_A9TH
recompiling module OAI21_X1P4M_A9TH
recompiling module NAND3BB_X1M_A9TR
recompiling module NAND3BB_X4M_A9TR
recompiling module NAND4B_X0P7M_A9TR
recompiling module NAND4B_X3M_A9TR
recompiling module NAND4XXXB_X1M_A9TR
recompiling module NAND4XXXB_X4M_A9TR
recompiling module NOR3BB_X1P4M_A9TR
recompiling module NOR3BB_X6M_A9TR
recompiling module NAND3BB_X1M_A9TL
recompiling module NAND3BB_X4M_A9TL
recompiling module NAND4B_X0P7M_A9TL
recompiling module NAND4B_X3M_A9TL
recompiling module NAND4XXXB_X1M_A9TL
recompiling module NAND4XXXB_X4M_A9TL
recompiling module NOR3BB_X1P4M_A9TL
recompiling module NOR3BB_X6M_A9TL
recompiling module NAND3BB_X1M_A9TH
recompiling module AND4_X0P7M_A9TR
recompiling module AND4_X3M_A9TR
recompiling module NAND3B_X0P5M_A9TR
recompiling module NAND3B_X2M_A9TR
recompiling module NAND3XXB_X0P5M_A9TR
recompiling module NAND3XXB_X2M_A9TR
recompiling module NAND4_X0P5A_A9TR
recompiling module NAND4_X1A_A9TR
recompiling module NAND4_X2A_A9TR
recompiling module NAND4_X4A_A9TR
recompiling module OR4_X1M_A9TR
recompiling module OR4_X4M_A9TR
recompiling module XNOR2_X0P7M_A9TR
recompiling module XNOR2_X3M_A9TR
recompiling module XOR2_X1M_A9TR
recompiling module XOR2_X4M_A9TR
recompiling modul
recompiling module MXT2_X0P5B_A9TR
recompiling module MXT2_X1B_A9TR
recompiling module MXT2_X2B_A9TR
recompiling module MXT2_X4B_A9TR
recompiling module MX2_X0P5B_A9TL
recompiling module MX2_X2B_A9TL
recompiling module MX2_X8B_A9TL
recompiling module MXGL2_X1P4B_A9TL
recompiling module MXGL2_X6B_A9TL
recompiling module MXT2_X0P7M_A9TL
recompiling module MXT2_X1P4M_A9TL
recompiling module MXT2_X3M_A9TL
recompiling module MXT2_X6M_A9TL
recompiling module MXT2_X1M_A9TH
recompiling module AO21B_X0P5M_A9TR
recompiling module AO21B_X2M_A9TR
recompiling module AOI21B_X0P5M_A9TR
recompiling module AOI21B_X2M_A9TR
recompiling module AOI21B_X8M_A9TR
recompiling module AOI2XB1_X1P4M_A9TR
recompiling module AOI2XB1_X6M_A9TR
recompiling module OA21B_X1M_A9TR
recompiling module OA21B_X4M_A9TR
recompiling module OAI21B_X0P7M_A9TR
recompiling module OAI21B_X3M_A9TR
recompiling module OAI2XB1_X0P5M_A9TR
recompiling module OAI2XB1_X2M_A9TR
recompiling module OAI2XB1_X8M_A9TR
recompiling module AO21B_X0P5M_A9TL
recompiling module AO21B_X2M_A9TL
recompiling module AOI21B_X0P5M_A9TL
recompiling module AOI21B_X2M_A9TL
recompiling module AOI21B_X8M_A9TL
recompiling module AOI2XB1_X1P4M_A9TL
recompiling module AOI2XB1_X6M_A9TL
recompiling module OA21B_X1M_A9TL
recompiling module OA21B_X4M_A9TL
recompiling module OAI21B_X0P7M_A9TL
recompiling module OAI21B_X3M_A9TL
recompiling module OAI2XB1_X0P5M_A9TL
recompiling module OAI2XB1_X2M_A9TL
recompiling module OAI2XB1_X8M_A9TL
recompiling module AO21B_X1M_A9TH
recompiling module OAI2XB1_X4M_A9TH
recompiling module AO1B2_X1P4M_A9TR
recompiling module AO1B2_X6M_A9TR
recompiling module AO21_X1P4M_A9TR
recompiling module AO21_X6M_A9TR
recompiling module AOI21_X1P4M_A9TR
recompiling module AOI21_X6M_A9TR
recompiling module NAND4BB_X1M_A9TR
recompiling module NAND4BB_X4M_A9TR
recompiling module NOR4BB_X1M_A9TR
recompiling module NOR4BB_X4M_A9TR
recompiling module OA1B2_X1P4M_A9TR
recompiling module OA1B2_X6M_A9TR
recompiling module OA21_X1M_A9TR
recompiling module OA21_X4M_A9TR
recompiling module OAI21_X0P7M_A9TR
recompiling module OAI21_X3M_A9TR
recompiling module OR6_X0P5M_A9TR
recompiling module OR6_X2M_A9TR
recompiling module AO1B2_X0P5M_A9TL
recompiling module AO1B2_X2M_A9TL
recompiling module AO21_X0P5M_A9TL
recompiling module AO21_X2M_A9TL
recompiling module AOI21_X0P5M_A9TL
recompiling module AOI21_X2M_A9TL
recompiling module AOI21_X8M_A9TL
recompiling module NAND4BB_X1P4M_A9TL
recompiling module NAND4BB_X6M_A9TL
recompiling module NOR4BB_X1P4M_A9TL
recompiling module OA1B2_X0P5M_A9TL
recompiling module OA1B2_X2M_A9TL
recompiling module OA1B2_X8M_A9TL
recompiling module OA21_X1P4M_A9TL
recompiling module OA21_X6M_A9TL
recompiling module OAI21_X1M_A9TL
recompiling module OAI21_X4M_A9TL
recompiling module OR6_X0P7M_A9TL
recompiling module OR6_X3M_A9TL
recompiling module AO1B2_X3M_A9TH
recompiling module AOI21_X0P7M_A9TH
recompiling module OA21_X0P5M_A9TH
recompiling module OAI21_X0P7M_A9TH
recompiling module NAND3BB_X0P5M_A9TR
recompiling module NAND3BB_X2M_A9TR
recompiling module NAND3BB_X8M_A9TR
recompiling module NAND4B_X1P4M_A9TR
recompiling module NAND4XXXB_X0P5M_A9TR
recompiling module NAND4XXXB_X2M_A9TR
recompiling module NOR3BB_X0P7M_A9TR
recompiling module NOR3BB_X3M_A9TR
recompiling module NAND3BB_X0P5M_A9TL
recompiling module NAND3BB_X2M_A9TL
recompiling module NAND3BB_X8M_A9TL
recompiling module NAND4B_X1P4M_A9TL
recompiling module NAND4XXXB_X0P5M_A9TL
recompiling module NAND4XXXB_X2M_A9TL
recompiling module NOR3BB_X0P7M_A9TL
recompiling module NOR3BB_X3M_A9TL
recompiling module NAND3BB_X0P5M_A9TH
recompiling module NOR3BB_X0P7M_A9TH
recompiling module AND4_X1P4M_A9TR
recompiling module AND4_X6M_A9TR
recompiling module NAND3B_X1M_A9TR
recompiling module NAND3B_X4M_A9TR
recompiling module NAND3XXB_X1M_A9TR
recompiling module NAND3XXB_X4M_A9TR
recompiling module NAND4_X0P7A_A9TR
recompiling module NAND4_X1P4A_A9TR
recompiling module NAND4_X3A_A9TR
recompiling module OR4_X0P5M_A9TR
recompiling module OR4_X2M_A9TR
recompiling module OR4_X8M_A9TR
recompiling module XNOR2_X1P4M_A9TR
recompiliecompiling module AND4_X0P5M_A9TL
recompiling module AND4_X2M_A9TL
recompiling module AND4_X8M_A9TL
recompiling module NAND3B_X1P4M_A9TL
recompiling module NAND3B_X6M_A9TL
recompiling module NAND3XXB_X1P4M_A9TL
recompiling module NAND3XXB_X6M_A9TL
recompiling module NAND4_X0P7M_A9TL
recompiling module NAND4_X1P4M_A9TL
recompiling module NAND4_X3M_A9TL
recompiling module OR4_X0P7M_A9TL
recompiling module OR4_X3M_A9TL
recompiling module XNOR2_X0P5M_A9TL
recompiling module XNOR2_X2M_A9TL
recompiling module XOR2_X0P7M_A9TL
recompiling module XOR2_X3M_A9TL
recompiling module XNOR2_X0P7M_A9TH
recompiling module XNOR2_X3M_A9TH
recompiling module XOR2_X1P4M_A9TH
recompiling module AND3_X0P7M_A9TR
recompiling module AND3_X2M_A9TR
recompiling module AND3_X8M_A9TR
recompiling module NAND2B_X1P4M_A9TR
recompiling module NAND2B_X6M_A9TR
recompiling module NAND2XB_X1M_A9TR
recompiling module NAND2XB_X4M_A9TR
recompiling module NAND3_X0P5M_A9TR
recompiling module NAND3_X1M_A9TR
recompiling module NAND3_X2M_A9TR
recompiling module NAND3_X4M_A9TR
recompiling module NOR2B_X0P7M_A9TR
recompiling module NOR2B_X3M_A9TR
recompiling module NOR2XB_X0P5M_A9TR
recompiling module NOR2XB_X2M_A9TR
recompiling module NOR2XB_X8M_A9TR
recompiling module NOR3_X0P7M_A9TR
recompiling module NOR3_X1P4M_A9TR
recompiling module NOR3_X3M_A9TR
recompiling module OR3_X0P7M_A9TR
recompiling module OR3_X3M_A9TR
recompiling module AND3_X0P5M_A9TL
recompiling module AND3_X1P4M_A9TL
recompiling module AND3_X6M_A9TL
recompiling module NAND2B_X1M_A9TL
recompiling module NAND2B_X4M_A9TL
recompiling module NAND2XB_X0P7M_A9TL
recompiling module NAND2XB_X3M_A9TL
recompiling module NAND3_X0P5A_A9TL
recompiling module NAND3_X1A_A9TL
recompiling module NAND3_X2A_A9TL
recompiling module NAND3_X4A_A9TL
recompiling module NOR2B_X0P5M_A9TL
recompiling module NOR2B_X2M_A9TL
recompiling module NOR2B_X8M_A9TL
recompiling module NOR2XB_X1P4M_A9TL
recompiling module NOR2XB_X6M_A9TL
recompiling module NOR3_X0P7A_A9TL
recompiling module NOR3_X1P4A_A9TL
recompiling module NOR3_X3A_A9TL
recompiling module OR3_X0P5M_A9TL
recompiling module OR3_X2M_A9TL
recompiling module OR3_X8M_A9TL
recompiling module NAND2XB_X3M_A9TH
recompiling module NAND3_X0P7M_A9TH
recompiling module NOR2B_X3M_A9TH
recompiling module NOR3_X0P5A_A9TH
recompiling module AND2_X0P5M_A9TR
recompiling module AND2_X11M_A9TR
recompiling module AND2_X1P4M_A9TR
recompiling module AND2_X3M_A9TR
recompiling module AND2_X6M_A9TR
recompiling module BUFZ_X16M_A9TR
recompiling module BUFZ_X3M_A9TR
recompiling module NAND2_X0P5A_A9TR
recompiling module NAND2_X0P7B_A9TR
recompiling module NAND2_X1M_A9TR
recompiling module NAND2_X2A_A9TR
recompiling module NAND2_X3B_A9TR
recompiling module NAND2_X4M_A9TR
recompiling module NAND2_X8A_A9TR
recompiling module NOR2_X0P5B_A9TR
recompiling module NOR2_X0P7M_A9TR
recompiling module NOR2_X1P4A_A9TR
recompiling module NOR2_X2B_A9TR
recompiling module NOR2_X3M_A9TR
recompiling module NOR2_X6A_A9TR
recompiling module NOR2_X8B_A9TR
recompiling module OR2_X0P7B_A9TR
recompiling module OR2_X1B_A9TR
recompiling module OR2_X2B_A9TR
recompiling module OR2_X4B_A9TR
recompiling module OR2_X8B_A9TR
recompiling module AND2_X0P7B_A9TL
recompiling module AND2_X1B_A9TL
recompiling module AND2_X2B_A9TL
recompiling module AND2_X4B_A9TL
recompiling module AND2_X8B_A9TL
recompiling module BUFZ_X1M_A9TL
recompiling module BUFZ_X4M_A9TL
recompiling module NAND2_X0P5B_A9TL
recompiling module NAND2_X0P7M_A9TL
recompiling module NAND2_X1P4A_A9TL
recompiling module NAND2_X2B_A9TL
recompiling module NAND2_X3M_A9TL
recompiling module NAND2_X6A_A9TL
recompiling module NAND2_X8B_A9TL
recompiling module NOR2_X0P5M_A9TL
recompiling module NOR2_X1A_A9TL
recompiling module NOR2_X1P4B_A9TL
recompiling module NOR2_X2M_A9TL
recompiling module NOR2_X4A_A9TL
recompiling module NOR2_X6B_A9TL
recompiling module NOR2_X8M_A9TL
recompiling module OR2_X0P7M_A9TL
recompiling module OR2_X1M_A9TL
recompiling module OR2_X2M_A9TL
recompiling module OR2_X4M_A9TL
recompiling module OR2_X8M_A9TL
recompiling module AND2_X1B_A9TH
recompiling modu module XOR2_X0P7M_A9TR
recompiling module XOR2_X3M_A9TR
recompiling module AND4_X1M_A9TL
recompiling module AND4_X4M_A9TL
recompiling module NAND3B_X0P7M_A9TL
recompiling module NAND3B_X3M_A9TL
recompiling module NAND3XXB_X0P7M_A9TL
recompiling module NAND3XXB_X3M_A9TL
recompiling module NAND4_X0P5M_A9TL
recompiling module NAND4_X1M_A9TL
recompiling module NAND4_X2M_A9TL
recompiling module NAND4_X4M_A9TL
recompiling module OR4_X1P4M_A9TL
recompiling module OR4_X6M_A9TL
recompiling module XNOR2_X1M_A9TL
recompiling module XNOR2_X4M_A9TL
recompiling module XOR2_X1P4M_A9TL
recompiling module NAND4_X0P5A_A9TH
recompiling module XNOR2_X1P4M_A9TH
recompiling module XOR2_X0P7M_A9TH
recompiling module XOR2_X4M_A9TH
recompiling module AND3_X1M_A9TR
recompiling module AND3_X4M_A9TR
recompiling module NAND2B_X0P7M_A9TR
recompiling module NAND2B_X3M_A9TR
recompiling module NAND2XB_X0P5M_A9TR
recompiling module NAND2XB_X2M_A9TR
recompiling module NAND2XB_X8M_A9TR
recompiling module NAND3_X0P7M_A9TR
recompiling module NAND3_X1P4M_A9TR
recompiling module NAND3_X3M_A9TR
recompiling module NAND3_X6M_A9TR
recompiling module NOR2B_X1P4M_A9TR
recompiling module NOR2B_X6M_A9TR
recompiling module NOR2XB_X1M_A9TR
recompiling module NOR2XB_X4M_A9TR
recompiling module NOR3_X0P5M_A9TR
recompiling module NOR3_X1M_A9TR
recompiling module NOR3_X2M_A9TR
recompiling module NOR3_X4M_A9TR
recompiling module OR3_X1P4M_A9TR
recompiling module OR3_X6M_A9TR
recompiling module AND3_X11M_A9TL
recompiling module AND3_X3M_A9TL
recompiling module NAND2B_X0P5M_A9TL
recompiling module NAND2B_X2M_A9TL
recompiling module NAND2B_X8M_A9TL
recompiling module NAND2XB_X1P4M_A9TL
recompiling module NAND2XB_X6M_A9TL
recompiling module NAND3_X0P7A_A9TL
recompiling module NAND3_X1P4A_A9TL
recompiling module NAND3_X3A_A9TL
recompiling module NAND3_X6A_A9TL
recompiling module NOR2B_X1M_A9TL
recompiling module NOR2B_X4M_A9TL
recompiling module NOR2XB_X0P7M_A9TL
recompiling module NOR2XB_X3M_A9TL
recompiling module NOR3_X0P5A_A9TL
recompiling module NOR3_X1A_A9TL
recompiling module NOR3_X2A_A9TL
recompiling module NOR3_X4A_A9TL
recompiling module OR3_X1M_A9TL
recompiling module OR3_X4M_A9TL
recompiling module NAND2XB_X0P7M_A9TH
recompiling module NAND3_X0P5A_A9TH
recompiling module NAND3_X1M_A9TH
recompiling module NOR2XB_X1M_A9TH
recompiling module TESTBED
recompiling module AND2_X0P7M_A9TR
recompiling module AND2_X1M_A9TR
recompiling module AND2_X2M_A9TR
recompiling module AND2_X4M_A9TR
recompiling module AND2_X8M_A9TR
recompiling module BUFZ_X1P4M_A9TR
recompiling module BUFZ_X6M_A9TR
recompiling module NAND2_X0P5M_A9TR
recompiling module NAND2_X1A_A9TR
recompiling module NAND2_X1P4B_A9TR
recompiling module NAND2_X2M_A9TR
recompiling module NAND2_X4A_A9TR
recompiling module NAND2_X6B_A9TR
recompiling module NAND2_X8M_A9TR
recompiling module NOR2_X0P7A_A9TR
recompiling module NOR2_X1B_A9TR
recompiling module NOR2_X1P4M_A9TR
recompiling module NOR2_X3A_A9TR
recompiling module NOR2_X4B_A9TR
recompiling module NOR2_X6M_A9TR
recompiling module OR2_X0P5B_A9TR
recompiling module OR2_X11B_A9TR
recompiling module OR2_X1P4B_A9TR
recompiling module OR2_X3B_A9TR
recompiling module OR2_X6B_A9TR
recompiling module AND2_X0P5B_A9TL
recompiling module AND2_X11B_A9TL
recompiling module AND2_X1P4B_A9TL
recompiling module AND2_X3B_A9TL
recompiling module AND2_X6B_A9TL
recompiling module BUFZ_X11M_A9TL
recompiling module BUFZ_X2M_A9TL
recompiling module BUFZ_X8M_A9TL
recompiling module NAND2_X0P7A_A9TL
recompiling module NAND2_X1B_A9TL
recompiling module NAND2_X1P4M_A9TL
recompiling module NAND2_X3A_A9TL
recompiling module NAND2_X4B_A9TL
recompiling module NAND2_X6M_A9TL
recompiling module NOR2_X0P5A_A9TL
recompiling module NOR2_X0P7B_A9TL
recompiling module NOR2_X1M_A9TL
recompiling module NOR2_X2A_A9TL
recompiling module NOR2_X3B_A9TL
recompiling module NOR2_X4M_A9TL
recompiling module NOR2_X8A_A9TL
recompiling module OR2_X0P5M_A9TL
recompiling module OR2_X11M_A9TL
recompiling module OR2_X1P4M_A9TL
recompiling module OR2_X3M_A9TL
recompiling module OR2_X6M_A9TL
recompiling module AND2_X0P7B_A9e AND4_X1P4M_A9TL
recompiling module AND4_X6M_A9TL
recompiling module NAND3B_X1M_A9TL
recompiling module NAND3B_X4M_A9TL
recompiling module NAND3XXB_X1M_A9TL
recompiling module NAND3XXB_X4M_A9TL
recompiling module NAND4_X0P7A_A9TL
recompiling module NAND4_X1P4A_A9TL
recompiling module NAND4_X3A_A9TL
recompiling module OR4_X0P5M_A9TL
recompiling module OR4_X2M_A9TL
recompiling module OR4_X8M_A9TL
recompiling module XNOR2_X1P4M_A9TL
recompiling module XOR2_X0P5M_A9TL
recompiling module XOR2_X2M_A9TL
recompiling module XNOR2_X0P5M_A9TH
recompiling module XNOR2_X2M_A9TH
recompiling module XOR2_X1M_A9TH
recompiling module AND3_X0P5M_A9TR
recompiling module AND3_X1P4M_A9TR
recompiling module AND3_X6M_A9TR
recompiling module NAND2B_X1M_A9TR
recompiling module NAND2B_X4M_A9TR
recompiling module NAND2XB_X0P7M_A9TR
recompiling module NAND2XB_X3M_A9TR
recompiling module NAND3_X0P5A_A9TR
recompiling module NAND3_X1A_A9TR
recompiling module NAND3_X2A_A9TR
recompiling module NAND3_X4A_A9TR
recompiling module NOR2B_X0P5M_A9TR
recompiling module NOR2B_X2M_A9TR
recompiling module NOR2B_X8M_A9TR
recompiling module NOR2XB_X1P4M_A9TR
recompiling module NOR2XB_X6M_A9TR
recompiling module NOR3_X0P7A_A9TR
recompiling module NOR3_X1P4A_A9TR
recompiling module NOR3_X3A_A9TR
recompiling module OR3_X0P5M_A9TR
recompiling module OR3_X2M_A9TR
recompiling module OR3_X8M_A9TR
recompiling module AND3_X1M_A9TL
recompiling module AND3_X4M_A9TL
recompiling module NAND2B_X0P7M_A9TL
recompiling module NAND2B_X3M_A9TL
recompiling module NAND2XB_X0P5M_A9TL
recompiling module NAND2XB_X2M_A9TL
recompiling module NAND2XB_X8M_A9TL
recompiling module NAND3_X0P7M_A9TL
recompiling module NAND3_X1P4M_A9TL
recompiling module NAND3_X3M_A9TL
recompiling module NAND3_X6M_A9TL
recompiling module NOR2B_X1P4M_A9TL
recompiling module NOR2B_X6M_A9TL
recompiling module NOR2XB_X1M_A9TL
recompiling module NOR2XB_X4M_A9TL
recompiling module NOR3_X0P5M_A9TL
recompiling module NOR3_X1M_A9TL
recompiling module NOR3_X2M_A9TL
recompiling module NOR3_X4M_A9TL
recompiling module OR3_X1P4M_A9TL
recompiling module OR3_X6M_A9TL
recompiling module NAND2XB_X1M_A9TH
recompiling module NAND3_X0P5M_A9TH
recompiling module NOR2B_X0P7M_A9TH
recompiling module NOR2XB_X2M_A9TH
recompiling module AND2_X0P5B_A9TR
recompiling module AND2_X11B_A9TR
recompiling module AND2_X1P4B_A9TR
recompiling module AND2_X3B_A9TR
recompiling module AND2_X6B_A9TR
recompiling module BUFZ_X11M_A9TR
recompiling module BUFZ_X2M_A9TR
recompiling module BUFZ_X8M_A9TR
recompiling module NAND2_X0P7A_A9TR
recompiling module NAND2_X1B_A9TR
recompiling module NAND2_X1P4M_A9TR
recompiling module NAND2_X3A_A9TR
recompiling module NAND2_X4B_A9TR
recompiling module NAND2_X6M_A9TR
recompiling module NOR2_X0P5A_A9TR
recompiling module NOR2_X0P7B_A9TR
recompiling module NOR2_X1M_A9TR
recompiling module NOR2_X2A_A9TR
recompiling module NOR2_X3B_A9TR
recompiling module NOR2_X4M_A9TR
recompiling module NOR2_X8A_A9TR
recompiling module OR2_X0P5M_A9TR
recompiling module OR2_X11M_A9TR
recompiling module OR2_X1P4M_A9TR
recompiling module OR2_X3M_A9TR
recompiling module OR2_X6M_A9TR
recompiling module AND2_X0P5M_A9TL
recompiling module AND2_X11M_A9TL
recompiling module AND2_X1P4M_A9TL
recompiling module AND2_X3M_A9TL
recompiling module AND2_X6M_A9TL
recompiling module BUFZ_X16M_A9TL
recompiling module BUFZ_X3M_A9TL
recompiling module NAND2_X0P5A_A9TL
recompiling module NAND2_X0P7B_A9TL
recompiling module NAND2_X1M_A9TL
recompiling module NAND2_X2A_A9TL
recompiling module NAND2_X3B_A9TL
recompiling module NAND2_X4M_A9TL
recompiling module NAND2_X8A_A9TL
recompiling module NOR2_X0P5B_A9TL
recompiling module NOR2_X0P7M_A9TL
recompiling module NOR2_X1P4A_A9TL
recompiling module NOR2_X2B_A9TL
recompiling module NOR2_X3M_A9TL
recompiling module NOR2_X6A_A9TL
recompiling module NOR2_X8B_A9TL
recompiling module OR2_X0P7B_A9TL
recompiling module OR2_X1B_A9TL
recompiling module OR2_X2B_A9TL
recompiling module OR2_X4B_A9TL
recompiling module OR2_X8B_A9TL
recompiling module AND2_X0P7M_A9TH
recompiling module AND2_X2M_A9TH
recompiling module NAND2_X1P4M_A9ng module XOR2_X0P5M_A9TR
recompiling module XOR2_X2M_A9TR
recompiling module AND4_X0P7M_A9TL
recompiling module AND4_X3M_A9TL
recompiling module NAND3B_X0P5M_A9TL
recompiling module NAND3B_X2M_A9TL
recompiling module NAND3XXB_X0P5M_A9TL
recompiling module NAND3XXB_X2M_A9TL
recompiling module NAND4_X0P5A_A9TL
recompiling module NAND4_X1A_A9TL
recompiling module NAND4_X2A_A9TL
recompiling module NAND4_X4A_A9TL
recompiling module OR4_X1M_A9TL
recompiling module OR4_X4M_A9TL
recompiling module XNOR2_X0P7M_A9TL
recompiling module XNOR2_X3M_A9TL
recompiling module XOR2_X1M_A9TL
recompiling module XOR2_X4M_A9TL
recompiling module XNOR2_X1M_A9TH
recompiling module XOR2_X0P5M_A9TH
recompiling module XOR2_X3M_A9TH
recompiling module AND3_X11M_A9TR
recompiling module AND3_X3M_A9TR
recompiling module NAND2B_X0P5M_A9TR
recompiling module NAND2B_X2M_A9TR
recompiling module NAND2B_X8M_A9TR
recompiling module NAND2XB_X1P4M_A9TR
recompiling module NAND2XB_X6M_A9TR
recompiling module NAND3_X0P7A_A9TR
recompiling module NAND3_X1P4A_A9TR
recompiling module NAND3_X3A_A9TR
recompiling module NAND3_X6A_A9TR
recompiling module NOR2B_X1M_A9TR
recompiling module NOR2B_X4M_A9TR
recompiling module NOR2XB_X0P7M_A9TR
recompiling module NOR2XB_X3M_A9TR
recompiling module NOR3_X0P5A_A9TR
recompiling module NOR3_X1A_A9TR
recompiling module NOR3_X2A_A9TR
recompiling module NOR3_X4A_A9TR
recompiling module OR3_X1M_A9TR
recompiling module OR3_X4M_A9TR
recompiling module AND3_X0P7M_A9TL
recompiling module AND3_X2M_A9TL
recompiling module AND3_X8M_A9TL
recompiling module NAND2B_X1P4M_A9TL
recompiling module NAND2B_X6M_A9TL
recompiling module NAND2XB_X1M_A9TL
recompiling module NAND2XB_X4M_A9TL
recompiling module NAND3_X0P5M_A9TL
recompiling module NAND3_X1M_A9TL
recompiling module NAND3_X2M_A9TL
recompiling module NAND3_X4M_A9TL
recompiling module NOR2B_X0P7M_A9TL
recompiling module NOR2B_X3M_A9TL
recompiling module NOR2XB_X0P5M_A9TL
recompiling module NOR2XB_X2M_A9TL
recompiling module NOR2XB_X8M_A9TL
recompiling module NOR3_X0P7M_A9TL
recompiling module NOR3_X1P4M_A9TL
recompiling module NOR3_X3M_A9TL
recompiling module OR3_X0P7M_A9TL
recompiling module OR3_X3M_A9TL
recompiling module NAND2XB_X0P5M_A9TH
recompiling module NAND2XB_X8M_A9TH
recompiling module NAND3_X1A_A9TH
recompiling module NOR2XB_X0P5M_A9TH
recompiling module NOR3_X1M_A9TH
recompiling module AND2_X0P7B_A9TR
recompiling module AND2_X1B_A9TR
recompiling module AND2_X2B_A9TR
recompiling module AND2_X4B_A9TR
recompiling module AND2_X8B_A9TR
recompiling module BUFZ_X1M_A9TR
recompiling module BUFZ_X4M_A9TR
recompiling module NAND2_X0P5B_A9TR
recompiling module NAND2_X0P7M_A9TR
recompiling module NAND2_X1P4A_A9TR
recompiling module NAND2_X2B_A9TR
recompiling module NAND2_X3M_A9TR
recompiling module NAND2_X6A_A9TR
recompiling module NAND2_X8B_A9TR
recompiling module NOR2_X0P5M_A9TR
recompiling module NOR2_X1A_A9TR
recompiling module NOR2_X1P4B_A9TR
recompiling module NOR2_X2M_A9TR
recompiling module NOR2_X4A_A9TR
recompiling module NOR2_X6B_A9TR
recompiling module NOR2_X8M_A9TR
recompiling module OR2_X0P7M_A9TR
recompiling module OR2_X1M_A9TR
recompiling module OR2_X2M_A9TR
recompiling module OR2_X4M_A9TR
recompiling module OR2_X8M_A9TR
recompiling module AND2_X0P7M_A9TL
recompiling module AND2_X1M_A9TL
recompiling module AND2_X2M_A9TL
recompiling module AND2_X4M_A9TL
recompiling module AND2_X8M_A9TL
recompiling module BUFZ_X1P4M_A9TL
recompiling module BUFZ_X6M_A9TL
recompiling module NAND2_X0P5M_A9TL
recompiling module NAND2_X1A_A9TL
recompiling module NAND2_X1P4B_A9TL
recompiling module NAND2_X2M_A9TL
recompiling module NAND2_X4A_A9TL
recompiling module NAND2_X6B_A9TL
recompiling module NAND2_X8M_A9TL
recompiling module NOR2_X0P7A_A9TL
recompiling module NOR2_X1B_A9TL
recompiling module NOR2_X1P4M_A9TL
recompiling module NOR2_X3A_A9TL
recompiling module NOR2_X4B_A9TL
recompiling module NOR2_X6M_A9TL
recompiling module OR2_X0P5B_A9TL
recompiling module OR2_X11B_A9TL
recompiling module OR2_X1P4B_A9TL
recompiling module OR2_X3B_A9TL
recompiling module OR2_X6B_A9TL
recompiling module AND2_X0P5B_TH
recompiling module AND2_X2B_A9TH
recompiling module NAND2_X1A_A9TH
recompiling module NAND2_X4M_A9TH
recompiling module NOR2_X0P7M_A9TH
recompiling module NOR2_X2A_A9TH
recompiling module NOR2_X6A_A9TH
recompiling module OR2_X1B_A9TH
recompiling module ANTENNA1_A9TR
recompiling module BUFH_X13M_A9TR
recompiling module BUFH_X1P4M_A9TR
recompiling module BUFH_X3M_A9TR
recompiling module BUFH_X6M_A9TR
recompiling module BUF_X0P7M_A9TR
recompiling module BUF_X11M_A9TR
recompiling module BUF_X16M_A9TR
recompiling module BUF_X1P2M_A9TR
recompiling module BUF_X1P7M_A9TR
recompiling module BUF_X2P5M_A9TR
recompiling module BUF_X3P5M_A9TR
recompiling module BUF_X5M_A9TR
recompiling module BUF_X7P5M_A9TR
recompiling module DLY2_X1M_A9TR
recompiling module DLYCLK8S4_X1B_A9TR
recompiling module FILL128_A9TR
recompiling module FILL32_A9TR
recompiling module FILLCAP128_A9TR
recompiling module FILLCAP64_A9TR
recompiling module FILLSGCAP32_A9TR
recompiling module FILLTIE128_A9TR
recompiling module FILLTIE4_A9TR
recompiling module FRICG_X0P6B_A9TR
recompiling module FRICG_X13B_A9TR
recompiling module FRICG_X1P4B_A9TR
recompiling module FRICG_X3B_A9TR
recompiling module FRICG_X6B_A9TR
recompiling module INV_X0P5M_A9TR
recompiling module INV_X0P7M_A9TR
recompiling module INV_X11M_A9TR
recompiling module INV_X16M_A9TR
recompiling module INV_X1P2M_A9TR
recompiling module INV_X1P7M_A9TR
recompiling module INV_X2P5M_A9TR
recompiling module INV_X3P5M_A9TR
recompiling module INV_X5M_A9TR
recompiling module INV_X7P5M_A9TR
recompiling module TIELO_X1M_A9TR
recompiling module BUFH_X11M_A9TL
recompiling module BUFH_X1P2M_A9TL
recompiling module BUFH_X2P5M_A9TL
recompiling module BUFH_X5M_A9TL
recompiling module BUF_X0P7B_A9TL
recompiling module BUF_X11B_A9TL
recompiling module BUF_X16B_A9TL
recompiling module BUF_X1P2B_A9TL
recompiling module BUF_X1P7B_A9TL
recompiling module BUF_X2P5B_A9TL
recompiling module BUF_X3P5B_A9TL
recompiling module BUF_X5B_A9TL
recompiling module BUF_X7P5B_A9TL
recompiling module DLY2_X0P5M_A9TL
recompiling module DLYCLK8S2_X1B_A9TL
recompiling module ENDCAPTIE3_A9TL
recompiling module FILL2_A9TL
recompiling module FILL8_A9TL
recompiling module FILLCAP4_A9TL
recompiling module FILLSGCAP16_A9TL
recompiling module FILLSGCAP8_A9TL
recompiling module FILLTIE3_A9TL
recompiling module FRICG_X0P5B_A9TL
recompiling module FRICG_X11B_A9TL
recompiling module FRICG_X1P2B_A9TL
recompiling module FRICG_X2P5B_A9TL
recompiling module FRICG_X5B_A9TL
recompiling module INV_X0P5B_A9TL
recompiling module INV_X0P7B_A9TL
recompiling module INV_X11B_A9TL
recompiling module INV_X16B_A9TL
recompiling module INV_X1P2B_A9TL
recompiling module INV_X1P7B_A9TL
recompiling module INV_X2P5B_A9TL
recompiling module INV_X3P5B_A9TL
recompiling module INV_X5B_A9TL
recompiling module INV_X7P5B_A9TL
recompiling module TIEHI_X1M_A9TL
recompiling module BUFH_X1M_A9TH
recompiling module BUF_X0P7M_A9TH
recompiling module BUF_X2M_A9TH
recompiling module BUF_X5M_A9TH
recompiling module INV_X0P6B_A9TH
recompiling module INV_X16M_A9TH
recompiling module INV_X1P4M_A9TH
recompiling module INV_X3M_A9TH
recompiling module INV_X5M_A9TH
A9TH
recompiling module AND2_X1M_A9TH
recompiling module NAND2_X0P7A_A9TH
recompiling module NAND2_X3B_A9TH
recompiling module NOR2_X0P5B_A9TH
recompiling module NOR2_X1P4M_A9TH
recompiling module NOR2_X3A_A9TH
recompiling module OR2_X0P7M_A9TH
recompiling module OR2_X2B_A9TH
recompiling module BUFH_X11M_A9TR
recompiling module BUFH_X1P2M_A9TR
recompiling module BUFH_X2P5M_A9TR
recompiling module BUFH_X5M_A9TR
recompiling module BUF_X0P7B_A9TR
recompiling module BUF_X11B_A9TR
recompiling module BUF_X16B_A9TR
recompiling module BUF_X1P2B_A9TR
recompiling module BUF_X1P7B_A9TR
recompiling module BUF_X2P5B_A9TR
recompiling module BUF_X3P5B_A9TR
recompiling module BUF_X5B_A9TR
recompiling module BUF_X7P5B_A9TR
recompiling module DLY2_X0P5M_A9TR
recompiling module DLYCLK8S2_X1B_A9TR
recompiling module ENDCAPTIE3_A9TR
recompiling module FILL2_A9TR
recompiling module FILL8_A9TR
recompiling module FILLCAP4_A9TR
recompiling module FILLSGCAP16_A9TR
recompiling module FILLSGCAP8_A9TR
recompiling module FILLTIE3_A9TR
recompiling module FRICG_X0P5B_A9TR
recompiling module FRICG_X11B_A9TR
recompiling module FRICG_X1P2B_A9TR
recompiling module FRICG_X2P5B_A9TR
recompiling module FRICG_X5B_A9TR
recompiling module INV_X0P5B_A9TR
recompiling module INV_X0P7B_A9TR
recompiling module INV_X11B_A9TR
recompiling module INV_X16B_A9TR
recompiling module INV_X1P2B_A9TR
recompiling module INV_X1P7B_A9TR
recompiling module INV_X2P5B_A9TR
recompiling module INV_X3P5B_A9TR
recompiling module INV_X5B_A9TR
recompiling module INV_X7P5B_A9TR
recompiling module TIEHI_X1M_A9TR
recompiling module BUFH_X0P8M_A9TL
recompiling module BUFH_X1M_A9TL
recompiling module BUFH_X2M_A9TL
recompiling module BUFH_X4M_A9TL
recompiling module BUFH_X9M_A9TL
recompiling module BUF_X0P8M_A9TL
recompiling module BUF_X13M_A9TL
recompiling module BUF_X1M_A9TL
recompiling module BUF_X1P4M_A9TL
recompiling module BUF_X2M_A9TL
recompiling module BUF_X3M_A9TL
recompiling module BUF_X4M_A9TL
recompiling module BUF_X6M_A9TL
recompiling module BUF_X9M_A9TL
recompiling module DLY4_X1M_A9TL
recompiling module DLYCLK8S8_X1B_A9TL
recompiling module FILL1_A9TL
recompiling module FILL64_A9TL
recompiling module FILLCAP32_A9TL
recompiling module FILLSGCAP128_A9TL
recompiling module FILLSGCAP64_A9TL
recompiling module FILLTIE32_A9TL
recompiling module FILLTIE8_A9TL
recompiling module FRICG_X0P8B_A9TL
recompiling module FRICG_X1B_A9TL
recompiling module FRICG_X2B_A9TL
recompiling module FRICG_X4B_A9TL
recompiling module FRICG_X9B_A9TL
recompiling module INV_X0P6M_A9TL
recompiling module INV_X0P8M_A9TL
recompiling module INV_X13M_A9TL
recompiling module INV_X1M_A9TL
recompiling module INV_X1P4M_A9TL
recompiling module INV_X2M_A9TL
recompiling module INV_X3M_A9TL
recompiling module INV_X4M_A9TL
recompiling module INV_X6M_A9TL
recompiling module INV_X9M_A9TL
recompiling module BUFH_X11M_A9TH
recompiling module BUFH_X7P5M_A9TH
recompiling module BUF_X1P7B_A9TH
recompiling module BUF_X4M_A9TH
recompiling module BUF_X9M_A9TH
recompiling module INV_X11M_A9TH
recompiling module INV_X1P2B_A9TH
recompiling module INV_X2P5M_A9TH
recompiling module INV_X5B_A9TH
recompiling module INV_X9M_A9TH
TH
recompiling module NAND2_X6M_A9TH
recompiling module NOR2_X1A_A9TH
recompiling module NOR2_X2B_A9TH
recompiling module NOR2_X8B_A9TH
recompiling module OR2_X1M_A9TH
recompiling module BUFH_X0P7M_A9TR
recompiling module BUFH_X16M_A9TR
recompiling module BUFH_X1P7M_A9TR
recompiling module BUFH_X3P5M_A9TR
recompiling module BUFH_X7P5M_A9TR
recompiling module BUF_X0P8B_A9TR
recompiling module BUF_X13B_A9TR
recompiling module BUF_X1B_A9TR
recompiling module BUF_X1P4B_A9TR
recompiling module BUF_X2B_A9TR
recompiling module BUF_X3B_A9TR
recompiling module BUF_X4B_A9TR
recompiling module BUF_X6B_A9TR
recompiling module BUF_X9B_A9TR
recompiling module DLY4_X0P5M_A9TR
recompiling module DLYCLK8S6_X1B_A9TR
recompiling module FILL16_A9TR
recompiling module FILL4_A9TR
recompiling module FILLCAP16_A9TR
recompiling module FILLCAP8_A9TR
recompiling module FILLSGCAP4_A9TR
recompiling module FILLTIE16_A9TR
recompiling module FILLTIE64_A9TR
recompiling module FRICG_X0P7B_A9TR
recompiling module FRICG_X16B_A9TR
recompiling module FRICG_X1P7B_A9TR
recompiling module FRICG_X3P5B_A9TR
recompiling module FRICG_X7P5B_A9TR
recompiling module INV_X0P6B_A9TR
recompiling module INV_X0P8B_A9TR
recompiling module INV_X13B_A9TR
recompiling module INV_X1B_A9TR
recompiling module INV_X1P4B_A9TR
recompiling module INV_X2B_A9TR
recompiling module INV_X3B_A9TR
recompiling module INV_X4B_A9TR
recompiling module INV_X6B_A9TR
recompiling module INV_X9B_A9TR
recompiling module ANTENNA1_A9TL
recompiling module BUFH_X13M_A9TL
recompiling module BUFH_X1P4M_A9TL
recompiling module BUFH_X3M_A9TL
recompiling module BUFH_X6M_A9TL
recompiling module BUF_X0P7M_A9TL
recompiling module BUF_X11M_A9TL
recompiling module BUF_X16M_A9TL
recompiling module BUF_X1P2M_A9TL
recompiling module BUF_X1P7M_A9TL
recompiling module BUF_X2P5M_A9TL
recompiling module BUF_X3P5M_A9TL
recompiling module BUF_X5M_A9TL
recompiling module BUF_X7P5M_A9TL
recompiling module DLY2_X1M_A9TL
recompiling module DLYCLK8S4_X1B_A9TL
recompiling module FILL128_A9TL
recompiling module FILL32_A9TL
recompiling module FILLCAP128_A9TL
recompiling module FILLCAP64_A9TL
recompiling module FILLSGCAP32_A9TL
recompiling module FILLTIE128_A9TL
recompiling module FILLTIE4_A9TL
recompiling module FRICG_X0P6B_A9TL
recompiling module FRICG_X13B_A9TL
recompiling module FRICG_X1P4B_A9TL
recompiling module FRICG_X3B_A9TL
recompiling module FRICG_X6B_A9TL
recompiling module INV_X0P5M_A9TL
recompiling module INV_X0P7M_A9TL
recompiling module INV_X11M_A9TL
recompiling module INV_X16M_A9TL
recompiling module INV_X1P2M_A9TL
recompiling module INV_X1P7M_A9TL
recompiling module INV_X2P5M_A9TL
recompiling module INV_X3P5M_A9TL
recompiling module INV_X5M_A9TL
recompiling module INV_X7P5M_A9TL
recompiling module TIELO_X1M_A9TL
recompiling module BUFH_X1P7M_A9TH
recompiling module BUF_X0P8B_A9TH
recompiling module BUF_X3M_A9TH
recompiling module BUF_X6M_A9TH
recompiling module INV_X0P7B_A9TH
recompiling module INV_X1B_A9TH
recompiling module INV_X1P7M_A9TH
recompiling module INV_X4B_A9TH
recompiling module INV_X6M_A9TH
le NAND2_X0P5A_A9TH
recompiling module NAND2_X2B_A9TH
recompiling module NOR2_X0P5A_A9TH
recompiling module NOR2_X1M_A9TH
recompiling module NOR2_X2M_A9TH
recompiling module OR2_X0P5M_A9TH
recompiling module OR2_X1P4M_A9TH
recompiling module BUFH_X0P8M_A9TR
recompiling module BUFH_X1M_A9TR
recompiling module BUFH_X2M_A9TR
recompiling module BUFH_X4M_A9TR
recompiling module BUFH_X9M_A9TR
recompiling module BUF_X0P8M_A9TR
recompiling module BUF_X13M_A9TR
recompiling module BUF_X1M_A9TR
recompiling module BUF_X1P4M_A9TR
recompiling module BUF_X2M_A9TR
recompiling module BUF_X3M_A9TR
recompiling module BUF_X4M_A9TR
recompiling module BUF_X6M_A9TR
recompiling module BUF_X9M_A9TR
recompiling module DLY4_X1M_A9TR
recompiling module DLYCLK8S8_X1B_A9TR
recompiling module FILL1_A9TR
recompiling module FILL64_A9TR
recompiling module FILLCAP32_A9TR
recompiling module FILLSGCAP128_A9TR
recompiling module FILLSGCAP64_A9TR
recompiling module FILLTIE32_A9TR
recompiling module FILLTIE8_A9TR
recompiling module FRICG_X0P8B_A9TR
recompiling module FRICG_X1B_A9TR
recompiling module FRICG_X2B_A9TR
recompiling module FRICG_X4B_A9TR
recompiling module FRICG_X9B_A9TR
recompiling module INV_X0P6M_A9TR
recompiling module INV_X0P8M_A9TR
recompiling module INV_X13M_A9TR
recompiling module INV_X1M_A9TR
recompiling module INV_X1P4M_A9TR
recompiling module INV_X2M_A9TR
recompiling module INV_X3M_A9TR
recompiling module INV_X4M_A9TR
recompiling module INV_X6M_A9TR
recompiling module INV_X9M_A9TR
recompiling module BUFH_X0P7M_A9TL
recompiling module BUFH_X16M_A9TL
recompiling module BUFH_X1P7M_A9TL
recompiling module BUFH_X3P5M_A9TL
recompiling module BUFH_X7P5M_A9TL
recompiling module BUF_X0P8B_A9TL
recompiling module BUF_X13B_A9TL
recompiling module BUF_X1B_A9TL
recompiling module BUF_X1P4B_A9TL
recompiling module BUF_X2B_A9TL
recompiling module BUF_X3B_A9TL
recompiling module BUF_X4B_A9TL
recompiling module BUF_X6B_A9TL
recompiling module BUF_X9B_A9TL
recompiling module DLY4_X0P5M_A9TL
recompiling module DLYCLK8S6_X1B_A9TL
recompiling module FILL16_A9TL
recompiling module FILL4_A9TL
recompiling module FILLCAP16_A9TL
recompiling module FILLCAP8_A9TL
recompiling module FILLSGCAP4_A9TL
recompiling module FILLTIE16_A9TL
recompiling module FILLTIE64_A9TL
recompiling module FRICG_X0P7B_A9TL
recompiling module FRICG_X16B_A9TL
recompiling module FRICG_X1P7B_A9TL
recompiling module FRICG_X3P5B_A9TL
recompiling module FRICG_X7P5B_A9TL
recompiling module INV_X0P6B_A9TL
recompiling module INV_X0P8B_A9TL
recompiling module INV_X13B_A9TL
recompiling module INV_X1B_A9TL
recompiling module INV_X1P4B_A9TL
recompiling module INV_X2B_A9TL
recompiling module INV_X3B_A9TL
recompiling module INV_X4B_A9TL
recompiling module INV_X6B_A9TL
recompiling module INV_X9B_A9TL
recompiling module BUFH_X0P8M_A9TH
recompiling module BUFH_X3P5M_A9TH
recompiling module BUF_X1P4B_A9TH
recompiling module BUF_X3P5M_A9TH
recompiling module BUF_X7P5M_A9TH
recompiling module INV_X0P8B_A9TH
recompiling module INV_X1M_A9TH
recompiling module INV_X2M_A9TH
recompiling module INV_X4M_A9TH
recompiling module INV_X7P5M_A9TH
All of 2236 modules done
make[1]: Entering directory `/home/daniel_kuo/Falcon/hardware/modp_ntt2/03_GATE/csrc' \

rm -f _cuarc*.so _csrc*.so pre_vcsobj_*.so share_vcsobj_*.so
if [ -x ../simv ]; then chmod a-x ../simv; fi
g++  -o ../simv      -rdynamic  -Wl,-rpath='$ORIGIN'/simv.daidir -Wl,-rpath=./simv.daidir \
-Wl,-rpath=/usr/cad/synopsys/vcs/2022.06/linux64/lib -L/usr/cad/synopsys/vcs/2022.06/linux64/lib \
-Wl,-rpath-link=./  /usr/lib64/libnuma.so.1   objs/a/amcQw_d.o   _8235_archive_1.so \
_8328_archive_1.so _8330_archive_1.so _8331_archive_1.so objs/udps/gSqMj.o objs/udps/AubIW.o \
objs/udps/D2wHf.o objs/udps/U7Vwg.o objs/udps/CjLsY.o objs/udps/vCfas.o objs/udps/V6gPN.o \
objs/udps/sk4QJ.o objs/udps/i2VqJ.o objs/udps/exIG1.o objs/udps/WTP7v.o  SIM_l.o \
rmapats_mop.o rmapats.o rmar.o rmar_nd.o  rmar_llvm_0_1.o rmar_llvm_0_0.o        \
-lvirsim -lerrorinf -lsnpsmalloc -lvfs /usr/cad/synopsys/verdi/2022.06/share/PLI/VCS/linux64/pli.a \
-lvcsnew -lsimprofile -luclinative /usr/cad/synopsys/vcs/2022.06/linux64/lib/vcs_tls.o \
-Wl,-whole-archive  -lvcsucli    -Wl,-no-whole-archive        _vcs_pli_stub_.o   \
/usr/cad/synopsys/vcs/2022.06/linux64/lib/vcs_save_restore_new.o /usr/cad/synopsys/verdi/2022.06//share/PLI/VCS/LINUX64/pli.a \
-ldl -lm  -lc -lpthread -ldl 
../simv up to date
make[1]: Leaving directory `/home/daniel_kuo/Falcon/hardware/modp_ntt2/03_GATE/csrc' \

Command: /home/daniel_kuo/Falcon/hardware/modp_ntt2/03_GATE/./simv +v2k -a vcs.log +define+GATE +neg_tchk
Chronologic VCS simulator copyright 1991-2022
Contains Synopsys proprietary information.
Compiler version T-2022.06_Full64; Runtime version T-2022.06_Full64;  Sep 24 01:30 2025
Doing SDF annotation ...... Done

"/home/daniel_kuo/CBDK_TSMC40_Arm_f2.0/CIC/Verilog/sc9_cln40g_base_rvt_neg.v", 59934: Timing violation in TESTBED.u_MODP_NTT2.p0i_reg_reg_24_
    $recrem( negedge R:13910, posedge CK &&& (ENABLE_D == 1'b1):14000, limits: (121,500) );

"/home/daniel_kuo/CBDK_TSMC40_Arm_f2.0/CIC/Verilog/sc9_cln40g_base_lvt_neg.v", 59934: Timing violation in TESTBED.u_MODP_NTT2.p0i_reg_reg_11_
    $recrem( negedge R:13901, posedge CK &&& (ENABLE_D == 1'b1):14000, limits: (144,500) );

PASS PATTERN NO.   1,  539 CYCLES
PASS PATTERN NO.   2,  539 CYCLES
PASS PATTERN NO.   3,  280 CYCLES
PASS PATTERN NO.   4,  280 CYCLES
PASS PATTERN NO.   5,   82 CYCLES
PASS PATTERN NO.   6,   82 CYCLES
PASS PATTERN NO.   7,   82 CYCLES
PASS PATTERN NO.   8,   82 CYCLES
PASS PATTERN NO.   9,   47 CYCLES
PASS PATTERN NO.  10,   47 CYCLES
PASS PATTERN NO.  11,   47 CYCLES
PASS PATTERN NO.  12,   47 CYCLES
PASS PATTERN NO.  13,   47 CYCLES
PASS PATTERN NO.  14,   47 CYCLES
PASS PATTERN NO.  15,   28 CYCLES
PASS PATTERN NO.  16,   28 CYCLES
PASS PATTERN NO.  17,   28 CYCLES
PASS PATTERN NO.  18,   28 CYCLES
PASS PATTERN NO.  19,   28 CYCLES
PASS PATTERN NO.  20,   28 CYCLES
PASS PATTERN NO.  21,   28 CYCLES
PASS PATTERN NO.  22,   28 CYCLES
PASS PATTERN NO.  23,   28 CYCLES
PASS PATTERN NO.  24,   28 CYCLES
PASS PATTERN NO.  25,   28 CYCLES
PASS PATTERN NO.  26,   28 CYCLES
PASS PATTERN NO.  27,   28 CYCLES
PASS PATTERN NO.  28,   28 CYCLES
PASS PATTERN NO.  29,   17 CYCLES
PASS PATTERN NO.  30,   17 CYCLES
PASS PATTERN NO.  31,   17 CYCLES
PASS PATTERN NO.  32,   17 CYCLES
PASS PATTERN NO.  33,   17 CYCLES
PASS PATTERN NO.  34,   17 CYCLES
PASS PATTERN NO.  35,   17 CYCLES
PASS PATTERN NO.  36,   17 CYCLES
PASS PATTERN NO.  37,   17 CYCLES
PASS PATTERN NO.  38,   17 CYCLES
PASS PATTERN NO.  39,   17 CYCLES
PASS PATTERN NO.  40,   17 CYCLES
PASS PATTERN NO.  41,   17 CYCLES
PASS PATTERN NO.  42,   17 CYCLES
PASS PATTERN NO.  43,   17 CYCLES
PASS PATTERN NO.  44,   17 CYCLES
PASS PATTERN NO.  45,   17 CYCLES
PASS PATTERN NO.  46,   17 CYCLES
PASS PATTERN NO.  47,   17 CYCLES
PASS PATTERN NO.  48,   17 CYCLES
PASS PATTERN NO.  49,   17 CYCLES
PASS PATTERN NO.  50,   17 CYCLES
PASS PATTERN NO.  51,   17 CYCLES
PASS PATTERN NO.  52,   17 CYCLES
PASS PATTERN NO.  53,   17 CYCLES
PASS PATTERN NO.  54,   17 CYCLES
PASS PATTERN NO.  55,   10 CYCLES
PASS PATTERN NO.  56,   10 CYCLES
PASS PATTERN NO.  57,   10 CYCLES
PASS PATTERN NO.  58,   10 CYCLES
PASS PATTERN NO.  59,   10 CYCLES
PASS PATTERN NO.  60,   10 CYCLES
PASS PATTERN NO.  61,   10 CYCLES
PASS PATTERN NO.  62,   10 CYCLES
PASS PATTERN NO.  63,   10 CYCLES
PASS PATTERN NO.  64,   10 CYCLES
PASS PATTERN NO.  65,   10 CYCLES
PASS PATTERN NO.  66,   10 CYCLES
PASS PATTERN NO.  67,   10 CYCLES
PASS PATTERN NO.  68,   10 CYCLES
PASS PATTERN NO.  69,   10 CYCLES
PASS PATTERN NO.  70,   10 CYCLES
PASS PATTERN NO.  71,   10 CYCLES
PASS PATTERN NO.  72,   10 CYCLES
PASS PATTERN NO.  73,   10 CYCLES
PASS PATTERN NO.  74,   10 CYCLES
PASS PATTERN NO.  75,   10 CYCLES
PASS PATTERN NO.  76,   10 CYCLES
PASS PATTERN NO.  77,   10 CYCLES
PASS PATTERN NO.  78,   10 CYCLES
PASS PATTERN NO.  79,   10 CYCLES
PASS PATTERN NO.  80,   10 CYCLES
PASS PATTERN NO.  81,   10 CYCLES
PASS PATTERN NO.  82,   10 CYCLES
PASS PATTERN NO.  83,   10 CYCLES
PASS PATTERN NO.  84,   10 CYCLES
PASS PATTERN NO.  85,   10 CYCLES
PASS PATTERN NO.  86,   10 CYCLES
PASS PATTERN NO.  87,   10 CYCLES
PASS PATTERN NO.  88,   10 CYCLES
PASS PATTERN NO.  89,   10 CYCLES
PASS PATTERN NO.  90,   10 CYCLES
PASS PATTERN NO.  91,   10 CYCLES
PASS PATTERN NO.  92,   10 CYCLES
PASS PATTERN NO.  93,   10 CYCLES
PASS PATTERN NO.  94,   10 CYCLES
PASS PATTERN NO.  95,   10 CYCLES
PASS PATTERN NO.  96,   10 CYCLES
PASS PATTERN NO.  97,   10 CYCLES
PASS PATTERN NO.  98,   10 CYCLES
PASS PATTERN NO.  99,   10 CYCLES
PASS PATTERN NO. 100,   10 CYCLES
PASS PATTERN NO. 101,   10 CYCLES
PASS PATTERN NO. 102,   10 CYCLES
PASS PATTERN NO. 103,   10 CYCLES
PASS PATTERN NO. 104,   10 CYCLES
PASS PATTERN NO. 105,   10 CYCLES
PASS PATTERN NO. 106,   10 CYCLES
PASS PATTERN NO. 107,    5 CYCLES
PASS PATTERN NO. 108,    5 CYCLES
PASS PATTERN NO. 109,    5 CYCLES
PASS PATTERN NO. 110,    5 CYCLES
PASS PATTERN NO. 111,    5 CYCLES
PASS PATTERN NO. 112,    5 CYCLES
PASS PATTERN NO. 113,    5 CYCLES
PASS PATTERN NO. 114,    5 CYCLES
PASS PATTERN NO. 115,    5 CYCLES
PASS PATTERN NO. 116,    5 CYCLES
PASS PATTERN NO. 117,    5 CYCLES
PASS PATTERN NO. 118,    5 CYCLES
PASS PATTERN NO. 119,    5 CYCLES
PASS PATTERN NO. 120,    5 CYCLES
PASS PATTERN NO. 121,    5 CYCLES
PASS PATTERN NO. 122,    5 CYCLES
PASS PATTERN NO. 123,    5 CYCLES
PASS PATTERN NO. 124,    5 CYCLES
PASS PATTERN NO. 125,    5 CYCLES
PASS PATTERN NO. 126,    5 CYCLES
PASS PATTERN NO. 127,    5 CYCLES
PASS PATTERN NO. 128,    5 CYCLES
PASS PATTERN NO. 129,    5 CYCLES
PASS PATTERN NO. 130,    5 CYCLES
PASS PATTERN NO. 131,    5 CYCLES
PASS PATTERN NO. 132,    5 CYCLES
PASS PATTERN NO. 133,    5 CYCLES
PASS PATTERN NO. 134,    5 CYCLES
PASS PATTERN NO. 135,    5 CYCLES
PASS PATTERN NO. 136,    5 CYCLES
PASS PATTERN NO. 137,    5 CYCLES
PASS PATTERN NO. 138,    5 CYCLES
PASS PATTERN NO. 139,    5 CYCLES
PASS PATTERN NO. 140,    5 CYCLES
PASS PATTERN NO. 141,    5 CYCLES
PASS PATTERN NO. 142,    5 CYCLES
PASS PATTERN NO. 143,    5 CYCLES
PASS PATTERN NO. 144,    5 CYCLES
PASS PATTERN NO. 145,    5 CYCLES
PASS PATTERN NO. 146,    5 CYCLES
PASS PATTERN NO. 147,    5 CYCLES
PASS PATTERN NO. 148,    5 CYCLES
PASS PATTERN NO. 149,    5 CYCLES
PASS PATTERN NO. 150,    5 CYCLES
PASS PATTERN NO. 151,    5 CYCLES
PASS PATTERN NO. 152,    5 CYCLES
PASS PATTERN NO. 153,    5 CYCLES
PASS PATTERN NO. 154,    5 CYCLES
PASS PATTERN NO. 155,    5 CYCLES
PASS PATTERN NO. 156,    5 CYCLES
PASS PATTERN NO. 157,    5 CYCLES
PASS PATTERN NO. 158,    5 CYCLES
PASS PATTERN NO. 159,    5 CYCLES
PASS PATTERN NO. 160,    5 CYCLES
PASS PATTERN NO. 161,    5 CYCLES
PASS PATTERN NO. 162,    5 CYCLES
PASS PATTERN NO. 163,    5 CYCLES
PASS PATTERN NO. 164,    5 CYCLES
PASS PATTERN NO. 165,    5 CYCLES
PASS PATTERN NO. 166,    5 CYCLES
PASS PATTERN NO. 167,    5 CYCLES
PASS PATTERN NO. 168,    5 CYCLES
PASS PATTERN NO. 169,    5 CYCLES
PASS PATTERN NO. 170,    5 CYCLES
PASS PATTERN NO. 171,    5 CYCLES
PASS PATTERN NO. 172,    5 CYCLES
PASS PATTERN NO. 173,    5 CYCLES
PASS PATTERN NO. 174,    5 CYCLES
PASS PATTERN NO. 175,    5 CYCLES
PASS PATTERN NO. 176,    5 CYCLES
PASS PATTERN NO. 177,    5 CYCLES
PASS PATTERN NO. 178,    5 CYCLES
PASS PATTERN NO. 179,    5 CYCLES
PASS PATTERN NO. 180,    5 CYCLES
PASS PATTERN NO. 181,    5 CYCLES
PASS PATTERN NO. 182,    5 CYCLES
PASS PATTERN NO. 183,    5 CYCLES
PASS PATTERN NO. 184,    5 CYCLES
PASS PATTERN NO. 185,    5 CYCLES
PASS PATTERN NO. 186,    5 CYCLES
PASS PATTERN NO. 187,    5 CYCLES
PASS PATTERN NO. 188,    5 CYCLES
PASS PATTERN NO. 189,    5 CYCLES
PASS PATTERN NO. 190,    5 CYCLES
PASS PATTERN NO. 191,    5 CYCLES
PASS PATTERN NO. 192,    5 CYCLES
PASS PATTERN NO. 193,    5 CYCLES
PASS PATTERN NO. 194,    5 CYCLES
PASS PATTERN NO. 195,    5 CYCLES
PASS PATTERN NO. 196,    5 CYCLES
PASS PATTERN NO. 197,    5 CYCLES
PASS PATTERN NO. 198,    5 CYCLES
PASS PATTERN NO. 199,    5 CYCLES
PASS PATTERN NO. 200,    5 CYCLES
PASS PATTERN NO. 201,    5 CYCLES
PASS PATTERN NO. 202,    5 CYCLES
PASS PATTERN NO. 203,    5 CYCLES
PASS PATTERN NO. 204,    5 CYCLES
PASS PATTERN NO. 205,    5 CYCLES
PASS PATTERN NO. 206,    5 CYCLES
PASS PATTERN NO. 207,    5 CYCLES
PASS PATTERN NO. 208,    5 CYCLES
PASS PATTERN NO. 209,    5 CYCLES
PASS PATTERN NO. 210,    5 CYCLES
PASS PATTERN NO. 211,    5 CYCLES
PASS PATTERN NO. 212,    5 CYCLES
PASS PATTERN NO. 213,  539 CYCLES
PASS PATTERN NO. 214,  539 CYCLES
PASS PATTERN NO. 215,  280 CYCLES
PASS PATTERN NO. 216,  280 CYCLES
PASS PATTERN NO. 217,   82 CYCLES
PASS PATTERN NO. 218,   82 CYCLES
PASS PATTERN NO. 219,   82 CYCLES
PASS PATTERN NO. 220,   82 CYCLES
PASS PATTERN NO. 221,   47 CYCLES
PASS PATTERN NO. 222,   47 CYCLES
PASS PATTERN NO. 223,   47 CYCLES
PASS PATTERN NO. 224,   47 CYCLES
PASS PATTERN NO. 225,   47 CYCLES
PASS PATTERN NO. 226,   47 CYCLES
PASS PATTERN NO. 227,   28 CYCLES
PASS PATTERN NO. 228,   28 CYCLES
PASS PATTERN NO. 229,   28 CYCLES
PASS PATTERN NO. 230,   28 CYCLES
PASS PATTERN NO. 231,   28 CYCLES
PASS PATTERN NO. 232,   28 CYCLES
PASS PATTERN NO. 233,   28 CYCLES
PASS PATTERN NO. 234,   28 CYCLES
PASS PATTERN NO. 235,   28 CYCLES
PASS PATTERN NO. 236,   28 CYCLES
PASS PATTERN NO. 237,   28 CYCLES
PASS PATTERN NO. 238,   28 CYCLES
PASS PATTERN NO. 239,   28 CYCLES
PASS PATTERN NO. 240,   28 CYCLES
PASS PATTERN NO. 241,   17 CYCLES
PASS PATTERN NO. 242,   17 CYCLES
PASS PATTERN NO. 243,   17 CYCLES
PASS PATTERN NO. 244,   17 CYCLES
PASS PATTERN NO. 245,   17 CYCLES
PASS PATTERN NO. 246,   17 CYCLES
PASS PATTERN NO. 247,   17 CYCLES
PASS PATTERN NO. 248,   17 CYCLES
PASS PATTERN NO. 249,   17 CYCLES
PASS PATTERN NO. 250,   17 CYCLES
PASS PATTERN NO. 251,   17 CYCLES
PASS PATTERN NO. 252,   17 CYCLES
PASS PATTERN NO. 253,   17 CYCLES
PASS PATTERN NO. 254,   17 CYCLES
PASS PATTERN NO. 255,   17 CYCLES
PASS PATTERN NO. 256,   17 CYCLES
PASS PATTERN NO. 257,   17 CYCLES
PASS PATTERN NO. 258,   17 CYCLES
PASS PATTERN NO. 259,   17 CYCLES
PASS PATTERN NO. 260,   17 CYCLES
PASS PATTERN NO. 261,   17 CYCLES
PASS PATTERN NO. 262,   17 CYCLES
PASS PATTERN NO. 263,   17 CYCLES
PASS PATTERN NO. 264,   17 CYCLES
PASS PATTERN NO. 265,   17 CYCLES
PASS PATTERN NO. 266,   17 CYCLES
PASS PATTERN NO. 267,   10 CYCLES
PASS PATTERN NO. 268,   10 CYCLES
PASS PATTERN NO. 269,   10 CYCLES
PASS PATTERN NO. 270,   10 CYCLES
PASS PATTERN NO. 271,   10 CYCLES
PASS PATTERN NO. 272,   10 CYCLES
PASS PATTERN NO. 273,   10 CYCLES
PASS PATTERN NO. 274,   10 CYCLES
PASS PATTERN NO. 275,   10 CYCLES
PASS PATTERN NO. 276,   10 CYCLES
PASS PATTERN NO. 277,   10 CYCLES
PASS PATTERN NO. 278,   10 CYCLES
PASS PATTERN NO. 279,   10 CYCLES
PASS PATTERN NO. 280,   10 CYCLES
PASS PATTERN NO. 281,   10 CYCLES
PASS PATTERN NO. 282,   10 CYCLES
PASS PATTERN NO. 283,   10 CYCLES
PASS PATTERN NO. 284,   10 CYCLES
PASS PATTERN NO. 285,   10 CYCLES
PASS PATTERN NO. 286,   10 CYCLES
PASS PATTERN NO. 287,   10 CYCLES
PASS PATTERN NO. 288,   10 CYCLES
PASS PATTERN NO. 289,   10 CYCLES
PASS PATTERN NO. 290,   10 CYCLES
PASS PATTERN NO. 291,   10 CYCLES
PASS PATTERN NO. 292,   10 CYCLES
PASS PATTERN NO. 293,   10 CYCLES
PASS PATTERN NO. 294,   10 CYCLES
PASS PATTERN NO. 295,   10 CYCLES
PASS PATTERN NO. 296,   10 CYCLES
PASS PATTERN NO. 297,   10 CYCLES
PASS PATTERN NO. 298,   10 CYCLES
PASS PATTERN NO. 299,   10 CYCLES
PASS PATTERN NO. 300,   10 CYCLES
PASS PATTERN NO. 301,   10 CYCLES
PASS PATTERN NO. 302,   10 CYCLES
PASS PATTERN NO. 303,   10 CYCLES
PASS PATTERN NO. 304,   10 CYCLES
PASS PATTERN NO. 305,   10 CYCLES
PASS PATTERN NO. 306,   10 CYCLES
PASS PATTERN NO. 307,   10 CYCLES
PASS PATTERN NO. 308,   10 CYCLES
PASS PATTERN NO. 309,   10 CYCLES
PASS PATTERN NO. 310,   10 CYCLES
PASS PATTERN NO. 311,   10 CYCLES
PASS PATTERN NO. 312,   10 CYCLES
PASS PATTERN NO. 313,   10 CYCLES
PASS PATTERN NO. 314,   10 CYCLES
PASS PATTERN NO. 315,   10 CYCLES
PASS PATTERN NO. 316,   10 CYCLES
PASS PATTERN NO. 317,   10 CYCLES
PASS PATTERN NO. 318,   10 CYCLES
PASS PATTERN NO. 319,    5 CYCLES
PASS PATTERN NO. 320,    5 CYCLES
PASS PATTERN NO. 321,    5 CYCLES
PASS PATTERN NO. 322,    5 CYCLES
PASS PATTERN NO. 323,    5 CYCLES
PASS PATTERN NO. 324,    5 CYCLES
PASS PATTERN NO. 325,    5 CYCLES
PASS PATTERN NO. 326,    5 CYCLES
PASS PATTERN NO. 327,    5 CYCLES
PASS PATTERN NO. 328,    5 CYCLES
PASS PATTERN NO. 329,    5 CYCLES
PASS PATTERN NO. 330,    5 CYCLES
PASS PATTERN NO. 331,    5 CYCLES
PASS PATTERN NO. 332,    5 CYCLES
PASS PATTERN NO. 333,    5 CYCLES
PASS PATTERN NO. 334,    5 CYCLES
PASS PATTERN NO. 335,    5 CYCLES
PASS PATTERN NO. 336,    5 CYCLES
PASS PATTERN NO. 337,    5 CYCLES
PASS PATTERN NO. 338,    5 CYCLES
PASS PATTERN NO. 339,    5 CYCLES
PASS PATTERN NO. 340,    5 CYCLES
PASS PATTERN NO. 341,    5 CYCLES
PASS PATTERN NO. 342,    5 CYCLES
PASS PATTERN NO. 343,    5 CYCLES
PASS PATTERN NO. 344,    5 CYCLES
PASS PATTERN NO. 345,    5 CYCLES
PASS PATTERN NO. 346,    5 CYCLES
PASS PATTERN NO. 347,    5 CYCLES
PASS PATTERN NO. 348,    5 CYCLES
PASS PATTERN NO. 349,    5 CYCLES
PASS PATTERN NO. 350,    5 CYCLES
PASS PATTERN NO. 351,    5 CYCLES
PASS PATTERN NO. 352,    5 CYCLES
PASS PATTERN NO. 353,    5 CYCLES
PASS PATTERN NO. 354,    5 CYCLES
PASS PATTERN NO. 355,    5 CYCLES
PASS PATTERN NO. 356,    5 CYCLES
PASS PATTERN NO. 357,    5 CYCLES
PASS PATTERN NO. 358,    5 CYCLES
PASS PATTERN NO. 359,    5 CYCLES
PASS PATTERN NO. 360,    5 CYCLES
PASS PATTERN NO. 361,    5 CYCLES
PASS PATTERN NO. 362,    5 CYCLES
PASS PATTERN NO. 363,    5 CYCLES
PASS PATTERN NO. 364,    5 CYCLES
PASS PATTERN NO. 365,    5 CYCLES
PASS PATTERN NO. 366,    5 CYCLES
PASS PATTERN NO. 367,    5 CYCLES
PASS PATTERN NO. 368,    5 CYCLES
PASS PATTERN NO. 369,    5 CYCLES
PASS PATTERN NO. 370,    5 CYCLES
PASS PATTERN NO. 371,    5 CYCLES
PASS PATTERN NO. 372,    5 CYCLES
PASS PATTERN NO. 373,    5 CYCLES
PASS PATTERN NO. 374,    5 CYCLES
PASS PATTERN NO. 375,    5 CYCLES
PASS PATTERN NO. 376,    5 CYCLES
PASS PATTERN NO. 377,    5 CYCLES
PASS PATTERN NO. 378,    5 CYCLES
PASS PATTERN NO. 379,    5 CYCLES
PASS PATTERN NO. 380,    5 CYCLES
PASS PATTERN NO. 381,    5 CYCLES
PASS PATTERN NO. 382,    5 CYCLES
PASS PATTERN NO. 383,    5 CYCLES
PASS PATTERN NO. 384,    5 CYCLES
PASS PATTERN NO. 385,    5 CYCLES
PASS PATTERN NO. 386,    5 CYCLES
PASS PATTERN NO. 387,    5 CYCLES
PASS PATTERN NO. 388,    5 CYCLES
PASS PATTERN NO. 389,    5 CYCLES
PASS PATTERN NO. 390,    5 CYCLES
PASS PATTERN NO. 391,    5 CYCLES
PASS PATTERN NO. 392,    5 CYCLES
PASS PATTERN NO. 393,    5 CYCLES
PASS PATTERN NO. 394,    5 CYCLES
PASS PATTERN NO. 395,    5 CYCLES
PASS PATTERN NO. 396,    5 CYCLES
PASS PATTERN NO. 397,    5 CYCLES
PASS PATTERN NO. 398,    5 CYCLES
PASS PATTERN NO. 399,    5 CYCLES
PASS PATTERN NO. 400,    5 CYCLES
PASS PATTERN NO. 401,    5 CYCLES
PASS PATTERN NO. 402,    5 CYCLES
PASS PATTERN NO. 403,    5 CYCLES
PASS PATTERN NO. 404,    5 CYCLES
PASS PATTERN NO. 405,    5 CYCLES
PASS PATTERN NO. 406,    5 CYCLES
PASS PATTERN NO. 407,    5 CYCLES
PASS PATTERN NO. 408,    5 CYCLES
PASS PATTERN NO. 409,    5 CYCLES
PASS PATTERN NO. 410,    5 CYCLES
PASS PATTERN NO. 411,    5 CYCLES
PASS PATTERN NO. 412,    5 CYCLES
PASS PATTERN NO. 413,    5 CYCLES
PASS PATTERN NO. 414,    5 CYCLES
PASS PATTERN NO. 415,    5 CYCLES
PASS PATTERN NO. 416,    5 CYCLES
PASS PATTERN NO. 417,    5 CYCLES
PASS PATTERN NO. 418,    5 CYCLES
PASS PATTERN NO. 419,    5 CYCLES
PASS PATTERN NO. 420,    5 CYCLES
PASS PATTERN NO. 421,    5 CYCLES
PASS PATTERN NO. 422,    5 CYCLES
PASS PATTERN NO. 423,    5 CYCLES
PASS PATTERN NO. 424,    5 CYCLES
PASS PATTERN NO. 425,    5 CYCLES
PASS PATTERN NO. 426,    5 CYCLES
PASS PATTERN NO. 427,    5 CYCLES
PASS PATTERN NO. 428,    5 CYCLES
PASS PATTERN NO. 429,    5 CYCLES
PASS PATTERN NO. 430,    5 CYCLES
PASS PATTERN NO. 431,    5 CYCLES
PASS PATTERN NO. 432,    5 CYCLES
PASS PATTERN NO. 433,    5 CYCLES
PASS PATTERN NO. 434,    5 CYCLES
PASS PATTERN NO. 435,    5 CYCLES
PASS PATTERN NO. 436,    5 CYCLES
PASS PATTERN NO. 437,    5 CYCLES
PASS PATTERN NO. 438,    5 CYCLES
PASS PATTERN NO. 439,    5 CYCLES
PASS PATTERN NO. 440,    5 CYCLES
PASS PATTERN NO. 441,    5 CYCLES
PASS PATTERN NO. 442,    5 CYCLES
PASS PATTERN NO. 443,    5 CYCLES
PASS PATTERN NO. 444,    5 CYCLES
PASS PATTERN NO. 445,    5 CYCLES
PASS PATTERN NO. 446,    5 CYCLES
PASS PATTERN NO. 447,    5 CYCLES
PASS PATTERN NO. 448,    5 CYCLES
PASS PATTERN NO. 449,    5 CYCLES
PASS PATTERN NO. 450,    5 CYCLES
PASS PATTERN NO. 451,    5 CYCLES
PASS PATTERN NO. 452,    5 CYCLES
PASS PATTERN NO. 453,    5 CYCLES
PASS PATTERN NO. 454,    5 CYCLES
PASS PATTERN NO. 455,    5 CYCLES
PASS PATTERN NO. 456,    5 CYCLES
PASS PATTERN NO. 457,    5 CYCLES
PASS PATTERN NO. 458,    5 CYCLES
PASS PATTERN NO. 459,    5 CYCLES
PASS PATTERN NO. 460,    5 CYCLES
PASS PATTERN NO. 461,    5 CYCLES
PASS PATTERN NO. 462,    5 CYCLES
PASS PATTERN NO. 463,    5 CYCLES
PASS PATTERN NO. 464,    5 CYCLES
PASS PATTERN NO. 465,    5 CYCLES
PASS PATTERN NO. 466,    5 CYCLES
PASS PATTERN NO. 467,    5 CYCLES
PASS PATTERN NO. 468,    5 CYCLES
PASS PATTERN NO. 469,    5 CYCLES
PASS PATTERN NO. 470,    5 CYCLES
PASS PATTERN NO. 471,    5 CYCLES
PASS PATTERN NO. 472,    5 CYCLES
PASS PATTERN NO. 473,    5 CYCLES
PASS PATTERN NO. 474,    5 CYCLES
PASS PATTERN NO. 475,    5 CYCLES
PASS PATTERN NO. 476,    5 CYCLES
PASS PATTERN NO. 477,    5 CYCLES
PASS PATTERN NO. 478,    5 CYCLES
PASS PATTERN NO. 479,    5 CYCLES
PASS PATTERN NO. 480,    5 CYCLES
PASS PATTERN NO. 481,    5 CYCLES
PASS PATTERN NO. 482,    5 CYCLES
PASS PATTERN NO. 483,    5 CYCLES
PASS PATTERN NO. 484,    5 CYCLES
PASS PATTERN NO. 485,    5 CYCLES
PASS PATTERN NO. 486,    5 CYCLES
PASS PATTERN NO. 487,    5 CYCLES
PASS PATTERN NO. 488,    5 CYCLES
PASS PATTERN NO. 489,    5 CYCLES
PASS PATTERN NO. 490,    5 CYCLES
PASS PATTERN NO. 491,    5 CYCLES
PASS PATTERN NO. 492,    5 CYCLES
PASS PATTERN NO. 493,    5 CYCLES
PASS PATTERN NO. 494,    5 CYCLES
PASS PATTERN NO. 495,    5 CYCLES
PASS PATTERN NO. 496,    5 CYCLES
PASS PATTERN NO. 497,    5 CYCLES
PASS PATTERN NO. 498,    5 CYCLES
PASS PATTERN NO. 499,    5 CYCLES
PASS PATTERN NO. 500,    5 CYCLES
PASS PATTERN NO. 501,    5 CYCLES
PASS PATTERN NO. 502,    5 CYCLES
PASS PATTERN NO. 503,    5 CYCLES
PASS PATTERN NO. 504,    5 CYCLES
PASS PATTERN NO. 505,    5 CYCLES
PASS PATTERN NO. 506,    5 CYCLES
PASS PATTERN NO. 507,    5 CYCLES
PASS PATTERN NO. 508,    5 CYCLES
PASS PATTERN NO. 509,    5 CYCLES
PASS PATTERN NO. 510,    5 CYCLES
PASS PATTERN NO. 511,    5 CYCLES
PASS PATTERN NO. 512,    5 CYCLES
PASS PATTERN NO. 513,    5 CYCLES
PASS PATTERN NO. 514,    5 CYCLES
PASS PATTERN NO. 515,    5 CYCLES
PASS PATTERN NO. 516,    5 CYCLES
PASS PATTERN NO. 517,    5 CYCLES
PASS PATTERN NO. 518,    5 CYCLES
PASS PATTERN NO. 519,    5 CYCLES
PASS PATTERN NO. 520,    5 CYCLES
PASS PATTERN NO. 521,    5 CYCLES
PASS PATTERN NO. 522,    5 CYCLES
PASS PATTERN NO. 523,    5 CYCLES
PASS PATTERN NO. 524,    5 CYCLES
PASS PATTERN NO. 525,    5 CYCLES
PASS PATTERN NO. 526,    5 CYCLES
--------------------------------------------------------------------
                         Congratulations!                           
                  You have passed all patterns!                     
                  Your execution cycles =  8774 cycles                
                  Your clock period = 2.0 ns                       
                  Total Latency = 17548.0 ns                           
--------------------------------------------------------------------
$finish called from file "PATTERN.v", line 294.
$finish at simulation time             32517000
           V C S   S i m u l a t i o n   R e p o r t 
Time: 32517000 ps
CPU Time:     61.320 seconds;       Data structure size:  47.5Mb
Wed Sep 24 01:31:49 2025
CPU time: 41.838 seconds to compile + 2.106 seconds to elab + .615 seconds to link + 61.362 seconds in simulation
