#======================================================
#
# Synopsys Synthesis Scripts (Design Vision dctcl mode)
#
#======================================================
#======================================================
# (A) Global Parameters
#======================================================
set DESIGN "BFU"
BFU
if {[info exists PERIOD]} {
    set CYCLE $PERIOD
} else {
    set CYCLE 1.2
}
1.2
set INPUT_DLY [expr 0*$CYCLE]
0.0
set OUTPUT_DLY [expr 0*$CYCLE]
0.0
#======================================================
# (B) Read RTL Code
#======================================================
# (B-1) analyze + elaborate
analyze -f sverilog $DESIGN.sv
Running PRESTO HDLC
Compiling source file ../01_RTL/BFU.sv
Opening include file ../01_RTL/FPC.sv
Presto compilation completed successfully.
Loading db file '/cell_base_lib/CBDK_TSMC40_Arm_f2.0/CIC/SynopsysDC/db/sc9_base_rvt/sc9_cln40g_base_rvt_ss_typical_max_0p81v_125c.db'
Loading db file '/cell_base_lib/CBDK_TSMC40_Arm_f2.0/CIC/SynopsysDC/db/sc9_base_hvt/sc9_cln40g_base_hvt_ss_typical_max_0p81v_125c.db'
Loading db file '/cell_base_lib/CBDK_TSMC40_Arm_f2.0/CIC/SynopsysDC/db/sc9_base_lvt/sc9_cln40g_base_lvt_ss_typical_max_0p81v_125c.db'
Loading db file '/usr/cad/synopsys/synthesis/cur/libraries/syn/dw_foundation.sldb'
Loading db file '/usr/cad/synopsys/synthesis/cur/libraries/syn/standard.sldb'
1
elaborate $DESIGN
Loading db file '/usr/cad/synopsys/synthesis/2022.03/libraries/syn/gtech.db'
Loading db file '/usr/cad/synopsys/synthesis/2022.03/libraries/syn/standard.sldb'
  Loading link library 'sc9_cln40g_base_rvt_ss_typical_max_0p81v_125c'
  Loading link library 'sc9_cln40g_base_hvt_ss_typical_max_0p81v_125c'
  Loading link library 'sc9_cln40g_base_lvt_ss_typical_max_0p81v_125c'
  Loading link library 'gtech'
Running PRESTO HDLC

Inferred memory devices in process
        in routine BFU line 204 in file
                '../01_RTL/BFU.sv'.
===============================================================================
|    Register Name    |   Type    | Width | Bus | MB | AR | AS | SR | SS | ST |
===============================================================================
|  delay_line_im_reg  | Flip-flop |  64   |  Y  | N  | Y  | N  | N  | N  | N  |
|  delay_line_re_reg  | Flip-flop |  64   |  Y  | N  | Y  | N  | N  | N  | N  |
===============================================================================

Inferred memory devices in process
        in routine BFU line 217 in file
                '../01_RTL/BFU.sv'.
===============================================================================
|    Register Name    |   Type    | Width | Bus | MB | AR | AS | SR | SS | ST |
===============================================================================
|  delay_line_im_reg  | Flip-flop |  128  |  Y  | N  | Y  | N  | N  | N  | N  |
|  delay_line_re_reg  | Flip-flop |  128  |  Y  | N  | Y  | N  | N  | N  | N  |
===============================================================================

Inferred memory devices in process
        in routine BFU line 232 in file
                '../01_RTL/BFU.sv'.
===============================================================================
|    Register Name    |   Type    | Width | Bus | MB | AR | AS | SR | SS | ST |
===============================================================================
|   w_delay_im_reg    | Flip-flop |  64   |  Y  | N  | Y  | N  | N  | N  | N  |
|   w_delay_re_reg    | Flip-flop |  64   |  Y  | N  | Y  | N  | N  | N  | N  |
===============================================================================

Inferred memory devices in process
        in routine BFU line 249 in file
                '../01_RTL/BFU.sv'.
===============================================================================
|    Register Name    |   Type    | Width | Bus | MB | AR | AS | SR | SS | ST |
===============================================================================
|   w_delay_im_reg    | Flip-flop |  128  |  Y  | N  | Y  | N  | N  | N  | N  |
|   w_delay_re_reg    | Flip-flop |  128  |  Y  | N  | Y  | N  | N  | N  | N  |
===============================================================================

Inferred memory devices in process
        in routine BFU line 264 in file
                '../01_RTL/BFU.sv'.
===============================================================================
|    Register Name    |   Type    | Width | Bus | MB | AR | AS | SR | SS | ST |
===============================================================================
| valid_pipeline_reg  | Flip-flop |   1   |  N  | N  | Y  | N  | N  | N  | N  |
===============================================================================

Inferred memory devices in process
        in routine BFU line 275 in file
                '../01_RTL/BFU.sv'.
===============================================================================
|    Register Name    |   Type    | Width | Bus | MB | AR | AS | SR | SS | ST |
===============================================================================
| valid_pipeline_reg  | Flip-flop |   5   |  Y  | N  | Y  | N  | N  | N  | N  |
===============================================================================

Inferred memory devices in process
        in routine BFU line 285 in file
                '../01_RTL/BFU.sv'.
===============================================================================
|    Register Name    |   Type    | Width | Bus | MB | AR | AS | SR | SS | ST |
===============================================================================
|    out_valid_reg    | Flip-flop |   1   |  N  | N  | Y  | N  | N  | N  | N  |
===============================================================================

Inferred memory devices in process
        in routine BFU line 296 in file
                '../01_RTL/BFU.sv'.
===============================================================================
|    Register Name    |   Type    | Width | Bus | MB | AR | AS | SR | SS | ST |
===============================================================================
|  bfu_mode_reg_reg   | Flip-flop |   3   |  Y  | N  | Y  | N  | N  | N  | N  |
===============================================================================

Inferred memory devices in process
        in routine BFU line 307 in file
                '../01_RTL/BFU.sv'.
===============================================================================
|    Register Name    |   Type    | Width | Bus | MB | AR | AS | SR | SS | ST |
===============================================================================
|  bfu_mode_reg_reg   | Flip-flop |  15   |  Y  | N  | Y  | N  | N  | N  | N  |
===============================================================================

Inferred memory devices in process
        in routine BFU line 317 in file
                '../01_RTL/BFU.sv'.
===============================================================================
|    Register Name    |   Type    | Width | Bus | MB | AR | AS | SR | SS | ST |
===============================================================================
|      Y_im_reg       | Flip-flop |  64   |  Y  | N  | Y  | N  | N  | N  | N  |
|      X_re_reg       | Flip-flop |  64   |  Y  | N  | Y  | N  | N  | N  | N  |
|      X_im_reg       | Flip-flop |  64   |  Y  | N  | Y  | N  | N  | N  | N  |
|      Y_re_reg       | Flip-flop |  64   |  Y  | N  | Y  | N  | N  | N  | N  |
===============================================================================
Presto compilation completed successfully. (BFU)
Elaborated 1 design.
Current design is now 'BFU'.
Information: Building the design 'FPC_MUL' instantiated from design 'BFU' with
        the parameters "FLOAT_PRECISION=64,PIPELINE_STAGES=3". (HDL-193)

Inferred memory devices in process
        in routine FPC_MUL_FLOAT_PRECISION64_PIPELINE_STAGES3 line 211 in file
                '../01_RTL/FPC.sv'.
===============================================================================
|    Register Name    |   Type    | Width | Bus | MB | AR | AS | SR | SS | ST |
===============================================================================
|     pipe_im_reg     | Flip-flop |  64   |  Y  | N  | Y  | N  | N  | N  | N  |
|     pipe_re_reg     | Flip-flop |  64   |  Y  | N  | Y  | N  | N  | N  | N  |
===============================================================================

Inferred memory devices in process
        in routine FPC_MUL_FLOAT_PRECISION64_PIPELINE_STAGES3 line 225 in file
                '../01_RTL/FPC.sv'.
===============================================================================
|    Register Name    |   Type    | Width | Bus | MB | AR | AS | SR | SS | ST |
===============================================================================
|     pipe_im_reg     | Flip-flop |  128  |  Y  | N  | Y  | N  | N  | N  | N  |
|     pipe_re_reg     | Flip-flop |  128  |  Y  | N  | Y  | N  | N  | N  | N  |
===============================================================================
Presto compilation completed successfully. (FPC_MUL_FLOAT_PRECISION64_PIPELINE_STAGES3)
Information: Building the design 'FPC_ADD' instantiated from design 'BFU' with
        the parameters "FLOAT_PRECISION=64,PIPELINE_STAGES=3". (HDL-193)

Inferred memory devices in process
        in routine FPC_ADD_FLOAT_PRECISION64_PIPELINE_STAGES3 line 46 in file
                '../01_RTL/FPC.sv'.
===============================================================================
|    Register Name    |   Type    | Width | Bus | MB | AR | AS | SR | SS | ST |
===============================================================================
|     pipe_im_reg     | Flip-flop |  64   |  Y  | N  | Y  | N  | N  | N  | N  |
|     pipe_re_reg     | Flip-flop |  64   |  Y  | N  | Y  | N  | N  | N  | N  |
===============================================================================

Inferred memory devices in process
        in routine FPC_ADD_FLOAT_PRECISION64_PIPELINE_STAGES3 line 59 in file
                '../01_RTL/FPC.sv'.
===============================================================================
|    Register Name    |   Type    | Width | Bus | MB | AR | AS | SR | SS | ST |
===============================================================================
|     pipe_im_reg     | Flip-flop |  128  |  Y  | N  | Y  | N  | N  | N  | N  |
|     pipe_re_reg     | Flip-flop |  128  |  Y  | N  | Y  | N  | N  | N  | N  |
===============================================================================
Presto compilation completed successfully. (FPC_ADD_FLOAT_PRECISION64_PIPELINE_STAGES3)
Information: Building the design 'FPC_SUB' instantiated from design 'BFU' with
        the parameters "FLOAT_PRECISION=64,PIPELINE_STAGES=3". (HDL-193)

Inferred memory devices in process
        in routine FPC_SUB_FLOAT_PRECISION64_PIPELINE_STAGES3 line 128 in file
                '../01_RTL/FPC.sv'.
===============================================================================
|    Register Name    |   Type    | Width | Bus | MB | AR | AS | SR | SS | ST |
===============================================================================
|     pipe_im_reg     | Flip-flop |  64   |  Y  | N  | Y  | N  | N  | N  | N  |
|     pipe_re_reg     | Flip-flop |  64   |  Y  | N  | Y  | N  | N  | N  | N  |
===============================================================================

Inferred memory devices in process
        in routine FPC_SUB_FLOAT_PRECISION64_PIPELINE_STAGES3 line 141 in file
                '../01_RTL/FPC.sv'.
===============================================================================
|    Register Name    |   Type    | Width | Bus | MB | AR | AS | SR | SS | ST |
===============================================================================
|     pipe_im_reg     | Flip-flop |  128  |  Y  | N  | Y  | N  | N  | N  | N  |
|     pipe_re_reg     | Flip-flop |  128  |  Y  | N  | Y  | N  | N  | N  | N  |
===============================================================================
Presto compilation completed successfully. (FPC_SUB_FLOAT_PRECISION64_PIPELINE_STAGES3)
Information: Building the design 'fpr_mul'. (HDL-193)
Presto compilation completed successfully. (fpr_mul)
Information: Building the design 'fpr_add'. (HDL-193)
Presto compilation completed successfully. (fpr_add)
Information: Building the design 'lzd64'. (HDL-193)
Warning:  ../01_RTL/FPC.sv:610: signed to unsigned part selection occurs. (VER-318)
Presto compilation completed successfully. (lzd64)
1
# (B-2) set current design
current_design $DESIGN
Current design is 'BFU'.
{BFU}
link

  Linking design 'BFU'
  Using the following designs and libraries:
  --------------------------------------------------------------------------
  * (7 designs)               /home/daniel_kuo/Falcon/hardware/bfu/02_SYN/BFU.db, etc
  sc9_cln40g_base_rvt_ss_typical_max_0p81v_125c (library) /cell_base_lib/CBDK_TSMC40_Arm_f2.0/CIC/SynopsysDC/db/sc9_base_rvt/sc9_cln40g_base_rvt_ss_typical_max_0p81v_125c.db
  sc9_cln40g_base_hvt_ss_typical_max_0p81v_125c (library) /cell_base_lib/CBDK_TSMC40_Arm_f2.0/CIC/SynopsysDC/db/sc9_base_hvt/sc9_cln40g_base_hvt_ss_typical_max_0p81v_125c.db
  sc9_cln40g_base_lvt_ss_typical_max_0p81v_125c (library) /cell_base_lib/CBDK_TSMC40_Arm_f2.0/CIC/SynopsysDC/db/sc9_base_lvt/sc9_cln40g_base_lvt_ss_typical_max_0p81v_125c.db
  dw_foundation.sldb (library) /usr/cad/synopsys/synthesis/cur/libraries/syn/dw_foundation.sldb

1
#======================================================
#  (C) Global Setting
#======================================================
set_svf -append Netlist/$DESIGN\_SYN.svf
1
set_wire_load_mode top
1
#======================================================
#  (D) Set Design Constraints
#======================================================
# (D-1) Setting Clock Constraints
create_clock -name clk -period $CYCLE [get_ports clk] 
1
set_dont_touch_network             [get_clocks clk]
1
# (D-2) Setting in/out Constraints
set_input_delay   -max  $INPUT_DLY  -clock clk   [all_inputs] ;  # set_up time check 
1
set_input_delay   -min  0           -clock clk   [all_inputs] ;  # hold   time check 
1
set_output_delay  -max  $OUTPUT_DLY -clock clk   [all_outputs] ; # set_up time check 
1
set_output_delay  -min  0           -clock clk   [all_outputs] ; # hold   time check 
1
set_input_delay 0 -clock clk clk
1
set_input_delay 0 -clock clk rst_n
1
# (D-3) Setting Design Environment
set_load 0.05 [all_outputs]
1
# (D-4) Report Clock skew
report_clock -skew clk
Information: Checking out the license 'DesignWare'. (SEC-104)
Information: Changed wire load model for 'alt1' from '(none)' to 'Small'. (OPT-170)
Information: Changed wire load model for 'apparch' from '(none)' to 'Small'. (OPT-170)
Information: Changed wire load model for 'alt1' from '(none)' to 'Small'. (OPT-170)
Information: Changed wire load model for 'astr' from '(none)' to 'Small'. (OPT-170)
Information: Changed wire load model for 'alt1' from '(none)' to 'Small'. (OPT-170)
Information: Changed wire load model for 'astr' from '(none)' to 'Small'. (OPT-170)
Information: Updating design information... (UID-85)
Warning: Design 'BFU' contains 6 high-fanout nets. A fanout number of 1000 will be used for delay calculations involving these nets. (TIM-134)
 
****************************************
Report : clock_skew
Design : BFU
Version: T-2022.03
Date   : Wed Jun  3 14:23:39 2026
****************************************

                 Rise      Fall  Min Rise  Min fall        Uncertainty
Object          Delay     Delay     Delay     Delay     Plus      Minus
--------------------------------------------------------------------------------
1
check_timing

Information: Checking generated_clocks...

Information: Checking loops...

Information: Checking no_input_delay...

Information: Checking unconstrained_endpoints...

Information: Checking pulse_clock_cell_type...

Information: Checking no_driving_cell...

Information: Checking partial_input_delay...
1
#======================================================
#  (E) Optimization
#======================================================
check_design > Report/$DESIGN\.check
set_fix_multiple_port_nets -all -buffer_constants
1
# Adaptive retiming moves registers to improve worst negative slack
set_optimize_registers true -design $DESIGN
1
# set_dont_retime [get_cells {u_FPC_SUB/pipe_re_reg\[0\]*}] true
# set_dont_retime [get_cells {u_FPC_SUB/pipe_im_reg\[0\]*}] true
# set_dont_retime [get_cells {u_FPC_ADD/pipe_re_reg\[0\]*}] true
# set_dont_retime [get_cells {u_FPC_ADD/pipe_im_reg\[0\]*}] true
# set_dont_retime [get_cells {u_FPC_MUL/pipe_re_reg\[0\]*}] true
# set_dont_retime [get_cells {u_FPC_MUL/pipe_im_reg\[0\]*}] true
set_dont_retime [get_cells {X_re_reg*}] true
1
set_dont_retime [get_cells {X_im_reg*}] true
1
set_dont_retime [get_cells {Y_re_reg*}] true
1
set_dont_retime [get_cells {Y_im_reg*}] true
1
# set_optimize_registers true -design FPC_MUL
# set_optimize_registers true -design FPC_ADD
# set_optimize_registers true -design FPC_SUB
compile_ultra -retime
Information: Performing power optimization. (PWR-850)
Alib files are up-to-date.
Information: Running optimization using a maximum of 8 cores. (OPT-1500)
Information: Evaluating DesignWare library utilization. (UISN-27)

============================================================================
| DesignWare Building Block Library  |         Version         | Available |
============================================================================
| Basic DW Building Blocks           | S-2021.06-DWBB_202106.0 |     *     |
| Licensed DW Building Blocks        | S-2021.06-DWBB_202106.0 |     *     |
============================================================================

====================================================================================================
| Flow Information                                                                                 |
----------------------------------------------------------------------------------------------------
| Flow         | Design Compiler NXT WLM                                                           |
| Comand line  | compile_ultra -retime                                                             |
====================================================================================================
| Design Information                                      | Value                                  |
====================================================================================================
| Number of Scenarios                                     | 0                                      |
| Leaf Cell Count                                         | 8374                                   |
| Number of User Hierarchies                              | 19                                     |
| Sequential Cell Count                                   | 2201                                   |
| Macro Count                                             | 0                                      |
| Number of Power Domains                                 | 0                                      |
| Number of Path Groups                                   | 2                                      |
| Number of VT class                                      | 0                                      |
| Number of Clocks                                        | 1                                      |
| Number of Dont Touch cells                              | 2066                                   |
| Number of Dont Touch nets                               | 4                                      |
| Number of size only cells                               | 0                                      |
| Design with UPF Data                                    | false                                  |
----------------------------------------------------------------------------------------------------
| Variables                                               | Value                                  |
----------------------------------------------------------------------------------------------------
| set_fix_multiple_port_nets                              | -all -buffer_constants                 |
====================================================================================================
Information: Sequential output inversion is enabled.  SVF file must be used for formal verification. (OPT-1208)
Information: Retiming is enabled. SVF file must be used for formal verification. (OPT-1210)

Information: There are 227 potential problems in your design. Please run 'check_design' for more information. (LINT-99)

Information: Uniquified 4 instances of design 'fpr_mul'. (OPT-1056)
Information: Uniquified 6 instances of design 'fpr_add'. (OPT-1056)
Information: Uniquified 6 instances of design 'lzd64'. (OPT-1056)
  Simplifying Design 'BFU'

Loaded alib file './alib-52/sc9_cln40g_base_rvt_ss_typical_max_0p81v_125c.db.alib' (placeholder)
Loaded alib file './alib-52/sc9_cln40g_base_hvt_ss_typical_max_0p81v_125c.db.alib'
Loaded alib file './alib-52/sc9_cln40g_base_lvt_ss_typical_max_0p81v_125c.db.alib' (placeholder)
  Building model 'DW01_NAND2'
Information: Ungrouping hierarchy u_FPC_MUL before Pass 1 (OPT-776)
Information: Ungrouping hierarchy u_FPC_ADD before Pass 1 (OPT-776)
Information: Ungrouping hierarchy u_FPC_SUB before Pass 1 (OPT-776)
Information: Ungrouping hierarchy u_FPC_MUL/u_FPR_ADD_0 before Pass 1 (OPT-776)
Information: Ungrouping hierarchy u_FPC_SUB/u_FPR_SUB_1 before Pass 1 (OPT-776)
Information: Ungrouping hierarchy u_FPC_SUB/u_FPR_SUB_0 before Pass 1 (OPT-776)
Information: Ungrouping hierarchy u_FPC_ADD/u_FPR_ADD_1 before Pass 1 (OPT-776)
Information: Ungrouping hierarchy u_FPC_ADD/u_FPR_ADD_0 before Pass 1 (OPT-776)
Information: Ungrouping hierarchy u_FPC_MUL/u_FPR_ADD_1 before Pass 1 (OPT-776)
Information: Ungrouping hierarchy u_FPC_MUL/u_FPR_ADD_0/u_lzd_tree before Pass 1 (OPT-776)
Information: Ungrouping hierarchy u_FPC_SUB/u_FPR_SUB_1/u_lzd_tree before Pass 1 (OPT-776)
Information: Ungrouping hierarchy u_FPC_SUB/u_FPR_SUB_0/u_lzd_tree before Pass 1 (OPT-776)
Information: Ungrouping hierarchy u_FPC_ADD/u_FPR_ADD_1/u_lzd_tree before Pass 1 (OPT-776)
Information: Ungrouping hierarchy u_FPC_ADD/u_FPR_ADD_0/u_lzd_tree before Pass 1 (OPT-776)
Information: Ungrouping hierarchy u_FPC_MUL/u_FPR_ADD_1/u_lzd_tree before Pass 1 (OPT-776)
Information: Ungrouping 15 of 20 hierarchies before Pass 1 (OPT-775)
Information: State dependent leakage is now switched from on to off.

  Beginning Pass 1 Mapping
  ------------------------
  Processing 'BFU'
 Implement Synthetic for 'BFU'.
Information: Added key list 'DesignWare' to design 'BFU'. (DDB-72)
Information: Added key list 'DesignWare' to design 'BFU_RSOP_2727'. (DDB-72)
Information: Added key list 'DesignWare' to design 'BFU_RSOP_2729'. (DDB-72)
Information: Added key list 'DesignWare' to design 'BFU_RSOP_2731'. (DDB-72)
Information: Added key list 'DesignWare' to design 'BFU_RSOP_2733'. (DDB-72)
Information: Added key list 'DesignWare' to design 'BFU_RSOP_2735'. (DDB-72)
Information: Added key list 'DesignWare' to design 'BFU_RSOP_2738'. (DDB-72)
  Processing 'fpr_mul_0'
 Implement Synthetic for 'fpr_mul_0'.

  Updating timing information
Information: Updating design information... (UID-85)
Information: The library cell 'TIELO_X1M_A9TR' in the library 'sc9_cln40g_base_rvt_ss_typical_max_0p81v_125c' is not characterized for internal power. (PWR-536)
Information: The library cell 'TIEHI_X1M_A9TR' in the library 'sc9_cln40g_base_rvt_ss_typical_max_0p81v_125c' is not characterized for internal power. (PWR-536)
Information: The library cell 'TIELO_X1M_A9TH' in the library 'sc9_cln40g_base_hvt_ss_typical_max_0p81v_125c' is not characterized for internal power. (PWR-536)
Information: The library cell 'TIEHI_X1M_A9TH' in the library 'sc9_cln40g_base_hvt_ss_typical_max_0p81v_125c' is not characterized for internal power. (PWR-536)
Information: The library cell 'TIELO_X1M_A9TL' in the library 'sc9_cln40g_base_lvt_ss_typical_max_0p81v_125c' is not characterized for internal power. (PWR-536)
Information: The library cell 'TIEHI_X1M_A9TL' in the library 'sc9_cln40g_base_lvt_ss_typical_max_0p81v_125c' is not characterized for internal power. (PWR-536)
Information: The target library(s) contains cell(s), other than black boxes, that are not characterized for internal power. (PWR-24)

  Beginning Mapping Optimizations  (Ultra High effort)
  -------------------------------
Information: Checking pipeline property of design BFU. (RTDC-137)
Information: Pipeline detection aborted. Reason: cells u_FPC_ADD/pipe_im_reg[2][0], u_FPC_ADD/pipe_im_reg[1][0], u_FPC_ADD/pipe_im_reg[0][0], delay_line_im_reg[2][0], delay_line_im_reg[1][0], delay_line_im_reg[0][0] are on a feedback loop. (RTDC-138)
Information: Aborted pipeline detection on design BFU. (RTDC-140)
Information: Ungrouping hierarchy u_FPC_MUL/u_FPR_MUL_0 'fpr_mul_3' #insts = 121. (OPT-777)
Information: Ungrouping hierarchy u_FPC_MUL/u_FPR_MUL_1 'fpr_mul_2' #insts = 121. (OPT-777)
Information: Ungrouping hierarchy u_FPC_MUL/u_FPR_MUL_2 'fpr_mul_1' #insts = 121. (OPT-777)
Information: Ungrouping hierarchy u_FPC_MUL/u_FPR_MUL_3 'fpr_mul_0' #insts = 121. (OPT-777)
  Mapping Optimization (Phase 1)
  Mapping Optimization (Phase 2)
  Mapping Optimization (Phase 3)
  Mapping Optimization (Phase 4)
  Mapping Optimization (Phase 5)
  Mapping Optimization (Phase 6)
  Mapping Optimization (Phase 7)
  Mapping Optimization (Phase 8)
  Mapping Optimization (Phase 9)
  Mapping Optimization (Phase 10)
Information: Checkpoint guidance is generated in the .svf file. (INFO-122)
Warning: Retiming is likely to run for an extended
        period of time due to the large design size. (RTDC-135)
  Retiming BFU (top)
  Preferred flip-flop is DFFQ_X4M_A9TL with setup = 0.02

Warning: The following cells only drive
        asynchronous pins of sequential cells which have no
        timing constraint. Therefore retiming will not optimize
        delay through them:
        *cell*8801 (BUF_X9M_A9TH)
        *cell*8806 (BUF_X9M_A9TH)
        *cell*8805 (BUF_X9M_A9TH)
        *cell*8804 (BUF_X9M_A9TH)
        *cell*8803 (BUF_X9M_A9TH)
        *cell*8802 (BUF_X9M_A9TH)
        *cell*8796 (BUF_X9M_A9TH)
        *cell*8800 (BUF_X9M_A9TH)
        *cell*8799 (BUF_X9M_A9TH)
        *cell*8798 (BUF_X9M_A9TH)
        *cell*8797 (BUF_X9M_A9TH)
        *cell*8790 (BUF_X9M_A9TH)
        *cell*8795 (BUF_X9M_A9TH)
        *cell*8794 (BUF_X9M_A9TH)
        *cell*8793 (BUF_X9M_A9TH)
        *cell*8792 (BUF_X9M_A9TH)
        *cell*8791 (BUF_X9M_A9TH)
        *cell*8785 (BUF_X9M_A9TH)
        *cell*8789 (BUF_X9M_A9TH)
        *cell*8788 (BUF_X9M_A9TH)
        *cell*8787 (BUF_X9M_A9TH)
        *cell*8786 (BUF_X9M_A9TH)
        *cell*8780 (BUF_X9M_A9TH)
        *cell*8784 (BUF_X9M_A9TH)
        *cell*8783 (BUF_X9M_A9TH)
        *cell*8782 (BUF_X9M_A9TH)
        *cell*8781 (BUF_X9M_A9TH)
        *cell*8774 (BUF_X9M_A9TH)
        *cell*8779 (BUF_X9M_A9TH)
        *cell*8778 (BUF_X9M_A9TH)
        *cell*8777 (BUF_X9M_A9TH)
        *cell*8776 (BUF_X9M_A9TH)
        *cell*8775 (BUF_X9M_A9TH)
        *cell*8773 (BUF_X9M_A9TH)
        *cell*8763 (BUF_X9M_A9TH)
        *cell*8772 (BUF_X9M_A9TH)
        *cell*8771 (BUF_X9M_A9TH)
        *cell*8765 (BUF_X9M_A9TH)
        *cell*8764 (BUF_X9M_A9TH)
        *cell*8768 (BUF_X9M_A9TH)
        *cell*8767 (BUF_X9M_A9TH)
        *cell*8766 (BUF_X9M_A9TH)
        *cell*8770 (BUF_X9M_A9TH)
        *cell*8769 (BUF_X9M_A9TH)
        *cell*8757 (BUF_X9M_A9TH)
        *cell*8758 (BUF_X9M_A9TH)
        *cell*8759 (BUF_X9M_A9TH)
        *cell*8760 (BUF_X9M_A9TH)
        *cell*8761 (BUF_X9M_A9TH)
        *cell*8762 (BUF_X9M_A9TH)
        *cell*8752 (BUF_X9M_A9TH)
        *cell*8753 (BUF_X9M_A9TH)
        *cell*8754 (BUF_X9M_A9TH)
        *cell*8755 (BUF_X9M_A9TH)
        *cell*8756 (BUF_X9M_A9TH)
        *cell*8747 (BUF_X9M_A9TH)
        *cell*8748 (BUF_X9M_A9TH)
        *cell*8749 (BUF_X9M_A9TH)
        *cell*8750 (BUF_X9M_A9TH)
        *cell*8751 (BUF_X9M_A9TH)
        *cell*8741 (BUF_X9M_A9TH)
        *cell*8742 (BUF_X9M_A9TH)
        *cell*8743 (BUF_X9M_A9TH)
        *cell*8744 (BUF_X9M_A9TH)
        *cell*8745 (BUF_X9M_A9TH)
        *cell*8746 (BUF_X9M_A9TH)
        *cell*8736 (BUF_X9M_A9TH)
        *cell*8737 (BUF_X9M_A9TH)
        *cell*8738 (BUF_X9M_A9TH)
        *cell*8739 (BUF_X9M_A9TH)
        *cell*8740 (BUF_X9M_A9TH)
        *cell*8731 (BUF_X9M_A9TH)
        *cell*8732 (BUF_X9M_A9TH)
        *cell*8733 (BUF_X9M_A9TH)
        *cell*8734 (BUF_X9M_A9TH)
        *cell*8735 (BUF_X9M_A9TH)
        *cell*8725 (BUF_X9M_A9TH)
        *cell*8726 (BUF_X9M_A9TH)
        *cell*8727 (BUF_X9M_A9TH)
        *cell*8728 (BUF_X9M_A9TH)
        *cell*8729 (BUF_X9M_A9TH)
        *cell*8730 (BUF_X9M_A9TH)
        *cell*8720 (BUF_X9M_A9TH)
        *cell*8721 (BUF_X9M_A9TH)
        *cell*8722 (BUF_X9M_A9TH)
        *cell*8723 (BUF_X9M_A9TH)
        *cell*8724 (BUF_X9M_A9TH)
        *cell*8715 (BUF_X9M_A9TH)
        *cell*8716 (BUF_X9M_A9TH)
        *cell*8717 (BUF_X9M_A9TH)
        *cell*8718 (BUF_X9M_A9TH)
        *cell*8719 (BUF_X9M_A9TH)
        *cell*8808 (BUFH_X11M_A9TH)
        *cell*8807 (BUFH_X11M_A9TH)
        *cell*8810 (BUFH_X11M_A9TH)
        *cell*8809 (BUFH_X11M_A9TH)
        *cell*8812 (BUFH_X11M_A9TH)
        *cell*8811 (BUFH_X11M_A9TH)
        *cell*8814 (BUFH_X11M_A9TH)
        *cell*8813 (BUFH_X11M_A9TH)
        *cell*8815 (BUFH_X11M_A9TH)
        *cell*8817 (BUFH_X11M_A9TH)
        *cell*8816 (BUFH_X11M_A9TH)
        *cell*8818 (BUFH_X11M_A9TH)
        *cell*8821 (BUFH_X11M_A9TH)
        *cell*8820 (BUFH_X11M_A9TH)
        *cell*8819 (BUFH_X11M_A9TH)
        *cell*8823 (BUFH_X11M_A9TH)
        *cell*8822 (BUFH_X11M_A9TH)
        *cell*8825 (BUFH_X11M_A9TH)
        *cell*8824 (BUFH_X11M_A9TH)
        *cell*8826 (BUFH_X11M_A9TH)
        *cell*8828 (BUFH_X11M_A9TH)
        *cell*8827 (BUFH_X11M_A9TH)
        *cell*8830 (BUFH_X11M_A9TH)
        *cell*8829 (BUFH_X11M_A9TH)
        *cell*8832 (BUFH_X11M_A9TH)
        *cell*8831 (BUFH_X11M_A9TH)
        *cell*8834 (BUFH_X11M_A9TH)
        *cell*8833 (BUFH_X11M_A9TH)
        *cell*8835 (BUFH_X11M_A9TH)
        *cell*8837 (BUFH_X11M_A9TH)
        *cell*8836 (BUFH_X11M_A9TH)
        *cell*8852 (BUF_X9M_A9TH)
        *cell*8853 (BUF_X9M_A9TH)
        *cell*8851 (BUF_X9M_A9TH)
        *cell*8850 (BUF_X9M_A9TH)
        *cell*8849 (BUF_X9M_A9TH)
        *cell*8848 (BUF_X9M_A9TH)
        *cell*8847 (BUF_X9M_A9TH)
        *cell*8846 (BUF_X9M_A9TH)
        *cell*8845 (BUF_X9M_A9TH)
        *cell*8844 (BUF_X9M_A9TH)
        *cell*8843 (BUF_X9M_A9TH)
        *cell*8842 (BUF_X9M_A9TH)
        *cell*8841 (BUF_X9M_A9TH)
        *cell*8840 (BUF_X9M_A9TH)
        *cell*8839 (BUF_X9M_A9TH)
        *cell*8838 (BUF_X9M_A9TH)
        *cell*8854 (BUFH_X11M_A9TH)
        *cell*8855 (BUFH_X11M_A9TH)
        *cell*8856 (BUFH_X11M_A9TH)
        *cell*8857 (BUFH_X11M_A9TH)
        *cell*8858 (BUFH_X11M_A9TH)
        *cell*8859 (BUFH_X11M_A9TH)
        *cell*8861 (INV_X16M_A9TH)
        *cell*8860 (INV_X16M_A9TH)
        *cell*8862 (INV_X16M_A9TH)
        *cell*6439 (INV_X0P6B_A9TH)

 (RTDC-115)

  Retiming base-clock clk, rising edge.
  Beginning minimum period retiming ...
  ... minimum period retiming done.
  Beginning minimum area retiming step 1 ...
  ... minimum area retiming step 1 done.
  Beginning minimum area retiming step 2 ...
  
  ... minimum area retiming step 2 done.
  Beginning minimum area retiming step 3 ...
  
  ... minimum area retiming step 3 done.
  Beginning final register move ...
  ... final register move done.
  Lower bound estimate = 1.01
  Critical path length = 1.01
  Clock correction = 0.19 (clock-to-Q delay = 0.17, setup = 0.02, uncertainty = 0.00)
  Mapping Optimization (Phase 11)
  Mapping Optimization (Phase 12)
  Mapping Optimization (Phase 13)

                                  TOTAL                                                
   ELAPSED            WORST NEG   SETUP    DESIGN                              LEAKAGE 
    TIME      AREA      SLACK     COST    RULE COST         ENDPOINT            POWER  
  --------- --------- --------- --------- --------- ------------------------- ---------
    0:03:15  131851.3      1.42    2839.4       0.0                            741.6259
    0:03:16  131692.1      1.56    2868.1       0.0                            740.5891

  Beginning Constant Register Removal
  -----------------------------------
    0:03:17  131692.1      1.56    2868.1       0.0                            740.5891
    0:03:18  131683.9      2.15    3784.1     180.3                            740.5184

  Beginning Global Optimizations
  ------------------------------
  Numerical Synthesis (Phase 1)
  Numerical Synthesis (Phase 2)
  Global Optimization (Phase 1)
  Global Optimization (Phase 2)
  Global Optimization (Phase 3)
  Global Optimization (Phase 4)
  Global Optimization (Phase 5)
  Global Optimization (Phase 6)
  Global Optimization (Phase 7)
  Global Optimization (Phase 8)
  Global Optimization (Phase 9)
  Global Optimization (Phase 10)
  Global Optimization (Phase 11)
  Global Optimization (Phase 12)
  Global Optimization (Phase 13)
  Global Optimization (Phase 14)
  Global Optimization (Phase 15)
  Global Optimization (Phase 16)
  Global Optimization (Phase 17)
  Global Optimization (Phase 18)
  Global Optimization (Phase 19)
  Global Optimization (Phase 20)
  Global Optimization (Phase 21)
  Global Optimization (Phase 22)
  Global Optimization (Phase 23)
  Global Optimization (Phase 24)
  Global Optimization (Phase 25)
  Global Optimization (Phase 26)
  Global Optimization (Phase 27)
  Global Optimization (Phase 28)
  Global Optimization (Phase 29)
  Global Optimization (Phase 30)
  Global Optimization (Phase 31)

  Beginning Isolate Ports
  -----------------------

  Beginning Delay Optimization
  ----------------------------
    0:03:28  108058.0      1.27    2022.8    5272.4                            571.8361
    0:03:29  109014.6      0.87    1763.7    5319.1                            580.7715
    0:03:29  109014.6      0.87    1763.7    5319.1                            580.7715
    0:03:30  108968.6      0.87    1759.7     237.9                            581.8441
    0:03:33  108925.7      0.87    1759.5     237.9                            581.6114
    0:03:35  108357.1      1.11    1876.9     237.9                            577.9454

  Beginning WLM Backend Optimization
  --------------------------------------
    0:03:41  107999.2      1.11    1876.7     235.2                            574.2785
    0:03:43  106715.5      1.11    1882.9     235.2                            561.6036
    0:03:45  106196.6      0.95    1799.9     235.2                            556.8668

  Beginning Delay Optimization HSVT Pass
  --------------------------------------
    0:03:46  106023.6      0.95    1799.7     235.2                            555.6311
    0:03:46  106023.6      0.95    1799.7     235.2                            555.6311
    0:03:46  106023.6      0.95    1799.7     235.2                            555.6311
    0:03:47  107618.4      0.84    1698.3     266.2                            609.1683
    0:03:49  107618.4      0.84    1698.3     266.2                            609.1683
    0:03:49  107618.4      0.84    1698.3     266.2                            609.1683
    0:03:49  107618.4      0.84    1698.3     266.2                            609.1683
    0:03:49  108186.3      0.82    1647.6     289.8                            649.2707
    0:03:51  108186.3      0.82    1647.6     289.8                            649.2707
    0:03:54  108656.9      0.71    1424.3     261.7                            880.3826
    0:03:57  109080.6      0.69    1323.6     254.1                           1024.9198
    0:04:00  109521.7      0.68    1234.2     248.2                           1168.6437
    0:04:03  109956.7      0.66    1153.1     248.6                           1310.7057
    0:04:05  110457.9      0.62    1077.3     247.8                           1438.4041
    0:04:08  111012.5      0.54    1000.3     212.8                           1583.1229
    0:04:10  111521.2      0.54     931.4     213.2                           1713.0686
    0:04:11  111824.9      0.54     901.9     213.2                           1776.0481
    0:04:11  111824.9      0.54     901.9     213.2                           1776.0481
    0:04:14  108382.7      0.54     845.7     194.8                           1811.3707
    0:04:14  108382.7      0.54     845.7     194.8                           1811.3707
    0:04:22  113813.5      0.43     738.6     194.8                           2242.4062
    0:04:23  113813.5      0.43     738.6     194.8                           2242.4062
    0:04:30  115015.0      0.05      22.1     204.7                           3181.1145
    0:04:30  115015.0      0.05      22.1     204.7                           3181.1145
    0:04:46  119319.0      0.03      11.5     204.7                           3449.2510
    0:04:46  119319.0      0.03      11.5     204.7                           3449.2510
    0:04:47  119171.2      0.00       0.0     205.9                           3506.6130
    0:04:47  119171.2      0.00       0.0     205.9                           3506.6130
    0:04:47  119171.2      0.00       0.0     205.9                           3506.6130

  Beginning Delay Optimization
  ----------------------------
    0:04:47  119171.2      0.00       0.0     205.9                           3506.6130
    0:04:47  119171.2      0.00       0.0     205.9                           3506.6130
    0:04:47  119171.2      0.00       0.0     205.9                           3506.6130
    0:04:47  119171.2      0.00       0.0     205.9                           3506.6130
    0:04:47  119171.2      0.00       0.0     205.9                           3506.6130
    0:04:47  119171.2      0.00       0.0     205.9                           3506.6130
    0:04:47  119171.2      0.00       0.0     205.9                           3506.6130
    0:04:47  119171.2      0.00       0.0     205.9                           3506.6130


  Beginning Design Rule Fixing  (max_transition)  (max_capacitance)
  ----------------------------

                                  TOTAL                                                
   ELAPSED            WORST NEG   SETUP    DESIGN                              LEAKAGE 
    TIME      AREA      SLACK     COST    RULE COST         ENDPOINT            POWER  
  --------- --------- --------- --------- --------- ------------------------- ---------
    0:04:47  119171.2      0.00       0.0     205.9                           3506.6130
  Global Optimization (Phase 32)
  Global Optimization (Phase 33)
  Global Optimization (Phase 34)
    0:04:48  119180.0      0.00       0.0       0.0                           3507.6687
    0:04:48  119180.0      0.00       0.0       0.0                           3507.6687


  Beginning Leakage Power Optimization  (max_leakage_power 0)
  ------------------------------------

                                  TOTAL                                                
   ELAPSED            WORST NEG   SETUP    DESIGN                              LEAKAGE 
    TIME      AREA      SLACK     COST    RULE COST         ENDPOINT            POWER  
  --------- --------- --------- --------- --------- ------------------------- ---------
    0:04:48  119180.0      0.00       0.0       0.0                           3507.6687
  Global Optimization (Phase 35)
  Global Optimization (Phase 36)
  Global Optimization (Phase 37)
  Global Optimization (Phase 38)
  Global Optimization (Phase 39)
  Global Optimization (Phase 40)
  Global Optimization (Phase 41)
  Global Optimization (Phase 42)
  Global Optimization (Phase 43)
  Global Optimization (Phase 44)
  Global Optimization (Phase 45)
  Global Optimization (Phase 46)
  Global Optimization (Phase 47)
  Global Optimization (Phase 48)
  Global Optimization (Phase 49)
  Global Optimization (Phase 50)
    0:05:04  114180.9      0.30     287.7       0.0                           2817.2979
    0:05:07  115605.6      0.26     258.7      14.4                           2919.6511
    0:05:07  115605.6      0.26     258.7      14.4                           2919.6511
    0:05:11  104476.1      0.26     180.5       0.0                           2578.7534
    0:05:11  104476.1      0.26     180.5       0.0                           2578.7534
    0:05:17  105732.8      0.21     149.0      25.9                           2667.8862
    0:05:17  105732.8      0.21     149.0      25.9                           2667.8862
    0:05:19  107214.9      0.00       0.0      40.1                           2892.3240
    0:05:19  107214.9      0.00       0.0      40.1                           2892.3240
    0:05:20  107214.3      0.00       0.0      40.1                           2892.2947
    0:05:20  107214.3      0.00       0.0      40.1                           2892.2947
    0:05:20  107214.3      0.00       0.0      40.1                           2892.2947
    0:05:20  107214.3      0.00       0.0      40.1                           2892.2947
    0:05:20  107214.3      0.00       0.0      40.1                           2892.2947
    0:05:20  107214.3      0.00       0.0      40.1                           2892.2947
    0:05:20  107214.3      0.00       0.0      40.1                           2892.2947
    0:05:20  107214.3      0.00       0.0      40.1                           2892.2947
    0:05:20  107214.3      0.00       0.0      40.1                           2892.2947
    0:05:20  107214.3      0.00       0.0      40.1                           2892.2947
    0:05:20  107214.3      0.00       0.0      40.1                           2892.2947
    0:05:20  107214.3      0.00       0.0      40.1                           2892.2947
    0:05:20  107214.3      0.00       0.0      40.1                           2892.2947

                                  TOTAL                                                
   ELAPSED            WORST NEG   SETUP    DESIGN                              LEAKAGE 
    TIME      AREA      SLACK     COST    RULE COST         ENDPOINT            POWER  
  --------- --------- --------- --------- --------- ------------------------- ---------
    0:05:20  107214.3      0.00       0.0      40.1                           2892.2947
    0:05:56   94096.6      0.00       0.0      26.0                           2217.2380
    0:05:56   94095.7      0.00       0.0      26.0                           2217.2080
    0:05:56   94095.7      0.00       0.0      26.0                           2217.2080
    0:06:01   92757.1      0.00       0.0       0.8                           2066.9204

  Beginning Delay Optimization HSVT Pass
  --------------------------------------
    0:06:02   92757.1      0.00       0.0       0.8                           2066.9204
    0:06:02   92757.1      0.00       0.0       0.8                           2066.9204
    0:06:02   92757.1      0.00       0.0       0.8                           2066.9204
    0:06:04   92746.7      0.00       0.0       0.8                           2065.6218
    0:06:05   92746.7      0.00       0.0       0.8                           2065.6218
    0:06:05   92746.7      0.00       0.0       0.8                           2065.6218
    0:06:05   92746.7      0.00       0.0       0.8                           2065.6218
    0:06:08   92751.7      0.00       0.0       0.8                           2065.3853
    0:06:12   92723.3      0.00       0.0       0.6                           2063.9578
    0:06:13   92722.9      0.00       0.0       0.6                           2052.3230
    0:06:14   93080.8      0.00       0.0       0.6                           2036.0038
    0:06:15   93192.1      0.00       0.0       0.0                           2034.6475
    0:06:15   93192.1      0.00       0.0       0.0                           2034.6475
    0:06:15   93192.1      0.00       0.0       0.0                           2034.6475
    0:06:15   93192.1      0.00       0.0       0.0                           2034.6475
    0:06:15   93192.1      0.00       0.0       0.0                           2034.6475
    0:06:15   93192.1      0.00       0.0       0.0                           2034.6475
    0:06:22   90317.2      0.00       0.0       0.0                           1944.7313
    0:06:23   90094.9      0.00       0.0       0.0                           1920.7106
Loading db file '/cell_base_lib/CBDK_TSMC40_Arm_f2.0/CIC/SynopsysDC/db/sc9_base_rvt/sc9_cln40g_base_rvt_ss_typical_max_0p81v_125c.db'
Loading db file '/cell_base_lib/CBDK_TSMC40_Arm_f2.0/CIC/SynopsysDC/db/sc9_base_hvt/sc9_cln40g_base_hvt_ss_typical_max_0p81v_125c.db'
Loading db file '/cell_base_lib/CBDK_TSMC40_Arm_f2.0/CIC/SynopsysDC/db/sc9_base_lvt/sc9_cln40g_base_lvt_ss_typical_max_0p81v_125c.db'


Note: Symbol # after min delay cost means estimated hold TNS across all active scenarios 


  Optimization Complete
  ---------------------
Warning: Design 'BFU' contains 1 high-fanout nets. A fanout number of 1000 will be used for delay calculations involving these nets. (TIM-134)
     Net 'clk': 3880 load(s), 1 driver(s)
Information: State dependent leakage is now switched from off to on.
Information: Propagating switching activity (low effort zero delay simulation). (PWR-6)
1
# compile_ultra
set_fix_hold [all_clocks]
1
compile -incremental_mapping -only_hold_time
Information: Performing power optimization. (PWR-850)
====================================================================================================
| Flow Information                                                                                 |
----------------------------------------------------------------------------------------------------
| Flow         | Design Compiler NXT                                                               |
| Comand line  | compile_ultra                                                                     |
====================================================================================================
| Design Information                                      | Value                                  |
====================================================================================================
| Number of Scenarios                                     | 0                                      |
| Leaf Cell Count                                         | 48496                                  |
| Number of User Hierarchies                              | 0                                      |
| Sequential Cell Count                                   | 3880                                   |
| Macro Count                                             | 0                                      |
| Number of Power Domains                                 | 0                                      |
| Number of Path Groups                                   | 2                                      |
| Number of VT class                                      | 0                                      |
| Number of Clocks                                        | 1                                      |
| Number of Dont Touch cells                              | 0                                      |
| Number of Dont Touch nets                               | 1                                      |
| Number of size only cells                               | 0                                      |
| Design with UPF Data                                    | false                                  |
----------------------------------------------------------------------------------------------------
| Variables                                               | Value                                  |
----------------------------------------------------------------------------------------------------
| set_fix_multiple_port_nets                              | -all -buffer_constants                 |
====================================================================================================

Information: State dependent leakage is now switched from on to off.

  Beginning Pass 1 Mapping  (Incremental)
  ------------------------

  Updating timing information
Information: Updating design information... (UID-85)
Information: The library cell 'TIELO_X1M_A9TR' in the library 'sc9_cln40g_base_rvt_ss_typical_max_0p81v_125c' is not characterized for internal power. (PWR-536)
Information: The library cell 'TIEHI_X1M_A9TR' in the library 'sc9_cln40g_base_rvt_ss_typical_max_0p81v_125c' is not characterized for internal power. (PWR-536)
Information: The library cell 'TIELO_X1M_A9TH' in the library 'sc9_cln40g_base_hvt_ss_typical_max_0p81v_125c' is not characterized for internal power. (PWR-536)
Information: The library cell 'TIEHI_X1M_A9TH' in the library 'sc9_cln40g_base_hvt_ss_typical_max_0p81v_125c' is not characterized for internal power. (PWR-536)
Information: The library cell 'TIELO_X1M_A9TL' in the library 'sc9_cln40g_base_lvt_ss_typical_max_0p81v_125c' is not characterized for internal power. (PWR-536)
Information: The library cell 'TIEHI_X1M_A9TL' in the library 'sc9_cln40g_base_lvt_ss_typical_max_0p81v_125c' is not characterized for internal power. (PWR-536)
Information: The target library(s) contains cell(s), other than black boxes, that are not characterized for internal power. (PWR-24)

  Beginning Mapping Optimizations  (Incremental)
  -------------------------------

  Beginning Delay Optimization Phase
  ----------------------------------

                                  TOTAL                                                            
   ELAPSED            WORST NEG   SETUP    DESIGN                              LEAKAGE   MIN DELAY 
    TIME      AREA      SLACK     COST    RULE COST         ENDPOINT            POWER      COST    
  --------- --------- --------- --------- --------- ------------------------- --------- -----------
    0:00:04   90094.9      0.00       0.0       0.0                           1920.7106      0.00  
    0:00:04   90228.7      0.00       0.0       0.0                           1931.5612      0.00  
    0:00:05   90228.7      0.00       0.0       0.0                           1931.4346      0.00  


  Beginning Design Rule Fixing  (min_path)
  ----------------------------

                                  TOTAL                                                            
   ELAPSED            WORST NEG   SETUP    DESIGN                              LEAKAGE   MIN DELAY 
    TIME      AREA      SLACK     COST    RULE COST         ENDPOINT            POWER      COST    
  --------- --------- --------- --------- --------- ------------------------- --------- -----------
    0:00:05   90228.7      0.00       0.0       0.0                           1931.4346     -0.24  
Information: State dependent leakage is now switched from off to on.
Information: Propagating switching activity (low effort zero delay simulation). (PWR-6)
    0:00:09   90246.4      0.00       0.0       0.0                           1970.8855      0.00  
Loading db file '/cell_base_lib/CBDK_TSMC40_Arm_f2.0/CIC/SynopsysDC/db/sc9_base_rvt/sc9_cln40g_base_rvt_ss_typical_max_0p81v_125c.db'
Loading db file '/cell_base_lib/CBDK_TSMC40_Arm_f2.0/CIC/SynopsysDC/db/sc9_base_hvt/sc9_cln40g_base_hvt_ss_typical_max_0p81v_125c.db'
Loading db file '/cell_base_lib/CBDK_TSMC40_Arm_f2.0/CIC/SynopsysDC/db/sc9_base_lvt/sc9_cln40g_base_lvt_ss_typical_max_0p81v_125c.db'


Note: Symbol # after min delay cost means estimated hold TNS across all active scenarios 


  Optimization Complete
  ---------------------
Warning: Design 'BFU' contains 1 high-fanout nets. A fanout number of 1000 will be used for delay calculations involving these nets. (TIM-134)
     Net 'clk': 3880 load(s), 1 driver(s)
1
# # uniquify
# # compile
#======================================================
#  (F) Output Reports 
#======================================================
report_design  >  Report/$DESIGN\.design
report_resource >  Report/$DESIGN\.resource
report_timing -max_paths 3 >  Report/$DESIGN\.timing
report_timing -delay_type min >  Report/$DESIGN\_hold.timing
report_area >  Report/$DESIGN\.area
report_area -hierarchy >  Report/$DESIGN\_hier.area
report_power > Report/$DESIGN\.power
report_clock > Report/$DESIGN\.clock
report_port >  Report/$DESIGN\.port
report_power >  Report/$DESIGN\.power
#======================================================
#  (G) Change Naming Rule
#======================================================
set bus_inference_style "%s\[%d\]"
%s[%d]
set bus_naming_style "%s\[%d\]"
%s[%d]
set hdlout_internal_busses true
true
change_names -hierarchy -rule verilog
1
define_name_rules name_rule -allowed "a-z A-Z 0-9 _" -max_length 255 -type cell
1
define_name_rules name_rule -allowed "a-z A-Z 0-9 _[]" -max_length 255 -type net
1
define_name_rules name_rule -map {{"\\*cell\\*" "cell"}}
1
define_name_rules name_rule -case_insensitive
1
change_names -hierarchy -rules name_rule
1
#======================================================
#  (H) Output Results
#======================================================
set verilogout_higher_designs_first true
true
write -format verilog -output Netlist/$DESIGN\_SYN.v -hierarchy
Writing verilog file '/home/daniel_kuo/Falcon/hardware/bfu/02_SYN/Netlist/BFU_SYN.v'.
Warning: Verilog 'assign' or 'tran' statements are written out. (VO-4)
1
write -format ddc     -hierarchy -output $DESIGN\_SYN.ddc
Writing ddc file 'BFU_SYN.ddc'.
1
write_sdf -version 3.0 -context verilog -load_delay cell Netlist/$DESIGN\_SYN.sdf -significant_digits 6
Information: Writing timing information to file '/home/daniel_kuo/Falcon/hardware/bfu/02_SYN/Netlist/BFU_SYN.sdf'. (WT-3)
1
write_sdc Netlist/$DESIGN\_SYN.sdc
1
write -format ddc -hierarchy -output Netlist/${DESIGN}_SYN.ddc
Writing ddc file 'Netlist/BFU_SYN.ddc'.
1
#======================================================
#  (I) Finish and Quit
#======================================================
report_resource
 
****************************************
Report : resources
Design : BFU
Version: T-2022.03
Date   : Wed Jun  3 14:30:32 2026
****************************************


Resource Report for this hierarchy in file ../01_RTL/BFU.sv
=============================================================================
| Cell           | Module         | Parameters | Contained Operations       |
=============================================================================
| sub_x_1        | DW01_sub       | width=11   | sub_121_C138_aco (BFU.sv:121) |
| sub_x_3        | DW01_sub       | width=11   | sub_121_C139_aco (BFU.sv:121) |
| sub_x_17       | DW01_sub       | width=11   | sub_121_C240_aco (BFU.sv:121) |
| sub_x_18       | DW01_sub       | width=11   | sub_121_C241_aco (BFU.sv:121) |
| gte_x_20       | DW_cmp         | width=63   | u_FPC_MUL/u_FPR_ADD_0/gte_348 (FPC.sv:348) |
| gt_x_21        | DW_cmp         | width=11   | u_FPC_MUL/u_FPR_ADD_0/gt_358 (FPC.sv:358) |
| ash_27         | DW_leftsh      | A_width=52 | u_FPC_MUL/u_FPR_ADD_0/sll_408 (FPC.sv:408) |
 |                | SH_width=6 |                            |
| sub_x_31       | DW01_sub       | width=11   | u_FPC_SUB/u_FPR_SUB_1/sub_355 (FPC.sv:355) |
| gt_x_33        | DW_cmp         | width=11   | u_FPC_SUB/u_FPR_SUB_1/gt_358 (FPC.sv:358) |
| ash_39         | DW_leftsh      | A_width=52 | u_FPC_SUB/u_FPR_SUB_1/sll_408 (FPC.sv:408) |
 |                | SH_width=6 |                            |
| sub_x_43       | DW01_sub       | width=11   | u_FPC_SUB/u_FPR_SUB_0/sub_355 (FPC.sv:355) |
| gt_x_45        | DW_cmp         | width=11   | u_FPC_SUB/u_FPR_SUB_0/gt_358 (FPC.sv:358) |
| ash_51         | DW_leftsh      | A_width=52 | u_FPC_SUB/u_FPR_SUB_0/sll_408 (FPC.sv:408) |
 |                | SH_width=6 |                            |
| sub_x_54       | DW01_sub       | width=11   | u_FPC_ADD/u_FPR_ADD_1/sub_355 (FPC.sv:355) |
| gt_x_56        | DW_cmp         | width=11   | u_FPC_ADD/u_FPR_ADD_1/gt_358 (FPC.sv:358) |
| ash_62         | DW_leftsh      | A_width=52 | u_FPC_ADD/u_FPR_ADD_1/sll_408 (FPC.sv:408) |
 |                | SH_width=6 |                            |
| sub_x_65       | DW01_sub       | width=11   | u_FPC_ADD/u_FPR_ADD_0/sub_355 (FPC.sv:355) |
| gt_x_67        | DW_cmp         | width=11   | u_FPC_ADD/u_FPR_ADD_0/gt_358 (FPC.sv:358) |
| ash_73         | DW_leftsh      | A_width=52 | u_FPC_ADD/u_FPR_ADD_0/sll_408 (FPC.sv:408) |
 |                | SH_width=6 |                            |
| gte_x_76       | DW_cmp         | width=63   | u_FPC_MUL/u_FPR_ADD_1/gte_348 (FPC.sv:348) |
| gt_x_77        | DW_cmp         | width=11   | u_FPC_MUL/u_FPR_ADD_1/gt_358 (FPC.sv:358) |
| ash_83         | DW_leftsh      | A_width=52 | u_FPC_MUL/u_FPR_ADD_1/sll_408 (FPC.sv:408) |
 |                | SH_width=6 |                            |
| gte_x_2540     | DW_cmp         | width=63   | u_FPC_ADD/u_FPR_ADD_1/gte_348 (FPC.sv:348) |
 |                |            | u_FPC_SUB/u_FPR_SUB_1/gte_348 (FPC.sv:348) |
| gte_x_2541     | DW_cmp         | width=63   | u_FPC_ADD/u_FPR_ADD_0/gte_348 (FPC.sv:348) |
 |                |            | u_FPC_SUB/u_FPR_SUB_0/gte_348 (FPC.sv:348) |
| sub_x_30       | DW01_sub       | width=11   | u_FPC_ADD/u_FPR_ADD_1/sub_354 (FPC.sv:354) |
 |                |            | u_FPC_SUB/u_FPR_SUB_1/sub_354 (FPC.sv:354) |
| sub_x_42       | DW01_sub       | width=11   | u_FPC_ADD/u_FPR_ADD_0/sub_354 (FPC.sv:354) |
 |                |            | u_FPC_SUB/u_FPR_SUB_0/sub_354 (FPC.sv:354) |
| DP_OP_152J1_143_6648            |            |                            |
|                | DP_OP_152J1_143_6648 |      |                            |
| DP_OP_2710_178_624              |            |                            |
|                | DP_OP_2710_178_624 |        |                            |
| DP_OP_2711_179_3215             |            |                            |
|                | DP_OP_2711_179_3215 |       |                            |
| DP_OP_24_180_730                |            |                            |
|                | DP_OP_24_180_730 |          |                            |
| DP_OP_25_181_730                |            |                            |
|                | DP_OP_25_181_730 |          |                            |
| DP_OP_42J1_125_1852             |            |                            |
|                | DP_OP_42J1_125_1852 |       |                            |
| ashr_r2727_2   | DW_rightsh     | A_width=53 | u_FPC_MUL/u_FPR_ADD_0/srl_365 (FPC.sv:365) |
 |                | SH_width=6 |                            |
| ashr_r2727_3   | DW_rightsh     | A_width=53 | u_FPC_MUL/u_FPR_ADD_0/srl_364 (FPC.sv:364) |
 |                | SH_width=6 |                            |
| DP_OP_26_189_3786               |            |                            |
|                | DP_OP_26_189_3786 |         |                            |
| DP_OP_2725_182_6538             |            |                            |
|                | DP_OP_2725_182_6538 |       |                            |
| DP_OP_2726_183_6543             |            |                            |
|                | DP_OP_2726_183_6543 |       |                            |
| DP_OP_134_184_7693              |            |                            |
|                | DP_OP_134_184_7693 |        |                            |
| DP_OP_135_185_7693              |            |                            |
|                | DP_OP_135_185_7693 |        |                            |
| ashr_r2738_2   | DW_rightsh     | A_width=53 | u_FPC_MUL/u_FPR_ADD_1/srl_365 (FPC.sv:365) |
 |                | SH_width=6 |                            |
| ashr_r2738_3   | DW_rightsh     | A_width=53 | u_FPC_MUL/u_FPR_ADD_1/srl_364 (FPC.sv:364) |
 |                | SH_width=6 |                            |
| DP_OP_26_186_4298               |            |                            |
|                | DP_OP_26_186_4298 |         |                            |
| DP_OP_26_188_3018               |            |                            |
|                | DP_OP_26_188_3018 |         |                            |
| DP_OP_26_187_5578               |            |                            |
|                | DP_OP_26_187_5578 |         |                            |
| DP_OP_2713_192_3379             |            |                            |
|                | DP_OP_2713_192_3379 |       |                            |
| DP_OP_2714_193_3471             |            |                            |
|                | DP_OP_2714_193_3471 |       |                            |
| DP_OP_57_202_9658               |            |                            |
|                | DP_OP_57_202_9658 |         |                            |
| DP_OP_58_203_9658               |            |                            |
|                | DP_OP_58_203_9658 |         |                            |
| ashr_r2729_2   | DW_rightsh     | A_width=53 | u_FPC_SUB/u_FPR_SUB_1/srl_365 (FPC.sv:365) |
 |                | SH_width=6 |                            |
| ashr_r2729_3   | DW_rightsh     | A_width=53 | u_FPC_SUB/u_FPR_SUB_1/srl_364 (FPC.sv:364) |
 |                | SH_width=6 |                            |
| DP_OP_2719_190_1028             |            |                            |
|                | DP_OP_2719_190_1028 |       |                            |
| DP_OP_2720_191_7055             |            |                            |
|                | DP_OP_2720_191_7055 |       |                            |
| DP_OP_101_204_3241              |            |                            |
|                | DP_OP_101_204_3241 |        |                            |
| DP_OP_102_205_3241              |            |                            |
|                | DP_OP_102_205_3241 |        |                            |
| ashr_r2733_2   | DW_rightsh     | A_width=53 | u_FPC_ADD/u_FPR_ADD_1/srl_365 (FPC.sv:365) |
 |                | SH_width=6 |                            |
| ashr_r2733_3   | DW_rightsh     | A_width=53 | u_FPC_ADD/u_FPR_ADD_1/srl_364 (FPC.sv:364) |
 |                | SH_width=6 |                            |
| DP_OP_2722_194_3783             |            |                            |
|                | DP_OP_2722_194_3783 |       |                            |
| DP_OP_2723_195_6287             |            |                            |
|                | DP_OP_2723_195_6287 |       |                            |
| DP_OP_2716_196_6134             |            |                            |
|                | DP_OP_2716_196_6134 |       |                            |
| DP_OP_2717_197_4751             |            |                            |
|                | DP_OP_2717_197_4751 |       |                            |
| DP_OP_130_200_9641              |            |                            |
|                | DP_OP_130_200_9641 |        |                            |
| ashr_r2735_2   | DW_rightsh     | A_width=53 | u_FPC_ADD/u_FPR_ADD_0/srl_365 (FPC.sv:365) |
 |                | SH_width=6 |                            |
| ashr_r2735_3   | DW_rightsh     | A_width=53 | u_FPC_ADD/u_FPR_ADD_0/srl_364 (FPC.sv:364) |
 |                | SH_width=6 |                            |
| DP_OP_86_201_5083               |            |                            |
|                | DP_OP_86_201_5083 |         |                            |
| ashr_r2731_2   | DW_rightsh     | A_width=53 | u_FPC_SUB/u_FPR_SUB_0/srl_365 (FPC.sv:365) |
 |                | SH_width=6 |                            |
| ashr_r2731_3   | DW_rightsh     | A_width=53 | u_FPC_SUB/u_FPR_SUB_0/srl_364 (FPC.sv:364) |
 |                | SH_width=6 |                            |
=============================================================================

Datapath Report for DP_OP_152J1_143_6648
==============================================================================
| Cell                 | Contained Operations                                |
==============================================================================
| DP_OP_152J1_143_6648 | u_FPC_MUL/u_FPR_ADD_1/add_383 (FPC.sv:383)          |
|                      | u_FPC_MUL/u_FPR_ADD_1/sub_384 (FPC.sv:384)          |
==============================================================================

==============================================================================
|       |      | Data     |       |                                          |
| Var   | Type | Class    | Width | Expression                               |
==============================================================================
| I1    | PI   | Unsigned | 53    |                                          |
| I2    | PI   | Unsigned | 53    |                                          |
| I3    | PI   | Unsigned | 1     |                                          |
| O1    | PO   | Signed   | 54    | addsub(I1,I2,I3) ( FPC.sv:383 FPC.sv:384 ) |
==============================================================================

Datapath Report for DP_OP_2710_178_624
==============================================================================
| Cell                 | Contained Operations                                |
==============================================================================
| DP_OP_2710_178_624   | u_FPC_MUL/u_FPR_ADD_0/add_416 (FPC.sv:416)          |
==============================================================================

==============================================================================
|       |      | Data     |       |                                          |
| Var   | Type | Class    | Width | Expression                               |
==============================================================================
| I1    | PI   | Unsigned | 11    |                                          |
| O1    | PO   | Unsigned | 11    | I1 + $unsigned(1'b1) (FPC.sv:416)        |
==============================================================================

Datapath Report for DP_OP_2711_179_3215
==============================================================================
| Cell                 | Contained Operations                                |
==============================================================================
| DP_OP_2711_179_3215  | u_FPC_MUL/u_FPR_ADD_0/sub_416 (FPC.sv:416)          |
==============================================================================

==============================================================================
|       |      | Data     |       |                                          |
| Var   | Type | Class    | Width | Expression                               |
==============================================================================
| I1    | PI   | Unsigned | 11    |                                          |
| I2    | PI   | Unsigned | 6     |                                          |
| O1    | PO   | Signed   | 11    | I1 - I2 (FPC.sv:416)                     |
==============================================================================

Datapath Report for DP_OP_24_180_730
==============================================================================
| Cell                 | Contained Operations                                |
==============================================================================
| DP_OP_24_180_730     | u_FPC_MUL/u_FPR_ADD_0/sub_354 (FPC.sv:354)          |
==============================================================================

==============================================================================
|       |      | Data     |       |                                          |
| Var   | Type | Class    | Width | Expression                               |
==============================================================================
| I1    | PI   | Unsigned | 11    |                                          |
| I2    | PI   | Unsigned | 11    |                                          |
| O1    | PO   | Signed   | 11    | I1 - I2 (FPC.sv:354)                     |
==============================================================================

Datapath Report for DP_OP_25_181_730
==============================================================================
| Cell                 | Contained Operations                                |
==============================================================================
| DP_OP_25_181_730     | u_FPC_MUL/u_FPR_ADD_0/sub_355 (FPC.sv:355)          |
==============================================================================

==============================================================================
|       |      | Data     |       |                                          |
| Var   | Type | Class    | Width | Expression                               |
==============================================================================
| I1    | PI   | Unsigned | 11    |                                          |
| I2    | PI   | Unsigned | 11    |                                          |
| O1    | PO   | Signed   | 11    | I1 - I2 (FPC.sv:355)                     |
==============================================================================

Datapath Report for DP_OP_42J1_125_1852
==============================================================================
| Cell                 | Contained Operations                                |
==============================================================================
| DP_OP_42J1_125_1852  | u_FPC_MUL/u_FPR_ADD_0/add_383 (FPC.sv:383)          |
|                      | u_FPC_MUL/u_FPR_ADD_0/sub_384 (FPC.sv:384)          |
==============================================================================

==============================================================================
|       |      | Data     |       |                                          |
| Var   | Type | Class    | Width | Expression                               |
==============================================================================
| I1    | PI   | Unsigned | 53    |                                          |
| I2    | PI   | Unsigned | 53    |                                          |
| I3    | PI   | Unsigned | 1     |                                          |
| O1    | PO   | Signed   | 54    | addsub(I1,I2,I3) ( FPC.sv:383 FPC.sv:384 ) |
==============================================================================

Datapath Report for DP_OP_26_189_3786
==============================================================================
| Cell                 | Contained Operations                                |
==============================================================================
| DP_OP_26_189_3786    | add_519 (FPC.sv:519) sub_520 (FPC.sv:520)           |
|                      | sub_521 (FPC.sv:521)                                |
==============================================================================

==============================================================================
|       |      | Data     |       |                                          |
| Var   | Type | Class    | Width | Expression                               |
==============================================================================
| I1    | PI   | Unsigned | 11    |                                          |
| I2    | PI   | Unsigned | 11    |                                          |
| T24   | IFO  | Unsigned | 11    | I1 + I2 ( FPC.sv:519 FPC.sv:520 FPC.sv:521 ) |
| O1    | PO   | Signed   | 11    | -$unsigned(10'b1111111110) + T24 ( FPC.sv:519 FPC.sv:520 ) |
| O2    | PO   | Signed   | 11    | -$unsigned(10'b1111111111) + T24 ( FPC.sv:519 FPC.sv:521 ) |
==============================================================================

Datapath Report for DP_OP_2725_182_6538
==============================================================================
| Cell                 | Contained Operations                                |
==============================================================================
| DP_OP_2725_182_6538  | u_FPC_MUL/u_FPR_ADD_1/add_416 (FPC.sv:416)          |
==============================================================================

==============================================================================
|       |      | Data     |       |                                          |
| Var   | Type | Class    | Width | Expression                               |
==============================================================================
| I1    | PI   | Unsigned | 11    |                                          |
| O1    | PO   | Unsigned | 11    | I1 + $unsigned(1'b1) (FPC.sv:416)        |
==============================================================================

Datapath Report for DP_OP_2726_183_6543
==============================================================================
| Cell                 | Contained Operations                                |
==============================================================================
| DP_OP_2726_183_6543  | u_FPC_MUL/u_FPR_ADD_1/sub_416 (FPC.sv:416)          |
==============================================================================

==============================================================================
|       |      | Data     |       |                                          |
| Var   | Type | Class    | Width | Expression                               |
==============================================================================
| I1    | PI   | Unsigned | 11    |                                          |
| I2    | PI   | Unsigned | 6     |                                          |
| O1    | PO   | Signed   | 11    | I1 - I2 (FPC.sv:416)                     |
==============================================================================

Datapath Report for DP_OP_134_184_7693
==============================================================================
| Cell                 | Contained Operations                                |
==============================================================================
| DP_OP_134_184_7693   | u_FPC_MUL/u_FPR_ADD_1/sub_354 (FPC.sv:354)          |
==============================================================================

==============================================================================
|       |      | Data     |       |                                          |
| Var   | Type | Class    | Width | Expression                               |
==============================================================================
| I1    | PI   | Unsigned | 11    |                                          |
| I2    | PI   | Unsigned | 11    |                                          |
| O1    | PO   | Signed   | 11    | I1 - I2 (FPC.sv:354)                     |
==============================================================================

Datapath Report for DP_OP_135_185_7693
==============================================================================
| Cell                 | Contained Operations                                |
==============================================================================
| DP_OP_135_185_7693   | u_FPC_MUL/u_FPR_ADD_1/sub_355 (FPC.sv:355)          |
==============================================================================

==============================================================================
|       |      | Data     |       |                                          |
| Var   | Type | Class    | Width | Expression                               |
==============================================================================
| I1    | PI   | Unsigned | 11    |                                          |
| I2    | PI   | Unsigned | 11    |                                          |
| O1    | PO   | Signed   | 11    | I1 - I2 (FPC.sv:355)                     |
==============================================================================

Datapath Report for DP_OP_26_186_4298
==============================================================================
| Cell                 | Contained Operations                                |
==============================================================================
| DP_OP_26_186_4298    | add_519 (FPC.sv:519) sub_520 (FPC.sv:520)           |
|                      | sub_521 (FPC.sv:521)                                |
==============================================================================

==============================================================================
|       |      | Data     |       |                                          |
| Var   | Type | Class    | Width | Expression                               |
==============================================================================
| I1    | PI   | Unsigned | 11    |                                          |
| I2    | PI   | Unsigned | 11    |                                          |
| T24   | IFO  | Unsigned | 11    | I1 + I2 ( FPC.sv:519 FPC.sv:520 FPC.sv:521 ) |
| O1    | PO   | Signed   | 11    | -$unsigned(10'b1111111110) + T24 ( FPC.sv:519 FPC.sv:520 ) |
| O2    | PO   | Signed   | 11    | -$unsigned(10'b1111111111) + T24 ( FPC.sv:519 FPC.sv:521 ) |
==============================================================================

Datapath Report for DP_OP_26_188_3018
==============================================================================
| Cell                 | Contained Operations                                |
==============================================================================
| DP_OP_26_188_3018    | add_519 (FPC.sv:519) sub_520 (FPC.sv:520)           |
|                      | sub_521 (FPC.sv:521)                                |
==============================================================================

==============================================================================
|       |      | Data     |       |                                          |
| Var   | Type | Class    | Width | Expression                               |
==============================================================================
| I1    | PI   | Unsigned | 11    |                                          |
| I2    | PI   | Unsigned | 11    |                                          |
| T24   | IFO  | Unsigned | 11    | I1 + I2 ( FPC.sv:519 FPC.sv:520 FPC.sv:521 ) |
| O1    | PO   | Signed   | 11    | -$unsigned(10'b1111111110) + T24 ( FPC.sv:519 FPC.sv:520 ) |
| O2    | PO   | Signed   | 11    | -$unsigned(10'b1111111111) + T24 ( FPC.sv:519 FPC.sv:521 ) |
==============================================================================

Datapath Report for DP_OP_26_187_5578
==============================================================================
| Cell                 | Contained Operations                                |
==============================================================================
| DP_OP_26_187_5578    | add_519 (FPC.sv:519) sub_520 (FPC.sv:520)           |
|                      | sub_521 (FPC.sv:521)                                |
==============================================================================

==============================================================================
|       |      | Data     |       |                                          |
| Var   | Type | Class    | Width | Expression                               |
==============================================================================
| I1    | PI   | Unsigned | 11    |                                          |
| I2    | PI   | Unsigned | 11    |                                          |
| T24   | IFO  | Unsigned | 11    | I1 + I2 ( FPC.sv:519 FPC.sv:520 FPC.sv:521 ) |
| O1    | PO   | Signed   | 11    | -$unsigned(10'b1111111110) + T24 ( FPC.sv:519 FPC.sv:520 ) |
| O2    | PO   | Signed   | 11    | -$unsigned(10'b1111111111) + T24 ( FPC.sv:519 FPC.sv:521 ) |
==============================================================================

Datapath Report for DP_OP_2713_192_3379
==============================================================================
| Cell                 | Contained Operations                                |
==============================================================================
| DP_OP_2713_192_3379  | u_FPC_SUB/u_FPR_SUB_1/add_416 (FPC.sv:416)          |
==============================================================================

==============================================================================
|       |      | Data     |       |                                          |
| Var   | Type | Class    | Width | Expression                               |
==============================================================================
| I1    | PI   | Unsigned | 11    |                                          |
| O1    | PO   | Unsigned | 11    | I1 + $unsigned(1'b1) (FPC.sv:416)        |
==============================================================================

Datapath Report for DP_OP_2714_193_3471
==============================================================================
| Cell                 | Contained Operations                                |
==============================================================================
| DP_OP_2714_193_3471  | u_FPC_SUB/u_FPR_SUB_1/sub_416 (FPC.sv:416)          |
==============================================================================

==============================================================================
|       |      | Data     |       |                                          |
| Var   | Type | Class    | Width | Expression                               |
==============================================================================
| I1    | PI   | Unsigned | 11    |                                          |
| I2    | PI   | Unsigned | 6     |                                          |
| O1    | PO   | Signed   | 11    | I1 - I2 (FPC.sv:416)                     |
==============================================================================

Datapath Report for DP_OP_57_202_9658
==============================================================================
| Cell                 | Contained Operations                                |
==============================================================================
| DP_OP_57_202_9658    | u_FPC_SUB/u_FPR_SUB_1/add_383 (FPC.sv:383)          |
==============================================================================

==============================================================================
|       |      | Data     |       |                                          |
| Var   | Type | Class    | Width | Expression                               |
==============================================================================
| I1    | PI   | Unsigned | 53    |                                          |
| I2    | PI   | Unsigned | 53    |                                          |
| O1    | PO   | Unsigned | 54    | I1 + I2 (FPC.sv:383)                     |
==============================================================================

Datapath Report for DP_OP_58_203_9658
==============================================================================
| Cell                 | Contained Operations                                |
==============================================================================
| DP_OP_58_203_9658    | u_FPC_SUB/u_FPR_SUB_1/sub_384 (FPC.sv:384)          |
==============================================================================

==============================================================================
|       |      | Data     |       |                                          |
| Var   | Type | Class    | Width | Expression                               |
==============================================================================
| I1    | PI   | Unsigned | 53    |                                          |
| I2    | PI   | Unsigned | 53    |                                          |
| O1    | PO   | Signed   | 54    | I1 - I2 (FPC.sv:384)                     |
==============================================================================

Datapath Report for DP_OP_2719_190_1028
==============================================================================
| Cell                 | Contained Operations                                |
==============================================================================
| DP_OP_2719_190_1028  | u_FPC_ADD/u_FPR_ADD_1/add_416 (FPC.sv:416)          |
==============================================================================

==============================================================================
|       |      | Data     |       |                                          |
| Var   | Type | Class    | Width | Expression                               |
==============================================================================
| I1    | PI   | Unsigned | 11    |                                          |
| O1    | PO   | Unsigned | 11    | I1 + $unsigned(1'b1) (FPC.sv:416)        |
==============================================================================

Datapath Report for DP_OP_2720_191_7055
==============================================================================
| Cell                 | Contained Operations                                |
==============================================================================
| DP_OP_2720_191_7055  | u_FPC_ADD/u_FPR_ADD_1/sub_416 (FPC.sv:416)          |
==============================================================================

==============================================================================
|       |      | Data     |       |                                          |
| Var   | Type | Class    | Width | Expression                               |
==============================================================================
| I1    | PI   | Unsigned | 11    |                                          |
| I2    | PI   | Unsigned | 6     |                                          |
| O1    | PO   | Signed   | 11    | I1 - I2 (FPC.sv:416)                     |
==============================================================================

Datapath Report for DP_OP_101_204_3241
==============================================================================
| Cell                 | Contained Operations                                |
==============================================================================
| DP_OP_101_204_3241   | u_FPC_ADD/u_FPR_ADD_1/add_383 (FPC.sv:383)          |
==============================================================================

==============================================================================
|       |      | Data     |       |                                          |
| Var   | Type | Class    | Width | Expression                               |
==============================================================================
| I1    | PI   | Unsigned | 53    |                                          |
| I2    | PI   | Unsigned | 53    |                                          |
| O1    | PO   | Unsigned | 54    | I1 + I2 (FPC.sv:383)                     |
==============================================================================

Datapath Report for DP_OP_102_205_3241
==============================================================================
| Cell                 | Contained Operations                                |
==============================================================================
| DP_OP_102_205_3241   | u_FPC_ADD/u_FPR_ADD_1/sub_384 (FPC.sv:384)          |
==============================================================================

==============================================================================
|       |      | Data     |       |                                          |
| Var   | Type | Class    | Width | Expression                               |
==============================================================================
| I1    | PI   | Unsigned | 53    |                                          |
| I2    | PI   | Unsigned | 53    |                                          |
| O1    | PO   | Signed   | 54    | I1 - I2 (FPC.sv:384)                     |
==============================================================================

Datapath Report for DP_OP_2722_194_3783
==============================================================================
| Cell                 | Contained Operations                                |
==============================================================================
| DP_OP_2722_194_3783  | u_FPC_ADD/u_FPR_ADD_0/add_416 (FPC.sv:416)          |
==============================================================================

==============================================================================
|       |      | Data     |       |                                          |
| Var   | Type | Class    | Width | Expression                               |
==============================================================================
| I1    | PI   | Unsigned | 11    |                                          |
| O1    | PO   | Unsigned | 11    | I1 + $unsigned(1'b1) (FPC.sv:416)        |
==============================================================================

Datapath Report for DP_OP_2723_195_6287
==============================================================================
| Cell                 | Contained Operations                                |
==============================================================================
| DP_OP_2723_195_6287  | u_FPC_ADD/u_FPR_ADD_0/sub_416 (FPC.sv:416)          |
==============================================================================

==============================================================================
|       |      | Data     |       |                                          |
| Var   | Type | Class    | Width | Expression                               |
==============================================================================
| I1    | PI   | Unsigned | 11    |                                          |
| I2    | PI   | Unsigned | 6     |                                          |
| O1    | PO   | Signed   | 11    | I1 - I2 (FPC.sv:416)                     |
==============================================================================

Datapath Report for DP_OP_2716_196_6134
==============================================================================
| Cell                 | Contained Operations                                |
==============================================================================
| DP_OP_2716_196_6134  | u_FPC_SUB/u_FPR_SUB_0/add_416 (FPC.sv:416)          |
==============================================================================

==============================================================================
|       |      | Data     |       |                                          |
| Var   | Type | Class    | Width | Expression                               |
==============================================================================
| I1    | PI   | Unsigned | 11    |                                          |
| O1    | PO   | Unsigned | 11    | I1 + $unsigned(1'b1) (FPC.sv:416)        |
==============================================================================

Datapath Report for DP_OP_2717_197_4751
==============================================================================
| Cell                 | Contained Operations                                |
==============================================================================
| DP_OP_2717_197_4751  | u_FPC_SUB/u_FPR_SUB_0/sub_416 (FPC.sv:416)          |
==============================================================================

==============================================================================
|       |      | Data     |       |                                          |
| Var   | Type | Class    | Width | Expression                               |
==============================================================================
| I1    | PI   | Unsigned | 11    |                                          |
| I2    | PI   | Unsigned | 6     |                                          |
| O1    | PO   | Signed   | 11    | I1 - I2 (FPC.sv:416)                     |
==============================================================================

Datapath Report for DP_OP_130_200_9641
==============================================================================
| Cell                 | Contained Operations                                |
==============================================================================
| DP_OP_130_200_9641   | u_FPC_ADD/u_FPR_ADD_0/add_383 (FPC.sv:383)          |
|                      | u_FPC_ADD/u_FPR_ADD_0/sub_384 (FPC.sv:384)          |
==============================================================================

==============================================================================
|       |      | Data     |       |                                          |
| Var   | Type | Class    | Width | Expression                               |
==============================================================================
| I1    | PI   | Unsigned | 53    |                                          |
| I2    | PI   | Unsigned | 53    |                                          |
| I3    | PI   | Unsigned | 1     |                                          |
| O1    | PO   | Signed   | 54    | addsub(I1,I2,I3) ( FPC.sv:383 FPC.sv:384 ) |
==============================================================================

Datapath Report for DP_OP_86_201_5083
==============================================================================
| Cell                 | Contained Operations                                |
==============================================================================
| DP_OP_86_201_5083    | u_FPC_SUB/u_FPR_SUB_0/add_383 (FPC.sv:383)          |
|                      | u_FPC_SUB/u_FPR_SUB_0/sub_384 (FPC.sv:384)          |
==============================================================================

==============================================================================
|       |      | Data     |       |                                          |
| Var   | Type | Class    | Width | Expression                               |
==============================================================================
| I1    | PI   | Unsigned | 53    |                                          |
| I2    | PI   | Unsigned | 53    |                                          |
| I3    | PI   | Unsigned | 1     |                                          |
| O1    | PO   | Signed   | 54    | addsub(I1,I2,I3) ( FPC.sv:383 FPC.sv:384 ) |
==============================================================================


Resource Report for Ungrouped Hierarchy u_FPC_MUL/u_FPR_MUL_0 in file
        ../01_RTL/FPC.sv
=============================================================================
| Cell           | Module         | Parameters | Contained Operations       |
=============================================================================
| mult_x_1       | DW_mult_uns    | a_width=53 | mult_511 (FPC.sv:511)      |
|                |                | b_width=53 |                            |
=============================================================================


Resource Report for Ungrouped Hierarchy u_FPC_MUL/u_FPR_MUL_1 in file
        ../01_RTL/FPC.sv
=============================================================================
| Cell           | Module         | Parameters | Contained Operations       |
=============================================================================
| mult_x_1       | DW_mult_uns    | a_width=53 | mult_511 (FPC.sv:511)      |
|                |                | b_width=53 |                            |
=============================================================================


Resource Report for Ungrouped Hierarchy u_FPC_MUL/u_FPR_MUL_2 in file
        ../01_RTL/FPC.sv
=============================================================================
| Cell           | Module         | Parameters | Contained Operations       |
=============================================================================
| mult_x_1       | DW_mult_uns    | a_width=53 | mult_511 (FPC.sv:511)      |
|                |                | b_width=53 |                            |
=============================================================================


Resource Report for Ungrouped Hierarchy u_FPC_MUL/u_FPR_MUL_3 in file
        ../01_RTL/FPC.sv
=============================================================================
| Cell           | Module         | Parameters | Contained Operations       |
=============================================================================
| mult_x_1       | DW_mult_uns    | a_width=53 | mult_511 (FPC.sv:511)      |
|                |                | b_width=53 |                            |
=============================================================================


Datapath Extraction Report

Information: Operator associated with resources 'u_FPC_SUB/u_FPR_SUB_1/sub_354 (FPC.sv:354) u_FPC_ADD/u_FPR_ADD_1/sub_354 (FPC.sv:354)' in design 'BFU' breaks the datapath extraction because there is leakage due to truncation on its fanout to operator of resources 'u_FPC_SUB/u_FPR_SUB_1/C478 (FPC.sv:357)'.  (HDL-120)

Information: Operator associated with resources 'u_FPC_SUB/u_FPR_SUB_1/sub_355 (FPC.sv:355)' in design 'BFU' breaks the datapath extraction because there is leakage due to truncation on its fanout to operator of resources 'u_FPC_SUB/u_FPR_SUB_1/C478 (FPC.sv:357)'.  (HDL-120)

Information: Operator associated with resources 'u_FPC_SUB/u_FPR_SUB_0/sub_354 (FPC.sv:354) u_FPC_ADD/u_FPR_ADD_0/sub_354 (FPC.sv:354)' in design 'BFU' breaks the datapath extraction because there is leakage due to truncation on its fanout to operator of resources 'u_FPC_SUB/u_FPR_SUB_0/C478 (FPC.sv:357)'.  (HDL-120)

Information: Operator associated with resources 'u_FPC_SUB/u_FPR_SUB_0/sub_355 (FPC.sv:355)' in design 'BFU' breaks the datapath extraction because there is leakage due to truncation on its fanout to operator of resources 'u_FPC_SUB/u_FPR_SUB_0/C478 (FPC.sv:357)'.  (HDL-120)

Information: Operator associated with resources 'u_FPC_ADD/u_FPR_ADD_1/sub_355 (FPC.sv:355)' in design 'BFU' breaks the datapath extraction because there is leakage due to truncation on its fanout to operator of resources 'u_FPC_ADD/u_FPR_ADD_1/C478 (FPC.sv:357)'.  (HDL-120)

Information: Operator associated with resources 'u_FPC_ADD/u_FPR_ADD_0/sub_355 (FPC.sv:355)' in design 'BFU' breaks the datapath extraction because there is leakage due to truncation on its fanout to operator of resources 'u_FPC_ADD/u_FPR_ADD_0/C478 (FPC.sv:357)'.  (HDL-120)


Implementation Report
===============================================================================
|                    |                  | Current            | Set            |
| Cell               | Module           | Implementation     | Implementation |
===============================================================================
| sub_x_1            | DW01_sub         | apparch (area)     |                |
| sub_x_3            | DW01_sub         | apparch (area)     |                |
| sub_x_17           | DW01_sub         | apparch (area)     |                |
| sub_x_18           | DW01_sub         | apparch (area)     |                |
| gte_x_20           | DW_cmp           | pparch (area,speed)                 |
| gt_x_21            | DW_cmp           | apparch (area)     |                |
| ash_27             | DW_leftsh        | astr (area)        |                |
| sub_x_31           | DW01_sub         | pparch (area,speed)                 |
| gt_x_33            | DW_cmp           | apparch (area)     |                |
| ash_39             | DW_leftsh        | astr (area)        |                |
| sub_x_43           | DW01_sub         | pparch (area,speed)                 |
| gt_x_45            | DW_cmp           | apparch (area)     |                |
| ash_51             | DW_leftsh        | astr (area)        |                |
| sub_x_54           | DW01_sub         | pparch (area,speed)                 |
| gt_x_56            | DW_cmp           | apparch (area)     |                |
| ash_62             | DW_leftsh        | astr (area)        |                |
| sub_x_65           | DW01_sub         | pparch (area,speed)                 |
| gt_x_67            | DW_cmp           | apparch (area)     |                |
| ash_73             | DW_leftsh        | astr (area)        |                |
| gte_x_76           | DW_cmp           | pparch (area,speed)                 |
| gt_x_77            | DW_cmp           | apparch (area)     |                |
| ash_83             | DW_leftsh        | astr (area)        |                |
| gte_x_2540         | DW_cmp           | pparch (area,speed)                 |
| gte_x_2541         | DW_cmp           | pparch (area,speed)                 |
| sub_x_30           | DW01_sub         | pparch (area,speed)                 |
| sub_x_42           | DW01_sub         | pparch (area,speed)                 |
| ashr_r2727_2       | DW_rightsh       | astr (area)        |                |
| ashr_r2727_3       | DW_rightsh       | astr (area)        |                |
| ashr_r2738_2       | DW_rightsh       | astr (area)        |                |
| ashr_r2738_3       | DW_rightsh       | astr (area)        |                |
| ashr_r2729_2       | DW_rightsh       | astr (area)        |                |
| ashr_r2729_3       | DW_rightsh       | astr (area)        |                |
| ashr_r2733_2       | DW_rightsh       | astr (area)        |                |
| ashr_r2733_3       | DW_rightsh       | astr (area)        |                |
| ashr_r2735_2       | DW_rightsh       | astr (area)        |                |
| ashr_r2735_3       | DW_rightsh       | astr (area)        |                |
| ashr_r2731_2       | DW_rightsh       | astr (area)        |                |
| ashr_r2731_3       | DW_rightsh       | astr (area)        |                |
| mult_x_1           | DW_mult_uns      | pparch (area,speed)                 |
|                    |                  | mult_arch: benc_radix4              |
| mult_x_1           | DW_mult_uns      | pparch (area,speed)                 |
|                    |                  | mult_arch: benc_radix4              |
| mult_x_1           | DW_mult_uns      | pparch (area,speed)                 |
|                    |                  | mult_arch: benc_radix4              |
| mult_x_1           | DW_mult_uns      | pparch (area,speed)                 |
|                    |                  | mult_arch: benc_radix4              |
| DP_OP_152J1_143_6648                  |                    |                |
|                    | DP_OP_152J1_143_6648 | str (area,speed)                |
| DP_OP_2710_178_624 | DP_OP_2710_178_624 | str (area)       |                |
| DP_OP_2711_179_3215                   |                    |                |
|                    | DP_OP_2711_179_3215 | str (area,speed)                 |
| DP_OP_24_180_730   | DP_OP_24_180_730 | str (area,speed)   |                |
| DP_OP_25_181_730   | DP_OP_25_181_730 | str (area,speed)   |                |
| DP_OP_42J1_125_1852                   |                    |                |
|                    | DP_OP_42J1_125_1852 | str (area,speed)                 |
| DP_OP_26_189_3786  | DP_OP_26_189_3786 | str (area)        |                |
| DP_OP_2725_182_6538                   |                    |                |
|                    | DP_OP_2725_182_6538 | str (area)      |                |
| DP_OP_2726_183_6543                   |                    |                |
|                    | DP_OP_2726_183_6543 | str (area,speed)                 |
| DP_OP_134_184_7693 | DP_OP_134_184_7693 | str (area,speed) |                |
| DP_OP_135_185_7693 | DP_OP_135_185_7693 | str (area,speed) |                |
| DP_OP_26_186_4298  | DP_OP_26_186_4298 | str (area)        |                |
| DP_OP_26_188_3018  | DP_OP_26_188_3018 | str (area)        |                |
| DP_OP_26_187_5578  | DP_OP_26_187_5578 | str (area)        |                |
| DP_OP_2713_192_3379                   |                    |                |
|                    | DP_OP_2713_192_3379 | str (area)      |                |
| DP_OP_2714_193_3471                   |                    |                |
|                    | DP_OP_2714_193_3471 | str (area,speed)                 |
| DP_OP_57_202_9658  | DP_OP_57_202_9658 | str (area,speed)  |                |
| DP_OP_58_203_9658  | DP_OP_58_203_9658 | str (area,speed)  |                |
| DP_OP_2719_190_1028                   |                    |                |
|                    | DP_OP_2719_190_1028 | str (area)      |                |
| DP_OP_2720_191_7055                   |                    |                |
|                    | DP_OP_2720_191_7055 | str (area,speed)                 |
| DP_OP_101_204_3241 | DP_OP_101_204_3241 | str (area,speed) |                |
| DP_OP_102_205_3241 | DP_OP_102_205_3241 | str (area,speed) |                |
| DP_OP_2722_194_3783                   |                    |                |
|                    | DP_OP_2722_194_3783 | str (area)      |                |
| DP_OP_2723_195_6287                   |                    |                |
|                    | DP_OP_2723_195_6287 | str (area,speed)                 |
| DP_OP_2716_196_6134                   |                    |                |
|                    | DP_OP_2716_196_6134 | str (area)      |                |
| DP_OP_2717_197_4751                   |                    |                |
|                    | DP_OP_2717_197_4751 | str (area,speed)                 |
| DP_OP_130_200_9641 | DP_OP_130_200_9641 | str (area,speed) |                |
| DP_OP_86_201_5083  | DP_OP_86_201_5083 | str (area,speed)  |                |
===============================================================================

1
report_area -hierarchy
 
****************************************
Report : area
Design : BFU
Version: T-2022.03
Date   : Wed Jun  3 14:30:32 2026
****************************************

Library(s) Used:

    sc9_cln40g_base_rvt_ss_typical_max_0p81v_125c (File: /cell_base_lib/CBDK_TSMC40_Arm_f2.0/CIC/SynopsysDC/db/sc9_base_rvt/sc9_cln40g_base_rvt_ss_typical_max_0p81v_125c.db)
    sc9_cln40g_base_lvt_ss_typical_max_0p81v_125c (File: /cell_base_lib/CBDK_TSMC40_Arm_f2.0/CIC/SynopsysDC/db/sc9_base_lvt/sc9_cln40g_base_lvt_ss_typical_max_0p81v_125c.db)
    sc9_cln40g_base_hvt_ss_typical_max_0p81v_125c (File: /cell_base_lib/CBDK_TSMC40_Arm_f2.0/CIC/SynopsysDC/db/sc9_base_hvt/sc9_cln40g_base_hvt_ss_typical_max_0p81v_125c.db)

Number of ports:                          647
Number of nets:                         54153
Number of cells:                        48545
Number of combinational cells:          44665
Number of sequential cells:              3880
Number of macros/black boxes:               0
Number of buf/inv:                       6582
Number of references:                     719

Combinational area:              72392.290696
Buf/Inv area:                     5940.118781
Noncombinational area:           17854.149057
Macro/Black Box area:                0.000000
Net Interconnect area:               0.000000

Total cell area:                 90246.439753
Total area:                      90246.439753

Hierarchical area distribution
------------------------------

                                  Global cell area            Local cell area
                                  -------------------  ------------------------------ 
Hierarchical cell                 Absolute    Percent  Combi-      Noncombi-   Black-
                                  Total       Total    national    national    boxes   Design
--------------------------------  ----------  -------  ----------  ----------  ------  ---------
BFU                               90246.4398    100.0  72392.2907  17854.1491  0.0000  BFU
--------------------------------  ----------  -------  ----------  ----------  ------  ---------
Total                                                  72392.2907  17854.1491  0.0000

1
report_timing -delay_type min
 
****************************************
Report : timing
        -path full
        -delay min
        -max_paths 1
Design : BFU
Version: T-2022.03
Date   : Wed Jun  3 14:30:32 2026
****************************************

 # A fanout number of 1000 was used for high fanout net computations.

Operating Conditions: ss_typical_max_0p81v_125c   Library: sc9_cln40g_base_rvt_ss_typical_max_0p81v_125c
Wire Load Model Mode: top

  Startpoint: y_re[43] (input port clocked by clk)
  Endpoint: clk_r_REG1601_S49
            (rising edge-triggered flip-flop clocked by clk)
  Path Group: clk
  Path Type: min

  Des/Clust/Port     Wire Load Model       Library
  ------------------------------------------------
  BFU                Small                 sc9_cln40g_base_rvt_ss_typical_max_0p81v_125c

  Point                                                   Incr       Path
  --------------------------------------------------------------------------
  clock clk (rise edge)                                   0.00       0.00
  clock network delay (ideal)                             0.00       0.00
  input external delay                                    0.00       0.00 r
  y_re[43] (in)                                           0.00       0.00 r
  U26624/Y (MXIT2_X3M_A9TL)                               0.02       0.02 f
  clk_r_REG1601_S49/D (DFFSQ_X2M_A9TH)                    0.00       0.02 f
  data arrival time                                                  0.02

  clock clk (rise edge)                                   0.00       0.00
  clock network delay (ideal)                             0.00       0.00
  clk_r_REG1601_S49/CK (DFFSQ_X2M_A9TH)                   0.00       0.00 r
  library hold time                                       0.01       0.01
  data required time                                                 0.01
  --------------------------------------------------------------------------
  data required time                                                 0.01
  data arrival time                                                 -0.02
  --------------------------------------------------------------------------
  slack (MET)                                                        0.01


1
report_timing 
 
****************************************
Report : timing
        -path full
        -delay max
        -max_paths 1
Design : BFU
Version: T-2022.03
Date   : Wed Jun  3 14:30:32 2026
****************************************

 # A fanout number of 1000 was used for high fanout net computations.

Operating Conditions: ss_typical_max_0p81v_125c   Library: sc9_cln40g_base_rvt_ss_typical_max_0p81v_125c
Wire Load Model Mode: top

  Startpoint: clk_r_REG2486_S47
              (rising edge-triggered flip-flop clocked by clk)
  Endpoint: clk_r_REG2427_S54
            (rising edge-triggered flip-flop clocked by clk)
  Path Group: clk
  Path Type: max

  Des/Clust/Port     Wire Load Model       Library
  ------------------------------------------------
  BFU                Small                 sc9_cln40g_base_rvt_ss_typical_max_0p81v_125c

  Point                                                   Incr       Path
  --------------------------------------------------------------------------
  clock clk (rise edge)                                   0.00       0.00
  clock network delay (ideal)                             0.00       0.00
  clk_r_REG2486_S47/CK (DFFRPQ_X2M_A9TL)                  0.00 #     0.00 r
  clk_r_REG2486_S47/Q (DFFRPQ_X2M_A9TL)                   0.11       0.11 r
  U36272/Y (NAND2_X4M_A9TL)                               0.02       0.13 f
  U22696/Y (INV_X3P5M_A9TL)                               0.02       0.15 r
  U36256/Y (NAND4_X4M_A9TL)                               0.03       0.18 f
  U36255/Y (AND2_X6B_A9TL)                                0.04       0.22 f
  U30113/Y (NAND2B_X8M_A9TL)                              0.02       0.24 r
  U30746/Y (INV_X16M_A9TL)                                0.02       0.26 f
  U30920/Y (NOR2_X8A_A9TL)                                0.02       0.28 r
  U30669/Y (NAND2_X4M_A9TL)                               0.02       0.30 f
  U25169/Y (NAND2XB_X6M_A9TL)                             0.03       0.32 r
  U30668/Y (NAND2XB_X6M_A9TL)                             0.02       0.34 f
  U30667/Y (INV_X11M_A9TL)                                0.02       0.37 r
  U30253/Y (NOR2_X8A_A9TL)                                0.02       0.39 f
  U36680/Y (INV_X16M_A9TL)                                0.02       0.41 r
  U16378/Y (BUFH_X9M_A9TL)                                0.03       0.44 r
  U36699/Y (NAND2B_X3M_A9TL)                              0.04       0.47 r
  U37585/Y (OAI21_X2M_A9TL)                               0.04       0.51 f
  U38340/Y (NOR2_X4A_A9TL)                                0.05       0.57 r
  U30254/Y (OAI22_X2M_A9TR)                               0.07       0.63 f
  U30402/Y (NOR3_X1P4A_A9TL)                              0.06       0.69 r
  U41193/Y (AOI31_X2M_A9TL)                               0.04       0.73 f
  U26401/Y (NAND4BB_X2M_A9TL)                             0.05       0.78 r
  U26356/Y (XOR2_X3M_A9TL)                                0.04       0.83 r
  U7725/Y (NOR2_X2A_A9TL)                                 0.04       0.86 f
  U13974/Y (NOR2_X4A_A9TL)                                0.05       0.91 r
  U10192/Y (NAND2_X3M_A9TL)                               0.04       0.95 f
  U40675/Y (NOR2_X6A_A9TL)                                0.04       0.99 r
  U6067/Y (NAND2_X2M_A9TL)                                0.03       1.02 f
  U40188/Y (OAI21_X8M_A9TL)                               0.03       1.05 r
  U26043/Y (INV_X9M_A9TL)                                 0.02       1.07 f
  U40471/Y (INV_X16M_A9TL)                                0.02       1.10 r
  U5292/Y (INV_X5M_A9TR)                                  0.02       1.11 f
  U35696/Y (OAI2XB1_X6M_A9TL)                             0.02       1.13 r
  U41378/Y (XNOR2_X3M_A9TL)                               0.03       1.16 r
  clk_r_REG2427_S54/D (DFFRPQ_X2M_A9TL)                   0.00       1.16 r
  data arrival time                                                  1.16

  clock clk (rise edge)                                   1.20       1.20
  clock network delay (ideal)                             0.00       1.20
  clk_r_REG2427_S54/CK (DFFRPQ_X2M_A9TL)                  0.00       1.20 r
  library setup time                                     -0.04       1.16
  data required time                                                 1.16
  --------------------------------------------------------------------------
  data required time                                                 1.16
  data arrival time                                                 -1.16
  --------------------------------------------------------------------------
  slack (MET)                                                        0.00


1
exit

Memory usage for this session 1238 Mbytes.
Memory usage for this session including child processes 1263 Mbytes.
CPU usage for this session 1271 seconds ( 0.35 hours ).
Elapsed time for this session 418 seconds ( 0.12 hours ).

Thank you...

