Command: vcs -timescale=1ns/1fs -j8 -sverilog +v2k -full64 -Mupdate -R -debug_access+all \
-y /usr/cad/synopsys/synthesis/cur/dw/sim_ver/ +libext+.v+.sv -f filelist.f -o simv \
-l vcs.log -P /usr/cad/synopsys/verdi/2022.06/share/PLI/VCS/linux64/novas.tab /usr/cad/synopsys/verdi/2022.06/share/PLI/VCS/linux64/pli.a \
+define+RTL +define+CYCLE_TIME=1.6 +define+WN=4 +notimingchecks
*** Using c compiler gcc instead of cc ...
                         Chronologic VCS (TM)
         Version T-2022.06_Full64 -- Sun May 31 18:12:00 2026

                    Copyright (c) 1991 - 2022 Synopsys, Inc.
   This software and the associated documentation are proprietary to Synopsys,
 Inc. This software may only be used in accordance with the terms and conditions
 of a written license agreement with Synopsys, Inc. All other use, reproduction,
   or distribution of this software is strictly prohibited.  Licensed Products
     communicate with Synopsys servers for the purpose of providing software
    updates, detecting software piracy and verifying that customers are using
    Licensed Products in conformity with the applicable License Key for such
  Licensed Products. Synopsys will use information gathered in connection with
    this process to deliver software updates and pursue software pirates and
                                   infringers.

 Inclusivity & Diversity - Visit SolvNetPlus to read the "Synopsys Statement on
            Inclusivity and Diversity" (Refer to article 000036315 at
                        https://solvnetplus.synopsys.com)

Parsing design file 'TESTBED.sv'
Parsing included file 'PATTERN.sv'.
Back to file 'TESTBED.sv'.
Parsing included file 'FPC.sv'.
Back to file 'TESTBED.sv'.
Top Level Modules:
       FPC_ADD
       FPC_SUB
       TESTBED
TimeScale is 1 ns / 10 ps
Starting vcs inline pass...


Note-[VCS_PARAL] Parallel code-gen enabled
  VCS is running with parallel code generation(-j)...

5 modules and 0 UDP read.
recompiling module TESTBED
recompiling module fpr_add
recompiling module fpr_mul
	However, due to incremental compilation, only 3 modules need to be compiled. 
make[1]: Entering directory '/home/daniel_kuo/Falcon/hardware/fpc_custom_opt/01_RTL/csrc' \

rm -f _cuarc*.so _csrc*.so pre_vcsobj_*.so share_vcsobj_*.so
ld -shared  -Bsymbolic   -o .//../simv.daidir//_cuarc0.so objs/amcQw_d.o 
rm -f _cuarc0.so
if [ -x ../simv ]; then chmod a-x ../simv; fi
g++  -o ../simv      -rdynamic  -Wl,-rpath='$ORIGIN'/simv.daidir -Wl,-rpath=./simv.daidir \
-Wl,-rpath=/usr/cad/synopsys/vcs/2022.06/linux64/lib -L/usr/cad/synopsys/vcs/2022.06/linux64/lib \
-Wl,-rpath-link=./  /usr/lib64/libnuma.so.1    _29073_archive_1.so _29098_archive_1.so \
_29099_archive_1.so _prev_archive_1.so _cuarc0.so  SIM_l.o      rmapats_mop.o rmapats.o \
rmar.o rmar_nd.o  rmar_llvm_0_1.o rmar_llvm_0_0.o           -lvirsim -lerrorinf -lsnpsmalloc \
-lvfs /usr/cad/synopsys/verdi/2022.06/share/PLI/VCS/linux64/pli.a    -lvcsnew -lsimprofile \
-luclinative /usr/cad/synopsys/vcs/2022.06/linux64/lib/vcs_tls.o   -Wl,-whole-archive \
-lvcsucli    -Wl,-no-whole-archive       _vcs_pli_stub_.o   /usr/cad/synopsys/vcs/2022.06/linux64/lib/vcs_save_restore_new.o \
/usr/cad/synopsys/verdi/2022.06//share/PLI/VCS/LINUX64/pli.a -ldl -lm  -lc -lpthread \
-ldl 
../simv up to date
make[1]: Leaving directory '/home/daniel_kuo/Falcon/hardware/fpc_custom_opt/01_RTL/csrc' \

Command: /home/daniel_kuo/Falcon/hardware/fpc_custom_opt/01_RTL/./simv +v2k +libext+.v+.sv -a vcs.log +define+RTL +define+CYCLE_TIME=1.6 +define+WN=4 +notimingchecks
Chronologic VCS simulator copyright 1991-2022
Contains Synopsys proprietary information.
Compiler version T-2022.06_Full64; Runtime version T-2022.06_Full64;  May 31 18:12 2026
*Verdi* Loading libsscore_vcs202206.so
FSDB Dumper for VCS, Release Verdi_T-2022.06, Linux x86_64/64bit, 05/29/2022
(C) 1996 - 2022 by Synopsys, Inc.
*Verdi* FSDB WARNING: The FSDB file already exists. Overwriting the FSDB file may crash the programs that are using this file.
*Verdi* : Create FSDB file 'FPC.fsdb'
*Verdi* : Begin traversing the scopes, layer (0).
*Verdi* : Enable +all dumping.
*Verdi* : End of traversing.
[0;32mPASS PATTERN NO.   1[0m, [0;33mLatency:      3[0m
[0;32mPASS PATTERN NO.   2[0m, [0;33mLatency:      3[0m
[0;32mPASS PATTERN NO.   3[0m, [0;33mLatency:      3[0m
[0;32mPASS PATTERN NO.   4[0m, [0;33mLatency:      3[0m
[0;32mPASS PATTERN NO.   5[0m, [0;33mLatency:      3[0m
[0;32mPASS PATTERN NO.   6[0m, [0;33mLatency:      3[0m
[0;32mPASS PATTERN NO.   7[0m, [0;33mLatency:      3[0m
[0;32mPASS PATTERN NO.   8[0m, [0;33mLatency:      3[0m
[0;32mPASS PATTERN NO.   9[0m, [0;33mLatency:      3[0m
[0;32mPASS PATTERN NO.  10[0m, [0;33mLatency:      3[0m
[0;32mPASS PATTERN NO.  11[0m, [0;33mLatency:      3[0m
[0;32mPASS PATTERN NO.  12[0m, [0;33mLatency:      3[0m
[0;32mPASS PATTERN NO.  13[0m, [0;33mLatency:      3[0m
[0;32mPASS PATTERN NO.  14[0m, [0;33mLatency:      3[0m
[0;32mPASS PATTERN NO.  15[0m, [0;33mLatency:      3[0m
[0;32mPASS PATTERN NO.  16[0m, [0;33mLatency:      3[0m
[0;32mPASS PATTERN NO.  17[0m, [0;33mLatency:      3[0m
[0;32mPASS PATTERN NO.  18[0m, [0;33mLatency:      3[0m
[0;32mPASS PATTERN NO.  19[0m, [0;33mLatency:      3[0m
[0;32mPASS PATTERN NO.  20[0m, [0;33mLatency:      3[0m
[0;32mPASS PATTERN NO.  21[0m, [0;33mLatency:      3[0m
[0;32mPASS PATTERN NO.  22[0m, [0;33mLatency:      3[0m
[0;32mPASS PATTERN NO.  23[0m, [0;33mLatency:      3[0m
[0;32mPASS PATTERN NO.  24[0m, [0;33mLatency:      3[0m
[0;32mPASS PATTERN NO.  25[0m, [0;33mLatency:      3[0m
[0;32mPASS PATTERN NO.  26[0m, [0;33mLatency:      3[0m
[0;32mPASS PATTERN NO.  27[0m, [0;33mLatency:      3[0m
[0;32mPASS PATTERN NO.  28[0m, [0;33mLatency:      3[0m
[0;32mPASS PATTERN NO.  29[0m, [0;33mLatency:      3[0m
[0;32mPASS PATTERN NO.  30[0m, [0;33mLatency:      3[0m
[0;32mPASS PATTERN NO.  31[0m, [0;33mLatency:      3[0m
[0;32mPASS PATTERN NO.  32[0m, [0;33mLatency:      3[0m
[0;32mPASS PATTERN NO.  33[0m, [0;33mLatency:      3[0m
[0;32mPASS PATTERN NO.  34[0m, [0;33mLatency:      3[0m
[0;32mPASS PATTERN NO.  35[0m, [0;33mLatency:      3[0m
[0;32mPASS PATTERN NO.  36[0m, [0;33mLatency:      3[0m
[0;32mPASS PATTERN NO.  37[0m, [0;33mLatency:      3[0m
[0;32mPASS PATTERN NO.  38[0m, [0;33mLatency:      3[0m
[0;32mPASS PATTERN NO.  39[0m, [0;33mLatency:      3[0m
[0;32mPASS PATTERN NO.  40[0m, [0;33mLatency:      3[0m
[0;32mPASS PATTERN NO.  41[0m, [0;33mLatency:      3[0m
[0;32mPASS PATTERN NO.  42[0m, [0;33mLatency:      3[0m
[0;32mPASS PATTERN NO.  43[0m, [0;33mLatency:      3[0m
[0;32mPASS PATTERN NO.  44[0m, [0;33mLatency:      3[0m
[0;32mPASS PATTERN NO.  45[0m, [0;33mLatency:      3[0m
[0;32mPASS PATTERN NO.  46[0m, [0;33mLatency:      3[0m
[0;32mPASS PATTERN NO.  47[0m, [0;33mLatency:      3[0m
[0;32mPASS PATTERN NO.  48[0m, [0;33mLatency:      3[0m
[0;32mPASS PATTERN NO.  49[0m, [0;33mLatency:      3[0m
[0;32mPASS PATTERN NO.  50[0m, [0;33mLatency:      3[0m
[0;32mPASS PATTERN NO.  51[0m, [0;33mLatency:      3[0m
[0;32mPASS PATTERN NO.  52[0m, [0;33mLatency:      3[0m
[0;32mPASS PATTERN NO.  53[0m, [0;33mLatency:      3[0m
[0;32mPASS PATTERN NO.  54[0m, [0;33mLatency:      3[0m
[0;32mPASS PATTERN NO.  55[0m, [0;33mLatency:      3[0m
[0;32mPASS PATTERN NO.  56[0m, [0;33mLatency:      3[0m
[0;32mPASS PATTERN NO.  57[0m, [0;33mLatency:      3[0m
[0;32mPASS PATTERN NO.  58[0m, [0;33mLatency:      3[0m
[0;32mPASS PATTERN NO.  59[0m, [0;33mLatency:      3[0m
[0;32mPASS PATTERN NO.  60[0m, [0;33mLatency:      3[0m
[0;32mPASS PATTERN NO.  61[0m, [0;33mLatency:      3[0m
[0;32mPASS PATTERN NO.  62[0m, [0;33mLatency:      3[0m
[0;32mPASS PATTERN NO.  63[0m, [0;33mLatency:      3[0m
[0;32mPASS PATTERN NO.  64[0m, [0;33mLatency:      3[0m
[0;32mPASS PATTERN NO.  65[0m, [0;33mLatency:      3[0m
[0;32mPASS PATTERN NO.  66[0m, [0;33mLatency:      3[0m
[0;32mPASS PATTERN NO.  67[0m, [0;33mLatency:      3[0m
[0;32mPASS PATTERN NO.  68[0m, [0;33mLatency:      3[0m
[0;32mPASS PATTERN NO.  69[0m, [0;33mLatency:      3[0m
[0;32mPASS PATTERN NO.  70[0m, [0;33mLatency:      3[0m
[0;32mPASS PATTERN NO.  71[0m, [0;33mLatency:      3[0m
[0;32mPASS PATTERN NO.  72[0m, [0;33mLatency:      3[0m
[0;32mPASS PATTERN NO.  73[0m, [0;33mLatency:      3[0m
[0;32mPASS PATTERN NO.  74[0m, [0;33mLatency:      3[0m
[0;32mPASS PATTERN NO.  75[0m, [0;33mLatency:      3[0m
[0;32mPASS PATTERN NO.  76[0m, [0;33mLatency:      3[0m
[0;32mPASS PATTERN NO.  77[0m, [0;33mLatency:      3[0m
[0;32mPASS PATTERN NO.  78[0m, [0;33mLatency:      3[0m
[0;32mPASS PATTERN NO.  79[0m, [0;33mLatency:      3[0m
[0;32mPASS PATTERN NO.  80[0m, [0;33mLatency:      3[0m
[0;32mPASS PATTERN NO.  81[0m, [0;33mLatency:      3[0m
[0;32mPASS PATTERN NO.  82[0m, [0;33mLatency:      3[0m
[0;32mPASS PATTERN NO.  83[0m, [0;33mLatency:      3[0m
[0;32mPASS PATTERN NO.  84[0m, [0;33mLatency:      3[0m
[0;32mPASS PATTERN NO.  85[0m, [0;33mLatency:      3[0m
[0;32mPASS PATTERN NO.  86[0m, [0;33mLatency:      3[0m
[0;32mPASS PATTERN NO.  87[0m, [0;33mLatency:      3[0m
[0;32mPASS PATTERN NO.  88[0m, [0;33mLatency:      3[0m
[0;32mPASS PATTERN NO.  89[0m, [0;33mLatency:      3[0m
[0;32mPASS PATTERN NO.  90[0m, [0;33mLatency:      3[0m
[0;32mPASS PATTERN NO.  91[0m, [0;33mLatency:      3[0m
[0;32mPASS PATTERN NO.  92[0m, [0;33mLatency:      3[0m
[0;32mPASS PATTERN NO.  93[0m, [0;33mLatency:      3[0m
[0;32mPASS PATTERN NO.  94[0m, [0;33mLatency:      3[0m
[0;32mPASS PATTERN NO.  95[0m, [0;33mLatency:      3[0m
[0;32mPASS PATTERN NO.  96[0m, [0;33mLatency:      3[0m
[0;32mPASS PATTERN NO.  97[0m, [0;33mLatency:      3[0m
[0;32mPASS PATTERN NO.  98[0m, [0;33mLatency:      3[0m
[0;32mPASS PATTERN NO.  99[0m, [0;33mLatency:      3[0m
[0;32mPASS PATTERN NO. 100[0m, [0;33mLatency:      3[0m
[0;32mPASS PATTERN NO. 101[0m, [0;33mLatency:      3[0m
[0;32mPASS PATTERN NO. 102[0m, [0;33mLatency:      3[0m
[0;32mPASS PATTERN NO. 103[0m, [0;33mLatency:      3[0m
[0;32mPASS PATTERN NO. 104[0m, [0;33mLatency:      3[0m
[0;32mPASS PATTERN NO. 105[0m, [0;33mLatency:      3[0m
[0;32mPASS PATTERN NO. 106[0m, [0;33mLatency:      3[0m
[0;32mPASS PATTERN NO. 107[0m, [0;33mLatency:      3[0m
[0;32mPASS PATTERN NO. 108[0m, [0;33mLatency:      3[0m
[0;32mPASS PATTERN NO. 109[0m, [0;33mLatency:      3[0m
[0;32mPASS PATTERN NO. 110[0m, [0;33mLatency:      3[0m
[0;32mPASS PATTERN NO. 111[0m, [0;33mLatency:      3[0m
[0;32mPASS PATTERN NO. 112[0m, [0;33mLatency:      3[0m
[0;32mPASS PATTERN NO. 113[0m, [0;33mLatency:      3[0m
[0;32mPASS PATTERN NO. 114[0m, [0;33mLatency:      3[0m
[0;32mPASS PATTERN NO. 115[0m, [0;33mLatency:      3[0m
[0;32mPASS PATTERN NO. 116[0m, [0;33mLatency:      3[0m
[0;32mPASS PATTERN NO. 117[0m, [0;33mLatency:      3[0m
[0;32mPASS PATTERN NO. 118[0m, [0;33mLatency:      3[0m
[0;32mPASS PATTERN NO. 119[0m, [0;33mLatency:      3[0m
[0;32mPASS PATTERN NO. 120[0m, [0;33mLatency:      3[0m
[0;32mPASS PATTERN NO. 121[0m, [0;33mLatency:      3[0m
[0;32mPASS PATTERN NO. 122[0m, [0;33mLatency:      3[0m
[0;32mPASS PATTERN NO. 123[0m, [0;33mLatency:      3[0m
[0;32mPASS PATTERN NO. 124[0m, [0;33mLatency:      3[0m
[0;32mPASS PATTERN NO. 125[0m, [0;33mLatency:      3[0m
[0;32mPASS PATTERN NO. 126[0m, [0;33mLatency:      3[0m
[0;32mPASS PATTERN NO. 127[0m, [0;33mLatency:      3[0m
[0;32mPASS PATTERN NO. 128[0m, [0;33mLatency:      3[0m
[0;32mPASS PATTERN NO. 129[0m, [0;33mLatency:      3[0m
[0;32mPASS PATTERN NO. 130[0m, [0;33mLatency:      3[0m
[0;32mPASS PATTERN NO. 131[0m, [0;33mLatency:      3[0m
[0;32mPASS PATTERN NO. 132[0m, [0;33mLatency:      3[0m
[0;32mPASS PATTERN NO. 133[0m, [0;33mLatency:      3[0m
[0;32mPASS PATTERN NO. 134[0m, [0;33mLatency:      3[0m
[0;32mPASS PATTERN NO. 135[0m, [0;33mLatency:      3[0m
[0;32mPASS PATTERN NO. 136[0m, [0;33mLatency:      3[0m
[0;32mPASS PATTERN NO. 137[0m, [0;33mLatency:      3[0m
[0;32mPASS PATTERN NO. 138[0m, [0;33mLatency:      3[0m
[0;32mPASS PATTERN NO. 139[0m, [0;33mLatency:      3[0m
[0;32mPASS PATTERN NO. 140[0m, [0;33mLatency:      3[0m
[0;32mPASS PATTERN NO. 141[0m, [0;33mLatency:      3[0m
[0;32mPASS PATTERN NO. 142[0m, [0;33mLatency:      3[0m
[0;32mPASS PATTERN NO. 143[0m, [0;33mLatency:      3[0m
[0;32mPASS PATTERN NO. 144[0m, [0;33mLatency:      3[0m
[0;32mPASS PATTERN NO. 145[0m, [0;33mLatency:      3[0m
[0;32mPASS PATTERN NO. 146[0m, [0;33mLatency:      3[0m
[0;32mPASS PATTERN NO. 147[0m, [0;33mLatency:      3[0m
[0;32mPASS PATTERN NO. 148[0m, [0;33mLatency:      3[0m
[0;32mPASS PATTERN NO. 149[0m, [0;33mLatency:      3[0m
[0;32mPASS PATTERN NO. 150[0m, [0;33mLatency:      3[0m
[0;32mPASS PATTERN NO. 151[0m, [0;33mLatency:      3[0m
[0;32mPASS PATTERN NO. 152[0m, [0;33mLatency:      3[0m
[0;32mPASS PATTERN NO. 153[0m, [0;33mLatency:      3[0m
[0;32mPASS PATTERN NO. 154[0m, [0;33mLatency:      3[0m
[0;32mPASS PATTERN NO. 155[0m, [0;33mLatency:      3[0m
[0;32mPASS PATTERN NO. 156[0m, [0;33mLatency:      3[0m
[0;32mPASS PATTERN NO. 157[0m, [0;33mLatency:      3[0m
[0;32mPASS PATTERN NO. 158[0m, [0;33mLatency:      3[0m
[0;32mPASS PATTERN NO. 159[0m, [0;33mLatency:      3[0m
[0;32mPASS PATTERN NO. 160[0m, [0;33mLatency:      3[0m
[0;32mPASS PATTERN NO. 161[0m, [0;33mLatency:      3[0m
[0;32mPASS PATTERN NO. 162[0m, [0;33mLatency:      3[0m
[0;32mPASS PATTERN NO. 163[0m, [0;33mLatency:      3[0m
[0;32mPASS PATTERN NO. 164[0m, [0;33mLatency:      3[0m
[0;32mPASS PATTERN NO. 165[0m, [0;33mLatency:      3[0m
[0;32mPASS PATTERN NO. 166[0m, [0;33mLatency:      3[0m
[0;32mPASS PATTERN NO. 167[0m, [0;33mLatency:      3[0m
[0;32mPASS PATTERN NO. 168[0m, [0;33mLatency:      3[0m
[0;32mPASS PATTERN NO. 169[0m, [0;33mLatency:      3[0m
[0;32mPASS PATTERN NO. 170[0m, [0;33mLatency:      3[0m
[0;32mPASS PATTERN NO. 171[0m, [0;33mLatency:      3[0m
[0;32mPASS PATTERN NO. 172[0m, [0;33mLatency:      3[0m
[0;32mPASS PATTERN NO. 173[0m, [0;33mLatency:      3[0m
[0;32mPASS PATTERN NO. 174[0m, [0;33mLatency:      3[0m
[0;32mPASS PATTERN NO. 175[0m, [0;33mLatency:      3[0m
[0;32mPASS PATTERN NO. 176[0m, [0;33mLatency:      3[0m
[0;32mPASS PATTERN NO. 177[0m, [0;33mLatency:      3[0m
[0;32mPASS PATTERN NO. 178[0m, [0;33mLatency:      3[0m
[0;32mPASS PATTERN NO. 179[0m, [0;33mLatency:      3[0m
[0;32mPASS PATTERN NO. 180[0m, [0;33mLatency:      3[0m
[0;32mPASS PATTERN NO. 181[0m, [0;33mLatency:      3[0m
[0;32mPASS PATTERN NO. 182[0m, [0;33mLatency:      3[0m
[0;32mPASS PATTERN NO. 183[0m, [0;33mLatency:      3[0m
[0;32mPASS PATTERN NO. 184[0m, [0;33mLatency:      3[0m
[0;32mPASS PATTERN NO. 185[0m, [0;33mLatency:      3[0m
[0;32mPASS PATTERN NO. 186[0m, [0;33mLatency:      3[0m
[0;32mPASS PATTERN NO. 187[0m, [0;33mLatency:      3[0m
[0;32mPASS PATTERN NO. 188[0m, [0;33mLatency:      3[0m
[0;32mPASS PATTERN NO. 189[0m, [0;33mLatency:      3[0m
[0;32mPASS PATTERN NO. 190[0m, [0;33mLatency:      3[0m
[0;32mPASS PATTERN NO. 191[0m, [0;33mLatency:      3[0m
[0;32mPASS PATTERN NO. 192[0m, [0;33mLatency:      3[0m
[0;32mPASS PATTERN NO. 193[0m, [0;33mLatency:      3[0m
[0;32mPASS PATTERN NO. 194[0m, [0;33mLatency:      3[0m
[0;32mPASS PATTERN NO. 195[0m, [0;33mLatency:      3[0m
[0;32mPASS PATTERN NO. 196[0m, [0;33mLatency:      3[0m
[0;32mPASS PATTERN NO. 197[0m, [0;33mLatency:      3[0m
[0;32mPASS PATTERN NO. 198[0m, [0;33mLatency:      3[0m
[0;32mPASS PATTERN NO. 199[0m, [0;33mLatency:      3[0m
[0;32mPASS PATTERN NO. 200[0m, [0;33mLatency:      3[0m
[0;32mPASS PATTERN NO. 201[0m, [0;33mLatency:      3[0m
[0;32mPASS PATTERN NO. 202[0m, [0;33mLatency:      3[0m
[0;32mPASS PATTERN NO. 203[0m, [0;33mLatency:      3[0m
[0;32mPASS PATTERN NO. 204[0m, [0;33mLatency:      3[0m
[0;32mPASS PATTERN NO. 205[0m, [0;33mLatency:      3[0m
[0;32mPASS PATTERN NO. 206[0m, [0;33mLatency:      3[0m
[0;32mPASS PATTERN NO. 207[0m, [0;33mLatency:      3[0m
[0;32mPASS PATTERN NO. 208[0m, [0;33mLatency:      3[0m
[0;32mPASS PATTERN NO. 209[0m, [0;33mLatency:      3[0m
[0;32mPASS PATTERN NO. 210[0m, [0;33mLatency:      3[0m
[0;32mPASS PATTERN NO. 211[0m, [0;33mLatency:      3[0m
[0;32mPASS PATTERN NO. 212[0m, [0;33mLatency:      3[0m
[0;32mPASS PATTERN NO. 213[0m, [0;33mLatency:      3[0m
[0;32mPASS PATTERN NO. 214[0m, [0;33mLatency:      3[0m
[0;32mPASS PATTERN NO. 215[0m, [0;33mLatency:      3[0m
[0;32mPASS PATTERN NO. 216[0m, [0;33mLatency:      3[0m
[0;32mPASS PATTERN NO. 217[0m, [0;33mLatency:      3[0m
[0;32mPASS PATTERN NO. 218[0m, [0;33mLatency:      3[0m
[0;32mPASS PATTERN NO. 219[0m, [0;33mLatency:      3[0m
[0;32mPASS PATTERN NO. 220[0m, [0;33mLatency:      3[0m
[0;32mPASS PATTERN NO. 221[0m, [0;33mLatency:      3[0m
[0;32mPASS PATTERN NO. 222[0m, [0;33mLatency:      3[0m
[0;32mPASS PATTERN NO. 223[0m, [0;33mLatency:      3[0m
[0;32mPASS PATTERN NO. 224[0m, [0;33mLatency:      3[0m
[0;32mPASS PATTERN NO. 225[0m, [0;33mLatency:      3[0m
[0;32mPASS PATTERN NO. 226[0m, [0;33mLatency:      3[0m
[0;32mPASS PATTERN NO. 227[0m, [0;33mLatency:      3[0m
[0;32mPASS PATTERN NO. 228[0m, [0;33mLatency:      3[0m
[0;32mPASS PATTERN NO. 229[0m, [0;33mLatency:      3[0m
[0;32mPASS PATTERN NO. 230[0m, [0;33mLatency:      3[0m
[0;32mPASS PATTERN NO. 231[0m, [0;33mLatency:      3[0m
[0;32mPASS PATTERN NO. 232[0m, [0;33mLatency:      3[0m
[0;32mPASS PATTERN NO. 233[0m, [0;33mLatency:      3[0m
[0;32mPASS PATTERN NO. 234[0m, [0;33mLatency:      3[0m
[0;32mPASS PATTERN NO. 235[0m, [0;33mLatency:      3[0m
[0;32mPASS PATTERN NO. 236[0m, [0;33mLatency:      3[0m
[0;32mPASS PATTERN NO. 237[0m, [0;33mLatency:      3[0m
[0;32mPASS PATTERN NO. 238[0m, [0;33mLatency:      3[0m
[0;32mPASS PATTERN NO. 239[0m, [0;33mLatency:      3[0m
[0;32mPASS PATTERN NO. 240[0m, [0;33mLatency:      3[0m
[0;32mPASS PATTERN NO. 241[0m, [0;33mLatency:      3[0m
[0;32mPASS PATTERN NO. 242[0m, [0;33mLatency:      3[0m
[0;32mPASS PATTERN NO. 243[0m, [0;33mLatency:      3[0m
[0;32mPASS PATTERN NO. 244[0m, [0;33mLatency:      3[0m
[0;32mPASS PATTERN NO. 245[0m, [0;33mLatency:      3[0m
[0;32mPASS PATTERN NO. 246[0m, [0;33mLatency:      3[0m
[0;32mPASS PATTERN NO. 247[0m, [0;33mLatency:      3[0m
[0;32mPASS PATTERN NO. 248[0m, [0;33mLatency:      3[0m
[0;32mPASS PATTERN NO. 249[0m, [0;33mLatency:      3[0m
[0;32mPASS PATTERN NO. 250[0m, [0;33mLatency:      3[0m
[0;32mPASS PATTERN NO. 251[0m, [0;33mLatency:      3[0m
[0;32mPASS PATTERN NO. 252[0m, [0;33mLatency:      3[0m
[0;32mPASS PATTERN NO. 253[0m, [0;33mLatency:      3[0m
[0;32mPASS PATTERN NO. 254[0m, [0;33mLatency:      3[0m
[0;32mPASS PATTERN NO. 255[0m, [0;33mLatency:      3[0m
[0;32mPASS PATTERN NO. 256[0m, [0;33mLatency:      3[0m
[0;32mPASS PATTERN NO. 257[0m, [0;33mLatency:      3[0m
[0;32mPASS PATTERN NO. 258[0m, [0;33mLatency:      3[0m
[0;32mPASS PATTERN NO. 259[0m, [0;33mLatency:      3[0m
[0;32mPASS PATTERN NO. 260[0m, [0;33mLatency:      3[0m
[0;32mPASS PATTERN NO. 261[0m, [0;33mLatency:      3[0m
[0;32mPASS PATTERN NO. 262[0m, [0;33mLatency:      3[0m
[0;32mPASS PATTERN NO. 263[0m, [0;33mLatency:      3[0m
[0;32mPASS PATTERN NO. 264[0m, [0;33mLatency:      3[0m
[0;32mPASS PATTERN NO. 265[0m, [0;33mLatency:      3[0m
[0;32mPASS PATTERN NO. 266[0m, [0;33mLatency:      3[0m
[0;32mPASS PATTERN NO. 267[0m, [0;33mLatency:      3[0m
[0;32mPASS PATTERN NO. 268[0m, [0;33mLatency:      3[0m
[0;32mPASS PATTERN NO. 269[0m, [0;33mLatency:      3[0m
[0;32mPASS PATTERN NO. 270[0m, [0;33mLatency:      3[0m
[0;32mPASS PATTERN NO. 271[0m, [0;33mLatency:      3[0m
[0;32mPASS PATTERN NO. 272[0m, [0;33mLatency:      3[0m
[0;32mPASS PATTERN NO. 273[0m, [0;33mLatency:      3[0m
[0;32mPASS PATTERN NO. 274[0m, [0;33mLatency:      3[0m
[0;32mPASS PATTERN NO. 275[0m, [0;33mLatency:      3[0m
[0;32mPASS PATTERN NO. 276[0m, [0;33mLatency:      3[0m
[0;32mPASS PATTERN NO. 277[0m, [0;33mLatency:      3[0m
[0;32mPASS PATTERN NO. 278[0m, [0;33mLatency:      3[0m
[0;32mPASS PATTERN NO. 279[0m, [0;33mLatency:      3[0m
[0;32mPASS PATTERN NO. 280[0m, [0;33mLatency:      3[0m
[0;32mPASS PATTERN NO. 281[0m, [0;33mLatency:      3[0m
[0;32mPASS PATTERN NO. 282[0m, [0;33mLatency:      3[0m
[0;32mPASS PATTERN NO. 283[0m, [0;33mLatency:      3[0m
[0;32mPASS PATTERN NO. 284[0m, [0;33mLatency:      3[0m
[0;32mPASS PATTERN NO. 285[0m, [0;33mLatency:      3[0m
[0;32mPASS PATTERN NO. 286[0m, [0;33mLatency:      3[0m
[0;32mPASS PATTERN NO. 287[0m, [0;33mLatency:      3[0m
[0;32mPASS PATTERN NO. 288[0m, [0;33mLatency:      3[0m
[0;32mPASS PATTERN NO. 289[0m, [0;33mLatency:      3[0m
[0;32mPASS PATTERN NO. 290[0m, [0;33mLatency:      3[0m
[0;32mPASS PATTERN NO. 291[0m, [0;33mLatency:      3[0m
[0;32mPASS PATTERN NO. 292[0m, [0;33mLatency:      3[0m
[0;32mPASS PATTERN NO. 293[0m, [0;33mLatency:      3[0m
[0;32mPASS PATTERN NO. 294[0m, [0;33mLatency:      3[0m
[0;32mPASS PATTERN NO. 295[0m, [0;33mLatency:      3[0m
[0;32mPASS PATTERN NO. 296[0m, [0;33mLatency:      3[0m
[0;32mPASS PATTERN NO. 297[0m, [0;33mLatency:      3[0m
[0;32mPASS PATTERN NO. 298[0m, [0;33mLatency:      3[0m
[0;32mPASS PATTERN NO. 299[0m, [0;33mLatency:      3[0m
[0;32mPASS PATTERN NO. 300[0m, [0;33mLatency:      3[0m
[0;32mPASS PATTERN NO. 301[0m, [0;33mLatency:      3[0m
[0;32mPASS PATTERN NO. 302[0m, [0;33mLatency:      3[0m
[0;32mPASS PATTERN NO. 303[0m, [0;33mLatency:      3[0m
[0;32mPASS PATTERN NO. 304[0m, [0;33mLatency:      3[0m
[0;32mPASS PATTERN NO. 305[0m, [0;33mLatency:      3[0m
[0;32mPASS PATTERN NO. 306[0m, [0;33mLatency:      3[0m
[0;32mPASS PATTERN NO. 307[0m, [0;33mLatency:      3[0m
[0;32mPASS PATTERN NO. 308[0m, [0;33mLatency:      3[0m
[0;32mPASS PATTERN NO. 309[0m, [0;33mLatency:      3[0m
[0;32mPASS PATTERN NO. 310[0m, [0;33mLatency:      3[0m
[0;32mPASS PATTERN NO. 311[0m, [0;33mLatency:      3[0m
[0;32mPASS PATTERN NO. 312[0m, [0;33mLatency:      3[0m
[0;32mPASS PATTERN NO. 313[0m, [0;33mLatency:      3[0m
[0;32mPASS PATTERN NO. 314[0m, [0;33mLatency:      3[0m
[0;32mPASS PATTERN NO. 315[0m, [0;33mLatency:      3[0m
[0;32mPASS PATTERN NO. 316[0m, [0;33mLatency:      3[0m
[0;32mPASS PATTERN NO. 317[0m, [0;33mLatency:      3[0m
[0;32mPASS PATTERN NO. 318[0m, [0;33mLatency:      3[0m
[0;32mPASS PATTERN NO. 319[0m, [0;33mLatency:      3[0m
[0;32mPASS PATTERN NO. 320[0m, [0;33mLatency:      3[0m
[0;32mPASS PATTERN NO. 321[0m, [0;33mLatency:      3[0m
[0;32mPASS PATTERN NO. 322[0m, [0;33mLatency:      3[0m
[0;32mPASS PATTERN NO. 323[0m, [0;33mLatency:      3[0m
[0;32mPASS PATTERN NO. 324[0m, [0;33mLatency:      3[0m
[0;32mPASS PATTERN NO. 325[0m, [0;33mLatency:      3[0m
[0;32mPASS PATTERN NO. 326[0m, [0;33mLatency:      3[0m
[0;32mPASS PATTERN NO. 327[0m, [0;33mLatency:      3[0m
[0;32mPASS PATTERN NO. 328[0m, [0;33mLatency:      3[0m
[0;32mPASS PATTERN NO. 329[0m, [0;33mLatency:      3[0m
[0;32mPASS PATTERN NO. 330[0m, [0;33mLatency:      3[0m
[0;32mPASS PATTERN NO. 331[0m, [0;33mLatency:      3[0m
[0;32mPASS PATTERN NO. 332[0m, [0;33mLatency:      3[0m
[0;32mPASS PATTERN NO. 333[0m, [0;33mLatency:      3[0m
[0;32mPASS PATTERN NO. 334[0m, [0;33mLatency:      3[0m
[0;32mPASS PATTERN NO. 335[0m, [0;33mLatency:      3[0m
[0;32mPASS PATTERN NO. 336[0m, [0;33mLatency:      3[0m
[0;32mPASS PATTERN NO. 337[0m, [0;33mLatency:      3[0m
[0;32mPASS PATTERN NO. 338[0m, [0;33mLatency:      3[0m
[0;32mPASS PATTERN NO. 339[0m, [0;33mLatency:      3[0m
[0;32mPASS PATTERN NO. 340[0m, [0;33mLatency:      3[0m
[0;32mPASS PATTERN NO. 341[0m, [0;33mLatency:      3[0m
[0;32mPASS PATTERN NO. 342[0m, [0;33mLatency:      3[0m
[0;32mPASS PATTERN NO. 343[0m, [0;33mLatency:      3[0m
[0;32mPASS PATTERN NO. 344[0m, [0;33mLatency:      3[0m
[0;32mPASS PATTERN NO. 345[0m, [0;33mLatency:      3[0m
[0;32mPASS PATTERN NO. 346[0m, [0;33mLatency:      3[0m
[0;32mPASS PATTERN NO. 347[0m, [0;33mLatency:      3[0m
[0;32mPASS PATTERN NO. 348[0m, [0;33mLatency:      3[0m
[0;32mPASS PATTERN NO. 349[0m, [0;33mLatency:      3[0m
[0;32mPASS PATTERN NO. 350[0m, [0;33mLatency:      3[0m
[0;32mPASS PATTERN NO. 351[0m, [0;33mLatency:      3[0m
[0;32mPASS PATTERN NO. 352[0m, [0;33mLatency:      3[0m
[0;32mPASS PATTERN NO. 353[0m, [0;33mLatency:      3[0m
[0;32mPASS PATTERN NO. 354[0m, [0;33mLatency:      3[0m
[0;32mPASS PATTERN NO. 355[0m, [0;33mLatency:      3[0m
[0;32mPASS PATTERN NO. 356[0m, [0;33mLatency:      3[0m
[0;32mPASS PATTERN NO. 357[0m, [0;33mLatency:      3[0m
[0;32mPASS PATTERN NO. 358[0m, [0;33mLatency:      3[0m
[0;32mPASS PATTERN NO. 359[0m, [0;33mLatency:      3[0m
[0;32mPASS PATTERN NO. 360[0m, [0;33mLatency:      3[0m
[0;32mPASS PATTERN NO. 361[0m, [0;33mLatency:      3[0m
[0;32mPASS PATTERN NO. 362[0m, [0;33mLatency:      3[0m
[0;32mPASS PATTERN NO. 363[0m, [0;33mLatency:      3[0m
[0;32mPASS PATTERN NO. 364[0m, [0;33mLatency:      3[0m
[0;32mPASS PATTERN NO. 365[0m, [0;33mLatency:      3[0m
[0;32mPASS PATTERN NO. 366[0m, [0;33mLatency:      3[0m
[0;32mPASS PATTERN NO. 367[0m, [0;33mLatency:      3[0m
[0;32mPASS PATTERN NO. 368[0m, [0;33mLatency:      3[0m
[0;32mPASS PATTERN NO. 369[0m, [0;33mLatency:      3[0m
[0;32mPASS PATTERN NO. 370[0m, [0;33mLatency:      3[0m
[0;32mPASS PATTERN NO. 371[0m, [0;33mLatency:      3[0m
[0;32mPASS PATTERN NO. 372[0m, [0;33mLatency:      3[0m
[0;32mPASS PATTERN NO. 373[0m, [0;33mLatency:      3[0m
[0;32mPASS PATTERN NO. 374[0m, [0;33mLatency:      3[0m
[0;32mPASS PATTERN NO. 375[0m, [0;33mLatency:      3[0m
[0;32mPASS PATTERN NO. 376[0m, [0;33mLatency:      3[0m
[0;32mPASS PATTERN NO. 377[0m, [0;33mLatency:      3[0m
[0;32mPASS PATTERN NO. 378[0m, [0;33mLatency:      3[0m
[0;32mPASS PATTERN NO. 379[0m, [0;33mLatency:      3[0m
[0;32mPASS PATTERN NO. 380[0m, [0;33mLatency:      3[0m
[0;32mPASS PATTERN NO. 381[0m, [0;33mLatency:      3[0m
[0;32mPASS PATTERN NO. 382[0m, [0;33mLatency:      3[0m
[0;32mPASS PATTERN NO. 383[0m, [0;33mLatency:      3[0m
[0;32mPASS PATTERN NO. 384[0m, [0;33mLatency:      3[0m
[0;32mPASS PATTERN NO. 385[0m, [0;33mLatency:      3[0m
[0;32mPASS PATTERN NO. 386[0m, [0;33mLatency:      3[0m
[0;32mPASS PATTERN NO. 387[0m, [0;33mLatency:      3[0m
[0;32mPASS PATTERN NO. 388[0m, [0;33mLatency:      3[0m
[0;32mPASS PATTERN NO. 389[0m, [0;33mLatency:      3[0m
[0;32mPASS PATTERN NO. 390[0m, [0;33mLatency:      3[0m
[0;32mPASS PATTERN NO. 391[0m, [0;33mLatency:      3[0m
[0;32mPASS PATTERN NO. 392[0m, [0;33mLatency:      3[0m
[0;32mPASS PATTERN NO. 393[0m, [0;33mLatency:      3[0m
[0;32mPASS PATTERN NO. 394[0m, [0;33mLatency:      3[0m
[0;32mPASS PATTERN NO. 395[0m, [0;33mLatency:      3[0m
[0;32mPASS PATTERN NO. 396[0m, [0;33mLatency:      3[0m
[0;32mPASS PATTERN NO. 397[0m, [0;33mLatency:      3[0m
[0;32mPASS PATTERN NO. 398[0m, [0;33mLatency:      3[0m
[0;32mPASS PATTERN NO. 399[0m, [0;33mLatency:      3[0m
[0;32mPASS PATTERN NO. 400[0m, [0;33mLatency:      3[0m
[0;32mPASS PATTERN NO. 401[0m, [0;33mLatency:      3[0m
[0;32mPASS PATTERN NO. 402[0m, [0;33mLatency:      3[0m
[0;32mPASS PATTERN NO. 403[0m, [0;33mLatency:      3[0m
[0;32mPASS PATTERN NO. 404[0m, [0;33mLatency:      3[0m
[0;32mPASS PATTERN NO. 405[0m, [0;33mLatency:      3[0m
[0;32mPASS PATTERN NO. 406[0m, [0;33mLatency:      3[0m
[0;32mPASS PATTERN NO. 407[0m, [0;33mLatency:      3[0m
[0;32mPASS PATTERN NO. 408[0m, [0;33mLatency:      3[0m
[0;32mPASS PATTERN NO. 409[0m, [0;33mLatency:      3[0m
[0;32mPASS PATTERN NO. 410[0m, [0;33mLatency:      3[0m
[0;32mPASS PATTERN NO. 411[0m, [0;33mLatency:      3[0m
[0;32mPASS PATTERN NO. 412[0m, [0;33mLatency:      3[0m
[0;32mPASS PATTERN NO. 413[0m, [0;33mLatency:      3[0m
[0;32mPASS PATTERN NO. 414[0m, [0;33mLatency:      3[0m
[0;32mPASS PATTERN NO. 415[0m, [0;33mLatency:      3[0m
[0;32mPASS PATTERN NO. 416[0m, [0;33mLatency:      3[0m
[0;32mPASS PATTERN NO. 417[0m, [0;33mLatency:      3[0m
[0;32mPASS PATTERN NO. 418[0m, [0;33mLatency:      3[0m
[0;32mPASS PATTERN NO. 419[0m, [0;33mLatency:      3[0m
[0;32mPASS PATTERN NO. 420[0m, [0;33mLatency:      3[0m
[0;32mPASS PATTERN NO. 421[0m, [0;33mLatency:      3[0m
[0;32mPASS PATTERN NO. 422[0m, [0;33mLatency:      3[0m
[0;32mPASS PATTERN NO. 423[0m, [0;33mLatency:      3[0m
[0;32mPASS PATTERN NO. 424[0m, [0;33mLatency:      3[0m
[0;32mPASS PATTERN NO. 425[0m, [0;33mLatency:      3[0m
[0;32mPASS PATTERN NO. 426[0m, [0;33mLatency:      3[0m
[0;32mPASS PATTERN NO. 427[0m, [0;33mLatency:      3[0m
[0;32mPASS PATTERN NO. 428[0m, [0;33mLatency:      3[0m
[0;32mPASS PATTERN NO. 429[0m, [0;33mLatency:      3[0m
[0;32mPASS PATTERN NO. 430[0m, [0;33mLatency:      3[0m
[0;32mPASS PATTERN NO. 431[0m, [0;33mLatency:      3[0m
[0;32mPASS PATTERN NO. 432[0m, [0;33mLatency:      3[0m
[0;32mPASS PATTERN NO. 433[0m, [0;33mLatency:      3[0m
[0;32mPASS PATTERN NO. 434[0m, [0;33mLatency:      3[0m
[0;32mPASS PATTERN NO. 435[0m, [0;33mLatency:      3[0m
[0;32mPASS PATTERN NO. 436[0m, [0;33mLatency:      3[0m
[0;32mPASS PATTERN NO. 437[0m, [0;33mLatency:      3[0m
[0;32mPASS PATTERN NO. 438[0m, [0;33mLatency:      3[0m
[0;32mPASS PATTERN NO. 439[0m, [0;33mLatency:      3[0m
[0;32mPASS PATTERN NO. 440[0m, [0;33mLatency:      3[0m
[0;32mPASS PATTERN NO. 441[0m, [0;33mLatency:      3[0m
[0;32mPASS PATTERN NO. 442[0m, [0;33mLatency:      3[0m
[0;32mPASS PATTERN NO. 443[0m, [0;33mLatency:      3[0m
[0;32mPASS PATTERN NO. 444[0m, [0;33mLatency:      3[0m
[0;32mPASS PATTERN NO. 445[0m, [0;33mLatency:      3[0m
[0;32mPASS PATTERN NO. 446[0m, [0;33mLatency:      3[0m
[0;32mPASS PATTERN NO. 447[0m, [0;33mLatency:      3[0m
[0;32mPASS PATTERN NO. 448[0m, [0;33mLatency:      3[0m
[0;32mPASS PATTERN NO. 449[0m, [0;33mLatency:      3[0m
[0;32mPASS PATTERN NO. 450[0m, [0;33mLatency:      3[0m
[0;32mPASS PATTERN NO. 451[0m, [0;33mLatency:      3[0m
[0;32mPASS PATTERN NO. 452[0m, [0;33mLatency:      3[0m
[0;32mPASS PATTERN NO. 453[0m, [0;33mLatency:      3[0m
[0;32mPASS PATTERN NO. 454[0m, [0;33mLatency:      3[0m
[0;32mPASS PATTERN NO. 455[0m, [0;33mLatency:      3[0m
[0;32mPASS PATTERN NO. 456[0m, [0;33mLatency:      3[0m
[0;32mPASS PATTERN NO. 457[0m, [0;33mLatency:      3[0m
[0;32mPASS PATTERN NO. 458[0m, [0;33mLatency:      3[0m
[0;32mPASS PATTERN NO. 459[0m, [0;33mLatency:      3[0m
[0;32mPASS PATTERN NO. 460[0m, [0;33mLatency:      3[0m
[0;32mPASS PATTERN NO. 461[0m, [0;33mLatency:      3[0m
[0;32mPASS PATTERN NO. 462[0m, [0;33mLatency:      3[0m
[0;32mPASS PATTERN NO. 463[0m, [0;33mLatency:      3[0m
[0;32mPASS PATTERN NO. 464[0m, [0;33mLatency:      3[0m
[0;32mPASS PATTERN NO. 465[0m, [0;33mLatency:      3[0m
[0;32mPASS PATTERN NO. 466[0m, [0;33mLatency:      3[0m
[0;32mPASS PATTERN NO. 467[0m, [0;33mLatency:      3[0m
[0;32mPASS PATTERN NO. 468[0m, [0;33mLatency:      3[0m
[0;32mPASS PATTERN NO. 469[0m, [0;33mLatency:      3[0m
[0;32mPASS PATTERN NO. 470[0m, [0;33mLatency:      3[0m
[0;32mPASS PATTERN NO. 471[0m, [0;33mLatency:      3[0m
[0;32mPASS PATTERN NO. 472[0m, [0;33mLatency:      3[0m
[0;32mPASS PATTERN NO. 473[0m, [0;33mLatency:      3[0m
[0;32mPASS PATTERN NO. 474[0m, [0;33mLatency:      3[0m
[0;32mPASS PATTERN NO. 475[0m, [0;33mLatency:      3[0m
[0;32mPASS PATTERN NO. 476[0m, [0;33mLatency:      3[0m
[0;32mPASS PATTERN NO. 477[0m, [0;33mLatency:      3[0m
[0;32mPASS PATTERN NO. 478[0m, [0;33mLatency:      3[0m
[0;32mPASS PATTERN NO. 479[0m, [0;33mLatency:      3[0m
[0;32mPASS PATTERN NO. 480[0m, [0;33mLatency:      3[0m
[0;32mPASS PATTERN NO. 481[0m, [0;33mLatency:      3[0m
[0;32mPASS PATTERN NO. 482[0m, [0;33mLatency:      3[0m
[0;32mPASS PATTERN NO. 483[0m, [0;33mLatency:      3[0m
[0;32mPASS PATTERN NO. 484[0m, [0;33mLatency:      3[0m
[0;32mPASS PATTERN NO. 485[0m, [0;33mLatency:      3[0m
[0;32mPASS PATTERN NO. 486[0m, [0;33mLatency:      3[0m
[0;32mPASS PATTERN NO. 487[0m, [0;33mLatency:      3[0m
[0;32mPASS PATTERN NO. 488[0m, [0;33mLatency:      3[0m
[0;32mPASS PATTERN NO. 489[0m, [0;33mLatency:      3[0m
[0;32mPASS PATTERN NO. 490[0m, [0;33mLatency:      3[0m
[0;32mPASS PATTERN NO. 491[0m, [0;33mLatency:      3[0m
[0;32mPASS PATTERN NO. 492[0m, [0;33mLatency:      3[0m
[0;32mPASS PATTERN NO. 493[0m, [0;33mLatency:      3[0m
[0;32mPASS PATTERN NO. 494[0m, [0;33mLatency:      3[0m
[0;32mPASS PATTERN NO. 495[0m, [0;33mLatency:      3[0m
[0;32mPASS PATTERN NO. 496[0m, [0;33mLatency:      3[0m
[0;32mPASS PATTERN NO. 497[0m, [0;33mLatency:      3[0m
[0;32mPASS PATTERN NO. 498[0m, [0;33mLatency:      3[0m
[0;32mPASS PATTERN NO. 499[0m, [0;33mLatency:      3[0m
[0;32mPASS PATTERN NO. 500[0m, [0;33mLatency:      3[0m
[0;32mPASS PATTERN NO. 501[0m, [0;33mLatency:      3[0m
[0;32mPASS PATTERN NO. 502[0m, [0;33mLatency:      3[0m
[0;32mPASS PATTERN NO. 503[0m, [0;33mLatency:      3[0m
[0;32mPASS PATTERN NO. 504[0m, [0;33mLatency:      3[0m
[0;32mPASS PATTERN NO. 505[0m, [0;33mLatency:      3[0m
[0;32mPASS PATTERN NO. 506[0m, [0;33mLatency:      3[0m
[0;32mPASS PATTERN NO. 507[0m, [0;33mLatency:      3[0m
[0;32mPASS PATTERN NO. 508[0m, [0;33mLatency:      3[0m
[0;32mPASS PATTERN NO. 509[0m, [0;33mLatency:      3[0m
[0;32mPASS PATTERN NO. 510[0m, [0;33mLatency:      3[0m
[0;32mPASS PATTERN NO. 511[0m, [0;33mLatency:      3[0m
[0;32mPASS PATTERN NO. 512[0m, [0;33mLatency:      3[0m
[0;32mPASS PATTERN NO. 513[0m, [0;33mLatency:      3[0m
[0;32mPASS PATTERN NO. 514[0m, [0;33mLatency:      3[0m
[0;32mPASS PATTERN NO. 515[0m, [0;33mLatency:      3[0m
[0;32mPASS PATTERN NO. 516[0m, [0;33mLatency:      3[0m
[0;32mPASS PATTERN NO. 517[0m, [0;33mLatency:      3[0m
[0;32mPASS PATTERN NO. 518[0m, [0;33mLatency:      3[0m
[0;32mPASS PATTERN NO. 519[0m, [0;33mLatency:      3[0m
[0;32mPASS PATTERN NO. 520[0m, [0;33mLatency:      3[0m
[0;32mPASS PATTERN NO. 521[0m, [0;33mLatency:      3[0m
[0;32mPASS PATTERN NO. 522[0m, [0;33mLatency:      3[0m
[0;32mPASS PATTERN NO. 523[0m, [0;33mLatency:      3[0m
[0;32mPASS PATTERN NO. 524[0m, [0;33mLatency:      3[0m
[0;32mPASS PATTERN NO. 525[0m, [0;33mLatency:      3[0m
[0;32mPASS PATTERN NO. 526[0m, [0;33mLatency:      3[0m
[0;32mPASS PATTERN NO. 527[0m, [0;33mLatency:      3[0m
[0;32mPASS PATTERN NO. 528[0m, [0;33mLatency:      3[0m
[0;32mPASS PATTERN NO. 529[0m, [0;33mLatency:      3[0m
[0;32mPASS PATTERN NO. 530[0m, [0;33mLatency:      3[0m
[0;32mPASS PATTERN NO. 531[0m, [0;33mLatency:      3[0m
[0;32mPASS PATTERN NO. 532[0m, [0;33mLatency:      3[0m
[0;32mPASS PATTERN NO. 533[0m, [0;33mLatency:      3[0m
[0;32mPASS PATTERN NO. 534[0m, [0;33mLatency:      3[0m
[0;32mPASS PATTERN NO. 535[0m, [0;33mLatency:      3[0m
[0;32mPASS PATTERN NO. 536[0m, [0;33mLatency:      3[0m
[0;32mPASS PATTERN NO. 537[0m, [0;33mLatency:      3[0m
[0;32mPASS PATTERN NO. 538[0m, [0;33mLatency:      3[0m
[0;32mPASS PATTERN NO. 539[0m, [0;33mLatency:      3[0m
[0;32mPASS PATTERN NO. 540[0m, [0;33mLatency:      3[0m
[0;32mPASS PATTERN NO. 541[0m, [0;33mLatency:      3[0m
[0;32mPASS PATTERN NO. 542[0m, [0;33mLatency:      3[0m
[0;32mPASS PATTERN NO. 543[0m, [0;33mLatency:      3[0m
[0;32mPASS PATTERN NO. 544[0m, [0;33mLatency:      3[0m
[0;32mPASS PATTERN NO. 545[0m, [0;33mLatency:      3[0m
[0;32mPASS PATTERN NO. 546[0m, [0;33mLatency:      3[0m
[0;32mPASS PATTERN NO. 547[0m, [0;33mLatency:      3[0m
[0;32mPASS PATTERN NO. 548[0m, [0;33mLatency:      3[0m
[0;32mPASS PATTERN NO. 549[0m, [0;33mLatency:      3[0m
[0;32mPASS PATTERN NO. 550[0m, [0;33mLatency:      3[0m
[0;32mPASS PATTERN NO. 551[0m, [0;33mLatency:      3[0m
[0;32mPASS PATTERN NO. 552[0m, [0;33mLatency:      3[0m
[0;32mPASS PATTERN NO. 553[0m, [0;33mLatency:      3[0m
[0;32mPASS PATTERN NO. 554[0m, [0;33mLatency:      3[0m
[0;32mPASS PATTERN NO. 555[0m, [0;33mLatency:      3[0m
[0;32mPASS PATTERN NO. 556[0m, [0;33mLatency:      3[0m
[0;32mPASS PATTERN NO. 557[0m, [0;33mLatency:      3[0m
[0;32mPASS PATTERN NO. 558[0m, [0;33mLatency:      3[0m
[0;32mPASS PATTERN NO. 559[0m, [0;33mLatency:      3[0m
[0;32mPASS PATTERN NO. 560[0m, [0;33mLatency:      3[0m
[0;32mPASS PATTERN NO. 561[0m, [0;33mLatency:      3[0m
[0;32mPASS PATTERN NO. 562[0m, [0;33mLatency:      3[0m
[0;32mPASS PATTERN NO. 563[0m, [0;33mLatency:      3[0m
[0;32mPASS PATTERN NO. 564[0m, [0;33mLatency:      3[0m
[0;32mPASS PATTERN NO. 565[0m, [0;33mLatency:      3[0m
[0;32mPASS PATTERN NO. 566[0m, [0;33mLatency:      3[0m
[0;32mPASS PATTERN NO. 567[0m, [0;33mLatency:      3[0m
[0;32mPASS PATTERN NO. 568[0m, [0;33mLatency:      3[0m
[0;32mPASS PATTERN NO. 569[0m, [0;33mLatency:      3[0m
[0;32mPASS PATTERN NO. 570[0m, [0;33mLatency:      3[0m
[0;32mPASS PATTERN NO. 571[0m, [0;33mLatency:      3[0m
[0;32mPASS PATTERN NO. 572[0m, [0;33mLatency:      3[0m
[0;32mPASS PATTERN NO. 573[0m, [0;33mLatency:      3[0m
[0;32mPASS PATTERN NO. 574[0m, [0;33mLatency:      3[0m
[0;32mPASS PATTERN NO. 575[0m, [0;33mLatency:      3[0m
[0;32mPASS PATTERN NO. 576[0m, [0;33mLatency:      3[0m
[0;32mPASS PATTERN NO. 577[0m, [0;33mLatency:      3[0m
[0;32mPASS PATTERN NO. 578[0m, [0;33mLatency:      3[0m
[0;32mPASS PATTERN NO. 579[0m, [0;33mLatency:      3[0m
[0;32mPASS PATTERN NO. 580[0m, [0;33mLatency:      3[0m
[0;32mPASS PATTERN NO. 581[0m, [0;33mLatency:      3[0m
[0;32mPASS PATTERN NO. 582[0m, [0;33mLatency:      3[0m
[0;32mPASS PATTERN NO. 583[0m, [0;33mLatency:      3[0m
[0;32mPASS PATTERN NO. 584[0m, [0;33mLatency:      3[0m
[0;32mPASS PATTERN NO. 585[0m, [0;33mLatency:      3[0m
[0;32mPASS PATTERN NO. 586[0m, [0;33mLatency:      3[0m
[0;32mPASS PATTERN NO. 587[0m, [0;33mLatency:      3[0m
[0;32mPASS PATTERN NO. 588[0m, [0;33mLatency:      3[0m
[0;32mPASS PATTERN NO. 589[0m, [0;33mLatency:      3[0m
[0;32mPASS PATTERN NO. 590[0m, [0;33mLatency:      3[0m
[0;32mPASS PATTERN NO. 591[0m, [0;33mLatency:      3[0m
[0;32mPASS PATTERN NO. 592[0m, [0;33mLatency:      3[0m
[0;32mPASS PATTERN NO. 593[0m, [0;33mLatency:      3[0m
[0;32mPASS PATTERN NO. 594[0m, [0;33mLatency:      3[0m
[0;32mPASS PATTERN NO. 595[0m, [0;33mLatency:      3[0m
[0;32mPASS PATTERN NO. 596[0m, [0;33mLatency:      3[0m
[0;32mPASS PATTERN NO. 597[0m, [0;33mLatency:      3[0m
[0;32mPASS PATTERN NO. 598[0m, [0;33mLatency:      3[0m
[0;32mPASS PATTERN NO. 599[0m, [0;33mLatency:      3[0m
[0;32mPASS PATTERN NO. 600[0m, [0;33mLatency:      3[0m
[0;32mPASS PATTERN NO. 601[0m, [0;33mLatency:      3[0m
[0;32mPASS PATTERN NO. 602[0m, [0;33mLatency:      3[0m
[0;32mPASS PATTERN NO. 603[0m, [0;33mLatency:      3[0m
[0;32mPASS PATTERN NO. 604[0m, [0;33mLatency:      3[0m
[0;32mPASS PATTERN NO. 605[0m, [0;33mLatency:      3[0m
[0;32mPASS PATTERN NO. 606[0m, [0;33mLatency:      3[0m
[0;32mPASS PATTERN NO. 607[0m, [0;33mLatency:      3[0m
[0;32mPASS PATTERN NO. 608[0m, [0;33mLatency:      3[0m
[0;32mPASS PATTERN NO. 609[0m, [0;33mLatency:      3[0m
[0;32mPASS PATTERN NO. 610[0m, [0;33mLatency:      3[0m
[0;32mPASS PATTERN NO. 611[0m, [0;33mLatency:      3[0m
[0;32mPASS PATTERN NO. 612[0m, [0;33mLatency:      3[0m
[0;32mPASS PATTERN NO. 613[0m, [0;33mLatency:      3[0m
[0;32mPASS PATTERN NO. 614[0m, [0;33mLatency:      3[0m
[0;32mPASS PATTERN NO. 615[0m, [0;33mLatency:      3[0m
[0;32mPASS PATTERN NO. 616[0m, [0;33mLatency:      3[0m
[0;32mPASS PATTERN NO. 617[0m, [0;33mLatency:      3[0m
[0;32mPASS PATTERN NO. 618[0m, [0;33mLatency:      3[0m
[0;32mPASS PATTERN NO. 619[0m, [0;33mLatency:      3[0m
[0;32mPASS PATTERN NO. 620[0m, [0;33mLatency:      3[0m
[0;32mPASS PATTERN NO. 621[0m, [0;33mLatency:      3[0m
[0;32mPASS PATTERN NO. 622[0m, [0;33mLatency:      3[0m
[0;32mPASS PATTERN NO. 623[0m, [0;33mLatency:      3[0m
[0;32mPASS PATTERN NO. 624[0m, [0;33mLatency:      3[0m
[0;32mPASS PATTERN NO. 625[0m, [0;33mLatency:      3[0m
[0;32mPASS PATTERN NO. 626[0m, [0;33mLatency:      3[0m
[0;32mPASS PATTERN NO. 627[0m, [0;33mLatency:      3[0m
[0;32mPASS PATTERN NO. 628[0m, [0;33mLatency:      3[0m
[0;32mPASS PATTERN NO. 629[0m, [0;33mLatency:      3[0m
[0;32mPASS PATTERN NO. 630[0m, [0;33mLatency:      3[0m
[0;32mPASS PATTERN NO. 631[0m, [0;33mLatency:      3[0m
[0;32mPASS PATTERN NO. 632[0m, [0;33mLatency:      3[0m
[0;32mPASS PATTERN NO. 633[0m, [0;33mLatency:      3[0m
[0;32mPASS PATTERN NO. 634[0m, [0;33mLatency:      3[0m
[0;32mPASS PATTERN NO. 635[0m, [0;33mLatency:      3[0m
[0;32mPASS PATTERN NO. 636[0m, [0;33mLatency:      3[0m
[0;32mPASS PATTERN NO. 637[0m, [0;33mLatency:      3[0m
[0;32mPASS PATTERN NO. 638[0m, [0;33mLatency:      3[0m
[0;32mPASS PATTERN NO. 639[0m, [0;33mLatency:      3[0m
[0;32mPASS PATTERN NO. 640[0m, [0;33mLatency:      3[0m
[0;32mPASS PATTERN NO. 641[0m, [0;33mLatency:      3[0m
[0;32mPASS PATTERN NO. 642[0m, [0;33mLatency:      3[0m
[0;32mPASS PATTERN NO. 643[0m, [0;33mLatency:      3[0m
[0;32mPASS PATTERN NO. 644[0m, [0;33mLatency:      3[0m
[0;32mPASS PATTERN NO. 645[0m, [0;33mLatency:      3[0m
[0;32mPASS PATTERN NO. 646[0m, [0;33mLatency:      3[0m
[0;32mPASS PATTERN NO. 647[0m, [0;33mLatency:      3[0m
[0;32mPASS PATTERN NO. 648[0m, [0;33mLatency:      3[0m
[0;32mPASS PATTERN NO. 649[0m, [0;33mLatency:      3[0m
[0;32mPASS PATTERN NO. 650[0m, [0;33mLatency:      3[0m
[0;32mPASS PATTERN NO. 651[0m, [0;33mLatency:      3[0m
[0;32mPASS PATTERN NO. 652[0m, [0;33mLatency:      3[0m
[0;32mPASS PATTERN NO. 653[0m, [0;33mLatency:      3[0m
[0;32mPASS PATTERN NO. 654[0m, [0;33mLatency:      3[0m
[0;32mPASS PATTERN NO. 655[0m, [0;33mLatency:      3[0m
[0;32mPASS PATTERN NO. 656[0m, [0;33mLatency:      3[0m
[0;32mPASS PATTERN NO. 657[0m, [0;33mLatency:      3[0m
[0;32mPASS PATTERN NO. 658[0m, [0;33mLatency:      3[0m
[0;32mPASS PATTERN NO. 659[0m, [0;33mLatency:      3[0m
[0;32mPASS PATTERN NO. 660[0m, [0;33mLatency:      3[0m
[0;32mPASS PATTERN NO. 661[0m, [0;33mLatency:      3[0m
[0;32mPASS PATTERN NO. 662[0m, [0;33mLatency:      3[0m
[0;32mPASS PATTERN NO. 663[0m, [0;33mLatency:      3[0m
[0;32mPASS PATTERN NO. 664[0m, [0;33mLatency:      3[0m
[0;32mPASS PATTERN NO. 665[0m, [0;33mLatency:      3[0m
[0;32mPASS PATTERN NO. 666[0m, [0;33mLatency:      3[0m
[0;32mPASS PATTERN NO. 667[0m, [0;33mLatency:      3[0m
[0;32mPASS PATTERN NO. 668[0m, [0;33mLatency:      3[0m
[0;32mPASS PATTERN NO. 669[0m, [0;33mLatency:      3[0m
[0;32mPASS PATTERN NO. 670[0m, [0;33mLatency:      3[0m
[0;32mPASS PATTERN NO. 671[0m, [0;33mLatency:      3[0m
[0;32mPASS PATTERN NO. 672[0m, [0;33mLatency:      3[0m
[0;32mPASS PATTERN NO. 673[0m, [0;33mLatency:      3[0m
[0;32mPASS PATTERN NO. 674[0m, [0;33mLatency:      3[0m
[0;32mPASS PATTERN NO. 675[0m, [0;33mLatency:      3[0m
[0;32mPASS PATTERN NO. 676[0m, [0;33mLatency:      3[0m
[0;32mPASS PATTERN NO. 677[0m, [0;33mLatency:      3[0m
[0;32mPASS PATTERN NO. 678[0m, [0;33mLatency:      3[0m
[0;32mPASS PATTERN NO. 679[0m, [0;33mLatency:      3[0m
[0;32mPASS PATTERN NO. 680[0m, [0;33mLatency:      3[0m
[0;32mPASS PATTERN NO. 681[0m, [0;33mLatency:      3[0m
[0;32mPASS PATTERN NO. 682[0m, [0;33mLatency:      3[0m
[0;32mPASS PATTERN NO. 683[0m, [0;33mLatency:      3[0m
[0;32mPASS PATTERN NO. 684[0m, [0;33mLatency:      3[0m
[0;32mPASS PATTERN NO. 685[0m, [0;33mLatency:      3[0m
[0;32mPASS PATTERN NO. 686[0m, [0;33mLatency:      3[0m
[0;32mPASS PATTERN NO. 687[0m, [0;33mLatency:      3[0m
[0;32mPASS PATTERN NO. 688[0m, [0;33mLatency:      3[0m
[0;32mPASS PATTERN NO. 689[0m, [0;33mLatency:      3[0m
[0;32mPASS PATTERN NO. 690[0m, [0;33mLatency:      3[0m
[0;32mPASS PATTERN NO. 691[0m, [0;33mLatency:      3[0m
[0;32mPASS PATTERN NO. 692[0m, [0;33mLatency:      3[0m
[0;32mPASS PATTERN NO. 693[0m, [0;33mLatency:      3[0m
[0;32mPASS PATTERN NO. 694[0m, [0;33mLatency:      3[0m
[0;32mPASS PATTERN NO. 695[0m, [0;33mLatency:      3[0m
[0;32mPASS PATTERN NO. 696[0m, [0;33mLatency:      3[0m
[0;32mPASS PATTERN NO. 697[0m, [0;33mLatency:      3[0m
[0;32mPASS PATTERN NO. 698[0m, [0;33mLatency:      3[0m
[0;32mPASS PATTERN NO. 699[0m, [0;33mLatency:      3[0m
[0;32mPASS PATTERN NO. 700[0m, [0;33mLatency:      3[0m
[0;32mPASS PATTERN NO. 701[0m, [0;33mLatency:      3[0m
[0;32mPASS PATTERN NO. 702[0m, [0;33mLatency:      3[0m
[0;32mPASS PATTERN NO. 703[0m, [0;33mLatency:      3[0m
[0;32mPASS PATTERN NO. 704[0m, [0;33mLatency:      3[0m
[0;32mPASS PATTERN NO. 705[0m, [0;33mLatency:      3[0m
[0;32mPASS PATTERN NO. 706[0m, [0;33mLatency:      3[0m
[0;32mPASS PATTERN NO. 707[0m, [0;33mLatency:      3[0m
[0;32mPASS PATTERN NO. 708[0m, [0;33mLatency:      3[0m
[0;32mPASS PATTERN NO. 709[0m, [0;33mLatency:      3[0m
[0;32mPASS PATTERN NO. 710[0m, [0;33mLatency:      3[0m
[0;32mPASS PATTERN NO. 711[0m, [0;33mLatency:      3[0m
[0;32mPASS PATTERN NO. 712[0m, [0;33mLatency:      3[0m
[0;32mPASS PATTERN NO. 713[0m, [0;33mLatency:      3[0m
[0;32mPASS PATTERN NO. 714[0m, [0;33mLatency:      3[0m
[0;32mPASS PATTERN NO. 715[0m, [0;33mLatency:      3[0m
[0;32mPASS PATTERN NO. 716[0m, [0;33mLatency:      3[0m
[0;32mPASS PATTERN NO. 717[0m, [0;33mLatency:      3[0m
[0;32mPASS PATTERN NO. 718[0m, [0;33mLatency:      3[0m
[0;32mPASS PATTERN NO. 719[0m, [0;33mLatency:      3[0m
[0;32mPASS PATTERN NO. 720[0m, [0;33mLatency:      3[0m
[0;32mPASS PATTERN NO. 721[0m, [0;33mLatency:      3[0m
[0;32mPASS PATTERN NO. 722[0m, [0;33mLatency:      3[0m
[0;32mPASS PATTERN NO. 723[0m, [0;33mLatency:      3[0m
[0;32mPASS PATTERN NO. 724[0m, [0;33mLatency:      3[0m
[0;32mPASS PATTERN NO. 725[0m, [0;33mLatency:      3[0m
[0;32mPASS PATTERN NO. 726[0m, [0;33mLatency:      3[0m
[0;32mPASS PATTERN NO. 727[0m, [0;33mLatency:      3[0m
[0;32mPASS PATTERN NO. 728[0m, [0;33mLatency:      3[0m
[0;32mPASS PATTERN NO. 729[0m, [0;33mLatency:      3[0m
[0;32mPASS PATTERN NO. 730[0m, [0;33mLatency:      3[0m
[0;32mPASS PATTERN NO. 731[0m, [0;33mLatency:      3[0m
[0;32mPASS PATTERN NO. 732[0m, [0;33mLatency:      3[0m
[0;32mPASS PATTERN NO. 733[0m, [0;33mLatency:      3[0m
[0;32mPASS PATTERN NO. 734[0m, [0;33mLatency:      3[0m
[0;32mPASS PATTERN NO. 735[0m, [0;33mLatency:      3[0m
[0;32mPASS PATTERN NO. 736[0m, [0;33mLatency:      3[0m
[0;32mPASS PATTERN NO. 737[0m, [0;33mLatency:      3[0m
[0;32mPASS PATTERN NO. 738[0m, [0;33mLatency:      3[0m
[0;32mPASS PATTERN NO. 739[0m, [0;33mLatency:      3[0m
[0;32mPASS PATTERN NO. 740[0m, [0;33mLatency:      3[0m
[0;32mPASS PATTERN NO. 741[0m, [0;33mLatency:      3[0m
[0;32mPASS PATTERN NO. 742[0m, [0;33mLatency:      3[0m
[0;32mPASS PATTERN NO. 743[0m, [0;33mLatency:      3[0m
[0;32mPASS PATTERN NO. 744[0m, [0;33mLatency:      3[0m
[0;32mPASS PATTERN NO. 745[0m, [0;33mLatency:      3[0m
[0;32mPASS PATTERN NO. 746[0m, [0;33mLatency:      3[0m
[0;32mPASS PATTERN NO. 747[0m, [0;33mLatency:      3[0m
[0;32mPASS PATTERN NO. 748[0m, [0;33mLatency:      3[0m
[0;32mPASS PATTERN NO. 749[0m, [0;33mLatency:      3[0m
[0;32mPASS PATTERN NO. 750[0m, [0;33mLatency:      3[0m
[0;32mPASS PATTERN NO. 751[0m, [0;33mLatency:      3[0m
[0;32mPASS PATTERN NO. 752[0m, [0;33mLatency:      3[0m
[0;32mPASS PATTERN NO. 753[0m, [0;33mLatency:      3[0m
[0;32mPASS PATTERN NO. 754[0m, [0;33mLatency:      3[0m
[0;32mPASS PATTERN NO. 755[0m, [0;33mLatency:      3[0m
[0;32mPASS PATTERN NO. 756[0m, [0;33mLatency:      3[0m
[0;32mPASS PATTERN NO. 757[0m, [0;33mLatency:      3[0m
[0;32mPASS PATTERN NO. 758[0m, [0;33mLatency:      3[0m
[0;32mPASS PATTERN NO. 759[0m, [0;33mLatency:      3[0m
[0;32mPASS PATTERN NO. 760[0m, [0;33mLatency:      3[0m
[0;32mPASS PATTERN NO. 761[0m, [0;33mLatency:      3[0m
[0;32mPASS PATTERN NO. 762[0m, [0;33mLatency:      3[0m
[0;32mPASS PATTERN NO. 763[0m, [0;33mLatency:      3[0m
[0;32mPASS PATTERN NO. 764[0m, [0;33mLatency:      3[0m
[0;32mPASS PATTERN NO. 765[0m, [0;33mLatency:      3[0m
[0;32mPASS PATTERN NO. 766[0m, [0;33mLatency:      3[0m
[0;32mPASS PATTERN NO. 767[0m, [0;33mLatency:      3[0m
[0;32mPASS PATTERN NO. 768[0m, [0;33mLatency:      3[0m
[0;32mPASS PATTERN NO. 769[0m, [0;33mLatency:      3[0m
[0;32mPASS PATTERN NO. 770[0m, [0;33mLatency:      3[0m
[0;32mPASS PATTERN NO. 771[0m, [0;33mLatency:      3[0m
[0;32mPASS PATTERN NO. 772[0m, [0;33mLatency:      3[0m
[0;32mPASS PATTERN NO. 773[0m, [0;33mLatency:      3[0m
[0;32mPASS PATTERN NO. 774[0m, [0;33mLatency:      3[0m
[0;32mPASS PATTERN NO. 775[0m, [0;33mLatency:      3[0m
[0;32mPASS PATTERN NO. 776[0m, [0;33mLatency:      3[0m
[0;32mPASS PATTERN NO. 777[0m, [0;33mLatency:      3[0m
[0;32mPASS PATTERN NO. 778[0m, [0;33mLatency:      3[0m
[0;32mPASS PATTERN NO. 779[0m, [0;33mLatency:      3[0m
[0;32mPASS PATTERN NO. 780[0m, [0;33mLatency:      3[0m
[0;32mPASS PATTERN NO. 781[0m, [0;33mLatency:      3[0m
[0;32mPASS PATTERN NO. 782[0m, [0;33mLatency:      3[0m
[0;32mPASS PATTERN NO. 783[0m, [0;33mLatency:      3[0m
[0;32mPASS PATTERN NO. 784[0m, [0;33mLatency:      3[0m
[0;32mPASS PATTERN NO. 785[0m, [0;33mLatency:      3[0m
[0;32mPASS PATTERN NO. 786[0m, [0;33mLatency:      3[0m
[0;32mPASS PATTERN NO. 787[0m, [0;33mLatency:      3[0m
[0;32mPASS PATTERN NO. 788[0m, [0;33mLatency:      3[0m
[0;32mPASS PATTERN NO. 789[0m, [0;33mLatency:      3[0m
[0;32mPASS PATTERN NO. 790[0m, [0;33mLatency:      3[0m
[0;32mPASS PATTERN NO. 791[0m, [0;33mLatency:      3[0m
[0;32mPASS PATTERN NO. 792[0m, [0;33mLatency:      3[0m
[0;32mPASS PATTERN NO. 793[0m, [0;33mLatency:      3[0m
[0;32mPASS PATTERN NO. 794[0m, [0;33mLatency:      3[0m
[0;32mPASS PATTERN NO. 795[0m, [0;33mLatency:      3[0m
[0;32mPASS PATTERN NO. 796[0m, [0;33mLatency:      3[0m
[0;32mPASS PATTERN NO. 797[0m, [0;33mLatency:      3[0m
[0;32mPASS PATTERN NO. 798[0m, [0;33mLatency:      3[0m
[0;32mPASS PATTERN NO. 799[0m, [0;33mLatency:      3[0m
[0;32mPASS PATTERN NO. 800[0m, [0;33mLatency:      3[0m
[0;32mPASS PATTERN NO. 801[0m, [0;33mLatency:      3[0m
[0;32mPASS PATTERN NO. 802[0m, [0;33mLatency:      3[0m
[0;32mPASS PATTERN NO. 803[0m, [0;33mLatency:      3[0m
[0;32mPASS PATTERN NO. 804[0m, [0;33mLatency:      3[0m
[0;32mPASS PATTERN NO. 805[0m, [0;33mLatency:      3[0m
[0;32mPASS PATTERN NO. 806[0m, [0;33mLatency:      3[0m
[0;32mPASS PATTERN NO. 807[0m, [0;33mLatency:      3[0m
[0;32mPASS PATTERN NO. 808[0m, [0;33mLatency:      3[0m
[0;32mPASS PATTERN NO. 809[0m, [0;33mLatency:      3[0m
[0;32mPASS PATTERN NO. 810[0m, [0;33mLatency:      3[0m
[0;32mPASS PATTERN NO. 811[0m, [0;33mLatency:      3[0m
[0;32mPASS PATTERN NO. 812[0m, [0;33mLatency:      3[0m
[0;32mPASS PATTERN NO. 813[0m, [0;33mLatency:      3[0m
[0;32mPASS PATTERN NO. 814[0m, [0;33mLatency:      3[0m
[0;32mPASS PATTERN NO. 815[0m, [0;33mLatency:      3[0m
[0;32mPASS PATTERN NO. 816[0m, [0;33mLatency:      3[0m
[0;32mPASS PATTERN NO. 817[0m, [0;33mLatency:      3[0m
[0;32mPASS PATTERN NO. 818[0m, [0;33mLatency:      3[0m
[0;32mPASS PATTERN NO. 819[0m, [0;33mLatency:      3[0m
[0;32mPASS PATTERN NO. 820[0m, [0;33mLatency:      3[0m
[0;32mPASS PATTERN NO. 821[0m, [0;33mLatency:      3[0m
[0;32mPASS PATTERN NO. 822[0m, [0;33mLatency:      3[0m
[0;32mPASS PATTERN NO. 823[0m, [0;33mLatency:      3[0m
[0;32mPASS PATTERN NO. 824[0m, [0;33mLatency:      3[0m
[0;32mPASS PATTERN NO. 825[0m, [0;33mLatency:      3[0m
[0;32mPASS PATTERN NO. 826[0m, [0;33mLatency:      3[0m
[0;32mPASS PATTERN NO. 827[0m, [0;33mLatency:      3[0m
[0;32mPASS PATTERN NO. 828[0m, [0;33mLatency:      3[0m
[0;32mPASS PATTERN NO. 829[0m, [0;33mLatency:      3[0m
[0;32mPASS PATTERN NO. 830[0m, [0;33mLatency:      3[0m
[0;32mPASS PATTERN NO. 831[0m, [0;33mLatency:      3[0m
[0;32mPASS PATTERN NO. 832[0m, [0;33mLatency:      3[0m
[0;32mPASS PATTERN NO. 833[0m, [0;33mLatency:      3[0m
[0;32mPASS PATTERN NO. 834[0m, [0;33mLatency:      3[0m
[0;32mPASS PATTERN NO. 835[0m, [0;33mLatency:      3[0m
[0;32mPASS PATTERN NO. 836[0m, [0;33mLatency:      3[0m
[0;32mPASS PATTERN NO. 837[0m, [0;33mLatency:      3[0m
[0;32mPASS PATTERN NO. 838[0m, [0;33mLatency:      3[0m
[0;32mPASS PATTERN NO. 839[0m, [0;33mLatency:      3[0m
[0;32mPASS PATTERN NO. 840[0m, [0;33mLatency:      3[0m
[0;32mPASS PATTERN NO. 841[0m, [0;33mLatency:      3[0m
[0;32mPASS PATTERN NO. 842[0m, [0;33mLatency:      3[0m
[0;32mPASS PATTERN NO. 843[0m, [0;33mLatency:      3[0m
[0;32mPASS PATTERN NO. 844[0m, [0;33mLatency:      3[0m
[0;32mPASS PATTERN NO. 845[0m, [0;33mLatency:      3[0m
[0;32mPASS PATTERN NO. 846[0m, [0;33mLatency:      3[0m
[0;32mPASS PATTERN NO. 847[0m, [0;33mLatency:      3[0m
[0;32mPASS PATTERN NO. 848[0m, [0;33mLatency:      3[0m
[0;32mPASS PATTERN NO. 849[0m, [0;33mLatency:      3[0m
[0;32mPASS PATTERN NO. 850[0m, [0;33mLatency:      3[0m
[0;32mPASS PATTERN NO. 851[0m, [0;33mLatency:      3[0m
[0;32mPASS PATTERN NO. 852[0m, [0;33mLatency:      3[0m
[0;32mPASS PATTERN NO. 853[0m, [0;33mLatency:      3[0m
[0;32mPASS PATTERN NO. 854[0m, [0;33mLatency:      3[0m
[0;32mPASS PATTERN NO. 855[0m, [0;33mLatency:      3[0m
[0;32mPASS PATTERN NO. 856[0m, [0;33mLatency:      3[0m
[0;32mPASS PATTERN NO. 857[0m, [0;33mLatency:      3[0m
[0;32mPASS PATTERN NO. 858[0m, [0;33mLatency:      3[0m
[0;32mPASS PATTERN NO. 859[0m, [0;33mLatency:      3[0m
[0;32mPASS PATTERN NO. 860[0m, [0;33mLatency:      3[0m
[0;32mPASS PATTERN NO. 861[0m, [0;33mLatency:      3[0m
[0;32mPASS PATTERN NO. 862[0m, [0;33mLatency:      3[0m
[0;32mPASS PATTERN NO. 863[0m, [0;33mLatency:      3[0m
[0;32mPASS PATTERN NO. 864[0m, [0;33mLatency:      3[0m
[0;32mPASS PATTERN NO. 865[0m, [0;33mLatency:      3[0m
[0;32mPASS PATTERN NO. 866[0m, [0;33mLatency:      3[0m
[0;32mPASS PATTERN NO. 867[0m, [0;33mLatency:      3[0m
[0;32mPASS PATTERN NO. 868[0m, [0;33mLatency:      3[0m
[0;32mPASS PATTERN NO. 869[0m, [0;33mLatency:      3[0m
[0;32mPASS PATTERN NO. 870[0m, [0;33mLatency:      3[0m
[0;32mPASS PATTERN NO. 871[0m, [0;33mLatency:      3[0m
[0;32mPASS PATTERN NO. 872[0m, [0;33mLatency:      3[0m
[0;32mPASS PATTERN NO. 873[0m, [0;33mLatency:      3[0m
[0;32mPASS PATTERN NO. 874[0m, [0;33mLatency:      3[0m
[0;32mPASS PATTERN NO. 875[0m, [0;33mLatency:      3[0m
[0;32mPASS PATTERN NO. 876[0m, [0;33mLatency:      3[0m
[0;32mPASS PATTERN NO. 877[0m, [0;33mLatency:      3[0m
[0;32mPASS PATTERN NO. 878[0m, [0;33mLatency:      3[0m
[0;32mPASS PATTERN NO. 879[0m, [0;33mLatency:      3[0m
[0;32mPASS PATTERN NO. 880[0m, [0;33mLatency:      3[0m
[0;32mPASS PATTERN NO. 881[0m, [0;33mLatency:      3[0m
[0;32mPASS PATTERN NO. 882[0m, [0;33mLatency:      3[0m
[0;32mPASS PATTERN NO. 883[0m, [0;33mLatency:      3[0m
[0;32mPASS PATTERN NO. 884[0m, [0;33mLatency:      3[0m
[0;32mPASS PATTERN NO. 885[0m, [0;33mLatency:      3[0m
[0;32mPASS PATTERN NO. 886[0m, [0;33mLatency:      3[0m
[0;32mPASS PATTERN NO. 887[0m, [0;33mLatency:      3[0m
[0;32mPASS PATTERN NO. 888[0m, [0;33mLatency:      3[0m
[0;32mPASS PATTERN NO. 889[0m, [0;33mLatency:      3[0m
[0;32mPASS PATTERN NO. 890[0m, [0;33mLatency:      3[0m
[0;32mPASS PATTERN NO. 891[0m, [0;33mLatency:      3[0m
[0;32mPASS PATTERN NO. 892[0m, [0;33mLatency:      3[0m
[0;32mPASS PATTERN NO. 893[0m, [0;33mLatency:      3[0m
[0;32mPASS PATTERN NO. 894[0m, [0;33mLatency:      3[0m
[0;32mPASS PATTERN NO. 895[0m, [0;33mLatency:      3[0m
[0;32mPASS PATTERN NO. 896[0m, [0;33mLatency:      3[0m
[0;32mPASS PATTERN NO. 897[0m, [0;33mLatency:      3[0m
[0;32mPASS PATTERN NO. 898[0m, [0;33mLatency:      3[0m
[0;32mPASS PATTERN NO. 899[0m, [0;33mLatency:      3[0m
[0;32mPASS PATTERN NO. 900[0m, [0;33mLatency:      3[0m
[0;32mPASS PATTERN NO. 901[0m, [0;33mLatency:      3[0m
[0;32mPASS PATTERN NO. 902[0m, [0;33mLatency:      3[0m
[0;32mPASS PATTERN NO. 903[0m, [0;33mLatency:      3[0m
[0;32mPASS PATTERN NO. 904[0m, [0;33mLatency:      3[0m
[0;32mPASS PATTERN NO. 905[0m, [0;33mLatency:      3[0m
[0;32mPASS PATTERN NO. 906[0m, [0;33mLatency:      3[0m
[0;32mPASS PATTERN NO. 907[0m, [0;33mLatency:      3[0m
[0;32mPASS PATTERN NO. 908[0m, [0;33mLatency:      3[0m
[0;32mPASS PATTERN NO. 909[0m, [0;33mLatency:      3[0m
[0;32mPASS PATTERN NO. 910[0m, [0;33mLatency:      3[0m
[0;32mPASS PATTERN NO. 911[0m, [0;33mLatency:      3[0m
[0;32mPASS PATTERN NO. 912[0m, [0;33mLatency:      3[0m
[0;32mPASS PATTERN NO. 913[0m, [0;33mLatency:      3[0m
[0;32mPASS PATTERN NO. 914[0m, [0;33mLatency:      3[0m
[0;32mPASS PATTERN NO. 915[0m, [0;33mLatency:      3[0m
[0;32mPASS PATTERN NO. 916[0m, [0;33mLatency:      3[0m
[0;32mPASS PATTERN NO. 917[0m, [0;33mLatency:      3[0m
[0;32mPASS PATTERN NO. 918[0m, [0;33mLatency:      3[0m
[0;32mPASS PATTERN NO. 919[0m, [0;33mLatency:      3[0m
[0;32mPASS PATTERN NO. 920[0m, [0;33mLatency:      3[0m
[0;32mPASS PATTERN NO. 921[0m, [0;33mLatency:      3[0m
[0;32mPASS PATTERN NO. 922[0m, [0;33mLatency:      3[0m
[0;32mPASS PATTERN NO. 923[0m, [0;33mLatency:      3[0m
[0;32mPASS PATTERN NO. 924[0m, [0;33mLatency:      3[0m
[0;32mPASS PATTERN NO. 925[0m, [0;33mLatency:      3[0m
[0;32mPASS PATTERN NO. 926[0m, [0;33mLatency:      3[0m
[0;32mPASS PATTERN NO. 927[0m, [0;33mLatency:      3[0m
[0;32mPASS PATTERN NO. 928[0m, [0;33mLatency:      3[0m
[0;32mPASS PATTERN NO. 929[0m, [0;33mLatency:      3[0m
[0;32mPASS PATTERN NO. 930[0m, [0;33mLatency:      3[0m
[0;32mPASS PATTERN NO. 931[0m, [0;33mLatency:      3[0m
[0;32mPASS PATTERN NO. 932[0m, [0;33mLatency:      3[0m
[0;32mPASS PATTERN NO. 933[0m, [0;33mLatency:      3[0m
[0;32mPASS PATTERN NO. 934[0m, [0;33mLatency:      3[0m
[0;32mPASS PATTERN NO. 935[0m, [0;33mLatency:      3[0m
[0;32mPASS PATTERN NO. 936[0m, [0;33mLatency:      3[0m
[0;32mPASS PATTERN NO. 937[0m, [0;33mLatency:      3[0m
[0;32mPASS PATTERN NO. 938[0m, [0;33mLatency:      3[0m
[0;32mPASS PATTERN NO. 939[0m, [0;33mLatency:      3[0m
[0;32mPASS PATTERN NO. 940[0m, [0;33mLatency:      3[0m
[0;32mPASS PATTERN NO. 941[0m, [0;33mLatency:      3[0m
[0;32mPASS PATTERN NO. 942[0m, [0;33mLatency:      3[0m
[0;32mPASS PATTERN NO. 943[0m, [0;33mLatency:      3[0m
[0;32mPASS PATTERN NO. 944[0m, [0;33mLatency:      3[0m
[0;32mPASS PATTERN NO. 945[0m, [0;33mLatency:      3[0m
[0;32mPASS PATTERN NO. 946[0m, [0;33mLatency:      3[0m
[0;32mPASS PATTERN NO. 947[0m, [0;33mLatency:      3[0m
[0;32mPASS PATTERN NO. 948[0m, [0;33mLatency:      3[0m
[0;32mPASS PATTERN NO. 949[0m, [0;33mLatency:      3[0m
[0;32mPASS PATTERN NO. 950[0m, [0;33mLatency:      3[0m
[0;32mPASS PATTERN NO. 951[0m, [0;33mLatency:      3[0m
[0;32mPASS PATTERN NO. 952[0m, [0;33mLatency:      3[0m
[0;32mPASS PATTERN NO. 953[0m, [0;33mLatency:      3[0m
[0;32mPASS PATTERN NO. 954[0m, [0;33mLatency:      3[0m
[0;32mPASS PATTERN NO. 955[0m, [0;33mLatency:      3[0m
[0;32mPASS PATTERN NO. 956[0m, [0;33mLatency:      3[0m
[0;32mPASS PATTERN NO. 957[0m, [0;33mLatency:      3[0m
[0;32mPASS PATTERN NO. 958[0m, [0;33mLatency:      3[0m
[0;32mPASS PATTERN NO. 959[0m, [0;33mLatency:      3[0m
[0;32mPASS PATTERN NO. 960[0m, [0;33mLatency:      3[0m
[0;32mPASS PATTERN NO. 961[0m, [0;33mLatency:      3[0m
[0;32mPASS PATTERN NO. 962[0m, [0;33mLatency:      3[0m
[0;32mPASS PATTERN NO. 963[0m, [0;33mLatency:      3[0m
[0;32mPASS PATTERN NO. 964[0m, [0;33mLatency:      3[0m
[0;32mPASS PATTERN NO. 965[0m, [0;33mLatency:      3[0m
[0;32mPASS PATTERN NO. 966[0m, [0;33mLatency:      3[0m
[0;32mPASS PATTERN NO. 967[0m, [0;33mLatency:      3[0m
[0;32mPASS PATTERN NO. 968[0m, [0;33mLatency:      3[0m
[0;32mPASS PATTERN NO. 969[0m, [0;33mLatency:      3[0m
[0;32mPASS PATTERN NO. 970[0m, [0;33mLatency:      3[0m
[0;32mPASS PATTERN NO. 971[0m, [0;33mLatency:      3[0m
[0;32mPASS PATTERN NO. 972[0m, [0;33mLatency:      3[0m
[0;32mPASS PATTERN NO. 973[0m, [0;33mLatency:      3[0m
[0;32mPASS PATTERN NO. 974[0m, [0;33mLatency:      3[0m
[0;32mPASS PATTERN NO. 975[0m, [0;33mLatency:      3[0m
[0;32mPASS PATTERN NO. 976[0m, [0;33mLatency:      3[0m
[0;32mPASS PATTERN NO. 977[0m, [0;33mLatency:      3[0m
[0;32mPASS PATTERN NO. 978[0m, [0;33mLatency:      3[0m
[0;32mPASS PATTERN NO. 979[0m, [0;33mLatency:      3[0m
[0;32mPASS PATTERN NO. 980[0m, [0;33mLatency:      3[0m
[0;32mPASS PATTERN NO. 981[0m, [0;33mLatency:      3[0m
[0;32mPASS PATTERN NO. 982[0m, [0;33mLatency:      3[0m
[0;32mPASS PATTERN NO. 983[0m, [0;33mLatency:      3[0m
[0;32mPASS PATTERN NO. 984[0m, [0;33mLatency:      3[0m
[0;32mPASS PATTERN NO. 985[0m, [0;33mLatency:      3[0m
[0;32mPASS PATTERN NO. 986[0m, [0;33mLatency:      3[0m
[0;32mPASS PATTERN NO. 987[0m, [0;33mLatency:      3[0m
[0;32mPASS PATTERN NO. 988[0m, [0;33mLatency:      3[0m
[0;32mPASS PATTERN NO. 989[0m, [0;33mLatency:      3[0m
[0;32mPASS PATTERN NO. 990[0m, [0;33mLatency:      3[0m
[0;32mPASS PATTERN NO. 991[0m, [0;33mLatency:      3[0m
[0;32mPASS PATTERN NO. 992[0m, [0;33mLatency:      3[0m
[0;32mPASS PATTERN NO. 993[0m, [0;33mLatency:      3[0m
[0;32mPASS PATTERN NO. 994[0m, [0;33mLatency:      3[0m
[0;32mPASS PATTERN NO. 995[0m, [0;33mLatency:      3[0m
[0;32mPASS PATTERN NO. 996[0m, [0;33mLatency:      3[0m
[0;32mPASS PATTERN NO. 997[0m, [0;33mLatency:      3[0m
[0;32mPASS PATTERN NO. 998[0m, [0;33mLatency:      3[0m
[0;32mPASS PATTERN NO. 999[0m, [0;33mLatency:      3[0m
[0;32mPASS PATTERN NO.1000[0m, [0;33mLatency:      3[0m
[0;32mPASS PATTERN NO.1001[0m, [0;33mLatency:      3[0m
[0;32mPASS PATTERN NO.1002[0m, [0;33mLatency:      3[0m
[0;32mPASS PATTERN NO.1003[0m, [0;33mLatency:      3[0m
[0;32mPASS PATTERN NO.1004[0m, [0;33mLatency:      3[0m
[0;32mPASS PATTERN NO.1005[0m, [0;33mLatency:      3[0m
[0;32mPASS PATTERN NO.1006[0m, [0;33mLatency:      3[0m
[0;32mPASS PATTERN NO.1007[0m, [0;33mLatency:      3[0m
[0;32mPASS PATTERN NO.1008[0m, [0;33mLatency:      3[0m
[0;32mPASS PATTERN NO.1009[0m, [0;33mLatency:      3[0m
[0;32mPASS PATTERN NO.1010[0m, [0;33mLatency:      3[0m
[0;32mPASS PATTERN NO.1011[0m, [0;33mLatency:      3[0m
[0;32mPASS PATTERN NO.1012[0m, [0;33mLatency:      3[0m
[0;32mPASS PATTERN NO.1013[0m, [0;33mLatency:      3[0m
[0;32mPASS PATTERN NO.1014[0m, [0;33mLatency:      3[0m
[0;32mPASS PATTERN NO.1015[0m, [0;33mLatency:      3[0m
[0;32mPASS PATTERN NO.1016[0m, [0;33mLatency:      3[0m
[0;32mPASS PATTERN NO.1017[0m, [0;33mLatency:      3[0m
[0;32mPASS PATTERN NO.1018[0m, [0;33mLatency:      3[0m
[0;32mPASS PATTERN NO.1019[0m, [0;33mLatency:      3[0m
[0;32mPASS PATTERN NO.1020[0m, [0;33mLatency:      3[0m
[0;32mPASS PATTERN NO.1021[0m, [0;33mLatency:      3[0m
[0;32mPASS PATTERN NO.1022[0m, [0;33mLatency:      3[0m
[0;32mPASS PATTERN NO.1023[0m, [0;33mLatency:      3[0m
[0;32mPASS PATTERN NO.1024[0m, [0;33mLatency:      3[0m
[0;32mPASS PATTERN NO.1025[0m, [0;33mLatency:      3[0m
[0;32mPASS PATTERN NO.1026[0m, [0;33mLatency:      3[0m
[0;32mPASS PATTERN NO.1027[0m, [0;33mLatency:      3[0m
[0;32mPASS PATTERN NO.1028[0m, [0;33mLatency:      3[0m
[0;32mPASS PATTERN NO.1029[0m, [0;33mLatency:      3[0m
[0;32mPASS PATTERN NO.1030[0m, [0;33mLatency:      3[0m
[0;32mPASS PATTERN NO.1031[0m, [0;33mLatency:      3[0m
[0;32mPASS PATTERN NO.1032[0m, [0;33mLatency:      3[0m
[0;32mPASS PATTERN NO.1033[0m, [0;33mLatency:      3[0m
[0;32mPASS PATTERN NO.1034[0m, [0;33mLatency:      3[0m
[0;32mPASS PATTERN NO.1035[0m, [0;33mLatency:      3[0m
[0;32mPASS PATTERN NO.1036[0m, [0;33mLatency:      3[0m
[0;32mPASS PATTERN NO.1037[0m, [0;33mLatency:      3[0m
[0;32mPASS PATTERN NO.1038[0m, [0;33mLatency:      3[0m
[0;32mPASS PATTERN NO.1039[0m, [0;33mLatency:      3[0m
[0;32mPASS PATTERN NO.1040[0m, [0;33mLatency:      3[0m
[0;32mPASS PATTERN NO.1041[0m, [0;33mLatency:      3[0m
[0;32mPASS PATTERN NO.1042[0m, [0;33mLatency:      3[0m
[0;32mPASS PATTERN NO.1043[0m, [0;33mLatency:      3[0m
[0;32mPASS PATTERN NO.1044[0m, [0;33mLatency:      3[0m
[0;32mPASS PATTERN NO.1045[0m, [0;33mLatency:      3[0m
[0;32mPASS PATTERN NO.1046[0m, [0;33mLatency:      3[0m
[0;32mPASS PATTERN NO.1047[0m, [0;33mLatency:      3[0m
[0;32mPASS PATTERN NO.1048[0m, [0;33mLatency:      3[0m
[0;32mPASS PATTERN NO.1049[0m, [0;33mLatency:      3[0m
[0;32mPASS PATTERN NO.1050[0m, [0;33mLatency:      3[0m
[0;32mPASS PATTERN NO.1051[0m, [0;33mLatency:      3[0m
[0;32mPASS PATTERN NO.1052[0m, [0;33mLatency:      3[0m
[0;32mPASS PATTERN NO.1053[0m, [0;33mLatency:      3[0m
[0;32mPASS PATTERN NO.1054[0m, [0;33mLatency:      3[0m
[0;32mPASS PATTERN NO.1055[0m, [0;33mLatency:      3[0m
[0;32mPASS PATTERN NO.1056[0m, [0;33mLatency:      3[0m
[0;32mPASS PATTERN NO.1057[0m, [0;33mLatency:      3[0m
[0;32mPASS PATTERN NO.1058[0m, [0;33mLatency:      3[0m
[0;32mPASS PATTERN NO.1059[0m, [0;33mLatency:      3[0m
[0;32mPASS PATTERN NO.1060[0m, [0;33mLatency:      3[0m
[0;32mPASS PATTERN NO.1061[0m, [0;33mLatency:      3[0m
[0;32mPASS PATTERN NO.1062[0m, [0;33mLatency:      3[0m
[0;32mPASS PATTERN NO.1063[0m, [0;33mLatency:      3[0m
[0;32mPASS PATTERN NO.1064[0m, [0;33mLatency:      3[0m
[0;32mPASS PATTERN NO.1065[0m, [0;33mLatency:      3[0m
[0;32mPASS PATTERN NO.1066[0m, [0;33mLatency:      3[0m
[0;32mPASS PATTERN NO.1067[0m, [0;33mLatency:      3[0m
[0;32mPASS PATTERN NO.1068[0m, [0;33mLatency:      3[0m
[0;32mPASS PATTERN NO.1069[0m, [0;33mLatency:      3[0m
[0;32mPASS PATTERN NO.1070[0m, [0;33mLatency:      3[0m
[0;32mPASS PATTERN NO.1071[0m, [0;33mLatency:      3[0m
[0;32mPASS PATTERN NO.1072[0m, [0;33mLatency:      3[0m
[0;32mPASS PATTERN NO.1073[0m, [0;33mLatency:      3[0m
[0;32mPASS PATTERN NO.1074[0m, [0;33mLatency:      3[0m
[0;32mPASS PATTERN NO.1075[0m, [0;33mLatency:      3[0m
[0;32mPASS PATTERN NO.1076[0m, [0;33mLatency:      3[0m
[0;32mPASS PATTERN NO.1077[0m, [0;33mLatency:      3[0m
[0;32mPASS PATTERN NO.1078[0m, [0;33mLatency:      3[0m
[0;32mPASS PATTERN NO.1079[0m, [0;33mLatency:      3[0m
[0;32mPASS PATTERN NO.1080[0m, [0;33mLatency:      3[0m
[0;32mPASS PATTERN NO.1081[0m, [0;33mLatency:      3[0m
[0;32mPASS PATTERN NO.1082[0m, [0;33mLatency:      3[0m
[0;32mPASS PATTERN NO.1083[0m, [0;33mLatency:      3[0m
[0;32mPASS PATTERN NO.1084[0m, [0;33mLatency:      3[0m
[0;32mPASS PATTERN NO.1085[0m, [0;33mLatency:      3[0m
[0;32mPASS PATTERN NO.1086[0m, [0;33mLatency:      3[0m
[0;32mPASS PATTERN NO.1087[0m, [0;33mLatency:      3[0m
[0;32mPASS PATTERN NO.1088[0m, [0;33mLatency:      3[0m
[0;32mPASS PATTERN NO.1089[0m, [0;33mLatency:      3[0m
[0;32mPASS PATTERN NO.1090[0m, [0;33mLatency:      3[0m
[0;32mPASS PATTERN NO.1091[0m, [0;33mLatency:      3[0m
[0;32mPASS PATTERN NO.1092[0m, [0;33mLatency:      3[0m
[0;32mPASS PATTERN NO.1093[0m, [0;33mLatency:      3[0m
[0;32mPASS PATTERN NO.1094[0m, [0;33mLatency:      3[0m
[0;32mPASS PATTERN NO.1095[0m, [0;33mLatency:      3[0m
[0;32mPASS PATTERN NO.1096[0m, [0;33mLatency:      3[0m
[0;32mPASS PATTERN NO.1097[0m, [0;33mLatency:      3[0m
[0;32mPASS PATTERN NO.1098[0m, [0;33mLatency:      3[0m
[0;32mPASS PATTERN NO.1099[0m, [0;33mLatency:      3[0m
[0;32mPASS PATTERN NO.1100[0m, [0;33mLatency:      3[0m
[0;32mPASS PATTERN NO.1101[0m, [0;33mLatency:      3[0m
[0;32mPASS PATTERN NO.1102[0m, [0;33mLatency:      3[0m
[0;32mPASS PATTERN NO.1103[0m, [0;33mLatency:      3[0m
[0;32mPASS PATTERN NO.1104[0m, [0;33mLatency:      3[0m
[0;32mPASS PATTERN NO.1105[0m, [0;33mLatency:      3[0m
[0;32mPASS PATTERN NO.1106[0m, [0;33mLatency:      3[0m
[0;32mPASS PATTERN NO.1107[0m, [0;33mLatency:      3[0m
[0;32mPASS PATTERN NO.1108[0m, [0;33mLatency:      3[0m
[0;32mPASS PATTERN NO.1109[0m, [0;33mLatency:      3[0m
[0;32mPASS PATTERN NO.1110[0m, [0;33mLatency:      3[0m
[0;32mPASS PATTERN NO.1111[0m, [0;33mLatency:      3[0m
[0;32mPASS PATTERN NO.1112[0m, [0;33mLatency:      3[0m
[0;32mPASS PATTERN NO.1113[0m, [0;33mLatency:      3[0m
[0;32mPASS PATTERN NO.1114[0m, [0;33mLatency:      3[0m
[0;32mPASS PATTERN NO.1115[0m, [0;33mLatency:      3[0m
[0;32mPASS PATTERN NO.1116[0m, [0;33mLatency:      3[0m
[0;32mPASS PATTERN NO.1117[0m, [0;33mLatency:      3[0m
[0;32mPASS PATTERN NO.1118[0m, [0;33mLatency:      3[0m
[0;32mPASS PATTERN NO.1119[0m, [0;33mLatency:      3[0m
[0;32mPASS PATTERN NO.1120[0m, [0;33mLatency:      3[0m
[0;32mPASS PATTERN NO.1121[0m, [0;33mLatency:      3[0m
[0;32mPASS PATTERN NO.1122[0m, [0;33mLatency:      3[0m
[0;32mPASS PATTERN NO.1123[0m, [0;33mLatency:      3[0m
[0;32mPASS PATTERN NO.1124[0m, [0;33mLatency:      3[0m
[0;32mPASS PATTERN NO.1125[0m, [0;33mLatency:      3[0m
[0;32mPASS PATTERN NO.1126[0m, [0;33mLatency:      3[0m
[0;32mPASS PATTERN NO.1127[0m, [0;33mLatency:      3[0m
[0;32mPASS PATTERN NO.1128[0m, [0;33mLatency:      3[0m
[0;32mPASS PATTERN NO.1129[0m, [0;33mLatency:      3[0m
[0;32mPASS PATTERN NO.1130[0m, [0;33mLatency:      3[0m
[0;32mPASS PATTERN NO.1131[0m, [0;33mLatency:      3[0m
[0;32mPASS PATTERN NO.1132[0m, [0;33mLatency:      3[0m
[0;32mPASS PATTERN NO.1133[0m, [0;33mLatency:      3[0m
[0;32mPASS PATTERN NO.1134[0m, [0;33mLatency:      3[0m
[0;32mPASS PATTERN NO.1135[0m, [0;33mLatency:      3[0m
[0;32mPASS PATTERN NO.1136[0m, [0;33mLatency:      3[0m
[0;32mPASS PATTERN NO.1137[0m, [0;33mLatency:      3[0m
[0;32mPASS PATTERN NO.1138[0m, [0;33mLatency:      3[0m
[0;32mPASS PATTERN NO.1139[0m, [0;33mLatency:      3[0m
[0;32mPASS PATTERN NO.1140[0m, [0;33mLatency:      3[0m
[0;32mPASS PATTERN NO.1141[0m, [0;33mLatency:      3[0m
[0;32mPASS PATTERN NO.1142[0m, [0;33mLatency:      3[0m
[0;32mPASS PATTERN NO.1143[0m, [0;33mLatency:      3[0m
[0;32mPASS PATTERN NO.1144[0m, [0;33mLatency:      3[0m
[0;32mPASS PATTERN NO.1145[0m, [0;33mLatency:      3[0m
[0;32mPASS PATTERN NO.1146[0m, [0;33mLatency:      3[0m
[0;32mPASS PATTERN NO.1147[0m, [0;33mLatency:      3[0m
[0;32mPASS PATTERN NO.1148[0m, [0;33mLatency:      3[0m
[0;32mPASS PATTERN NO.1149[0m, [0;33mLatency:      3[0m
[0;32mPASS PATTERN NO.1150[0m, [0;33mLatency:      3[0m
[0;32mPASS PATTERN NO.1151[0m, [0;33mLatency:      3[0m
[0;32mPASS PATTERN NO.1152[0m, [0;33mLatency:      3[0m
[0;32mPASS PATTERN NO.1153[0m, [0;33mLatency:      3[0m
[0;32mPASS PATTERN NO.1154[0m, [0;33mLatency:      3[0m
[0;32mPASS PATTERN NO.1155[0m, [0;33mLatency:      3[0m
[0;32mPASS PATTERN NO.1156[0m, [0;33mLatency:      3[0m
[0;32mPASS PATTERN NO.1157[0m, [0;33mLatency:      3[0m
[0;32mPASS PATTERN NO.1158[0m, [0;33mLatency:      3[0m
[0;32mPASS PATTERN NO.1159[0m, [0;33mLatency:      3[0m
[0;32mPASS PATTERN NO.1160[0m, [0;33mLatency:      3[0m
[0;32mPASS PATTERN NO.1161[0m, [0;33mLatency:      3[0m
[0;32mPASS PATTERN NO.1162[0m, [0;33mLatency:      3[0m
[0;32mPASS PATTERN NO.1163[0m, [0;33mLatency:      3[0m
[0;32mPASS PATTERN NO.1164[0m, [0;33mLatency:      3[0m
[0;32mPASS PATTERN NO.1165[0m, [0;33mLatency:      3[0m
[0;32mPASS PATTERN NO.1166[0m, [0;33mLatency:      3[0m
[0;32mPASS PATTERN NO.1167[0m, [0;33mLatency:      3[0m
[0;32mPASS PATTERN NO.1168[0m, [0;33mLatency:      3[0m
[0;32mPASS PATTERN NO.1169[0m, [0;33mLatency:      3[0m
[0;32mPASS PATTERN NO.1170[0m, [0;33mLatency:      3[0m
[0;32mPASS PATTERN NO.1171[0m, [0;33mLatency:      3[0m
[0;32mPASS PATTERN NO.1172[0m, [0;33mLatency:      3[0m
[0;32mPASS PATTERN NO.1173[0m, [0;33mLatency:      3[0m
[0;32mPASS PATTERN NO.1174[0m, [0;33mLatency:      3[0m
[0;32mPASS PATTERN NO.1175[0m, [0;33mLatency:      3[0m
[0;32mPASS PATTERN NO.1176[0m, [0;33mLatency:      3[0m
[0;32mPASS PATTERN NO.1177[0m, [0;33mLatency:      3[0m
[0;32mPASS PATTERN NO.1178[0m, [0;33mLatency:      3[0m
[0;32mPASS PATTERN NO.1179[0m, [0;33mLatency:      3[0m
[0;32mPASS PATTERN NO.1180[0m, [0;33mLatency:      3[0m
[0;32mPASS PATTERN NO.1181[0m, [0;33mLatency:      3[0m
[0;32mPASS PATTERN NO.1182[0m, [0;33mLatency:      3[0m
[0;32mPASS PATTERN NO.1183[0m, [0;33mLatency:      3[0m
[0;32mPASS PATTERN NO.1184[0m, [0;33mLatency:      3[0m
[0;32mPASS PATTERN NO.1185[0m, [0;33mLatency:      3[0m
[0;32mPASS PATTERN NO.1186[0m, [0;33mLatency:      3[0m
[0;32mPASS PATTERN NO.1187[0m, [0;33mLatency:      3[0m
[0;32mPASS PATTERN NO.1188[0m, [0;33mLatency:      3[0m
[0;32mPASS PATTERN NO.1189[0m, [0;33mLatency:      3[0m
[0;32mPASS PATTERN NO.1190[0m, [0;33mLatency:      3[0m
[0;32mPASS PATTERN NO.1191[0m, [0;33mLatency:      3[0m
[0;32mPASS PATTERN NO.1192[0m, [0;33mLatency:      3[0m
[0;32mPASS PATTERN NO.1193[0m, [0;33mLatency:      3[0m
[0;32mPASS PATTERN NO.1194[0m, [0;33mLatency:      3[0m
[0;32mPASS PATTERN NO.1195[0m, [0;33mLatency:      3[0m
[0;32mPASS PATTERN NO.1196[0m, [0;33mLatency:      3[0m
[0;32mPASS PATTERN NO.1197[0m, [0;33mLatency:      3[0m
[0;32mPASS PATTERN NO.1198[0m, [0;33mLatency:      3[0m
[0;32mPASS PATTERN NO.1199[0m, [0;33mLatency:      3[0m
[0;32mPASS PATTERN NO.1200[0m, [0;33mLatency:      3[0m
[0;32mPASS PATTERN NO.1201[0m, [0;33mLatency:      3[0m
[0;32mPASS PATTERN NO.1202[0m, [0;33mLatency:      3[0m
[0;32mPASS PATTERN NO.1203[0m, [0;33mLatency:      3[0m
[0;32mPASS PATTERN NO.1204[0m, [0;33mLatency:      3[0m
[0;32mPASS PATTERN NO.1205[0m, [0;33mLatency:      3[0m
[0;32mPASS PATTERN NO.1206[0m, [0;33mLatency:      3[0m
[0;32mPASS PATTERN NO.1207[0m, [0;33mLatency:      3[0m
[0;32mPASS PATTERN NO.1208[0m, [0;33mLatency:      3[0m
[0;32mPASS PATTERN NO.1209[0m, [0;33mLatency:      3[0m
[0;32mPASS PATTERN NO.1210[0m, [0;33mLatency:      3[0m
[0;32mPASS PATTERN NO.1211[0m, [0;33mLatency:      3[0m
[0;32mPASS PATTERN NO.1212[0m, [0;33mLatency:      3[0m
[0;32mPASS PATTERN NO.1213[0m, [0;33mLatency:      3[0m
[0;32mPASS PATTERN NO.1214[0m, [0;33mLatency:      3[0m
[0;32mPASS PATTERN NO.1215[0m, [0;33mLatency:      3[0m
[0;32mPASS PATTERN NO.1216[0m, [0;33mLatency:      3[0m
[0;32mPASS PATTERN NO.1217[0m, [0;33mLatency:      3[0m
[0;32mPASS PATTERN NO.1218[0m, [0;33mLatency:      3[0m
[0;32mPASS PATTERN NO.1219[0m, [0;33mLatency:      3[0m
[0;32mPASS PATTERN NO.1220[0m, [0;33mLatency:      3[0m
[0;32mPASS PATTERN NO.1221[0m, [0;33mLatency:      3[0m
[0;32mPASS PATTERN NO.1222[0m, [0;33mLatency:      3[0m
[0;32mPASS PATTERN NO.1223[0m, [0;33mLatency:      3[0m
[0;32mPASS PATTERN NO.1224[0m, [0;33mLatency:      3[0m
[0;32mPASS PATTERN NO.1225[0m, [0;33mLatency:      3[0m
[0;32mPASS PATTERN NO.1226[0m, [0;33mLatency:      3[0m
[0;32mPASS PATTERN NO.1227[0m, [0;33mLatency:      3[0m
[0;32mPASS PATTERN NO.1228[0m, [0;33mLatency:      3[0m
[0;32mPASS PATTERN NO.1229[0m, [0;33mLatency:      3[0m
[0;32mPASS PATTERN NO.1230[0m, [0;33mLatency:      3[0m
[0;32mPASS PATTERN NO.1231[0m, [0;33mLatency:      3[0m
[0;32mPASS PATTERN NO.1232[0m, [0;33mLatency:      3[0m
[0;32mPASS PATTERN NO.1233[0m, [0;33mLatency:      3[0m
[0;32mPASS PATTERN NO.1234[0m, [0;33mLatency:      3[0m
[0;32mPASS PATTERN NO.1235[0m, [0;33mLatency:      3[0m
[0;32mPASS PATTERN NO.1236[0m, [0;33mLatency:      3[0m
[0;32mPASS PATTERN NO.1237[0m, [0;33mLatency:      3[0m
[0;32mPASS PATTERN NO.1238[0m, [0;33mLatency:      3[0m
[0;32mPASS PATTERN NO.1239[0m, [0;33mLatency:      3[0m
[0;32mPASS PATTERN NO.1240[0m, [0;33mLatency:      3[0m
[0;32mPASS PATTERN NO.1241[0m, [0;33mLatency:      3[0m
[0;32mPASS PATTERN NO.1242[0m, [0;33mLatency:      3[0m
[0;32mPASS PATTERN NO.1243[0m, [0;33mLatency:      3[0m
[0;32mPASS PATTERN NO.1244[0m, [0;33mLatency:      3[0m
[0;32mPASS PATTERN NO.1245[0m, [0;33mLatency:      3[0m
[0;32mPASS PATTERN NO.1246[0m, [0;33mLatency:      3[0m
[0;32mPASS PATTERN NO.1247[0m, [0;33mLatency:      3[0m
[0;32mPASS PATTERN NO.1248[0m, [0;33mLatency:      3[0m
[0;32mPASS PATTERN NO.1249[0m, [0;33mLatency:      3[0m
[0;32mPASS PATTERN NO.1250[0m, [0;33mLatency:      3[0m
[0;32mPASS PATTERN NO.1251[0m, [0;33mLatency:      3[0m
[0;32mPASS PATTERN NO.1252[0m, [0;33mLatency:      3[0m
[0;32mPASS PATTERN NO.1253[0m, [0;33mLatency:      3[0m
[0;32mPASS PATTERN NO.1254[0m, [0;33mLatency:      3[0m
[0;32mPASS PATTERN NO.1255[0m, [0;33mLatency:      3[0m
[0;32mPASS PATTERN NO.1256[0m, [0;33mLatency:      3[0m
[0;32mPASS PATTERN NO.1257[0m, [0;33mLatency:      3[0m
[0;32mPASS PATTERN NO.1258[0m, [0;33mLatency:      3[0m
[0;32mPASS PATTERN NO.1259[0m, [0;33mLatency:      3[0m
[0;32mPASS PATTERN NO.1260[0m, [0;33mLatency:      3[0m
[0;32mPASS PATTERN NO.1261[0m, [0;33mLatency:      3[0m
[0;32mPASS PATTERN NO.1262[0m, [0;33mLatency:      3[0m
[0;32mPASS PATTERN NO.1263[0m, [0;33mLatency:      3[0m
[0;32mPASS PATTERN NO.1264[0m, [0;33mLatency:      3[0m
[0;32mPASS PATTERN NO.1265[0m, [0;33mLatency:      3[0m
[0;32mPASS PATTERN NO.1266[0m, [0;33mLatency:      3[0m
[0;32mPASS PATTERN NO.1267[0m, [0;33mLatency:      3[0m
[0;32mPASS PATTERN NO.1268[0m, [0;33mLatency:      3[0m
[0;32mPASS PATTERN NO.1269[0m, [0;33mLatency:      3[0m
[0;32mPASS PATTERN NO.1270[0m, [0;33mLatency:      3[0m
[0;32mPASS PATTERN NO.1271[0m, [0;33mLatency:      3[0m
[0;32mPASS PATTERN NO.1272[0m, [0;33mLatency:      3[0m
[0;32mPASS PATTERN NO.1273[0m, [0;33mLatency:      3[0m
[0;32mPASS PATTERN NO.1274[0m, [0;33mLatency:      3[0m
[0;32mPASS PATTERN NO.1275[0m, [0;33mLatency:      3[0m
[0;32mPASS PATTERN NO.1276[0m, [0;33mLatency:      3[0m
[0;32mPASS PATTERN NO.1277[0m, [0;33mLatency:      3[0m
[0;32mPASS PATTERN NO.1278[0m, [0;33mLatency:      3[0m
[0;32mPASS PATTERN NO.1279[0m, [0;33mLatency:      3[0m
[0;32mPASS PATTERN NO.1280[0m, [0;33mLatency:      3[0m
[0;32mPASS PATTERN NO.1281[0m, [0;33mLatency:      3[0m
[0;32mPASS PATTERN NO.1282[0m, [0;33mLatency:      3[0m
[0;32mPASS PATTERN NO.1283[0m, [0;33mLatency:      3[0m
[0;32mPASS PATTERN NO.1284[0m, [0;33mLatency:      3[0m
[0;32mPASS PATTERN NO.1285[0m, [0;33mLatency:      3[0m
[0;32mPASS PATTERN NO.1286[0m, [0;33mLatency:      3[0m
[0;32mPASS PATTERN NO.1287[0m, [0;33mLatency:      3[0m
[0;32mPASS PATTERN NO.1288[0m, [0;33mLatency:      3[0m
[0;32mPASS PATTERN NO.1289[0m, [0;33mLatency:      3[0m
[0;32mPASS PATTERN NO.1290[0m, [0;33mLatency:      3[0m
[0;32mPASS PATTERN NO.1291[0m, [0;33mLatency:      3[0m
[0;32mPASS PATTERN NO.1292[0m, [0;33mLatency:      3[0m
[0;32mPASS PATTERN NO.1293[0m, [0;33mLatency:      3[0m
[0;32mPASS PATTERN NO.1294[0m, [0;33mLatency:      3[0m
[0;32mPASS PATTERN NO.1295[0m, [0;33mLatency:      3[0m
[0;32mPASS PATTERN NO.1296[0m, [0;33mLatency:      3[0m
[0;32mPASS PATTERN NO.1297[0m, [0;33mLatency:      3[0m
[0;32mPASS PATTERN NO.1298[0m, [0;33mLatency:      3[0m
[0;32mPASS PATTERN NO.1299[0m, [0;33mLatency:      3[0m
[0;32mPASS PATTERN NO.1300[0m, [0;33mLatency:      3[0m
[0;32mPASS PATTERN NO.1301[0m, [0;33mLatency:      3[0m
[0;32mPASS PATTERN NO.1302[0m, [0;33mLatency:      3[0m
[0;32mPASS PATTERN NO.1303[0m, [0;33mLatency:      3[0m
[0;32mPASS PATTERN NO.1304[0m, [0;33mLatency:      3[0m
[0;32mPASS PATTERN NO.1305[0m, [0;33mLatency:      3[0m
[0;32mPASS PATTERN NO.1306[0m, [0;33mLatency:      3[0m
[0;32mPASS PATTERN NO.1307[0m, [0;33mLatency:      3[0m
[0;32mPASS PATTERN NO.1308[0m, [0;33mLatency:      3[0m
[0;32mPASS PATTERN NO.1309[0m, [0;33mLatency:      3[0m
[0;32mPASS PATTERN NO.1310[0m, [0;33mLatency:      3[0m
[0;32mPASS PATTERN NO.1311[0m, [0;33mLatency:      3[0m
[0;32mPASS PATTERN NO.1312[0m, [0;33mLatency:      3[0m
[0;32mPASS PATTERN NO.1313[0m, [0;33mLatency:      3[0m
[0;32mPASS PATTERN NO.1314[0m, [0;33mLatency:      3[0m
[0;32mPASS PATTERN NO.1315[0m, [0;33mLatency:      3[0m
[0;32mPASS PATTERN NO.1316[0m, [0;33mLatency:      3[0m
[0;32mPASS PATTERN NO.1317[0m, [0;33mLatency:      3[0m
[0;32mPASS PATTERN NO.1318[0m, [0;33mLatency:      3[0m
[0;32mPASS PATTERN NO.1319[0m, [0;33mLatency:      3[0m
[0;32mPASS PATTERN NO.1320[0m, [0;33mLatency:      3[0m
[0;32mPASS PATTERN NO.1321[0m, [0;33mLatency:      3[0m
[0;32mPASS PATTERN NO.1322[0m, [0;33mLatency:      3[0m
[0;32mPASS PATTERN NO.1323[0m, [0;33mLatency:      3[0m
[0;32mPASS PATTERN NO.1324[0m, [0;33mLatency:      3[0m
[0;32mPASS PATTERN NO.1325[0m, [0;33mLatency:      3[0m
[0;32mPASS PATTERN NO.1326[0m, [0;33mLatency:      3[0m
[0;32mPASS PATTERN NO.1327[0m, [0;33mLatency:      3[0m
[0;32mPASS PATTERN NO.1328[0m, [0;33mLatency:      3[0m
[0;32mPASS PATTERN NO.1329[0m, [0;33mLatency:      3[0m
[0;32mPASS PATTERN NO.1330[0m, [0;33mLatency:      3[0m
[0;32mPASS PATTERN NO.1331[0m, [0;33mLatency:      3[0m
[0;32mPASS PATTERN NO.1332[0m, [0;33mLatency:      3[0m
[0;32mPASS PATTERN NO.1333[0m, [0;33mLatency:      3[0m
[0;32mPASS PATTERN NO.1334[0m, [0;33mLatency:      3[0m
[0;32mPASS PATTERN NO.1335[0m, [0;33mLatency:      3[0m
[0;32mPASS PATTERN NO.1336[0m, [0;33mLatency:      3[0m
[0;32mPASS PATTERN NO.1337[0m, [0;33mLatency:      3[0m
[0;32mPASS PATTERN NO.1338[0m, [0;33mLatency:      3[0m
[0;32mPASS PATTERN NO.1339[0m, [0;33mLatency:      3[0m
[0;32mPASS PATTERN NO.1340[0m, [0;33mLatency:      3[0m
[0;32mPASS PATTERN NO.1341[0m, [0;33mLatency:      3[0m
[0;32mPASS PATTERN NO.1342[0m, [0;33mLatency:      3[0m
[0;32mPASS PATTERN NO.1343[0m, [0;33mLatency:      3[0m
[0;32mPASS PATTERN NO.1344[0m, [0;33mLatency:      3[0m
[0;32mPASS PATTERN NO.1345[0m, [0;33mLatency:      3[0m
[0;32mPASS PATTERN NO.1346[0m, [0;33mLatency:      3[0m
[0;32mPASS PATTERN NO.1347[0m, [0;33mLatency:      3[0m
[0;32mPASS PATTERN NO.1348[0m, [0;33mLatency:      3[0m
[0;32mPASS PATTERN NO.1349[0m, [0;33mLatency:      3[0m
[0;32mPASS PATTERN NO.1350[0m, [0;33mLatency:      3[0m
[0;32mPASS PATTERN NO.1351[0m, [0;33mLatency:      3[0m
[0;32mPASS PATTERN NO.1352[0m, [0;33mLatency:      3[0m
[0;32mPASS PATTERN NO.1353[0m, [0;33mLatency:      3[0m
[0;32mPASS PATTERN NO.1354[0m, [0;33mLatency:      3[0m
[0;32mPASS PATTERN NO.1355[0m, [0;33mLatency:      3[0m
[0;32mPASS PATTERN NO.1356[0m, [0;33mLatency:      3[0m
[0;32mPASS PATTERN NO.1357[0m, [0;33mLatency:      3[0m
[0;32mPASS PATTERN NO.1358[0m, [0;33mLatency:      3[0m
[0;32mPASS PATTERN NO.1359[0m, [0;33mLatency:      3[0m
[0;32mPASS PATTERN NO.1360[0m, [0;33mLatency:      3[0m
[0;32mPASS PATTERN NO.1361[0m, [0;33mLatency:      3[0m
[0;32mPASS PATTERN NO.1362[0m, [0;33mLatency:      3[0m
[0;32mPASS PATTERN NO.1363[0m, [0;33mLatency:      3[0m
[0;32mPASS PATTERN NO.1364[0m, [0;33mLatency:      3[0m
[0;32mPASS PATTERN NO.1365[0m, [0;33mLatency:      3[0m
[0;32mPASS PATTERN NO.1366[0m, [0;33mLatency:      3[0m
[0;32mPASS PATTERN NO.1367[0m, [0;33mLatency:      3[0m
[0;32mPASS PATTERN NO.1368[0m, [0;33mLatency:      3[0m
[0;32mPASS PATTERN NO.1369[0m, [0;33mLatency:      3[0m
[0;32mPASS PATTERN NO.1370[0m, [0;33mLatency:      3[0m
[0;32mPASS PATTERN NO.1371[0m, [0;33mLatency:      3[0m
[0;32mPASS PATTERN NO.1372[0m, [0;33mLatency:      3[0m
[0;32mPASS PATTERN NO.1373[0m, [0;33mLatency:      3[0m
[0;32mPASS PATTERN NO.1374[0m, [0;33mLatency:      3[0m
[0;32mPASS PATTERN NO.1375[0m, [0;33mLatency:      3[0m
[0;32mPASS PATTERN NO.1376[0m, [0;33mLatency:      3[0m
[0;32mPASS PATTERN NO.1377[0m, [0;33mLatency:      3[0m
[0;32mPASS PATTERN NO.1378[0m, [0;33mLatency:      3[0m
[0;32mPASS PATTERN NO.1379[0m, [0;33mLatency:      3[0m
[0;32mPASS PATTERN NO.1380[0m, [0;33mLatency:      3[0m
[0;32mPASS PATTERN NO.1381[0m, [0;33mLatency:      3[0m
[0;32mPASS PATTERN NO.1382[0m, [0;33mLatency:      3[0m
[0;32mPASS PATTERN NO.1383[0m, [0;33mLatency:      3[0m
[0;32mPASS PATTERN NO.1384[0m, [0;33mLatency:      3[0m
[0;32mPASS PATTERN NO.1385[0m, [0;33mLatency:      3[0m
[0;32mPASS PATTERN NO.1386[0m, [0;33mLatency:      3[0m
[0;32mPASS PATTERN NO.1387[0m, [0;33mLatency:      3[0m
[0;32mPASS PATTERN NO.1388[0m, [0;33mLatency:      3[0m
[0;32mPASS PATTERN NO.1389[0m, [0;33mLatency:      3[0m
[0;32mPASS PATTERN NO.1390[0m, [0;33mLatency:      3[0m
[0;32mPASS PATTERN NO.1391[0m, [0;33mLatency:      3[0m
[0;32mPASS PATTERN NO.1392[0m, [0;33mLatency:      3[0m
[0;32mPASS PATTERN NO.1393[0m, [0;33mLatency:      3[0m
[0;32mPASS PATTERN NO.1394[0m, [0;33mLatency:      3[0m
[0;32mPASS PATTERN NO.1395[0m, [0;33mLatency:      3[0m
[0;32mPASS PATTERN NO.1396[0m, [0;33mLatency:      3[0m
[0;32mPASS PATTERN NO.1397[0m, [0;33mLatency:      3[0m
[0;32mPASS PATTERN NO.1398[0m, [0;33mLatency:      3[0m
[0;32mPASS PATTERN NO.1399[0m, [0;33mLatency:      3[0m
[0;32mPASS PATTERN NO.1400[0m, [0;33mLatency:      3[0m
[0;32mPASS PATTERN NO.1401[0m, [0;33mLatency:      3[0m
[0;32mPASS PATTERN NO.1402[0m, [0;33mLatency:      3[0m
[0;32mPASS PATTERN NO.1403[0m, [0;33mLatency:      3[0m
[0;32mPASS PATTERN NO.1404[0m, [0;33mLatency:      3[0m
[0;32mPASS PATTERN NO.1405[0m, [0;33mLatency:      3[0m
[0;32mPASS PATTERN NO.1406[0m, [0;33mLatency:      3[0m
[0;32mPASS PATTERN NO.1407[0m, [0;33mLatency:      3[0m
[0;32mPASS PATTERN NO.1408[0m, [0;33mLatency:      3[0m
[0;32mPASS PATTERN NO.1409[0m, [0;33mLatency:      3[0m
[0;32mPASS PATTERN NO.1410[0m, [0;33mLatency:      3[0m
[0;32mPASS PATTERN NO.1411[0m, [0;33mLatency:      3[0m
[0;32mPASS PATTERN NO.1412[0m, [0;33mLatency:      3[0m
[0;32mPASS PATTERN NO.1413[0m, [0;33mLatency:      3[0m
[0;32mPASS PATTERN NO.1414[0m, [0;33mLatency:      3[0m
[0;32mPASS PATTERN NO.1415[0m, [0;33mLatency:      3[0m
[0;32mPASS PATTERN NO.1416[0m, [0;33mLatency:      3[0m
[0;32mPASS PATTERN NO.1417[0m, [0;33mLatency:      3[0m
[0;32mPASS PATTERN NO.1418[0m, [0;33mLatency:      3[0m
[0;32mPASS PATTERN NO.1419[0m, [0;33mLatency:      3[0m
[0;32mPASS PATTERN NO.1420[0m, [0;33mLatency:      3[0m
[0;32mPASS PATTERN NO.1421[0m, [0;33mLatency:      3[0m
[0;32mPASS PATTERN NO.1422[0m, [0;33mLatency:      3[0m
[0;32mPASS PATTERN NO.1423[0m, [0;33mLatency:      3[0m
[0;32mPASS PATTERN NO.1424[0m, [0;33mLatency:      3[0m
[0;32mPASS PATTERN NO.1425[0m, [0;33mLatency:      3[0m
[0;32mPASS PATTERN NO.1426[0m, [0;33mLatency:      3[0m
[0;32mPASS PATTERN NO.1427[0m, [0;33mLatency:      3[0m
[0;32mPASS PATTERN NO.1428[0m, [0;33mLatency:      3[0m
[0;32mPASS PATTERN NO.1429[0m, [0;33mLatency:      3[0m
[0;32mPASS PATTERN NO.1430[0m, [0;33mLatency:      3[0m
[0;32mPASS PATTERN NO.1431[0m, [0;33mLatency:      3[0m
[0;32mPASS PATTERN NO.1432[0m, [0;33mLatency:      3[0m
[0;32mPASS PATTERN NO.1433[0m, [0;33mLatency:      3[0m
[0;32mPASS PATTERN NO.1434[0m, [0;33mLatency:      3[0m
[0;32mPASS PATTERN NO.1435[0m, [0;33mLatency:      3[0m
[0;32mPASS PATTERN NO.1436[0m, [0;33mLatency:      3[0m
[0;32mPASS PATTERN NO.1437[0m, [0;33mLatency:      3[0m
[0;32mPASS PATTERN NO.1438[0m, [0;33mLatency:      3[0m
[0;32mPASS PATTERN NO.1439[0m, [0;33mLatency:      3[0m
[0;32mPASS PATTERN NO.1440[0m, [0;33mLatency:      3[0m
[0;32mPASS PATTERN NO.1441[0m, [0;33mLatency:      3[0m
[0;32mPASS PATTERN NO.1442[0m, [0;33mLatency:      3[0m
[0;32mPASS PATTERN NO.1443[0m, [0;33mLatency:      3[0m
[0;32mPASS PATTERN NO.1444[0m, [0;33mLatency:      3[0m
[0;32mPASS PATTERN NO.1445[0m, [0;33mLatency:      3[0m
[0;32mPASS PATTERN NO.1446[0m, [0;33mLatency:      3[0m
[0;32mPASS PATTERN NO.1447[0m, [0;33mLatency:      3[0m
[0;32mPASS PATTERN NO.1448[0m, [0;33mLatency:      3[0m
[0;32mPASS PATTERN NO.1449[0m, [0;33mLatency:      3[0m
[0;32mPASS PATTERN NO.1450[0m, [0;33mLatency:      3[0m
[0;32mPASS PATTERN NO.1451[0m, [0;33mLatency:      3[0m
[0;32mPASS PATTERN NO.1452[0m, [0;33mLatency:      3[0m
[0;32mPASS PATTERN NO.1453[0m, [0;33mLatency:      3[0m
[0;32mPASS PATTERN NO.1454[0m, [0;33mLatency:      3[0m
[0;32mPASS PATTERN NO.1455[0m, [0;33mLatency:      3[0m
[0;32mPASS PATTERN NO.1456[0m, [0;33mLatency:      3[0m
[0;32mPASS PATTERN NO.1457[0m, [0;33mLatency:      3[0m
[0;32mPASS PATTERN NO.1458[0m, [0;33mLatency:      3[0m
[0;32mPASS PATTERN NO.1459[0m, [0;33mLatency:      3[0m
[0;32mPASS PATTERN NO.1460[0m, [0;33mLatency:      3[0m
[0;32mPASS PATTERN NO.1461[0m, [0;33mLatency:      3[0m
[0;32mPASS PATTERN NO.1462[0m, [0;33mLatency:      3[0m
[0;32mPASS PATTERN NO.1463[0m, [0;33mLatency:      3[0m
[0;32mPASS PATTERN NO.1464[0m, [0;33mLatency:      3[0m
[0;32mPASS PATTERN NO.1465[0m, [0;33mLatency:      3[0m
[0;32mPASS PATTERN NO.1466[0m, [0;33mLatency:      3[0m
[0;32mPASS PATTERN NO.1467[0m, [0;33mLatency:      3[0m
[0;32mPASS PATTERN NO.1468[0m, [0;33mLatency:      3[0m
[0;32mPASS PATTERN NO.1469[0m, [0;33mLatency:      3[0m
[0;32mPASS PATTERN NO.1470[0m, [0;33mLatency:      3[0m
[0;32mPASS PATTERN NO.1471[0m, [0;33mLatency:      3[0m
[0;32mPASS PATTERN NO.1472[0m, [0;33mLatency:      3[0m
[0;32mPASS PATTERN NO.1473[0m, [0;33mLatency:      3[0m
[0;32mPASS PATTERN NO.1474[0m, [0;33mLatency:      3[0m
[0;32mPASS PATTERN NO.1475[0m, [0;33mLatency:      3[0m
[0;32mPASS PATTERN NO.1476[0m, [0;33mLatency:      3[0m
[0;32mPASS PATTERN NO.1477[0m, [0;33mLatency:      3[0m
[0;32mPASS PATTERN NO.1478[0m, [0;33mLatency:      3[0m
[0;32mPASS PATTERN NO.1479[0m, [0;33mLatency:      3[0m
[0;32mPASS PATTERN NO.1480[0m, [0;33mLatency:      3[0m
[0;32mPASS PATTERN NO.1481[0m, [0;33mLatency:      3[0m
[0;32mPASS PATTERN NO.1482[0m, [0;33mLatency:      3[0m
[0;32mPASS PATTERN NO.1483[0m, [0;33mLatency:      3[0m
[0;32mPASS PATTERN NO.1484[0m, [0;33mLatency:      3[0m
[0;32mPASS PATTERN NO.1485[0m, [0;33mLatency:      3[0m
[0;32mPASS PATTERN NO.1486[0m, [0;33mLatency:      3[0m
[0;32mPASS PATTERN NO.1487[0m, [0;33mLatency:      3[0m
[0;32mPASS PATTERN NO.1488[0m, [0;33mLatency:      3[0m
[0;32mPASS PATTERN NO.1489[0m, [0;33mLatency:      3[0m
[0;32mPASS PATTERN NO.1490[0m, [0;33mLatency:      3[0m
[0;32mPASS PATTERN NO.1491[0m, [0;33mLatency:      3[0m
[0;32mPASS PATTERN NO.1492[0m, [0;33mLatency:      3[0m
[0;32mPASS PATTERN NO.1493[0m, [0;33mLatency:      3[0m
[0;32mPASS PATTERN NO.1494[0m, [0;33mLatency:      3[0m
[0;32mPASS PATTERN NO.1495[0m, [0;33mLatency:      3[0m
[0;32mPASS PATTERN NO.1496[0m, [0;33mLatency:      3[0m
[0;32mPASS PATTERN NO.1497[0m, [0;33mLatency:      3[0m
[0;32mPASS PATTERN NO.1498[0m, [0;33mLatency:      3[0m
[0;32mPASS PATTERN NO.1499[0m, [0;33mLatency:      3[0m
[0;32mPASS PATTERN NO.1500[0m, [0;33mLatency:      3[0m
[0;32mPASS PATTERN NO.1501[0m, [0;33mLatency:      3[0m
[0;32mPASS PATTERN NO.1502[0m, [0;33mLatency:      3[0m
[0;32mPASS PATTERN NO.1503[0m, [0;33mLatency:      3[0m
[0;32mPASS PATTERN NO.1504[0m, [0;33mLatency:      3[0m
[0;32mPASS PATTERN NO.1505[0m, [0;33mLatency:      3[0m
[0;32mPASS PATTERN NO.1506[0m, [0;33mLatency:      3[0m
[0;32mPASS PATTERN NO.1507[0m, [0;33mLatency:      3[0m
[0;32mPASS PATTERN NO.1508[0m, [0;33mLatency:      3[0m
[0;32mPASS PATTERN NO.1509[0m, [0;33mLatency:      3[0m
[0;32mPASS PATTERN NO.1510[0m, [0;33mLatency:      3[0m
[0;32mPASS PATTERN NO.1511[0m, [0;33mLatency:      3[0m
[0;32mPASS PATTERN NO.1512[0m, [0;33mLatency:      3[0m
[0;32mPASS PATTERN NO.1513[0m, [0;33mLatency:      3[0m
[0;32mPASS PATTERN NO.1514[0m, [0;33mLatency:      3[0m
[0;32mPASS PATTERN NO.1515[0m, [0;33mLatency:      3[0m
[0;32mPASS PATTERN NO.1516[0m, [0;33mLatency:      3[0m
[0;32mPASS PATTERN NO.1517[0m, [0;33mLatency:      3[0m
[0;32mPASS PATTERN NO.1518[0m, [0;33mLatency:      3[0m
[0;32mPASS PATTERN NO.1519[0m, [0;33mLatency:      3[0m
[0;32mPASS PATTERN NO.1520[0m, [0;33mLatency:      3[0m
[0;32mPASS PATTERN NO.1521[0m, [0;33mLatency:      3[0m
[0;32mPASS PATTERN NO.1522[0m, [0;33mLatency:      3[0m
[0;32mPASS PATTERN NO.1523[0m, [0;33mLatency:      3[0m
[0;32mPASS PATTERN NO.1524[0m, [0;33mLatency:      3[0m
[0;32mPASS PATTERN NO.1525[0m, [0;33mLatency:      3[0m
[0;32mPASS PATTERN NO.1526[0m, [0;33mLatency:      3[0m
[0;32mPASS PATTERN NO.1527[0m, [0;33mLatency:      3[0m
[0;32mPASS PATTERN NO.1528[0m, [0;33mLatency:      3[0m
[0;32mPASS PATTERN NO.1529[0m, [0;33mLatency:      3[0m
[0;32mPASS PATTERN NO.1530[0m, [0;33mLatency:      3[0m
[0;32mPASS PATTERN NO.1531[0m, [0;33mLatency:      3[0m
[0;32mPASS PATTERN NO.1532[0m, [0;33mLatency:      3[0m
[0;32mPASS PATTERN NO.1533[0m, [0;33mLatency:      3[0m
[0;32mPASS PATTERN NO.1534[0m, [0;33mLatency:      3[0m
[0;32mPASS PATTERN NO.1535[0m, [0;33mLatency:      3[0m
[0;32mPASS PATTERN NO.1536[0m, [0;33mLatency:      3[0m
[0;32mPASS PATTERN NO.1537[0m, [0;33mLatency:      3[0m
[0;32mPASS PATTERN NO.1538[0m, [0;33mLatency:      3[0m
[0;32mPASS PATTERN NO.1539[0m, [0;33mLatency:      3[0m
[0;32mPASS PATTERN NO.1540[0m, [0;33mLatency:      3[0m
[0;32mPASS PATTERN NO.1541[0m, [0;33mLatency:      3[0m
[0;32mPASS PATTERN NO.1542[0m, [0;33mLatency:      3[0m
[0;32mPASS PATTERN NO.1543[0m, [0;33mLatency:      3[0m
[0;32mPASS PATTERN NO.1544[0m, [0;33mLatency:      3[0m
[0;32mPASS PATTERN NO.1545[0m, [0;33mLatency:      3[0m
[0;32mPASS PATTERN NO.1546[0m, [0;33mLatency:      3[0m
[0;32mPASS PATTERN NO.1547[0m, [0;33mLatency:      3[0m
[0;32mPASS PATTERN NO.1548[0m, [0;33mLatency:      3[0m
[0;32mPASS PATTERN NO.1549[0m, [0;33mLatency:      3[0m
[0;32mPASS PATTERN NO.1550[0m, [0;33mLatency:      3[0m
[0;32mPASS PATTERN NO.1551[0m, [0;33mLatency:      3[0m
[0;32mPASS PATTERN NO.1552[0m, [0;33mLatency:      3[0m
[0;32mPASS PATTERN NO.1553[0m, [0;33mLatency:      3[0m
[0;32mPASS PATTERN NO.1554[0m, [0;33mLatency:      3[0m
[0;32mPASS PATTERN NO.1555[0m, [0;33mLatency:      3[0m
[0;32mPASS PATTERN NO.1556[0m, [0;33mLatency:      3[0m
[0;32mPASS PATTERN NO.1557[0m, [0;33mLatency:      3[0m
[0;32mPASS PATTERN NO.1558[0m, [0;33mLatency:      3[0m
[0;32mPASS PATTERN NO.1559[0m, [0;33mLatency:      3[0m
[0;32mPASS PATTERN NO.1560[0m, [0;33mLatency:      3[0m
[0;32mPASS PATTERN NO.1561[0m, [0;33mLatency:      3[0m
[0;32mPASS PATTERN NO.1562[0m, [0;33mLatency:      3[0m
[0;32mPASS PATTERN NO.1563[0m, [0;33mLatency:      3[0m
[0;32mPASS PATTERN NO.1564[0m, [0;33mLatency:      3[0m
[0;32mPASS PATTERN NO.1565[0m, [0;33mLatency:      3[0m
[0;32mPASS PATTERN NO.1566[0m, [0;33mLatency:      3[0m
[0;32mPASS PATTERN NO.1567[0m, [0;33mLatency:      3[0m
[0;32mPASS PATTERN NO.1568[0m, [0;33mLatency:      3[0m
[0;32mPASS PATTERN NO.1569[0m, [0;33mLatency:      3[0m
[0;32mPASS PATTERN NO.1570[0m, [0;33mLatency:      3[0m
[0;32mPASS PATTERN NO.1571[0m, [0;33mLatency:      3[0m
[0;32mPASS PATTERN NO.1572[0m, [0;33mLatency:      3[0m
[0;32mPASS PATTERN NO.1573[0m, [0;33mLatency:      3[0m
[0;32mPASS PATTERN NO.1574[0m, [0;33mLatency:      3[0m
[0;32mPASS PATTERN NO.1575[0m, [0;33mLatency:      3[0m
[0;32mPASS PATTERN NO.1576[0m, [0;33mLatency:      3[0m
[0;32mPASS PATTERN NO.1577[0m, [0;33mLatency:      3[0m
[0;32mPASS PATTERN NO.1578[0m, [0;33mLatency:      3[0m
[0;32mPASS PATTERN NO.1579[0m, [0;33mLatency:      3[0m
[0;32mPASS PATTERN NO.1580[0m, [0;33mLatency:      3[0m
[0;32mPASS PATTERN NO.1581[0m, [0;33mLatency:      3[0m
[0;32mPASS PATTERN NO.1582[0m, [0;33mLatency:      3[0m
[0;32mPASS PATTERN NO.1583[0m, [0;33mLatency:      3[0m
[0;32mPASS PATTERN NO.1584[0m, [0;33mLatency:      3[0m
[0;32mPASS PATTERN NO.1585[0m, [0;33mLatency:      3[0m
[0;32mPASS PATTERN NO.1586[0m, [0;33mLatency:      3[0m
[0;32mPASS PATTERN NO.1587[0m, [0;33mLatency:      3[0m
[0;32mPASS PATTERN NO.1588[0m, [0;33mLatency:      3[0m
[0;32mPASS PATTERN NO.1589[0m, [0;33mLatency:      3[0m
[0;32mPASS PATTERN NO.1590[0m, [0;33mLatency:      3[0m
[0;32mPASS PATTERN NO.1591[0m, [0;33mLatency:      3[0m
[0;32mPASS PATTERN NO.1592[0m, [0;33mLatency:      3[0m
[0;32mPASS PATTERN NO.1593[0m, [0;33mLatency:      3[0m
[0;32mPASS PATTERN NO.1594[0m, [0;33mLatency:      3[0m
[0;32mPASS PATTERN NO.1595[0m, [0;33mLatency:      3[0m
[0;32mPASS PATTERN NO.1596[0m, [0;33mLatency:      3[0m
[0;32mPASS PATTERN NO.1597[0m, [0;33mLatency:      3[0m
[0;32mPASS PATTERN NO.1598[0m, [0;33mLatency:      3[0m
[0;32mPASS PATTERN NO.1599[0m, [0;33mLatency:      3[0m
[0;32mPASS PATTERN NO.1600[0m, [0;33mLatency:      3[0m
[0;32mPASS PATTERN NO.1601[0m, [0;33mLatency:      3[0m
[0;32mPASS PATTERN NO.1602[0m, [0;33mLatency:      3[0m
[0;32mPASS PATTERN NO.1603[0m, [0;33mLatency:      3[0m
[0;32mPASS PATTERN NO.1604[0m, [0;33mLatency:      3[0m
[0;32mPASS PATTERN NO.1605[0m, [0;33mLatency:      3[0m
[0;32mPASS PATTERN NO.1606[0m, [0;33mLatency:      3[0m
[0;32mPASS PATTERN NO.1607[0m, [0;33mLatency:      3[0m
[0;32mPASS PATTERN NO.1608[0m, [0;33mLatency:      3[0m
[0;32mPASS PATTERN NO.1609[0m, [0;33mLatency:      3[0m
[0;32mPASS PATTERN NO.1610[0m, [0;33mLatency:      3[0m
[0;32mPASS PATTERN NO.1611[0m, [0;33mLatency:      3[0m
[0;32mPASS PATTERN NO.1612[0m, [0;33mLatency:      3[0m
[0;32mPASS PATTERN NO.1613[0m, [0;33mLatency:      3[0m
[0;32mPASS PATTERN NO.1614[0m, [0;33mLatency:      3[0m
[0;32mPASS PATTERN NO.1615[0m, [0;33mLatency:      3[0m
[0;32mPASS PATTERN NO.1616[0m, [0;33mLatency:      3[0m
[0;32mPASS PATTERN NO.1617[0m, [0;33mLatency:      3[0m
[0;32mPASS PATTERN NO.1618[0m, [0;33mLatency:      3[0m
[0;32mPASS PATTERN NO.1619[0m, [0;33mLatency:      3[0m
[0;32mPASS PATTERN NO.1620[0m, [0;33mLatency:      3[0m
[0;32mPASS PATTERN NO.1621[0m, [0;33mLatency:      3[0m
[0;32mPASS PATTERN NO.1622[0m, [0;33mLatency:      3[0m
[0;32mPASS PATTERN NO.1623[0m, [0;33mLatency:      3[0m
[0;32mPASS PATTERN NO.1624[0m, [0;33mLatency:      3[0m
[0;32mPASS PATTERN NO.1625[0m, [0;33mLatency:      3[0m
[0;32mPASS PATTERN NO.1626[0m, [0;33mLatency:      3[0m
[0;32mPASS PATTERN NO.1627[0m, [0;33mLatency:      3[0m
[0;32mPASS PATTERN NO.1628[0m, [0;33mLatency:      3[0m
[0;32mPASS PATTERN NO.1629[0m, [0;33mLatency:      3[0m
[0;32mPASS PATTERN NO.1630[0m, [0;33mLatency:      3[0m
[0;32mPASS PATTERN NO.1631[0m, [0;33mLatency:      3[0m
[0;32mPASS PATTERN NO.1632[0m, [0;33mLatency:      3[0m
[0;32mPASS PATTERN NO.1633[0m, [0;33mLatency:      3[0m
[0;32mPASS PATTERN NO.1634[0m, [0;33mLatency:      3[0m
[0;32mPASS PATTERN NO.1635[0m, [0;33mLatency:      3[0m
[0;32mPASS PATTERN NO.1636[0m, [0;33mLatency:      3[0m
[0;32mPASS PATTERN NO.1637[0m, [0;33mLatency:      3[0m
[0;32mPASS PATTERN NO.1638[0m, [0;33mLatency:      3[0m
[0;32mPASS PATTERN NO.1639[0m, [0;33mLatency:      3[0m
[0;32mPASS PATTERN NO.1640[0m, [0;33mLatency:      3[0m
[0;32mPASS PATTERN NO.1641[0m, [0;33mLatency:      3[0m
[0;32mPASS PATTERN NO.1642[0m, [0;33mLatency:      3[0m
[0;32mPASS PATTERN NO.1643[0m, [0;33mLatency:      3[0m
[0;32mPASS PATTERN NO.1644[0m, [0;33mLatency:      3[0m
[0;32mPASS PATTERN NO.1645[0m, [0;33mLatency:      3[0m
[0;32mPASS PATTERN NO.1646[0m, [0;33mLatency:      3[0m
[0;32mPASS PATTERN NO.1647[0m, [0;33mLatency:      3[0m
[0;32mPASS PATTERN NO.1648[0m, [0;33mLatency:      3[0m
[0;32mPASS PATTERN NO.1649[0m, [0;33mLatency:      3[0m
[0;32mPASS PATTERN NO.1650[0m, [0;33mLatency:      3[0m
[0;32mPASS PATTERN NO.1651[0m, [0;33mLatency:      3[0m
[0;32mPASS PATTERN NO.1652[0m, [0;33mLatency:      3[0m
[0;32mPASS PATTERN NO.1653[0m, [0;33mLatency:      3[0m
[0;32mPASS PATTERN NO.1654[0m, [0;33mLatency:      3[0m
[0;32mPASS PATTERN NO.1655[0m, [0;33mLatency:      3[0m
[0;32mPASS PATTERN NO.1656[0m, [0;33mLatency:      3[0m
[0;32mPASS PATTERN NO.1657[0m, [0;33mLatency:      3[0m
[0;32mPASS PATTERN NO.1658[0m, [0;33mLatency:      3[0m
[0;32mPASS PATTERN NO.1659[0m, [0;33mLatency:      3[0m
[0;32mPASS PATTERN NO.1660[0m, [0;33mLatency:      3[0m
[0;32mPASS PATTERN NO.1661[0m, [0;33mLatency:      3[0m
[0;32mPASS PATTERN NO.1662[0m, [0;33mLatency:      3[0m
[0;32mPASS PATTERN NO.1663[0m, [0;33mLatency:      3[0m
[0;32mPASS PATTERN NO.1664[0m, [0;33mLatency:      3[0m
[0;32mPASS PATTERN NO.1665[0m, [0;33mLatency:      3[0m
[0;32mPASS PATTERN NO.1666[0m, [0;33mLatency:      3[0m
[0;32mPASS PATTERN NO.1667[0m, [0;33mLatency:      3[0m
[0;32mPASS PATTERN NO.1668[0m, [0;33mLatency:      3[0m
[0;32mPASS PATTERN NO.1669[0m, [0;33mLatency:      3[0m
[0;32mPASS PATTERN NO.1670[0m, [0;33mLatency:      3[0m
[0;32mPASS PATTERN NO.1671[0m, [0;33mLatency:      3[0m
[0;32mPASS PATTERN NO.1672[0m, [0;33mLatency:      3[0m
[0;32mPASS PATTERN NO.1673[0m, [0;33mLatency:      3[0m
[0;32mPASS PATTERN NO.1674[0m, [0;33mLatency:      3[0m
[0;32mPASS PATTERN NO.1675[0m, [0;33mLatency:      3[0m
[0;32mPASS PATTERN NO.1676[0m, [0;33mLatency:      3[0m
[0;32mPASS PATTERN NO.1677[0m, [0;33mLatency:      3[0m
[0;32mPASS PATTERN NO.1678[0m, [0;33mLatency:      3[0m
[0;32mPASS PATTERN NO.1679[0m, [0;33mLatency:      3[0m
[0;32mPASS PATTERN NO.1680[0m, [0;33mLatency:      3[0m
[0;32mPASS PATTERN NO.1681[0m, [0;33mLatency:      3[0m
[0;32mPASS PATTERN NO.1682[0m, [0;33mLatency:      3[0m
[0;32mPASS PATTERN NO.1683[0m, [0;33mLatency:      3[0m
[0;32mPASS PATTERN NO.1684[0m, [0;33mLatency:      3[0m
[0;32mPASS PATTERN NO.1685[0m, [0;33mLatency:      3[0m
[0;32mPASS PATTERN NO.1686[0m, [0;33mLatency:      3[0m
[0;32mPASS PATTERN NO.1687[0m, [0;33mLatency:      3[0m
[0;32mPASS PATTERN NO.1688[0m, [0;33mLatency:      3[0m
[0;32mPASS PATTERN NO.1689[0m, [0;33mLatency:      3[0m
[0;32mPASS PATTERN NO.1690[0m, [0;33mLatency:      3[0m
[0;32mPASS PATTERN NO.1691[0m, [0;33mLatency:      3[0m
[0;32mPASS PATTERN NO.1692[0m, [0;33mLatency:      3[0m
[0;32mPASS PATTERN NO.1693[0m, [0;33mLatency:      3[0m
[0;32mPASS PATTERN NO.1694[0m, [0;33mLatency:      3[0m
[0;32mPASS PATTERN NO.1695[0m, [0;33mLatency:      3[0m
[0;32mPASS PATTERN NO.1696[0m, [0;33mLatency:      3[0m
[0;32mPASS PATTERN NO.1697[0m, [0;33mLatency:      3[0m
[0;32mPASS PATTERN NO.1698[0m, [0;33mLatency:      3[0m
[0;32mPASS PATTERN NO.1699[0m, [0;33mLatency:      3[0m
[0;32mPASS PATTERN NO.1700[0m, [0;33mLatency:      3[0m
[0;32mPASS PATTERN NO.1701[0m, [0;33mLatency:      3[0m
[0;32mPASS PATTERN NO.1702[0m, [0;33mLatency:      3[0m
[0;32mPASS PATTERN NO.1703[0m, [0;33mLatency:      3[0m
[0;32mPASS PATTERN NO.1704[0m, [0;33mLatency:      3[0m
[0;32mPASS PATTERN NO.1705[0m, [0;33mLatency:      3[0m
[0;32mPASS PATTERN NO.1706[0m, [0;33mLatency:      3[0m
[0;32mPASS PATTERN NO.1707[0m, [0;33mLatency:      3[0m
[0;32mPASS PATTERN NO.1708[0m, [0;33mLatency:      3[0m
[0;32mPASS PATTERN NO.1709[0m, [0;33mLatency:      3[0m
[0;32mPASS PATTERN NO.1710[0m, [0;33mLatency:      3[0m
[0;32mPASS PATTERN NO.1711[0m, [0;33mLatency:      3[0m
[0;32mPASS PATTERN NO.1712[0m, [0;33mLatency:      3[0m
[0;32mPASS PATTERN NO.1713[0m, [0;33mLatency:      3[0m
[0;32mPASS PATTERN NO.1714[0m, [0;33mLatency:      3[0m
[0;32mPASS PATTERN NO.1715[0m, [0;33mLatency:      3[0m
[0;32mPASS PATTERN NO.1716[0m, [0;33mLatency:      3[0m
[0;32mPASS PATTERN NO.1717[0m, [0;33mLatency:      3[0m
[0;32mPASS PATTERN NO.1718[0m, [0;33mLatency:      3[0m
[0;32mPASS PATTERN NO.1719[0m, [0;33mLatency:      3[0m
[0;32mPASS PATTERN NO.1720[0m, [0;33mLatency:      3[0m
[0;32mPASS PATTERN NO.1721[0m, [0;33mLatency:      3[0m
[0;32mPASS PATTERN NO.1722[0m, [0;33mLatency:      3[0m
[0;32mPASS PATTERN NO.1723[0m, [0;33mLatency:      3[0m
[0;32mPASS PATTERN NO.1724[0m, [0;33mLatency:      3[0m
[0;32mPASS PATTERN NO.1725[0m, [0;33mLatency:      3[0m
[0;32mPASS PATTERN NO.1726[0m, [0;33mLatency:      3[0m
[0;32mPASS PATTERN NO.1727[0m, [0;33mLatency:      3[0m
[0;32mPASS PATTERN NO.1728[0m, [0;33mLatency:      3[0m
[0;32mPASS PATTERN NO.1729[0m, [0;33mLatency:      3[0m
[0;32mPASS PATTERN NO.1730[0m, [0;33mLatency:      3[0m
[0;32mPASS PATTERN NO.1731[0m, [0;33mLatency:      3[0m
[0;32mPASS PATTERN NO.1732[0m, [0;33mLatency:      3[0m
[0;32mPASS PATTERN NO.1733[0m, [0;33mLatency:      3[0m
[0;32mPASS PATTERN NO.1734[0m, [0;33mLatency:      3[0m
[0;32mPASS PATTERN NO.1735[0m, [0;33mLatency:      3[0m
[0;32mPASS PATTERN NO.1736[0m, [0;33mLatency:      3[0m
[0;32mPASS PATTERN NO.1737[0m, [0;33mLatency:      3[0m
[0;32mPASS PATTERN NO.1738[0m, [0;33mLatency:      3[0m
[0;32mPASS PATTERN NO.1739[0m, [0;33mLatency:      3[0m
[0;32mPASS PATTERN NO.1740[0m, [0;33mLatency:      3[0m
[0;32mPASS PATTERN NO.1741[0m, [0;33mLatency:      3[0m
[0;32mPASS PATTERN NO.1742[0m, [0;33mLatency:      3[0m
[0;32mPASS PATTERN NO.1743[0m, [0;33mLatency:      3[0m
[0;32mPASS PATTERN NO.1744[0m, [0;33mLatency:      3[0m
[0;32mPASS PATTERN NO.1745[0m, [0;33mLatency:      3[0m
[0;32mPASS PATTERN NO.1746[0m, [0;33mLatency:      3[0m
[0;32mPASS PATTERN NO.1747[0m, [0;33mLatency:      3[0m
[0;32mPASS PATTERN NO.1748[0m, [0;33mLatency:      3[0m
[0;32mPASS PATTERN NO.1749[0m, [0;33mLatency:      3[0m
[0;32mPASS PATTERN NO.1750[0m, [0;33mLatency:      3[0m
[0;32mPASS PATTERN NO.1751[0m, [0;33mLatency:      3[0m
[0;32mPASS PATTERN NO.1752[0m, [0;33mLatency:      3[0m
[0;32mPASS PATTERN NO.1753[0m, [0;33mLatency:      3[0m
[0;32mPASS PATTERN NO.1754[0m, [0;33mLatency:      3[0m
[0;32mPASS PATTERN NO.1755[0m, [0;33mLatency:      3[0m
[0;32mPASS PATTERN NO.1756[0m, [0;33mLatency:      3[0m
[0;32mPASS PATTERN NO.1757[0m, [0;33mLatency:      3[0m
[0;32mPASS PATTERN NO.1758[0m, [0;33mLatency:      3[0m
[0;32mPASS PATTERN NO.1759[0m, [0;33mLatency:      3[0m
[0;32mPASS PATTERN NO.1760[0m, [0;33mLatency:      3[0m
[0;32mPASS PATTERN NO.1761[0m, [0;33mLatency:      3[0m
[0;32mPASS PATTERN NO.1762[0m, [0;33mLatency:      3[0m
[0;32mPASS PATTERN NO.1763[0m, [0;33mLatency:      3[0m
[0;32mPASS PATTERN NO.1764[0m, [0;33mLatency:      3[0m
[0;32mPASS PATTERN NO.1765[0m, [0;33mLatency:      3[0m
[0;32mPASS PATTERN NO.1766[0m, [0;33mLatency:      3[0m
[0;32mPASS PATTERN NO.1767[0m, [0;33mLatency:      3[0m
[0;32mPASS PATTERN NO.1768[0m, [0;33mLatency:      3[0m
[0;32mPASS PATTERN NO.1769[0m, [0;33mLatency:      3[0m
[0;32mPASS PATTERN NO.1770[0m, [0;33mLatency:      3[0m
[0;32mPASS PATTERN NO.1771[0m, [0;33mLatency:      3[0m
[0;32mPASS PATTERN NO.1772[0m, [0;33mLatency:      3[0m
[0;32mPASS PATTERN NO.1773[0m, [0;33mLatency:      3[0m
[0;32mPASS PATTERN NO.1774[0m, [0;33mLatency:      3[0m
[0;32mPASS PATTERN NO.1775[0m, [0;33mLatency:      3[0m
[0;32mPASS PATTERN NO.1776[0m, [0;33mLatency:      3[0m
[0;32mPASS PATTERN NO.1777[0m, [0;33mLatency:      3[0m
[0;32mPASS PATTERN NO.1778[0m, [0;33mLatency:      3[0m
[0;32mPASS PATTERN NO.1779[0m, [0;33mLatency:      3[0m
[0;32mPASS PATTERN NO.1780[0m, [0;33mLatency:      3[0m
[0;32mPASS PATTERN NO.1781[0m, [0;33mLatency:      3[0m
[0;32mPASS PATTERN NO.1782[0m, [0;33mLatency:      3[0m
[0;32mPASS PATTERN NO.1783[0m, [0;33mLatency:      3[0m
[0;32mPASS PATTERN NO.1784[0m, [0;33mLatency:      3[0m
[0;32mPASS PATTERN NO.1785[0m, [0;33mLatency:      3[0m
[0;32mPASS PATTERN NO.1786[0m, [0;33mLatency:      3[0m
[0;32mPASS PATTERN NO.1787[0m, [0;33mLatency:      3[0m
[0;32mPASS PATTERN NO.1788[0m, [0;33mLatency:      3[0m
[0;32mPASS PATTERN NO.1789[0m, [0;33mLatency:      3[0m
[0;32mPASS PATTERN NO.1790[0m, [0;33mLatency:      3[0m
[0;32mPASS PATTERN NO.1791[0m, [0;33mLatency:      3[0m
[0;32mPASS PATTERN NO.1792[0m, [0;33mLatency:      3[0m
[0;32mPASS PATTERN NO.1793[0m, [0;33mLatency:      3[0m
[0;32mPASS PATTERN NO.1794[0m, [0;33mLatency:      3[0m
[0;32mPASS PATTERN NO.1795[0m, [0;33mLatency:      3[0m
[0;32mPASS PATTERN NO.1796[0m, [0;33mLatency:      3[0m
[0;32mPASS PATTERN NO.1797[0m, [0;33mLatency:      3[0m
[0;32mPASS PATTERN NO.1798[0m, [0;33mLatency:      3[0m
[0;32mPASS PATTERN NO.1799[0m, [0;33mLatency:      3[0m
[0;32mPASS PATTERN NO.1800[0m, [0;33mLatency:      3[0m
[0;32mPASS PATTERN NO.1801[0m, [0;33mLatency:      3[0m
[0;32mPASS PATTERN NO.1802[0m, [0;33mLatency:      3[0m
[0;32mPASS PATTERN NO.1803[0m, [0;33mLatency:      3[0m
[0;32mPASS PATTERN NO.1804[0m, [0;33mLatency:      3[0m
[0;32mPASS PATTERN NO.1805[0m, [0;33mLatency:      3[0m
[0;32mPASS PATTERN NO.1806[0m, [0;33mLatency:      3[0m
[0;32mPASS PATTERN NO.1807[0m, [0;33mLatency:      3[0m
[0;32mPASS PATTERN NO.1808[0m, [0;33mLatency:      3[0m
[0;32mPASS PATTERN NO.1809[0m, [0;33mLatency:      3[0m
[0;32mPASS PATTERN NO.1810[0m, [0;33mLatency:      3[0m
[0;32mPASS PATTERN NO.1811[0m, [0;33mLatency:      3[0m
[0;32mPASS PATTERN NO.1812[0m, [0;33mLatency:      3[0m
[0;32mPASS PATTERN NO.1813[0m, [0;33mLatency:      3[0m
[0;32mPASS PATTERN NO.1814[0m, [0;33mLatency:      3[0m
[0;32mPASS PATTERN NO.1815[0m, [0;33mLatency:      3[0m
[0;32mPASS PATTERN NO.1816[0m, [0;33mLatency:      3[0m
[0;32mPASS PATTERN NO.1817[0m, [0;33mLatency:      3[0m
[0;32mPASS PATTERN NO.1818[0m, [0;33mLatency:      3[0m
[0;32mPASS PATTERN NO.1819[0m, [0;33mLatency:      3[0m
[0;32mPASS PATTERN NO.1820[0m, [0;33mLatency:      3[0m
[0;32mPASS PATTERN NO.1821[0m, [0;33mLatency:      3[0m
[0;32mPASS PATTERN NO.1822[0m, [0;33mLatency:      3[0m
[0;32mPASS PATTERN NO.1823[0m, [0;33mLatency:      3[0m
[0;32mPASS PATTERN NO.1824[0m, [0;33mLatency:      3[0m
[0;32mPASS PATTERN NO.1825[0m, [0;33mLatency:      3[0m
[0;32mPASS PATTERN NO.1826[0m, [0;33mLatency:      3[0m
[0;32mPASS PATTERN NO.1827[0m, [0;33mLatency:      3[0m
[0;32mPASS PATTERN NO.1828[0m, [0;33mLatency:      3[0m
[0;32mPASS PATTERN NO.1829[0m, [0;33mLatency:      3[0m
[0;32mPASS PATTERN NO.1830[0m, [0;33mLatency:      3[0m
[0;32mPASS PATTERN NO.1831[0m, [0;33mLatency:      3[0m
[0;32mPASS PATTERN NO.1832[0m, [0;33mLatency:      3[0m
[0;32mPASS PATTERN NO.1833[0m, [0;33mLatency:      3[0m
[0;32mPASS PATTERN NO.1834[0m, [0;33mLatency:      3[0m
[0;32mPASS PATTERN NO.1835[0m, [0;33mLatency:      3[0m
[0;32mPASS PATTERN NO.1836[0m, [0;33mLatency:      3[0m
[0;32mPASS PATTERN NO.1837[0m, [0;33mLatency:      3[0m
[0;32mPASS PATTERN NO.1838[0m, [0;33mLatency:      3[0m
[0;32mPASS PATTERN NO.1839[0m, [0;33mLatency:      3[0m
[0;32mPASS PATTERN NO.1840[0m, [0;33mLatency:      3[0m
[0;32mPASS PATTERN NO.1841[0m, [0;33mLatency:      3[0m
[0;32mPASS PATTERN NO.1842[0m, [0;33mLatency:      3[0m
[0;32mPASS PATTERN NO.1843[0m, [0;33mLatency:      3[0m
[0;32mPASS PATTERN NO.1844[0m, [0;33mLatency:      3[0m
[0;32mPASS PATTERN NO.1845[0m, [0;33mLatency:      3[0m
[0;32mPASS PATTERN NO.1846[0m, [0;33mLatency:      3[0m
[0;32mPASS PATTERN NO.1847[0m, [0;33mLatency:      3[0m
[0;32mPASS PATTERN NO.1848[0m, [0;33mLatency:      3[0m
[0;32mPASS PATTERN NO.1849[0m, [0;33mLatency:      3[0m
[0;32mPASS PATTERN NO.1850[0m, [0;33mLatency:      3[0m
[0;32mPASS PATTERN NO.1851[0m, [0;33mLatency:      3[0m
[0;32mPASS PATTERN NO.1852[0m, [0;33mLatency:      3[0m
[0;32mPASS PATTERN NO.1853[0m, [0;33mLatency:      3[0m
[0;32mPASS PATTERN NO.1854[0m, [0;33mLatency:      3[0m
[0;32mPASS PATTERN NO.1855[0m, [0;33mLatency:      3[0m
[0;32mPASS PATTERN NO.1856[0m, [0;33mLatency:      3[0m
[0;32mPASS PATTERN NO.1857[0m, [0;33mLatency:      3[0m
[0;32mPASS PATTERN NO.1858[0m, [0;33mLatency:      3[0m
[0;32mPASS PATTERN NO.1859[0m, [0;33mLatency:      3[0m
[0;32mPASS PATTERN NO.1860[0m, [0;33mLatency:      3[0m
[0;32mPASS PATTERN NO.1861[0m, [0;33mLatency:      3[0m
[0;32mPASS PATTERN NO.1862[0m, [0;33mLatency:      3[0m
[0;32mPASS PATTERN NO.1863[0m, [0;33mLatency:      3[0m
[0;32mPASS PATTERN NO.1864[0m, [0;33mLatency:      3[0m
[0;32mPASS PATTERN NO.1865[0m, [0;33mLatency:      3[0m
[0;32mPASS PATTERN NO.1866[0m, [0;33mLatency:      3[0m
[0;32mPASS PATTERN NO.1867[0m, [0;33mLatency:      3[0m
[0;32mPASS PATTERN NO.1868[0m, [0;33mLatency:      3[0m
[0;32mPASS PATTERN NO.1869[0m, [0;33mLatency:      3[0m
[0;32mPASS PATTERN NO.1870[0m, [0;33mLatency:      3[0m
[0;32mPASS PATTERN NO.1871[0m, [0;33mLatency:      3[0m
[0;32mPASS PATTERN NO.1872[0m, [0;33mLatency:      3[0m
[0;32mPASS PATTERN NO.1873[0m, [0;33mLatency:      3[0m
[0;32mPASS PATTERN NO.1874[0m, [0;33mLatency:      3[0m
[0;32mPASS PATTERN NO.1875[0m, [0;33mLatency:      3[0m
[0;32mPASS PATTERN NO.1876[0m, [0;33mLatency:      3[0m
[0;32mPASS PATTERN NO.1877[0m, [0;33mLatency:      3[0m
[0;32mPASS PATTERN NO.1878[0m, [0;33mLatency:      3[0m
[0;32mPASS PATTERN NO.1879[0m, [0;33mLatency:      3[0m
[0;32mPASS PATTERN NO.1880[0m, [0;33mLatency:      3[0m
[0;32mPASS PATTERN NO.1881[0m, [0;33mLatency:      3[0m
[0;32mPASS PATTERN NO.1882[0m, [0;33mLatency:      3[0m
[0;32mPASS PATTERN NO.1883[0m, [0;33mLatency:      3[0m
[0;32mPASS PATTERN NO.1884[0m, [0;33mLatency:      3[0m
[0;32mPASS PATTERN NO.1885[0m, [0;33mLatency:      3[0m
[0;32mPASS PATTERN NO.1886[0m, [0;33mLatency:      3[0m
[0;32mPASS PATTERN NO.1887[0m, [0;33mLatency:      3[0m
[0;32mPASS PATTERN NO.1888[0m, [0;33mLatency:      3[0m
[0;32mPASS PATTERN NO.1889[0m, [0;33mLatency:      3[0m
[0;32mPASS PATTERN NO.1890[0m, [0;33mLatency:      3[0m
[0;32mPASS PATTERN NO.1891[0m, [0;33mLatency:      3[0m
[0;32mPASS PATTERN NO.1892[0m, [0;33mLatency:      3[0m
[0;32mPASS PATTERN NO.1893[0m, [0;33mLatency:      3[0m
[0;32mPASS PATTERN NO.1894[0m, [0;33mLatency:      3[0m
[0;32mPASS PATTERN NO.1895[0m, [0;33mLatency:      3[0m
[0;32mPASS PATTERN NO.1896[0m, [0;33mLatency:      3[0m
[0;32mPASS PATTERN NO.1897[0m, [0;33mLatency:      3[0m
[0;32mPASS PATTERN NO.1898[0m, [0;33mLatency:      3[0m
[0;32mPASS PATTERN NO.1899[0m, [0;33mLatency:      3[0m
[0;32mPASS PATTERN NO.1900[0m, [0;33mLatency:      3[0m
[0;32mPASS PATTERN NO.1901[0m, [0;33mLatency:      3[0m
[0;32mPASS PATTERN NO.1902[0m, [0;33mLatency:      3[0m
[0;32mPASS PATTERN NO.1903[0m, [0;33mLatency:      3[0m
[0;32mPASS PATTERN NO.1904[0m, [0;33mLatency:      3[0m
[0;32mPASS PATTERN NO.1905[0m, [0;33mLatency:      3[0m
[0;32mPASS PATTERN NO.1906[0m, [0;33mLatency:      3[0m
[0;32mPASS PATTERN NO.1907[0m, [0;33mLatency:      3[0m
[0;32mPASS PATTERN NO.1908[0m, [0;33mLatency:      3[0m
[0;32mPASS PATTERN NO.1909[0m, [0;33mLatency:      3[0m
[0;32mPASS PATTERN NO.1910[0m, [0;33mLatency:      3[0m
[0;32mPASS PATTERN NO.1911[0m, [0;33mLatency:      3[0m
[0;32mPASS PATTERN NO.1912[0m, [0;33mLatency:      3[0m
[0;32mPASS PATTERN NO.1913[0m, [0;33mLatency:      3[0m
[0;32mPASS PATTERN NO.1914[0m, [0;33mLatency:      3[0m
[0;32mPASS PATTERN NO.1915[0m, [0;33mLatency:      3[0m
[0;32mPASS PATTERN NO.1916[0m, [0;33mLatency:      3[0m
[0;32mPASS PATTERN NO.1917[0m, [0;33mLatency:      3[0m
[0;32mPASS PATTERN NO.1918[0m, [0;33mLatency:      3[0m
[0;32mPASS PATTERN NO.1919[0m, [0;33mLatency:      3[0m
[0;32mPASS PATTERN NO.1920[0m, [0;33mLatency:      3[0m
[0;32mPASS PATTERN NO.1921[0m, [0;33mLatency:      3[0m
[0;32mPASS PATTERN NO.1922[0m, [0;33mLatency:      3[0m
[0;32mPASS PATTERN NO.1923[0m, [0;33mLatency:      3[0m
[0;32mPASS PATTERN NO.1924[0m, [0;33mLatency:      3[0m
[0;32mPASS PATTERN NO.1925[0m, [0;33mLatency:      3[0m
[0;32mPASS PATTERN NO.1926[0m, [0;33mLatency:      3[0m
[0;32mPASS PATTERN NO.1927[0m, [0;33mLatency:      3[0m
[0;32mPASS PATTERN NO.1928[0m, [0;33mLatency:      3[0m
[0;32mPASS PATTERN NO.1929[0m, [0;33mLatency:      3[0m
[0;32mPASS PATTERN NO.1930[0m, [0;33mLatency:      3[0m
[0;32mPASS PATTERN NO.1931[0m, [0;33mLatency:      3[0m
[0;32mPASS PATTERN NO.1932[0m, [0;33mLatency:      3[0m
[0;32mPASS PATTERN NO.1933[0m, [0;33mLatency:      3[0m
[0;32mPASS PATTERN NO.1934[0m, [0;33mLatency:      3[0m
[0;32mPASS PATTERN NO.1935[0m, [0;33mLatency:      3[0m
[0;32mPASS PATTERN NO.1936[0m, [0;33mLatency:      3[0m
[0;32mPASS PATTERN NO.1937[0m, [0;33mLatency:      3[0m
[0;32mPASS PATTERN NO.1938[0m, [0;33mLatency:      3[0m
[0;32mPASS PATTERN NO.1939[0m, [0;33mLatency:      3[0m
[0;32mPASS PATTERN NO.1940[0m, [0;33mLatency:      3[0m
[0;32mPASS PATTERN NO.1941[0m, [0;33mLatency:      3[0m
[0;32mPASS PATTERN NO.1942[0m, [0;33mLatency:      3[0m
[0;32mPASS PATTERN NO.1943[0m, [0;33mLatency:      3[0m
[0;32mPASS PATTERN NO.1944[0m, [0;33mLatency:      3[0m
[0;32mPASS PATTERN NO.1945[0m, [0;33mLatency:      3[0m
[0;32mPASS PATTERN NO.1946[0m, [0;33mLatency:      3[0m
[0;32mPASS PATTERN NO.1947[0m, [0;33mLatency:      3[0m
[0;32mPASS PATTERN NO.1948[0m, [0;33mLatency:      3[0m
[0;32mPASS PATTERN NO.1949[0m, [0;33mLatency:      3[0m
[0;32mPASS PATTERN NO.1950[0m, [0;33mLatency:      3[0m
[0;32mPASS PATTERN NO.1951[0m, [0;33mLatency:      3[0m
[0;32mPASS PATTERN NO.1952[0m, [0;33mLatency:      3[0m
[0;32mPASS PATTERN NO.1953[0m, [0;33mLatency:      3[0m
[0;32mPASS PATTERN NO.1954[0m, [0;33mLatency:      3[0m
[0;32mPASS PATTERN NO.1955[0m, [0;33mLatency:      3[0m
[0;32mPASS PATTERN NO.1956[0m, [0;33mLatency:      3[0m
[0;32mPASS PATTERN NO.1957[0m, [0;33mLatency:      3[0m
[0;32mPASS PATTERN NO.1958[0m, [0;33mLatency:      3[0m
[0;32mPASS PATTERN NO.1959[0m, [0;33mLatency:      3[0m
[0;32mPASS PATTERN NO.1960[0m, [0;33mLatency:      3[0m
[0;32mPASS PATTERN NO.1961[0m, [0;33mLatency:      3[0m
[0;32mPASS PATTERN NO.1962[0m, [0;33mLatency:      3[0m
[0;32mPASS PATTERN NO.1963[0m, [0;33mLatency:      3[0m
[0;32mPASS PATTERN NO.1964[0m, [0;33mLatency:      3[0m
[0;32mPASS PATTERN NO.1965[0m, [0;33mLatency:      3[0m
[0;32mPASS PATTERN NO.1966[0m, [0;33mLatency:      3[0m
[0;32mPASS PATTERN NO.1967[0m, [0;33mLatency:      3[0m
[0;32mPASS PATTERN NO.1968[0m, [0;33mLatency:      3[0m
[0;32mPASS PATTERN NO.1969[0m, [0;33mLatency:      3[0m
[0;32mPASS PATTERN NO.1970[0m, [0;33mLatency:      3[0m
[0;32mPASS PATTERN NO.1971[0m, [0;33mLatency:      3[0m
[0;32mPASS PATTERN NO.1972[0m, [0;33mLatency:      3[0m
[0;32mPASS PATTERN NO.1973[0m, [0;33mLatency:      3[0m
[0;32mPASS PATTERN NO.1974[0m, [0;33mLatency:      3[0m
[0;32mPASS PATTERN NO.1975[0m, [0;33mLatency:      3[0m
[0;32mPASS PATTERN NO.1976[0m, [0;33mLatency:      3[0m
[0;32mPASS PATTERN NO.1977[0m, [0;33mLatency:      3[0m
[0;32mPASS PATTERN NO.1978[0m, [0;33mLatency:      3[0m
[0;32mPASS PATTERN NO.1979[0m, [0;33mLatency:      3[0m
[0;32mPASS PATTERN NO.1980[0m, [0;33mLatency:      3[0m
[0;32mPASS PATTERN NO.1981[0m, [0;33mLatency:      3[0m
[0;32mPASS PATTERN NO.1982[0m, [0;33mLatency:      3[0m
[0;32mPASS PATTERN NO.1983[0m, [0;33mLatency:      3[0m
[0;32mPASS PATTERN NO.1984[0m, [0;33mLatency:      3[0m
[0;32mPASS PATTERN NO.1985[0m, [0;33mLatency:      3[0m
[0;32mPASS PATTERN NO.1986[0m, [0;33mLatency:      3[0m
[0;32mPASS PATTERN NO.1987[0m, [0;33mLatency:      3[0m
[0;32mPASS PATTERN NO.1988[0m, [0;33mLatency:      3[0m
[0;32mPASS PATTERN NO.1989[0m, [0;33mLatency:      3[0m
[0;32mPASS PATTERN NO.1990[0m, [0;33mLatency:      3[0m
[0;32mPASS PATTERN NO.1991[0m, [0;33mLatency:      3[0m
[0;32mPASS PATTERN NO.1992[0m, [0;33mLatency:      3[0m
[0;32mPASS PATTERN NO.1993[0m, [0;33mLatency:      3[0m
[0;32mPASS PATTERN NO.1994[0m, [0;33mLatency:      3[0m
[0;32mPASS PATTERN NO.1995[0m, [0;33mLatency:      3[0m
[0;32mPASS PATTERN NO.1996[0m, [0;33mLatency:      3[0m
[0;32mPASS PATTERN NO.1997[0m, [0;33mLatency:      3[0m
[0;32mPASS PATTERN NO.1998[0m, [0;33mLatency:      3[0m
[0;32mPASS PATTERN NO.1999[0m, [0;33mLatency:      3[0m
[0;32mPASS PATTERN NO.2000[0m, [0;33mLatency:      3[0m
[0;32mPASS PATTERN NO.2001[0m, [0;33mLatency:      3[0m
[0;32mPASS PATTERN NO.2002[0m, [0;33mLatency:      3[0m
[0;32mPASS PATTERN NO.2003[0m, [0;33mLatency:      3[0m
[0;32mPASS PATTERN NO.2004[0m, [0;33mLatency:      3[0m
[0;32mPASS PATTERN NO.2005[0m, [0;33mLatency:      3[0m
[0;32mPASS PATTERN NO.2006[0m, [0;33mLatency:      3[0m
[0;32mPASS PATTERN NO.2007[0m, [0;33mLatency:      3[0m
[0;32mPASS PATTERN NO.2008[0m, [0;33mLatency:      3[0m
[0;32mPASS PATTERN NO.2009[0m, [0;33mLatency:      3[0m
[0;32mPASS PATTERN NO.2010[0m, [0;33mLatency:      3[0m
[0;32mPASS PATTERN NO.2011[0m, [0;33mLatency:      3[0m
[0;32mPASS PATTERN NO.2012[0m, [0;33mLatency:      3[0m
[0;32mPASS PATTERN NO.2013[0m, [0;33mLatency:      3[0m
[0;32mPASS PATTERN NO.2014[0m, [0;33mLatency:      3[0m
[0;32mPASS PATTERN NO.2015[0m, [0;33mLatency:      3[0m
[0;32mPASS PATTERN NO.2016[0m, [0;33mLatency:      3[0m
[0;32mPASS PATTERN NO.2017[0m, [0;33mLatency:      3[0m
[0;32mPASS PATTERN NO.2018[0m, [0;33mLatency:      3[0m
[0;32mPASS PATTERN NO.2019[0m, [0;33mLatency:      3[0m
[0;32mPASS PATTERN NO.2020[0m, [0;33mLatency:      3[0m
[0;32mPASS PATTERN NO.2021[0m, [0;33mLatency:      3[0m
[0;32mPASS PATTERN NO.2022[0m, [0;33mLatency:      3[0m
[0;32mPASS PATTERN NO.2023[0m, [0;33mLatency:      3[0m
[0;32mPASS PATTERN NO.2024[0m, [0;33mLatency:      3[0m
[0;32mPASS PATTERN NO.2025[0m, [0;33mLatency:      3[0m
[0;32mPASS PATTERN NO.2026[0m, [0;33mLatency:      3[0m
[0;32mPASS PATTERN NO.2027[0m, [0;33mLatency:      3[0m
[0;32mPASS PATTERN NO.2028[0m, [0;33mLatency:      3[0m
[0;32mPASS PATTERN NO.2029[0m, [0;33mLatency:      3[0m
[0;32mPASS PATTERN NO.2030[0m, [0;33mLatency:      3[0m
[0;32mPASS PATTERN NO.2031[0m, [0;33mLatency:      3[0m
[0;32mPASS PATTERN NO.2032[0m, [0;33mLatency:      3[0m
[0;32mPASS PATTERN NO.2033[0m, [0;33mLatency:      3[0m
[0;32mPASS PATTERN NO.2034[0m, [0;33mLatency:      3[0m
[0;32mPASS PATTERN NO.2035[0m, [0;33mLatency:      3[0m
[0;32mPASS PATTERN NO.2036[0m, [0;33mLatency:      3[0m
[0;32mPASS PATTERN NO.2037[0m, [0;33mLatency:      3[0m
[0;32mPASS PATTERN NO.2038[0m, [0;33mLatency:      3[0m
[0;32mPASS PATTERN NO.2039[0m, [0;33mLatency:      3[0m
[0;32mPASS PATTERN NO.2040[0m, [0;33mLatency:      3[0m
[0;32mPASS PATTERN NO.2041[0m, [0;33mLatency:      3[0m
[0;32mPASS PATTERN NO.2042[0m, [0;33mLatency:      3[0m
[0;32mPASS PATTERN NO.2043[0m, [0;33mLatency:      3[0m
[0;32mPASS PATTERN NO.2044[0m, [0;33mLatency:      3[0m
[0;32mPASS PATTERN NO.2045[0m, [0;33mLatency:      3[0m
[0;32mPASS PATTERN NO.2046[0m, [0;33mLatency:      3[0m
[0;32mPASS PATTERN NO.2047[0m, [0;33mLatency:      3[0m
[0;32mPASS PATTERN NO.2048[0m, [0;33mLatency:      3[0m
[0;32mPASS PATTERN NO.2049[0m, [0;33mLatency:      3[0m
[0;32mPASS PATTERN NO.2050[0m, [0;33mLatency:      3[0m
[0;32mPASS PATTERN NO.2051[0m, [0;33mLatency:      3[0m
[0;32mPASS PATTERN NO.2052[0m, [0;33mLatency:      3[0m
[0;32mPASS PATTERN NO.2053[0m, [0;33mLatency:      3[0m
[0;32mPASS PATTERN NO.2054[0m, [0;33mLatency:      3[0m
[0;32mPASS PATTERN NO.2055[0m, [0;33mLatency:      3[0m
[0;32mPASS PATTERN NO.2056[0m, [0;33mLatency:      3[0m
[0;32mPASS PATTERN NO.2057[0m, [0;33mLatency:      3[0m
[0;32mPASS PATTERN NO.2058[0m, [0;33mLatency:      3[0m
[0;32mPASS PATTERN NO.2059[0m, [0;33mLatency:      3[0m
[0;32mPASS PATTERN NO.2060[0m, [0;33mLatency:      3[0m
[0;32mPASS PATTERN NO.2061[0m, [0;33mLatency:      3[0m
[0;32mPASS PATTERN NO.2062[0m, [0;33mLatency:      3[0m
[0;32mPASS PATTERN NO.2063[0m, [0;33mLatency:      3[0m
[0;32mPASS PATTERN NO.2064[0m, [0;33mLatency:      3[0m
[0;32mPASS PATTERN NO.2065[0m, [0;33mLatency:      3[0m
[0;32mPASS PATTERN NO.2066[0m, [0;33mLatency:      3[0m
[0;32mPASS PATTERN NO.2067[0m, [0;33mLatency:      3[0m
[0;32mPASS PATTERN NO.2068[0m, [0;33mLatency:      3[0m
[0;32mPASS PATTERN NO.2069[0m, [0;33mLatency:      3[0m
[0;32mPASS PATTERN NO.2070[0m, [0;33mLatency:      3[0m
[0;32mPASS PATTERN NO.2071[0m, [0;33mLatency:      3[0m
[0;32mPASS PATTERN NO.2072[0m, [0;33mLatency:      3[0m
[0;32mPASS PATTERN NO.2073[0m, [0;33mLatency:      3[0m
[0;32mPASS PATTERN NO.2074[0m, [0;33mLatency:      3[0m
[0;32mPASS PATTERN NO.2075[0m, [0;33mLatency:      3[0m
[0;32mPASS PATTERN NO.2076[0m, [0;33mLatency:      3[0m
[0;32mPASS PATTERN NO.2077[0m, [0;33mLatency:      3[0m
[0;32mPASS PATTERN NO.2078[0m, [0;33mLatency:      3[0m
[0;32mPASS PATTERN NO.2079[0m, [0;33mLatency:      3[0m
[0;32mPASS PATTERN NO.2080[0m, [0;33mLatency:      3[0m
[0;32mPASS PATTERN NO.2081[0m, [0;33mLatency:      3[0m
[0;32mPASS PATTERN NO.2082[0m, [0;33mLatency:      3[0m
[0;32mPASS PATTERN NO.2083[0m, [0;33mLatency:      3[0m
[0;32mPASS PATTERN NO.2084[0m, [0;33mLatency:      3[0m
[0;32mPASS PATTERN NO.2085[0m, [0;33mLatency:      3[0m
[0;32mPASS PATTERN NO.2086[0m, [0;33mLatency:      3[0m
[0;32mPASS PATTERN NO.2087[0m, [0;33mLatency:      3[0m
[0;32mPASS PATTERN NO.2088[0m, [0;33mLatency:      3[0m
[0;32mPASS PATTERN NO.2089[0m, [0;33mLatency:      3[0m
[0;32mPASS PATTERN NO.2090[0m, [0;33mLatency:      3[0m
[0;32mPASS PATTERN NO.2091[0m, [0;33mLatency:      3[0m
[0;32mPASS PATTERN NO.2092[0m, [0;33mLatency:      3[0m
[0;32mPASS PATTERN NO.2093[0m, [0;33mLatency:      3[0m
[0;32mPASS PATTERN NO.2094[0m, [0;33mLatency:      3[0m
[0;32mPASS PATTERN NO.2095[0m, [0;33mLatency:      3[0m
[0;32mPASS PATTERN NO.2096[0m, [0;33mLatency:      3[0m
[0;32mPASS PATTERN NO.2097[0m, [0;33mLatency:      3[0m
[0;32mPASS PATTERN NO.2098[0m, [0;33mLatency:      3[0m
[0;32mPASS PATTERN NO.2099[0m, [0;33mLatency:      3[0m
[0;32mPASS PATTERN NO.2100[0m, [0;33mLatency:      3[0m
[0;32mPASS PATTERN NO.2101[0m, [0;33mLatency:      3[0m
[0;32mPASS PATTERN NO.2102[0m, [0;33mLatency:      3[0m
[0;32mPASS PATTERN NO.2103[0m, [0;33mLatency:      3[0m
[0;32mPASS PATTERN NO.2104[0m, [0;33mLatency:      3[0m
[0;32mPASS PATTERN NO.2105[0m, [0;33mLatency:      3[0m
[0;32mPASS PATTERN NO.2106[0m, [0;33mLatency:      3[0m
[0;32mPASS PATTERN NO.2107[0m, [0;33mLatency:      3[0m
[0;32mPASS PATTERN NO.2108[0m, [0;33mLatency:      3[0m
[0;32mPASS PATTERN NO.2109[0m, [0;33mLatency:      3[0m
[0;32mPASS PATTERN NO.2110[0m, [0;33mLatency:      3[0m
[0;32mPASS PATTERN NO.2111[0m, [0;33mLatency:      3[0m
[0;32mPASS PATTERN NO.2112[0m, [0;33mLatency:      3[0m
[0;32mPASS PATTERN NO.2113[0m, [0;33mLatency:      3[0m
[0;32mPASS PATTERN NO.2114[0m, [0;33mLatency:      3[0m
[0;32mPASS PATTERN NO.2115[0m, [0;33mLatency:      3[0m
[0;32mPASS PATTERN NO.2116[0m, [0;33mLatency:      3[0m
[0;32mPASS PATTERN NO.2117[0m, [0;33mLatency:      3[0m
[0;32mPASS PATTERN NO.2118[0m, [0;33mLatency:      3[0m
[0;32mPASS PATTERN NO.2119[0m, [0;33mLatency:      3[0m
[0;32mPASS PATTERN NO.2120[0m, [0;33mLatency:      3[0m
[0;32mPASS PATTERN NO.2121[0m, [0;33mLatency:      3[0m
[0;32mPASS PATTERN NO.2122[0m, [0;33mLatency:      3[0m
[0;32mPASS PATTERN NO.2123[0m, [0;33mLatency:      3[0m
[0;32mPASS PATTERN NO.2124[0m, [0;33mLatency:      3[0m
[0;32mPASS PATTERN NO.2125[0m, [0;33mLatency:      3[0m
[0;32mPASS PATTERN NO.2126[0m, [0;33mLatency:      3[0m
[0;32mPASS PATTERN NO.2127[0m, [0;33mLatency:      3[0m
[0;32mPASS PATTERN NO.2128[0m, [0;33mLatency:      3[0m
[0;32mPASS PATTERN NO.2129[0m, [0;33mLatency:      3[0m
[0;32mPASS PATTERN NO.2130[0m, [0;33mLatency:      3[0m
[0;32mPASS PATTERN NO.2131[0m, [0;33mLatency:      3[0m
[0;32mPASS PATTERN NO.2132[0m, [0;33mLatency:      3[0m
[0;32mPASS PATTERN NO.2133[0m, [0;33mLatency:      3[0m
[0;32mPASS PATTERN NO.2134[0m, [0;33mLatency:      3[0m
[0;32mPASS PATTERN NO.2135[0m, [0;33mLatency:      3[0m
[0;32mPASS PATTERN NO.2136[0m, [0;33mLatency:      3[0m
[0;32mPASS PATTERN NO.2137[0m, [0;33mLatency:      3[0m
[0;32mPASS PATTERN NO.2138[0m, [0;33mLatency:      3[0m
[0;32mPASS PATTERN NO.2139[0m, [0;33mLatency:      3[0m
[0;32mPASS PATTERN NO.2140[0m, [0;33mLatency:      3[0m
[0;32mPASS PATTERN NO.2141[0m, [0;33mLatency:      3[0m
[0;32mPASS PATTERN NO.2142[0m, [0;33mLatency:      3[0m
[0;32mPASS PATTERN NO.2143[0m, [0;33mLatency:      3[0m
[0;32mPASS PATTERN NO.2144[0m, [0;33mLatency:      3[0m
[0;32mPASS PATTERN NO.2145[0m, [0;33mLatency:      3[0m
[0;32mPASS PATTERN NO.2146[0m, [0;33mLatency:      3[0m
[0;32mPASS PATTERN NO.2147[0m, [0;33mLatency:      3[0m
[0;32mPASS PATTERN NO.2148[0m, [0;33mLatency:      3[0m
[0;32mPASS PATTERN NO.2149[0m, [0;33mLatency:      3[0m
[0;32mPASS PATTERN NO.2150[0m, [0;33mLatency:      3[0m
[0;32mPASS PATTERN NO.2151[0m, [0;33mLatency:      3[0m
[0;32mPASS PATTERN NO.2152[0m, [0;33mLatency:      3[0m
[0;32mPASS PATTERN NO.2153[0m, [0;33mLatency:      3[0m
[0;32mPASS PATTERN NO.2154[0m, [0;33mLatency:      3[0m
[0;32mPASS PATTERN NO.2155[0m, [0;33mLatency:      3[0m
[0;32mPASS PATTERN NO.2156[0m, [0;33mLatency:      3[0m
[0;32mPASS PATTERN NO.2157[0m, [0;33mLatency:      3[0m
[0;32mPASS PATTERN NO.2158[0m, [0;33mLatency:      3[0m
[0;32mPASS PATTERN NO.2159[0m, [0;33mLatency:      3[0m
[0;32mPASS PATTERN NO.2160[0m, [0;33mLatency:      3[0m
[0;32mPASS PATTERN NO.2161[0m, [0;33mLatency:      3[0m
[0;32mPASS PATTERN NO.2162[0m, [0;33mLatency:      3[0m
[0;32mPASS PATTERN NO.2163[0m, [0;33mLatency:      3[0m
[0;32mPASS PATTERN NO.2164[0m, [0;33mLatency:      3[0m
[0;32mPASS PATTERN NO.2165[0m, [0;33mLatency:      3[0m
[0;32mPASS PATTERN NO.2166[0m, [0;33mLatency:      3[0m
[0;32mPASS PATTERN NO.2167[0m, [0;33mLatency:      3[0m
[0;32mPASS PATTERN NO.2168[0m, [0;33mLatency:      3[0m
[0;32mPASS PATTERN NO.2169[0m, [0;33mLatency:      3[0m
[0;32mPASS PATTERN NO.2170[0m, [0;33mLatency:      3[0m
[0;32mPASS PATTERN NO.2171[0m, [0;33mLatency:      3[0m
[0;32mPASS PATTERN NO.2172[0m, [0;33mLatency:      3[0m
[0;32mPASS PATTERN NO.2173[0m, [0;33mLatency:      3[0m
[0;32mPASS PATTERN NO.2174[0m, [0;33mLatency:      3[0m
[0;32mPASS PATTERN NO.2175[0m, [0;33mLatency:      3[0m
[0;32mPASS PATTERN NO.2176[0m, [0;33mLatency:      3[0m
[0;32mPASS PATTERN NO.2177[0m, [0;33mLatency:      3[0m
[0;32mPASS PATTERN NO.2178[0m, [0;33mLatency:      3[0m
[0;32mPASS PATTERN NO.2179[0m, [0;33mLatency:      3[0m
[0;32mPASS PATTERN NO.2180[0m, [0;33mLatency:      3[0m
[0;32mPASS PATTERN NO.2181[0m, [0;33mLatency:      3[0m
[0;32mPASS PATTERN NO.2182[0m, [0;33mLatency:      3[0m
[0;32mPASS PATTERN NO.2183[0m, [0;33mLatency:      3[0m
[0;32mPASS PATTERN NO.2184[0m, [0;33mLatency:      3[0m
[0;32mPASS PATTERN NO.2185[0m, [0;33mLatency:      3[0m
[0;32mPASS PATTERN NO.2186[0m, [0;33mLatency:      3[0m
[0;32mPASS PATTERN NO.2187[0m, [0;33mLatency:      3[0m
[0;32mPASS PATTERN NO.2188[0m, [0;33mLatency:      3[0m
[0;32mPASS PATTERN NO.2189[0m, [0;33mLatency:      3[0m
[0;32mPASS PATTERN NO.2190[0m, [0;33mLatency:      3[0m
[0;32mPASS PATTERN NO.2191[0m, [0;33mLatency:      3[0m
[0;32mPASS PATTERN NO.2192[0m, [0;33mLatency:      3[0m
[0;32mPASS PATTERN NO.2193[0m, [0;33mLatency:      3[0m
[0;32mPASS PATTERN NO.2194[0m, [0;33mLatency:      3[0m
[0;32mPASS PATTERN NO.2195[0m, [0;33mLatency:      3[0m
[0;32mPASS PATTERN NO.2196[0m, [0;33mLatency:      3[0m
[0;32mPASS PATTERN NO.2197[0m, [0;33mLatency:      3[0m
[0;32mPASS PATTERN NO.2198[0m, [0;33mLatency:      3[0m
[0;32mPASS PATTERN NO.2199[0m, [0;33mLatency:      3[0m
[0;32mPASS PATTERN NO.2200[0m, [0;33mLatency:      3[0m
[0;32mPASS PATTERN NO.2201[0m, [0;33mLatency:      3[0m
[0;32mPASS PATTERN NO.2202[0m, [0;33mLatency:      3[0m
[0;32mPASS PATTERN NO.2203[0m, [0;33mLatency:      3[0m
[0;32mPASS PATTERN NO.2204[0m, [0;33mLatency:      3[0m
[0;32mPASS PATTERN NO.2205[0m, [0;33mLatency:      3[0m
[0;32mPASS PATTERN NO.2206[0m, [0;33mLatency:      3[0m
[0;32mPASS PATTERN NO.2207[0m, [0;33mLatency:      3[0m
[0;32mPASS PATTERN NO.2208[0m, [0;33mLatency:      3[0m
[0;32mPASS PATTERN NO.2209[0m, [0;33mLatency:      3[0m
[0;32mPASS PATTERN NO.2210[0m, [0;33mLatency:      3[0m
[0;32mPASS PATTERN NO.2211[0m, [0;33mLatency:      3[0m
[0;32mPASS PATTERN NO.2212[0m, [0;33mLatency:      3[0m
[0;32mPASS PATTERN NO.2213[0m, [0;33mLatency:      3[0m
[0;32mPASS PATTERN NO.2214[0m, [0;33mLatency:      3[0m
[0;32mPASS PATTERN NO.2215[0m, [0;33mLatency:      3[0m
[0;32mPASS PATTERN NO.2216[0m, [0;33mLatency:      3[0m
[0;32mPASS PATTERN NO.2217[0m, [0;33mLatency:      3[0m
[0;32mPASS PATTERN NO.2218[0m, [0;33mLatency:      3[0m
[0;32mPASS PATTERN NO.2219[0m, [0;33mLatency:      3[0m
[0;32mPASS PATTERN NO.2220[0m, [0;33mLatency:      3[0m
[0;32mPASS PATTERN NO.2221[0m, [0;33mLatency:      3[0m
[0;32mPASS PATTERN NO.2222[0m, [0;33mLatency:      3[0m
[0;32mPASS PATTERN NO.2223[0m, [0;33mLatency:      3[0m
[0;32mPASS PATTERN NO.2224[0m, [0;33mLatency:      3[0m
[0;32mPASS PATTERN NO.2225[0m, [0;33mLatency:      3[0m
[0;32mPASS PATTERN NO.2226[0m, [0;33mLatency:      3[0m
[0;32mPASS PATTERN NO.2227[0m, [0;33mLatency:      3[0m
[0;32mPASS PATTERN NO.2228[0m, [0;33mLatency:      3[0m
[0;32mPASS PATTERN NO.2229[0m, [0;33mLatency:      3[0m
[0;32mPASS PATTERN NO.2230[0m, [0;33mLatency:      3[0m
[0;32mPASS PATTERN NO.2231[0m, [0;33mLatency:      3[0m
[0;32mPASS PATTERN NO.2232[0m, [0;33mLatency:      3[0m
[0;32mPASS PATTERN NO.2233[0m, [0;33mLatency:      3[0m
[0;32mPASS PATTERN NO.2234[0m, [0;33mLatency:      3[0m
[0;32mPASS PATTERN NO.2235[0m, [0;33mLatency:      3[0m
[0;32mPASS PATTERN NO.2236[0m, [0;33mLatency:      3[0m
[0;32mPASS PATTERN NO.2237[0m, [0;33mLatency:      3[0m
[0;32mPASS PATTERN NO.2238[0m, [0;33mLatency:      3[0m
[0;32mPASS PATTERN NO.2239[0m, [0;33mLatency:      3[0m
[0;32mPASS PATTERN NO.2240[0m, [0;33mLatency:      3[0m
[0;32mPASS PATTERN NO.2241[0m, [0;33mLatency:      3[0m
[0;32mPASS PATTERN NO.2242[0m, [0;33mLatency:      3[0m
[0;32mPASS PATTERN NO.2243[0m, [0;33mLatency:      3[0m
[0;32mPASS PATTERN NO.2244[0m, [0;33mLatency:      3[0m
[0;32mPASS PATTERN NO.2245[0m, [0;33mLatency:      3[0m
[0;32mPASS PATTERN NO.2246[0m, [0;33mLatency:      3[0m
[0;32mPASS PATTERN NO.2247[0m, [0;33mLatency:      3[0m
[0;32mPASS PATTERN NO.2248[0m, [0;33mLatency:      3[0m
[0;32mPASS PATTERN NO.2249[0m, [0;33mLatency:      3[0m
[0;32mPASS PATTERN NO.2250[0m, [0;33mLatency:      3[0m
[0;32mPASS PATTERN NO.2251[0m, [0;33mLatency:      3[0m
[0;32mPASS PATTERN NO.2252[0m, [0;33mLatency:      3[0m
[0;32mPASS PATTERN NO.2253[0m, [0;33mLatency:      3[0m
[0;32mPASS PATTERN NO.2254[0m, [0;33mLatency:      3[0m
[0;32mPASS PATTERN NO.2255[0m, [0;33mLatency:      3[0m
[0;32mPASS PATTERN NO.2256[0m, [0;33mLatency:      3[0m
[0;32mPASS PATTERN NO.2257[0m, [0;33mLatency:      3[0m
[0;32mPASS PATTERN NO.2258[0m, [0;33mLatency:      3[0m
[0;32mPASS PATTERN NO.2259[0m, [0;33mLatency:      3[0m
[0;32mPASS PATTERN NO.2260[0m, [0;33mLatency:      3[0m
[0;32mPASS PATTERN NO.2261[0m, [0;33mLatency:      3[0m
[0;32mPASS PATTERN NO.2262[0m, [0;33mLatency:      3[0m
[0;32mPASS PATTERN NO.2263[0m, [0;33mLatency:      3[0m
[0;32mPASS PATTERN NO.2264[0m, [0;33mLatency:      3[0m
[0;32mPASS PATTERN NO.2265[0m, [0;33mLatency:      3[0m
[0;32mPASS PATTERN NO.2266[0m, [0;33mLatency:      3[0m
[0;32mPASS PATTERN NO.2267[0m, [0;33mLatency:      3[0m
[0;32mPASS PATTERN NO.2268[0m, [0;33mLatency:      3[0m
[0;32mPASS PATTERN NO.2269[0m, [0;33mLatency:      3[0m
[0;32mPASS PATTERN NO.2270[0m, [0;33mLatency:      3[0m
[0;32mPASS PATTERN NO.2271[0m, [0;33mLatency:      3[0m
[0;32mPASS PATTERN NO.2272[0m, [0;33mLatency:      3[0m
[0;32mPASS PATTERN NO.2273[0m, [0;33mLatency:      3[0m
[0;32mPASS PATTERN NO.2274[0m, [0;33mLatency:      3[0m
[0;32mPASS PATTERN NO.2275[0m, [0;33mLatency:      3[0m
[0;32mPASS PATTERN NO.2276[0m, [0;33mLatency:      3[0m
[0;32mPASS PATTERN NO.2277[0m, [0;33mLatency:      3[0m
[0;32mPASS PATTERN NO.2278[0m, [0;33mLatency:      3[0m
[0;32mPASS PATTERN NO.2279[0m, [0;33mLatency:      3[0m
[0;32mPASS PATTERN NO.2280[0m, [0;33mLatency:      3[0m
[0;32mPASS PATTERN NO.2281[0m, [0;33mLatency:      3[0m
[0;32mPASS PATTERN NO.2282[0m, [0;33mLatency:      3[0m
[0;32mPASS PATTERN NO.2283[0m, [0;33mLatency:      3[0m
[0;32mPASS PATTERN NO.2284[0m, [0;33mLatency:      3[0m
[0;32mPASS PATTERN NO.2285[0m, [0;33mLatency:      3[0m
[0;32mPASS PATTERN NO.2286[0m, [0;33mLatency:      3[0m
[0;32mPASS PATTERN NO.2287[0m, [0;33mLatency:      3[0m
[0;32mPASS PATTERN NO.2288[0m, [0;33mLatency:      3[0m
[0;32mPASS PATTERN NO.2289[0m, [0;33mLatency:      3[0m
[0;32mPASS PATTERN NO.2290[0m, [0;33mLatency:      3[0m
[0;32mPASS PATTERN NO.2291[0m, [0;33mLatency:      3[0m
[0;32mPASS PATTERN NO.2292[0m, [0;33mLatency:      3[0m
[0;32mPASS PATTERN NO.2293[0m, [0;33mLatency:      3[0m
[0;32mPASS PATTERN NO.2294[0m, [0;33mLatency:      3[0m
[0;32mPASS PATTERN NO.2295[0m, [0;33mLatency:      3[0m
[0;32mPASS PATTERN NO.2296[0m, [0;33mLatency:      3[0m
[0;32mPASS PATTERN NO.2297[0m, [0;33mLatency:      3[0m
[0;32mPASS PATTERN NO.2298[0m, [0;33mLatency:      3[0m
[0;32mPASS PATTERN NO.2299[0m, [0;33mLatency:      3[0m
[0;32mPASS PATTERN NO.2300[0m, [0;33mLatency:      3[0m
[0;32mPASS PATTERN NO.2301[0m, [0;33mLatency:      3[0m
[0;32mPASS PATTERN NO.2302[0m, [0;33mLatency:      3[0m
[0;32mPASS PATTERN NO.2303[0m, [0;33mLatency:      3[0m
[0;32mPASS PATTERN NO.2304[0m, [0;33mLatency:      3[0m
[0;32mPASS PATTERN NO.2305[0m, [0;33mLatency:      3[0m
[0;32mPASS PATTERN NO.2306[0m, [0;33mLatency:      3[0m
[0;32mPASS PATTERN NO.2307[0m, [0;33mLatency:      3[0m
[0;32mPASS PATTERN NO.2308[0m, [0;33mLatency:      3[0m
[0;32mPASS PATTERN NO.2309[0m, [0;33mLatency:      3[0m
[0;32mPASS PATTERN NO.2310[0m, [0;33mLatency:      3[0m
[0;32mPASS PATTERN NO.2311[0m, [0;33mLatency:      3[0m
[0;32mPASS PATTERN NO.2312[0m, [0;33mLatency:      3[0m
[0;32mPASS PATTERN NO.2313[0m, [0;33mLatency:      3[0m
[0;32mPASS PATTERN NO.2314[0m, [0;33mLatency:      3[0m
[0;32mPASS PATTERN NO.2315[0m, [0;33mLatency:      3[0m
[0;32mPASS PATTERN NO.2316[0m, [0;33mLatency:      3[0m
[0;32mPASS PATTERN NO.2317[0m, [0;33mLatency:      3[0m
[0;32mPASS PATTERN NO.2318[0m, [0;33mLatency:      3[0m
[0;32mPASS PATTERN NO.2319[0m, [0;33mLatency:      3[0m
[0;32mPASS PATTERN NO.2320[0m, [0;33mLatency:      3[0m
[0;32mPASS PATTERN NO.2321[0m, [0;33mLatency:      3[0m
[0;32mPASS PATTERN NO.2322[0m, [0;33mLatency:      3[0m
[0;32mPASS PATTERN NO.2323[0m, [0;33mLatency:      3[0m
[0;32mPASS PATTERN NO.2324[0m, [0;33mLatency:      3[0m
[0;32mPASS PATTERN NO.2325[0m, [0;33mLatency:      3[0m
[0;32mPASS PATTERN NO.2326[0m, [0;33mLatency:      3[0m
[0;32mPASS PATTERN NO.2327[0m, [0;33mLatency:      3[0m
[0;32mPASS PATTERN NO.2328[0m, [0;33mLatency:      3[0m
[0;32mPASS PATTERN NO.2329[0m, [0;33mLatency:      3[0m
[0;32mPASS PATTERN NO.2330[0m, [0;33mLatency:      3[0m
[0;32mPASS PATTERN NO.2331[0m, [0;33mLatency:      3[0m
[0;32mPASS PATTERN NO.2332[0m, [0;33mLatency:      3[0m
[0;32mPASS PATTERN NO.2333[0m, [0;33mLatency:      3[0m
[0;32mPASS PATTERN NO.2334[0m, [0;33mLatency:      3[0m
[0;32mPASS PATTERN NO.2335[0m, [0;33mLatency:      3[0m
[0;32mPASS PATTERN NO.2336[0m, [0;33mLatency:      3[0m
[0;32mPASS PATTERN NO.2337[0m, [0;33mLatency:      3[0m
[0;32mPASS PATTERN NO.2338[0m, [0;33mLatency:      3[0m
[0;32mPASS PATTERN NO.2339[0m, [0;33mLatency:      3[0m
[0;32mPASS PATTERN NO.2340[0m, [0;33mLatency:      3[0m
[0;32mPASS PATTERN NO.2341[0m, [0;33mLatency:      3[0m
[0;32mPASS PATTERN NO.2342[0m, [0;33mLatency:      3[0m
[0;32mPASS PATTERN NO.2343[0m, [0;33mLatency:      3[0m
[0;32mPASS PATTERN NO.2344[0m, [0;33mLatency:      3[0m
[0;32mPASS PATTERN NO.2345[0m, [0;33mLatency:      3[0m
[0;32mPASS PATTERN NO.2346[0m, [0;33mLatency:      3[0m
[0;32mPASS PATTERN NO.2347[0m, [0;33mLatency:      3[0m
[0;32mPASS PATTERN NO.2348[0m, [0;33mLatency:      3[0m
[0;32mPASS PATTERN NO.2349[0m, [0;33mLatency:      3[0m
[0;32mPASS PATTERN NO.2350[0m, [0;33mLatency:      3[0m
[0;32mPASS PATTERN NO.2351[0m, [0;33mLatency:      3[0m
[0;32mPASS PATTERN NO.2352[0m, [0;33mLatency:      3[0m
[0;32mPASS PATTERN NO.2353[0m, [0;33mLatency:      3[0m
[0;32mPASS PATTERN NO.2354[0m, [0;33mLatency:      3[0m
[0;32mPASS PATTERN NO.2355[0m, [0;33mLatency:      3[0m
[0;32mPASS PATTERN NO.2356[0m, [0;33mLatency:      3[0m
[0;32mPASS PATTERN NO.2357[0m, [0;33mLatency:      3[0m
[0;32mPASS PATTERN NO.2358[0m, [0;33mLatency:      3[0m
[0;32mPASS PATTERN NO.2359[0m, [0;33mLatency:      3[0m
[0;32mPASS PATTERN NO.2360[0m, [0;33mLatency:      3[0m
[0;32mPASS PATTERN NO.2361[0m, [0;33mLatency:      3[0m
[0;32mPASS PATTERN NO.2362[0m, [0;33mLatency:      3[0m
[0;32mPASS PATTERN NO.2363[0m, [0;33mLatency:      3[0m
[0;32mPASS PATTERN NO.2364[0m, [0;33mLatency:      3[0m
[0;32mPASS PATTERN NO.2365[0m, [0;33mLatency:      3[0m
[0;32mPASS PATTERN NO.2366[0m, [0;33mLatency:      3[0m
[0;32mPASS PATTERN NO.2367[0m, [0;33mLatency:      3[0m
[0;32mPASS PATTERN NO.2368[0m, [0;33mLatency:      3[0m
[0;32mPASS PATTERN NO.2369[0m, [0;33mLatency:      3[0m
[0;32mPASS PATTERN NO.2370[0m, [0;33mLatency:      3[0m
[0;32mPASS PATTERN NO.2371[0m, [0;33mLatency:      3[0m
[0;32mPASS PATTERN NO.2372[0m, [0;33mLatency:      3[0m
[0;32mPASS PATTERN NO.2373[0m, [0;33mLatency:      3[0m
[0;32mPASS PATTERN NO.2374[0m, [0;33mLatency:      3[0m
[0;32mPASS PATTERN NO.2375[0m, [0;33mLatency:      3[0m
[0;32mPASS PATTERN NO.2376[0m, [0;33mLatency:      3[0m
[0;32mPASS PATTERN NO.2377[0m, [0;33mLatency:      3[0m
[0;32mPASS PATTERN NO.2378[0m, [0;33mLatency:      3[0m
[0;32mPASS PATTERN NO.2379[0m, [0;33mLatency:      3[0m
[0;32mPASS PATTERN NO.2380[0m, [0;33mLatency:      3[0m
[0;32mPASS PATTERN NO.2381[0m, [0;33mLatency:      3[0m
[0;32mPASS PATTERN NO.2382[0m, [0;33mLatency:      3[0m
[0;32mPASS PATTERN NO.2383[0m, [0;33mLatency:      3[0m
[0;32mPASS PATTERN NO.2384[0m, [0;33mLatency:      3[0m
[0;32mPASS PATTERN NO.2385[0m, [0;33mLatency:      3[0m
[0;32mPASS PATTERN NO.2386[0m, [0;33mLatency:      3[0m
[0;32mPASS PATTERN NO.2387[0m, [0;33mLatency:      3[0m
[0;32mPASS PATTERN NO.2388[0m, [0;33mLatency:      3[0m
[0;32mPASS PATTERN NO.2389[0m, [0;33mLatency:      3[0m
[0;32mPASS PATTERN NO.2390[0m, [0;33mLatency:      3[0m
[0;32mPASS PATTERN NO.2391[0m, [0;33mLatency:      3[0m
[0;32mPASS PATTERN NO.2392[0m, [0;33mLatency:      3[0m
[0;32mPASS PATTERN NO.2393[0m, [0;33mLatency:      3[0m
[0;32mPASS PATTERN NO.2394[0m, [0;33mLatency:      3[0m
[0;32mPASS PATTERN NO.2395[0m, [0;33mLatency:      3[0m
[0;32mPASS PATTERN NO.2396[0m, [0;33mLatency:      3[0m
[0;32mPASS PATTERN NO.2397[0m, [0;33mLatency:      3[0m
[0;32mPASS PATTERN NO.2398[0m, [0;33mLatency:      3[0m
[0;32mPASS PATTERN NO.2399[0m, [0;33mLatency:      3[0m
[0;32mPASS PATTERN NO.2400[0m, [0;33mLatency:      3[0m
[0;32mPASS PATTERN NO.2401[0m, [0;33mLatency:      3[0m
[0;32mPASS PATTERN NO.2402[0m, [0;33mLatency:      3[0m
[0;32mPASS PATTERN NO.2403[0m, [0;33mLatency:      3[0m
[0;32mPASS PATTERN NO.2404[0m, [0;33mLatency:      3[0m
[0;32mPASS PATTERN NO.2405[0m, [0;33mLatency:      3[0m
[0;32mPASS PATTERN NO.2406[0m, [0;33mLatency:      3[0m
[0;32mPASS PATTERN NO.2407[0m, [0;33mLatency:      3[0m
[0;32mPASS PATTERN NO.2408[0m, [0;33mLatency:      3[0m
[0;32mPASS PATTERN NO.2409[0m, [0;33mLatency:      3[0m
[0;32mPASS PATTERN NO.2410[0m, [0;33mLatency:      3[0m
[0;32mPASS PATTERN NO.2411[0m, [0;33mLatency:      3[0m
[0;32mPASS PATTERN NO.2412[0m, [0;33mLatency:      3[0m
[0;32mPASS PATTERN NO.2413[0m, [0;33mLatency:      3[0m
[0;32mPASS PATTERN NO.2414[0m, [0;33mLatency:      3[0m
[0;32mPASS PATTERN NO.2415[0m, [0;33mLatency:      3[0m
[0;32mPASS PATTERN NO.2416[0m, [0;33mLatency:      3[0m
[0;32mPASS PATTERN NO.2417[0m, [0;33mLatency:      3[0m
[0;32mPASS PATTERN NO.2418[0m, [0;33mLatency:      3[0m
[0;32mPASS PATTERN NO.2419[0m, [0;33mLatency:      3[0m
[0;32mPASS PATTERN NO.2420[0m, [0;33mLatency:      3[0m
[0;32mPASS PATTERN NO.2421[0m, [0;33mLatency:      3[0m
[0;32mPASS PATTERN NO.2422[0m, [0;33mLatency:      3[0m
[0;32mPASS PATTERN NO.2423[0m, [0;33mLatency:      3[0m
[0;32mPASS PATTERN NO.2424[0m, [0;33mLatency:      3[0m
[0;32mPASS PATTERN NO.2425[0m, [0;33mLatency:      3[0m
[0;32mPASS PATTERN NO.2426[0m, [0;33mLatency:      3[0m
[0;32mPASS PATTERN NO.2427[0m, [0;33mLatency:      3[0m
[0;32mPASS PATTERN NO.2428[0m, [0;33mLatency:      3[0m
[0;32mPASS PATTERN NO.2429[0m, [0;33mLatency:      3[0m
[0;32mPASS PATTERN NO.2430[0m, [0;33mLatency:      3[0m
[0;32mPASS PATTERN NO.2431[0m, [0;33mLatency:      3[0m
[0;32mPASS PATTERN NO.2432[0m, [0;33mLatency:      3[0m
[0;32mPASS PATTERN NO.2433[0m, [0;33mLatency:      3[0m
[0;32mPASS PATTERN NO.2434[0m, [0;33mLatency:      3[0m
[0;32mPASS PATTERN NO.2435[0m, [0;33mLatency:      3[0m
[0;32mPASS PATTERN NO.2436[0m, [0;33mLatency:      3[0m
[0;32mPASS PATTERN NO.2437[0m, [0;33mLatency:      3[0m
[0;32mPASS PATTERN NO.2438[0m, [0;33mLatency:      3[0m
[0;32mPASS PATTERN NO.2439[0m, [0;33mLatency:      3[0m
[0;32mPASS PATTERN NO.2440[0m, [0;33mLatency:      3[0m
[0;32mPASS PATTERN NO.2441[0m, [0;33mLatency:      3[0m
[0;32mPASS PATTERN NO.2442[0m, [0;33mLatency:      3[0m
[0;32mPASS PATTERN NO.2443[0m, [0;33mLatency:      3[0m
[0;32mPASS PATTERN NO.2444[0m, [0;33mLatency:      3[0m
[0;32mPASS PATTERN NO.2445[0m, [0;33mLatency:      3[0m
[0;32mPASS PATTERN NO.2446[0m, [0;33mLatency:      3[0m
[0;32mPASS PATTERN NO.2447[0m, [0;33mLatency:      3[0m
[0;32mPASS PATTERN NO.2448[0m, [0;33mLatency:      3[0m
[0;32mPASS PATTERN NO.2449[0m, [0;33mLatency:      3[0m
[0;32mPASS PATTERN NO.2450[0m, [0;33mLatency:      3[0m
[0;32mPASS PATTERN NO.2451[0m, [0;33mLatency:      3[0m
[0;32mPASS PATTERN NO.2452[0m, [0;33mLatency:      3[0m
[0;32mPASS PATTERN NO.2453[0m, [0;33mLatency:      3[0m
[0;32mPASS PATTERN NO.2454[0m, [0;33mLatency:      3[0m
[0;32mPASS PATTERN NO.2455[0m, [0;33mLatency:      3[0m
[0;32mPASS PATTERN NO.2456[0m, [0;33mLatency:      3[0m
[0;32mPASS PATTERN NO.2457[0m, [0;33mLatency:      3[0m
[0;32mPASS PATTERN NO.2458[0m, [0;33mLatency:      3[0m
[0;32mPASS PATTERN NO.2459[0m, [0;33mLatency:      3[0m
[0;32mPASS PATTERN NO.2460[0m, [0;33mLatency:      3[0m
[0;32mPASS PATTERN NO.2461[0m, [0;33mLatency:      3[0m
[0;32mPASS PATTERN NO.2462[0m, [0;33mLatency:      3[0m
[0;32mPASS PATTERN NO.2463[0m, [0;33mLatency:      3[0m
[0;32mPASS PATTERN NO.2464[0m, [0;33mLatency:      3[0m
[0;32mPASS PATTERN NO.2465[0m, [0;33mLatency:      3[0m
[0;32mPASS PATTERN NO.2466[0m, [0;33mLatency:      3[0m
[0;32mPASS PATTERN NO.2467[0m, [0;33mLatency:      3[0m
[0;32mPASS PATTERN NO.2468[0m, [0;33mLatency:      3[0m
[0;32mPASS PATTERN NO.2469[0m, [0;33mLatency:      3[0m
[0;32mPASS PATTERN NO.2470[0m, [0;33mLatency:      3[0m
[0;32mPASS PATTERN NO.2471[0m, [0;33mLatency:      3[0m
[0;32mPASS PATTERN NO.2472[0m, [0;33mLatency:      3[0m
[0;32mPASS PATTERN NO.2473[0m, [0;33mLatency:      3[0m
[0;32mPASS PATTERN NO.2474[0m, [0;33mLatency:      3[0m
[0;32mPASS PATTERN NO.2475[0m, [0;33mLatency:      3[0m
[0;32mPASS PATTERN NO.2476[0m, [0;33mLatency:      3[0m
[0;32mPASS PATTERN NO.2477[0m, [0;33mLatency:      3[0m
[0;32mPASS PATTERN NO.2478[0m, [0;33mLatency:      3[0m
[0;32mPASS PATTERN NO.2479[0m, [0;33mLatency:      3[0m
[0;32mPASS PATTERN NO.2480[0m, [0;33mLatency:      3[0m
[0;32mPASS PATTERN NO.2481[0m, [0;33mLatency:      3[0m
[0;32mPASS PATTERN NO.2482[0m, [0;33mLatency:      3[0m
[0;32mPASS PATTERN NO.2483[0m, [0;33mLatency:      3[0m
[0;32mPASS PATTERN NO.2484[0m, [0;33mLatency:      3[0m
[0;32mPASS PATTERN NO.2485[0m, [0;33mLatency:      3[0m
[0;32mPASS PATTERN NO.2486[0m, [0;33mLatency:      3[0m
[0;32mPASS PATTERN NO.2487[0m, [0;33mLatency:      3[0m
[0;32mPASS PATTERN NO.2488[0m, [0;33mLatency:      3[0m
[0;32mPASS PATTERN NO.2489[0m, [0;33mLatency:      3[0m
[0;32mPASS PATTERN NO.2490[0m, [0;33mLatency:      3[0m
[0;32mPASS PATTERN NO.2491[0m, [0;33mLatency:      3[0m
[0;32mPASS PATTERN NO.2492[0m, [0;33mLatency:      3[0m
[0;32mPASS PATTERN NO.2493[0m, [0;33mLatency:      3[0m
[0;32mPASS PATTERN NO.2494[0m, [0;33mLatency:      3[0m
[0;32mPASS PATTERN NO.2495[0m, [0;33mLatency:      3[0m
[0;32mPASS PATTERN NO.2496[0m, [0;33mLatency:      3[0m
[0;32mPASS PATTERN NO.2497[0m, [0;33mLatency:      3[0m
[0;32mPASS PATTERN NO.2498[0m, [0;33mLatency:      3[0m
[0;32mPASS PATTERN NO.2499[0m, [0;33mLatency:      3[0m
[0;32mPASS PATTERN NO.2500[0m, [0;33mLatency:      3[0m
[0;32mPASS PATTERN NO.2501[0m, [0;33mLatency:      3[0m
[0;32mPASS PATTERN NO.2502[0m, [0;33mLatency:      3[0m
[0;32mPASS PATTERN NO.2503[0m, [0;33mLatency:      3[0m
[0;32mPASS PATTERN NO.2504[0m, [0;33mLatency:      3[0m
[0;32mPASS PATTERN NO.2505[0m, [0;33mLatency:      3[0m
[0;32mPASS PATTERN NO.2506[0m, [0;33mLatency:      3[0m
[0;32mPASS PATTERN NO.2507[0m, [0;33mLatency:      3[0m
[0;32mPASS PATTERN NO.2508[0m, [0;33mLatency:      3[0m
[0;32mPASS PATTERN NO.2509[0m, [0;33mLatency:      3[0m
[0;32mPASS PATTERN NO.2510[0m, [0;33mLatency:      3[0m
[0;32mPASS PATTERN NO.2511[0m, [0;33mLatency:      3[0m
[0;32mPASS PATTERN NO.2512[0m, [0;33mLatency:      3[0m
[0;32mPASS PATTERN NO.2513[0m, [0;33mLatency:      3[0m
[0;32mPASS PATTERN NO.2514[0m, [0;33mLatency:      3[0m
[0;32mPASS PATTERN NO.2515[0m, [0;33mLatency:      3[0m
[0;32mPASS PATTERN NO.2516[0m, [0;33mLatency:      3[0m
[0;32mPASS PATTERN NO.2517[0m, [0;33mLatency:      3[0m
[0;32mPASS PATTERN NO.2518[0m, [0;33mLatency:      3[0m
[0;32mPASS PATTERN NO.2519[0m, [0;33mLatency:      3[0m
[0;32mPASS PATTERN NO.2520[0m, [0;33mLatency:      3[0m
[0;32mPASS PATTERN NO.2521[0m, [0;33mLatency:      3[0m
[0;32mPASS PATTERN NO.2522[0m, [0;33mLatency:      3[0m
[0;32mPASS PATTERN NO.2523[0m, [0;33mLatency:      3[0m
[0;32mPASS PATTERN NO.2524[0m, [0;33mLatency:      3[0m
[0;32mPASS PATTERN NO.2525[0m, [0;33mLatency:      3[0m
[0;32mPASS PATTERN NO.2526[0m, [0;33mLatency:      3[0m
[0;32mPASS PATTERN NO.2527[0m, [0;33mLatency:      3[0m
[0;32mPASS PATTERN NO.2528[0m, [0;33mLatency:      3[0m
[0;32mPASS PATTERN NO.2529[0m, [0;33mLatency:      3[0m
[0;32mPASS PATTERN NO.2530[0m, [0;33mLatency:      3[0m
[0;32mPASS PATTERN NO.2531[0m, [0;33mLatency:      3[0m
[0;32mPASS PATTERN NO.2532[0m, [0;33mLatency:      3[0m
[0;32mPASS PATTERN NO.2533[0m, [0;33mLatency:      3[0m
[0;32mPASS PATTERN NO.2534[0m, [0;33mLatency:      3[0m
[0;32mPASS PATTERN NO.2535[0m, [0;33mLatency:      3[0m
[0;32mPASS PATTERN NO.2536[0m, [0;33mLatency:      3[0m
[0;32mPASS PATTERN NO.2537[0m, [0;33mLatency:      3[0m
[0;32mPASS PATTERN NO.2538[0m, [0;33mLatency:      3[0m
[0;32mPASS PATTERN NO.2539[0m, [0;33mLatency:      3[0m
[0;32mPASS PATTERN NO.2540[0m, [0;33mLatency:      3[0m
[0;32mPASS PATTERN NO.2541[0m, [0;33mLatency:      3[0m
[0;32mPASS PATTERN NO.2542[0m, [0;33mLatency:      3[0m
[0;32mPASS PATTERN NO.2543[0m, [0;33mLatency:      3[0m
[0;32mPASS PATTERN NO.2544[0m, [0;33mLatency:      3[0m
[0;32mPASS PATTERN NO.2545[0m, [0;33mLatency:      3[0m
[0;32mPASS PATTERN NO.2546[0m, [0;33mLatency:      3[0m
[0;32mPASS PATTERN NO.2547[0m, [0;33mLatency:      3[0m
[0;32mPASS PATTERN NO.2548[0m, [0;33mLatency:      3[0m
[0;32mPASS PATTERN NO.2549[0m, [0;33mLatency:      3[0m
[0;32mPASS PATTERN NO.2550[0m, [0;33mLatency:      3[0m
[0;32mPASS PATTERN NO.2551[0m, [0;33mLatency:      3[0m
[0;32mPASS PATTERN NO.2552[0m, [0;33mLatency:      3[0m
[0;32mPASS PATTERN NO.2553[0m, [0;33mLatency:      3[0m
[0;32mPASS PATTERN NO.2554[0m, [0;33mLatency:      3[0m
[0;32mPASS PATTERN NO.2555[0m, [0;33mLatency:      3[0m
[0;32mPASS PATTERN NO.2556[0m, [0;33mLatency:      3[0m
[0;32mPASS PATTERN NO.2557[0m, [0;33mLatency:      3[0m
[0;32mPASS PATTERN NO.2558[0m, [0;33mLatency:      3[0m
[0;32mPASS PATTERN NO.2559[0m, [0;33mLatency:      3[0m
[0;32mPASS PATTERN NO.2560[0m, [0;33mLatency:      3[0m
[0;32mPASS PATTERN NO.2561[0m, [0;33mLatency:      3[0m
[0;32mPASS PATTERN NO.2562[0m, [0;33mLatency:      3[0m
[0;32mPASS PATTERN NO.2563[0m, [0;33mLatency:      3[0m
[0;32mPASS PATTERN NO.2564[0m, [0;33mLatency:      3[0m
[0;32mPASS PATTERN NO.2565[0m, [0;33mLatency:      3[0m
[0;32mPASS PATTERN NO.2566[0m, [0;33mLatency:      3[0m
[0;32mPASS PATTERN NO.2567[0m, [0;33mLatency:      3[0m
[0;32mPASS PATTERN NO.2568[0m, [0;33mLatency:      3[0m
[0;32mPASS PATTERN NO.2569[0m, [0;33mLatency:      3[0m
[0;32mPASS PATTERN NO.2570[0m, [0;33mLatency:      3[0m
[0;32mPASS PATTERN NO.2571[0m, [0;33mLatency:      3[0m
[0;32mPASS PATTERN NO.2572[0m, [0;33mLatency:      3[0m
[0;32mPASS PATTERN NO.2573[0m, [0;33mLatency:      3[0m
[0;32mPASS PATTERN NO.2574[0m, [0;33mLatency:      3[0m
[0;32mPASS PATTERN NO.2575[0m, [0;33mLatency:      3[0m
[0;32mPASS PATTERN NO.2576[0m, [0;33mLatency:      3[0m
[0;32mPASS PATTERN NO.2577[0m, [0;33mLatency:      3[0m
[0;32mPASS PATTERN NO.2578[0m, [0;33mLatency:      3[0m
[0;32mPASS PATTERN NO.2579[0m, [0;33mLatency:      3[0m
[0;32mPASS PATTERN NO.2580[0m, [0;33mLatency:      3[0m
[0;32mPASS PATTERN NO.2581[0m, [0;33mLatency:      3[0m
[0;32mPASS PATTERN NO.2582[0m, [0;33mLatency:      3[0m
[0;32mPASS PATTERN NO.2583[0m, [0;33mLatency:      3[0m
[0;32mPASS PATTERN NO.2584[0m, [0;33mLatency:      3[0m
[0;32mPASS PATTERN NO.2585[0m, [0;33mLatency:      3[0m
[0;32mPASS PATTERN NO.2586[0m, [0;33mLatency:      3[0m
[0;32mPASS PATTERN NO.2587[0m, [0;33mLatency:      3[0m
[0;32mPASS PATTERN NO.2588[0m, [0;33mLatency:      3[0m
[0;32mPASS PATTERN NO.2589[0m, [0;33mLatency:      3[0m
[0;32mPASS PATTERN NO.2590[0m, [0;33mLatency:      3[0m
[0;32mPASS PATTERN NO.2591[0m, [0;33mLatency:      3[0m
[0;32mPASS PATTERN NO.2592[0m, [0;33mLatency:      3[0m
[0;32mPASS PATTERN NO.2593[0m, [0;33mLatency:      3[0m
[0;32mPASS PATTERN NO.2594[0m, [0;33mLatency:      3[0m
[0;32mPASS PATTERN NO.2595[0m, [0;33mLatency:      3[0m
[0;32mPASS PATTERN NO.2596[0m, [0;33mLatency:      3[0m
[0;32mPASS PATTERN NO.2597[0m, [0;33mLatency:      3[0m
[0;32mPASS PATTERN NO.2598[0m, [0;33mLatency:      3[0m
[0;32mPASS PATTERN NO.2599[0m, [0;33mLatency:      3[0m
[0;32mPASS PATTERN NO.2600[0m, [0;33mLatency:      3[0m
[0;32mPASS PATTERN NO.2601[0m, [0;33mLatency:      3[0m
[0;32mPASS PATTERN NO.2602[0m, [0;33mLatency:      3[0m
[0;32mPASS PATTERN NO.2603[0m, [0;33mLatency:      3[0m
[0;32mPASS PATTERN NO.2604[0m, [0;33mLatency:      3[0m
[0;32mPASS PATTERN NO.2605[0m, [0;33mLatency:      3[0m
[0;32mPASS PATTERN NO.2606[0m, [0;33mLatency:      3[0m
[0;32mPASS PATTERN NO.2607[0m, [0;33mLatency:      3[0m
[0;32mPASS PATTERN NO.2608[0m, [0;33mLatency:      3[0m
[0;32mPASS PATTERN NO.2609[0m, [0;33mLatency:      3[0m
[0;32mPASS PATTERN NO.2610[0m, [0;33mLatency:      3[0m
[0;32mPASS PATTERN NO.2611[0m, [0;33mLatency:      3[0m
[0;32mPASS PATTERN NO.2612[0m, [0;33mLatency:      3[0m
[0;32mPASS PATTERN NO.2613[0m, [0;33mLatency:      3[0m
[0;32mPASS PATTERN NO.2614[0m, [0;33mLatency:      3[0m
[0;32mPASS PATTERN NO.2615[0m, [0;33mLatency:      3[0m
[0;32mPASS PATTERN NO.2616[0m, [0;33mLatency:      3[0m
[0;32mPASS PATTERN NO.2617[0m, [0;33mLatency:      3[0m
[0;32mPASS PATTERN NO.2618[0m, [0;33mLatency:      3[0m
[0;32mPASS PATTERN NO.2619[0m, [0;33mLatency:      3[0m
[0;32mPASS PATTERN NO.2620[0m, [0;33mLatency:      3[0m
[0;32mPASS PATTERN NO.2621[0m, [0;33mLatency:      3[0m
[0;32mPASS PATTERN NO.2622[0m, [0;33mLatency:      3[0m
[0;32mPASS PATTERN NO.2623[0m, [0;33mLatency:      3[0m
[0;32mPASS PATTERN NO.2624[0m, [0;33mLatency:      3[0m
[0;32mPASS PATTERN NO.2625[0m, [0;33mLatency:      3[0m
[0;32mPASS PATTERN NO.2626[0m, [0;33mLatency:      3[0m
[0;32mPASS PATTERN NO.2627[0m, [0;33mLatency:      3[0m
[0;32mPASS PATTERN NO.2628[0m, [0;33mLatency:      3[0m
[0;32mPASS PATTERN NO.2629[0m, [0;33mLatency:      3[0m
[0;32mPASS PATTERN NO.2630[0m, [0;33mLatency:      3[0m
[0;32mPASS PATTERN NO.2631[0m, [0;33mLatency:      3[0m
[0;32mPASS PATTERN NO.2632[0m, [0;33mLatency:      3[0m
[0;32mPASS PATTERN NO.2633[0m, [0;33mLatency:      3[0m
[0;32mPASS PATTERN NO.2634[0m, [0;33mLatency:      3[0m
[0;32mPASS PATTERN NO.2635[0m, [0;33mLatency:      3[0m
[0;32mPASS PATTERN NO.2636[0m, [0;33mLatency:      3[0m
[0;32mPASS PATTERN NO.2637[0m, [0;33mLatency:      3[0m
[0;32mPASS PATTERN NO.2638[0m, [0;33mLatency:      3[0m
[0;32mPASS PATTERN NO.2639[0m, [0;33mLatency:      3[0m
[0;32mPASS PATTERN NO.2640[0m, [0;33mLatency:      3[0m
[0;32mPASS PATTERN NO.2641[0m, [0;33mLatency:      3[0m
[0;32mPASS PATTERN NO.2642[0m, [0;33mLatency:      3[0m
[0;32mPASS PATTERN NO.2643[0m, [0;33mLatency:      3[0m
[0;32mPASS PATTERN NO.2644[0m, [0;33mLatency:      3[0m
[0;32mPASS PATTERN NO.2645[0m, [0;33mLatency:      3[0m
[0;32mPASS PATTERN NO.2646[0m, [0;33mLatency:      3[0m
[0;32mPASS PATTERN NO.2647[0m, [0;33mLatency:      3[0m
[0;32mPASS PATTERN NO.2648[0m, [0;33mLatency:      3[0m
[0;32mPASS PATTERN NO.2649[0m, [0;33mLatency:      3[0m
[0;32mPASS PATTERN NO.2650[0m, [0;33mLatency:      3[0m
[0;32mPASS PATTERN NO.2651[0m, [0;33mLatency:      3[0m
[0;32mPASS PATTERN NO.2652[0m, [0;33mLatency:      3[0m
[0;32mPASS PATTERN NO.2653[0m, [0;33mLatency:      3[0m
[0;32mPASS PATTERN NO.2654[0m, [0;33mLatency:      3[0m
[0;32mPASS PATTERN NO.2655[0m, [0;33mLatency:      3[0m
[0;32mPASS PATTERN NO.2656[0m, [0;33mLatency:      3[0m
[0;32mPASS PATTERN NO.2657[0m, [0;33mLatency:      3[0m
[0;32mPASS PATTERN NO.2658[0m, [0;33mLatency:      3[0m
[0;32mPASS PATTERN NO.2659[0m, [0;33mLatency:      3[0m
[0;32mPASS PATTERN NO.2660[0m, [0;33mLatency:      3[0m
[0;32mPASS PATTERN NO.2661[0m, [0;33mLatency:      3[0m
[0;32mPASS PATTERN NO.2662[0m, [0;33mLatency:      3[0m
[0;32mPASS PATTERN NO.2663[0m, [0;33mLatency:      3[0m
[0;32mPASS PATTERN NO.2664[0m, [0;33mLatency:      3[0m
[0;32mPASS PATTERN NO.2665[0m, [0;33mLatency:      3[0m
[0;32mPASS PATTERN NO.2666[0m, [0;33mLatency:      3[0m
[0;32mPASS PATTERN NO.2667[0m, [0;33mLatency:      3[0m
[0;32mPASS PATTERN NO.2668[0m, [0;33mLatency:      3[0m
[0;32mPASS PATTERN NO.2669[0m, [0;33mLatency:      3[0m
[0;32mPASS PATTERN NO.2670[0m, [0;33mLatency:      3[0m
[0;32mPASS PATTERN NO.2671[0m, [0;33mLatency:      3[0m
[0;32mPASS PATTERN NO.2672[0m, [0;33mLatency:      3[0m
[0;32mPASS PATTERN NO.2673[0m, [0;33mLatency:      3[0m
[0;32mPASS PATTERN NO.2674[0m, [0;33mLatency:      3[0m
[0;32mPASS PATTERN NO.2675[0m, [0;33mLatency:      3[0m
[0;32mPASS PATTERN NO.2676[0m, [0;33mLatency:      3[0m
[0;32mPASS PATTERN NO.2677[0m, [0;33mLatency:      3[0m
[0;32mPASS PATTERN NO.2678[0m, [0;33mLatency:      3[0m
[0;32mPASS PATTERN NO.2679[0m, [0;33mLatency:      3[0m
[0;32mPASS PATTERN NO.2680[0m, [0;33mLatency:      3[0m
[0;32mPASS PATTERN NO.2681[0m, [0;33mLatency:      3[0m
[0;32mPASS PATTERN NO.2682[0m, [0;33mLatency:      3[0m
[0;32mPASS PATTERN NO.2683[0m, [0;33mLatency:      3[0m
[0;32mPASS PATTERN NO.2684[0m, [0;33mLatency:      3[0m
[0;32mPASS PATTERN NO.2685[0m, [0;33mLatency:      3[0m
[0;32mPASS PATTERN NO.2686[0m, [0;33mLatency:      3[0m
[0;32mPASS PATTERN NO.2687[0m, [0;33mLatency:      3[0m
[0;32mPASS PATTERN NO.2688[0m, [0;33mLatency:      3[0m
[0;32mPASS PATTERN NO.2689[0m, [0;33mLatency:      3[0m
[0;32mPASS PATTERN NO.2690[0m, [0;33mLatency:      3[0m
[0;32mPASS PATTERN NO.2691[0m, [0;33mLatency:      3[0m
[0;32mPASS PATTERN NO.2692[0m, [0;33mLatency:      3[0m
[0;32mPASS PATTERN NO.2693[0m, [0;33mLatency:      3[0m
[0;32mPASS PATTERN NO.2694[0m, [0;33mLatency:      3[0m
[0;32mPASS PATTERN NO.2695[0m, [0;33mLatency:      3[0m
[0;32mPASS PATTERN NO.2696[0m, [0;33mLatency:      3[0m
[0;32mPASS PATTERN NO.2697[0m, [0;33mLatency:      3[0m
[0;32mPASS PATTERN NO.2698[0m, [0;33mLatency:      3[0m
[0;32mPASS PATTERN NO.2699[0m, [0;33mLatency:      3[0m
[0;32mPASS PATTERN NO.2700[0m, [0;33mLatency:      3[0m
[0;32mPASS PATTERN NO.2701[0m, [0;33mLatency:      3[0m
[0;32mPASS PATTERN NO.2702[0m, [0;33mLatency:      3[0m
[0;32mPASS PATTERN NO.2703[0m, [0;33mLatency:      3[0m
[0;32mPASS PATTERN NO.2704[0m, [0;33mLatency:      3[0m
[0;32mPASS PATTERN NO.2705[0m, [0;33mLatency:      3[0m
[0;32mPASS PATTERN NO.2706[0m, [0;33mLatency:      3[0m
[0;32mPASS PATTERN NO.2707[0m, [0;33mLatency:      3[0m
[0;32mPASS PATTERN NO.2708[0m, [0;33mLatency:      3[0m
[0;32mPASS PATTERN NO.2709[0m, [0;33mLatency:      3[0m
[0;32mPASS PATTERN NO.2710[0m, [0;33mLatency:      3[0m
[0;32mPASS PATTERN NO.2711[0m, [0;33mLatency:      3[0m
[0;32mPASS PATTERN NO.2712[0m, [0;33mLatency:      3[0m
[0;32mPASS PATTERN NO.2713[0m, [0;33mLatency:      3[0m
[0;32mPASS PATTERN NO.2714[0m, [0;33mLatency:      3[0m
[0;32mPASS PATTERN NO.2715[0m, [0;33mLatency:      3[0m
[0;32mPASS PATTERN NO.2716[0m, [0;33mLatency:      3[0m
[0;32mPASS PATTERN NO.2717[0m, [0;33mLatency:      3[0m
[0;32mPASS PATTERN NO.2718[0m, [0;33mLatency:      3[0m
[0;32mPASS PATTERN NO.2719[0m, [0;33mLatency:      3[0m
[0;32mPASS PATTERN NO.2720[0m, [0;33mLatency:      3[0m
[0;32mPASS PATTERN NO.2721[0m, [0;33mLatency:      3[0m
[0;32mPASS PATTERN NO.2722[0m, [0;33mLatency:      3[0m
[0;32mPASS PATTERN NO.2723[0m, [0;33mLatency:      3[0m
[0;32mPASS PATTERN NO.2724[0m, [0;33mLatency:      3[0m
[0;32mPASS PATTERN NO.2725[0m, [0;33mLatency:      3[0m
[0;32mPASS PATTERN NO.2726[0m, [0;33mLatency:      3[0m
[0;32mPASS PATTERN NO.2727[0m, [0;33mLatency:      3[0m
[0;32mPASS PATTERN NO.2728[0m, [0;33mLatency:      3[0m
[0;32mPASS PATTERN NO.2729[0m, [0;33mLatency:      3[0m
[0;32mPASS PATTERN NO.2730[0m, [0;33mLatency:      3[0m
[0;32mPASS PATTERN NO.2731[0m, [0;33mLatency:      3[0m
[0;32mPASS PATTERN NO.2732[0m, [0;33mLatency:      3[0m
[0;32mPASS PATTERN NO.2733[0m, [0;33mLatency:      3[0m
[0;32mPASS PATTERN NO.2734[0m, [0;33mLatency:      3[0m
[0;32mPASS PATTERN NO.2735[0m, [0;33mLatency:      3[0m
[0;32mPASS PATTERN NO.2736[0m, [0;33mLatency:      3[0m
[0;32mPASS PATTERN NO.2737[0m, [0;33mLatency:      3[0m
[0;32mPASS PATTERN NO.2738[0m, [0;33mLatency:      3[0m
[0;32mPASS PATTERN NO.2739[0m, [0;33mLatency:      3[0m
[0;32mPASS PATTERN NO.2740[0m, [0;33mLatency:      3[0m
[0;32mPASS PATTERN NO.2741[0m, [0;33mLatency:      3[0m
[0;32mPASS PATTERN NO.2742[0m, [0;33mLatency:      3[0m
[0;32mPASS PATTERN NO.2743[0m, [0;33mLatency:      3[0m
[0;32mPASS PATTERN NO.2744[0m, [0;33mLatency:      3[0m
[0;32mPASS PATTERN NO.2745[0m, [0;33mLatency:      3[0m
[0;32mPASS PATTERN NO.2746[0m, [0;33mLatency:      3[0m
[0;32mPASS PATTERN NO.2747[0m, [0;33mLatency:      3[0m
[0;32mPASS PATTERN NO.2748[0m, [0;33mLatency:      3[0m
[0;32mPASS PATTERN NO.2749[0m, [0;33mLatency:      3[0m
[0;32mPASS PATTERN NO.2750[0m, [0;33mLatency:      3[0m
[0;32mPASS PATTERN NO.2751[0m, [0;33mLatency:      3[0m
[0;32mPASS PATTERN NO.2752[0m, [0;33mLatency:      3[0m
[0;32mPASS PATTERN NO.2753[0m, [0;33mLatency:      3[0m
[0;32mPASS PATTERN NO.2754[0m, [0;33mLatency:      3[0m
[0;32mPASS PATTERN NO.2755[0m, [0;33mLatency:      3[0m
[0;32mPASS PATTERN NO.2756[0m, [0;33mLatency:      3[0m
[0;32mPASS PATTERN NO.2757[0m, [0;33mLatency:      3[0m
[0;32mPASS PATTERN NO.2758[0m, [0;33mLatency:      3[0m
[0;32mPASS PATTERN NO.2759[0m, [0;33mLatency:      3[0m
[0;32mPASS PATTERN NO.2760[0m, [0;33mLatency:      3[0m
[0;32mPASS PATTERN NO.2761[0m, [0;33mLatency:      3[0m
[0;32mPASS PATTERN NO.2762[0m, [0;33mLatency:      3[0m
[0;32mPASS PATTERN NO.2763[0m, [0;33mLatency:      3[0m
[0;32mPASS PATTERN NO.2764[0m, [0;33mLatency:      3[0m
[0;32mPASS PATTERN NO.2765[0m, [0;33mLatency:      3[0m
[0;32mPASS PATTERN NO.2766[0m, [0;33mLatency:      3[0m
[0;32mPASS PATTERN NO.2767[0m, [0;33mLatency:      3[0m
[0;32mPASS PATTERN NO.2768[0m, [0;33mLatency:      3[0m
[0;32mPASS PATTERN NO.2769[0m, [0;33mLatency:      3[0m
[0;32mPASS PATTERN NO.2770[0m, [0;33mLatency:      3[0m
[0;32mPASS PATTERN NO.2771[0m, [0;33mLatency:      3[0m
[0;32mPASS PATTERN NO.2772[0m, [0;33mLatency:      3[0m
[0;32mPASS PATTERN NO.2773[0m, [0;33mLatency:      3[0m
[0;32mPASS PATTERN NO.2774[0m, [0;33mLatency:      3[0m
[0;32mPASS PATTERN NO.2775[0m, [0;33mLatency:      3[0m
[0;32mPASS PATTERN NO.2776[0m, [0;33mLatency:      3[0m
[0;32mPASS PATTERN NO.2777[0m, [0;33mLatency:      3[0m
[0;32mPASS PATTERN NO.2778[0m, [0;33mLatency:      3[0m
[0;32mPASS PATTERN NO.2779[0m, [0;33mLatency:      3[0m
[0;32mPASS PATTERN NO.2780[0m, [0;33mLatency:      3[0m
[0;32mPASS PATTERN NO.2781[0m, [0;33mLatency:      3[0m
[0;32mPASS PATTERN NO.2782[0m, [0;33mLatency:      3[0m
[0;32mPASS PATTERN NO.2783[0m, [0;33mLatency:      3[0m
[0;32mPASS PATTERN NO.2784[0m, [0;33mLatency:      3[0m
[0;32mPASS PATTERN NO.2785[0m, [0;33mLatency:      3[0m
[0;32mPASS PATTERN NO.2786[0m, [0;33mLatency:      3[0m
[0;32mPASS PATTERN NO.2787[0m, [0;33mLatency:      3[0m
[0;32mPASS PATTERN NO.2788[0m, [0;33mLatency:      3[0m
[0;32mPASS PATTERN NO.2789[0m, [0;33mLatency:      3[0m
[0;32mPASS PATTERN NO.2790[0m, [0;33mLatency:      3[0m
[0;32mPASS PATTERN NO.2791[0m, [0;33mLatency:      3[0m
[0;32mPASS PATTERN NO.2792[0m, [0;33mLatency:      3[0m
[0;32mPASS PATTERN NO.2793[0m, [0;33mLatency:      3[0m
[0;32mPASS PATTERN NO.2794[0m, [0;33mLatency:      3[0m
[0;32mPASS PATTERN NO.2795[0m, [0;33mLatency:      3[0m
[0;32mPASS PATTERN NO.2796[0m, [0;33mLatency:      3[0m
[0;32mPASS PATTERN NO.2797[0m, [0;33mLatency:      3[0m
[0;32mPASS PATTERN NO.2798[0m, [0;33mLatency:      3[0m
[0;32mPASS PATTERN NO.2799[0m, [0;33mLatency:      3[0m
[0;32mPASS PATTERN NO.2800[0m, [0;33mLatency:      3[0m
[0;32mPASS PATTERN NO.2801[0m, [0;33mLatency:      3[0m
[0;32mPASS PATTERN NO.2802[0m, [0;33mLatency:      3[0m
[0;32mPASS PATTERN NO.2803[0m, [0;33mLatency:      3[0m
[0;32mPASS PATTERN NO.2804[0m, [0;33mLatency:      3[0m
[0;32mPASS PATTERN NO.2805[0m, [0;33mLatency:      3[0m
[0;32mPASS PATTERN NO.2806[0m, [0;33mLatency:      3[0m
[0;32mPASS PATTERN NO.2807[0m, [0;33mLatency:      3[0m
[0;32mPASS PATTERN NO.2808[0m, [0;33mLatency:      3[0m
[0;32mPASS PATTERN NO.2809[0m, [0;33mLatency:      3[0m
[0;32mPASS PATTERN NO.2810[0m, [0;33mLatency:      3[0m
[0;32mPASS PATTERN NO.2811[0m, [0;33mLatency:      3[0m
[0;32mPASS PATTERN NO.2812[0m, [0;33mLatency:      3[0m
[0;32mPASS PATTERN NO.2813[0m, [0;33mLatency:      3[0m
[0;32mPASS PATTERN NO.2814[0m, [0;33mLatency:      3[0m
[0;32mPASS PATTERN NO.2815[0m, [0;33mLatency:      3[0m
[0;32mPASS PATTERN NO.2816[0m, [0;33mLatency:      3[0m
[0;32mPASS PATTERN NO.2817[0m, [0;33mLatency:      3[0m
[0;32mPASS PATTERN NO.2818[0m, [0;33mLatency:      3[0m
[0;32mPASS PATTERN NO.2819[0m, [0;33mLatency:      3[0m
[0;32mPASS PATTERN NO.2820[0m, [0;33mLatency:      3[0m
[0;32mPASS PATTERN NO.2821[0m, [0;33mLatency:      3[0m
[0;32mPASS PATTERN NO.2822[0m, [0;33mLatency:      3[0m
[0;32mPASS PATTERN NO.2823[0m, [0;33mLatency:      3[0m
[0;32mPASS PATTERN NO.2824[0m, [0;33mLatency:      3[0m
[0;32mPASS PATTERN NO.2825[0m, [0;33mLatency:      3[0m
[0;32mPASS PATTERN NO.2826[0m, [0;33mLatency:      3[0m
[0;32mPASS PATTERN NO.2827[0m, [0;33mLatency:      3[0m
[0;32mPASS PATTERN NO.2828[0m, [0;33mLatency:      3[0m
[0;32mPASS PATTERN NO.2829[0m, [0;33mLatency:      3[0m
[0;32mPASS PATTERN NO.2830[0m, [0;33mLatency:      3[0m
[0;32mPASS PATTERN NO.2831[0m, [0;33mLatency:      3[0m
[0;32mPASS PATTERN NO.2832[0m, [0;33mLatency:      3[0m
[0;32mPASS PATTERN NO.2833[0m, [0;33mLatency:      3[0m
[0;32mPASS PATTERN NO.2834[0m, [0;33mLatency:      3[0m
[0;32mPASS PATTERN NO.2835[0m, [0;33mLatency:      3[0m
[0;32mPASS PATTERN NO.2836[0m, [0;33mLatency:      3[0m
[0;32mPASS PATTERN NO.2837[0m, [0;33mLatency:      3[0m
[0;32mPASS PATTERN NO.2838[0m, [0;33mLatency:      3[0m
[0;32mPASS PATTERN NO.2839[0m, [0;33mLatency:      3[0m
[0;32mPASS PATTERN NO.2840[0m, [0;33mLatency:      3[0m
[0;32mPASS PATTERN NO.2841[0m, [0;33mLatency:      3[0m
[0;32mPASS PATTERN NO.2842[0m, [0;33mLatency:      3[0m
[0;32mPASS PATTERN NO.2843[0m, [0;33mLatency:      3[0m
[0;32mPASS PATTERN NO.2844[0m, [0;33mLatency:      3[0m
[0;32mPASS PATTERN NO.2845[0m, [0;33mLatency:      3[0m
[0;32mPASS PATTERN NO.2846[0m, [0;33mLatency:      3[0m
[0;32mPASS PATTERN NO.2847[0m, [0;33mLatency:      3[0m
[0;32mPASS PATTERN NO.2848[0m, [0;33mLatency:      3[0m
[0;32mPASS PATTERN NO.2849[0m, [0;33mLatency:      3[0m
[0;32mPASS PATTERN NO.2850[0m, [0;33mLatency:      3[0m
[0;32mPASS PATTERN NO.2851[0m, [0;33mLatency:      3[0m
[0;32mPASS PATTERN NO.2852[0m, [0;33mLatency:      3[0m
[0;32mPASS PATTERN NO.2853[0m, [0;33mLatency:      3[0m
[0;32mPASS PATTERN NO.2854[0m, [0;33mLatency:      3[0m
[0;32mPASS PATTERN NO.2855[0m, [0;33mLatency:      3[0m
[0;32mPASS PATTERN NO.2856[0m, [0;33mLatency:      3[0m
[0;32mPASS PATTERN NO.2857[0m, [0;33mLatency:      3[0m
[0;32mPASS PATTERN NO.2858[0m, [0;33mLatency:      3[0m
[0;32mPASS PATTERN NO.2859[0m, [0;33mLatency:      3[0m
[0;32mPASS PATTERN NO.2860[0m, [0;33mLatency:      3[0m
[0;32mPASS PATTERN NO.2861[0m, [0;33mLatency:      3[0m
[0;32mPASS PATTERN NO.2862[0m, [0;33mLatency:      3[0m
[0;32mPASS PATTERN NO.2863[0m, [0;33mLatency:      3[0m
[0;32mPASS PATTERN NO.2864[0m, [0;33mLatency:      3[0m
[0;32mPASS PATTERN NO.2865[0m, [0;33mLatency:      3[0m
[0;32mPASS PATTERN NO.2866[0m, [0;33mLatency:      3[0m
[0;32mPASS PATTERN NO.2867[0m, [0;33mLatency:      3[0m
[0;32mPASS PATTERN NO.2868[0m, [0;33mLatency:      3[0m
[0;32mPASS PATTERN NO.2869[0m, [0;33mLatency:      3[0m
[0;32mPASS PATTERN NO.2870[0m, [0;33mLatency:      3[0m
[0;32mPASS PATTERN NO.2871[0m, [0;33mLatency:      3[0m
[0;32mPASS PATTERN NO.2872[0m, [0;33mLatency:      3[0m
[0;32mPASS PATTERN NO.2873[0m, [0;33mLatency:      3[0m
[0;32mPASS PATTERN NO.2874[0m, [0;33mLatency:      3[0m
[0;32mPASS PATTERN NO.2875[0m, [0;33mLatency:      3[0m
[0;32mPASS PATTERN NO.2876[0m, [0;33mLatency:      3[0m
[0;32mPASS PATTERN NO.2877[0m, [0;33mLatency:      3[0m
[0;32mPASS PATTERN NO.2878[0m, [0;33mLatency:      3[0m
[0;32mPASS PATTERN NO.2879[0m, [0;33mLatency:      3[0m
[0;32mPASS PATTERN NO.2880[0m, [0;33mLatency:      3[0m
[0;32mPASS PATTERN NO.2881[0m, [0;33mLatency:      3[0m
[0;32mPASS PATTERN NO.2882[0m, [0;33mLatency:      3[0m
[0;32mPASS PATTERN NO.2883[0m, [0;33mLatency:      3[0m
[0;32mPASS PATTERN NO.2884[0m, [0;33mLatency:      3[0m
[0;32mPASS PATTERN NO.2885[0m, [0;33mLatency:      3[0m
[0;32mPASS PATTERN NO.2886[0m, [0;33mLatency:      3[0m
[0;32mPASS PATTERN NO.2887[0m, [0;33mLatency:      3[0m
[0;32mPASS PATTERN NO.2888[0m, [0;33mLatency:      3[0m
[0;32mPASS PATTERN NO.2889[0m, [0;33mLatency:      3[0m
[0;32mPASS PATTERN NO.2890[0m, [0;33mLatency:      3[0m
[0;32mPASS PATTERN NO.2891[0m, [0;33mLatency:      3[0m
[0;32mPASS PATTERN NO.2892[0m, [0;33mLatency:      3[0m
[0;32mPASS PATTERN NO.2893[0m, [0;33mLatency:      3[0m
[0;32mPASS PATTERN NO.2894[0m, [0;33mLatency:      3[0m
[0;32mPASS PATTERN NO.2895[0m, [0;33mLatency:      3[0m
[0;32mPASS PATTERN NO.2896[0m, [0;33mLatency:      3[0m
[0;32mPASS PATTERN NO.2897[0m, [0;33mLatency:      3[0m
[0;32mPASS PATTERN NO.2898[0m, [0;33mLatency:      3[0m
[0;32mPASS PATTERN NO.2899[0m, [0;33mLatency:      3[0m
[0;32mPASS PATTERN NO.2900[0m, [0;33mLatency:      3[0m
[0;32mPASS PATTERN NO.2901[0m, [0;33mLatency:      3[0m
[0;32mPASS PATTERN NO.2902[0m, [0;33mLatency:      3[0m
[0;32mPASS PATTERN NO.2903[0m, [0;33mLatency:      3[0m
[0;32mPASS PATTERN NO.2904[0m, [0;33mLatency:      3[0m
[0;32mPASS PATTERN NO.2905[0m, [0;33mLatency:      3[0m
[0;32mPASS PATTERN NO.2906[0m, [0;33mLatency:      3[0m
[0;32mPASS PATTERN NO.2907[0m, [0;33mLatency:      3[0m
[0;32mPASS PATTERN NO.2908[0m, [0;33mLatency:      3[0m
[0;32mPASS PATTERN NO.2909[0m, [0;33mLatency:      3[0m
[0;32mPASS PATTERN NO.2910[0m, [0;33mLatency:      3[0m
[0;32mPASS PATTERN NO.2911[0m, [0;33mLatency:      3[0m
[0;32mPASS PATTERN NO.2912[0m, [0;33mLatency:      3[0m
[0;32mPASS PATTERN NO.2913[0m, [0;33mLatency:      3[0m
[0;32mPASS PATTERN NO.2914[0m, [0;33mLatency:      3[0m
[0;32mPASS PATTERN NO.2915[0m, [0;33mLatency:      3[0m
[0;32mPASS PATTERN NO.2916[0m, [0;33mLatency:      3[0m
[0;32mPASS PATTERN NO.2917[0m, [0;33mLatency:      3[0m
[0;32mPASS PATTERN NO.2918[0m, [0;33mLatency:      3[0m
[0;32mPASS PATTERN NO.2919[0m, [0;33mLatency:      3[0m
[0;32mPASS PATTERN NO.2920[0m, [0;33mLatency:      3[0m
[0;32mPASS PATTERN NO.2921[0m, [0;33mLatency:      3[0m
[0;32mPASS PATTERN NO.2922[0m, [0;33mLatency:      3[0m
[0;32mPASS PATTERN NO.2923[0m, [0;33mLatency:      3[0m
[0;32mPASS PATTERN NO.2924[0m, [0;33mLatency:      3[0m
[0;32mPASS PATTERN NO.2925[0m, [0;33mLatency:      3[0m
[0;32mPASS PATTERN NO.2926[0m, [0;33mLatency:      3[0m
[0;32mPASS PATTERN NO.2927[0m, [0;33mLatency:      3[0m
[0;32mPASS PATTERN NO.2928[0m, [0;33mLatency:      3[0m
[0;32mPASS PATTERN NO.2929[0m, [0;33mLatency:      3[0m
[0;32mPASS PATTERN NO.2930[0m, [0;33mLatency:      3[0m
[0;32mPASS PATTERN NO.2931[0m, [0;33mLatency:      3[0m
[0;32mPASS PATTERN NO.2932[0m, [0;33mLatency:      3[0m
[0;32mPASS PATTERN NO.2933[0m, [0;33mLatency:      3[0m
[0;32mPASS PATTERN NO.2934[0m, [0;33mLatency:      3[0m
[0;32mPASS PATTERN NO.2935[0m, [0;33mLatency:      3[0m
[0;32mPASS PATTERN NO.2936[0m, [0;33mLatency:      3[0m
[0;32mPASS PATTERN NO.2937[0m, [0;33mLatency:      3[0m
[0;32mPASS PATTERN NO.2938[0m, [0;33mLatency:      3[0m
[0;32mPASS PATTERN NO.2939[0m, [0;33mLatency:      3[0m
[0;32mPASS PATTERN NO.2940[0m, [0;33mLatency:      3[0m
[0;32mPASS PATTERN NO.2941[0m, [0;33mLatency:      3[0m
[0;32mPASS PATTERN NO.2942[0m, [0;33mLatency:      3[0m
[0;32mPASS PATTERN NO.2943[0m, [0;33mLatency:      3[0m
[0;32mPASS PATTERN NO.2944[0m, [0;33mLatency:      3[0m
[0;32mPASS PATTERN NO.2945[0m, [0;33mLatency:      3[0m
[0;32mPASS PATTERN NO.2946[0m, [0;33mLatency:      3[0m
[0;32mPASS PATTERN NO.2947[0m, [0;33mLatency:      3[0m
[0;32mPASS PATTERN NO.2948[0m, [0;33mLatency:      3[0m
[0;32mPASS PATTERN NO.2949[0m, [0;33mLatency:      3[0m
[0;32mPASS PATTERN NO.2950[0m, [0;33mLatency:      3[0m
[0;32mPASS PATTERN NO.2951[0m, [0;33mLatency:      3[0m
[0;32mPASS PATTERN NO.2952[0m, [0;33mLatency:      3[0m
[0;32mPASS PATTERN NO.2953[0m, [0;33mLatency:      3[0m
[0;32mPASS PATTERN NO.2954[0m, [0;33mLatency:      3[0m
[0;32mPASS PATTERN NO.2955[0m, [0;33mLatency:      3[0m
[0;32mPASS PATTERN NO.2956[0m, [0;33mLatency:      3[0m
[0;32mPASS PATTERN NO.2957[0m, [0;33mLatency:      3[0m
[0;32mPASS PATTERN NO.2958[0m, [0;33mLatency:      3[0m
[0;32mPASS PATTERN NO.2959[0m, [0;33mLatency:      3[0m
[0;32mPASS PATTERN NO.2960[0m, [0;33mLatency:      3[0m
[0;32mPASS PATTERN NO.2961[0m, [0;33mLatency:      3[0m
[0;32mPASS PATTERN NO.2962[0m, [0;33mLatency:      3[0m
[0;32mPASS PATTERN NO.2963[0m, [0;33mLatency:      3[0m
[0;32mPASS PATTERN NO.2964[0m, [0;33mLatency:      3[0m
[0;32mPASS PATTERN NO.2965[0m, [0;33mLatency:      3[0m
[0;32mPASS PATTERN NO.2966[0m, [0;33mLatency:      3[0m
[0;32mPASS PATTERN NO.2967[0m, [0;33mLatency:      3[0m
[0;32mPASS PATTERN NO.2968[0m, [0;33mLatency:      3[0m
[0;32mPASS PATTERN NO.2969[0m, [0;33mLatency:      3[0m
[0;32mPASS PATTERN NO.2970[0m, [0;33mLatency:      3[0m
[0;32mPASS PATTERN NO.2971[0m, [0;33mLatency:      3[0m
[0;32mPASS PATTERN NO.2972[0m, [0;33mLatency:      3[0m
[0;32mPASS PATTERN NO.2973[0m, [0;33mLatency:      3[0m
[0;32mPASS PATTERN NO.2974[0m, [0;33mLatency:      3[0m
[0;32mPASS PATTERN NO.2975[0m, [0;33mLatency:      3[0m
[0;32mPASS PATTERN NO.2976[0m, [0;33mLatency:      3[0m
[0;32mPASS PATTERN NO.2977[0m, [0;33mLatency:      3[0m
[0;32mPASS PATTERN NO.2978[0m, [0;33mLatency:      3[0m
[0;32mPASS PATTERN NO.2979[0m, [0;33mLatency:      3[0m
[0;32mPASS PATTERN NO.2980[0m, [0;33mLatency:      3[0m
[0;32mPASS PATTERN NO.2981[0m, [0;33mLatency:      3[0m
[0;32mPASS PATTERN NO.2982[0m, [0;33mLatency:      3[0m
[0;32mPASS PATTERN NO.2983[0m, [0;33mLatency:      3[0m
[0;32mPASS PATTERN NO.2984[0m, [0;33mLatency:      3[0m
[0;32mPASS PATTERN NO.2985[0m, [0;33mLatency:      3[0m
[0;32mPASS PATTERN NO.2986[0m, [0;33mLatency:      3[0m
[0;32mPASS PATTERN NO.2987[0m, [0;33mLatency:      3[0m
[0;32mPASS PATTERN NO.2988[0m, [0;33mLatency:      3[0m
[0;32mPASS PATTERN NO.2989[0m, [0;33mLatency:      3[0m
[0;32mPASS PATTERN NO.2990[0m, [0;33mLatency:      3[0m
[0;32mPASS PATTERN NO.2991[0m, [0;33mLatency:      3[0m
[0;32mPASS PATTERN NO.2992[0m, [0;33mLatency:      3[0m
[0;32mPASS PATTERN NO.2993[0m, [0;33mLatency:      3[0m
[0;32mPASS PATTERN NO.2994[0m, [0;33mLatency:      3[0m
[0;32mPASS PATTERN NO.2995[0m, [0;33mLatency:      3[0m
[0;32mPASS PATTERN NO.2996[0m, [0;33mLatency:      3[0m
[0;32mPASS PATTERN NO.2997[0m, [0;33mLatency:      3[0m
[0;32mPASS PATTERN NO.2998[0m, [0;33mLatency:      3[0m
[0;32mPASS PATTERN NO.2999[0m, [0;33mLatency:      3[0m
[0;32mPASS PATTERN NO.3000[0m, [0;33mLatency:      3[0m
[0;32mPASS PATTERN NO.3001[0m, [0;33mLatency:      3[0m
[0;32mPASS PATTERN NO.3002[0m, [0;33mLatency:      3[0m
[0;32mPASS PATTERN NO.3003[0m, [0;33mLatency:      3[0m
[0;32mPASS PATTERN NO.3004[0m, [0;33mLatency:      3[0m
[0;32mPASS PATTERN NO.3005[0m, [0;33mLatency:      3[0m
[0;32mPASS PATTERN NO.3006[0m, [0;33mLatency:      3[0m
[0;32mPASS PATTERN NO.3007[0m, [0;33mLatency:      3[0m
[0;32mPASS PATTERN NO.3008[0m, [0;33mLatency:      3[0m
[0;32mPASS PATTERN NO.3009[0m, [0;33mLatency:      3[0m
[0;32mPASS PATTERN NO.3010[0m, [0;33mLatency:      3[0m
[0;32mPASS PATTERN NO.3011[0m, [0;33mLatency:      3[0m
[0;32mPASS PATTERN NO.3012[0m, [0;33mLatency:      3[0m
[0;32mPASS PATTERN NO.3013[0m, [0;33mLatency:      3[0m
[0;32mPASS PATTERN NO.3014[0m, [0;33mLatency:      3[0m
[0;32mPASS PATTERN NO.3015[0m, [0;33mLatency:      3[0m
[0;32mPASS PATTERN NO.3016[0m, [0;33mLatency:      3[0m
[0;32mPASS PATTERN NO.3017[0m, [0;33mLatency:      3[0m
[0;32mPASS PATTERN NO.3018[0m, [0;33mLatency:      3[0m
[0;32mPASS PATTERN NO.3019[0m, [0;33mLatency:      3[0m
[0;32mPASS PATTERN NO.3020[0m, [0;33mLatency:      3[0m
[0;32mPASS PATTERN NO.3021[0m, [0;33mLatency:      3[0m
[0;32mPASS PATTERN NO.3022[0m, [0;33mLatency:      3[0m
[0;32mPASS PATTERN NO.3023[0m, [0;33mLatency:      3[0m
[0;32mPASS PATTERN NO.3024[0m, [0;33mLatency:      3[0m
[0;32mPASS PATTERN NO.3025[0m, [0;33mLatency:      3[0m
[0;32mPASS PATTERN NO.3026[0m, [0;33mLatency:      3[0m
[0;32mPASS PATTERN NO.3027[0m, [0;33mLatency:      3[0m
[0;32mPASS PATTERN NO.3028[0m, [0;33mLatency:      3[0m
[0;32mPASS PATTERN NO.3029[0m, [0;33mLatency:      3[0m
[0;32mPASS PATTERN NO.3030[0m, [0;33mLatency:      3[0m
[0;32mPASS PATTERN NO.3031[0m, [0;33mLatency:      3[0m
[0;32mPASS PATTERN NO.3032[0m, [0;33mLatency:      3[0m
[0;32mPASS PATTERN NO.3033[0m, [0;33mLatency:      3[0m
[0;32mPASS PATTERN NO.3034[0m, [0;33mLatency:      3[0m
[0;32mPASS PATTERN NO.3035[0m, [0;33mLatency:      3[0m
[0;32mPASS PATTERN NO.3036[0m, [0;33mLatency:      3[0m
[0;32mPASS PATTERN NO.3037[0m, [0;33mLatency:      3[0m
[0;32mPASS PATTERN NO.3038[0m, [0;33mLatency:      3[0m
[0;32mPASS PATTERN NO.3039[0m, [0;33mLatency:      3[0m
[0;32mPASS PATTERN NO.3040[0m, [0;33mLatency:      3[0m
[0;32mPASS PATTERN NO.3041[0m, [0;33mLatency:      3[0m
[0;32mPASS PATTERN NO.3042[0m, [0;33mLatency:      3[0m
[0;32mPASS PATTERN NO.3043[0m, [0;33mLatency:      3[0m
[0;32mPASS PATTERN NO.3044[0m, [0;33mLatency:      3[0m
[0;32mPASS PATTERN NO.3045[0m, [0;33mLatency:      3[0m
[0;32mPASS PATTERN NO.3046[0m, [0;33mLatency:      3[0m
[0;32mPASS PATTERN NO.3047[0m, [0;33mLatency:      3[0m
[0;32mPASS PATTERN NO.3048[0m, [0;33mLatency:      3[0m
[0;32mPASS PATTERN NO.3049[0m, [0;33mLatency:      3[0m
[0;32mPASS PATTERN NO.3050[0m, [0;33mLatency:      3[0m
[0;32mPASS PATTERN NO.3051[0m, [0;33mLatency:      3[0m
[0;32mPASS PATTERN NO.3052[0m, [0;33mLatency:      3[0m
[0;32mPASS PATTERN NO.3053[0m, [0;33mLatency:      3[0m
[0;32mPASS PATTERN NO.3054[0m, [0;33mLatency:      3[0m
[0;32mPASS PATTERN NO.3055[0m, [0;33mLatency:      3[0m
[0;32mPASS PATTERN NO.3056[0m, [0;33mLatency:      3[0m
[0;32mPASS PATTERN NO.3057[0m, [0;33mLatency:      3[0m
[0;32mPASS PATTERN NO.3058[0m, [0;33mLatency:      3[0m
[0;32mPASS PATTERN NO.3059[0m, [0;33mLatency:      3[0m
[0;32mPASS PATTERN NO.3060[0m, [0;33mLatency:      3[0m
[0;32mPASS PATTERN NO.3061[0m, [0;33mLatency:      3[0m
[0;32mPASS PATTERN NO.3062[0m, [0;33mLatency:      3[0m
[0;32mPASS PATTERN NO.3063[0m, [0;33mLatency:      3[0m
[0;32mPASS PATTERN NO.3064[0m, [0;33mLatency:      3[0m
[0;32mPASS PATTERN NO.3065[0m, [0;33mLatency:      3[0m
[0;32mPASS PATTERN NO.3066[0m, [0;33mLatency:      3[0m
[0;32mPASS PATTERN NO.3067[0m, [0;33mLatency:      3[0m
[0;32mPASS PATTERN NO.3068[0m, [0;33mLatency:      3[0m
[0;32mPASS PATTERN NO.3069[0m, [0;33mLatency:      3[0m
[0;32mPASS PATTERN NO.3070[0m, [0;33mLatency:      3[0m
[0;32mPASS PATTERN NO.3071[0m, [0;33mLatency:      3[0m
[0;32mPASS PATTERN NO.3072[0m, [0;33mLatency:      3[0m
[0;32mPASS PATTERN NO.3073[0m, [0;33mLatency:      3[0m
[0;32mPASS PATTERN NO.3074[0m, [0;33mLatency:      3[0m
[0;32mPASS PATTERN NO.3075[0m, [0;33mLatency:      3[0m
[0;32mPASS PATTERN NO.3076[0m, [0;33mLatency:      3[0m
[0;32mPASS PATTERN NO.3077[0m, [0;33mLatency:      3[0m
[0;32mPASS PATTERN NO.3078[0m, [0;33mLatency:      3[0m
[0;32mPASS PATTERN NO.3079[0m, [0;33mLatency:      3[0m
[0;32mPASS PATTERN NO.3080[0m, [0;33mLatency:      3[0m
[0;32mPASS PATTERN NO.3081[0m, [0;33mLatency:      3[0m
[0;32mPASS PATTERN NO.3082[0m, [0;33mLatency:      3[0m
[0;32mPASS PATTERN NO.3083[0m, [0;33mLatency:      3[0m
[0;32mPASS PATTERN NO.3084[0m, [0;33mLatency:      3[0m
[0;32mPASS PATTERN NO.3085[0m, [0;33mLatency:      3[0m
[0;32mPASS PATTERN NO.3086[0m, [0;33mLatency:      3[0m
[0;32mPASS PATTERN NO.3087[0m, [0;33mLatency:      3[0m
[0;32mPASS PATTERN NO.3088[0m, [0;33mLatency:      3[0m
[0;32mPASS PATTERN NO.3089[0m, [0;33mLatency:      3[0m
[0;32mPASS PATTERN NO.3090[0m, [0;33mLatency:      3[0m
[0;32mPASS PATTERN NO.3091[0m, [0;33mLatency:      3[0m
[0;32mPASS PATTERN NO.3092[0m, [0;33mLatency:      3[0m
[0;32mPASS PATTERN NO.3093[0m, [0;33mLatency:      3[0m
[0;32mPASS PATTERN NO.3094[0m, [0;33mLatency:      3[0m
[0;32mPASS PATTERN NO.3095[0m, [0;33mLatency:      3[0m
[0;32mPASS PATTERN NO.3096[0m, [0;33mLatency:      3[0m
[0;32mPASS PATTERN NO.3097[0m, [0;33mLatency:      3[0m
[0;32mPASS PATTERN NO.3098[0m, [0;33mLatency:      3[0m
[0;32mPASS PATTERN NO.3099[0m, [0;33mLatency:      3[0m
[0;32mPASS PATTERN NO.3100[0m, [0;33mLatency:      3[0m
[0;32mPASS PATTERN NO.3101[0m, [0;33mLatency:      3[0m
[0;32mPASS PATTERN NO.3102[0m, [0;33mLatency:      3[0m
[0;32mPASS PATTERN NO.3103[0m, [0;33mLatency:      3[0m
[0;32mPASS PATTERN NO.3104[0m, [0;33mLatency:      3[0m
[0;32mPASS PATTERN NO.3105[0m, [0;33mLatency:      3[0m
[0;32mPASS PATTERN NO.3106[0m, [0;33mLatency:      3[0m
[0;32mPASS PATTERN NO.3107[0m, [0;33mLatency:      3[0m
[0;32mPASS PATTERN NO.3108[0m, [0;33mLatency:      3[0m
[0;32mPASS PATTERN NO.3109[0m, [0;33mLatency:      3[0m
[0;32mPASS PATTERN NO.3110[0m, [0;33mLatency:      3[0m
[0;32mPASS PATTERN NO.3111[0m, [0;33mLatency:      3[0m
[0;32mPASS PATTERN NO.3112[0m, [0;33mLatency:      3[0m
[0;32mPASS PATTERN NO.3113[0m, [0;33mLatency:      3[0m
[0;32mPASS PATTERN NO.3114[0m, [0;33mLatency:      3[0m
[0;32mPASS PATTERN NO.3115[0m, [0;33mLatency:      3[0m
[0;32mPASS PATTERN NO.3116[0m, [0;33mLatency:      3[0m
[0;32mPASS PATTERN NO.3117[0m, [0;33mLatency:      3[0m
[0;32mPASS PATTERN NO.3118[0m, [0;33mLatency:      3[0m
[0;32mPASS PATTERN NO.3119[0m, [0;33mLatency:      3[0m
[0;32mPASS PATTERN NO.3120[0m, [0;33mLatency:      3[0m
[0;32mPASS PATTERN NO.3121[0m, [0;33mLatency:      3[0m
[0;32mPASS PATTERN NO.3122[0m, [0;33mLatency:      3[0m
[0;32mPASS PATTERN NO.3123[0m, [0;33mLatency:      3[0m
[0;32mPASS PATTERN NO.3124[0m, [0;33mLatency:      3[0m
[0;32mPASS PATTERN NO.3125[0m, [0;33mLatency:      3[0m
[0;32mPASS PATTERN NO.3126[0m, [0;33mLatency:      3[0m
[0;32mPASS PATTERN NO.3127[0m, [0;33mLatency:      3[0m
[0;32mPASS PATTERN NO.3128[0m, [0;33mLatency:      3[0m
[0;32mPASS PATTERN NO.3129[0m, [0;33mLatency:      3[0m
[0;32mPASS PATTERN NO.3130[0m, [0;33mLatency:      3[0m
[0;32mPASS PATTERN NO.3131[0m, [0;33mLatency:      3[0m
[0;32mPASS PATTERN NO.3132[0m, [0;33mLatency:      3[0m
[0;32mPASS PATTERN NO.3133[0m, [0;33mLatency:      3[0m
[0;32mPASS PATTERN NO.3134[0m, [0;33mLatency:      3[0m
[0;32mPASS PATTERN NO.3135[0m, [0;33mLatency:      3[0m
[0;32mPASS PATTERN NO.3136[0m, [0;33mLatency:      3[0m
[0;32mPASS PATTERN NO.3137[0m, [0;33mLatency:      3[0m
[0;32mPASS PATTERN NO.3138[0m, [0;33mLatency:      3[0m
[0;32mPASS PATTERN NO.3139[0m, [0;33mLatency:      3[0m
[0;32mPASS PATTERN NO.3140[0m, [0;33mLatency:      3[0m
[0;32mPASS PATTERN NO.3141[0m, [0;33mLatency:      3[0m
[0;32mPASS PATTERN NO.3142[0m, [0;33mLatency:      3[0m
[0;32mPASS PATTERN NO.3143[0m, [0;33mLatency:      3[0m
[0;32mPASS PATTERN NO.3144[0m, [0;33mLatency:      3[0m
[0;32mPASS PATTERN NO.3145[0m, [0;33mLatency:      3[0m
[0;32mPASS PATTERN NO.3146[0m, [0;33mLatency:      3[0m
[0;32mPASS PATTERN NO.3147[0m, [0;33mLatency:      3[0m
[0;32mPASS PATTERN NO.3148[0m, [0;33mLatency:      3[0m
[0;32mPASS PATTERN NO.3149[0m, [0;33mLatency:      3[0m
[0;32mPASS PATTERN NO.3150[0m, [0;33mLatency:      3[0m
[0;32mPASS PATTERN NO.3151[0m, [0;33mLatency:      3[0m
[0;32mPASS PATTERN NO.3152[0m, [0;33mLatency:      3[0m
[0;32mPASS PATTERN NO.3153[0m, [0;33mLatency:      3[0m
[0;32mPASS PATTERN NO.3154[0m, [0;33mLatency:      3[0m
[0;32mPASS PATTERN NO.3155[0m, [0;33mLatency:      3[0m
[0;32mPASS PATTERN NO.3156[0m, [0;33mLatency:      3[0m
[0;32mPASS PATTERN NO.3157[0m, [0;33mLatency:      3[0m
[0;32mPASS PATTERN NO.3158[0m, [0;33mLatency:      3[0m
[0;32mPASS PATTERN NO.3159[0m, [0;33mLatency:      3[0m
[0;32mPASS PATTERN NO.3160[0m, [0;33mLatency:      3[0m
[0;32mPASS PATTERN NO.3161[0m, [0;33mLatency:      3[0m
[0;32mPASS PATTERN NO.3162[0m, [0;33mLatency:      3[0m
[0;32mPASS PATTERN NO.3163[0m, [0;33mLatency:      3[0m
[0;32mPASS PATTERN NO.3164[0m, [0;33mLatency:      3[0m
[0;32mPASS PATTERN NO.3165[0m, [0;33mLatency:      3[0m
[0;32mPASS PATTERN NO.3166[0m, [0;33mLatency:      3[0m
[0;32mPASS PATTERN NO.3167[0m, [0;33mLatency:      3[0m
[0;32mPASS PATTERN NO.3168[0m, [0;33mLatency:      3[0m
[0;32mPASS PATTERN NO.3169[0m, [0;33mLatency:      3[0m
[0;32mPASS PATTERN NO.3170[0m, [0;33mLatency:      3[0m
[0;32mPASS PATTERN NO.3171[0m, [0;33mLatency:      3[0m
[0;32mPASS PATTERN NO.3172[0m, [0;33mLatency:      3[0m
[0;32mPASS PATTERN NO.3173[0m, [0;33mLatency:      3[0m
[0;32mPASS PATTERN NO.3174[0m, [0;33mLatency:      3[0m
[0;32mPASS PATTERN NO.3175[0m, [0;33mLatency:      3[0m
[0;32mPASS PATTERN NO.3176[0m, [0;33mLatency:      3[0m
[0;32mPASS PATTERN NO.3177[0m, [0;33mLatency:      3[0m
[0;32mPASS PATTERN NO.3178[0m, [0;33mLatency:      3[0m
[0;32mPASS PATTERN NO.3179[0m, [0;33mLatency:      3[0m
[0;32mPASS PATTERN NO.3180[0m, [0;33mLatency:      3[0m
[0;32mPASS PATTERN NO.3181[0m, [0;33mLatency:      3[0m
[0;32mPASS PATTERN NO.3182[0m, [0;33mLatency:      3[0m
[0;32mPASS PATTERN NO.3183[0m, [0;33mLatency:      3[0m
[0;32mPASS PATTERN NO.3184[0m, [0;33mLatency:      3[0m
[0;32mPASS PATTERN NO.3185[0m, [0;33mLatency:      3[0m
[0;32mPASS PATTERN NO.3186[0m, [0;33mLatency:      3[0m
[0;32mPASS PATTERN NO.3187[0m, [0;33mLatency:      3[0m
[0;32mPASS PATTERN NO.3188[0m, [0;33mLatency:      3[0m
[0;32mPASS PATTERN NO.3189[0m, [0;33mLatency:      3[0m
[0;32mPASS PATTERN NO.3190[0m, [0;33mLatency:      3[0m
[0;32mPASS PATTERN NO.3191[0m, [0;33mLatency:      3[0m
[0;32mPASS PATTERN NO.3192[0m, [0;33mLatency:      3[0m
[0;32mPASS PATTERN NO.3193[0m, [0;33mLatency:      3[0m
[0;32mPASS PATTERN NO.3194[0m, [0;33mLatency:      3[0m
[0;32mPASS PATTERN NO.3195[0m, [0;33mLatency:      3[0m
[0;32mPASS PATTERN NO.3196[0m, [0;33mLatency:      3[0m
[0;32mPASS PATTERN NO.3197[0m, [0;33mLatency:      3[0m
[0;32mPASS PATTERN NO.3198[0m, [0;33mLatency:      3[0m
[0;32mPASS PATTERN NO.3199[0m, [0;33mLatency:      3[0m
[0;32mPASS PATTERN NO.3200[0m, [0;33mLatency:      3[0m
[0;32mPASS PATTERN NO.3201[0m, [0;33mLatency:      3[0m
[0;32mPASS PATTERN NO.3202[0m, [0;33mLatency:      3[0m
[0;32mPASS PATTERN NO.3203[0m, [0;33mLatency:      3[0m
[0;32mPASS PATTERN NO.3204[0m, [0;33mLatency:      3[0m
[0;32mPASS PATTERN NO.3205[0m, [0;33mLatency:      3[0m
[0;32mPASS PATTERN NO.3206[0m, [0;33mLatency:      3[0m
[0;32mPASS PATTERN NO.3207[0m, [0;33mLatency:      3[0m
[0;32mPASS PATTERN NO.3208[0m, [0;33mLatency:      3[0m
[0;32mPASS PATTERN NO.3209[0m, [0;33mLatency:      3[0m
[0;32mPASS PATTERN NO.3210[0m, [0;33mLatency:      3[0m
[0;32mPASS PATTERN NO.3211[0m, [0;33mLatency:      3[0m
[0;32mPASS PATTERN NO.3212[0m, [0;33mLatency:      3[0m
[0;32mPASS PATTERN NO.3213[0m, [0;33mLatency:      3[0m
[0;32mPASS PATTERN NO.3214[0m, [0;33mLatency:      3[0m
[0;32mPASS PATTERN NO.3215[0m, [0;33mLatency:      3[0m
[0;32mPASS PATTERN NO.3216[0m, [0;33mLatency:      3[0m
[0;32mPASS PATTERN NO.3217[0m, [0;33mLatency:      3[0m
[0;32mPASS PATTERN NO.3218[0m, [0;33mLatency:      3[0m
[0;32mPASS PATTERN NO.3219[0m, [0;33mLatency:      3[0m
[0;32mPASS PATTERN NO.3220[0m, [0;33mLatency:      3[0m
[0;32mPASS PATTERN NO.3221[0m, [0;33mLatency:      3[0m
[0;32mPASS PATTERN NO.3222[0m, [0;33mLatency:      3[0m
[0;32mPASS PATTERN NO.3223[0m, [0;33mLatency:      3[0m
[0;32mPASS PATTERN NO.3224[0m, [0;33mLatency:      3[0m
[0;32mPASS PATTERN NO.3225[0m, [0;33mLatency:      3[0m
[0;32mPASS PATTERN NO.3226[0m, [0;33mLatency:      3[0m
[0;32mPASS PATTERN NO.3227[0m, [0;33mLatency:      3[0m
[0;32mPASS PATTERN NO.3228[0m, [0;33mLatency:      3[0m
[0;32mPASS PATTERN NO.3229[0m, [0;33mLatency:      3[0m
[0;32mPASS PATTERN NO.3230[0m, [0;33mLatency:      3[0m
[0;32mPASS PATTERN NO.3231[0m, [0;33mLatency:      3[0m
[0;32mPASS PATTERN NO.3232[0m, [0;33mLatency:      3[0m
[0;32mPASS PATTERN NO.3233[0m, [0;33mLatency:      3[0m
[0;32mPASS PATTERN NO.3234[0m, [0;33mLatency:      3[0m
[0;32mPASS PATTERN NO.3235[0m, [0;33mLatency:      3[0m
[0;32mPASS PATTERN NO.3236[0m, [0;33mLatency:      3[0m
[0;32mPASS PATTERN NO.3237[0m, [0;33mLatency:      3[0m
[0;32mPASS PATTERN NO.3238[0m, [0;33mLatency:      3[0m
[0;32mPASS PATTERN NO.3239[0m, [0;33mLatency:      3[0m
[0;32mPASS PATTERN NO.3240[0m, [0;33mLatency:      3[0m
[0;32mPASS PATTERN NO.3241[0m, [0;33mLatency:      3[0m
[0;32mPASS PATTERN NO.3242[0m, [0;33mLatency:      3[0m
[0;32mPASS PATTERN NO.3243[0m, [0;33mLatency:      3[0m
[0;32mPASS PATTERN NO.3244[0m, [0;33mLatency:      3[0m
[0;32mPASS PATTERN NO.3245[0m, [0;33mLatency:      3[0m
[0;32mPASS PATTERN NO.3246[0m, [0;33mLatency:      3[0m
[0;32mPASS PATTERN NO.3247[0m, [0;33mLatency:      3[0m
[0;32mPASS PATTERN NO.3248[0m, [0;33mLatency:      3[0m
[0;32mPASS PATTERN NO.3249[0m, [0;33mLatency:      3[0m
[0;32mPASS PATTERN NO.3250[0m, [0;33mLatency:      3[0m
[0;32mPASS PATTERN NO.3251[0m, [0;33mLatency:      3[0m
[0;32mPASS PATTERN NO.3252[0m, [0;33mLatency:      3[0m
[0;32mPASS PATTERN NO.3253[0m, [0;33mLatency:      3[0m
[0;32mPASS PATTERN NO.3254[0m, [0;33mLatency:      3[0m
[0;32mPASS PATTERN NO.3255[0m, [0;33mLatency:      3[0m
[0;32mPASS PATTERN NO.3256[0m, [0;33mLatency:      3[0m
[0;32mPASS PATTERN NO.3257[0m, [0;33mLatency:      3[0m
[0;32mPASS PATTERN NO.3258[0m, [0;33mLatency:      3[0m
[0;32mPASS PATTERN NO.3259[0m, [0;33mLatency:      3[0m
[0;32mPASS PATTERN NO.3260[0m, [0;33mLatency:      3[0m
[0;32mPASS PATTERN NO.3261[0m, [0;33mLatency:      3[0m
[0;32mPASS PATTERN NO.3262[0m, [0;33mLatency:      3[0m
[0;32mPASS PATTERN NO.3263[0m, [0;33mLatency:      3[0m
[0;32mPASS PATTERN NO.3264[0m, [0;33mLatency:      3[0m
[0;32mPASS PATTERN NO.3265[0m, [0;33mLatency:      3[0m
[0;32mPASS PATTERN NO.3266[0m, [0;33mLatency:      3[0m
[0;32mPASS PATTERN NO.3267[0m, [0;33mLatency:      3[0m
[0;32mPASS PATTERN NO.3268[0m, [0;33mLatency:      3[0m
[0;32mPASS PATTERN NO.3269[0m, [0;33mLatency:      3[0m
[0;32mPASS PATTERN NO.3270[0m, [0;33mLatency:      3[0m
[0;32mPASS PATTERN NO.3271[0m, [0;33mLatency:      3[0m
[0;32mPASS PATTERN NO.3272[0m, [0;33mLatency:      3[0m
[0;32mPASS PATTERN NO.3273[0m, [0;33mLatency:      3[0m
[0;32mPASS PATTERN NO.3274[0m, [0;33mLatency:      3[0m
[0;32mPASS PATTERN NO.3275[0m, [0;33mLatency:      3[0m
[0;32mPASS PATTERN NO.3276[0m, [0;33mLatency:      3[0m
[0;32mPASS PATTERN NO.3277[0m, [0;33mLatency:      3[0m
[0;32mPASS PATTERN NO.3278[0m, [0;33mLatency:      3[0m
[0;32mPASS PATTERN NO.3279[0m, [0;33mLatency:      3[0m
[0;32mPASS PATTERN NO.3280[0m, [0;33mLatency:      3[0m
[0;32mPASS PATTERN NO.3281[0m, [0;33mLatency:      3[0m
[0;32mPASS PATTERN NO.3282[0m, [0;33mLatency:      3[0m
[0;32mPASS PATTERN NO.3283[0m, [0;33mLatency:      3[0m
[0;32mPASS PATTERN NO.3284[0m, [0;33mLatency:      3[0m
[0;32mPASS PATTERN NO.3285[0m, [0;33mLatency:      3[0m
[0;32mPASS PATTERN NO.3286[0m, [0;33mLatency:      3[0m
[0;32mPASS PATTERN NO.3287[0m, [0;33mLatency:      3[0m
[0;32mPASS PATTERN NO.3288[0m, [0;33mLatency:      3[0m
[0;32mPASS PATTERN NO.3289[0m, [0;33mLatency:      3[0m
[0;32mPASS PATTERN NO.3290[0m, [0;33mLatency:      3[0m
[0;32mPASS PATTERN NO.3291[0m, [0;33mLatency:      3[0m
[0;32mPASS PATTERN NO.3292[0m, [0;33mLatency:      3[0m
[0;32mPASS PATTERN NO.3293[0m, [0;33mLatency:      3[0m
[0;32mPASS PATTERN NO.3294[0m, [0;33mLatency:      3[0m
[0;32mPASS PATTERN NO.3295[0m, [0;33mLatency:      3[0m
[0;32mPASS PATTERN NO.3296[0m, [0;33mLatency:      3[0m
[0;32mPASS PATTERN NO.3297[0m, [0;33mLatency:      3[0m
[0;32mPASS PATTERN NO.3298[0m, [0;33mLatency:      3[0m
[0;32mPASS PATTERN NO.3299[0m, [0;33mLatency:      3[0m
[0;32mPASS PATTERN NO.3300[0m, [0;33mLatency:      3[0m
[0;32mPASS PATTERN NO.3301[0m, [0;33mLatency:      3[0m
[0;32mPASS PATTERN NO.3302[0m, [0;33mLatency:      3[0m
[0;32mPASS PATTERN NO.3303[0m, [0;33mLatency:      3[0m
[0;32mPASS PATTERN NO.3304[0m, [0;33mLatency:      3[0m
[0;32mPASS PATTERN NO.3305[0m, [0;33mLatency:      3[0m
[0;32mPASS PATTERN NO.3306[0m, [0;33mLatency:      3[0m
[0;32mPASS PATTERN NO.3307[0m, [0;33mLatency:      3[0m
[0;32mPASS PATTERN NO.3308[0m, [0;33mLatency:      3[0m
[0;32mPASS PATTERN NO.3309[0m, [0;33mLatency:      3[0m
[0;32mPASS PATTERN NO.3310[0m, [0;33mLatency:      3[0m
[0;32mPASS PATTERN NO.3311[0m, [0;33mLatency:      3[0m
[0;32mPASS PATTERN NO.3312[0m, [0;33mLatency:      3[0m
[0;32mPASS PATTERN NO.3313[0m, [0;33mLatency:      3[0m
[0;32mPASS PATTERN NO.3314[0m, [0;33mLatency:      3[0m
[0;32mPASS PATTERN NO.3315[0m, [0;33mLatency:      3[0m
[0;32mPASS PATTERN NO.3316[0m, [0;33mLatency:      3[0m
[0;32mPASS PATTERN NO.3317[0m, [0;33mLatency:      3[0m
[0;32mPASS PATTERN NO.3318[0m, [0;33mLatency:      3[0m
[0;32mPASS PATTERN NO.3319[0m, [0;33mLatency:      3[0m
[0;32mPASS PATTERN NO.3320[0m, [0;33mLatency:      3[0m
[0;32mPASS PATTERN NO.3321[0m, [0;33mLatency:      3[0m
[0;32mPASS PATTERN NO.3322[0m, [0;33mLatency:      3[0m
[0;32mPASS PATTERN NO.3323[0m, [0;33mLatency:      3[0m
[0;32mPASS PATTERN NO.3324[0m, [0;33mLatency:      3[0m
[0;32mPASS PATTERN NO.3325[0m, [0;33mLatency:      3[0m
[0;32mPASS PATTERN NO.3326[0m, [0;33mLatency:      3[0m
[0;32mPASS PATTERN NO.3327[0m, [0;33mLatency:      3[0m
[0;32mPASS PATTERN NO.3328[0m, [0;33mLatency:      3[0m
[0;32mPASS PATTERN NO.3329[0m, [0;33mLatency:      3[0m
[0;32mPASS PATTERN NO.3330[0m, [0;33mLatency:      3[0m
[0;32mPASS PATTERN NO.3331[0m, [0;33mLatency:      3[0m
[0;32mPASS PATTERN NO.3332[0m, [0;33mLatency:      3[0m
[0;32mPASS PATTERN NO.3333[0m, [0;33mLatency:      3[0m
[0;32mPASS PATTERN NO.3334[0m, [0;33mLatency:      3[0m
[0;32mPASS PATTERN NO.3335[0m, [0;33mLatency:      3[0m
[0;32mPASS PATTERN NO.3336[0m, [0;33mLatency:      3[0m
[0;32mPASS PATTERN NO.3337[0m, [0;33mLatency:      3[0m
[0;32mPASS PATTERN NO.3338[0m, [0;33mLatency:      3[0m
[0;32mPASS PATTERN NO.3339[0m, [0;33mLatency:      3[0m
[0;32mPASS PATTERN NO.3340[0m, [0;33mLatency:      3[0m
[0;32mPASS PATTERN NO.3341[0m, [0;33mLatency:      3[0m
[0;32mPASS PATTERN NO.3342[0m, [0;33mLatency:      3[0m
[0;32mPASS PATTERN NO.3343[0m, [0;33mLatency:      3[0m
[0;32mPASS PATTERN NO.3344[0m, [0;33mLatency:      3[0m
[0;32mPASS PATTERN NO.3345[0m, [0;33mLatency:      3[0m
[0;32mPASS PATTERN NO.3346[0m, [0;33mLatency:      3[0m
[0;32mPASS PATTERN NO.3347[0m, [0;33mLatency:      3[0m
[0;32mPASS PATTERN NO.3348[0m, [0;33mLatency:      3[0m
[0;32mPASS PATTERN NO.3349[0m, [0;33mLatency:      3[0m
[0;32mPASS PATTERN NO.3350[0m, [0;33mLatency:      3[0m
[0;32mPASS PATTERN NO.3351[0m, [0;33mLatency:      3[0m
[0;32mPASS PATTERN NO.3352[0m, [0;33mLatency:      3[0m
[0;32mPASS PATTERN NO.3353[0m, [0;33mLatency:      3[0m
[0;32mPASS PATTERN NO.3354[0m, [0;33mLatency:      3[0m
[0;32mPASS PATTERN NO.3355[0m, [0;33mLatency:      3[0m
[0;32mPASS PATTERN NO.3356[0m, [0;33mLatency:      3[0m
[0;32mPASS PATTERN NO.3357[0m, [0;33mLatency:      3[0m
[0;32mPASS PATTERN NO.3358[0m, [0;33mLatency:      3[0m
[0;32mPASS PATTERN NO.3359[0m, [0;33mLatency:      3[0m
[0;32mPASS PATTERN NO.3360[0m, [0;33mLatency:      3[0m
[0;32mPASS PATTERN NO.3361[0m, [0;33mLatency:      3[0m
[0;32mPASS PATTERN NO.3362[0m, [0;33mLatency:      3[0m
[0;32mPASS PATTERN NO.3363[0m, [0;33mLatency:      3[0m
[0;32mPASS PATTERN NO.3364[0m, [0;33mLatency:      3[0m
[0;32mPASS PATTERN NO.3365[0m, [0;33mLatency:      3[0m
[0;32mPASS PATTERN NO.3366[0m, [0;33mLatency:      3[0m
[0;32mPASS PATTERN NO.3367[0m, [0;33mLatency:      3[0m
[0;32mPASS PATTERN NO.3368[0m, [0;33mLatency:      3[0m
[0;32mPASS PATTERN NO.3369[0m, [0;33mLatency:      3[0m
[0;32mPASS PATTERN NO.3370[0m, [0;33mLatency:      3[0m
[0;32mPASS PATTERN NO.3371[0m, [0;33mLatency:      3[0m
[0;32mPASS PATTERN NO.3372[0m, [0;33mLatency:      3[0m
[0;32mPASS PATTERN NO.3373[0m, [0;33mLatency:      3[0m
[0;32mPASS PATTERN NO.3374[0m, [0;33mLatency:      3[0m
[0;32mPASS PATTERN NO.3375[0m, [0;33mLatency:      3[0m
[0;32mPASS PATTERN NO.3376[0m, [0;33mLatency:      3[0m
[0;32mPASS PATTERN NO.3377[0m, [0;33mLatency:      3[0m
[0;32mPASS PATTERN NO.3378[0m, [0;33mLatency:      3[0m
[0;32mPASS PATTERN NO.3379[0m, [0;33mLatency:      3[0m
[0;32mPASS PATTERN NO.3380[0m, [0;33mLatency:      3[0m
[0;32mPASS PATTERN NO.3381[0m, [0;33mLatency:      3[0m
[0;32mPASS PATTERN NO.3382[0m, [0;33mLatency:      3[0m
[0;32mPASS PATTERN NO.3383[0m, [0;33mLatency:      3[0m
[0;32mPASS PATTERN NO.3384[0m, [0;33mLatency:      3[0m
[0;32mPASS PATTERN NO.3385[0m, [0;33mLatency:      3[0m
[0;32mPASS PATTERN NO.3386[0m, [0;33mLatency:      3[0m
[0;32mPASS PATTERN NO.3387[0m, [0;33mLatency:      3[0m
[0;32mPASS PATTERN NO.3388[0m, [0;33mLatency:      3[0m
[0;32mPASS PATTERN NO.3389[0m, [0;33mLatency:      3[0m
[0;32mPASS PATTERN NO.3390[0m, [0;33mLatency:      3[0m
[0;32mPASS PATTERN NO.3391[0m, [0;33mLatency:      3[0m
[0;32mPASS PATTERN NO.3392[0m, [0;33mLatency:      3[0m
[0;32mPASS PATTERN NO.3393[0m, [0;33mLatency:      3[0m
[0;32mPASS PATTERN NO.3394[0m, [0;33mLatency:      3[0m
[0;32mPASS PATTERN NO.3395[0m, [0;33mLatency:      3[0m
[0;32mPASS PATTERN NO.3396[0m, [0;33mLatency:      3[0m
[0;32mPASS PATTERN NO.3397[0m, [0;33mLatency:      3[0m
[0;32mPASS PATTERN NO.3398[0m, [0;33mLatency:      3[0m
[0;32mPASS PATTERN NO.3399[0m, [0;33mLatency:      3[0m
[0;32mPASS PATTERN NO.3400[0m, [0;33mLatency:      3[0m
[0;32mPASS PATTERN NO.3401[0m, [0;33mLatency:      3[0m
[0;32mPASS PATTERN NO.3402[0m, [0;33mLatency:      3[0m
[0;32mPASS PATTERN NO.3403[0m, [0;33mLatency:      3[0m
[0;32mPASS PATTERN NO.3404[0m, [0;33mLatency:      3[0m
[0;32mPASS PATTERN NO.3405[0m, [0;33mLatency:      3[0m
[0;32mPASS PATTERN NO.3406[0m, [0;33mLatency:      3[0m
[0;32mPASS PATTERN NO.3407[0m, [0;33mLatency:      3[0m
[0;32mPASS PATTERN NO.3408[0m, [0;33mLatency:      3[0m
[0;32mPASS PATTERN NO.3409[0m, [0;33mLatency:      3[0m
[0;32mPASS PATTERN NO.3410[0m, [0;33mLatency:      3[0m
[0;32mPASS PATTERN NO.3411[0m, [0;33mLatency:      3[0m
[0;32mPASS PATTERN NO.3412[0m, [0;33mLatency:      3[0m
[0;32mPASS PATTERN NO.3413[0m, [0;33mLatency:      3[0m
[0;32mPASS PATTERN NO.3414[0m, [0;33mLatency:      3[0m
[0;32mPASS PATTERN NO.3415[0m, [0;33mLatency:      3[0m
[0;32mPASS PATTERN NO.3416[0m, [0;33mLatency:      3[0m
[0;32mPASS PATTERN NO.3417[0m, [0;33mLatency:      3[0m
[0;32mPASS PATTERN NO.3418[0m, [0;33mLatency:      3[0m
[0;32mPASS PATTERN NO.3419[0m, [0;33mLatency:      3[0m
[0;32mPASS PATTERN NO.3420[0m, [0;33mLatency:      3[0m
[0;32mPASS PATTERN NO.3421[0m, [0;33mLatency:      3[0m
[0;32mPASS PATTERN NO.3422[0m, [0;33mLatency:      3[0m
[0;32mPASS PATTERN NO.3423[0m, [0;33mLatency:      3[0m
[0;32mPASS PATTERN NO.3424[0m, [0;33mLatency:      3[0m
[0;32mPASS PATTERN NO.3425[0m, [0;33mLatency:      3[0m
[0;32mPASS PATTERN NO.3426[0m, [0;33mLatency:      3[0m
[0;32mPASS PATTERN NO.3427[0m, [0;33mLatency:      3[0m
[0;32mPASS PATTERN NO.3428[0m, [0;33mLatency:      3[0m
[0;32mPASS PATTERN NO.3429[0m, [0;33mLatency:      3[0m
[0;32mPASS PATTERN NO.3430[0m, [0;33mLatency:      3[0m
[0;32mPASS PATTERN NO.3431[0m, [0;33mLatency:      3[0m
[0;32mPASS PATTERN NO.3432[0m, [0;33mLatency:      3[0m
[0;32mPASS PATTERN NO.3433[0m, [0;33mLatency:      3[0m
[0;32mPASS PATTERN NO.3434[0m, [0;33mLatency:      3[0m
[0;32mPASS PATTERN NO.3435[0m, [0;33mLatency:      3[0m
[0;32mPASS PATTERN NO.3436[0m, [0;33mLatency:      3[0m
[0;32mPASS PATTERN NO.3437[0m, [0;33mLatency:      3[0m
[0;32mPASS PATTERN NO.3438[0m, [0;33mLatency:      3[0m
[0;32mPASS PATTERN NO.3439[0m, [0;33mLatency:      3[0m
[0;32mPASS PATTERN NO.3440[0m, [0;33mLatency:      3[0m
[0;32mPASS PATTERN NO.3441[0m, [0;33mLatency:      3[0m
[0;32mPASS PATTERN NO.3442[0m, [0;33mLatency:      3[0m
[0;32mPASS PATTERN NO.3443[0m, [0;33mLatency:      3[0m
[0;32mPASS PATTERN NO.3444[0m, [0;33mLatency:      3[0m
[0;32mPASS PATTERN NO.3445[0m, [0;33mLatency:      3[0m
[0;32mPASS PATTERN NO.3446[0m, [0;33mLatency:      3[0m
[0;32mPASS PATTERN NO.3447[0m, [0;33mLatency:      3[0m
[0;32mPASS PATTERN NO.3448[0m, [0;33mLatency:      3[0m
[0;32mPASS PATTERN NO.3449[0m, [0;33mLatency:      3[0m
[0;32mPASS PATTERN NO.3450[0m, [0;33mLatency:      3[0m
[0;32mPASS PATTERN NO.3451[0m, [0;33mLatency:      3[0m
[0;32mPASS PATTERN NO.3452[0m, [0;33mLatency:      3[0m
[0;32mPASS PATTERN NO.3453[0m, [0;33mLatency:      3[0m
[0;32mPASS PATTERN NO.3454[0m, [0;33mLatency:      3[0m
[0;32mPASS PATTERN NO.3455[0m, [0;33mLatency:      3[0m
[0;32mPASS PATTERN NO.3456[0m, [0;33mLatency:      3[0m
[0;32mPASS PATTERN NO.3457[0m, [0;33mLatency:      3[0m
[0;32mPASS PATTERN NO.3458[0m, [0;33mLatency:      3[0m
[0;32mPASS PATTERN NO.3459[0m, [0;33mLatency:      3[0m
[0;32mPASS PATTERN NO.3460[0m, [0;33mLatency:      3[0m
[0;32mPASS PATTERN NO.3461[0m, [0;33mLatency:      3[0m
[0;32mPASS PATTERN NO.3462[0m, [0;33mLatency:      3[0m
[0;32mPASS PATTERN NO.3463[0m, [0;33mLatency:      3[0m
[0;32mPASS PATTERN NO.3464[0m, [0;33mLatency:      3[0m
[0;32mPASS PATTERN NO.3465[0m, [0;33mLatency:      3[0m
[0;32mPASS PATTERN NO.3466[0m, [0;33mLatency:      3[0m
[0;32mPASS PATTERN NO.3467[0m, [0;33mLatency:      3[0m
[0;32mPASS PATTERN NO.3468[0m, [0;33mLatency:      3[0m
[0;32mPASS PATTERN NO.3469[0m, [0;33mLatency:      3[0m
[0;32mPASS PATTERN NO.3470[0m, [0;33mLatency:      3[0m
[0;32mPASS PATTERN NO.3471[0m, [0;33mLatency:      3[0m
[0;32mPASS PATTERN NO.3472[0m, [0;33mLatency:      3[0m
[0;32mPASS PATTERN NO.3473[0m, [0;33mLatency:      3[0m
[0;32mPASS PATTERN NO.3474[0m, [0;33mLatency:      3[0m
[0;32mPASS PATTERN NO.3475[0m, [0;33mLatency:      3[0m
[0;32mPASS PATTERN NO.3476[0m, [0;33mLatency:      3[0m
[0;32mPASS PATTERN NO.3477[0m, [0;33mLatency:      3[0m
[0;32mPASS PATTERN NO.3478[0m, [0;33mLatency:      3[0m
[0;32mPASS PATTERN NO.3479[0m, [0;33mLatency:      3[0m
[0;32mPASS PATTERN NO.3480[0m, [0;33mLatency:      3[0m
[0;32mPASS PATTERN NO.3481[0m, [0;33mLatency:      3[0m
[0;32mPASS PATTERN NO.3482[0m, [0;33mLatency:      3[0m
[0;32mPASS PATTERN NO.3483[0m, [0;33mLatency:      3[0m
[0;32mPASS PATTERN NO.3484[0m, [0;33mLatency:      3[0m
[0;32mPASS PATTERN NO.3485[0m, [0;33mLatency:      3[0m
[0;32mPASS PATTERN NO.3486[0m, [0;33mLatency:      3[0m
[0;32mPASS PATTERN NO.3487[0m, [0;33mLatency:      3[0m
[0;32mPASS PATTERN NO.3488[0m, [0;33mLatency:      3[0m
[0;32mPASS PATTERN NO.3489[0m, [0;33mLatency:      3[0m
[0;32mPASS PATTERN NO.3490[0m, [0;33mLatency:      3[0m
[0;32mPASS PATTERN NO.3491[0m, [0;33mLatency:      3[0m
[0;32mPASS PATTERN NO.3492[0m, [0;33mLatency:      3[0m
[0;32mPASS PATTERN NO.3493[0m, [0;33mLatency:      3[0m
[0;32mPASS PATTERN NO.3494[0m, [0;33mLatency:      3[0m
[0;32mPASS PATTERN NO.3495[0m, [0;33mLatency:      3[0m
[0;32mPASS PATTERN NO.3496[0m, [0;33mLatency:      3[0m
[0;32mPASS PATTERN NO.3497[0m, [0;33mLatency:      3[0m
[0;32mPASS PATTERN NO.3498[0m, [0;33mLatency:      3[0m
[0;32mPASS PATTERN NO.3499[0m, [0;33mLatency:      3[0m
[0;32mPASS PATTERN NO.3500[0m, [0;33mLatency:      3[0m
[0;32mPASS PATTERN NO.3501[0m, [0;33mLatency:      3[0m
[0;32mPASS PATTERN NO.3502[0m, [0;33mLatency:      3[0m
[0;32mPASS PATTERN NO.3503[0m, [0;33mLatency:      3[0m
[0;32mPASS PATTERN NO.3504[0m, [0;33mLatency:      3[0m
[0;32mPASS PATTERN NO.3505[0m, [0;33mLatency:      3[0m
[0;32mPASS PATTERN NO.3506[0m, [0;33mLatency:      3[0m
[0;32mPASS PATTERN NO.3507[0m, [0;33mLatency:      3[0m
[0;32mPASS PATTERN NO.3508[0m, [0;33mLatency:      3[0m
[0;32mPASS PATTERN NO.3509[0m, [0;33mLatency:      3[0m
[0;32mPASS PATTERN NO.3510[0m, [0;33mLatency:      3[0m
[0;32mPASS PATTERN NO.3511[0m, [0;33mLatency:      3[0m
[0;32mPASS PATTERN NO.3512[0m, [0;33mLatency:      3[0m
[0;32mPASS PATTERN NO.3513[0m, [0;33mLatency:      3[0m
[0;32mPASS PATTERN NO.3514[0m, [0;33mLatency:      3[0m
[0;32mPASS PATTERN NO.3515[0m, [0;33mLatency:      3[0m
[0;32mPASS PATTERN NO.3516[0m, [0;33mLatency:      3[0m
[0;32mPASS PATTERN NO.3517[0m, [0;33mLatency:      3[0m
[0;32mPASS PATTERN NO.3518[0m, [0;33mLatency:      3[0m
[0;32mPASS PATTERN NO.3519[0m, [0;33mLatency:      3[0m
[0;32mPASS PATTERN NO.3520[0m, [0;33mLatency:      3[0m
[0;32mPASS PATTERN NO.3521[0m, [0;33mLatency:      3[0m
[0;32mPASS PATTERN NO.3522[0m, [0;33mLatency:      3[0m
[0;32mPASS PATTERN NO.3523[0m, [0;33mLatency:      3[0m
[0;32mPASS PATTERN NO.3524[0m, [0;33mLatency:      3[0m
[0;32mPASS PATTERN NO.3525[0m, [0;33mLatency:      3[0m
[0;32mPASS PATTERN NO.3526[0m, [0;33mLatency:      3[0m
[0;32mPASS PATTERN NO.3527[0m, [0;33mLatency:      3[0m
[0;32mPASS PATTERN NO.3528[0m, [0;33mLatency:      3[0m
[0;32mPASS PATTERN NO.3529[0m, [0;33mLatency:      3[0m
[0;32mPASS PATTERN NO.3530[0m, [0;33mLatency:      3[0m
[0;32mPASS PATTERN NO.3531[0m, [0;33mLatency:      3[0m
[0;32mPASS PATTERN NO.3532[0m, [0;33mLatency:      3[0m
[0;32mPASS PATTERN NO.3533[0m, [0;33mLatency:      3[0m
[0;32mPASS PATTERN NO.3534[0m, [0;33mLatency:      3[0m
[0;32mPASS PATTERN NO.3535[0m, [0;33mLatency:      3[0m
[0;32mPASS PATTERN NO.3536[0m, [0;33mLatency:      3[0m
[0;32mPASS PATTERN NO.3537[0m, [0;33mLatency:      3[0m
[0;32mPASS PATTERN NO.3538[0m, [0;33mLatency:      3[0m
[0;32mPASS PATTERN NO.3539[0m, [0;33mLatency:      3[0m
[0;32mPASS PATTERN NO.3540[0m, [0;33mLatency:      3[0m
[0;32mPASS PATTERN NO.3541[0m, [0;33mLatency:      3[0m
[0;32mPASS PATTERN NO.3542[0m, [0;33mLatency:      3[0m
[0;32mPASS PATTERN NO.3543[0m, [0;33mLatency:      3[0m
[0;32mPASS PATTERN NO.3544[0m, [0;33mLatency:      3[0m
[0;32mPASS PATTERN NO.3545[0m, [0;33mLatency:      3[0m
[0;32mPASS PATTERN NO.3546[0m, [0;33mLatency:      3[0m
[0;32mPASS PATTERN NO.3547[0m, [0;33mLatency:      3[0m
[0;32mPASS PATTERN NO.3548[0m, [0;33mLatency:      3[0m
[0;32mPASS PATTERN NO.3549[0m, [0;33mLatency:      3[0m
[0;32mPASS PATTERN NO.3550[0m, [0;33mLatency:      3[0m
[0;32mPASS PATTERN NO.3551[0m, [0;33mLatency:      3[0m
[0;32mPASS PATTERN NO.3552[0m, [0;33mLatency:      3[0m
[0;32mPASS PATTERN NO.3553[0m, [0;33mLatency:      3[0m
[0;32mPASS PATTERN NO.3554[0m, [0;33mLatency:      3[0m
[0;32mPASS PATTERN NO.3555[0m, [0;33mLatency:      3[0m
[0;32mPASS PATTERN NO.3556[0m, [0;33mLatency:      3[0m
[0;32mPASS PATTERN NO.3557[0m, [0;33mLatency:      3[0m
[0;32mPASS PATTERN NO.3558[0m, [0;33mLatency:      3[0m
[0;32mPASS PATTERN NO.3559[0m, [0;33mLatency:      3[0m
[0;32mPASS PATTERN NO.3560[0m, [0;33mLatency:      3[0m
[0;32mPASS PATTERN NO.3561[0m, [0;33mLatency:      3[0m
[0;32mPASS PATTERN NO.3562[0m, [0;33mLatency:      3[0m
[0;32mPASS PATTERN NO.3563[0m, [0;33mLatency:      3[0m
[0;32mPASS PATTERN NO.3564[0m, [0;33mLatency:      3[0m
[0;32mPASS PATTERN NO.3565[0m, [0;33mLatency:      3[0m
[0;32mPASS PATTERN NO.3566[0m, [0;33mLatency:      3[0m
[0;32mPASS PATTERN NO.3567[0m, [0;33mLatency:      3[0m
[0;32mPASS PATTERN NO.3568[0m, [0;33mLatency:      3[0m
[0;32mPASS PATTERN NO.3569[0m, [0;33mLatency:      3[0m
[0;32mPASS PATTERN NO.3570[0m, [0;33mLatency:      3[0m
[0;32mPASS PATTERN NO.3571[0m, [0;33mLatency:      3[0m
[0;32mPASS PATTERN NO.3572[0m, [0;33mLatency:      3[0m
[0;32mPASS PATTERN NO.3573[0m, [0;33mLatency:      3[0m
[0;32mPASS PATTERN NO.3574[0m, [0;33mLatency:      3[0m
[0;32mPASS PATTERN NO.3575[0m, [0;33mLatency:      3[0m
[0;32mPASS PATTERN NO.3576[0m, [0;33mLatency:      3[0m
[0;32mPASS PATTERN NO.3577[0m, [0;33mLatency:      3[0m
[0;32mPASS PATTERN NO.3578[0m, [0;33mLatency:      3[0m
[0;32mPASS PATTERN NO.3579[0m, [0;33mLatency:      3[0m
[0;32mPASS PATTERN NO.3580[0m, [0;33mLatency:      3[0m
[0;32mPASS PATTERN NO.3581[0m, [0;33mLatency:      3[0m
[0;32mPASS PATTERN NO.3582[0m, [0;33mLatency:      3[0m
[0;32mPASS PATTERN NO.3583[0m, [0;33mLatency:      3[0m
[0;32mPASS PATTERN NO.3584[0m, [0;33mLatency:      3[0m
[0;32mPASS PATTERN NO.3585[0m, [0;33mLatency:      3[0m
[0;32mPASS PATTERN NO.3586[0m, [0;33mLatency:      3[0m
[0;32mPASS PATTERN NO.3587[0m, [0;33mLatency:      3[0m
[0;32mPASS PATTERN NO.3588[0m, [0;33mLatency:      3[0m
[0;32mPASS PATTERN NO.3589[0m, [0;33mLatency:      3[0m
[0;32mPASS PATTERN NO.3590[0m, [0;33mLatency:      3[0m
[0;32mPASS PATTERN NO.3591[0m, [0;33mLatency:      3[0m
[0;32mPASS PATTERN NO.3592[0m, [0;33mLatency:      3[0m
[0;32mPASS PATTERN NO.3593[0m, [0;33mLatency:      3[0m
[0;32mPASS PATTERN NO.3594[0m, [0;33mLatency:      3[0m
[0;32mPASS PATTERN NO.3595[0m, [0;33mLatency:      3[0m
[0;32mPASS PATTERN NO.3596[0m, [0;33mLatency:      3[0m
[0;32mPASS PATTERN NO.3597[0m, [0;33mLatency:      3[0m
[0;32mPASS PATTERN NO.3598[0m, [0;33mLatency:      3[0m
[0;32mPASS PATTERN NO.3599[0m, [0;33mLatency:      3[0m
[0;32mPASS PATTERN NO.3600[0m, [0;33mLatency:      3[0m
[0;32mPASS PATTERN NO.3601[0m, [0;33mLatency:      3[0m
[0;32mPASS PATTERN NO.3602[0m, [0;33mLatency:      3[0m
[0;32mPASS PATTERN NO.3603[0m, [0;33mLatency:      3[0m
[0;32mPASS PATTERN NO.3604[0m, [0;33mLatency:      3[0m
[0;32mPASS PATTERN NO.3605[0m, [0;33mLatency:      3[0m
[0;32mPASS PATTERN NO.3606[0m, [0;33mLatency:      3[0m
[0;32mPASS PATTERN NO.3607[0m, [0;33mLatency:      3[0m
[0;32mPASS PATTERN NO.3608[0m, [0;33mLatency:      3[0m
[0;32mPASS PATTERN NO.3609[0m, [0;33mLatency:      3[0m
[0;32mPASS PATTERN NO.3610[0m, [0;33mLatency:      3[0m
[0;32mPASS PATTERN NO.3611[0m, [0;33mLatency:      3[0m
[0;32mPASS PATTERN NO.3612[0m, [0;33mLatency:      3[0m
[0;32mPASS PATTERN NO.3613[0m, [0;33mLatency:      3[0m
[0;32mPASS PATTERN NO.3614[0m, [0;33mLatency:      3[0m
[0;32mPASS PATTERN NO.3615[0m, [0;33mLatency:      3[0m
[0;32mPASS PATTERN NO.3616[0m, [0;33mLatency:      3[0m
[0;32mPASS PATTERN NO.3617[0m, [0;33mLatency:      3[0m
[0;32mPASS PATTERN NO.3618[0m, [0;33mLatency:      3[0m
[0;32mPASS PATTERN NO.3619[0m, [0;33mLatency:      3[0m
[0;32mPASS PATTERN NO.3620[0m, [0;33mLatency:      3[0m
[0;32mPASS PATTERN NO.3621[0m, [0;33mLatency:      3[0m
[0;32mPASS PATTERN NO.3622[0m, [0;33mLatency:      3[0m
[0;32mPASS PATTERN NO.3623[0m, [0;33mLatency:      3[0m
[0;32mPASS PATTERN NO.3624[0m, [0;33mLatency:      3[0m
[0;32mPASS PATTERN NO.3625[0m, [0;33mLatency:      3[0m
[0;32mPASS PATTERN NO.3626[0m, [0;33mLatency:      3[0m
[0;32mPASS PATTERN NO.3627[0m, [0;33mLatency:      3[0m
[0;32mPASS PATTERN NO.3628[0m, [0;33mLatency:      3[0m
[0;32mPASS PATTERN NO.3629[0m, [0;33mLatency:      3[0m
[0;32mPASS PATTERN NO.3630[0m, [0;33mLatency:      3[0m
[0;32mPASS PATTERN NO.3631[0m, [0;33mLatency:      3[0m
[0;32mPASS PATTERN NO.3632[0m, [0;33mLatency:      3[0m
[0;32mPASS PATTERN NO.3633[0m, [0;33mLatency:      3[0m
[0;32mPASS PATTERN NO.3634[0m, [0;33mLatency:      3[0m
[0;32mPASS PATTERN NO.3635[0m, [0;33mLatency:      3[0m
[0;32mPASS PATTERN NO.3636[0m, [0;33mLatency:      3[0m
[0;32mPASS PATTERN NO.3637[0m, [0;33mLatency:      3[0m
[0;32mPASS PATTERN NO.3638[0m, [0;33mLatency:      3[0m
[0;32mPASS PATTERN NO.3639[0m, [0;33mLatency:      3[0m
[0;32mPASS PATTERN NO.3640[0m, [0;33mLatency:      3[0m
[0;32mPASS PATTERN NO.3641[0m, [0;33mLatency:      3[0m
[0;32mPASS PATTERN NO.3642[0m, [0;33mLatency:      3[0m
[0;32mPASS PATTERN NO.3643[0m, [0;33mLatency:      3[0m
[0;32mPASS PATTERN NO.3644[0m, [0;33mLatency:      3[0m
[0;32mPASS PATTERN NO.3645[0m, [0;33mLatency:      3[0m
[0;32mPASS PATTERN NO.3646[0m, [0;33mLatency:      3[0m
[0;32mPASS PATTERN NO.3647[0m, [0;33mLatency:      3[0m
[0;32mPASS PATTERN NO.3648[0m, [0;33mLatency:      3[0m
[0;32mPASS PATTERN NO.3649[0m, [0;33mLatency:      3[0m
[0;32mPASS PATTERN NO.3650[0m, [0;33mLatency:      3[0m
[0;32mPASS PATTERN NO.3651[0m, [0;33mLatency:      3[0m
[0;32mPASS PATTERN NO.3652[0m, [0;33mLatency:      3[0m
[0;32mPASS PATTERN NO.3653[0m, [0;33mLatency:      3[0m
[0;32mPASS PATTERN NO.3654[0m, [0;33mLatency:      3[0m
[0;32mPASS PATTERN NO.3655[0m, [0;33mLatency:      3[0m
[0;32mPASS PATTERN NO.3656[0m, [0;33mLatency:      3[0m
[0;32mPASS PATTERN NO.3657[0m, [0;33mLatency:      3[0m
[0;32mPASS PATTERN NO.3658[0m, [0;33mLatency:      3[0m
[0;32mPASS PATTERN NO.3659[0m, [0;33mLatency:      3[0m
[0;32mPASS PATTERN NO.3660[0m, [0;33mLatency:      3[0m
[0;32mPASS PATTERN NO.3661[0m, [0;33mLatency:      3[0m
[0;32mPASS PATTERN NO.3662[0m, [0;33mLatency:      3[0m
[0;32mPASS PATTERN NO.3663[0m, [0;33mLatency:      3[0m
[0;32mPASS PATTERN NO.3664[0m, [0;33mLatency:      3[0m
[0;32mPASS PATTERN NO.3665[0m, [0;33mLatency:      3[0m
[0;32mPASS PATTERN NO.3666[0m, [0;33mLatency:      3[0m
[0;32mPASS PATTERN NO.3667[0m, [0;33mLatency:      3[0m
[0;32mPASS PATTERN NO.3668[0m, [0;33mLatency:      3[0m
[0;32mPASS PATTERN NO.3669[0m, [0;33mLatency:      3[0m
[0;32mPASS PATTERN NO.3670[0m, [0;33mLatency:      3[0m
[0;32mPASS PATTERN NO.3671[0m, [0;33mLatency:      3[0m
[0;32mPASS PATTERN NO.3672[0m, [0;33mLatency:      3[0m
[0;32mPASS PATTERN NO.3673[0m, [0;33mLatency:      3[0m
[0;32mPASS PATTERN NO.3674[0m, [0;33mLatency:      3[0m
[0;32mPASS PATTERN NO.3675[0m, [0;33mLatency:      3[0m
[0;32mPASS PATTERN NO.3676[0m, [0;33mLatency:      3[0m
[0;32mPASS PATTERN NO.3677[0m, [0;33mLatency:      3[0m
[0;32mPASS PATTERN NO.3678[0m, [0;33mLatency:      3[0m
[0;32mPASS PATTERN NO.3679[0m, [0;33mLatency:      3[0m
[0;32mPASS PATTERN NO.3680[0m, [0;33mLatency:      3[0m
[0;32mPASS PATTERN NO.3681[0m, [0;33mLatency:      3[0m
[0;32mPASS PATTERN NO.3682[0m, [0;33mLatency:      3[0m
[0;32mPASS PATTERN NO.3683[0m, [0;33mLatency:      3[0m
[0;32mPASS PATTERN NO.3684[0m, [0;33mLatency:      3[0m
[0;32mPASS PATTERN NO.3685[0m, [0;33mLatency:      3[0m
[0;32mPASS PATTERN NO.3686[0m, [0;33mLatency:      3[0m
[0;32mPASS PATTERN NO.3687[0m, [0;33mLatency:      3[0m
[0;32mPASS PATTERN NO.3688[0m, [0;33mLatency:      3[0m
[0;32mPASS PATTERN NO.3689[0m, [0;33mLatency:      3[0m
[0;32mPASS PATTERN NO.3690[0m, [0;33mLatency:      3[0m
[0;32mPASS PATTERN NO.3691[0m, [0;33mLatency:      3[0m
[0;32mPASS PATTERN NO.3692[0m, [0;33mLatency:      3[0m
[0;32mPASS PATTERN NO.3693[0m, [0;33mLatency:      3[0m
[0;32mPASS PATTERN NO.3694[0m, [0;33mLatency:      3[0m
[0;32mPASS PATTERN NO.3695[0m, [0;33mLatency:      3[0m
[0;32mPASS PATTERN NO.3696[0m, [0;33mLatency:      3[0m
[0;32mPASS PATTERN NO.3697[0m, [0;33mLatency:      3[0m
[0;32mPASS PATTERN NO.3698[0m, [0;33mLatency:      3[0m
[0;32mPASS PATTERN NO.3699[0m, [0;33mLatency:      3[0m
[0;32mPASS PATTERN NO.3700[0m, [0;33mLatency:      3[0m
[0;32mPASS PATTERN NO.3701[0m, [0;33mLatency:      3[0m
[0;32mPASS PATTERN NO.3702[0m, [0;33mLatency:      3[0m
[0;32mPASS PATTERN NO.3703[0m, [0;33mLatency:      3[0m
[0;32mPASS PATTERN NO.3704[0m, [0;33mLatency:      3[0m
[0;32mPASS PATTERN NO.3705[0m, [0;33mLatency:      3[0m
[0;32mPASS PATTERN NO.3706[0m, [0;33mLatency:      3[0m
[0;32mPASS PATTERN NO.3707[0m, [0;33mLatency:      3[0m
[0;32mPASS PATTERN NO.3708[0m, [0;33mLatency:      3[0m
[0;32mPASS PATTERN NO.3709[0m, [0;33mLatency:      3[0m
[0;32mPASS PATTERN NO.3710[0m, [0;33mLatency:      3[0m
[0;32mPASS PATTERN NO.3711[0m, [0;33mLatency:      3[0m
[0;32mPASS PATTERN NO.3712[0m, [0;33mLatency:      3[0m
[0;32mPASS PATTERN NO.3713[0m, [0;33mLatency:      3[0m
[0;32mPASS PATTERN NO.3714[0m, [0;33mLatency:      3[0m
[0;32mPASS PATTERN NO.3715[0m, [0;33mLatency:      3[0m
[0;32mPASS PATTERN NO.3716[0m, [0;33mLatency:      3[0m
[0;32mPASS PATTERN NO.3717[0m, [0;33mLatency:      3[0m
[0;32mPASS PATTERN NO.3718[0m, [0;33mLatency:      3[0m
[0;32mPASS PATTERN NO.3719[0m, [0;33mLatency:      3[0m
[0;32mPASS PATTERN NO.3720[0m, [0;33mLatency:      3[0m
[0;32mPASS PATTERN NO.3721[0m, [0;33mLatency:      3[0m
[0;32mPASS PATTERN NO.3722[0m, [0;33mLatency:      3[0m
[0;32mPASS PATTERN NO.3723[0m, [0;33mLatency:      3[0m
[0;32mPASS PATTERN NO.3724[0m, [0;33mLatency:      3[0m
[0;32mPASS PATTERN NO.3725[0m, [0;33mLatency:      3[0m
[0;32mPASS PATTERN NO.3726[0m, [0;33mLatency:      3[0m
[0;32mPASS PATTERN NO.3727[0m, [0;33mLatency:      3[0m
[0;32mPASS PATTERN NO.3728[0m, [0;33mLatency:      3[0m
[0;32mPASS PATTERN NO.3729[0m, [0;33mLatency:      3[0m
[0;32mPASS PATTERN NO.3730[0m, [0;33mLatency:      3[0m
[0;32mPASS PATTERN NO.3731[0m, [0;33mLatency:      3[0m
[0;32mPASS PATTERN NO.3732[0m, [0;33mLatency:      3[0m
[0;32mPASS PATTERN NO.3733[0m, [0;33mLatency:      3[0m
[0;32mPASS PATTERN NO.3734[0m, [0;33mLatency:      3[0m
[0;32mPASS PATTERN NO.3735[0m, [0;33mLatency:      3[0m
[0;32mPASS PATTERN NO.3736[0m, [0;33mLatency:      3[0m
[0;32mPASS PATTERN NO.3737[0m, [0;33mLatency:      3[0m
[0;32mPASS PATTERN NO.3738[0m, [0;33mLatency:      3[0m
[0;32mPASS PATTERN NO.3739[0m, [0;33mLatency:      3[0m
[0;32mPASS PATTERN NO.3740[0m, [0;33mLatency:      3[0m
[0;32mPASS PATTERN NO.3741[0m, [0;33mLatency:      3[0m
[0;32mPASS PATTERN NO.3742[0m, [0;33mLatency:      3[0m
[0;32mPASS PATTERN NO.3743[0m, [0;33mLatency:      3[0m
[0;32mPASS PATTERN NO.3744[0m, [0;33mLatency:      3[0m
[0;32mPASS PATTERN NO.3745[0m, [0;33mLatency:      3[0m
[0;32mPASS PATTERN NO.3746[0m, [0;33mLatency:      3[0m
[0;32mPASS PATTERN NO.3747[0m, [0;33mLatency:      3[0m
[0;32mPASS PATTERN NO.3748[0m, [0;33mLatency:      3[0m
[0;32mPASS PATTERN NO.3749[0m, [0;33mLatency:      3[0m
[0;32mPASS PATTERN NO.3750[0m, [0;33mLatency:      3[0m
[0;32mPASS PATTERN NO.3751[0m, [0;33mLatency:      3[0m
[0;32mPASS PATTERN NO.3752[0m, [0;33mLatency:      3[0m
[0;32mPASS PATTERN NO.3753[0m, [0;33mLatency:      3[0m
[0;32mPASS PATTERN NO.3754[0m, [0;33mLatency:      3[0m
[0;32mPASS PATTERN NO.3755[0m, [0;33mLatency:      3[0m
[0;32mPASS PATTERN NO.3756[0m, [0;33mLatency:      3[0m
[0;32mPASS PATTERN NO.3757[0m, [0;33mLatency:      3[0m
[0;32mPASS PATTERN NO.3758[0m, [0;33mLatency:      3[0m
[0;32mPASS PATTERN NO.3759[0m, [0;33mLatency:      3[0m
[0;32mPASS PATTERN NO.3760[0m, [0;33mLatency:      3[0m
[0;32mPASS PATTERN NO.3761[0m, [0;33mLatency:      3[0m
[0;32mPASS PATTERN NO.3762[0m, [0;33mLatency:      3[0m
[0;32mPASS PATTERN NO.3763[0m, [0;33mLatency:      3[0m
[0;32mPASS PATTERN NO.3764[0m, [0;33mLatency:      3[0m
[0;32mPASS PATTERN NO.3765[0m, [0;33mLatency:      3[0m
[0;32mPASS PATTERN NO.3766[0m, [0;33mLatency:      3[0m
[0;32mPASS PATTERN NO.3767[0m, [0;33mLatency:      3[0m
[0;32mPASS PATTERN NO.3768[0m, [0;33mLatency:      3[0m
[0;32mPASS PATTERN NO.3769[0m, [0;33mLatency:      3[0m
[0;32mPASS PATTERN NO.3770[0m, [0;33mLatency:      3[0m
[0;32mPASS PATTERN NO.3771[0m, [0;33mLatency:      3[0m
[0;32mPASS PATTERN NO.3772[0m, [0;33mLatency:      3[0m
[0;32mPASS PATTERN NO.3773[0m, [0;33mLatency:      3[0m
[0;32mPASS PATTERN NO.3774[0m, [0;33mLatency:      3[0m
[0;32mPASS PATTERN NO.3775[0m, [0;33mLatency:      3[0m
[0;32mPASS PATTERN NO.3776[0m, [0;33mLatency:      3[0m
[0;32mPASS PATTERN NO.3777[0m, [0;33mLatency:      3[0m
[0;32mPASS PATTERN NO.3778[0m, [0;33mLatency:      3[0m
[0;32mPASS PATTERN NO.3779[0m, [0;33mLatency:      3[0m
[0;32mPASS PATTERN NO.3780[0m, [0;33mLatency:      3[0m
[0;32mPASS PATTERN NO.3781[0m, [0;33mLatency:      3[0m
[0;32mPASS PATTERN NO.3782[0m, [0;33mLatency:      3[0m
[0;32mPASS PATTERN NO.3783[0m, [0;33mLatency:      3[0m
[0;32mPASS PATTERN NO.3784[0m, [0;33mLatency:      3[0m
[0;32mPASS PATTERN NO.3785[0m, [0;33mLatency:      3[0m
[0;32mPASS PATTERN NO.3786[0m, [0;33mLatency:      3[0m
[0;32mPASS PATTERN NO.3787[0m, [0;33mLatency:      3[0m
[0;32mPASS PATTERN NO.3788[0m, [0;33mLatency:      3[0m
[0;32mPASS PATTERN NO.3789[0m, [0;33mLatency:      3[0m
[0;32mPASS PATTERN NO.3790[0m, [0;33mLatency:      3[0m
[0;32mPASS PATTERN NO.3791[0m, [0;33mLatency:      3[0m
[0;32mPASS PATTERN NO.3792[0m, [0;33mLatency:      3[0m
[0;32mPASS PATTERN NO.3793[0m, [0;33mLatency:      3[0m
[0;32mPASS PATTERN NO.3794[0m, [0;33mLatency:      3[0m
[0;32mPASS PATTERN NO.3795[0m, [0;33mLatency:      3[0m
[0;32mPASS PATTERN NO.3796[0m, [0;33mLatency:      3[0m
[0;32mPASS PATTERN NO.3797[0m, [0;33mLatency:      3[0m
[0;32mPASS PATTERN NO.3798[0m, [0;33mLatency:      3[0m
[0;32mPASS PATTERN NO.3799[0m, [0;33mLatency:      3[0m
[0;32mPASS PATTERN NO.3800[0m, [0;33mLatency:      3[0m
[0;32mPASS PATTERN NO.3801[0m, [0;33mLatency:      3[0m
[0;32mPASS PATTERN NO.3802[0m, [0;33mLatency:      3[0m
[0;32mPASS PATTERN NO.3803[0m, [0;33mLatency:      3[0m
[0;32mPASS PATTERN NO.3804[0m, [0;33mLatency:      3[0m
[0;32mPASS PATTERN NO.3805[0m, [0;33mLatency:      3[0m
[0;32mPASS PATTERN NO.3806[0m, [0;33mLatency:      3[0m
[0;32mPASS PATTERN NO.3807[0m, [0;33mLatency:      3[0m
[0;32mPASS PATTERN NO.3808[0m, [0;33mLatency:      3[0m
[0;32mPASS PATTERN NO.3809[0m, [0;33mLatency:      3[0m
[0;32mPASS PATTERN NO.3810[0m, [0;33mLatency:      3[0m
[0;32mPASS PATTERN NO.3811[0m, [0;33mLatency:      3[0m
[0;32mPASS PATTERN NO.3812[0m, [0;33mLatency:      3[0m
[0;32mPASS PATTERN NO.3813[0m, [0;33mLatency:      3[0m
[0;32mPASS PATTERN NO.3814[0m, [0;33mLatency:      3[0m
[0;32mPASS PATTERN NO.3815[0m, [0;33mLatency:      3[0m
[0;32mPASS PATTERN NO.3816[0m, [0;33mLatency:      3[0m
[0;32mPASS PATTERN NO.3817[0m, [0;33mLatency:      3[0m
[0;32mPASS PATTERN NO.3818[0m, [0;33mLatency:      3[0m
[0;32mPASS PATTERN NO.3819[0m, [0;33mLatency:      3[0m
[0;32mPASS PATTERN NO.3820[0m, [0;33mLatency:      3[0m
[0;32mPASS PATTERN NO.3821[0m, [0;33mLatency:      3[0m
[0;32mPASS PATTERN NO.3822[0m, [0;33mLatency:      3[0m
[0;32mPASS PATTERN NO.3823[0m, [0;33mLatency:      3[0m
[0;32mPASS PATTERN NO.3824[0m, [0;33mLatency:      3[0m
[0;32mPASS PATTERN NO.3825[0m, [0;33mLatency:      3[0m
[0;32mPASS PATTERN NO.3826[0m, [0;33mLatency:      3[0m
[0;32mPASS PATTERN NO.3827[0m, [0;33mLatency:      3[0m
[0;32mPASS PATTERN NO.3828[0m, [0;33mLatency:      3[0m
[0;32mPASS PATTERN NO.3829[0m, [0;33mLatency:      3[0m
[0;32mPASS PATTERN NO.3830[0m, [0;33mLatency:      3[0m
[0;32mPASS PATTERN NO.3831[0m, [0;33mLatency:      3[0m
[0;32mPASS PATTERN NO.3832[0m, [0;33mLatency:      3[0m
[0;32mPASS PATTERN NO.3833[0m, [0;33mLatency:      3[0m
[0;32mPASS PATTERN NO.3834[0m, [0;33mLatency:      3[0m
[0;32mPASS PATTERN NO.3835[0m, [0;33mLatency:      3[0m
[0;32mPASS PATTERN NO.3836[0m, [0;33mLatency:      3[0m
[0;32mPASS PATTERN NO.3837[0m, [0;33mLatency:      3[0m
[0;32mPASS PATTERN NO.3838[0m, [0;33mLatency:      3[0m
[0;32mPASS PATTERN NO.3839[0m, [0;33mLatency:      3[0m
[0;32mPASS PATTERN NO.3840[0m, [0;33mLatency:      3[0m
[0;32mPASS PATTERN NO.3841[0m, [0;33mLatency:      3[0m
[0;32mPASS PATTERN NO.3842[0m, [0;33mLatency:      3[0m
[0;32mPASS PATTERN NO.3843[0m, [0;33mLatency:      3[0m
[0;32mPASS PATTERN NO.3844[0m, [0;33mLatency:      3[0m
[0;32mPASS PATTERN NO.3845[0m, [0;33mLatency:      3[0m
[0;32mPASS PATTERN NO.3846[0m, [0;33mLatency:      3[0m
[0;32mPASS PATTERN NO.3847[0m, [0;33mLatency:      3[0m
[0;32mPASS PATTERN NO.3848[0m, [0;33mLatency:      3[0m
[0;32mPASS PATTERN NO.3849[0m, [0;33mLatency:      3[0m
[0;32mPASS PATTERN NO.3850[0m, [0;33mLatency:      3[0m
[0;32mPASS PATTERN NO.3851[0m, [0;33mLatency:      3[0m
[0;32mPASS PATTERN NO.3852[0m, [0;33mLatency:      3[0m
[0;32mPASS PATTERN NO.3853[0m, [0;33mLatency:      3[0m
[0;32mPASS PATTERN NO.3854[0m, [0;33mLatency:      3[0m
[0;32mPASS PATTERN NO.3855[0m, [0;33mLatency:      3[0m
[0;32mPASS PATTERN NO.3856[0m, [0;33mLatency:      3[0m
[0;32mPASS PATTERN NO.3857[0m, [0;33mLatency:      3[0m
[0;32mPASS PATTERN NO.3858[0m, [0;33mLatency:      3[0m
[0;32mPASS PATTERN NO.3859[0m, [0;33mLatency:      3[0m
[0;32mPASS PATTERN NO.3860[0m, [0;33mLatency:      3[0m
[0;32mPASS PATTERN NO.3861[0m, [0;33mLatency:      3[0m
[0;32mPASS PATTERN NO.3862[0m, [0;33mLatency:      3[0m
[0;32mPASS PATTERN NO.3863[0m, [0;33mLatency:      3[0m
[0;32mPASS PATTERN NO.3864[0m, [0;33mLatency:      3[0m
[0;32mPASS PATTERN NO.3865[0m, [0;33mLatency:      3[0m
[0;32mPASS PATTERN NO.3866[0m, [0;33mLatency:      3[0m
[0;32mPASS PATTERN NO.3867[0m, [0;33mLatency:      3[0m
[0;32mPASS PATTERN NO.3868[0m, [0;33mLatency:      3[0m
[0;32mPASS PATTERN NO.3869[0m, [0;33mLatency:      3[0m
[0;32mPASS PATTERN NO.3870[0m, [0;33mLatency:      3[0m
[0;32mPASS PATTERN NO.3871[0m, [0;33mLatency:      3[0m
[0;32mPASS PATTERN NO.3872[0m, [0;33mLatency:      3[0m
[0;32mPASS PATTERN NO.3873[0m, [0;33mLatency:      3[0m
[0;32mPASS PATTERN NO.3874[0m, [0;33mLatency:      3[0m
[0;32mPASS PATTERN NO.3875[0m, [0;33mLatency:      3[0m
[0;32mPASS PATTERN NO.3876[0m, [0;33mLatency:      3[0m
[0;32mPASS PATTERN NO.3877[0m, [0;33mLatency:      3[0m
[0;32mPASS PATTERN NO.3878[0m, [0;33mLatency:      3[0m
[0;32mPASS PATTERN NO.3879[0m, [0;33mLatency:      3[0m
[0;32mPASS PATTERN NO.3880[0m, [0;33mLatency:      3[0m
[0;32mPASS PATTERN NO.3881[0m, [0;33mLatency:      3[0m
[0;32mPASS PATTERN NO.3882[0m, [0;33mLatency:      3[0m
[0;32mPASS PATTERN NO.3883[0m, [0;33mLatency:      3[0m
[0;32mPASS PATTERN NO.3884[0m, [0;33mLatency:      3[0m
[0;32mPASS PATTERN NO.3885[0m, [0;33mLatency:      3[0m
[0;32mPASS PATTERN NO.3886[0m, [0;33mLatency:      3[0m
[0;32mPASS PATTERN NO.3887[0m, [0;33mLatency:      3[0m
[0;32mPASS PATTERN NO.3888[0m, [0;33mLatency:      3[0m
[0;32mPASS PATTERN NO.3889[0m, [0;33mLatency:      3[0m
[0;32mPASS PATTERN NO.3890[0m, [0;33mLatency:      3[0m
[0;32mPASS PATTERN NO.3891[0m, [0;33mLatency:      3[0m
[0;32mPASS PATTERN NO.3892[0m, [0;33mLatency:      3[0m
[0;32mPASS PATTERN NO.3893[0m, [0;33mLatency:      3[0m
[0;32mPASS PATTERN NO.3894[0m, [0;33mLatency:      3[0m
[0;32mPASS PATTERN NO.3895[0m, [0;33mLatency:      3[0m
[0;32mPASS PATTERN NO.3896[0m, [0;33mLatency:      3[0m
[0;32mPASS PATTERN NO.3897[0m, [0;33mLatency:      3[0m
[0;32mPASS PATTERN NO.3898[0m, [0;33mLatency:      3[0m
[0;32mPASS PATTERN NO.3899[0m, [0;33mLatency:      3[0m
[0;32mPASS PATTERN NO.3900[0m, [0;33mLatency:      3[0m
[0;32mPASS PATTERN NO.3901[0m, [0;33mLatency:      3[0m
[0;32mPASS PATTERN NO.3902[0m, [0;33mLatency:      3[0m
[0;32mPASS PATTERN NO.3903[0m, [0;33mLatency:      3[0m
[0;32mPASS PATTERN NO.3904[0m, [0;33mLatency:      3[0m
[0;32mPASS PATTERN NO.3905[0m, [0;33mLatency:      3[0m
[0;32mPASS PATTERN NO.3906[0m, [0;33mLatency:      3[0m
[0;32mPASS PATTERN NO.3907[0m, [0;33mLatency:      3[0m
[0;32mPASS PATTERN NO.3908[0m, [0;33mLatency:      3[0m
[0;32mPASS PATTERN NO.3909[0m, [0;33mLatency:      3[0m
[0;32mPASS PATTERN NO.3910[0m, [0;33mLatency:      3[0m
[0;32mPASS PATTERN NO.3911[0m, [0;33mLatency:      3[0m
[0;32mPASS PATTERN NO.3912[0m, [0;33mLatency:      3[0m
[0;32mPASS PATTERN NO.3913[0m, [0;33mLatency:      3[0m
[0;32mPASS PATTERN NO.3914[0m, [0;33mLatency:      3[0m
[0;32mPASS PATTERN NO.3915[0m, [0;33mLatency:      3[0m
[0;32mPASS PATTERN NO.3916[0m, [0;33mLatency:      3[0m
[0;32mPASS PATTERN NO.3917[0m, [0;33mLatency:      3[0m
[0;32mPASS PATTERN NO.3918[0m, [0;33mLatency:      3[0m
[0;32mPASS PATTERN NO.3919[0m, [0;33mLatency:      3[0m
[0;32mPASS PATTERN NO.3920[0m, [0;33mLatency:      3[0m
[0;32mPASS PATTERN NO.3921[0m, [0;33mLatency:      3[0m
[0;32mPASS PATTERN NO.3922[0m, [0;33mLatency:      3[0m
[0;32mPASS PATTERN NO.3923[0m, [0;33mLatency:      3[0m
[0;32mPASS PATTERN NO.3924[0m, [0;33mLatency:      3[0m
[0;32mPASS PATTERN NO.3925[0m, [0;33mLatency:      3[0m
[0;32mPASS PATTERN NO.3926[0m, [0;33mLatency:      3[0m
[0;32mPASS PATTERN NO.3927[0m, [0;33mLatency:      3[0m
[0;32mPASS PATTERN NO.3928[0m, [0;33mLatency:      3[0m
[0;32mPASS PATTERN NO.3929[0m, [0;33mLatency:      3[0m
[0;32mPASS PATTERN NO.3930[0m, [0;33mLatency:      3[0m
[0;32mPASS PATTERN NO.3931[0m, [0;33mLatency:      3[0m
[0;32mPASS PATTERN NO.3932[0m, [0;33mLatency:      3[0m
[0;32mPASS PATTERN NO.3933[0m, [0;33mLatency:      3[0m
[0;32mPASS PATTERN NO.3934[0m, [0;33mLatency:      3[0m
[0;32mPASS PATTERN NO.3935[0m, [0;33mLatency:      3[0m
[0;32mPASS PATTERN NO.3936[0m, [0;33mLatency:      3[0m
[0;32mPASS PATTERN NO.3937[0m, [0;33mLatency:      3[0m
[0;32mPASS PATTERN NO.3938[0m, [0;33mLatency:      3[0m
[0;32mPASS PATTERN NO.3939[0m, [0;33mLatency:      3[0m
[0;32mPASS PATTERN NO.3940[0m, [0;33mLatency:      3[0m
[0;32mPASS PATTERN NO.3941[0m, [0;33mLatency:      3[0m
[0;32mPASS PATTERN NO.3942[0m, [0;33mLatency:      3[0m
[0;32mPASS PATTERN NO.3943[0m, [0;33mLatency:      3[0m
[0;32mPASS PATTERN NO.3944[0m, [0;33mLatency:      3[0m
[0;32mPASS PATTERN NO.3945[0m, [0;33mLatency:      3[0m
[0;32mPASS PATTERN NO.3946[0m, [0;33mLatency:      3[0m
[0;32mPASS PATTERN NO.3947[0m, [0;33mLatency:      3[0m
[0;32mPASS PATTERN NO.3948[0m, [0;33mLatency:      3[0m
[0;32mPASS PATTERN NO.3949[0m, [0;33mLatency:      3[0m
[0;32mPASS PATTERN NO.3950[0m, [0;33mLatency:      3[0m
[0;32mPASS PATTERN NO.3951[0m, [0;33mLatency:      3[0m
[0;32mPASS PATTERN NO.3952[0m, [0;33mLatency:      3[0m
[0;32mPASS PATTERN NO.3953[0m, [0;33mLatency:      3[0m
[0;32mPASS PATTERN NO.3954[0m, [0;33mLatency:      3[0m
[0;32mPASS PATTERN NO.3955[0m, [0;33mLatency:      3[0m
[0;32mPASS PATTERN NO.3956[0m, [0;33mLatency:      3[0m
[0;32mPASS PATTERN NO.3957[0m, [0;33mLatency:      3[0m
[0;32mPASS PATTERN NO.3958[0m, [0;33mLatency:      3[0m
[0;32mPASS PATTERN NO.3959[0m, [0;33mLatency:      3[0m
[0;32mPASS PATTERN NO.3960[0m, [0;33mLatency:      3[0m
[0;32mPASS PATTERN NO.3961[0m, [0;33mLatency:      3[0m
[0;32mPASS PATTERN NO.3962[0m, [0;33mLatency:      3[0m
[0;32mPASS PATTERN NO.3963[0m, [0;33mLatency:      3[0m
[0;32mPASS PATTERN NO.3964[0m, [0;33mLatency:      3[0m
[0;32mPASS PATTERN NO.3965[0m, [0;33mLatency:      3[0m
[0;32mPASS PATTERN NO.3966[0m, [0;33mLatency:      3[0m
[0;32mPASS PATTERN NO.3967[0m, [0;33mLatency:      3[0m
[0;32mPASS PATTERN NO.3968[0m, [0;33mLatency:      3[0m
[0;32mPASS PATTERN NO.3969[0m, [0;33mLatency:      3[0m
[0;32mPASS PATTERN NO.3970[0m, [0;33mLatency:      3[0m
[0;32mPASS PATTERN NO.3971[0m, [0;33mLatency:      3[0m
[0;32mPASS PATTERN NO.3972[0m, [0;33mLatency:      3[0m
[0;32mPASS PATTERN NO.3973[0m, [0;33mLatency:      3[0m
[0;32mPASS PATTERN NO.3974[0m, [0;33mLatency:      3[0m
[0;32mPASS PATTERN NO.3975[0m, [0;33mLatency:      3[0m
[0;32mPASS PATTERN NO.3976[0m, [0;33mLatency:      3[0m
[0;32mPASS PATTERN NO.3977[0m, [0;33mLatency:      3[0m
[0;32mPASS PATTERN NO.3978[0m, [0;33mLatency:      3[0m
[0;32mPASS PATTERN NO.3979[0m, [0;33mLatency:      3[0m
[0;32mPASS PATTERN NO.3980[0m, [0;33mLatency:      3[0m
[0;32mPASS PATTERN NO.3981[0m, [0;33mLatency:      3[0m
[0;32mPASS PATTERN NO.3982[0m, [0;33mLatency:      3[0m
[0;32mPASS PATTERN NO.3983[0m, [0;33mLatency:      3[0m
[0;32mPASS PATTERN NO.3984[0m, [0;33mLatency:      3[0m
[0;32mPASS PATTERN NO.3985[0m, [0;33mLatency:      3[0m
[0;32mPASS PATTERN NO.3986[0m, [0;33mLatency:      3[0m
[0;32mPASS PATTERN NO.3987[0m, [0;33mLatency:      3[0m
[0;32mPASS PATTERN NO.3988[0m, [0;33mLatency:      3[0m
[0;32mPASS PATTERN NO.3989[0m, [0;33mLatency:      3[0m
[0;32mPASS PATTERN NO.3990[0m, [0;33mLatency:      3[0m
[0;32mPASS PATTERN NO.3991[0m, [0;33mLatency:      3[0m
[0;32mPASS PATTERN NO.3992[0m, [0;33mLatency:      3[0m
[0;32mPASS PATTERN NO.3993[0m, [0;33mLatency:      3[0m
[0;32mPASS PATTERN NO.3994[0m, [0;33mLatency:      3[0m
[0;32mPASS PATTERN NO.3995[0m, [0;33mLatency:      3[0m
[0;32mPASS PATTERN NO.3996[0m, [0;33mLatency:      3[0m
[0;32mPASS PATTERN NO.3997[0m, [0;33mLatency:      3[0m
[0;32mPASS PATTERN NO.3998[0m, [0;33mLatency:      3[0m
[0;32mPASS PATTERN NO.3999[0m, [0;33mLatency:      3[0m
[0;32mPASS PATTERN NO.4000[0m, [0;33mLatency:      3[0m
[0;32mPASS PATTERN NO.4001[0m, [0;33mLatency:      3[0m
[0;32mPASS PATTERN NO.4002[0m, [0;33mLatency:      3[0m
[0;32mPASS PATTERN NO.4003[0m, [0;33mLatency:      3[0m
[0;32mPASS PATTERN NO.4004[0m, [0;33mLatency:      3[0m
[0;32mPASS PATTERN NO.4005[0m, [0;33mLatency:      3[0m
[0;32mPASS PATTERN NO.4006[0m, [0;33mLatency:      3[0m
[0;32mPASS PATTERN NO.4007[0m, [0;33mLatency:      3[0m
[0;32mPASS PATTERN NO.4008[0m, [0;33mLatency:      3[0m
[0;32mPASS PATTERN NO.4009[0m, [0;33mLatency:      3[0m
[0;32mPASS PATTERN NO.4010[0m, [0;33mLatency:      3[0m
[0;32mPASS PATTERN NO.4011[0m, [0;33mLatency:      3[0m
[0;32mPASS PATTERN NO.4012[0m, [0;33mLatency:      3[0m
[0;32mPASS PATTERN NO.4013[0m, [0;33mLatency:      3[0m
[0;32mPASS PATTERN NO.4014[0m, [0;33mLatency:      3[0m
[0;32mPASS PATTERN NO.4015[0m, [0;33mLatency:      3[0m
[0;32mPASS PATTERN NO.4016[0m, [0;33mLatency:      3[0m
[0;32mPASS PATTERN NO.4017[0m, [0;33mLatency:      3[0m
[0;32mPASS PATTERN NO.4018[0m, [0;33mLatency:      3[0m
[0;32mPASS PATTERN NO.4019[0m, [0;33mLatency:      3[0m
[0;32mPASS PATTERN NO.4020[0m, [0;33mLatency:      3[0m
[0;32mPASS PATTERN NO.4021[0m, [0;33mLatency:      3[0m
[0;32mPASS PATTERN NO.4022[0m, [0;33mLatency:      3[0m
[0;32mPASS PATTERN NO.4023[0m, [0;33mLatency:      3[0m
[0;32mPASS PATTERN NO.4024[0m, [0;33mLatency:      3[0m
[0;32mPASS PATTERN NO.4025[0m, [0;33mLatency:      3[0m
[0;32mPASS PATTERN NO.4026[0m, [0;33mLatency:      3[0m
[0;32mPASS PATTERN NO.4027[0m, [0;33mLatency:      3[0m
[0;32mPASS PATTERN NO.4028[0m, [0;33mLatency:      3[0m
[0;32mPASS PATTERN NO.4029[0m, [0;33mLatency:      3[0m
[0;32mPASS PATTERN NO.4030[0m, [0;33mLatency:      3[0m
[0;32mPASS PATTERN NO.4031[0m, [0;33mLatency:      3[0m
[0;32mPASS PATTERN NO.4032[0m, [0;33mLatency:      3[0m
[0;32mPASS PATTERN NO.4033[0m, [0;33mLatency:      3[0m
[0;32mPASS PATTERN NO.4034[0m, [0;33mLatency:      3[0m
[0;32mPASS PATTERN NO.4035[0m, [0;33mLatency:      3[0m
[0;32mPASS PATTERN NO.4036[0m, [0;33mLatency:      3[0m
[0;32mPASS PATTERN NO.4037[0m, [0;33mLatency:      3[0m
[0;32mPASS PATTERN NO.4038[0m, [0;33mLatency:      3[0m
[0;32mPASS PATTERN NO.4039[0m, [0;33mLatency:      3[0m
[0;32mPASS PATTERN NO.4040[0m, [0;33mLatency:      3[0m
[0;32mPASS PATTERN NO.4041[0m, [0;33mLatency:      3[0m
[0;32mPASS PATTERN NO.4042[0m, [0;33mLatency:      3[0m
[0;32mPASS PATTERN NO.4043[0m, [0;33mLatency:      3[0m
[0;32mPASS PATTERN NO.4044[0m, [0;33mLatency:      3[0m
[0;32mPASS PATTERN NO.4045[0m, [0;33mLatency:      3[0m
[0;32mPASS PATTERN NO.4046[0m, [0;33mLatency:      3[0m
[0;32mPASS PATTERN NO.4047[0m, [0;33mLatency:      3[0m
[0;32mPASS PATTERN NO.4048[0m, [0;33mLatency:      3[0m
[0;32mPASS PATTERN NO.4049[0m, [0;33mLatency:      3[0m
[0;32mPASS PATTERN NO.4050[0m, [0;33mLatency:      3[0m
[0;32mPASS PATTERN NO.4051[0m, [0;33mLatency:      3[0m
[0;32mPASS PATTERN NO.4052[0m, [0;33mLatency:      3[0m
[0;32mPASS PATTERN NO.4053[0m, [0;33mLatency:      3[0m
[0;32mPASS PATTERN NO.4054[0m, [0;33mLatency:      3[0m
[0;32mPASS PATTERN NO.4055[0m, [0;33mLatency:      3[0m
[0;32mPASS PATTERN NO.4056[0m, [0;33mLatency:      3[0m
[0;32mPASS PATTERN NO.4057[0m, [0;33mLatency:      3[0m
[0;32mPASS PATTERN NO.4058[0m, [0;33mLatency:      3[0m
[0;32mPASS PATTERN NO.4059[0m, [0;33mLatency:      3[0m
[0;32mPASS PATTERN NO.4060[0m, [0;33mLatency:      3[0m
[0;32mPASS PATTERN NO.4061[0m, [0;33mLatency:      3[0m
[0;32mPASS PATTERN NO.4062[0m, [0;33mLatency:      3[0m
[0;32mPASS PATTERN NO.4063[0m, [0;33mLatency:      3[0m
[0;32mPASS PATTERN NO.4064[0m, [0;33mLatency:      3[0m
[0;32mPASS PATTERN NO.4065[0m, [0;33mLatency:      3[0m
[0;32mPASS PATTERN NO.4066[0m, [0;33mLatency:      3[0m
[0;32mPASS PATTERN NO.4067[0m, [0;33mLatency:      3[0m
[0;32mPASS PATTERN NO.4068[0m, [0;33mLatency:      3[0m
[0;32mPASS PATTERN NO.4069[0m, [0;33mLatency:      3[0m
[0;32mPASS PATTERN NO.4070[0m, [0;33mLatency:      3[0m
[0;32mPASS PATTERN NO.4071[0m, [0;33mLatency:      3[0m
[0;32mPASS PATTERN NO.4072[0m, [0;33mLatency:      3[0m
[0;32mPASS PATTERN NO.4073[0m, [0;33mLatency:      3[0m
[0;32mPASS PATTERN NO.4074[0m, [0;33mLatency:      3[0m
[0;32mPASS PATTERN NO.4075[0m, [0;33mLatency:      3[0m
[0;32mPASS PATTERN NO.4076[0m, [0;33mLatency:      3[0m
[0;32mPASS PATTERN NO.4077[0m, [0;33mLatency:      3[0m
[0;32mPASS PATTERN NO.4078[0m, [0;33mLatency:      3[0m
[0;32mPASS PATTERN NO.4079[0m, [0;33mLatency:      3[0m
[0;32mPASS PATTERN NO.4080[0m, [0;33mLatency:      3[0m
[0;32mPASS PATTERN NO.4081[0m, [0;33mLatency:      3[0m
[0;32mPASS PATTERN NO.4082[0m, [0;33mLatency:      3[0m
[0;32mPASS PATTERN NO.4083[0m, [0;33mLatency:      3[0m
[0;32mPASS PATTERN NO.4084[0m, [0;33mLatency:      3[0m
[0;32mPASS PATTERN NO.4085[0m, [0;33mLatency:      3[0m
[0;32mPASS PATTERN NO.4086[0m, [0;33mLatency:      3[0m
[0;32mPASS PATTERN NO.4087[0m, [0;33mLatency:      3[0m
[0;32mPASS PATTERN NO.4088[0m, [0;33mLatency:      3[0m
[0;32mPASS PATTERN NO.4089[0m, [0;33mLatency:      3[0m
[0;32mPASS PATTERN NO.4090[0m, [0;33mLatency:      3[0m
[0;32mPASS PATTERN NO.4091[0m, [0;33mLatency:      3[0m
[0;32mPASS PATTERN NO.4092[0m, [0;33mLatency:      3[0m
[0;32mPASS PATTERN NO.4093[0m, [0;33mLatency:      3[0m
[0;32mPASS PATTERN NO.4094[0m, [0;33mLatency:      3[0m
[0;32mPASS PATTERN NO.4095[0m, [0;33mLatency:      3[0m
[0;32mPASS PATTERN NO.4096[0m, [0;33mLatency:      3[0m
[0;32mPASS PATTERN NO.4097[0m, [0;33mLatency:      3[0m
[0;32mPASS PATTERN NO.4098[0m, [0;33mLatency:      3[0m
[0;32mPASS PATTERN NO.4099[0m, [0;33mLatency:      3[0m
[0;32mPASS PATTERN NO.4100[0m, [0;33mLatency:      3[0m
[0;32mPASS PATTERN NO.4101[0m, [0;33mLatency:      3[0m
[0;32mPASS PATTERN NO.4102[0m, [0;33mLatency:      3[0m
[0;32mPASS PATTERN NO.4103[0m, [0;33mLatency:      3[0m
[0;32mPASS PATTERN NO.4104[0m, [0;33mLatency:      3[0m
[0;32mPASS PATTERN NO.4105[0m, [0;33mLatency:      3[0m
[0;32mPASS PATTERN NO.4106[0m, [0;33mLatency:      3[0m
[0;32mPASS PATTERN NO.4107[0m, [0;33mLatency:      3[0m
[0;32mPASS PATTERN NO.4108[0m, [0;33mLatency:      3[0m
[0;32mPASS PATTERN NO.4109[0m, [0;33mLatency:      3[0m
[0;32mPASS PATTERN NO.4110[0m, [0;33mLatency:      3[0m
[0;32mPASS PATTERN NO.4111[0m, [0;33mLatency:      3[0m
[0;32mPASS PATTERN NO.4112[0m, [0;33mLatency:      3[0m
[0;32mPASS PATTERN NO.4113[0m, [0;33mLatency:      3[0m
[0;32mPASS PATTERN NO.4114[0m, [0;33mLatency:      3[0m
[0;32mPASS PATTERN NO.4115[0m, [0;33mLatency:      3[0m
[0;32mPASS PATTERN NO.4116[0m, [0;33mLatency:      3[0m
[0;32mPASS PATTERN NO.4117[0m, [0;33mLatency:      3[0m
[0;32mPASS PATTERN NO.4118[0m, [0;33mLatency:      3[0m
[0;32mPASS PATTERN NO.4119[0m, [0;33mLatency:      3[0m
[0;32mPASS PATTERN NO.4120[0m, [0;33mLatency:      3[0m
[0;32mPASS PATTERN NO.4121[0m, [0;33mLatency:      3[0m
[0;32mPASS PATTERN NO.4122[0m, [0;33mLatency:      3[0m
[0;32mPASS PATTERN NO.4123[0m, [0;33mLatency:      3[0m
[0;32mPASS PATTERN NO.4124[0m, [0;33mLatency:      3[0m
[0;32mPASS PATTERN NO.4125[0m, [0;33mLatency:      3[0m
[0;32mPASS PATTERN NO.4126[0m, [0;33mLatency:      3[0m
[0;32mPASS PATTERN NO.4127[0m, [0;33mLatency:      3[0m
[0;32mPASS PATTERN NO.4128[0m, [0;33mLatency:      3[0m
[0;32mPASS PATTERN NO.4129[0m, [0;33mLatency:      3[0m
[0;32mPASS PATTERN NO.4130[0m, [0;33mLatency:      3[0m
[0;32mPASS PATTERN NO.4131[0m, [0;33mLatency:      3[0m
[0;32mPASS PATTERN NO.4132[0m, [0;33mLatency:      3[0m
[0;32mPASS PATTERN NO.4133[0m, [0;33mLatency:      3[0m
[0;32mPASS PATTERN NO.4134[0m, [0;33mLatency:      3[0m
[0;32mPASS PATTERN NO.4135[0m, [0;33mLatency:      3[0m
[0;32mPASS PATTERN NO.4136[0m, [0;33mLatency:      3[0m
[0;32mPASS PATTERN NO.4137[0m, [0;33mLatency:      3[0m
[0;32mPASS PATTERN NO.4138[0m, [0;33mLatency:      3[0m
[0;32mPASS PATTERN NO.4139[0m, [0;33mLatency:      3[0m
[0;32mPASS PATTERN NO.4140[0m, [0;33mLatency:      3[0m
[0;32mPASS PATTERN NO.4141[0m, [0;33mLatency:      3[0m
[0;32mPASS PATTERN NO.4142[0m, [0;33mLatency:      3[0m
[0;32mPASS PATTERN NO.4143[0m, [0;33mLatency:      3[0m
[0;32mPASS PATTERN NO.4144[0m, [0;33mLatency:      3[0m
[0;32mPASS PATTERN NO.4145[0m, [0;33mLatency:      3[0m
[0;32mPASS PATTERN NO.4146[0m, [0;33mLatency:      3[0m
[0;32mPASS PATTERN NO.4147[0m, [0;33mLatency:      3[0m
[0;32mPASS PATTERN NO.4148[0m, [0;33mLatency:      3[0m
[0;32mPASS PATTERN NO.4149[0m, [0;33mLatency:      3[0m
[0;32mPASS PATTERN NO.4150[0m, [0;33mLatency:      3[0m
[0;32mPASS PATTERN NO.4151[0m, [0;33mLatency:      3[0m
[0;32mPASS PATTERN NO.4152[0m, [0;33mLatency:      3[0m
[0;32mPASS PATTERN NO.4153[0m, [0;33mLatency:      3[0m
[0;32mPASS PATTERN NO.4154[0m, [0;33mLatency:      3[0m
[0;32mPASS PATTERN NO.4155[0m, [0;33mLatency:      3[0m
[0;32mPASS PATTERN NO.4156[0m, [0;33mLatency:      3[0m
[0;32mPASS PATTERN NO.4157[0m, [0;33mLatency:      3[0m
[0;32mPASS PATTERN NO.4158[0m, [0;33mLatency:      3[0m
[0;32mPASS PATTERN NO.4159[0m, [0;33mLatency:      3[0m
[0;32mPASS PATTERN NO.4160[0m, [0;33mLatency:      3[0m
[0;32mPASS PATTERN NO.4161[0m, [0;33mLatency:      3[0m
[0;32mPASS PATTERN NO.4162[0m, [0;33mLatency:      3[0m
[0;32mPASS PATTERN NO.4163[0m, [0;33mLatency:      3[0m
[0;32mPASS PATTERN NO.4164[0m, [0;33mLatency:      3[0m
[0;32mPASS PATTERN NO.4165[0m, [0;33mLatency:      3[0m
[0;32mPASS PATTERN NO.4166[0m, [0;33mLatency:      3[0m
[0;32mPASS PATTERN NO.4167[0m, [0;33mLatency:      3[0m
[0;32mPASS PATTERN NO.4168[0m, [0;33mLatency:      3[0m
[0;32mPASS PATTERN NO.4169[0m, [0;33mLatency:      3[0m
[0;32mPASS PATTERN NO.4170[0m, [0;33mLatency:      3[0m
[0;32mPASS PATTERN NO.4171[0m, [0;33mLatency:      3[0m
[0;32mPASS PATTERN NO.4172[0m, [0;33mLatency:      3[0m
[0;32mPASS PATTERN NO.4173[0m, [0;33mLatency:      3[0m
[0;32mPASS PATTERN NO.4174[0m, [0;33mLatency:      3[0m
[0;32mPASS PATTERN NO.4175[0m, [0;33mLatency:      3[0m
[0;32mPASS PATTERN NO.4176[0m, [0;33mLatency:      3[0m
[0;32mPASS PATTERN NO.4177[0m, [0;33mLatency:      3[0m
[0;32mPASS PATTERN NO.4178[0m, [0;33mLatency:      3[0m
[0;32mPASS PATTERN NO.4179[0m, [0;33mLatency:      3[0m
[0;32mPASS PATTERN NO.4180[0m, [0;33mLatency:      3[0m
[0;32mPASS PATTERN NO.4181[0m, [0;33mLatency:      3[0m
[0;32mPASS PATTERN NO.4182[0m, [0;33mLatency:      3[0m
[0;32mPASS PATTERN NO.4183[0m, [0;33mLatency:      3[0m
[0;32mPASS PATTERN NO.4184[0m, [0;33mLatency:      3[0m
[0;32mPASS PATTERN NO.4185[0m, [0;33mLatency:      3[0m
[0;32mPASS PATTERN NO.4186[0m, [0;33mLatency:      3[0m
[0;32mPASS PATTERN NO.4187[0m, [0;33mLatency:      3[0m
[0;32mPASS PATTERN NO.4188[0m, [0;33mLatency:      3[0m
[0;32mPASS PATTERN NO.4189[0m, [0;33mLatency:      3[0m
[0;32mPASS PATTERN NO.4190[0m, [0;33mLatency:      3[0m
[0;32mPASS PATTERN NO.4191[0m, [0;33mLatency:      3[0m
[0;32mPASS PATTERN NO.4192[0m, [0;33mLatency:      3[0m
[0;32mPASS PATTERN NO.4193[0m, [0;33mLatency:      3[0m
[0;32mPASS PATTERN NO.4194[0m, [0;33mLatency:      3[0m
[0;32mPASS PATTERN NO.4195[0m, [0;33mLatency:      3[0m
[0;32mPASS PATTERN NO.4196[0m, [0;33mLatency:      3[0m
[0;32mPASS PATTERN NO.4197[0m, [0;33mLatency:      3[0m
[0;32mPASS PATTERN NO.4198[0m, [0;33mLatency:      3[0m
[0;32mPASS PATTERN NO.4199[0m, [0;33mLatency:      3[0m
[0;32mPASS PATTERN NO.4200[0m, [0;33mLatency:      3[0m
[0;32mPASS PATTERN NO.4201[0m, [0;33mLatency:      3[0m
[0;32mPASS PATTERN NO.4202[0m, [0;33mLatency:      3[0m
[0;32mPASS PATTERN NO.4203[0m, [0;33mLatency:      3[0m
[0;32mPASS PATTERN NO.4204[0m, [0;33mLatency:      3[0m
[0;32mPASS PATTERN NO.4205[0m, [0;33mLatency:      3[0m
[0;32mPASS PATTERN NO.4206[0m, [0;33mLatency:      3[0m
[0;32mPASS PATTERN NO.4207[0m, [0;33mLatency:      3[0m
[0;32mPASS PATTERN NO.4208[0m, [0;33mLatency:      3[0m
[0;32mPASS PATTERN NO.4209[0m, [0;33mLatency:      3[0m
[0;32mPASS PATTERN NO.4210[0m, [0;33mLatency:      3[0m
[0;32mPASS PATTERN NO.4211[0m, [0;33mLatency:      3[0m
[0;32mPASS PATTERN NO.4212[0m, [0;33mLatency:      3[0m
[0;32mPASS PATTERN NO.4213[0m, [0;33mLatency:      3[0m
[0;32mPASS PATTERN NO.4214[0m, [0;33mLatency:      3[0m
[0;32mPASS PATTERN NO.4215[0m, [0;33mLatency:      3[0m
[0;32mPASS PATTERN NO.4216[0m, [0;33mLatency:      3[0m
[0;32mPASS PATTERN NO.4217[0m, [0;33mLatency:      3[0m
[0;32mPASS PATTERN NO.4218[0m, [0;33mLatency:      3[0m
[0;32mPASS PATTERN NO.4219[0m, [0;33mLatency:      3[0m
[0;32mPASS PATTERN NO.4220[0m, [0;33mLatency:      3[0m
[0;32mPASS PATTERN NO.4221[0m, [0;33mLatency:      3[0m
[0;32mPASS PATTERN NO.4222[0m, [0;33mLatency:      3[0m
[0;32mPASS PATTERN NO.4223[0m, [0;33mLatency:      3[0m
[0;32mPASS PATTERN NO.4224[0m, [0;33mLatency:      3[0m
[0;32mPASS PATTERN NO.4225[0m, [0;33mLatency:      3[0m
[0;32mPASS PATTERN NO.4226[0m, [0;33mLatency:      3[0m
[0;32mPASS PATTERN NO.4227[0m, [0;33mLatency:      3[0m
[0;32mPASS PATTERN NO.4228[0m, [0;33mLatency:      3[0m
[0;32mPASS PATTERN NO.4229[0m, [0;33mLatency:      3[0m
[0;32mPASS PATTERN NO.4230[0m, [0;33mLatency:      3[0m
[0;32mPASS PATTERN NO.4231[0m, [0;33mLatency:      3[0m
[0;32mPASS PATTERN NO.4232[0m, [0;33mLatency:      3[0m
[0;32mPASS PATTERN NO.4233[0m, [0;33mLatency:      3[0m
[0;32mPASS PATTERN NO.4234[0m, [0;33mLatency:      3[0m
[0;32mPASS PATTERN NO.4235[0m, [0;33mLatency:      3[0m
[0;32mPASS PATTERN NO.4236[0m, [0;33mLatency:      3[0m
[0;32mPASS PATTERN NO.4237[0m, [0;33mLatency:      3[0m
[0;32mPASS PATTERN NO.4238[0m, [0;33mLatency:      3[0m
[0;32mPASS PATTERN NO.4239[0m, [0;33mLatency:      3[0m
[0;32mPASS PATTERN NO.4240[0m, [0;33mLatency:      3[0m
[0;32mPASS PATTERN NO.4241[0m, [0;33mLatency:      3[0m
[0;32mPASS PATTERN NO.4242[0m, [0;33mLatency:      3[0m
[0;32mPASS PATTERN NO.4243[0m, [0;33mLatency:      3[0m
[0;32mPASS PATTERN NO.4244[0m, [0;33mLatency:      3[0m
[0;32mPASS PATTERN NO.4245[0m, [0;33mLatency:      3[0m
[0;32mPASS PATTERN NO.4246[0m, [0;33mLatency:      3[0m
[0;32mPASS PATTERN NO.4247[0m, [0;33mLatency:      3[0m
[0;32mPASS PATTERN NO.4248[0m, [0;33mLatency:      3[0m
[0;32mPASS PATTERN NO.4249[0m, [0;33mLatency:      3[0m
[0;32mPASS PATTERN NO.4250[0m, [0;33mLatency:      3[0m
[0;32mPASS PATTERN NO.4251[0m, [0;33mLatency:      3[0m
[0;32mPASS PATTERN NO.4252[0m, [0;33mLatency:      3[0m
[0;32mPASS PATTERN NO.4253[0m, [0;33mLatency:      3[0m
[0;32mPASS PATTERN NO.4254[0m, [0;33mLatency:      3[0m
[0;32mPASS PATTERN NO.4255[0m, [0;33mLatency:      3[0m
[0;32mPASS PATTERN NO.4256[0m, [0;33mLatency:      3[0m
[0;32mPASS PATTERN NO.4257[0m, [0;33mLatency:      3[0m
[0;32mPASS PATTERN NO.4258[0m, [0;33mLatency:      3[0m
[0;32mPASS PATTERN NO.4259[0m, [0;33mLatency:      3[0m
[0;32mPASS PATTERN NO.4260[0m, [0;33mLatency:      3[0m
[0;32mPASS PATTERN NO.4261[0m, [0;33mLatency:      3[0m
[0;32mPASS PATTERN NO.4262[0m, [0;33mLatency:      3[0m
[0;32mPASS PATTERN NO.4263[0m, [0;33mLatency:      3[0m
[0;32mPASS PATTERN NO.4264[0m, [0;33mLatency:      3[0m
[0;32mPASS PATTERN NO.4265[0m, [0;33mLatency:      3[0m
[0;32mPASS PATTERN NO.4266[0m, [0;33mLatency:      3[0m
[0;32mPASS PATTERN NO.4267[0m, [0;33mLatency:      3[0m
[0;32mPASS PATTERN NO.4268[0m, [0;33mLatency:      3[0m
[0;32mPASS PATTERN NO.4269[0m, [0;33mLatency:      3[0m
[0;32mPASS PATTERN NO.4270[0m, [0;33mLatency:      3[0m
[0;32mPASS PATTERN NO.4271[0m, [0;33mLatency:      3[0m
[0;32mPASS PATTERN NO.4272[0m, [0;33mLatency:      3[0m
[0;32mPASS PATTERN NO.4273[0m, [0;33mLatency:      3[0m
[0;32mPASS PATTERN NO.4274[0m, [0;33mLatency:      3[0m
[0;32mPASS PATTERN NO.4275[0m, [0;33mLatency:      3[0m
[0;32mPASS PATTERN NO.4276[0m, [0;33mLatency:      3[0m
[0;32mPASS PATTERN NO.4277[0m, [0;33mLatency:      3[0m
[0;32mPASS PATTERN NO.4278[0m, [0;33mLatency:      3[0m
[0;32mPASS PATTERN NO.4279[0m, [0;33mLatency:      3[0m
[0;32mPASS PATTERN NO.4280[0m, [0;33mLatency:      3[0m
[0;32mPASS PATTERN NO.4281[0m, [0;33mLatency:      3[0m
[0;32mPASS PATTERN NO.4282[0m, [0;33mLatency:      3[0m
[0;32mPASS PATTERN NO.4283[0m, [0;33mLatency:      3[0m
[0;32mPASS PATTERN NO.4284[0m, [0;33mLatency:      3[0m
[0;32mPASS PATTERN NO.4285[0m, [0;33mLatency:      3[0m
[0;32mPASS PATTERN NO.4286[0m, [0;33mLatency:      3[0m
[0;32mPASS PATTERN NO.4287[0m, [0;33mLatency:      3[0m
[0;32mPASS PATTERN NO.4288[0m, [0;33mLatency:      3[0m
[0;32mPASS PATTERN NO.4289[0m, [0;33mLatency:      3[0m
[0;32mPASS PATTERN NO.4290[0m, [0;33mLatency:      3[0m
[0;32mPASS PATTERN NO.4291[0m, [0;33mLatency:      3[0m
[0;32mPASS PATTERN NO.4292[0m, [0;33mLatency:      3[0m
[0;32mPASS PATTERN NO.4293[0m, [0;33mLatency:      3[0m
[0;32mPASS PATTERN NO.4294[0m, [0;33mLatency:      3[0m
[0;32mPASS PATTERN NO.4295[0m, [0;33mLatency:      3[0m
[0;32mPASS PATTERN NO.4296[0m, [0;33mLatency:      3[0m
[0;32mPASS PATTERN NO.4297[0m, [0;33mLatency:      3[0m
[0;32mPASS PATTERN NO.4298[0m, [0;33mLatency:      3[0m
[0;32mPASS PATTERN NO.4299[0m, [0;33mLatency:      3[0m
[0;32mPASS PATTERN NO.4300[0m, [0;33mLatency:      3[0m
[0;32mPASS PATTERN NO.4301[0m, [0;33mLatency:      3[0m
[0;32mPASS PATTERN NO.4302[0m, [0;33mLatency:      3[0m
[0;32mPASS PATTERN NO.4303[0m, [0;33mLatency:      3[0m
[0;32mPASS PATTERN NO.4304[0m, [0;33mLatency:      3[0m
[0;32mPASS PATTERN NO.4305[0m, [0;33mLatency:      3[0m
[0;32mPASS PATTERN NO.4306[0m, [0;33mLatency:      3[0m
[0;32mPASS PATTERN NO.4307[0m, [0;33mLatency:      3[0m
[0;32mPASS PATTERN NO.4308[0m, [0;33mLatency:      3[0m
[0;32mPASS PATTERN NO.4309[0m, [0;33mLatency:      3[0m
[0;32mPASS PATTERN NO.4310[0m, [0;33mLatency:      3[0m
[0;32mPASS PATTERN NO.4311[0m, [0;33mLatency:      3[0m
[0;32mPASS PATTERN NO.4312[0m, [0;33mLatency:      3[0m
[0;32mPASS PATTERN NO.4313[0m, [0;33mLatency:      3[0m
[0;32mPASS PATTERN NO.4314[0m, [0;33mLatency:      3[0m
[0;32mPASS PATTERN NO.4315[0m, [0;33mLatency:      3[0m
[0;32mPASS PATTERN NO.4316[0m, [0;33mLatency:      3[0m
[0;32mPASS PATTERN NO.4317[0m, [0;33mLatency:      3[0m
[0;32mPASS PATTERN NO.4318[0m, [0;33mLatency:      3[0m
[0;32mPASS PATTERN NO.4319[0m, [0;33mLatency:      3[0m
[0;32mPASS PATTERN NO.4320[0m, [0;33mLatency:      3[0m
[0;32mPASS PATTERN NO.4321[0m, [0;33mLatency:      3[0m
[0;32mPASS PATTERN NO.4322[0m, [0;33mLatency:      3[0m
[0;32mPASS PATTERN NO.4323[0m, [0;33mLatency:      3[0m
[0;32mPASS PATTERN NO.4324[0m, [0;33mLatency:      3[0m
[0;32mPASS PATTERN NO.4325[0m, [0;33mLatency:      3[0m
[0;32mPASS PATTERN NO.4326[0m, [0;33mLatency:      3[0m
[0;32mPASS PATTERN NO.4327[0m, [0;33mLatency:      3[0m
[0;32mPASS PATTERN NO.4328[0m, [0;33mLatency:      3[0m
[0;32mPASS PATTERN NO.4329[0m, [0;33mLatency:      3[0m
[0;32mPASS PATTERN NO.4330[0m, [0;33mLatency:      3[0m
[0;32mPASS PATTERN NO.4331[0m, [0;33mLatency:      3[0m
[0;32mPASS PATTERN NO.4332[0m, [0;33mLatency:      3[0m
[0;32mPASS PATTERN NO.4333[0m, [0;33mLatency:      3[0m
[0;32mPASS PATTERN NO.4334[0m, [0;33mLatency:      3[0m
[0;32mPASS PATTERN NO.4335[0m, [0;33mLatency:      3[0m
[0;32mPASS PATTERN NO.4336[0m, [0;33mLatency:      3[0m
[0;32mPASS PATTERN NO.4337[0m, [0;33mLatency:      3[0m
[0;32mPASS PATTERN NO.4338[0m, [0;33mLatency:      3[0m
[0;32mPASS PATTERN NO.4339[0m, [0;33mLatency:      3[0m
[0;32mPASS PATTERN NO.4340[0m, [0;33mLatency:      3[0m
[0;32mPASS PATTERN NO.4341[0m, [0;33mLatency:      3[0m
[0;32mPASS PATTERN NO.4342[0m, [0;33mLatency:      3[0m
[0;32mPASS PATTERN NO.4343[0m, [0;33mLatency:      3[0m
[0;32mPASS PATTERN NO.4344[0m, [0;33mLatency:      3[0m
[0;32mPASS PATTERN NO.4345[0m, [0;33mLatency:      3[0m
[0;32mPASS PATTERN NO.4346[0m, [0;33mLatency:      3[0m
[0;32mPASS PATTERN NO.4347[0m, [0;33mLatency:      3[0m
[0;32mPASS PATTERN NO.4348[0m, [0;33mLatency:      3[0m
[0;32mPASS PATTERN NO.4349[0m, [0;33mLatency:      3[0m
[0;32mPASS PATTERN NO.4350[0m, [0;33mLatency:      3[0m
[0;32mPASS PATTERN NO.4351[0m, [0;33mLatency:      3[0m
[0;32mPASS PATTERN NO.4352[0m, [0;33mLatency:      3[0m
[0;32mPASS PATTERN NO.4353[0m, [0;33mLatency:      3[0m
[0;32mPASS PATTERN NO.4354[0m, [0;33mLatency:      3[0m
[0;32mPASS PATTERN NO.4355[0m, [0;33mLatency:      3[0m
[0;32mPASS PATTERN NO.4356[0m, [0;33mLatency:      3[0m
[0;32mPASS PATTERN NO.4357[0m, [0;33mLatency:      3[0m
[0;32mPASS PATTERN NO.4358[0m, [0;33mLatency:      3[0m
[0;32mPASS PATTERN NO.4359[0m, [0;33mLatency:      3[0m
[0;32mPASS PATTERN NO.4360[0m, [0;33mLatency:      3[0m
[0;32mPASS PATTERN NO.4361[0m, [0;33mLatency:      3[0m
[0;32mPASS PATTERN NO.4362[0m, [0;33mLatency:      3[0m
[0;32mPASS PATTERN NO.4363[0m, [0;33mLatency:      3[0m
[0;32mPASS PATTERN NO.4364[0m, [0;33mLatency:      3[0m
[0;32mPASS PATTERN NO.4365[0m, [0;33mLatency:      3[0m
[0;32mPASS PATTERN NO.4366[0m, [0;33mLatency:      3[0m
[0;32mPASS PATTERN NO.4367[0m, [0;33mLatency:      3[0m
[0;32mPASS PATTERN NO.4368[0m, [0;33mLatency:      3[0m
[0;32mPASS PATTERN NO.4369[0m, [0;33mLatency:      3[0m
[0;32mPASS PATTERN NO.4370[0m, [0;33mLatency:      3[0m
[0;32mPASS PATTERN NO.4371[0m, [0;33mLatency:      3[0m
[0;32mPASS PATTERN NO.4372[0m, [0;33mLatency:      3[0m
[0;32mPASS PATTERN NO.4373[0m, [0;33mLatency:      3[0m
[0;32mPASS PATTERN NO.4374[0m, [0;33mLatency:      3[0m
[0;32mPASS PATTERN NO.4375[0m, [0;33mLatency:      3[0m
[0;32mPASS PATTERN NO.4376[0m, [0;33mLatency:      3[0m
[0;32mPASS PATTERN NO.4377[0m, [0;33mLatency:      3[0m
[0;32mPASS PATTERN NO.4378[0m, [0;33mLatency:      3[0m
[0;32mPASS PATTERN NO.4379[0m, [0;33mLatency:      3[0m
[0;32mPASS PATTERN NO.4380[0m, [0;33mLatency:      3[0m
[0;32mPASS PATTERN NO.4381[0m, [0;33mLatency:      3[0m
[0;32mPASS PATTERN NO.4382[0m, [0;33mLatency:      3[0m
[0;32mPASS PATTERN NO.4383[0m, [0;33mLatency:      3[0m
[0;32mPASS PATTERN NO.4384[0m, [0;33mLatency:      3[0m
[0;32mPASS PATTERN NO.4385[0m, [0;33mLatency:      3[0m
[0;32mPASS PATTERN NO.4386[0m, [0;33mLatency:      3[0m
[0;32mPASS PATTERN NO.4387[0m, [0;33mLatency:      3[0m
[0;32mPASS PATTERN NO.4388[0m, [0;33mLatency:      3[0m
[0;32mPASS PATTERN NO.4389[0m, [0;33mLatency:      3[0m
[0;32mPASS PATTERN NO.4390[0m, [0;33mLatency:      3[0m
[0;32mPASS PATTERN NO.4391[0m, [0;33mLatency:      3[0m
[0;32mPASS PATTERN NO.4392[0m, [0;33mLatency:      3[0m
[0;32mPASS PATTERN NO.4393[0m, [0;33mLatency:      3[0m
[0;32mPASS PATTERN NO.4394[0m, [0;33mLatency:      3[0m
[0;32mPASS PATTERN NO.4395[0m, [0;33mLatency:      3[0m
[0;32mPASS PATTERN NO.4396[0m, [0;33mLatency:      3[0m
[0;32mPASS PATTERN NO.4397[0m, [0;33mLatency:      3[0m
[0;32mPASS PATTERN NO.4398[0m, [0;33mLatency:      3[0m
[0;32mPASS PATTERN NO.4399[0m, [0;33mLatency:      3[0m
[0;32mPASS PATTERN NO.4400[0m, [0;33mLatency:      3[0m
[0;32mPASS PATTERN NO.4401[0m, [0;33mLatency:      3[0m
[0;32mPASS PATTERN NO.4402[0m, [0;33mLatency:      3[0m
[0;32mPASS PATTERN NO.4403[0m, [0;33mLatency:      3[0m
[0;32mPASS PATTERN NO.4404[0m, [0;33mLatency:      3[0m
[0;32mPASS PATTERN NO.4405[0m, [0;33mLatency:      3[0m
[0;32mPASS PATTERN NO.4406[0m, [0;33mLatency:      3[0m
[0;32mPASS PATTERN NO.4407[0m, [0;33mLatency:      3[0m
[0;32mPASS PATTERN NO.4408[0m, [0;33mLatency:      3[0m
[0;32mPASS PATTERN NO.4409[0m, [0;33mLatency:      3[0m
[0;32mPASS PATTERN NO.4410[0m, [0;33mLatency:      3[0m
[0;32mPASS PATTERN NO.4411[0m, [0;33mLatency:      3[0m
[0;32mPASS PATTERN NO.4412[0m, [0;33mLatency:      3[0m
[0;32mPASS PATTERN NO.4413[0m, [0;33mLatency:      3[0m
[0;32mPASS PATTERN NO.4414[0m, [0;33mLatency:      3[0m
[0;32mPASS PATTERN NO.4415[0m, [0;33mLatency:      3[0m
[0;32mPASS PATTERN NO.4416[0m, [0;33mLatency:      3[0m
[0;32mPASS PATTERN NO.4417[0m, [0;33mLatency:      3[0m
[0;32mPASS PATTERN NO.4418[0m, [0;33mLatency:      3[0m
[0;32mPASS PATTERN NO.4419[0m, [0;33mLatency:      3[0m
[0;32mPASS PATTERN NO.4420[0m, [0;33mLatency:      3[0m
[0;32mPASS PATTERN NO.4421[0m, [0;33mLatency:      3[0m
[0;32mPASS PATTERN NO.4422[0m, [0;33mLatency:      3[0m
[0;32mPASS PATTERN NO.4423[0m, [0;33mLatency:      3[0m
[0;32mPASS PATTERN NO.4424[0m, [0;33mLatency:      3[0m
[0;32mPASS PATTERN NO.4425[0m, [0;33mLatency:      3[0m
[0;32mPASS PATTERN NO.4426[0m, [0;33mLatency:      3[0m
[0;32mPASS PATTERN NO.4427[0m, [0;33mLatency:      3[0m
[0;32mPASS PATTERN NO.4428[0m, [0;33mLatency:      3[0m
[0;32mPASS PATTERN NO.4429[0m, [0;33mLatency:      3[0m
[0;32mPASS PATTERN NO.4430[0m, [0;33mLatency:      3[0m
[0;32mPASS PATTERN NO.4431[0m, [0;33mLatency:      3[0m
[0;32mPASS PATTERN NO.4432[0m, [0;33mLatency:      3[0m
[0;32mPASS PATTERN NO.4433[0m, [0;33mLatency:      3[0m
[0;32mPASS PATTERN NO.4434[0m, [0;33mLatency:      3[0m
[0;32mPASS PATTERN NO.4435[0m, [0;33mLatency:      3[0m
[0;32mPASS PATTERN NO.4436[0m, [0;33mLatency:      3[0m
[0;32mPASS PATTERN NO.4437[0m, [0;33mLatency:      3[0m
[0;32mPASS PATTERN NO.4438[0m, [0;33mLatency:      3[0m
[0;32mPASS PATTERN NO.4439[0m, [0;33mLatency:      3[0m
[0;32mPASS PATTERN NO.4440[0m, [0;33mLatency:      3[0m
[0;32mPASS PATTERN NO.4441[0m, [0;33mLatency:      3[0m
[0;32mPASS PATTERN NO.4442[0m, [0;33mLatency:      3[0m
[0;32mPASS PATTERN NO.4443[0m, [0;33mLatency:      3[0m
[0;32mPASS PATTERN NO.4444[0m, [0;33mLatency:      3[0m
[0;32mPASS PATTERN NO.4445[0m, [0;33mLatency:      3[0m
[0;32mPASS PATTERN NO.4446[0m, [0;33mLatency:      3[0m
[0;32mPASS PATTERN NO.4447[0m, [0;33mLatency:      3[0m
[0;32mPASS PATTERN NO.4448[0m, [0;33mLatency:      3[0m
[0;32mPASS PATTERN NO.4449[0m, [0;33mLatency:      3[0m
[0;32mPASS PATTERN NO.4450[0m, [0;33mLatency:      3[0m
[0;32mPASS PATTERN NO.4451[0m, [0;33mLatency:      3[0m
[0;32mPASS PATTERN NO.4452[0m, [0;33mLatency:      3[0m
[0;32mPASS PATTERN NO.4453[0m, [0;33mLatency:      3[0m
[0;32mPASS PATTERN NO.4454[0m, [0;33mLatency:      3[0m
[0;32mPASS PATTERN NO.4455[0m, [0;33mLatency:      3[0m
[0;32mPASS PATTERN NO.4456[0m, [0;33mLatency:      3[0m
[0;32mPASS PATTERN NO.4457[0m, [0;33mLatency:      3[0m
[0;32mPASS PATTERN NO.4458[0m, [0;33mLatency:      3[0m
[0;32mPASS PATTERN NO.4459[0m, [0;33mLatency:      3[0m
[0;32mPASS PATTERN NO.4460[0m, [0;33mLatency:      3[0m
[0;32mPASS PATTERN NO.4461[0m, [0;33mLatency:      3[0m
[0;32mPASS PATTERN NO.4462[0m, [0;33mLatency:      3[0m
[0;32mPASS PATTERN NO.4463[0m, [0;33mLatency:      3[0m
[0;32mPASS PATTERN NO.4464[0m, [0;33mLatency:      3[0m
[0;32mPASS PATTERN NO.4465[0m, [0;33mLatency:      3[0m
[0;32mPASS PATTERN NO.4466[0m, [0;33mLatency:      3[0m
[0;32mPASS PATTERN NO.4467[0m, [0;33mLatency:      3[0m
[0;32mPASS PATTERN NO.4468[0m, [0;33mLatency:      3[0m
[0;32mPASS PATTERN NO.4469[0m, [0;33mLatency:      3[0m
[0;32mPASS PATTERN NO.4470[0m, [0;33mLatency:      3[0m
[0;32mPASS PATTERN NO.4471[0m, [0;33mLatency:      3[0m
[0;32mPASS PATTERN NO.4472[0m, [0;33mLatency:      3[0m
[0;32mPASS PATTERN NO.4473[0m, [0;33mLatency:      3[0m
[0;32mPASS PATTERN NO.4474[0m, [0;33mLatency:      3[0m
[0;32mPASS PATTERN NO.4475[0m, [0;33mLatency:      3[0m
[0;32mPASS PATTERN NO.4476[0m, [0;33mLatency:      3[0m
[0;32mPASS PATTERN NO.4477[0m, [0;33mLatency:      3[0m
[0;32mPASS PATTERN NO.4478[0m, [0;33mLatency:      3[0m
[0;32mPASS PATTERN NO.4479[0m, [0;33mLatency:      3[0m
[0;32mPASS PATTERN NO.4480[0m, [0;33mLatency:      3[0m
[0;32mPASS PATTERN NO.4481[0m, [0;33mLatency:      3[0m
[0;32mPASS PATTERN NO.4482[0m, [0;33mLatency:      3[0m
[0;32mPASS PATTERN NO.4483[0m, [0;33mLatency:      3[0m
[0;32mPASS PATTERN NO.4484[0m, [0;33mLatency:      3[0m
[0;32mPASS PATTERN NO.4485[0m, [0;33mLatency:      3[0m
[0;32mPASS PATTERN NO.4486[0m, [0;33mLatency:      3[0m
[0;32mPASS PATTERN NO.4487[0m, [0;33mLatency:      3[0m
[0;32mPASS PATTERN NO.4488[0m, [0;33mLatency:      3[0m
[0;32mPASS PATTERN NO.4489[0m, [0;33mLatency:      3[0m
[0;32mPASS PATTERN NO.4490[0m, [0;33mLatency:      3[0m
[0;32mPASS PATTERN NO.4491[0m, [0;33mLatency:      3[0m
[0;32mPASS PATTERN NO.4492[0m, [0;33mLatency:      3[0m
[0;32mPASS PATTERN NO.4493[0m, [0;33mLatency:      3[0m
[0;32mPASS PATTERN NO.4494[0m, [0;33mLatency:      3[0m
[0;32mPASS PATTERN NO.4495[0m, [0;33mLatency:      3[0m
[0;32mPASS PATTERN NO.4496[0m, [0;33mLatency:      3[0m
[0;32mPASS PATTERN NO.4497[0m, [0;33mLatency:      3[0m
[0;32mPASS PATTERN NO.4498[0m, [0;33mLatency:      3[0m
[0;32mPASS PATTERN NO.4499[0m, [0;33mLatency:      3[0m
[0;32mPASS PATTERN NO.4500[0m, [0;33mLatency:      3[0m
[0;32mPASS PATTERN NO.4501[0m, [0;33mLatency:      3[0m
[0;32mPASS PATTERN NO.4502[0m, [0;33mLatency:      3[0m
[0;32mPASS PATTERN NO.4503[0m, [0;33mLatency:      3[0m
[0;32mPASS PATTERN NO.4504[0m, [0;33mLatency:      3[0m
[0;32mPASS PATTERN NO.4505[0m, [0;33mLatency:      3[0m
[0;32mPASS PATTERN NO.4506[0m, [0;33mLatency:      3[0m
[0;32mPASS PATTERN NO.4507[0m, [0;33mLatency:      3[0m
[0;32mPASS PATTERN NO.4508[0m, [0;33mLatency:      3[0m
[0;32mPASS PATTERN NO.4509[0m, [0;33mLatency:      3[0m
[0;32mPASS PATTERN NO.4510[0m, [0;33mLatency:      3[0m
[0;32mPASS PATTERN NO.4511[0m, [0;33mLatency:      3[0m
[0;32mPASS PATTERN NO.4512[0m, [0;33mLatency:      3[0m
[0;32mPASS PATTERN NO.4513[0m, [0;33mLatency:      3[0m
[0;32mPASS PATTERN NO.4514[0m, [0;33mLatency:      3[0m
[0;32mPASS PATTERN NO.4515[0m, [0;33mLatency:      3[0m
[0;32mPASS PATTERN NO.4516[0m, [0;33mLatency:      3[0m
[0;32mPASS PATTERN NO.4517[0m, [0;33mLatency:      3[0m
[0;32mPASS PATTERN NO.4518[0m, [0;33mLatency:      3[0m
[0;32mPASS PATTERN NO.4519[0m, [0;33mLatency:      3[0m
[0;32mPASS PATTERN NO.4520[0m, [0;33mLatency:      3[0m
[0;32mPASS PATTERN NO.4521[0m, [0;33mLatency:      3[0m
[0;32mPASS PATTERN NO.4522[0m, [0;33mLatency:      3[0m
[0;32mPASS PATTERN NO.4523[0m, [0;33mLatency:      3[0m
[0;32mPASS PATTERN NO.4524[0m, [0;33mLatency:      3[0m
[0;32mPASS PATTERN NO.4525[0m, [0;33mLatency:      3[0m
[0;32mPASS PATTERN NO.4526[0m, [0;33mLatency:      3[0m
[0;32mPASS PATTERN NO.4527[0m, [0;33mLatency:      3[0m
[0;32mPASS PATTERN NO.4528[0m, [0;33mLatency:      3[0m
[0;32mPASS PATTERN NO.4529[0m, [0;33mLatency:      3[0m
[0;32mPASS PATTERN NO.4530[0m, [0;33mLatency:      3[0m
[0;32mPASS PATTERN NO.4531[0m, [0;33mLatency:      3[0m
[0;32mPASS PATTERN NO.4532[0m, [0;33mLatency:      3[0m
[0;32mPASS PATTERN NO.4533[0m, [0;33mLatency:      3[0m
[0;32mPASS PATTERN NO.4534[0m, [0;33mLatency:      3[0m
[0;32mPASS PATTERN NO.4535[0m, [0;33mLatency:      3[0m
[0;32mPASS PATTERN NO.4536[0m, [0;33mLatency:      3[0m
[0;32mPASS PATTERN NO.4537[0m, [0;33mLatency:      3[0m
[0;32mPASS PATTERN NO.4538[0m, [0;33mLatency:      3[0m
[0;32mPASS PATTERN NO.4539[0m, [0;33mLatency:      3[0m
[0;32mPASS PATTERN NO.4540[0m, [0;33mLatency:      3[0m
[0;32mPASS PATTERN NO.4541[0m, [0;33mLatency:      3[0m
[0;32mPASS PATTERN NO.4542[0m, [0;33mLatency:      3[0m
[0;32mPASS PATTERN NO.4543[0m, [0;33mLatency:      3[0m
[0;32mPASS PATTERN NO.4544[0m, [0;33mLatency:      3[0m
[0;32mPASS PATTERN NO.4545[0m, [0;33mLatency:      3[0m
[0;32mPASS PATTERN NO.4546[0m, [0;33mLatency:      3[0m
[0;32mPASS PATTERN NO.4547[0m, [0;33mLatency:      3[0m
[0;32mPASS PATTERN NO.4548[0m, [0;33mLatency:      3[0m
[0;32mPASS PATTERN NO.4549[0m, [0;33mLatency:      3[0m
[0;32mPASS PATTERN NO.4550[0m, [0;33mLatency:      3[0m
[0;32mPASS PATTERN NO.4551[0m, [0;33mLatency:      3[0m
[0;32mPASS PATTERN NO.4552[0m, [0;33mLatency:      3[0m
[0;32mPASS PATTERN NO.4553[0m, [0;33mLatency:      3[0m
[0;32mPASS PATTERN NO.4554[0m, [0;33mLatency:      3[0m
[0;32mPASS PATTERN NO.4555[0m, [0;33mLatency:      3[0m
[0;32mPASS PATTERN NO.4556[0m, [0;33mLatency:      3[0m
[0;32mPASS PATTERN NO.4557[0m, [0;33mLatency:      3[0m
[0;32mPASS PATTERN NO.4558[0m, [0;33mLatency:      3[0m
[0;32mPASS PATTERN NO.4559[0m, [0;33mLatency:      3[0m
[0;32mPASS PATTERN NO.4560[0m, [0;33mLatency:      3[0m
[0;32mPASS PATTERN NO.4561[0m, [0;33mLatency:      3[0m
[0;32mPASS PATTERN NO.4562[0m, [0;33mLatency:      3[0m
[0;32mPASS PATTERN NO.4563[0m, [0;33mLatency:      3[0m
[0;32mPASS PATTERN NO.4564[0m, [0;33mLatency:      3[0m
[0;32mPASS PATTERN NO.4565[0m, [0;33mLatency:      3[0m
[0;32mPASS PATTERN NO.4566[0m, [0;33mLatency:      3[0m
[0;32mPASS PATTERN NO.4567[0m, [0;33mLatency:      3[0m
[0;32mPASS PATTERN NO.4568[0m, [0;33mLatency:      3[0m
[0;32mPASS PATTERN NO.4569[0m, [0;33mLatency:      3[0m
[0;32mPASS PATTERN NO.4570[0m, [0;33mLatency:      3[0m
[0;32mPASS PATTERN NO.4571[0m, [0;33mLatency:      3[0m
[0;32mPASS PATTERN NO.4572[0m, [0;33mLatency:      3[0m
[0;32mPASS PATTERN NO.4573[0m, [0;33mLatency:      3[0m
[0;32mPASS PATTERN NO.4574[0m, [0;33mLatency:      3[0m
[0;32mPASS PATTERN NO.4575[0m, [0;33mLatency:      3[0m
[0;32mPASS PATTERN NO.4576[0m, [0;33mLatency:      3[0m
[0;32mPASS PATTERN NO.4577[0m, [0;33mLatency:      3[0m
[0;32mPASS PATTERN NO.4578[0m, [0;33mLatency:      3[0m
[0;32mPASS PATTERN NO.4579[0m, [0;33mLatency:      3[0m
[0;32mPASS PATTERN NO.4580[0m, [0;33mLatency:      3[0m
[0;32mPASS PATTERN NO.4581[0m, [0;33mLatency:      3[0m
[0;32mPASS PATTERN NO.4582[0m, [0;33mLatency:      3[0m
[0;32mPASS PATTERN NO.4583[0m, [0;33mLatency:      3[0m
[0;32mPASS PATTERN NO.4584[0m, [0;33mLatency:      3[0m
[0;32mPASS PATTERN NO.4585[0m, [0;33mLatency:      3[0m
[0;32mPASS PATTERN NO.4586[0m, [0;33mLatency:      3[0m
[0;32mPASS PATTERN NO.4587[0m, [0;33mLatency:      3[0m
[0;32mPASS PATTERN NO.4588[0m, [0;33mLatency:      3[0m
[0;32mPASS PATTERN NO.4589[0m, [0;33mLatency:      3[0m
[0;32mPASS PATTERN NO.4590[0m, [0;33mLatency:      3[0m
[0;32mPASS PATTERN NO.4591[0m, [0;33mLatency:      3[0m
[0;32mPASS PATTERN NO.4592[0m, [0;33mLatency:      3[0m
[0;32mPASS PATTERN NO.4593[0m, [0;33mLatency:      3[0m
[0;32mPASS PATTERN NO.4594[0m, [0;33mLatency:      3[0m
[0;32mPASS PATTERN NO.4595[0m, [0;33mLatency:      3[0m
[0;32mPASS PATTERN NO.4596[0m, [0;33mLatency:      3[0m
[0;32mPASS PATTERN NO.4597[0m, [0;33mLatency:      3[0m
[0;32mPASS PATTERN NO.4598[0m, [0;33mLatency:      3[0m
[0;32mPASS PATTERN NO.4599[0m, [0;33mLatency:      3[0m
[0;32mPASS PATTERN NO.4600[0m, [0;33mLatency:      3[0m
[0;32mPASS PATTERN NO.4601[0m, [0;33mLatency:      3[0m
[0;32mPASS PATTERN NO.4602[0m, [0;33mLatency:      3[0m
[0;32mPASS PATTERN NO.4603[0m, [0;33mLatency:      3[0m
[0;32mPASS PATTERN NO.4604[0m, [0;33mLatency:      3[0m
[0;32mPASS PATTERN NO.4605[0m, [0;33mLatency:      3[0m
[0;32mPASS PATTERN NO.4606[0m, [0;33mLatency:      3[0m
[0;32mPASS PATTERN NO.4607[0m, [0;33mLatency:      3[0m
[0;32mPASS PATTERN NO.4608[0m, [0;33mLatency:      3[0m
[0;32mPASS PATTERN NO.4609[0m, [0;33mLatency:      3[0m
[0;32mPASS PATTERN NO.4610[0m, [0;33mLatency:      3[0m
[0;32mPASS PATTERN NO.4611[0m, [0;33mLatency:      3[0m
[0;32mPASS PATTERN NO.4612[0m, [0;33mLatency:      3[0m
[0;32mPASS PATTERN NO.4613[0m, [0;33mLatency:      3[0m
[0;32mPASS PATTERN NO.4614[0m, [0;33mLatency:      3[0m
[0;32mPASS PATTERN NO.4615[0m, [0;33mLatency:      3[0m
[0;32mPASS PATTERN NO.4616[0m, [0;33mLatency:      3[0m
[0;32mPASS PATTERN NO.4617[0m, [0;33mLatency:      3[0m
[0;32mPASS PATTERN NO.4618[0m, [0;33mLatency:      3[0m
[0;32mPASS PATTERN NO.4619[0m, [0;33mLatency:      3[0m
[0;32mPASS PATTERN NO.4620[0m, [0;33mLatency:      3[0m
[0;32mPASS PATTERN NO.4621[0m, [0;33mLatency:      3[0m
[0;32mPASS PATTERN NO.4622[0m, [0;33mLatency:      3[0m
[0;32mPASS PATTERN NO.4623[0m, [0;33mLatency:      3[0m
[0;32mPASS PATTERN NO.4624[0m, [0;33mLatency:      3[0m
[0;32mPASS PATTERN NO.4625[0m, [0;33mLatency:      3[0m
[0;32mPASS PATTERN NO.4626[0m, [0;33mLatency:      3[0m
[0;32mPASS PATTERN NO.4627[0m, [0;33mLatency:      3[0m
[0;32mPASS PATTERN NO.4628[0m, [0;33mLatency:      3[0m
[0;32mPASS PATTERN NO.4629[0m, [0;33mLatency:      3[0m
[0;32mPASS PATTERN NO.4630[0m, [0;33mLatency:      3[0m
[0;32mPASS PATTERN NO.4631[0m, [0;33mLatency:      3[0m
[0;32mPASS PATTERN NO.4632[0m, [0;33mLatency:      3[0m
[0;32mPASS PATTERN NO.4633[0m, [0;33mLatency:      3[0m
[0;32mPASS PATTERN NO.4634[0m, [0;33mLatency:      3[0m
[0;32mPASS PATTERN NO.4635[0m, [0;33mLatency:      3[0m
[0;32mPASS PATTERN NO.4636[0m, [0;33mLatency:      3[0m
[0;32mPASS PATTERN NO.4637[0m, [0;33mLatency:      3[0m
[0;32mPASS PATTERN NO.4638[0m, [0;33mLatency:      3[0m
[0;32mPASS PATTERN NO.4639[0m, [0;33mLatency:      3[0m
[0;32mPASS PATTERN NO.4640[0m, [0;33mLatency:      3[0m
[0;32mPASS PATTERN NO.4641[0m, [0;33mLatency:      3[0m
[0;32mPASS PATTERN NO.4642[0m, [0;33mLatency:      3[0m
[0;32mPASS PATTERN NO.4643[0m, [0;33mLatency:      3[0m
[0;32mPASS PATTERN NO.4644[0m, [0;33mLatency:      3[0m
[0;32mPASS PATTERN NO.4645[0m, [0;33mLatency:      3[0m
[0;32mPASS PATTERN NO.4646[0m, [0;33mLatency:      3[0m
[0;32mPASS PATTERN NO.4647[0m, [0;33mLatency:      3[0m
[0;32mPASS PATTERN NO.4648[0m, [0;33mLatency:      3[0m
[0;32mPASS PATTERN NO.4649[0m, [0;33mLatency:      3[0m
[0;32mPASS PATTERN NO.4650[0m, [0;33mLatency:      3[0m
[0;32mPASS PATTERN NO.4651[0m, [0;33mLatency:      3[0m
[0;32mPASS PATTERN NO.4652[0m, [0;33mLatency:      3[0m
[0;32mPASS PATTERN NO.4653[0m, [0;33mLatency:      3[0m
[0;32mPASS PATTERN NO.4654[0m, [0;33mLatency:      3[0m
[0;32mPASS PATTERN NO.4655[0m, [0;33mLatency:      3[0m
[0;32mPASS PATTERN NO.4656[0m, [0;33mLatency:      3[0m
[0;32mPASS PATTERN NO.4657[0m, [0;33mLatency:      3[0m
[0;32mPASS PATTERN NO.4658[0m, [0;33mLatency:      3[0m
[0;32mPASS PATTERN NO.4659[0m, [0;33mLatency:      3[0m
[0;32mPASS PATTERN NO.4660[0m, [0;33mLatency:      3[0m
[0;32mPASS PATTERN NO.4661[0m, [0;33mLatency:      3[0m
[0;32mPASS PATTERN NO.4662[0m, [0;33mLatency:      3[0m
[0;32mPASS PATTERN NO.4663[0m, [0;33mLatency:      3[0m
[0;32mPASS PATTERN NO.4664[0m, [0;33mLatency:      3[0m
[0;32mPASS PATTERN NO.4665[0m, [0;33mLatency:      3[0m
[0;32mPASS PATTERN NO.4666[0m, [0;33mLatency:      3[0m
[0;32mPASS PATTERN NO.4667[0m, [0;33mLatency:      3[0m
[0;32mPASS PATTERN NO.4668[0m, [0;33mLatency:      3[0m
[0;32mPASS PATTERN NO.4669[0m, [0;33mLatency:      3[0m
[0;32mPASS PATTERN NO.4670[0m, [0;33mLatency:      3[0m
[0;32mPASS PATTERN NO.4671[0m, [0;33mLatency:      3[0m
[0;32mPASS PATTERN NO.4672[0m, [0;33mLatency:      3[0m
[0;32mPASS PATTERN NO.4673[0m, [0;33mLatency:      3[0m
[0;32mPASS PATTERN NO.4674[0m, [0;33mLatency:      3[0m
[0;32mPASS PATTERN NO.4675[0m, [0;33mLatency:      3[0m
[0;32mPASS PATTERN NO.4676[0m, [0;33mLatency:      3[0m
[0;32mPASS PATTERN NO.4677[0m, [0;33mLatency:      3[0m
[0;32mPASS PATTERN NO.4678[0m, [0;33mLatency:      3[0m
[0;32mPASS PATTERN NO.4679[0m, [0;33mLatency:      3[0m
[0;32mPASS PATTERN NO.4680[0m, [0;33mLatency:      3[0m
[0;32mPASS PATTERN NO.4681[0m, [0;33mLatency:      3[0m
[0;32mPASS PATTERN NO.4682[0m, [0;33mLatency:      3[0m
[0;32mPASS PATTERN NO.4683[0m, [0;33mLatency:      3[0m
[0;32mPASS PATTERN NO.4684[0m, [0;33mLatency:      3[0m
[0;32mPASS PATTERN NO.4685[0m, [0;33mLatency:      3[0m
[0;32mPASS PATTERN NO.4686[0m, [0;33mLatency:      3[0m
[0;32mPASS PATTERN NO.4687[0m, [0;33mLatency:      3[0m
[0;32mPASS PATTERN NO.4688[0m, [0;33mLatency:      3[0m
[0;32mPASS PATTERN NO.4689[0m, [0;33mLatency:      3[0m
[0;32mPASS PATTERN NO.4690[0m, [0;33mLatency:      3[0m
[0;32mPASS PATTERN NO.4691[0m, [0;33mLatency:      3[0m
[0;32mPASS PATTERN NO.4692[0m, [0;33mLatency:      3[0m
[0;32mPASS PATTERN NO.4693[0m, [0;33mLatency:      3[0m
[0;32mPASS PATTERN NO.4694[0m, [0;33mLatency:      3[0m
[0;32mPASS PATTERN NO.4695[0m, [0;33mLatency:      3[0m
[0;32mPASS PATTERN NO.4696[0m, [0;33mLatency:      3[0m
[0;32mPASS PATTERN NO.4697[0m, [0;33mLatency:      3[0m
[0;32mPASS PATTERN NO.4698[0m, [0;33mLatency:      3[0m
[0;32mPASS PATTERN NO.4699[0m, [0;33mLatency:      3[0m
[0;32mPASS PATTERN NO.4700[0m, [0;33mLatency:      3[0m
[0;32mPASS PATTERN NO.4701[0m, [0;33mLatency:      3[0m
[0;32mPASS PATTERN NO.4702[0m, [0;33mLatency:      3[0m
[0;32mPASS PATTERN NO.4703[0m, [0;33mLatency:      3[0m
[0;32mPASS PATTERN NO.4704[0m, [0;33mLatency:      3[0m
[0;32mPASS PATTERN NO.4705[0m, [0;33mLatency:      3[0m
[0;32mPASS PATTERN NO.4706[0m, [0;33mLatency:      3[0m
[0;32mPASS PATTERN NO.4707[0m, [0;33mLatency:      3[0m
[0;32mPASS PATTERN NO.4708[0m, [0;33mLatency:      3[0m
[0;32mPASS PATTERN NO.4709[0m, [0;33mLatency:      3[0m
[0;32mPASS PATTERN NO.4710[0m, [0;33mLatency:      3[0m
[0;32mPASS PATTERN NO.4711[0m, [0;33mLatency:      3[0m
[0;32mPASS PATTERN NO.4712[0m, [0;33mLatency:      3[0m
[0;32mPASS PATTERN NO.4713[0m, [0;33mLatency:      3[0m
[0;32mPASS PATTERN NO.4714[0m, [0;33mLatency:      3[0m
[0;32mPASS PATTERN NO.4715[0m, [0;33mLatency:      3[0m
[0;32mPASS PATTERN NO.4716[0m, [0;33mLatency:      3[0m
[0;32mPASS PATTERN NO.4717[0m, [0;33mLatency:      3[0m
[0;32mPASS PATTERN NO.4718[0m, [0;33mLatency:      3[0m
[0;32mPASS PATTERN NO.4719[0m, [0;33mLatency:      3[0m
[0;32mPASS PATTERN NO.4720[0m, [0;33mLatency:      3[0m
[0;32mPASS PATTERN NO.4721[0m, [0;33mLatency:      3[0m
[0;32mPASS PATTERN NO.4722[0m, [0;33mLatency:      3[0m
[0;32mPASS PATTERN NO.4723[0m, [0;33mLatency:      3[0m
[0;32mPASS PATTERN NO.4724[0m, [0;33mLatency:      3[0m
[0;32mPASS PATTERN NO.4725[0m, [0;33mLatency:      3[0m
[0;32mPASS PATTERN NO.4726[0m, [0;33mLatency:      3[0m
[0;32mPASS PATTERN NO.4727[0m, [0;33mLatency:      3[0m
[0;32mPASS PATTERN NO.4728[0m, [0;33mLatency:      3[0m
[0;32mPASS PATTERN NO.4729[0m, [0;33mLatency:      3[0m
[0;32mPASS PATTERN NO.4730[0m, [0;33mLatency:      3[0m
[0;32mPASS PATTERN NO.4731[0m, [0;33mLatency:      3[0m
[0;32mPASS PATTERN NO.4732[0m, [0;33mLatency:      3[0m
[0;32mPASS PATTERN NO.4733[0m, [0;33mLatency:      3[0m
[0;32mPASS PATTERN NO.4734[0m, [0;33mLatency:      3[0m
[0;32mPASS PATTERN NO.4735[0m, [0;33mLatency:      3[0m
[0;32mPASS PATTERN NO.4736[0m, [0;33mLatency:      3[0m
[0;32mPASS PATTERN NO.4737[0m, [0;33mLatency:      3[0m
[0;32mPASS PATTERN NO.4738[0m, [0;33mLatency:      3[0m
[0;32mPASS PATTERN NO.4739[0m, [0;33mLatency:      3[0m
[0;32mPASS PATTERN NO.4740[0m, [0;33mLatency:      3[0m
[0;32mPASS PATTERN NO.4741[0m, [0;33mLatency:      3[0m
[0;32mPASS PATTERN NO.4742[0m, [0;33mLatency:      3[0m
[0;32mPASS PATTERN NO.4743[0m, [0;33mLatency:      3[0m
[0;32mPASS PATTERN NO.4744[0m, [0;33mLatency:      3[0m
[0;32mPASS PATTERN NO.4745[0m, [0;33mLatency:      3[0m
[0;32mPASS PATTERN NO.4746[0m, [0;33mLatency:      3[0m
[0;32mPASS PATTERN NO.4747[0m, [0;33mLatency:      3[0m
[0;32mPASS PATTERN NO.4748[0m, [0;33mLatency:      3[0m
[0;32mPASS PATTERN NO.4749[0m, [0;33mLatency:      3[0m
[0;32mPASS PATTERN NO.4750[0m, [0;33mLatency:      3[0m
[0;32mPASS PATTERN NO.4751[0m, [0;33mLatency:      3[0m
[0;32mPASS PATTERN NO.4752[0m, [0;33mLatency:      3[0m
[0;32mPASS PATTERN NO.4753[0m, [0;33mLatency:      3[0m
[0;32mPASS PATTERN NO.4754[0m, [0;33mLatency:      3[0m
[0;32mPASS PATTERN NO.4755[0m, [0;33mLatency:      3[0m
[0;32mPASS PATTERN NO.4756[0m, [0;33mLatency:      3[0m
[0;32mPASS PATTERN NO.4757[0m, [0;33mLatency:      3[0m
[0;32mPASS PATTERN NO.4758[0m, [0;33mLatency:      3[0m
[0;32mPASS PATTERN NO.4759[0m, [0;33mLatency:      3[0m
[0;32mPASS PATTERN NO.4760[0m, [0;33mLatency:      3[0m
[0;32mPASS PATTERN NO.4761[0m, [0;33mLatency:      3[0m
[0;32mPASS PATTERN NO.4762[0m, [0;33mLatency:      3[0m
[0;32mPASS PATTERN NO.4763[0m, [0;33mLatency:      3[0m
[0;32mPASS PATTERN NO.4764[0m, [0;33mLatency:      3[0m
[0;32mPASS PATTERN NO.4765[0m, [0;33mLatency:      3[0m
[0;32mPASS PATTERN NO.4766[0m, [0;33mLatency:      3[0m
[0;32mPASS PATTERN NO.4767[0m, [0;33mLatency:      3[0m
[0;32mPASS PATTERN NO.4768[0m, [0;33mLatency:      3[0m
[0;32mPASS PATTERN NO.4769[0m, [0;33mLatency:      3[0m
[0;32mPASS PATTERN NO.4770[0m, [0;33mLatency:      3[0m
[0;32mPASS PATTERN NO.4771[0m, [0;33mLatency:      3[0m
[0;32mPASS PATTERN NO.4772[0m, [0;33mLatency:      3[0m
[0;32mPASS PATTERN NO.4773[0m, [0;33mLatency:      3[0m
[0;32mPASS PATTERN NO.4774[0m, [0;33mLatency:      3[0m
[0;32mPASS PATTERN NO.4775[0m, [0;33mLatency:      3[0m
[0;32mPASS PATTERN NO.4776[0m, [0;33mLatency:      3[0m
[0;32mPASS PATTERN NO.4777[0m, [0;33mLatency:      3[0m
[0;32mPASS PATTERN NO.4778[0m, [0;33mLatency:      3[0m
[0;32mPASS PATTERN NO.4779[0m, [0;33mLatency:      3[0m
[0;32mPASS PATTERN NO.4780[0m, [0;33mLatency:      3[0m
[0;32mPASS PATTERN NO.4781[0m, [0;33mLatency:      3[0m
[0;32mPASS PATTERN NO.4782[0m, [0;33mLatency:      3[0m
[0;32mPASS PATTERN NO.4783[0m, [0;33mLatency:      3[0m
[0;32mPASS PATTERN NO.4784[0m, [0;33mLatency:      3[0m
[0;32mPASS PATTERN NO.4785[0m, [0;33mLatency:      3[0m
[0;32mPASS PATTERN NO.4786[0m, [0;33mLatency:      3[0m
[0;32mPASS PATTERN NO.4787[0m, [0;33mLatency:      3[0m
[0;32mPASS PATTERN NO.4788[0m, [0;33mLatency:      3[0m
[0;32mPASS PATTERN NO.4789[0m, [0;33mLatency:      3[0m
[0;32mPASS PATTERN NO.4790[0m, [0;33mLatency:      3[0m
[0;32mPASS PATTERN NO.4791[0m, [0;33mLatency:      3[0m
[0;32mPASS PATTERN NO.4792[0m, [0;33mLatency:      3[0m
[0;32mPASS PATTERN NO.4793[0m, [0;33mLatency:      3[0m
[0;32mPASS PATTERN NO.4794[0m, [0;33mLatency:      3[0m
[0;32mPASS PATTERN NO.4795[0m, [0;33mLatency:      3[0m
[0;32mPASS PATTERN NO.4796[0m, [0;33mLatency:      3[0m
[0;32mPASS PATTERN NO.4797[0m, [0;33mLatency:      3[0m
[0;32mPASS PATTERN NO.4798[0m, [0;33mLatency:      3[0m
[0;32mPASS PATTERN NO.4799[0m, [0;33mLatency:      3[0m
[0;32mPASS PATTERN NO.4800[0m, [0;33mLatency:      3[0m
[0;32mPASS PATTERN NO.4801[0m, [0;33mLatency:      3[0m
[0;32mPASS PATTERN NO.4802[0m, [0;33mLatency:      3[0m
[0;32mPASS PATTERN NO.4803[0m, [0;33mLatency:      3[0m
[0;32mPASS PATTERN NO.4804[0m, [0;33mLatency:      3[0m
[0;32mPASS PATTERN NO.4805[0m, [0;33mLatency:      3[0m
[0;32mPASS PATTERN NO.4806[0m, [0;33mLatency:      3[0m
[0;32mPASS PATTERN NO.4807[0m, [0;33mLatency:      3[0m
[0;32mPASS PATTERN NO.4808[0m, [0;33mLatency:      3[0m
[0;32mPASS PATTERN NO.4809[0m, [0;33mLatency:      3[0m
[0;32mPASS PATTERN NO.4810[0m, [0;33mLatency:      3[0m
[0;32mPASS PATTERN NO.4811[0m, [0;33mLatency:      3[0m
[0;32mPASS PATTERN NO.4812[0m, [0;33mLatency:      3[0m
[0;32mPASS PATTERN NO.4813[0m, [0;33mLatency:      3[0m
[0;32mPASS PATTERN NO.4814[0m, [0;33mLatency:      3[0m
[0;32mPASS PATTERN NO.4815[0m, [0;33mLatency:      3[0m
[0;32mPASS PATTERN NO.4816[0m, [0;33mLatency:      3[0m
[0;32mPASS PATTERN NO.4817[0m, [0;33mLatency:      3[0m
[0;32mPASS PATTERN NO.4818[0m, [0;33mLatency:      3[0m
[0;32mPASS PATTERN NO.4819[0m, [0;33mLatency:      3[0m
[0;32mPASS PATTERN NO.4820[0m, [0;33mLatency:      3[0m
[0;32mPASS PATTERN NO.4821[0m, [0;33mLatency:      3[0m
[0;32mPASS PATTERN NO.4822[0m, [0;33mLatency:      3[0m
[0;32mPASS PATTERN NO.4823[0m, [0;33mLatency:      3[0m
[0;32mPASS PATTERN NO.4824[0m, [0;33mLatency:      3[0m
[0;32mPASS PATTERN NO.4825[0m, [0;33mLatency:      3[0m
[0;32mPASS PATTERN NO.4826[0m, [0;33mLatency:      3[0m
[0;32mPASS PATTERN NO.4827[0m, [0;33mLatency:      3[0m
[0;32mPASS PATTERN NO.4828[0m, [0;33mLatency:      3[0m
[0;32mPASS PATTERN NO.4829[0m, [0;33mLatency:      3[0m
[0;32mPASS PATTERN NO.4830[0m, [0;33mLatency:      3[0m
[0;32mPASS PATTERN NO.4831[0m, [0;33mLatency:      3[0m
[0;32mPASS PATTERN NO.4832[0m, [0;33mLatency:      3[0m
[0;32mPASS PATTERN NO.4833[0m, [0;33mLatency:      3[0m
[0;32mPASS PATTERN NO.4834[0m, [0;33mLatency:      3[0m
[0;32mPASS PATTERN NO.4835[0m, [0;33mLatency:      3[0m
[0;32mPASS PATTERN NO.4836[0m, [0;33mLatency:      3[0m
[0;32mPASS PATTERN NO.4837[0m, [0;33mLatency:      3[0m
[0;32mPASS PATTERN NO.4838[0m, [0;33mLatency:      3[0m
[0;32mPASS PATTERN NO.4839[0m, [0;33mLatency:      3[0m
[0;32mPASS PATTERN NO.4840[0m, [0;33mLatency:      3[0m
[0;32mPASS PATTERN NO.4841[0m, [0;33mLatency:      3[0m
[0;32mPASS PATTERN NO.4842[0m, [0;33mLatency:      3[0m
[0;32mPASS PATTERN NO.4843[0m, [0;33mLatency:      3[0m
[0;32mPASS PATTERN NO.4844[0m, [0;33mLatency:      3[0m
[0;32mPASS PATTERN NO.4845[0m, [0;33mLatency:      3[0m
[0;32mPASS PATTERN NO.4846[0m, [0;33mLatency:      3[0m
[0;32mPASS PATTERN NO.4847[0m, [0;33mLatency:      3[0m
[0;32mPASS PATTERN NO.4848[0m, [0;33mLatency:      3[0m
[0;32mPASS PATTERN NO.4849[0m, [0;33mLatency:      3[0m
[0;32mPASS PATTERN NO.4850[0m, [0;33mLatency:      3[0m
[0;32mPASS PATTERN NO.4851[0m, [0;33mLatency:      3[0m
[0;32mPASS PATTERN NO.4852[0m, [0;33mLatency:      3[0m
[0;32mPASS PATTERN NO.4853[0m, [0;33mLatency:      3[0m
[0;32mPASS PATTERN NO.4854[0m, [0;33mLatency:      3[0m
[0;32mPASS PATTERN NO.4855[0m, [0;33mLatency:      3[0m
[0;32mPASS PATTERN NO.4856[0m, [0;33mLatency:      3[0m
[0;32mPASS PATTERN NO.4857[0m, [0;33mLatency:      3[0m
[0;32mPASS PATTERN NO.4858[0m, [0;33mLatency:      3[0m
[0;32mPASS PATTERN NO.4859[0m, [0;33mLatency:      3[0m
[0;32mPASS PATTERN NO.4860[0m, [0;33mLatency:      3[0m
[0;32mPASS PATTERN NO.4861[0m, [0;33mLatency:      3[0m
[0;32mPASS PATTERN NO.4862[0m, [0;33mLatency:      3[0m
[0;32mPASS PATTERN NO.4863[0m, [0;33mLatency:      3[0m
[0;32mPASS PATTERN NO.4864[0m, [0;33mLatency:      3[0m
[0;32mPASS PATTERN NO.4865[0m, [0;33mLatency:      3[0m
[0;32mPASS PATTERN NO.4866[0m, [0;33mLatency:      3[0m
[0;32mPASS PATTERN NO.4867[0m, [0;33mLatency:      3[0m
[0;32mPASS PATTERN NO.4868[0m, [0;33mLatency:      3[0m
[0;32mPASS PATTERN NO.4869[0m, [0;33mLatency:      3[0m
[0;32mPASS PATTERN NO.4870[0m, [0;33mLatency:      3[0m
[0;32mPASS PATTERN NO.4871[0m, [0;33mLatency:      3[0m
[0;32mPASS PATTERN NO.4872[0m, [0;33mLatency:      3[0m
[0;32mPASS PATTERN NO.4873[0m, [0;33mLatency:      3[0m
[0;32mPASS PATTERN NO.4874[0m, [0;33mLatency:      3[0m
[0;32mPASS PATTERN NO.4875[0m, [0;33mLatency:      3[0m
[0;32mPASS PATTERN NO.4876[0m, [0;33mLatency:      3[0m
[0;32mPASS PATTERN NO.4877[0m, [0;33mLatency:      3[0m
[0;32mPASS PATTERN NO.4878[0m, [0;33mLatency:      3[0m
[0;32mPASS PATTERN NO.4879[0m, [0;33mLatency:      3[0m
[0;32mPASS PATTERN NO.4880[0m, [0;33mLatency:      3[0m
[0;32mPASS PATTERN NO.4881[0m, [0;33mLatency:      3[0m
[0;32mPASS PATTERN NO.4882[0m, [0;33mLatency:      3[0m
[0;32mPASS PATTERN NO.4883[0m, [0;33mLatency:      3[0m
[0;32mPASS PATTERN NO.4884[0m, [0;33mLatency:      3[0m
[0;32mPASS PATTERN NO.4885[0m, [0;33mLatency:      3[0m
[0;32mPASS PATTERN NO.4886[0m, [0;33mLatency:      3[0m
[0;32mPASS PATTERN NO.4887[0m, [0;33mLatency:      3[0m
[0;32mPASS PATTERN NO.4888[0m, [0;33mLatency:      3[0m
[0;32mPASS PATTERN NO.4889[0m, [0;33mLatency:      3[0m
[0;32mPASS PATTERN NO.4890[0m, [0;33mLatency:      3[0m
[0;32mPASS PATTERN NO.4891[0m, [0;33mLatency:      3[0m
[0;32mPASS PATTERN NO.4892[0m, [0;33mLatency:      3[0m
[0;32mPASS PATTERN NO.4893[0m, [0;33mLatency:      3[0m
[0;32mPASS PATTERN NO.4894[0m, [0;33mLatency:      3[0m
[0;32mPASS PATTERN NO.4895[0m, [0;33mLatency:      3[0m
[0;32mPASS PATTERN NO.4896[0m, [0;33mLatency:      3[0m
[0;32mPASS PATTERN NO.4897[0m, [0;33mLatency:      3[0m
[0;32mPASS PATTERN NO.4898[0m, [0;33mLatency:      3[0m
[0;32mPASS PATTERN NO.4899[0m, [0;33mLatency:      3[0m
[0;32mPASS PATTERN NO.4900[0m, [0;33mLatency:      3[0m
[0;32mPASS PATTERN NO.4901[0m, [0;33mLatency:      3[0m
[0;32mPASS PATTERN NO.4902[0m, [0;33mLatency:      3[0m
[0;32mPASS PATTERN NO.4903[0m, [0;33mLatency:      3[0m
[0;32mPASS PATTERN NO.4904[0m, [0;33mLatency:      3[0m
[0;32mPASS PATTERN NO.4905[0m, [0;33mLatency:      3[0m
[0;32mPASS PATTERN NO.4906[0m, [0;33mLatency:      3[0m
[0;32mPASS PATTERN NO.4907[0m, [0;33mLatency:      3[0m
[0;32mPASS PATTERN NO.4908[0m, [0;33mLatency:      3[0m
[0;32mPASS PATTERN NO.4909[0m, [0;33mLatency:      3[0m
[0;32mPASS PATTERN NO.4910[0m, [0;33mLatency:      3[0m
[0;32mPASS PATTERN NO.4911[0m, [0;33mLatency:      3[0m
[0;32mPASS PATTERN NO.4912[0m, [0;33mLatency:      3[0m
[0;32mPASS PATTERN NO.4913[0m, [0;33mLatency:      3[0m
[0;32mPASS PATTERN NO.4914[0m, [0;33mLatency:      3[0m
[0;32mPASS PATTERN NO.4915[0m, [0;33mLatency:      3[0m
[0;32mPASS PATTERN NO.4916[0m, [0;33mLatency:      3[0m
[0;32mPASS PATTERN NO.4917[0m, [0;33mLatency:      3[0m
[0;32mPASS PATTERN NO.4918[0m, [0;33mLatency:      3[0m
[0;32mPASS PATTERN NO.4919[0m, [0;33mLatency:      3[0m
[0;32mPASS PATTERN NO.4920[0m, [0;33mLatency:      3[0m
[0;32mPASS PATTERN NO.4921[0m, [0;33mLatency:      3[0m
[0;32mPASS PATTERN NO.4922[0m, [0;33mLatency:      3[0m
[0;32mPASS PATTERN NO.4923[0m, [0;33mLatency:      3[0m
[0;32mPASS PATTERN NO.4924[0m, [0;33mLatency:      3[0m
[0;32mPASS PATTERN NO.4925[0m, [0;33mLatency:      3[0m
[0;32mPASS PATTERN NO.4926[0m, [0;33mLatency:      3[0m
[0;32mPASS PATTERN NO.4927[0m, [0;33mLatency:      3[0m
[0;32mPASS PATTERN NO.4928[0m, [0;33mLatency:      3[0m
[0;32mPASS PATTERN NO.4929[0m, [0;33mLatency:      3[0m
[0;32mPASS PATTERN NO.4930[0m, [0;33mLatency:      3[0m
[0;32mPASS PATTERN NO.4931[0m, [0;33mLatency:      3[0m
[0;32mPASS PATTERN NO.4932[0m, [0;33mLatency:      3[0m
[0;32mPASS PATTERN NO.4933[0m, [0;33mLatency:      3[0m
[0;32mPASS PATTERN NO.4934[0m, [0;33mLatency:      3[0m
[0;32mPASS PATTERN NO.4935[0m, [0;33mLatency:      3[0m
[0;32mPASS PATTERN NO.4936[0m, [0;33mLatency:      3[0m
[0;32mPASS PATTERN NO.4937[0m, [0;33mLatency:      3[0m
[0;32mPASS PATTERN NO.4938[0m, [0;33mLatency:      3[0m
[0;32mPASS PATTERN NO.4939[0m, [0;33mLatency:      3[0m
[0;32mPASS PATTERN NO.4940[0m, [0;33mLatency:      3[0m
[0;32mPASS PATTERN NO.4941[0m, [0;33mLatency:      3[0m
[0;32mPASS PATTERN NO.4942[0m, [0;33mLatency:      3[0m
[0;32mPASS PATTERN NO.4943[0m, [0;33mLatency:      3[0m
[0;32mPASS PATTERN NO.4944[0m, [0;33mLatency:      3[0m
[0;32mPASS PATTERN NO.4945[0m, [0;33mLatency:      3[0m
[0;32mPASS PATTERN NO.4946[0m, [0;33mLatency:      3[0m
[0;32mPASS PATTERN NO.4947[0m, [0;33mLatency:      3[0m
[0;32mPASS PATTERN NO.4948[0m, [0;33mLatency:      3[0m
[0;32mPASS PATTERN NO.4949[0m, [0;33mLatency:      3[0m
[0;32mPASS PATTERN NO.4950[0m, [0;33mLatency:      3[0m
[0;32mPASS PATTERN NO.4951[0m, [0;33mLatency:      3[0m
[0;32mPASS PATTERN NO.4952[0m, [0;33mLatency:      3[0m
[0;32mPASS PATTERN NO.4953[0m, [0;33mLatency:      3[0m
[0;32mPASS PATTERN NO.4954[0m, [0;33mLatency:      3[0m
[0;32mPASS PATTERN NO.4955[0m, [0;33mLatency:      3[0m
[0;32mPASS PATTERN NO.4956[0m, [0;33mLatency:      3[0m
[0;32mPASS PATTERN NO.4957[0m, [0;33mLatency:      3[0m
[0;32mPASS PATTERN NO.4958[0m, [0;33mLatency:      3[0m
[0;32mPASS PATTERN NO.4959[0m, [0;33mLatency:      3[0m
[0;32mPASS PATTERN NO.4960[0m, [0;33mLatency:      3[0m
[0;32mPASS PATTERN NO.4961[0m, [0;33mLatency:      3[0m
[0;32mPASS PATTERN NO.4962[0m, [0;33mLatency:      3[0m
[0;32mPASS PATTERN NO.4963[0m, [0;33mLatency:      3[0m
[0;32mPASS PATTERN NO.4964[0m, [0;33mLatency:      3[0m
[0;32mPASS PATTERN NO.4965[0m, [0;33mLatency:      3[0m
[0;32mPASS PATTERN NO.4966[0m, [0;33mLatency:      3[0m
[0;32mPASS PATTERN NO.4967[0m, [0;33mLatency:      3[0m
[0;32mPASS PATTERN NO.4968[0m, [0;33mLatency:      3[0m
[0;32mPASS PATTERN NO.4969[0m, [0;33mLatency:      3[0m
[0;32mPASS PATTERN NO.4970[0m, [0;33mLatency:      3[0m
[0;32mPASS PATTERN NO.4971[0m, [0;33mLatency:      3[0m
[0;32mPASS PATTERN NO.4972[0m, [0;33mLatency:      3[0m
[0;32mPASS PATTERN NO.4973[0m, [0;33mLatency:      3[0m
[0;32mPASS PATTERN NO.4974[0m, [0;33mLatency:      3[0m
[0;32mPASS PATTERN NO.4975[0m, [0;33mLatency:      3[0m
[0;32mPASS PATTERN NO.4976[0m, [0;33mLatency:      3[0m
[0;32mPASS PATTERN NO.4977[0m, [0;33mLatency:      3[0m
[0;32mPASS PATTERN NO.4978[0m, [0;33mLatency:      3[0m
[0;32mPASS PATTERN NO.4979[0m, [0;33mLatency:      3[0m
[0;32mPASS PATTERN NO.4980[0m, [0;33mLatency:      3[0m
[0;32mPASS PATTERN NO.4981[0m, [0;33mLatency:      3[0m
[0;32mPASS PATTERN NO.4982[0m, [0;33mLatency:      3[0m
[0;32mPASS PATTERN NO.4983[0m, [0;33mLatency:      3[0m
[0;32mPASS PATTERN NO.4984[0m, [0;33mLatency:      3[0m
[0;32mPASS PATTERN NO.4985[0m, [0;33mLatency:      3[0m
[0;32mPASS PATTERN NO.4986[0m, [0;33mLatency:      3[0m
[0;32mPASS PATTERN NO.4987[0m, [0;33mLatency:      3[0m
[0;32mPASS PATTERN NO.4988[0m, [0;33mLatency:      3[0m
[0;32mPASS PATTERN NO.4989[0m, [0;33mLatency:      3[0m
[0;32mPASS PATTERN NO.4990[0m, [0;33mLatency:      3[0m
[0;32mPASS PATTERN NO.4991[0m, [0;33mLatency:      3[0m
[0;32mPASS PATTERN NO.4992[0m, [0;33mLatency:      3[0m
[0;32mPASS PATTERN NO.4993[0m, [0;33mLatency:      3[0m
[0;32mPASS PATTERN NO.4994[0m, [0;33mLatency:      3[0m
[0;32mPASS PATTERN NO.4995[0m, [0;33mLatency:      3[0m
[0;32mPASS PATTERN NO.4996[0m, [0;33mLatency:      3[0m
[0;32mPASS PATTERN NO.4997[0m, [0;33mLatency:      3[0m
[0;32mPASS PATTERN NO.4998[0m, [0;33mLatency:      3[0m
[0;32mPASS PATTERN NO.4999[0m, [0;33mLatency:      3[0m
[0;32mPASS PATTERN NO.5000[0m, [0;33mLatency:      3[0m
[0;32mPASS PATTERN NO.5001[0m, [0;33mLatency:      3[0m
[0;32mPASS PATTERN NO.5002[0m, [0;33mLatency:      3[0m
[0;32mPASS PATTERN NO.5003[0m, [0;33mLatency:      3[0m
[0;32mPASS PATTERN NO.5004[0m, [0;33mLatency:      3[0m
[0;32mPASS PATTERN NO.5005[0m, [0;33mLatency:      3[0m
[0;32mPASS PATTERN NO.5006[0m, [0;33mLatency:      3[0m
[0;32mPASS PATTERN NO.5007[0m, [0;33mLatency:      3[0m
[0;32mPASS PATTERN NO.5008[0m, [0;33mLatency:      3[0m
[0;32mPASS PATTERN NO.5009[0m, [0;33mLatency:      3[0m
[0;32mPASS PATTERN NO.5010[0m, [0;33mLatency:      3[0m
[0;32mPASS PATTERN NO.5011[0m, [0;33mLatency:      3[0m
[0;32mPASS PATTERN NO.5012[0m, [0;33mLatency:      3[0m
[0;32mPASS PATTERN NO.5013[0m, [0;33mLatency:      3[0m
[0;32mPASS PATTERN NO.5014[0m, [0;33mLatency:      3[0m
[0;32mPASS PATTERN NO.5015[0m, [0;33mLatency:      3[0m
[0;32mPASS PATTERN NO.5016[0m, [0;33mLatency:      3[0m
[0;32mPASS PATTERN NO.5017[0m, [0;33mLatency:      3[0m
[0;32mPASS PATTERN NO.5018[0m, [0;33mLatency:      3[0m
[0;32mPASS PATTERN NO.5019[0m, [0;33mLatency:      3[0m
[0;32mPASS PATTERN NO.5020[0m, [0;33mLatency:      3[0m
[0;32mPASS PATTERN NO.5021[0m, [0;33mLatency:      3[0m
[0;32mPASS PATTERN NO.5022[0m, [0;33mLatency:      3[0m
[0;32mPASS PATTERN NO.5023[0m, [0;33mLatency:      3[0m
[0;32mPASS PATTERN NO.5024[0m, [0;33mLatency:      3[0m
[0;32mPASS PATTERN NO.5025[0m, [0;33mLatency:      3[0m
[0;32mPASS PATTERN NO.5026[0m, [0;33mLatency:      3[0m
[0;32mPASS PATTERN NO.5027[0m, [0;33mLatency:      3[0m
[0;32mPASS PATTERN NO.5028[0m, [0;33mLatency:      3[0m
[0;32mPASS PATTERN NO.5029[0m, [0;33mLatency:      3[0m
[0;32mPASS PATTERN NO.5030[0m, [0;33mLatency:      3[0m
[0;32mPASS PATTERN NO.5031[0m, [0;33mLatency:      3[0m
[0;32mPASS PATTERN NO.5032[0m, [0;33mLatency:      3[0m
[0;32mPASS PATTERN NO.5033[0m, [0;33mLatency:      3[0m
[0;32mPASS PATTERN NO.5034[0m, [0;33mLatency:      3[0m
[0;32mPASS PATTERN NO.5035[0m, [0;33mLatency:      3[0m
[0;32mPASS PATTERN NO.5036[0m, [0;33mLatency:      3[0m
[0;32mPASS PATTERN NO.5037[0m, [0;33mLatency:      3[0m
[0;32mPASS PATTERN NO.5038[0m, [0;33mLatency:      3[0m
[0;32mPASS PATTERN NO.5039[0m, [0;33mLatency:      3[0m
[0;32mPASS PATTERN NO.5040[0m, [0;33mLatency:      3[0m
[0;32mPASS PATTERN NO.5041[0m, [0;33mLatency:      3[0m
[0;32mPASS PATTERN NO.5042[0m, [0;33mLatency:      3[0m
[0;32mPASS PATTERN NO.5043[0m, [0;33mLatency:      3[0m
[0;32mPASS PATTERN NO.5044[0m, [0;33mLatency:      3[0m
[0;32mPASS PATTERN NO.5045[0m, [0;33mLatency:      3[0m
[0;32mPASS PATTERN NO.5046[0m, [0;33mLatency:      3[0m
[0;32mPASS PATTERN NO.5047[0m, [0;33mLatency:      3[0m
[0;32mPASS PATTERN NO.5048[0m, [0;33mLatency:      3[0m
[0;32mPASS PATTERN NO.5049[0m, [0;33mLatency:      3[0m
[0;32mPASS PATTERN NO.5050[0m, [0;33mLatency:      3[0m
[0;32mPASS PATTERN NO.5051[0m, [0;33mLatency:      3[0m
[0;32mPASS PATTERN NO.5052[0m, [0;33mLatency:      3[0m
[0;32mPASS PATTERN NO.5053[0m, [0;33mLatency:      3[0m
[0;32mPASS PATTERN NO.5054[0m, [0;33mLatency:      3[0m
[0;32mPASS PATTERN NO.5055[0m, [0;33mLatency:      3[0m
[0;32mPASS PATTERN NO.5056[0m, [0;33mLatency:      3[0m
[0;32mPASS PATTERN NO.5057[0m, [0;33mLatency:      3[0m
[0;32mPASS PATTERN NO.5058[0m, [0;33mLatency:      3[0m
[0;32mPASS PATTERN NO.5059[0m, [0;33mLatency:      3[0m
[0;32mPASS PATTERN NO.5060[0m, [0;33mLatency:      3[0m
[0;32mPASS PATTERN NO.5061[0m, [0;33mLatency:      3[0m
[0;32mPASS PATTERN NO.5062[0m, [0;33mLatency:      3[0m
[0;32mPASS PATTERN NO.5063[0m, [0;33mLatency:      3[0m
[0;32mPASS PATTERN NO.5064[0m, [0;33mLatency:      3[0m
[0;32mPASS PATTERN NO.5065[0m, [0;33mLatency:      3[0m
[0;32mPASS PATTERN NO.5066[0m, [0;33mLatency:      3[0m
[0;32mPASS PATTERN NO.5067[0m, [0;33mLatency:      3[0m
[0;32mPASS PATTERN NO.5068[0m, [0;33mLatency:      3[0m
[0;32mPASS PATTERN NO.5069[0m, [0;33mLatency:      3[0m
[0;32mPASS PATTERN NO.5070[0m, [0;33mLatency:      3[0m
[0;32mPASS PATTERN NO.5071[0m, [0;33mLatency:      3[0m
[0;32mPASS PATTERN NO.5072[0m, [0;33mLatency:      3[0m
[0;32mPASS PATTERN NO.5073[0m, [0;33mLatency:      3[0m
[0;32mPASS PATTERN NO.5074[0m, [0;33mLatency:      3[0m
[0;32mPASS PATTERN NO.5075[0m, [0;33mLatency:      3[0m
[0;32mPASS PATTERN NO.5076[0m, [0;33mLatency:      3[0m
[0;32mPASS PATTERN NO.5077[0m, [0;33mLatency:      3[0m
[0;32mPASS PATTERN NO.5078[0m, [0;33mLatency:      3[0m
[0;32mPASS PATTERN NO.5079[0m, [0;33mLatency:      3[0m
[0;32mPASS PATTERN NO.5080[0m, [0;33mLatency:      3[0m
[0;32mPASS PATTERN NO.5081[0m, [0;33mLatency:      3[0m
[0;32mPASS PATTERN NO.5082[0m, [0;33mLatency:      3[0m
[0;32mPASS PATTERN NO.5083[0m, [0;33mLatency:      3[0m
[0;32mPASS PATTERN NO.5084[0m, [0;33mLatency:      3[0m
[0;32mPASS PATTERN NO.5085[0m, [0;33mLatency:      3[0m
[0;32mPASS PATTERN NO.5086[0m, [0;33mLatency:      3[0m
[0;32mPASS PATTERN NO.5087[0m, [0;33mLatency:      3[0m
[0;32mPASS PATTERN NO.5088[0m, [0;33mLatency:      3[0m
[0;32mPASS PATTERN NO.5089[0m, [0;33mLatency:      3[0m
[0;32mPASS PATTERN NO.5090[0m, [0;33mLatency:      3[0m
[0;32mPASS PATTERN NO.5091[0m, [0;33mLatency:      3[0m
[0;32mPASS PATTERN NO.5092[0m, [0;33mLatency:      3[0m
[0;32mPASS PATTERN NO.5093[0m, [0;33mLatency:      3[0m
[0;32mPASS PATTERN NO.5094[0m, [0;33mLatency:      3[0m
[0;32mPASS PATTERN NO.5095[0m, [0;33mLatency:      3[0m
[0;32mPASS PATTERN NO.5096[0m, [0;33mLatency:      3[0m
[0;32mPASS PATTERN NO.5097[0m, [0;33mLatency:      3[0m
[0;32mPASS PATTERN NO.5098[0m, [0;33mLatency:      3[0m
[0;32mPASS PATTERN NO.5099[0m, [0;33mLatency:      3[0m
[0;32mPASS PATTERN NO.5100[0m, [0;33mLatency:      3[0m
[0;32mPASS PATTERN NO.5101[0m, [0;33mLatency:      3[0m
[0;32mPASS PATTERN NO.5102[0m, [0;33mLatency:      3[0m
[0;32mPASS PATTERN NO.5103[0m, [0;33mLatency:      3[0m
[0;32mPASS PATTERN NO.5104[0m, [0;33mLatency:      3[0m
[0;32mPASS PATTERN NO.5105[0m, [0;33mLatency:      3[0m
[0;32mPASS PATTERN NO.5106[0m, [0;33mLatency:      3[0m
[0;32mPASS PATTERN NO.5107[0m, [0;33mLatency:      3[0m
[0;32mPASS PATTERN NO.5108[0m, [0;33mLatency:      3[0m
[0;32mPASS PATTERN NO.5109[0m, [0;33mLatency:      3[0m
[0;32mPASS PATTERN NO.5110[0m, [0;33mLatency:      3[0m
[0;32mPASS PATTERN NO.5111[0m, [0;33mLatency:      3[0m
[0;32mPASS PATTERN NO.5112[0m, [0;33mLatency:      3[0m
[0;32mPASS PATTERN NO.5113[0m, [0;33mLatency:      3[0m
[0;32mPASS PATTERN NO.5114[0m, [0;33mLatency:      3[0m
[0;32mPASS PATTERN NO.5115[0m, [0;33mLatency:      3[0m
[0;32mPASS PATTERN NO.5116[0m, [0;33mLatency:      3[0m
[0;32mPASS PATTERN NO.5117[0m, [0;33mLatency:      3[0m
[0;32mPASS PATTERN NO.5118[0m, [0;33mLatency:      3[0m
[0;32mPASS PATTERN NO.5119[0m, [0;33mLatency:      3[0m
[0;32mPASS PATTERN NO.5120[0m, [0;33mLatency:      3[0m
[0;32mPASS PATTERN NO.5121[0m, [0;33mLatency:      3[0m
[0;32mPASS PATTERN NO.5122[0m, [0;33mLatency:      3[0m
[0;32mPASS PATTERN NO.5123[0m, [0;33mLatency:      3[0m
[0;32mPASS PATTERN NO.5124[0m, [0;33mLatency:      3[0m
[0;32mPASS PATTERN NO.5125[0m, [0;33mLatency:      3[0m
[0;32mPASS PATTERN NO.5126[0m, [0;33mLatency:      3[0m
[0;32mPASS PATTERN NO.5127[0m, [0;33mLatency:      3[0m
[0;32mPASS PATTERN NO.5128[0m, [0;33mLatency:      3[0m
[0;32mPASS PATTERN NO.5129[0m, [0;33mLatency:      3[0m
[0;32mPASS PATTERN NO.5130[0m, [0;33mLatency:      3[0m
[0;32mPASS PATTERN NO.5131[0m, [0;33mLatency:      3[0m
[0;32mPASS PATTERN NO.5132[0m, [0;33mLatency:      3[0m
[0;32mPASS PATTERN NO.5133[0m, [0;33mLatency:      3[0m
[0;32mPASS PATTERN NO.5134[0m, [0;33mLatency:      3[0m
[0;32mPASS PATTERN NO.5135[0m, [0;33mLatency:      3[0m
[0;32mPASS PATTERN NO.5136[0m, [0;33mLatency:      3[0m
[0;32mPASS PATTERN NO.5137[0m, [0;33mLatency:      3[0m
[0;32mPASS PATTERN NO.5138[0m, [0;33mLatency:      3[0m
[0;32mPASS PATTERN NO.5139[0m, [0;33mLatency:      3[0m
[0;32mPASS PATTERN NO.5140[0m, [0;33mLatency:      3[0m
[0;32mPASS PATTERN NO.5141[0m, [0;33mLatency:      3[0m
[0;32mPASS PATTERN NO.5142[0m, [0;33mLatency:      3[0m
[0;32mPASS PATTERN NO.5143[0m, [0;33mLatency:      3[0m
[0;32mPASS PATTERN NO.5144[0m, [0;33mLatency:      3[0m
[0;32mPASS PATTERN NO.5145[0m, [0;33mLatency:      3[0m
[0;32mPASS PATTERN NO.5146[0m, [0;33mLatency:      3[0m
[0;32mPASS PATTERN NO.5147[0m, [0;33mLatency:      3[0m
[0;32mPASS PATTERN NO.5148[0m, [0;33mLatency:      3[0m
[0;32mPASS PATTERN NO.5149[0m, [0;33mLatency:      3[0m
[0;32mPASS PATTERN NO.5150[0m, [0;33mLatency:      3[0m
[0;32mPASS PATTERN NO.5151[0m, [0;33mLatency:      3[0m
[0;32mPASS PATTERN NO.5152[0m, [0;33mLatency:      3[0m
[0;32mPASS PATTERN NO.5153[0m, [0;33mLatency:      3[0m
[0;32mPASS PATTERN NO.5154[0m, [0;33mLatency:      3[0m
[0;32mPASS PATTERN NO.5155[0m, [0;33mLatency:      3[0m
[0;32mPASS PATTERN NO.5156[0m, [0;33mLatency:      3[0m
[0;32mPASS PATTERN NO.5157[0m, [0;33mLatency:      3[0m
[0;32mPASS PATTERN NO.5158[0m, [0;33mLatency:      3[0m
[0;32mPASS PATTERN NO.5159[0m, [0;33mLatency:      3[0m
[0;32mPASS PATTERN NO.5160[0m, [0;33mLatency:      3[0m
[0;32mPASS PATTERN NO.5161[0m, [0;33mLatency:      3[0m
[0;32mPASS PATTERN NO.5162[0m, [0;33mLatency:      3[0m
[0;32mPASS PATTERN NO.5163[0m, [0;33mLatency:      3[0m
[0;32mPASS PATTERN NO.5164[0m, [0;33mLatency:      3[0m
[0;32mPASS PATTERN NO.5165[0m, [0;33mLatency:      3[0m
[0;32mPASS PATTERN NO.5166[0m, [0;33mLatency:      3[0m
[0;32mPASS PATTERN NO.5167[0m, [0;33mLatency:      3[0m
[0;32mPASS PATTERN NO.5168[0m, [0;33mLatency:      3[0m
[0;32mPASS PATTERN NO.5169[0m, [0;33mLatency:      3[0m
[0;32mPASS PATTERN NO.5170[0m, [0;33mLatency:      3[0m
[0;32mPASS PATTERN NO.5171[0m, [0;33mLatency:      3[0m
[0;32mPASS PATTERN NO.5172[0m, [0;33mLatency:      3[0m
[0;32mPASS PATTERN NO.5173[0m, [0;33mLatency:      3[0m
[0;32mPASS PATTERN NO.5174[0m, [0;33mLatency:      3[0m
[0;32mPASS PATTERN NO.5175[0m, [0;33mLatency:      3[0m
[0;32mPASS PATTERN NO.5176[0m, [0;33mLatency:      3[0m
[0;32mPASS PATTERN NO.5177[0m, [0;33mLatency:      3[0m
[0;32mPASS PATTERN NO.5178[0m, [0;33mLatency:      3[0m
[0;32mPASS PATTERN NO.5179[0m, [0;33mLatency:      3[0m
[0;32mPASS PATTERN NO.5180[0m, [0;33mLatency:      3[0m
[0;32mPASS PATTERN NO.5181[0m, [0;33mLatency:      3[0m
[0;32mPASS PATTERN NO.5182[0m, [0;33mLatency:      3[0m
[0;32mPASS PATTERN NO.5183[0m, [0;33mLatency:      3[0m
[0;32mPASS PATTERN NO.5184[0m, [0;33mLatency:      3[0m
[0;32mPASS PATTERN NO.5185[0m, [0;33mLatency:      3[0m
[0;32mPASS PATTERN NO.5186[0m, [0;33mLatency:      3[0m
[0;32mPASS PATTERN NO.5187[0m, [0;33mLatency:      3[0m
[0;32mPASS PATTERN NO.5188[0m, [0;33mLatency:      3[0m
[0;32mPASS PATTERN NO.5189[0m, [0;33mLatency:      3[0m
[0;32mPASS PATTERN NO.5190[0m, [0;33mLatency:      3[0m
[0;32mPASS PATTERN NO.5191[0m, [0;33mLatency:      3[0m
[0;32mPASS PATTERN NO.5192[0m, [0;33mLatency:      3[0m
[0;32mPASS PATTERN NO.5193[0m, [0;33mLatency:      3[0m
[0;32mPASS PATTERN NO.5194[0m, [0;33mLatency:      3[0m
[0;32mPASS PATTERN NO.5195[0m, [0;33mLatency:      3[0m
[0;32mPASS PATTERN NO.5196[0m, [0;33mLatency:      3[0m
[0;32mPASS PATTERN NO.5197[0m, [0;33mLatency:      3[0m
[0;32mPASS PATTERN NO.5198[0m, [0;33mLatency:      3[0m
[0;32mPASS PATTERN NO.5199[0m, [0;33mLatency:      3[0m
[0;32mPASS PATTERN NO.5200[0m, [0;33mLatency:      3[0m
[0;32mPASS PATTERN NO.5201[0m, [0;33mLatency:      3[0m
[0;32mPASS PATTERN NO.5202[0m, [0;33mLatency:      3[0m
[0;32mPASS PATTERN NO.5203[0m, [0;33mLatency:      3[0m
[0;32mPASS PATTERN NO.5204[0m, [0;33mLatency:      3[0m
[0;32mPASS PATTERN NO.5205[0m, [0;33mLatency:      3[0m
[0;32mPASS PATTERN NO.5206[0m, [0;33mLatency:      3[0m
[0;32mPASS PATTERN NO.5207[0m, [0;33mLatency:      3[0m
[0;32mPASS PATTERN NO.5208[0m, [0;33mLatency:      3[0m
[0;32mPASS PATTERN NO.5209[0m, [0;33mLatency:      3[0m
[0;32mPASS PATTERN NO.5210[0m, [0;33mLatency:      3[0m
[0;32mPASS PATTERN NO.5211[0m, [0;33mLatency:      3[0m
[0;32mPASS PATTERN NO.5212[0m, [0;33mLatency:      3[0m
[0;32mPASS PATTERN NO.5213[0m, [0;33mLatency:      3[0m
[0;32mPASS PATTERN NO.5214[0m, [0;33mLatency:      3[0m
[0;32mPASS PATTERN NO.5215[0m, [0;33mLatency:      3[0m
[0;32mPASS PATTERN NO.5216[0m, [0;33mLatency:      3[0m
[0;32mPASS PATTERN NO.5217[0m, [0;33mLatency:      3[0m
[0;32mPASS PATTERN NO.5218[0m, [0;33mLatency:      3[0m
[0;32mPASS PATTERN NO.5219[0m, [0;33mLatency:      3[0m
[0;32mPASS PATTERN NO.5220[0m, [0;33mLatency:      3[0m
[0;32mPASS PATTERN NO.5221[0m, [0;33mLatency:      3[0m
[0;32mPASS PATTERN NO.5222[0m, [0;33mLatency:      3[0m
[0;32mPASS PATTERN NO.5223[0m, [0;33mLatency:      3[0m
[0;32mPASS PATTERN NO.5224[0m, [0;33mLatency:      3[0m
[0;32mPASS PATTERN NO.5225[0m, [0;33mLatency:      3[0m
[0;32mPASS PATTERN NO.5226[0m, [0;33mLatency:      3[0m
[0;32mPASS PATTERN NO.5227[0m, [0;33mLatency:      3[0m
[0;32mPASS PATTERN NO.5228[0m, [0;33mLatency:      3[0m
[0;32mPASS PATTERN NO.5229[0m, [0;33mLatency:      3[0m
[0;32mPASS PATTERN NO.5230[0m, [0;33mLatency:      3[0m
[0;32mPASS PATTERN NO.5231[0m, [0;33mLatency:      3[0m
[0;32mPASS PATTERN NO.5232[0m, [0;33mLatency:      3[0m
[0;32mPASS PATTERN NO.5233[0m, [0;33mLatency:      3[0m
[0;32mPASS PATTERN NO.5234[0m, [0;33mLatency:      3[0m
[0;32mPASS PATTERN NO.5235[0m, [0;33mLatency:      3[0m
[0;32mPASS PATTERN NO.5236[0m, [0;33mLatency:      3[0m
[0;32mPASS PATTERN NO.5237[0m, [0;33mLatency:      3[0m
[0;32mPASS PATTERN NO.5238[0m, [0;33mLatency:      3[0m
[0;32mPASS PATTERN NO.5239[0m, [0;33mLatency:      3[0m
[0;32mPASS PATTERN NO.5240[0m, [0;33mLatency:      3[0m
[0;32mPASS PATTERN NO.5241[0m, [0;33mLatency:      3[0m
[0;32mPASS PATTERN NO.5242[0m, [0;33mLatency:      3[0m
[0;32mPASS PATTERN NO.5243[0m, [0;33mLatency:      3[0m
[0;32mPASS PATTERN NO.5244[0m, [0;33mLatency:      3[0m
[0;32mPASS PATTERN NO.5245[0m, [0;33mLatency:      3[0m
[0;32mPASS PATTERN NO.5246[0m, [0;33mLatency:      3[0m
[0;32mPASS PATTERN NO.5247[0m, [0;33mLatency:      3[0m
[0;32mPASS PATTERN NO.5248[0m, [0;33mLatency:      3[0m
[0;32mPASS PATTERN NO.5249[0m, [0;33mLatency:      3[0m
[0;32mPASS PATTERN NO.5250[0m, [0;33mLatency:      3[0m
[0;32mPASS PATTERN NO.5251[0m, [0;33mLatency:      3[0m
[0;32mPASS PATTERN NO.5252[0m, [0;33mLatency:      3[0m
[0;32mPASS PATTERN NO.5253[0m, [0;33mLatency:      3[0m
[0;32mPASS PATTERN NO.5254[0m, [0;33mLatency:      3[0m
[0;32mPASS PATTERN NO.5255[0m, [0;33mLatency:      3[0m
[0;32mPASS PATTERN NO.5256[0m, [0;33mLatency:      3[0m
[0;32mPASS PATTERN NO.5257[0m, [0;33mLatency:      3[0m
[0;32mPASS PATTERN NO.5258[0m, [0;33mLatency:      3[0m
[0;32mPASS PATTERN NO.5259[0m, [0;33mLatency:      3[0m
[0;32mPASS PATTERN NO.5260[0m, [0;33mLatency:      3[0m
[0;32mPASS PATTERN NO.5261[0m, [0;33mLatency:      3[0m
[0;32mPASS PATTERN NO.5262[0m, [0;33mLatency:      3[0m
[0;32mPASS PATTERN NO.5263[0m, [0;33mLatency:      3[0m
[0;32mPASS PATTERN NO.5264[0m, [0;33mLatency:      3[0m
[0;32mPASS PATTERN NO.5265[0m, [0;33mLatency:      3[0m
[0;32mPASS PATTERN NO.5266[0m, [0;33mLatency:      3[0m
[0;32mPASS PATTERN NO.5267[0m, [0;33mLatency:      3[0m
[0;32mPASS PATTERN NO.5268[0m, [0;33mLatency:      3[0m
[0;32mPASS PATTERN NO.5269[0m, [0;33mLatency:      3[0m
[0;32mPASS PATTERN NO.5270[0m, [0;33mLatency:      3[0m
[0;32mPASS PATTERN NO.5271[0m, [0;33mLatency:      3[0m
[0;32mPASS PATTERN NO.5272[0m, [0;33mLatency:      3[0m
[0;32mPASS PATTERN NO.5273[0m, [0;33mLatency:      3[0m
[0;32mPASS PATTERN NO.5274[0m, [0;33mLatency:      3[0m
[0;32mPASS PATTERN NO.5275[0m, [0;33mLatency:      3[0m
[0;32mPASS PATTERN NO.5276[0m, [0;33mLatency:      3[0m
[0;32mPASS PATTERN NO.5277[0m, [0;33mLatency:      3[0m
[0;32mPASS PATTERN NO.5278[0m, [0;33mLatency:      3[0m
[0;32mPASS PATTERN NO.5279[0m, [0;33mLatency:      3[0m
[0;32mPASS PATTERN NO.5280[0m, [0;33mLatency:      3[0m
[0;32mPASS PATTERN NO.5281[0m, [0;33mLatency:      3[0m
[0;32mPASS PATTERN NO.5282[0m, [0;33mLatency:      3[0m
[0;32mPASS PATTERN NO.5283[0m, [0;33mLatency:      3[0m
[0;32mPASS PATTERN NO.5284[0m, [0;33mLatency:      3[0m
[0;32mPASS PATTERN NO.5285[0m, [0;33mLatency:      3[0m
[0;32mPASS PATTERN NO.5286[0m, [0;33mLatency:      3[0m
[0;32mPASS PATTERN NO.5287[0m, [0;33mLatency:      3[0m
[0;32mPASS PATTERN NO.5288[0m, [0;33mLatency:      3[0m
[0;32mPASS PATTERN NO.5289[0m, [0;33mLatency:      3[0m
[0;32mPASS PATTERN NO.5290[0m, [0;33mLatency:      3[0m
[0;32mPASS PATTERN NO.5291[0m, [0;33mLatency:      3[0m
[0;32mPASS PATTERN NO.5292[0m, [0;33mLatency:      3[0m
[0;32mPASS PATTERN NO.5293[0m, [0;33mLatency:      3[0m
[0;32mPASS PATTERN NO.5294[0m, [0;33mLatency:      3[0m
[0;32mPASS PATTERN NO.5295[0m, [0;33mLatency:      3[0m
[0;32mPASS PATTERN NO.5296[0m, [0;33mLatency:      3[0m
[0;32mPASS PATTERN NO.5297[0m, [0;33mLatency:      3[0m
[0;32mPASS PATTERN NO.5298[0m, [0;33mLatency:      3[0m
[0;32mPASS PATTERN NO.5299[0m, [0;33mLatency:      3[0m
[0;32mPASS PATTERN NO.5300[0m, [0;33mLatency:      3[0m
[0;32mPASS PATTERN NO.5301[0m, [0;33mLatency:      3[0m
[0;32mPASS PATTERN NO.5302[0m, [0;33mLatency:      3[0m
[0;32mPASS PATTERN NO.5303[0m, [0;33mLatency:      3[0m
[0;32mPASS PATTERN NO.5304[0m, [0;33mLatency:      3[0m
[0;32mPASS PATTERN NO.5305[0m, [0;33mLatency:      3[0m
[0;32mPASS PATTERN NO.5306[0m, [0;33mLatency:      3[0m
[0;32mPASS PATTERN NO.5307[0m, [0;33mLatency:      3[0m
[0;32mPASS PATTERN NO.5308[0m, [0;33mLatency:      3[0m
[0;32mPASS PATTERN NO.5309[0m, [0;33mLatency:      3[0m
[0;32mPASS PATTERN NO.5310[0m, [0;33mLatency:      3[0m
[0;32mPASS PATTERN NO.5311[0m, [0;33mLatency:      3[0m
[0;32mPASS PATTERN NO.5312[0m, [0;33mLatency:      3[0m
[0;32mPASS PATTERN NO.5313[0m, [0;33mLatency:      3[0m
[0;32mPASS PATTERN NO.5314[0m, [0;33mLatency:      3[0m
[0;32mPASS PATTERN NO.5315[0m, [0;33mLatency:      3[0m
[0;32mPASS PATTERN NO.5316[0m, [0;33mLatency:      3[0m
[0;32mPASS PATTERN NO.5317[0m, [0;33mLatency:      3[0m
[0;32mPASS PATTERN NO.5318[0m, [0;33mLatency:      3[0m
[0;32mPASS PATTERN NO.5319[0m, [0;33mLatency:      3[0m
[0;32mPASS PATTERN NO.5320[0m, [0;33mLatency:      3[0m
[0;32mPASS PATTERN NO.5321[0m, [0;33mLatency:      3[0m
[0;32mPASS PATTERN NO.5322[0m, [0;33mLatency:      3[0m
[0;32mPASS PATTERN NO.5323[0m, [0;33mLatency:      3[0m
[0;32mPASS PATTERN NO.5324[0m, [0;33mLatency:      3[0m
[0;32mPASS PATTERN NO.5325[0m, [0;33mLatency:      3[0m
[0;32mPASS PATTERN NO.5326[0m, [0;33mLatency:      3[0m
[0;32mPASS PATTERN NO.5327[0m, [0;33mLatency:      3[0m
[0;32mPASS PATTERN NO.5328[0m, [0;33mLatency:      3[0m
[0;32mPASS PATTERN NO.5329[0m, [0;33mLatency:      3[0m
[0;32mPASS PATTERN NO.5330[0m, [0;33mLatency:      3[0m
[0;32mPASS PATTERN NO.5331[0m, [0;33mLatency:      3[0m
[0;32mPASS PATTERN NO.5332[0m, [0;33mLatency:      3[0m
[0;32mPASS PATTERN NO.5333[0m, [0;33mLatency:      3[0m
[0;32mPASS PATTERN NO.5334[0m, [0;33mLatency:      3[0m
[0;32mPASS PATTERN NO.5335[0m, [0;33mLatency:      3[0m
[0;32mPASS PATTERN NO.5336[0m, [0;33mLatency:      3[0m
[0;32mPASS PATTERN NO.5337[0m, [0;33mLatency:      3[0m
[0;32mPASS PATTERN NO.5338[0m, [0;33mLatency:      3[0m
[0;32mPASS PATTERN NO.5339[0m, [0;33mLatency:      3[0m
[0;32mPASS PATTERN NO.5340[0m, [0;33mLatency:      3[0m
[0;32mPASS PATTERN NO.5341[0m, [0;33mLatency:      3[0m
[0;32mPASS PATTERN NO.5342[0m, [0;33mLatency:      3[0m
[0;32mPASS PATTERN NO.5343[0m, [0;33mLatency:      3[0m
[0;32mPASS PATTERN NO.5344[0m, [0;33mLatency:      3[0m
[0;32mPASS PATTERN NO.5345[0m, [0;33mLatency:      3[0m
[0;32mPASS PATTERN NO.5346[0m, [0;33mLatency:      3[0m
[0;32mPASS PATTERN NO.5347[0m, [0;33mLatency:      3[0m
[0;32mPASS PATTERN NO.5348[0m, [0;33mLatency:      3[0m
[0;32mPASS PATTERN NO.5349[0m, [0;33mLatency:      3[0m
[0;32mPASS PATTERN NO.5350[0m, [0;33mLatency:      3[0m
[0;32mPASS PATTERN NO.5351[0m, [0;33mLatency:      3[0m
[0;32mPASS PATTERN NO.5352[0m, [0;33mLatency:      3[0m
[0;32mPASS PATTERN NO.5353[0m, [0;33mLatency:      3[0m
[0;32mPASS PATTERN NO.5354[0m, [0;33mLatency:      3[0m
[0;32mPASS PATTERN NO.5355[0m, [0;33mLatency:      3[0m
[0;32mPASS PATTERN NO.5356[0m, [0;33mLatency:      3[0m
[0;32mPASS PATTERN NO.5357[0m, [0;33mLatency:      3[0m
[0;32mPASS PATTERN NO.5358[0m, [0;33mLatency:      3[0m
[0;32mPASS PATTERN NO.5359[0m, [0;33mLatency:      3[0m
[0;32mPASS PATTERN NO.5360[0m, [0;33mLatency:      3[0m
[0;32mPASS PATTERN NO.5361[0m, [0;33mLatency:      3[0m
[0;32mPASS PATTERN NO.5362[0m, [0;33mLatency:      3[0m
[0;32mPASS PATTERN NO.5363[0m, [0;33mLatency:      3[0m
[0;32mPASS PATTERN NO.5364[0m, [0;33mLatency:      3[0m
[0;32mPASS PATTERN NO.5365[0m, [0;33mLatency:      3[0m
[0;32mPASS PATTERN NO.5366[0m, [0;33mLatency:      3[0m
[0;32mPASS PATTERN NO.5367[0m, [0;33mLatency:      3[0m
[0;32mPASS PATTERN NO.5368[0m, [0;33mLatency:      3[0m
[0;32mPASS PATTERN NO.5369[0m, [0;33mLatency:      3[0m
[0;32mPASS PATTERN NO.5370[0m, [0;33mLatency:      3[0m
[0;32mPASS PATTERN NO.5371[0m, [0;33mLatency:      3[0m
[0;32mPASS PATTERN NO.5372[0m, [0;33mLatency:      3[0m
[0;32mPASS PATTERN NO.5373[0m, [0;33mLatency:      3[0m
[0;32mPASS PATTERN NO.5374[0m, [0;33mLatency:      3[0m
[0;32mPASS PATTERN NO.5375[0m, [0;33mLatency:      3[0m
[0;32mPASS PATTERN NO.5376[0m, [0;33mLatency:      3[0m
[0;32mPASS PATTERN NO.5377[0m, [0;33mLatency:      3[0m
[0;32mPASS PATTERN NO.5378[0m, [0;33mLatency:      3[0m
[0;32mPASS PATTERN NO.5379[0m, [0;33mLatency:      3[0m
[0;32mPASS PATTERN NO.5380[0m, [0;33mLatency:      3[0m
[0;32mPASS PATTERN NO.5381[0m, [0;33mLatency:      3[0m
[0;32mPASS PATTERN NO.5382[0m, [0;33mLatency:      3[0m
[0;32mPASS PATTERN NO.5383[0m, [0;33mLatency:      3[0m
[0;32mPASS PATTERN NO.5384[0m, [0;33mLatency:      3[0m
[0;32mPASS PATTERN NO.5385[0m, [0;33mLatency:      3[0m
[0;32mPASS PATTERN NO.5386[0m, [0;33mLatency:      3[0m
[0;32mPASS PATTERN NO.5387[0m, [0;33mLatency:      3[0m
[0;32mPASS PATTERN NO.5388[0m, [0;33mLatency:      3[0m
[0;32mPASS PATTERN NO.5389[0m, [0;33mLatency:      3[0m
[0;32mPASS PATTERN NO.5390[0m, [0;33mLatency:      3[0m
[0;32mPASS PATTERN NO.5391[0m, [0;33mLatency:      3[0m
[0;32mPASS PATTERN NO.5392[0m, [0;33mLatency:      3[0m
[0;32mPASS PATTERN NO.5393[0m, [0;33mLatency:      3[0m
[0;32mPASS PATTERN NO.5394[0m, [0;33mLatency:      3[0m
[0;32mPASS PATTERN NO.5395[0m, [0;33mLatency:      3[0m
[0;32mPASS PATTERN NO.5396[0m, [0;33mLatency:      3[0m
[0;32mPASS PATTERN NO.5397[0m, [0;33mLatency:      3[0m
[0;32mPASS PATTERN NO.5398[0m, [0;33mLatency:      3[0m
[0;32mPASS PATTERN NO.5399[0m, [0;33mLatency:      3[0m
[0;32mPASS PATTERN NO.5400[0m, [0;33mLatency:      3[0m
[0;32mPASS PATTERN NO.5401[0m, [0;33mLatency:      3[0m
[0;32mPASS PATTERN NO.5402[0m, [0;33mLatency:      3[0m
[0;32mPASS PATTERN NO.5403[0m, [0;33mLatency:      3[0m
[0;32mPASS PATTERN NO.5404[0m, [0;33mLatency:      3[0m
[0;32mPASS PATTERN NO.5405[0m, [0;33mLatency:      3[0m
[0;32mPASS PATTERN NO.5406[0m, [0;33mLatency:      3[0m
[0;32mPASS PATTERN NO.5407[0m, [0;33mLatency:      3[0m
[0;32mPASS PATTERN NO.5408[0m, [0;33mLatency:      3[0m
[0;32mPASS PATTERN NO.5409[0m, [0;33mLatency:      3[0m
[0;32mPASS PATTERN NO.5410[0m, [0;33mLatency:      3[0m
[0;32mPASS PATTERN NO.5411[0m, [0;33mLatency:      3[0m
[0;32mPASS PATTERN NO.5412[0m, [0;33mLatency:      3[0m
[0;32mPASS PATTERN NO.5413[0m, [0;33mLatency:      3[0m
[0;32mPASS PATTERN NO.5414[0m, [0;33mLatency:      3[0m
[0;32mPASS PATTERN NO.5415[0m, [0;33mLatency:      3[0m
[0;32mPASS PATTERN NO.5416[0m, [0;33mLatency:      3[0m
[0;32mPASS PATTERN NO.5417[0m, [0;33mLatency:      3[0m
[0;32mPASS PATTERN NO.5418[0m, [0;33mLatency:      3[0m
[0;32mPASS PATTERN NO.5419[0m, [0;33mLatency:      3[0m
[0;32mPASS PATTERN NO.5420[0m, [0;33mLatency:      3[0m
[0;32mPASS PATTERN NO.5421[0m, [0;33mLatency:      3[0m
[0;32mPASS PATTERN NO.5422[0m, [0;33mLatency:      3[0m
[0;32mPASS PATTERN NO.5423[0m, [0;33mLatency:      3[0m
[0;32mPASS PATTERN NO.5424[0m, [0;33mLatency:      3[0m
[0;32mPASS PATTERN NO.5425[0m, [0;33mLatency:      3[0m
[0;32mPASS PATTERN NO.5426[0m, [0;33mLatency:      3[0m
[0;32mPASS PATTERN NO.5427[0m, [0;33mLatency:      3[0m
[0;32mPASS PATTERN NO.5428[0m, [0;33mLatency:      3[0m
[0;32mPASS PATTERN NO.5429[0m, [0;33mLatency:      3[0m
[0;32mPASS PATTERN NO.5430[0m, [0;33mLatency:      3[0m
[0;32mPASS PATTERN NO.5431[0m, [0;33mLatency:      3[0m
[0;32mPASS PATTERN NO.5432[0m, [0;33mLatency:      3[0m
[0;32mPASS PATTERN NO.5433[0m, [0;33mLatency:      3[0m
[0;32mPASS PATTERN NO.5434[0m, [0;33mLatency:      3[0m
[0;32mPASS PATTERN NO.5435[0m, [0;33mLatency:      3[0m
[0;32mPASS PATTERN NO.5436[0m, [0;33mLatency:      3[0m
[0;32mPASS PATTERN NO.5437[0m, [0;33mLatency:      3[0m
[0;32mPASS PATTERN NO.5438[0m, [0;33mLatency:      3[0m
[0;32mPASS PATTERN NO.5439[0m, [0;33mLatency:      3[0m
[0;32mPASS PATTERN NO.5440[0m, [0;33mLatency:      3[0m
[0;32mPASS PATTERN NO.5441[0m, [0;33mLatency:      3[0m
[0;32mPASS PATTERN NO.5442[0m, [0;33mLatency:      3[0m
[0;32mPASS PATTERN NO.5443[0m, [0;33mLatency:      3[0m
[0;32mPASS PATTERN NO.5444[0m, [0;33mLatency:      3[0m
[0;32mPASS PATTERN NO.5445[0m, [0;33mLatency:      3[0m
[0;32mPASS PATTERN NO.5446[0m, [0;33mLatency:      3[0m
[0;32mPASS PATTERN NO.5447[0m, [0;33mLatency:      3[0m
[0;32mPASS PATTERN NO.5448[0m, [0;33mLatency:      3[0m
[0;32mPASS PATTERN NO.5449[0m, [0;33mLatency:      3[0m
[0;32mPASS PATTERN NO.5450[0m, [0;33mLatency:      3[0m
[0;32mPASS PATTERN NO.5451[0m, [0;33mLatency:      3[0m
[0;32mPASS PATTERN NO.5452[0m, [0;33mLatency:      3[0m
[0;32mPASS PATTERN NO.5453[0m, [0;33mLatency:      3[0m
[0;32mPASS PATTERN NO.5454[0m, [0;33mLatency:      3[0m
[0;32mPASS PATTERN NO.5455[0m, [0;33mLatency:      3[0m
[0;32mPASS PATTERN NO.5456[0m, [0;33mLatency:      3[0m
[0;32mPASS PATTERN NO.5457[0m, [0;33mLatency:      3[0m
[0;32mPASS PATTERN NO.5458[0m, [0;33mLatency:      3[0m
[0;32mPASS PATTERN NO.5459[0m, [0;33mLatency:      3[0m
[0;32mPASS PATTERN NO.5460[0m, [0;33mLatency:      3[0m
[0;32mPASS PATTERN NO.5461[0m, [0;33mLatency:      3[0m
[0;32mPASS PATTERN NO.5462[0m, [0;33mLatency:      3[0m
[0;32mPASS PATTERN NO.5463[0m, [0;33mLatency:      3[0m
[0;32mPASS PATTERN NO.5464[0m, [0;33mLatency:      3[0m
[0;32mPASS PATTERN NO.5465[0m, [0;33mLatency:      3[0m
[0;32mPASS PATTERN NO.5466[0m, [0;33mLatency:      3[0m
[0;32mPASS PATTERN NO.5467[0m, [0;33mLatency:      3[0m
[0;32mPASS PATTERN NO.5468[0m, [0;33mLatency:      3[0m
[0;32mPASS PATTERN NO.5469[0m, [0;33mLatency:      3[0m
[0;32mPASS PATTERN NO.5470[0m, [0;33mLatency:      3[0m
[0;32mPASS PATTERN NO.5471[0m, [0;33mLatency:      3[0m
[0;32mPASS PATTERN NO.5472[0m, [0;33mLatency:      3[0m
[0;32mPASS PATTERN NO.5473[0m, [0;33mLatency:      3[0m
[0;32mPASS PATTERN NO.5474[0m, [0;33mLatency:      3[0m
[0;32mPASS PATTERN NO.5475[0m, [0;33mLatency:      3[0m
[0;32mPASS PATTERN NO.5476[0m, [0;33mLatency:      3[0m
[0;32mPASS PATTERN NO.5477[0m, [0;33mLatency:      3[0m
[0;32mPASS PATTERN NO.5478[0m, [0;33mLatency:      3[0m
[0;32mPASS PATTERN NO.5479[0m, [0;33mLatency:      3[0m
[0;32mPASS PATTERN NO.5480[0m, [0;33mLatency:      3[0m
[0;32mPASS PATTERN NO.5481[0m, [0;33mLatency:      3[0m
[0;32mPASS PATTERN NO.5482[0m, [0;33mLatency:      3[0m
[0;32mPASS PATTERN NO.5483[0m, [0;33mLatency:      3[0m
[0;32mPASS PATTERN NO.5484[0m, [0;33mLatency:      3[0m
[0;32mPASS PATTERN NO.5485[0m, [0;33mLatency:      3[0m
[0;32mPASS PATTERN NO.5486[0m, [0;33mLatency:      3[0m
[0;32mPASS PATTERN NO.5487[0m, [0;33mLatency:      3[0m
[0;32mPASS PATTERN NO.5488[0m, [0;33mLatency:      3[0m
[0;32mPASS PATTERN NO.5489[0m, [0;33mLatency:      3[0m
[0;32mPASS PATTERN NO.5490[0m, [0;33mLatency:      3[0m
[0;32mPASS PATTERN NO.5491[0m, [0;33mLatency:      3[0m
[0;32mPASS PATTERN NO.5492[0m, [0;33mLatency:      3[0m
[0;32mPASS PATTERN NO.5493[0m, [0;33mLatency:      3[0m
[0;32mPASS PATTERN NO.5494[0m, [0;33mLatency:      3[0m
[0;32mPASS PATTERN NO.5495[0m, [0;33mLatency:      3[0m
[0;32mPASS PATTERN NO.5496[0m, [0;33mLatency:      3[0m
[0;32mPASS PATTERN NO.5497[0m, [0;33mLatency:      3[0m
[0;32mPASS PATTERN NO.5498[0m, [0;33mLatency:      3[0m
[0;32mPASS PATTERN NO.5499[0m, [0;33mLatency:      3[0m
[0;32mPASS PATTERN NO.5500[0m, [0;33mLatency:      3[0m
[0;32mPASS PATTERN NO.5501[0m, [0;33mLatency:      3[0m
[0;32mPASS PATTERN NO.5502[0m, [0;33mLatency:      3[0m
[0;32mPASS PATTERN NO.5503[0m, [0;33mLatency:      3[0m
[0;32mPASS PATTERN NO.5504[0m, [0;33mLatency:      3[0m
[0;32mPASS PATTERN NO.5505[0m, [0;33mLatency:      3[0m
[0;32mPASS PATTERN NO.5506[0m, [0;33mLatency:      3[0m
[0;32mPASS PATTERN NO.5507[0m, [0;33mLatency:      3[0m
[0;32mPASS PATTERN NO.5508[0m, [0;33mLatency:      3[0m
[0;32mPASS PATTERN NO.5509[0m, [0;33mLatency:      3[0m
[0;32mPASS PATTERN NO.5510[0m, [0;33mLatency:      3[0m
[0;32mPASS PATTERN NO.5511[0m, [0;33mLatency:      3[0m
[0;32mPASS PATTERN NO.5512[0m, [0;33mLatency:      3[0m
[0;32mPASS PATTERN NO.5513[0m, [0;33mLatency:      3[0m
[0;32mPASS PATTERN NO.5514[0m, [0;33mLatency:      3[0m
[0;32mPASS PATTERN NO.5515[0m, [0;33mLatency:      3[0m
[0;32mPASS PATTERN NO.5516[0m, [0;33mLatency:      3[0m
[0;32mPASS PATTERN NO.5517[0m, [0;33mLatency:      3[0m
[0;32mPASS PATTERN NO.5518[0m, [0;33mLatency:      3[0m
[0;32mPASS PATTERN NO.5519[0m, [0;33mLatency:      3[0m
[0;32mPASS PATTERN NO.5520[0m, [0;33mLatency:      3[0m
[0;32mPASS PATTERN NO.5521[0m, [0;33mLatency:      3[0m
[0;32mPASS PATTERN NO.5522[0m, [0;33mLatency:      3[0m
[0;32mPASS PATTERN NO.5523[0m, [0;33mLatency:      3[0m
[0;32mPASS PATTERN NO.5524[0m, [0;33mLatency:      3[0m
[0;32mPASS PATTERN NO.5525[0m, [0;33mLatency:      3[0m
[0;32mPASS PATTERN NO.5526[0m, [0;33mLatency:      3[0m
[0;32mPASS PATTERN NO.5527[0m, [0;33mLatency:      3[0m
[0;32mPASS PATTERN NO.5528[0m, [0;33mLatency:      3[0m
[0;32mPASS PATTERN NO.5529[0m, [0;33mLatency:      3[0m
[0;32mPASS PATTERN NO.5530[0m, [0;33mLatency:      3[0m
[0;32mPASS PATTERN NO.5531[0m, [0;33mLatency:      3[0m
[0;32mPASS PATTERN NO.5532[0m, [0;33mLatency:      3[0m
[0;32mPASS PATTERN NO.5533[0m, [0;33mLatency:      3[0m
[0;32mPASS PATTERN NO.5534[0m, [0;33mLatency:      3[0m
[0;32mPASS PATTERN NO.5535[0m, [0;33mLatency:      3[0m
[0;32mPASS PATTERN NO.5536[0m, [0;33mLatency:      3[0m
[0;32mPASS PATTERN NO.5537[0m, [0;33mLatency:      3[0m
[0;32mPASS PATTERN NO.5538[0m, [0;33mLatency:      3[0m
[0;32mPASS PATTERN NO.5539[0m, [0;33mLatency:      3[0m
[0;32mPASS PATTERN NO.5540[0m, [0;33mLatency:      3[0m
[0;32mPASS PATTERN NO.5541[0m, [0;33mLatency:      3[0m
[0;32mPASS PATTERN NO.5542[0m, [0;33mLatency:      3[0m
[0;32mPASS PATTERN NO.5543[0m, [0;33mLatency:      3[0m
[0;32mPASS PATTERN NO.5544[0m, [0;33mLatency:      3[0m
[0;32mPASS PATTERN NO.5545[0m, [0;33mLatency:      3[0m
[0;32mPASS PATTERN NO.5546[0m, [0;33mLatency:      3[0m
[0;32mPASS PATTERN NO.5547[0m, [0;33mLatency:      3[0m
[0;32mPASS PATTERN NO.5548[0m, [0;33mLatency:      3[0m
[0;32mPASS PATTERN NO.5549[0m, [0;33mLatency:      3[0m
[0;32mPASS PATTERN NO.5550[0m, [0;33mLatency:      3[0m
[0;32mPASS PATTERN NO.5551[0m, [0;33mLatency:      3[0m
[0;32mPASS PATTERN NO.5552[0m, [0;33mLatency:      3[0m
[0;32mPASS PATTERN NO.5553[0m, [0;33mLatency:      3[0m
[0;32mPASS PATTERN NO.5554[0m, [0;33mLatency:      3[0m
[0;32mPASS PATTERN NO.5555[0m, [0;33mLatency:      3[0m
[0;32mPASS PATTERN NO.5556[0m, [0;33mLatency:      3[0m
[0;32mPASS PATTERN NO.5557[0m, [0;33mLatency:      3[0m
[0;32mPASS PATTERN NO.5558[0m, [0;33mLatency:      3[0m
[0;32mPASS PATTERN NO.5559[0m, [0;33mLatency:      3[0m
[0;32mPASS PATTERN NO.5560[0m, [0;33mLatency:      3[0m
[0;32mPASS PATTERN NO.5561[0m, [0;33mLatency:      3[0m
[0;32mPASS PATTERN NO.5562[0m, [0;33mLatency:      3[0m
[0;32mPASS PATTERN NO.5563[0m, [0;33mLatency:      3[0m
[0;32mPASS PATTERN NO.5564[0m, [0;33mLatency:      3[0m
[0;32mPASS PATTERN NO.5565[0m, [0;33mLatency:      3[0m
[0;32mPASS PATTERN NO.5566[0m, [0;33mLatency:      3[0m
[0;32mPASS PATTERN NO.5567[0m, [0;33mLatency:      3[0m
[0;32mPASS PATTERN NO.5568[0m, [0;33mLatency:      3[0m
[0;32mPASS PATTERN NO.5569[0m, [0;33mLatency:      3[0m
[0;32mPASS PATTERN NO.5570[0m, [0;33mLatency:      3[0m
[0;32mPASS PATTERN NO.5571[0m, [0;33mLatency:      3[0m
[0;32mPASS PATTERN NO.5572[0m, [0;33mLatency:      3[0m
[0;32mPASS PATTERN NO.5573[0m, [0;33mLatency:      3[0m
[0;32mPASS PATTERN NO.5574[0m, [0;33mLatency:      3[0m
[0;32mPASS PATTERN NO.5575[0m, [0;33mLatency:      3[0m
[0;32mPASS PATTERN NO.5576[0m, [0;33mLatency:      3[0m
[0;32mPASS PATTERN NO.5577[0m, [0;33mLatency:      3[0m
[0;32mPASS PATTERN NO.5578[0m, [0;33mLatency:      3[0m
[0;32mPASS PATTERN NO.5579[0m, [0;33mLatency:      3[0m
[0;32mPASS PATTERN NO.5580[0m, [0;33mLatency:      3[0m
[0;32mPASS PATTERN NO.5581[0m, [0;33mLatency:      3[0m
[0;32mPASS PATTERN NO.5582[0m, [0;33mLatency:      3[0m
[0;32mPASS PATTERN NO.5583[0m, [0;33mLatency:      3[0m
[0;32mPASS PATTERN NO.5584[0m, [0;33mLatency:      3[0m
[0;32mPASS PATTERN NO.5585[0m, [0;33mLatency:      3[0m
[0;32mPASS PATTERN NO.5586[0m, [0;33mLatency:      3[0m
[0;32mPASS PATTERN NO.5587[0m, [0;33mLatency:      3[0m
[0;32mPASS PATTERN NO.5588[0m, [0;33mLatency:      3[0m
[0;32mPASS PATTERN NO.5589[0m, [0;33mLatency:      3[0m
[0;32mPASS PATTERN NO.5590[0m, [0;33mLatency:      3[0m
[0;32mPASS PATTERN NO.5591[0m, [0;33mLatency:      3[0m
[0;32mPASS PATTERN NO.5592[0m, [0;33mLatency:      3[0m
[0;32mPASS PATTERN NO.5593[0m, [0;33mLatency:      3[0m
[0;32mPASS PATTERN NO.5594[0m, [0;33mLatency:      3[0m
[0;32mPASS PATTERN NO.5595[0m, [0;33mLatency:      3[0m
[0;32mPASS PATTERN NO.5596[0m, [0;33mLatency:      3[0m
[0;32mPASS PATTERN NO.5597[0m, [0;33mLatency:      3[0m
[0;32mPASS PATTERN NO.5598[0m, [0;33mLatency:      3[0m
[0;32mPASS PATTERN NO.5599[0m, [0;33mLatency:      3[0m
[0;32mPASS PATTERN NO.5600[0m, [0;33mLatency:      3[0m
[0;32mPASS PATTERN NO.5601[0m, [0;33mLatency:      3[0m
[0;32mPASS PATTERN NO.5602[0m, [0;33mLatency:      3[0m
[0;32mPASS PATTERN NO.5603[0m, [0;33mLatency:      3[0m
[0;32mPASS PATTERN NO.5604[0m, [0;33mLatency:      3[0m
[0;32mPASS PATTERN NO.5605[0m, [0;33mLatency:      3[0m
[0;32mPASS PATTERN NO.5606[0m, [0;33mLatency:      3[0m
[0;32mPASS PATTERN NO.5607[0m, [0;33mLatency:      3[0m
[0;32mPASS PATTERN NO.5608[0m, [0;33mLatency:      3[0m
[0;32mPASS PATTERN NO.5609[0m, [0;33mLatency:      3[0m
[0;32mPASS PATTERN NO.5610[0m, [0;33mLatency:      3[0m
[0;32mPASS PATTERN NO.5611[0m, [0;33mLatency:      3[0m
[0;32mPASS PATTERN NO.5612[0m, [0;33mLatency:      3[0m
[0;32mPASS PATTERN NO.5613[0m, [0;33mLatency:      3[0m
[0;32mPASS PATTERN NO.5614[0m, [0;33mLatency:      3[0m
[0;32mPASS PATTERN NO.5615[0m, [0;33mLatency:      3[0m
[0;32mPASS PATTERN NO.5616[0m, [0;33mLatency:      3[0m
[0;32mPASS PATTERN NO.5617[0m, [0;33mLatency:      3[0m
[0;32mPASS PATTERN NO.5618[0m, [0;33mLatency:      3[0m
[0;32mPASS PATTERN NO.5619[0m, [0;33mLatency:      3[0m
[0;32mPASS PATTERN NO.5620[0m, [0;33mLatency:      3[0m
[0;32mPASS PATTERN NO.5621[0m, [0;33mLatency:      3[0m
[0;32mPASS PATTERN NO.5622[0m, [0;33mLatency:      3[0m
[0;32mPASS PATTERN NO.5623[0m, [0;33mLatency:      3[0m
[0;32mPASS PATTERN NO.5624[0m, [0;33mLatency:      3[0m
[0;32mPASS PATTERN NO.5625[0m, [0;33mLatency:      3[0m
[0;32mPASS PATTERN NO.5626[0m, [0;33mLatency:      3[0m
[0;32mPASS PATTERN NO.5627[0m, [0;33mLatency:      3[0m
[0;32mPASS PATTERN NO.5628[0m, [0;33mLatency:      3[0m
[0;32mPASS PATTERN NO.5629[0m, [0;33mLatency:      3[0m
[0;32mPASS PATTERN NO.5630[0m, [0;33mLatency:      3[0m
[0;32mPASS PATTERN NO.5631[0m, [0;33mLatency:      3[0m
[0;32mPASS PATTERN NO.5632[0m, [0;33mLatency:      3[0m
[0;32mPASS PATTERN NO.5633[0m, [0;33mLatency:      3[0m
[0;32mPASS PATTERN NO.5634[0m, [0;33mLatency:      3[0m
[0;32mPASS PATTERN NO.5635[0m, [0;33mLatency:      3[0m
[0;32mPASS PATTERN NO.5636[0m, [0;33mLatency:      3[0m
[0;32mPASS PATTERN NO.5637[0m, [0;33mLatency:      3[0m
[0;32mPASS PATTERN NO.5638[0m, [0;33mLatency:      3[0m
[0;32mPASS PATTERN NO.5639[0m, [0;33mLatency:      3[0m
[0;32mPASS PATTERN NO.5640[0m, [0;33mLatency:      3[0m
[0;32mPASS PATTERN NO.5641[0m, [0;33mLatency:      3[0m
[0;32mPASS PATTERN NO.5642[0m, [0;33mLatency:      3[0m
[0;32mPASS PATTERN NO.5643[0m, [0;33mLatency:      3[0m
[0;32mPASS PATTERN NO.5644[0m, [0;33mLatency:      3[0m
[0;32mPASS PATTERN NO.5645[0m, [0;33mLatency:      3[0m
[0;32mPASS PATTERN NO.5646[0m, [0;33mLatency:      3[0m
[0;32mPASS PATTERN NO.5647[0m, [0;33mLatency:      3[0m
[0;32mPASS PATTERN NO.5648[0m, [0;33mLatency:      3[0m
[0;32mPASS PATTERN NO.5649[0m, [0;33mLatency:      3[0m
[0;32mPASS PATTERN NO.5650[0m, [0;33mLatency:      3[0m
[0;32mPASS PATTERN NO.5651[0m, [0;33mLatency:      3[0m
[0;32mPASS PATTERN NO.5652[0m, [0;33mLatency:      3[0m
[0;32mPASS PATTERN NO.5653[0m, [0;33mLatency:      3[0m
[0;32mPASS PATTERN NO.5654[0m, [0;33mLatency:      3[0m
[0;32mPASS PATTERN NO.5655[0m, [0;33mLatency:      3[0m
[0;32mPASS PATTERN NO.5656[0m, [0;33mLatency:      3[0m
[0;32mPASS PATTERN NO.5657[0m, [0;33mLatency:      3[0m
[0;32mPASS PATTERN NO.5658[0m, [0;33mLatency:      3[0m
[0;32mPASS PATTERN NO.5659[0m, [0;33mLatency:      3[0m
[0;32mPASS PATTERN NO.5660[0m, [0;33mLatency:      3[0m
[0;32mPASS PATTERN NO.5661[0m, [0;33mLatency:      3[0m
[0;32mPASS PATTERN NO.5662[0m, [0;33mLatency:      3[0m
[0;32mPASS PATTERN NO.5663[0m, [0;33mLatency:      3[0m
[0;32mPASS PATTERN NO.5664[0m, [0;33mLatency:      3[0m
[0;32mPASS PATTERN NO.5665[0m, [0;33mLatency:      3[0m
[0;32mPASS PATTERN NO.5666[0m, [0;33mLatency:      3[0m
[0;32mPASS PATTERN NO.5667[0m, [0;33mLatency:      3[0m
[0;32mPASS PATTERN NO.5668[0m, [0;33mLatency:      3[0m
[0;32mPASS PATTERN NO.5669[0m, [0;33mLatency:      3[0m
[0;32mPASS PATTERN NO.5670[0m, [0;33mLatency:      3[0m
[0;32mPASS PATTERN NO.5671[0m, [0;33mLatency:      3[0m
[0;32mPASS PATTERN NO.5672[0m, [0;33mLatency:      3[0m
[0;32mPASS PATTERN NO.5673[0m, [0;33mLatency:      3[0m
[0;32mPASS PATTERN NO.5674[0m, [0;33mLatency:      3[0m
[0;32mPASS PATTERN NO.5675[0m, [0;33mLatency:      3[0m
[0;32mPASS PATTERN NO.5676[0m, [0;33mLatency:      3[0m
[0;32mPASS PATTERN NO.5677[0m, [0;33mLatency:      3[0m
[0;32mPASS PATTERN NO.5678[0m, [0;33mLatency:      3[0m
[0;32mPASS PATTERN NO.5679[0m, [0;33mLatency:      3[0m
[0;32mPASS PATTERN NO.5680[0m, [0;33mLatency:      3[0m
[0;32mPASS PATTERN NO.5681[0m, [0;33mLatency:      3[0m
[0;32mPASS PATTERN NO.5682[0m, [0;33mLatency:      3[0m
[0;32mPASS PATTERN NO.5683[0m, [0;33mLatency:      3[0m
[0;32mPASS PATTERN NO.5684[0m, [0;33mLatency:      3[0m
[0;32mPASS PATTERN NO.5685[0m, [0;33mLatency:      3[0m
[0;32mPASS PATTERN NO.5686[0m, [0;33mLatency:      3[0m
[0;32mPASS PATTERN NO.5687[0m, [0;33mLatency:      3[0m
[0;32mPASS PATTERN NO.5688[0m, [0;33mLatency:      3[0m
[0;32mPASS PATTERN NO.5689[0m, [0;33mLatency:      3[0m
[0;32mPASS PATTERN NO.5690[0m, [0;33mLatency:      3[0m
[0;32mPASS PATTERN NO.5691[0m, [0;33mLatency:      3[0m
[0;32mPASS PATTERN NO.5692[0m, [0;33mLatency:      3[0m
[0;32mPASS PATTERN NO.5693[0m, [0;33mLatency:      3[0m
[0;32mPASS PATTERN NO.5694[0m, [0;33mLatency:      3[0m
[0;32mPASS PATTERN NO.5695[0m, [0;33mLatency:      3[0m
[0;32mPASS PATTERN NO.5696[0m, [0;33mLatency:      3[0m
[0;32mPASS PATTERN NO.5697[0m, [0;33mLatency:      3[0m
[0;32mPASS PATTERN NO.5698[0m, [0;33mLatency:      3[0m
[0;32mPASS PATTERN NO.5699[0m, [0;33mLatency:      3[0m
[0;32mPASS PATTERN NO.5700[0m, [0;33mLatency:      3[0m
[0;32mPASS PATTERN NO.5701[0m, [0;33mLatency:      3[0m
[0;32mPASS PATTERN NO.5702[0m, [0;33mLatency:      3[0m
[0;32mPASS PATTERN NO.5703[0m, [0;33mLatency:      3[0m
[0;32mPASS PATTERN NO.5704[0m, [0;33mLatency:      3[0m
[0;32mPASS PATTERN NO.5705[0m, [0;33mLatency:      3[0m
[0;32mPASS PATTERN NO.5706[0m, [0;33mLatency:      3[0m
[0;32mPASS PATTERN NO.5707[0m, [0;33mLatency:      3[0m
[0;32mPASS PATTERN NO.5708[0m, [0;33mLatency:      3[0m
[0;32mPASS PATTERN NO.5709[0m, [0;33mLatency:      3[0m
[0;32mPASS PATTERN NO.5710[0m, [0;33mLatency:      3[0m
[0;32mPASS PATTERN NO.5711[0m, [0;33mLatency:      3[0m
[0;32mPASS PATTERN NO.5712[0m, [0;33mLatency:      3[0m
[0;32mPASS PATTERN NO.5713[0m, [0;33mLatency:      3[0m
[0;32mPASS PATTERN NO.5714[0m, [0;33mLatency:      3[0m
[0;32mPASS PATTERN NO.5715[0m, [0;33mLatency:      3[0m
[0;32mPASS PATTERN NO.5716[0m, [0;33mLatency:      3[0m
[0;32mPASS PATTERN NO.5717[0m, [0;33mLatency:      3[0m
[0;32mPASS PATTERN NO.5718[0m, [0;33mLatency:      3[0m
[0;32mPASS PATTERN NO.5719[0m, [0;33mLatency:      3[0m
[0;32mPASS PATTERN NO.5720[0m, [0;33mLatency:      3[0m
[0;32mPASS PATTERN NO.5721[0m, [0;33mLatency:      3[0m
[0;32mPASS PATTERN NO.5722[0m, [0;33mLatency:      3[0m
[0;32mPASS PATTERN NO.5723[0m, [0;33mLatency:      3[0m
[0;32mPASS PATTERN NO.5724[0m, [0;33mLatency:      3[0m
[0;32mPASS PATTERN NO.5725[0m, [0;33mLatency:      3[0m
[0;32mPASS PATTERN NO.5726[0m, [0;33mLatency:      3[0m
[0;32mPASS PATTERN NO.5727[0m, [0;33mLatency:      3[0m
[0;32mPASS PATTERN NO.5728[0m, [0;33mLatency:      3[0m
[0;32mPASS PATTERN NO.5729[0m, [0;33mLatency:      3[0m
[0;32mPASS PATTERN NO.5730[0m, [0;33mLatency:      3[0m
[0;32mPASS PATTERN NO.5731[0m, [0;33mLatency:      3[0m
[0;32mPASS PATTERN NO.5732[0m, [0;33mLatency:      3[0m
[0;32mPASS PATTERN NO.5733[0m, [0;33mLatency:      3[0m
[0;32mPASS PATTERN NO.5734[0m, [0;33mLatency:      3[0m
[0;32mPASS PATTERN NO.5735[0m, [0;33mLatency:      3[0m
[0;32mPASS PATTERN NO.5736[0m, [0;33mLatency:      3[0m
[0;32mPASS PATTERN NO.5737[0m, [0;33mLatency:      3[0m
[0;32mPASS PATTERN NO.5738[0m, [0;33mLatency:      3[0m
[0;32mPASS PATTERN NO.5739[0m, [0;33mLatency:      3[0m
[0;32mPASS PATTERN NO.5740[0m, [0;33mLatency:      3[0m
[0;32mPASS PATTERN NO.5741[0m, [0;33mLatency:      3[0m
[0;32mPASS PATTERN NO.5742[0m, [0;33mLatency:      3[0m
[0;32mPASS PATTERN NO.5743[0m, [0;33mLatency:      3[0m
[0;32mPASS PATTERN NO.5744[0m, [0;33mLatency:      3[0m
[0;32mPASS PATTERN NO.5745[0m, [0;33mLatency:      3[0m
[0;32mPASS PATTERN NO.5746[0m, [0;33mLatency:      3[0m
[0;32mPASS PATTERN NO.5747[0m, [0;33mLatency:      3[0m
[0;32mPASS PATTERN NO.5748[0m, [0;33mLatency:      3[0m
[0;32mPASS PATTERN NO.5749[0m, [0;33mLatency:      3[0m
[0;32mPASS PATTERN NO.5750[0m, [0;33mLatency:      3[0m
[0;32mPASS PATTERN NO.5751[0m, [0;33mLatency:      3[0m
[0;32mPASS PATTERN NO.5752[0m, [0;33mLatency:      3[0m
[0;32mPASS PATTERN NO.5753[0m, [0;33mLatency:      3[0m
[0;32mPASS PATTERN NO.5754[0m, [0;33mLatency:      3[0m
[0;32mPASS PATTERN NO.5755[0m, [0;33mLatency:      3[0m
[0;32mPASS PATTERN NO.5756[0m, [0;33mLatency:      3[0m
[0;32mPASS PATTERN NO.5757[0m, [0;33mLatency:      3[0m
[0;32mPASS PATTERN NO.5758[0m, [0;33mLatency:      3[0m
[0;32mPASS PATTERN NO.5759[0m, [0;33mLatency:      3[0m
[0;32mPASS PATTERN NO.5760[0m, [0;33mLatency:      3[0m
[0;32mPASS PATTERN NO.5761[0m, [0;33mLatency:      3[0m
[0;32mPASS PATTERN NO.5762[0m, [0;33mLatency:      3[0m
[0;32mPASS PATTERN NO.5763[0m, [0;33mLatency:      3[0m
[0;32mPASS PATTERN NO.5764[0m, [0;33mLatency:      3[0m
[0;32mPASS PATTERN NO.5765[0m, [0;33mLatency:      3[0m
[0;32mPASS PATTERN NO.5766[0m, [0;33mLatency:      3[0m
[0;32mPASS PATTERN NO.5767[0m, [0;33mLatency:      3[0m
[0;32mPASS PATTERN NO.5768[0m, [0;33mLatency:      3[0m
[0;32mPASS PATTERN NO.5769[0m, [0;33mLatency:      3[0m
[0;32mPASS PATTERN NO.5770[0m, [0;33mLatency:      3[0m
[0;32mPASS PATTERN NO.5771[0m, [0;33mLatency:      3[0m
[0;32mPASS PATTERN NO.5772[0m, [0;33mLatency:      3[0m
[0;32mPASS PATTERN NO.5773[0m, [0;33mLatency:      3[0m
[0;32mPASS PATTERN NO.5774[0m, [0;33mLatency:      3[0m
[0;32mPASS PATTERN NO.5775[0m, [0;33mLatency:      3[0m
[0;32mPASS PATTERN NO.5776[0m, [0;33mLatency:      3[0m
[0;32mPASS PATTERN NO.5777[0m, [0;33mLatency:      3[0m
[0;32mPASS PATTERN NO.5778[0m, [0;33mLatency:      3[0m
[0;32mPASS PATTERN NO.5779[0m, [0;33mLatency:      3[0m
[0;32mPASS PATTERN NO.5780[0m, [0;33mLatency:      3[0m
[0;32mPASS PATTERN NO.5781[0m, [0;33mLatency:      3[0m
[0;32mPASS PATTERN NO.5782[0m, [0;33mLatency:      3[0m
[0;32mPASS PATTERN NO.5783[0m, [0;33mLatency:      3[0m
[0;32mPASS PATTERN NO.5784[0m, [0;33mLatency:      3[0m
[0;32mPASS PATTERN NO.5785[0m, [0;33mLatency:      3[0m
[0;32mPASS PATTERN NO.5786[0m, [0;33mLatency:      3[0m
[0;32mPASS PATTERN NO.5787[0m, [0;33mLatency:      3[0m
[0;32mPASS PATTERN NO.5788[0m, [0;33mLatency:      3[0m
[0;32mPASS PATTERN NO.5789[0m, [0;33mLatency:      3[0m
[0;32mPASS PATTERN NO.5790[0m, [0;33mLatency:      3[0m
[0;32mPASS PATTERN NO.5791[0m, [0;33mLatency:      3[0m
[0;32mPASS PATTERN NO.5792[0m, [0;33mLatency:      3[0m
[0;32mPASS PATTERN NO.5793[0m, [0;33mLatency:      3[0m
[0;32mPASS PATTERN NO.5794[0m, [0;33mLatency:      3[0m
[0;32mPASS PATTERN NO.5795[0m, [0;33mLatency:      3[0m
[0;32mPASS PATTERN NO.5796[0m, [0;33mLatency:      3[0m
[0;32mPASS PATTERN NO.5797[0m, [0;33mLatency:      3[0m
[0;32mPASS PATTERN NO.5798[0m, [0;33mLatency:      3[0m
[0;32mPASS PATTERN NO.5799[0m, [0;33mLatency:      3[0m
[0;32mPASS PATTERN NO.5800[0m, [0;33mLatency:      3[0m
[0;32mPASS PATTERN NO.5801[0m, [0;33mLatency:      3[0m
[0;32mPASS PATTERN NO.5802[0m, [0;33mLatency:      3[0m
[0;32mPASS PATTERN NO.5803[0m, [0;33mLatency:      3[0m
[0;32mPASS PATTERN NO.5804[0m, [0;33mLatency:      3[0m
[0;32mPASS PATTERN NO.5805[0m, [0;33mLatency:      3[0m
[0;32mPASS PATTERN NO.5806[0m, [0;33mLatency:      3[0m
[0;32mPASS PATTERN NO.5807[0m, [0;33mLatency:      3[0m
[0;32mPASS PATTERN NO.5808[0m, [0;33mLatency:      3[0m
[0;32mPASS PATTERN NO.5809[0m, [0;33mLatency:      3[0m
[0;32mPASS PATTERN NO.5810[0m, [0;33mLatency:      3[0m
[0;32mPASS PATTERN NO.5811[0m, [0;33mLatency:      3[0m
[0;32mPASS PATTERN NO.5812[0m, [0;33mLatency:      3[0m
[0;32mPASS PATTERN NO.5813[0m, [0;33mLatency:      3[0m
[0;32mPASS PATTERN NO.5814[0m, [0;33mLatency:      3[0m
[0;32mPASS PATTERN NO.5815[0m, [0;33mLatency:      3[0m
[0;32mPASS PATTERN NO.5816[0m, [0;33mLatency:      3[0m
[0;32mPASS PATTERN NO.5817[0m, [0;33mLatency:      3[0m
[0;32mPASS PATTERN NO.5818[0m, [0;33mLatency:      3[0m
[0;32mPASS PATTERN NO.5819[0m, [0;33mLatency:      3[0m
[0;32mPASS PATTERN NO.5820[0m, [0;33mLatency:      3[0m
[0;32mPASS PATTERN NO.5821[0m, [0;33mLatency:      3[0m
[0;32mPASS PATTERN NO.5822[0m, [0;33mLatency:      3[0m
[0;32mPASS PATTERN NO.5823[0m, [0;33mLatency:      3[0m
[0;32mPASS PATTERN NO.5824[0m, [0;33mLatency:      3[0m
[0;32mPASS PATTERN NO.5825[0m, [0;33mLatency:      3[0m
[0;32mPASS PATTERN NO.5826[0m, [0;33mLatency:      3[0m
[0;32mPASS PATTERN NO.5827[0m, [0;33mLatency:      3[0m
[0;32mPASS PATTERN NO.5828[0m, [0;33mLatency:      3[0m
[0;32mPASS PATTERN NO.5829[0m, [0;33mLatency:      3[0m
[0;32mPASS PATTERN NO.5830[0m, [0;33mLatency:      3[0m
[0;32mPASS PATTERN NO.5831[0m, [0;33mLatency:      3[0m
[0;32mPASS PATTERN NO.5832[0m, [0;33mLatency:      3[0m
[0;32mPASS PATTERN NO.5833[0m, [0;33mLatency:      3[0m
[0;32mPASS PATTERN NO.5834[0m, [0;33mLatency:      3[0m
[0;32mPASS PATTERN NO.5835[0m, [0;33mLatency:      3[0m
[0;32mPASS PATTERN NO.5836[0m, [0;33mLatency:      3[0m
[0;32mPASS PATTERN NO.5837[0m, [0;33mLatency:      3[0m
[0;32mPASS PATTERN NO.5838[0m, [0;33mLatency:      3[0m
[0;32mPASS PATTERN NO.5839[0m, [0;33mLatency:      3[0m
[0;32mPASS PATTERN NO.5840[0m, [0;33mLatency:      3[0m
[0;32mPASS PATTERN NO.5841[0m, [0;33mLatency:      3[0m
[0;32mPASS PATTERN NO.5842[0m, [0;33mLatency:      3[0m
[0;32mPASS PATTERN NO.5843[0m, [0;33mLatency:      3[0m
[0;32mPASS PATTERN NO.5844[0m, [0;33mLatency:      3[0m
[0;32mPASS PATTERN NO.5845[0m, [0;33mLatency:      3[0m
[0;32mPASS PATTERN NO.5846[0m, [0;33mLatency:      3[0m
[0;32mPASS PATTERN NO.5847[0m, [0;33mLatency:      3[0m
[0;32mPASS PATTERN NO.5848[0m, [0;33mLatency:      3[0m
[0;32mPASS PATTERN NO.5849[0m, [0;33mLatency:      3[0m
[0;32mPASS PATTERN NO.5850[0m, [0;33mLatency:      3[0m
[0;32mPASS PATTERN NO.5851[0m, [0;33mLatency:      3[0m
[0;32mPASS PATTERN NO.5852[0m, [0;33mLatency:      3[0m
[0;32mPASS PATTERN NO.5853[0m, [0;33mLatency:      3[0m
[0;32mPASS PATTERN NO.5854[0m, [0;33mLatency:      3[0m
[0;32mPASS PATTERN NO.5855[0m, [0;33mLatency:      3[0m
[0;32mPASS PATTERN NO.5856[0m, [0;33mLatency:      3[0m
[0;32mPASS PATTERN NO.5857[0m, [0;33mLatency:      3[0m
[0;32mPASS PATTERN NO.5858[0m, [0;33mLatency:      3[0m
[0;32mPASS PATTERN NO.5859[0m, [0;33mLatency:      3[0m
[0;32mPASS PATTERN NO.5860[0m, [0;33mLatency:      3[0m
[0;32mPASS PATTERN NO.5861[0m, [0;33mLatency:      3[0m
[0;32mPASS PATTERN NO.5862[0m, [0;33mLatency:      3[0m
[0;32mPASS PATTERN NO.5863[0m, [0;33mLatency:      3[0m
[0;32mPASS PATTERN NO.5864[0m, [0;33mLatency:      3[0m
[0;32mPASS PATTERN NO.5865[0m, [0;33mLatency:      3[0m
[0;32mPASS PATTERN NO.5866[0m, [0;33mLatency:      3[0m
[0;32mPASS PATTERN NO.5867[0m, [0;33mLatency:      3[0m
[0;32mPASS PATTERN NO.5868[0m, [0;33mLatency:      3[0m
[0;32mPASS PATTERN NO.5869[0m, [0;33mLatency:      3[0m
[0;32mPASS PATTERN NO.5870[0m, [0;33mLatency:      3[0m
[0;32mPASS PATTERN NO.5871[0m, [0;33mLatency:      3[0m
[0;32mPASS PATTERN NO.5872[0m, [0;33mLatency:      3[0m
[0;32mPASS PATTERN NO.5873[0m, [0;33mLatency:      3[0m
[0;32mPASS PATTERN NO.5874[0m, [0;33mLatency:      3[0m
[0;32mPASS PATTERN NO.5875[0m, [0;33mLatency:      3[0m
[0;32mPASS PATTERN NO.5876[0m, [0;33mLatency:      3[0m
[0;32mPASS PATTERN NO.5877[0m, [0;33mLatency:      3[0m
[0;32mPASS PATTERN NO.5878[0m, [0;33mLatency:      3[0m
[0;32mPASS PATTERN NO.5879[0m, [0;33mLatency:      3[0m
[0;32mPASS PATTERN NO.5880[0m, [0;33mLatency:      3[0m
[0;32mPASS PATTERN NO.5881[0m, [0;33mLatency:      3[0m
[0;32mPASS PATTERN NO.5882[0m, [0;33mLatency:      3[0m
[0;32mPASS PATTERN NO.5883[0m, [0;33mLatency:      3[0m
[0;32mPASS PATTERN NO.5884[0m, [0;33mLatency:      3[0m
[0;32mPASS PATTERN NO.5885[0m, [0;33mLatency:      3[0m
[0;32mPASS PATTERN NO.5886[0m, [0;33mLatency:      3[0m
[0;32mPASS PATTERN NO.5887[0m, [0;33mLatency:      3[0m
[0;32mPASS PATTERN NO.5888[0m, [0;33mLatency:      3[0m
[0;32mPASS PATTERN NO.5889[0m, [0;33mLatency:      3[0m
[0;32mPASS PATTERN NO.5890[0m, [0;33mLatency:      3[0m
[0;32mPASS PATTERN NO.5891[0m, [0;33mLatency:      3[0m
[0;32mPASS PATTERN NO.5892[0m, [0;33mLatency:      3[0m
[0;32mPASS PATTERN NO.5893[0m, [0;33mLatency:      3[0m
[0;32mPASS PATTERN NO.5894[0m, [0;33mLatency:      3[0m
[0;32mPASS PATTERN NO.5895[0m, [0;33mLatency:      3[0m
[0;32mPASS PATTERN NO.5896[0m, [0;33mLatency:      3[0m
[0;32mPASS PATTERN NO.5897[0m, [0;33mLatency:      3[0m
[0;32mPASS PATTERN NO.5898[0m, [0;33mLatency:      3[0m
[0;32mPASS PATTERN NO.5899[0m, [0;33mLatency:      3[0m
[0;32mPASS PATTERN NO.5900[0m, [0;33mLatency:      3[0m
[0;32mPASS PATTERN NO.5901[0m, [0;33mLatency:      3[0m
[0;32mPASS PATTERN NO.5902[0m, [0;33mLatency:      3[0m
[0;32mPASS PATTERN NO.5903[0m, [0;33mLatency:      3[0m
[0;32mPASS PATTERN NO.5904[0m, [0;33mLatency:      3[0m
[0;32mPASS PATTERN NO.5905[0m, [0;33mLatency:      3[0m
[0;32mPASS PATTERN NO.5906[0m, [0;33mLatency:      3[0m
[0;32mPASS PATTERN NO.5907[0m, [0;33mLatency:      3[0m
[0;32mPASS PATTERN NO.5908[0m, [0;33mLatency:      3[0m
[0;32mPASS PATTERN NO.5909[0m, [0;33mLatency:      3[0m
[0;32mPASS PATTERN NO.5910[0m, [0;33mLatency:      3[0m
[0;32mPASS PATTERN NO.5911[0m, [0;33mLatency:      3[0m
[0;32mPASS PATTERN NO.5912[0m, [0;33mLatency:      3[0m
[0;32mPASS PATTERN NO.5913[0m, [0;33mLatency:      3[0m
[0;32mPASS PATTERN NO.5914[0m, [0;33mLatency:      3[0m
[0;32mPASS PATTERN NO.5915[0m, [0;33mLatency:      3[0m
[0;32mPASS PATTERN NO.5916[0m, [0;33mLatency:      3[0m
[0;32mPASS PATTERN NO.5917[0m, [0;33mLatency:      3[0m
[0;32mPASS PATTERN NO.5918[0m, [0;33mLatency:      3[0m
[0;32mPASS PATTERN NO.5919[0m, [0;33mLatency:      3[0m
[0;32mPASS PATTERN NO.5920[0m, [0;33mLatency:      3[0m
[0;32mPASS PATTERN NO.5921[0m, [0;33mLatency:      3[0m
[0;32mPASS PATTERN NO.5922[0m, [0;33mLatency:      3[0m
[0;32mPASS PATTERN NO.5923[0m, [0;33mLatency:      3[0m
[0;32mPASS PATTERN NO.5924[0m, [0;33mLatency:      3[0m
[0;32mPASS PATTERN NO.5925[0m, [0;33mLatency:      3[0m
[0;32mPASS PATTERN NO.5926[0m, [0;33mLatency:      3[0m
[0;32mPASS PATTERN NO.5927[0m, [0;33mLatency:      3[0m
[0;32mPASS PATTERN NO.5928[0m, [0;33mLatency:      3[0m
[0;32mPASS PATTERN NO.5929[0m, [0;33mLatency:      3[0m
[0;32mPASS PATTERN NO.5930[0m, [0;33mLatency:      3[0m
[0;32mPASS PATTERN NO.5931[0m, [0;33mLatency:      3[0m
[0;32mPASS PATTERN NO.5932[0m, [0;33mLatency:      3[0m
[0;32mPASS PATTERN NO.5933[0m, [0;33mLatency:      3[0m
[0;32mPASS PATTERN NO.5934[0m, [0;33mLatency:      3[0m
[0;32mPASS PATTERN NO.5935[0m, [0;33mLatency:      3[0m
[0;32mPASS PATTERN NO.5936[0m, [0;33mLatency:      3[0m
[0;32mPASS PATTERN NO.5937[0m, [0;33mLatency:      3[0m
[0;32mPASS PATTERN NO.5938[0m, [0;33mLatency:      3[0m
[0;32mPASS PATTERN NO.5939[0m, [0;33mLatency:      3[0m
[0;32mPASS PATTERN NO.5940[0m, [0;33mLatency:      3[0m
[0;32mPASS PATTERN NO.5941[0m, [0;33mLatency:      3[0m
[0;32mPASS PATTERN NO.5942[0m, [0;33mLatency:      3[0m
[0;32mPASS PATTERN NO.5943[0m, [0;33mLatency:      3[0m
[0;32mPASS PATTERN NO.5944[0m, [0;33mLatency:      3[0m
[0;32mPASS PATTERN NO.5945[0m, [0;33mLatency:      3[0m
[0;32mPASS PATTERN NO.5946[0m, [0;33mLatency:      3[0m
[0;32mPASS PATTERN NO.5947[0m, [0;33mLatency:      3[0m
[0;32mPASS PATTERN NO.5948[0m, [0;33mLatency:      3[0m
[0;32mPASS PATTERN NO.5949[0m, [0;33mLatency:      3[0m
[0;32mPASS PATTERN NO.5950[0m, [0;33mLatency:      3[0m
[0;32mPASS PATTERN NO.5951[0m, [0;33mLatency:      3[0m
[0;32mPASS PATTERN NO.5952[0m, [0;33mLatency:      3[0m
[0;32mPASS PATTERN NO.5953[0m, [0;33mLatency:      3[0m
[0;32mPASS PATTERN NO.5954[0m, [0;33mLatency:      3[0m
[0;32mPASS PATTERN NO.5955[0m, [0;33mLatency:      3[0m
[0;32mPASS PATTERN NO.5956[0m, [0;33mLatency:      3[0m
[0;32mPASS PATTERN NO.5957[0m, [0;33mLatency:      3[0m
[0;32mPASS PATTERN NO.5958[0m, [0;33mLatency:      3[0m
[0;32mPASS PATTERN NO.5959[0m, [0;33mLatency:      3[0m
[0;32mPASS PATTERN NO.5960[0m, [0;33mLatency:      3[0m
[0;32mPASS PATTERN NO.5961[0m, [0;33mLatency:      3[0m
[0;32mPASS PATTERN NO.5962[0m, [0;33mLatency:      3[0m
[0;32mPASS PATTERN NO.5963[0m, [0;33mLatency:      3[0m
[0;32mPASS PATTERN NO.5964[0m, [0;33mLatency:      3[0m
[0;32mPASS PATTERN NO.5965[0m, [0;33mLatency:      3[0m
[0;32mPASS PATTERN NO.5966[0m, [0;33mLatency:      3[0m
[0;32mPASS PATTERN NO.5967[0m, [0;33mLatency:      3[0m
[0;32mPASS PATTERN NO.5968[0m, [0;33mLatency:      3[0m
[0;32mPASS PATTERN NO.5969[0m, [0;33mLatency:      3[0m
[0;32mPASS PATTERN NO.5970[0m, [0;33mLatency:      3[0m
[0;32mPASS PATTERN NO.5971[0m, [0;33mLatency:      3[0m
[0;32mPASS PATTERN NO.5972[0m, [0;33mLatency:      3[0m
[0;32mPASS PATTERN NO.5973[0m, [0;33mLatency:      3[0m
[0;32mPASS PATTERN NO.5974[0m, [0;33mLatency:      3[0m
[0;32mPASS PATTERN NO.5975[0m, [0;33mLatency:      3[0m
[0;32mPASS PATTERN NO.5976[0m, [0;33mLatency:      3[0m
[0;32mPASS PATTERN NO.5977[0m, [0;33mLatency:      3[0m
[0;32mPASS PATTERN NO.5978[0m, [0;33mLatency:      3[0m
[0;32mPASS PATTERN NO.5979[0m, [0;33mLatency:      3[0m
[0;32mPASS PATTERN NO.5980[0m, [0;33mLatency:      3[0m
[0;32mPASS PATTERN NO.5981[0m, [0;33mLatency:      3[0m
[0;32mPASS PATTERN NO.5982[0m, [0;33mLatency:      3[0m
[0;32mPASS PATTERN NO.5983[0m, [0;33mLatency:      3[0m
[0;32mPASS PATTERN NO.5984[0m, [0;33mLatency:      3[0m
[0;32mPASS PATTERN NO.5985[0m, [0;33mLatency:      3[0m
[0;32mPASS PATTERN NO.5986[0m, [0;33mLatency:      3[0m
[0;32mPASS PATTERN NO.5987[0m, [0;33mLatency:      3[0m
[0;32mPASS PATTERN NO.5988[0m, [0;33mLatency:      3[0m
[0;32mPASS PATTERN NO.5989[0m, [0;33mLatency:      3[0m
[0;32mPASS PATTERN NO.5990[0m, [0;33mLatency:      3[0m
[0;32mPASS PATTERN NO.5991[0m, [0;33mLatency:      3[0m
[0;32mPASS PATTERN NO.5992[0m, [0;33mLatency:      3[0m
[0;32mPASS PATTERN NO.5993[0m, [0;33mLatency:      3[0m
[0;32mPASS PATTERN NO.5994[0m, [0;33mLatency:      3[0m
[0;32mPASS PATTERN NO.5995[0m, [0;33mLatency:      3[0m
[0;32mPASS PATTERN NO.5996[0m, [0;33mLatency:      3[0m
[0;32mPASS PATTERN NO.5997[0m, [0;33mLatency:      3[0m
[0;32mPASS PATTERN NO.5998[0m, [0;33mLatency:      3[0m
[0;32mPASS PATTERN NO.5999[0m, [0;33mLatency:      3[0m
[0;32mPASS PATTERN NO.6000[0m, [0;33mLatency:      3[0m
[0;32mPASS PATTERN NO.6001[0m, [0;33mLatency:      3[0m
[0;32mPASS PATTERN NO.6002[0m, [0;33mLatency:      3[0m
[0;32mPASS PATTERN NO.6003[0m, [0;33mLatency:      3[0m
[0;32mPASS PATTERN NO.6004[0m, [0;33mLatency:      3[0m
[0;32mPASS PATTERN NO.6005[0m, [0;33mLatency:      3[0m
[0;32mPASS PATTERN NO.6006[0m, [0;33mLatency:      3[0m
[0;32mPASS PATTERN NO.6007[0m, [0;33mLatency:      3[0m
[0;32mPASS PATTERN NO.6008[0m, [0;33mLatency:      3[0m
[0;32mPASS PATTERN NO.6009[0m, [0;33mLatency:      3[0m
[0;32mPASS PATTERN NO.6010[0m, [0;33mLatency:      3[0m
[0;32mPASS PATTERN NO.6011[0m, [0;33mLatency:      3[0m
[0;32mPASS PATTERN NO.6012[0m, [0;33mLatency:      3[0m
[0;32mPASS PATTERN NO.6013[0m, [0;33mLatency:      3[0m
[0;32mPASS PATTERN NO.6014[0m, [0;33mLatency:      3[0m
[0;32mPASS PATTERN NO.6015[0m, [0;33mLatency:      3[0m
[0;32mPASS PATTERN NO.6016[0m, [0;33mLatency:      3[0m
[0;32mPASS PATTERN NO.6017[0m, [0;33mLatency:      3[0m
[0;32mPASS PATTERN NO.6018[0m, [0;33mLatency:      3[0m
[0;32mPASS PATTERN NO.6019[0m, [0;33mLatency:      3[0m
[0;32mPASS PATTERN NO.6020[0m, [0;33mLatency:      3[0m
[0;32mPASS PATTERN NO.6021[0m, [0;33mLatency:      3[0m
[0;32mPASS PATTERN NO.6022[0m, [0;33mLatency:      3[0m
[0;32mPASS PATTERN NO.6023[0m, [0;33mLatency:      3[0m
[0;32mPASS PATTERN NO.6024[0m, [0;33mLatency:      3[0m
[0;32mPASS PATTERN NO.6025[0m, [0;33mLatency:      3[0m
[0;32mPASS PATTERN NO.6026[0m, [0;33mLatency:      3[0m
[0;32mPASS PATTERN NO.6027[0m, [0;33mLatency:      3[0m
[0;32mPASS PATTERN NO.6028[0m, [0;33mLatency:      3[0m
[0;32mPASS PATTERN NO.6029[0m, [0;33mLatency:      3[0m
[0;32mPASS PATTERN NO.6030[0m, [0;33mLatency:      3[0m
[0;32mPASS PATTERN NO.6031[0m, [0;33mLatency:      3[0m
[0;32mPASS PATTERN NO.6032[0m, [0;33mLatency:      3[0m
[0;32mPASS PATTERN NO.6033[0m, [0;33mLatency:      3[0m
[0;32mPASS PATTERN NO.6034[0m, [0;33mLatency:      3[0m
[0;32mPASS PATTERN NO.6035[0m, [0;33mLatency:      3[0m
[0;32mPASS PATTERN NO.6036[0m, [0;33mLatency:      3[0m
[0;32mPASS PATTERN NO.6037[0m, [0;33mLatency:      3[0m
[0;32mPASS PATTERN NO.6038[0m, [0;33mLatency:      3[0m
[0;32mPASS PATTERN NO.6039[0m, [0;33mLatency:      3[0m
[0;32mPASS PATTERN NO.6040[0m, [0;33mLatency:      3[0m
[0;32mPASS PATTERN NO.6041[0m, [0;33mLatency:      3[0m
[0;32mPASS PATTERN NO.6042[0m, [0;33mLatency:      3[0m
[0;32mPASS PATTERN NO.6043[0m, [0;33mLatency:      3[0m
[0;32mPASS PATTERN NO.6044[0m, [0;33mLatency:      3[0m
[0;32mPASS PATTERN NO.6045[0m, [0;33mLatency:      3[0m
[0;32mPASS PATTERN NO.6046[0m, [0;33mLatency:      3[0m
[0;32mPASS PATTERN NO.6047[0m, [0;33mLatency:      3[0m
[0;32mPASS PATTERN NO.6048[0m, [0;33mLatency:      3[0m
[0;32mPASS PATTERN NO.6049[0m, [0;33mLatency:      3[0m
[0;32mPASS PATTERN NO.6050[0m, [0;33mLatency:      3[0m
[0;32mPASS PATTERN NO.6051[0m, [0;33mLatency:      3[0m
[0;32mPASS PATTERN NO.6052[0m, [0;33mLatency:      3[0m
[0;32mPASS PATTERN NO.6053[0m, [0;33mLatency:      3[0m
[0;32mPASS PATTERN NO.6054[0m, [0;33mLatency:      3[0m
[0;32mPASS PATTERN NO.6055[0m, [0;33mLatency:      3[0m
[0;32mPASS PATTERN NO.6056[0m, [0;33mLatency:      3[0m
[0;32mPASS PATTERN NO.6057[0m, [0;33mLatency:      3[0m
[0;32mPASS PATTERN NO.6058[0m, [0;33mLatency:      3[0m
[0;32mPASS PATTERN NO.6059[0m, [0;33mLatency:      3[0m
[0;32mPASS PATTERN NO.6060[0m, [0;33mLatency:      3[0m
[0;32mPASS PATTERN NO.6061[0m, [0;33mLatency:      3[0m
[0;32mPASS PATTERN NO.6062[0m, [0;33mLatency:      3[0m
[0;32mPASS PATTERN NO.6063[0m, [0;33mLatency:      3[0m
[0;32mPASS PATTERN NO.6064[0m, [0;33mLatency:      3[0m
[0;32mPASS PATTERN NO.6065[0m, [0;33mLatency:      3[0m
[0;32mPASS PATTERN NO.6066[0m, [0;33mLatency:      3[0m
[0;32mPASS PATTERN NO.6067[0m, [0;33mLatency:      3[0m
[0;32mPASS PATTERN NO.6068[0m, [0;33mLatency:      3[0m
[0;32mPASS PATTERN NO.6069[0m, [0;33mLatency:      3[0m
[0;32mPASS PATTERN NO.6070[0m, [0;33mLatency:      3[0m
[0;32mPASS PATTERN NO.6071[0m, [0;33mLatency:      3[0m
[0;32mPASS PATTERN NO.6072[0m, [0;33mLatency:      3[0m
[0;32mPASS PATTERN NO.6073[0m, [0;33mLatency:      3[0m
[0;32mPASS PATTERN NO.6074[0m, [0;33mLatency:      3[0m
[0;32mPASS PATTERN NO.6075[0m, [0;33mLatency:      3[0m
[0;32mPASS PATTERN NO.6076[0m, [0;33mLatency:      3[0m
[0;32mPASS PATTERN NO.6077[0m, [0;33mLatency:      3[0m
[0;32mPASS PATTERN NO.6078[0m, [0;33mLatency:      3[0m
[0;32mPASS PATTERN NO.6079[0m, [0;33mLatency:      3[0m
[0;32mPASS PATTERN NO.6080[0m, [0;33mLatency:      3[0m
[0;32mPASS PATTERN NO.6081[0m, [0;33mLatency:      3[0m
[0;32mPASS PATTERN NO.6082[0m, [0;33mLatency:      3[0m
[0;32mPASS PATTERN NO.6083[0m, [0;33mLatency:      3[0m
[0;32mPASS PATTERN NO.6084[0m, [0;33mLatency:      3[0m
[0;32mPASS PATTERN NO.6085[0m, [0;33mLatency:      3[0m
[0;32mPASS PATTERN NO.6086[0m, [0;33mLatency:      3[0m
[0;32mPASS PATTERN NO.6087[0m, [0;33mLatency:      3[0m
[0;32mPASS PATTERN NO.6088[0m, [0;33mLatency:      3[0m
[0;32mPASS PATTERN NO.6089[0m, [0;33mLatency:      3[0m
[0;32mPASS PATTERN NO.6090[0m, [0;33mLatency:      3[0m
[0;32mPASS PATTERN NO.6091[0m, [0;33mLatency:      3[0m
[0;32mPASS PATTERN NO.6092[0m, [0;33mLatency:      3[0m
[0;32mPASS PATTERN NO.6093[0m, [0;33mLatency:      3[0m
[0;32mPASS PATTERN NO.6094[0m, [0;33mLatency:      3[0m
[0;32mPASS PATTERN NO.6095[0m, [0;33mLatency:      3[0m
[0;32mPASS PATTERN NO.6096[0m, [0;33mLatency:      3[0m
[0;32mPASS PATTERN NO.6097[0m, [0;33mLatency:      3[0m
[0;32mPASS PATTERN NO.6098[0m, [0;33mLatency:      3[0m
[0;32mPASS PATTERN NO.6099[0m, [0;33mLatency:      3[0m
[0;32mPASS PATTERN NO.6100[0m, [0;33mLatency:      3[0m
[0;32mPASS PATTERN NO.6101[0m, [0;33mLatency:      3[0m
[0;32mPASS PATTERN NO.6102[0m, [0;33mLatency:      3[0m
[0;32mPASS PATTERN NO.6103[0m, [0;33mLatency:      3[0m
[0;32mPASS PATTERN NO.6104[0m, [0;33mLatency:      3[0m
[0;32mPASS PATTERN NO.6105[0m, [0;33mLatency:      3[0m
[0;32mPASS PATTERN NO.6106[0m, [0;33mLatency:      3[0m
[0;32mPASS PATTERN NO.6107[0m, [0;33mLatency:      3[0m
[0;32mPASS PATTERN NO.6108[0m, [0;33mLatency:      3[0m
[0;32mPASS PATTERN NO.6109[0m, [0;33mLatency:      3[0m
[0;32mPASS PATTERN NO.6110[0m, [0;33mLatency:      3[0m
[0;32mPASS PATTERN NO.6111[0m, [0;33mLatency:      3[0m
[0;32mPASS PATTERN NO.6112[0m, [0;33mLatency:      3[0m
[0;32mPASS PATTERN NO.6113[0m, [0;33mLatency:      3[0m
[0;32mPASS PATTERN NO.6114[0m, [0;33mLatency:      3[0m
[0;32mPASS PATTERN NO.6115[0m, [0;33mLatency:      3[0m
[0;32mPASS PATTERN NO.6116[0m, [0;33mLatency:      3[0m
[0;32mPASS PATTERN NO.6117[0m, [0;33mLatency:      3[0m
[0;32mPASS PATTERN NO.6118[0m, [0;33mLatency:      3[0m
[0;32mPASS PATTERN NO.6119[0m, [0;33mLatency:      3[0m
[0;32mPASS PATTERN NO.6120[0m, [0;33mLatency:      3[0m
[0;32mPASS PATTERN NO.6121[0m, [0;33mLatency:      3[0m
[0;32mPASS PATTERN NO.6122[0m, [0;33mLatency:      3[0m
[0;32mPASS PATTERN NO.6123[0m, [0;33mLatency:      3[0m
[0;32mPASS PATTERN NO.6124[0m, [0;33mLatency:      3[0m
[0;32mPASS PATTERN NO.6125[0m, [0;33mLatency:      3[0m
[0;32mPASS PATTERN NO.6126[0m, [0;33mLatency:      3[0m
[0;32mPASS PATTERN NO.6127[0m, [0;33mLatency:      3[0m
[0;32mPASS PATTERN NO.6128[0m, [0;33mLatency:      3[0m
[0;32mPASS PATTERN NO.6129[0m, [0;33mLatency:      3[0m
[0;32mPASS PATTERN NO.6130[0m, [0;33mLatency:      3[0m
[0;32mPASS PATTERN NO.6131[0m, [0;33mLatency:      3[0m
[0;32mPASS PATTERN NO.6132[0m, [0;33mLatency:      3[0m
[0;32mPASS PATTERN NO.6133[0m, [0;33mLatency:      3[0m
[0;32mPASS PATTERN NO.6134[0m, [0;33mLatency:      3[0m
[0;32mPASS PATTERN NO.6135[0m, [0;33mLatency:      3[0m
[0;32mPASS PATTERN NO.6136[0m, [0;33mLatency:      3[0m
[0;32mPASS PATTERN NO.6137[0m, [0;33mLatency:      3[0m
[0;32mPASS PATTERN NO.6138[0m, [0;33mLatency:      3[0m
[0;32mPASS PATTERN NO.6139[0m, [0;33mLatency:      3[0m
[0;32mPASS PATTERN NO.6140[0m, [0;33mLatency:      3[0m
[0;32mPASS PATTERN NO.6141[0m, [0;33mLatency:      3[0m
[0;32mPASS PATTERN NO.6142[0m, [0;33mLatency:      3[0m
[0;32mPASS PATTERN NO.6143[0m, [0;33mLatency:      3[0m
[0;32mPASS PATTERN NO.6144[0m, [0;33mLatency:      3[0m
[0;32mPASS PATTERN NO.6145[0m, [0;33mLatency:      3[0m
[0;32mPASS PATTERN NO.6146[0m, [0;33mLatency:      3[0m
[0;32mPASS PATTERN NO.6147[0m, [0;33mLatency:      3[0m
[0;32mPASS PATTERN NO.6148[0m, [0;33mLatency:      3[0m
[0;32mPASS PATTERN NO.6149[0m, [0;33mLatency:      3[0m
[0;32mPASS PATTERN NO.6150[0m, [0;33mLatency:      3[0m
[0;32mPASS PATTERN NO.6151[0m, [0;33mLatency:      3[0m
[0;32mPASS PATTERN NO.6152[0m, [0;33mLatency:      3[0m
[0;32mPASS PATTERN NO.6153[0m, [0;33mLatency:      3[0m
[0;32mPASS PATTERN NO.6154[0m, [0;33mLatency:      3[0m
[0;32mPASS PATTERN NO.6155[0m, [0;33mLatency:      3[0m
[0;32mPASS PATTERN NO.6156[0m, [0;33mLatency:      3[0m
[0;32mPASS PATTERN NO.6157[0m, [0;33mLatency:      3[0m
[0;32mPASS PATTERN NO.6158[0m, [0;33mLatency:      3[0m
[0;32mPASS PATTERN NO.6159[0m, [0;33mLatency:      3[0m
[0;32mPASS PATTERN NO.6160[0m, [0;33mLatency:      3[0m
[0;32mPASS PATTERN NO.6161[0m, [0;33mLatency:      3[0m
[0;32mPASS PATTERN NO.6162[0m, [0;33mLatency:      3[0m
[0;32mPASS PATTERN NO.6163[0m, [0;33mLatency:      3[0m
[0;32mPASS PATTERN NO.6164[0m, [0;33mLatency:      3[0m
[0;32mPASS PATTERN NO.6165[0m, [0;33mLatency:      3[0m
[0;32mPASS PATTERN NO.6166[0m, [0;33mLatency:      3[0m
[0;32mPASS PATTERN NO.6167[0m, [0;33mLatency:      3[0m
[0;32mPASS PATTERN NO.6168[0m, [0;33mLatency:      3[0m
[0;32mPASS PATTERN NO.6169[0m, [0;33mLatency:      3[0m
[0;32mPASS PATTERN NO.6170[0m, [0;33mLatency:      3[0m
[0;32mPASS PATTERN NO.6171[0m, [0;33mLatency:      3[0m
[0;32mPASS PATTERN NO.6172[0m, [0;33mLatency:      3[0m
[0;32mPASS PATTERN NO.6173[0m, [0;33mLatency:      3[0m
[0;32mPASS PATTERN NO.6174[0m, [0;33mLatency:      3[0m
[0;32mPASS PATTERN NO.6175[0m, [0;33mLatency:      3[0m
[0;32mPASS PATTERN NO.6176[0m, [0;33mLatency:      3[0m
[0;32mPASS PATTERN NO.6177[0m, [0;33mLatency:      3[0m
[0;32mPASS PATTERN NO.6178[0m, [0;33mLatency:      3[0m
[0;32mPASS PATTERN NO.6179[0m, [0;33mLatency:      3[0m
[0;32mPASS PATTERN NO.6180[0m, [0;33mLatency:      3[0m
[0;32mPASS PATTERN NO.6181[0m, [0;33mLatency:      3[0m
[0;32mPASS PATTERN NO.6182[0m, [0;33mLatency:      3[0m
[0;32mPASS PATTERN NO.6183[0m, [0;33mLatency:      3[0m
[0;32mPASS PATTERN NO.6184[0m, [0;33mLatency:      3[0m
[0;32mPASS PATTERN NO.6185[0m, [0;33mLatency:      3[0m
[0;32mPASS PATTERN NO.6186[0m, [0;33mLatency:      3[0m
[0;32mPASS PATTERN NO.6187[0m, [0;33mLatency:      3[0m
[0;32mPASS PATTERN NO.6188[0m, [0;33mLatency:      3[0m
[0;32mPASS PATTERN NO.6189[0m, [0;33mLatency:      3[0m
[0;32mPASS PATTERN NO.6190[0m, [0;33mLatency:      3[0m
[0;32mPASS PATTERN NO.6191[0m, [0;33mLatency:      3[0m
[0;32mPASS PATTERN NO.6192[0m, [0;33mLatency:      3[0m
[0;32mPASS PATTERN NO.6193[0m, [0;33mLatency:      3[0m
[0;32mPASS PATTERN NO.6194[0m, [0;33mLatency:      3[0m
[0;32mPASS PATTERN NO.6195[0m, [0;33mLatency:      3[0m
[0;32mPASS PATTERN NO.6196[0m, [0;33mLatency:      3[0m
[0;32mPASS PATTERN NO.6197[0m, [0;33mLatency:      3[0m
[0;32mPASS PATTERN NO.6198[0m, [0;33mLatency:      3[0m
[0;32mPASS PATTERN NO.6199[0m, [0;33mLatency:      3[0m
[0;32mPASS PATTERN NO.6200[0m, [0;33mLatency:      3[0m
[0;32mPASS PATTERN NO.6201[0m, [0;33mLatency:      3[0m
[0;32mPASS PATTERN NO.6202[0m, [0;33mLatency:      3[0m
[0;32mPASS PATTERN NO.6203[0m, [0;33mLatency:      3[0m
[0;32mPASS PATTERN NO.6204[0m, [0;33mLatency:      3[0m
[0;32mPASS PATTERN NO.6205[0m, [0;33mLatency:      3[0m
[0;32mPASS PATTERN NO.6206[0m, [0;33mLatency:      3[0m
[0;32mPASS PATTERN NO.6207[0m, [0;33mLatency:      3[0m
[0;32mPASS PATTERN NO.6208[0m, [0;33mLatency:      3[0m
[0;32mPASS PATTERN NO.6209[0m, [0;33mLatency:      3[0m
[0;32mPASS PATTERN NO.6210[0m, [0;33mLatency:      3[0m
[0;32mPASS PATTERN NO.6211[0m, [0;33mLatency:      3[0m
[0;32mPASS PATTERN NO.6212[0m, [0;33mLatency:      3[0m
[0;32mPASS PATTERN NO.6213[0m, [0;33mLatency:      3[0m
[0;32mPASS PATTERN NO.6214[0m, [0;33mLatency:      3[0m
[0;32mPASS PATTERN NO.6215[0m, [0;33mLatency:      3[0m
[0;32mPASS PATTERN NO.6216[0m, [0;33mLatency:      3[0m
[0;32mPASS PATTERN NO.6217[0m, [0;33mLatency:      3[0m
[0;32mPASS PATTERN NO.6218[0m, [0;33mLatency:      3[0m
[0;32mPASS PATTERN NO.6219[0m, [0;33mLatency:      3[0m
[0;32mPASS PATTERN NO.6220[0m, [0;33mLatency:      3[0m
[0;32mPASS PATTERN NO.6221[0m, [0;33mLatency:      3[0m
[0;32mPASS PATTERN NO.6222[0m, [0;33mLatency:      3[0m
[0;32mPASS PATTERN NO.6223[0m, [0;33mLatency:      3[0m
[0;32mPASS PATTERN NO.6224[0m, [0;33mLatency:      3[0m
[0;32mPASS PATTERN NO.6225[0m, [0;33mLatency:      3[0m
[0;32mPASS PATTERN NO.6226[0m, [0;33mLatency:      3[0m
[0;32mPASS PATTERN NO.6227[0m, [0;33mLatency:      3[0m
[0;32mPASS PATTERN NO.6228[0m, [0;33mLatency:      3[0m
[0;32mPASS PATTERN NO.6229[0m, [0;33mLatency:      3[0m
[0;32mPASS PATTERN NO.6230[0m, [0;33mLatency:      3[0m
[0;32mPASS PATTERN NO.6231[0m, [0;33mLatency:      3[0m
[0;32mPASS PATTERN NO.6232[0m, [0;33mLatency:      3[0m
[0;32mPASS PATTERN NO.6233[0m, [0;33mLatency:      3[0m
[0;32mPASS PATTERN NO.6234[0m, [0;33mLatency:      3[0m
[0;32mPASS PATTERN NO.6235[0m, [0;33mLatency:      3[0m
[0;32mPASS PATTERN NO.6236[0m, [0;33mLatency:      3[0m
[0;32mPASS PATTERN NO.6237[0m, [0;33mLatency:      3[0m
[0;32mPASS PATTERN NO.6238[0m, [0;33mLatency:      3[0m
[0;32mPASS PATTERN NO.6239[0m, [0;33mLatency:      3[0m
[0;32mPASS PATTERN NO.6240[0m, [0;33mLatency:      3[0m
[0;32mPASS PATTERN NO.6241[0m, [0;33mLatency:      3[0m
[0;32mPASS PATTERN NO.6242[0m, [0;33mLatency:      3[0m
[0;32mPASS PATTERN NO.6243[0m, [0;33mLatency:      3[0m
[0;32mPASS PATTERN NO.6244[0m, [0;33mLatency:      3[0m
[0;32mPASS PATTERN NO.6245[0m, [0;33mLatency:      3[0m
[0;32mPASS PATTERN NO.6246[0m, [0;33mLatency:      3[0m
[0;32mPASS PATTERN NO.6247[0m, [0;33mLatency:      3[0m
[0;32mPASS PATTERN NO.6248[0m, [0;33mLatency:      3[0m
[0;32mPASS PATTERN NO.6249[0m, [0;33mLatency:      3[0m
[0;32mPASS PATTERN NO.6250[0m, [0;33mLatency:      3[0m
[0;32mPASS PATTERN NO.6251[0m, [0;33mLatency:      3[0m
[0;32mPASS PATTERN NO.6252[0m, [0;33mLatency:      3[0m
[0;32mPASS PATTERN NO.6253[0m, [0;33mLatency:      3[0m
[0;32mPASS PATTERN NO.6254[0m, [0;33mLatency:      3[0m
[0;32mPASS PATTERN NO.6255[0m, [0;33mLatency:      3[0m
[0;32mPASS PATTERN NO.6256[0m, [0;33mLatency:      3[0m
[0;32mPASS PATTERN NO.6257[0m, [0;33mLatency:      3[0m
[0;32mPASS PATTERN NO.6258[0m, [0;33mLatency:      3[0m
[0;32mPASS PATTERN NO.6259[0m, [0;33mLatency:      3[0m
[0;32mPASS PATTERN NO.6260[0m, [0;33mLatency:      3[0m
[0;32mPASS PATTERN NO.6261[0m, [0;33mLatency:      3[0m
[0;32mPASS PATTERN NO.6262[0m, [0;33mLatency:      3[0m
[0;32mPASS PATTERN NO.6263[0m, [0;33mLatency:      3[0m
[0;32mPASS PATTERN NO.6264[0m, [0;33mLatency:      3[0m
[0;32mPASS PATTERN NO.6265[0m, [0;33mLatency:      3[0m
[0;32mPASS PATTERN NO.6266[0m, [0;33mLatency:      3[0m
[0;32mPASS PATTERN NO.6267[0m, [0;33mLatency:      3[0m
[0;32mPASS PATTERN NO.6268[0m, [0;33mLatency:      3[0m
[0;32mPASS PATTERN NO.6269[0m, [0;33mLatency:      3[0m
[0;32mPASS PATTERN NO.6270[0m, [0;33mLatency:      3[0m
[0;32mPASS PATTERN NO.6271[0m, [0;33mLatency:      3[0m
[0;32mPASS PATTERN NO.6272[0m, [0;33mLatency:      3[0m
[0;32mPASS PATTERN NO.6273[0m, [0;33mLatency:      3[0m
[0;32mPASS PATTERN NO.6274[0m, [0;33mLatency:      3[0m
[0;32mPASS PATTERN NO.6275[0m, [0;33mLatency:      3[0m
[0;32mPASS PATTERN NO.6276[0m, [0;33mLatency:      3[0m
[0;32mPASS PATTERN NO.6277[0m, [0;33mLatency:      3[0m
[0;32mPASS PATTERN NO.6278[0m, [0;33mLatency:      3[0m
[0;32mPASS PATTERN NO.6279[0m, [0;33mLatency:      3[0m
[0;32mPASS PATTERN NO.6280[0m, [0;33mLatency:      3[0m
[0;32mPASS PATTERN NO.6281[0m, [0;33mLatency:      3[0m
[0;32mPASS PATTERN NO.6282[0m, [0;33mLatency:      3[0m
[0;32mPASS PATTERN NO.6283[0m, [0;33mLatency:      3[0m
[0;32mPASS PATTERN NO.6284[0m, [0;33mLatency:      3[0m
[0;32mPASS PATTERN NO.6285[0m, [0;33mLatency:      3[0m
[0;32mPASS PATTERN NO.6286[0m, [0;33mLatency:      3[0m
[0;32mPASS PATTERN NO.6287[0m, [0;33mLatency:      3[0m
[0;32mPASS PATTERN NO.6288[0m, [0;33mLatency:      3[0m
[0;32mPASS PATTERN NO.6289[0m, [0;33mLatency:      3[0m
[0;32mPASS PATTERN NO.6290[0m, [0;33mLatency:      3[0m
[0;32mPASS PATTERN NO.6291[0m, [0;33mLatency:      3[0m
[0;32mPASS PATTERN NO.6292[0m, [0;33mLatency:      3[0m
[0;32mPASS PATTERN NO.6293[0m, [0;33mLatency:      3[0m
[0;32mPASS PATTERN NO.6294[0m, [0;33mLatency:      3[0m
[0;32mPASS PATTERN NO.6295[0m, [0;33mLatency:      3[0m
[0;32mPASS PATTERN NO.6296[0m, [0;33mLatency:      3[0m
[0;32mPASS PATTERN NO.6297[0m, [0;33mLatency:      3[0m
[0;32mPASS PATTERN NO.6298[0m, [0;33mLatency:      3[0m
[0;32mPASS PATTERN NO.6299[0m, [0;33mLatency:      3[0m
[0;32mPASS PATTERN NO.6300[0m, [0;33mLatency:      3[0m
[0;32mPASS PATTERN NO.6301[0m, [0;33mLatency:      3[0m
[0;32mPASS PATTERN NO.6302[0m, [0;33mLatency:      3[0m
[0;32mPASS PATTERN NO.6303[0m, [0;33mLatency:      3[0m
[0;32mPASS PATTERN NO.6304[0m, [0;33mLatency:      3[0m
[0;32mPASS PATTERN NO.6305[0m, [0;33mLatency:      3[0m
[0;32mPASS PATTERN NO.6306[0m, [0;33mLatency:      3[0m
[0;32mPASS PATTERN NO.6307[0m, [0;33mLatency:      3[0m
[0;32mPASS PATTERN NO.6308[0m, [0;33mLatency:      3[0m
[0;32mPASS PATTERN NO.6309[0m, [0;33mLatency:      3[0m
[0;32mPASS PATTERN NO.6310[0m, [0;33mLatency:      3[0m
[0;32mPASS PATTERN NO.6311[0m, [0;33mLatency:      3[0m
[0;32mPASS PATTERN NO.6312[0m, [0;33mLatency:      3[0m
[0;32mPASS PATTERN NO.6313[0m, [0;33mLatency:      3[0m
[0;32mPASS PATTERN NO.6314[0m, [0;33mLatency:      3[0m
[0;32mPASS PATTERN NO.6315[0m, [0;33mLatency:      3[0m
[0;32mPASS PATTERN NO.6316[0m, [0;33mLatency:      3[0m
[0;32mPASS PATTERN NO.6317[0m, [0;33mLatency:      3[0m
[0;32mPASS PATTERN NO.6318[0m, [0;33mLatency:      3[0m
[0;32mPASS PATTERN NO.6319[0m, [0;33mLatency:      3[0m
[0;32mPASS PATTERN NO.6320[0m, [0;33mLatency:      3[0m
[0;32mPASS PATTERN NO.6321[0m, [0;33mLatency:      3[0m
[0;32mPASS PATTERN NO.6322[0m, [0;33mLatency:      3[0m
[0;32mPASS PATTERN NO.6323[0m, [0;33mLatency:      3[0m
[0;32mPASS PATTERN NO.6324[0m, [0;33mLatency:      3[0m
[0;32mPASS PATTERN NO.6325[0m, [0;33mLatency:      3[0m
[0;32mPASS PATTERN NO.6326[0m, [0;33mLatency:      3[0m
[0;32mPASS PATTERN NO.6327[0m, [0;33mLatency:      3[0m
[0;32mPASS PATTERN NO.6328[0m, [0;33mLatency:      3[0m
[0;32mPASS PATTERN NO.6329[0m, [0;33mLatency:      3[0m
[0;32mPASS PATTERN NO.6330[0m, [0;33mLatency:      3[0m
[0;32mPASS PATTERN NO.6331[0m, [0;33mLatency:      3[0m
[0;32mPASS PATTERN NO.6332[0m, [0;33mLatency:      3[0m
[0;32mPASS PATTERN NO.6333[0m, [0;33mLatency:      3[0m
[0;32mPASS PATTERN NO.6334[0m, [0;33mLatency:      3[0m
[0;32mPASS PATTERN NO.6335[0m, [0;33mLatency:      3[0m
[0;32mPASS PATTERN NO.6336[0m, [0;33mLatency:      3[0m
[0;32mPASS PATTERN NO.6337[0m, [0;33mLatency:      3[0m
[0;32mPASS PATTERN NO.6338[0m, [0;33mLatency:      3[0m
[0;32mPASS PATTERN NO.6339[0m, [0;33mLatency:      3[0m
[0;32mPASS PATTERN NO.6340[0m, [0;33mLatency:      3[0m
[0;32mPASS PATTERN NO.6341[0m, [0;33mLatency:      3[0m
[0;32mPASS PATTERN NO.6342[0m, [0;33mLatency:      3[0m
[0;32mPASS PATTERN NO.6343[0m, [0;33mLatency:      3[0m
[0;32mPASS PATTERN NO.6344[0m, [0;33mLatency:      3[0m
[0;32mPASS PATTERN NO.6345[0m, [0;33mLatency:      3[0m
[0;32mPASS PATTERN NO.6346[0m, [0;33mLatency:      3[0m
[0;32mPASS PATTERN NO.6347[0m, [0;33mLatency:      3[0m
[0;32mPASS PATTERN NO.6348[0m, [0;33mLatency:      3[0m
[0;32mPASS PATTERN NO.6349[0m, [0;33mLatency:      3[0m
[0;32mPASS PATTERN NO.6350[0m, [0;33mLatency:      3[0m
[0;32mPASS PATTERN NO.6351[0m, [0;33mLatency:      3[0m
[0;32mPASS PATTERN NO.6352[0m, [0;33mLatency:      3[0m
[0;32mPASS PATTERN NO.6353[0m, [0;33mLatency:      3[0m
[0;32mPASS PATTERN NO.6354[0m, [0;33mLatency:      3[0m
[0;32mPASS PATTERN NO.6355[0m, [0;33mLatency:      3[0m
[0;32mPASS PATTERN NO.6356[0m, [0;33mLatency:      3[0m
[0;32mPASS PATTERN NO.6357[0m, [0;33mLatency:      3[0m
[0;32mPASS PATTERN NO.6358[0m, [0;33mLatency:      3[0m
[0;32mPASS PATTERN NO.6359[0m, [0;33mLatency:      3[0m
[0;32mPASS PATTERN NO.6360[0m, [0;33mLatency:      3[0m
[0;32mPASS PATTERN NO.6361[0m, [0;33mLatency:      3[0m
[0;32mPASS PATTERN NO.6362[0m, [0;33mLatency:      3[0m
[0;32mPASS PATTERN NO.6363[0m, [0;33mLatency:      3[0m
[0;32mPASS PATTERN NO.6364[0m, [0;33mLatency:      3[0m
[0;32mPASS PATTERN NO.6365[0m, [0;33mLatency:      3[0m
[0;32mPASS PATTERN NO.6366[0m, [0;33mLatency:      3[0m
[0;32mPASS PATTERN NO.6367[0m, [0;33mLatency:      3[0m
[0;32mPASS PATTERN NO.6368[0m, [0;33mLatency:      3[0m
[0;32mPASS PATTERN NO.6369[0m, [0;33mLatency:      3[0m
[0;32mPASS PATTERN NO.6370[0m, [0;33mLatency:      3[0m
[0;32mPASS PATTERN NO.6371[0m, [0;33mLatency:      3[0m
[0;32mPASS PATTERN NO.6372[0m, [0;33mLatency:      3[0m
[0;32mPASS PATTERN NO.6373[0m, [0;33mLatency:      3[0m
[0;32mPASS PATTERN NO.6374[0m, [0;33mLatency:      3[0m
[0;32mPASS PATTERN NO.6375[0m, [0;33mLatency:      3[0m
[0;32mPASS PATTERN NO.6376[0m, [0;33mLatency:      3[0m
[0;32mPASS PATTERN NO.6377[0m, [0;33mLatency:      3[0m
[0;32mPASS PATTERN NO.6378[0m, [0;33mLatency:      3[0m
[0;32mPASS PATTERN NO.6379[0m, [0;33mLatency:      3[0m
[0;32mPASS PATTERN NO.6380[0m, [0;33mLatency:      3[0m
[0;32mPASS PATTERN NO.6381[0m, [0;33mLatency:      3[0m
[0;32mPASS PATTERN NO.6382[0m, [0;33mLatency:      3[0m
[0;32mPASS PATTERN NO.6383[0m, [0;33mLatency:      3[0m
[0;32mPASS PATTERN NO.6384[0m, [0;33mLatency:      3[0m
[0;32mPASS PATTERN NO.6385[0m, [0;33mLatency:      3[0m
[0;32mPASS PATTERN NO.6386[0m, [0;33mLatency:      3[0m
[0;32mPASS PATTERN NO.6387[0m, [0;33mLatency:      3[0m
[0;32mPASS PATTERN NO.6388[0m, [0;33mLatency:      3[0m
[0;32mPASS PATTERN NO.6389[0m, [0;33mLatency:      3[0m
[0;32mPASS PATTERN NO.6390[0m, [0;33mLatency:      3[0m
[0;32mPASS PATTERN NO.6391[0m, [0;33mLatency:      3[0m
[0;32mPASS PATTERN NO.6392[0m, [0;33mLatency:      3[0m
[0;32mPASS PATTERN NO.6393[0m, [0;33mLatency:      3[0m
[0;32mPASS PATTERN NO.6394[0m, [0;33mLatency:      3[0m
[0;32mPASS PATTERN NO.6395[0m, [0;33mLatency:      3[0m
[0;32mPASS PATTERN NO.6396[0m, [0;33mLatency:      3[0m
[0;32mPASS PATTERN NO.6397[0m, [0;33mLatency:      3[0m
[0;32mPASS PATTERN NO.6398[0m, [0;33mLatency:      3[0m
[0;32mPASS PATTERN NO.6399[0m, [0;33mLatency:      3[0m
[0;32mPASS PATTERN NO.6400[0m, [0;33mLatency:      3[0m
[0;32mPASS PATTERN NO.6401[0m, [0;33mLatency:      3[0m
[0;32mPASS PATTERN NO.6402[0m, [0;33mLatency:      3[0m
[0;32mPASS PATTERN NO.6403[0m, [0;33mLatency:      3[0m
[0;32mPASS PATTERN NO.6404[0m, [0;33mLatency:      3[0m
[0;32mPASS PATTERN NO.6405[0m, [0;33mLatency:      3[0m
[0;32mPASS PATTERN NO.6406[0m, [0;33mLatency:      3[0m
[0;32mPASS PATTERN NO.6407[0m, [0;33mLatency:      3[0m
[0;32mPASS PATTERN NO.6408[0m, [0;33mLatency:      3[0m
[0;32mPASS PATTERN NO.6409[0m, [0;33mLatency:      3[0m
[0;32mPASS PATTERN NO.6410[0m, [0;33mLatency:      3[0m
[0;32mPASS PATTERN NO.6411[0m, [0;33mLatency:      3[0m
[0;32mPASS PATTERN NO.6412[0m, [0;33mLatency:      3[0m
[0;32mPASS PATTERN NO.6413[0m, [0;33mLatency:      3[0m
[0;32mPASS PATTERN NO.6414[0m, [0;33mLatency:      3[0m
[0;32mPASS PATTERN NO.6415[0m, [0;33mLatency:      3[0m
[0;32mPASS PATTERN NO.6416[0m, [0;33mLatency:      3[0m
[0;32mPASS PATTERN NO.6417[0m, [0;33mLatency:      3[0m
[0;32mPASS PATTERN NO.6418[0m, [0;33mLatency:      3[0m
[0;32mPASS PATTERN NO.6419[0m, [0;33mLatency:      3[0m
[0;32mPASS PATTERN NO.6420[0m, [0;33mLatency:      3[0m
[0;32mPASS PATTERN NO.6421[0m, [0;33mLatency:      3[0m
[0;32mPASS PATTERN NO.6422[0m, [0;33mLatency:      3[0m
[0;32mPASS PATTERN NO.6423[0m, [0;33mLatency:      3[0m
[0;32mPASS PATTERN NO.6424[0m, [0;33mLatency:      3[0m
[0;32mPASS PATTERN NO.6425[0m, [0;33mLatency:      3[0m
[0;32mPASS PATTERN NO.6426[0m, [0;33mLatency:      3[0m
[0;32mPASS PATTERN NO.6427[0m, [0;33mLatency:      3[0m
[0;32mPASS PATTERN NO.6428[0m, [0;33mLatency:      3[0m
[0;32mPASS PATTERN NO.6429[0m, [0;33mLatency:      3[0m
[0;32mPASS PATTERN NO.6430[0m, [0;33mLatency:      3[0m
[0;32mPASS PATTERN NO.6431[0m, [0;33mLatency:      3[0m
[0;32mPASS PATTERN NO.6432[0m, [0;33mLatency:      3[0m
[0;32mPASS PATTERN NO.6433[0m, [0;33mLatency:      3[0m
[0;32mPASS PATTERN NO.6434[0m, [0;33mLatency:      3[0m
[0;32mPASS PATTERN NO.6435[0m, [0;33mLatency:      3[0m
[0;32mPASS PATTERN NO.6436[0m, [0;33mLatency:      3[0m
[0;32mPASS PATTERN NO.6437[0m, [0;33mLatency:      3[0m
[0;32mPASS PATTERN NO.6438[0m, [0;33mLatency:      3[0m
[0;32mPASS PATTERN NO.6439[0m, [0;33mLatency:      3[0m
[0;32mPASS PATTERN NO.6440[0m, [0;33mLatency:      3[0m
[0;32mPASS PATTERN NO.6441[0m, [0;33mLatency:      3[0m
[0;32mPASS PATTERN NO.6442[0m, [0;33mLatency:      3[0m
[0;32mPASS PATTERN NO.6443[0m, [0;33mLatency:      3[0m
[0;32mPASS PATTERN NO.6444[0m, [0;33mLatency:      3[0m
[0;32mPASS PATTERN NO.6445[0m, [0;33mLatency:      3[0m
[0;32mPASS PATTERN NO.6446[0m, [0;33mLatency:      3[0m
[0;32mPASS PATTERN NO.6447[0m, [0;33mLatency:      3[0m
[0;32mPASS PATTERN NO.6448[0m, [0;33mLatency:      3[0m
[0;32mPASS PATTERN NO.6449[0m, [0;33mLatency:      3[0m
[0;32mPASS PATTERN NO.6450[0m, [0;33mLatency:      3[0m
[0;32mPASS PATTERN NO.6451[0m, [0;33mLatency:      3[0m
[0;32mPASS PATTERN NO.6452[0m, [0;33mLatency:      3[0m
[0;32mPASS PATTERN NO.6453[0m, [0;33mLatency:      3[0m
[0;32mPASS PATTERN NO.6454[0m, [0;33mLatency:      3[0m
[0;32mPASS PATTERN NO.6455[0m, [0;33mLatency:      3[0m
[0;32mPASS PATTERN NO.6456[0m, [0;33mLatency:      3[0m
[0;32mPASS PATTERN NO.6457[0m, [0;33mLatency:      3[0m
[0;32mPASS PATTERN NO.6458[0m, [0;33mLatency:      3[0m
[0;32mPASS PATTERN NO.6459[0m, [0;33mLatency:      3[0m
[0;32mPASS PATTERN NO.6460[0m, [0;33mLatency:      3[0m
[0;32mPASS PATTERN NO.6461[0m, [0;33mLatency:      3[0m
[0;32mPASS PATTERN NO.6462[0m, [0;33mLatency:      3[0m
[0;32mPASS PATTERN NO.6463[0m, [0;33mLatency:      3[0m
[0;32mPASS PATTERN NO.6464[0m, [0;33mLatency:      3[0m
[0;32mPASS PATTERN NO.6465[0m, [0;33mLatency:      3[0m
[0;32mPASS PATTERN NO.6466[0m, [0;33mLatency:      3[0m
[0;32mPASS PATTERN NO.6467[0m, [0;33mLatency:      3[0m
[0;32mPASS PATTERN NO.6468[0m, [0;33mLatency:      3[0m
[0;32mPASS PATTERN NO.6469[0m, [0;33mLatency:      3[0m
[0;32mPASS PATTERN NO.6470[0m, [0;33mLatency:      3[0m
[0;32mPASS PATTERN NO.6471[0m, [0;33mLatency:      3[0m
[0;32mPASS PATTERN NO.6472[0m, [0;33mLatency:      3[0m
[0;32mPASS PATTERN NO.6473[0m, [0;33mLatency:      3[0m
[0;32mPASS PATTERN NO.6474[0m, [0;33mLatency:      3[0m
[0;32mPASS PATTERN NO.6475[0m, [0;33mLatency:      3[0m
[0;32mPASS PATTERN NO.6476[0m, [0;33mLatency:      3[0m
[0;32mPASS PATTERN NO.6477[0m, [0;33mLatency:      3[0m
[0;32mPASS PATTERN NO.6478[0m, [0;33mLatency:      3[0m
[0;32mPASS PATTERN NO.6479[0m, [0;33mLatency:      3[0m
[0;32mPASS PATTERN NO.6480[0m, [0;33mLatency:      3[0m
[0;32mPASS PATTERN NO.6481[0m, [0;33mLatency:      3[0m
[0;32mPASS PATTERN NO.6482[0m, [0;33mLatency:      3[0m
[0;32mPASS PATTERN NO.6483[0m, [0;33mLatency:      3[0m
[0;32mPASS PATTERN NO.6484[0m, [0;33mLatency:      3[0m
[0;32mPASS PATTERN NO.6485[0m, [0;33mLatency:      3[0m
[0;32mPASS PATTERN NO.6486[0m, [0;33mLatency:      3[0m
[0;32mPASS PATTERN NO.6487[0m, [0;33mLatency:      3[0m
[0;32mPASS PATTERN NO.6488[0m, [0;33mLatency:      3[0m
[0;32mPASS PATTERN NO.6489[0m, [0;33mLatency:      3[0m
[0;32mPASS PATTERN NO.6490[0m, [0;33mLatency:      3[0m
[0;32mPASS PATTERN NO.6491[0m, [0;33mLatency:      3[0m
[0;32mPASS PATTERN NO.6492[0m, [0;33mLatency:      3[0m
[0;32mPASS PATTERN NO.6493[0m, [0;33mLatency:      3[0m
[0;32mPASS PATTERN NO.6494[0m, [0;33mLatency:      3[0m
[0;32mPASS PATTERN NO.6495[0m, [0;33mLatency:      3[0m
[0;32mPASS PATTERN NO.6496[0m, [0;33mLatency:      3[0m
[0;32mPASS PATTERN NO.6497[0m, [0;33mLatency:      3[0m
[0;32mPASS PATTERN NO.6498[0m, [0;33mLatency:      3[0m
[0;32mPASS PATTERN NO.6499[0m, [0;33mLatency:      3[0m
[0;32mPASS PATTERN NO.6500[0m, [0;33mLatency:      3[0m
[0;32mPASS PATTERN NO.6501[0m, [0;33mLatency:      3[0m
[0;32mPASS PATTERN NO.6502[0m, [0;33mLatency:      3[0m
[0;32mPASS PATTERN NO.6503[0m, [0;33mLatency:      3[0m
[0;32mPASS PATTERN NO.6504[0m, [0;33mLatency:      3[0m
[0;32mPASS PATTERN NO.6505[0m, [0;33mLatency:      3[0m
[0;32mPASS PATTERN NO.6506[0m, [0;33mLatency:      3[0m
[0;32mPASS PATTERN NO.6507[0m, [0;33mLatency:      3[0m
[0;32mPASS PATTERN NO.6508[0m, [0;33mLatency:      3[0m
[0;32mPASS PATTERN NO.6509[0m, [0;33mLatency:      3[0m
[0;32mPASS PATTERN NO.6510[0m, [0;33mLatency:      3[0m
[0;32mPASS PATTERN NO.6511[0m, [0;33mLatency:      3[0m
[0;32mPASS PATTERN NO.6512[0m, [0;33mLatency:      3[0m
[0;32mPASS PATTERN NO.6513[0m, [0;33mLatency:      3[0m
[0;32mPASS PATTERN NO.6514[0m, [0;33mLatency:      3[0m
[0;32mPASS PATTERN NO.6515[0m, [0;33mLatency:      3[0m
[0;32mPASS PATTERN NO.6516[0m, [0;33mLatency:      3[0m
[0;32mPASS PATTERN NO.6517[0m, [0;33mLatency:      3[0m
[0;32mPASS PATTERN NO.6518[0m, [0;33mLatency:      3[0m
[0;32mPASS PATTERN NO.6519[0m, [0;33mLatency:      3[0m
[0;32mPASS PATTERN NO.6520[0m, [0;33mLatency:      3[0m
[0;32mPASS PATTERN NO.6521[0m, [0;33mLatency:      3[0m
[0;32mPASS PATTERN NO.6522[0m, [0;33mLatency:      3[0m
[0;32mPASS PATTERN NO.6523[0m, [0;33mLatency:      3[0m
[0;32mPASS PATTERN NO.6524[0m, [0;33mLatency:      3[0m
[0;32mPASS PATTERN NO.6525[0m, [0;33mLatency:      3[0m
[0;32mPASS PATTERN NO.6526[0m, [0;33mLatency:      3[0m
[0;32mPASS PATTERN NO.6527[0m, [0;33mLatency:      3[0m
[0;32mPASS PATTERN NO.6528[0m, [0;33mLatency:      3[0m
[0;32mPASS PATTERN NO.6529[0m, [0;33mLatency:      3[0m
[0;32mPASS PATTERN NO.6530[0m, [0;33mLatency:      3[0m
[0;32mPASS PATTERN NO.6531[0m, [0;33mLatency:      3[0m
[0;32mPASS PATTERN NO.6532[0m, [0;33mLatency:      3[0m
[0;32mPASS PATTERN NO.6533[0m, [0;33mLatency:      3[0m
[0;32mPASS PATTERN NO.6534[0m, [0;33mLatency:      3[0m
[0;32mPASS PATTERN NO.6535[0m, [0;33mLatency:      3[0m
[0;32mPASS PATTERN NO.6536[0m, [0;33mLatency:      3[0m
[0;32mPASS PATTERN NO.6537[0m, [0;33mLatency:      3[0m
[0;32mPASS PATTERN NO.6538[0m, [0;33mLatency:      3[0m
[0;32mPASS PATTERN NO.6539[0m, [0;33mLatency:      3[0m
[0;32mPASS PATTERN NO.6540[0m, [0;33mLatency:      3[0m
[0;32mPASS PATTERN NO.6541[0m, [0;33mLatency:      3[0m
[0;32mPASS PATTERN NO.6542[0m, [0;33mLatency:      3[0m
[0;32mPASS PATTERN NO.6543[0m, [0;33mLatency:      3[0m
[0;32mPASS PATTERN NO.6544[0m, [0;33mLatency:      3[0m
[0;32mPASS PATTERN NO.6545[0m, [0;33mLatency:      3[0m
[0;32mPASS PATTERN NO.6546[0m, [0;33mLatency:      3[0m
[0;32mPASS PATTERN NO.6547[0m, [0;33mLatency:      3[0m
[0;32mPASS PATTERN NO.6548[0m, [0;33mLatency:      3[0m
[0;32mPASS PATTERN NO.6549[0m, [0;33mLatency:      3[0m
[0;32mPASS PATTERN NO.6550[0m, [0;33mLatency:      3[0m
[0;32mPASS PATTERN NO.6551[0m, [0;33mLatency:      3[0m
[0;32mPASS PATTERN NO.6552[0m, [0;33mLatency:      3[0m
[0;32mPASS PATTERN NO.6553[0m, [0;33mLatency:      3[0m
[0;32mPASS PATTERN NO.6554[0m, [0;33mLatency:      3[0m
[0;32mPASS PATTERN NO.6555[0m, [0;33mLatency:      3[0m
[0;32mPASS PATTERN NO.6556[0m, [0;33mLatency:      3[0m
[0;32mPASS PATTERN NO.6557[0m, [0;33mLatency:      3[0m
[0;32mPASS PATTERN NO.6558[0m, [0;33mLatency:      3[0m
[0;32mPASS PATTERN NO.6559[0m, [0;33mLatency:      3[0m
[0;32mPASS PATTERN NO.6560[0m, [0;33mLatency:      3[0m
[0;32mPASS PATTERN NO.6561[0m, [0;33mLatency:      3[0m
[0;32mPASS PATTERN NO.6562[0m, [0;33mLatency:      3[0m
[0;32mPASS PATTERN NO.6563[0m, [0;33mLatency:      3[0m
[0;32mPASS PATTERN NO.6564[0m, [0;33mLatency:      3[0m
[0;32mPASS PATTERN NO.6565[0m, [0;33mLatency:      3[0m
[0;32mPASS PATTERN NO.6566[0m, [0;33mLatency:      3[0m
[0;32mPASS PATTERN NO.6567[0m, [0;33mLatency:      3[0m
[0;32mPASS PATTERN NO.6568[0m, [0;33mLatency:      3[0m
[0;32mPASS PATTERN NO.6569[0m, [0;33mLatency:      3[0m
[0;32mPASS PATTERN NO.6570[0m, [0;33mLatency:      3[0m
[0;32mPASS PATTERN NO.6571[0m, [0;33mLatency:      3[0m
[0;32mPASS PATTERN NO.6572[0m, [0;33mLatency:      3[0m
[0;32mPASS PATTERN NO.6573[0m, [0;33mLatency:      3[0m
[0;32mPASS PATTERN NO.6574[0m, [0;33mLatency:      3[0m
[0;32mPASS PATTERN NO.6575[0m, [0;33mLatency:      3[0m
[0;32mPASS PATTERN NO.6576[0m, [0;33mLatency:      3[0m
[0;32mPASS PATTERN NO.6577[0m, [0;33mLatency:      3[0m
[0;32mPASS PATTERN NO.6578[0m, [0;33mLatency:      3[0m
[0;32mPASS PATTERN NO.6579[0m, [0;33mLatency:      3[0m
[0;32mPASS PATTERN NO.6580[0m, [0;33mLatency:      3[0m
[0;32mPASS PATTERN NO.6581[0m, [0;33mLatency:      3[0m
[0;32mPASS PATTERN NO.6582[0m, [0;33mLatency:      3[0m
[0;32mPASS PATTERN NO.6583[0m, [0;33mLatency:      3[0m
[0;32mPASS PATTERN NO.6584[0m, [0;33mLatency:      3[0m
[0;32mPASS PATTERN NO.6585[0m, [0;33mLatency:      3[0m
[0;32mPASS PATTERN NO.6586[0m, [0;33mLatency:      3[0m
[0;32mPASS PATTERN NO.6587[0m, [0;33mLatency:      3[0m
[0;32mPASS PATTERN NO.6588[0m, [0;33mLatency:      3[0m
[0;32mPASS PATTERN NO.6589[0m, [0;33mLatency:      3[0m
[0;32mPASS PATTERN NO.6590[0m, [0;33mLatency:      3[0m
[0;32mPASS PATTERN NO.6591[0m, [0;33mLatency:      3[0m
[0;32mPASS PATTERN NO.6592[0m, [0;33mLatency:      3[0m
[0;32mPASS PATTERN NO.6593[0m, [0;33mLatency:      3[0m
[0;32mPASS PATTERN NO.6594[0m, [0;33mLatency:      3[0m
[0;32mPASS PATTERN NO.6595[0m, [0;33mLatency:      3[0m
[0;32mPASS PATTERN NO.6596[0m, [0;33mLatency:      3[0m
[0;32mPASS PATTERN NO.6597[0m, [0;33mLatency:      3[0m
[0;32mPASS PATTERN NO.6598[0m, [0;33mLatency:      3[0m
[0;32mPASS PATTERN NO.6599[0m, [0;33mLatency:      3[0m
[0;32mPASS PATTERN NO.6600[0m, [0;33mLatency:      3[0m
[0;32mPASS PATTERN NO.6601[0m, [0;33mLatency:      3[0m
[0;32mPASS PATTERN NO.6602[0m, [0;33mLatency:      3[0m
[0;32mPASS PATTERN NO.6603[0m, [0;33mLatency:      3[0m
[0;32mPASS PATTERN NO.6604[0m, [0;33mLatency:      3[0m
[0;32mPASS PATTERN NO.6605[0m, [0;33mLatency:      3[0m
[0;32mPASS PATTERN NO.6606[0m, [0;33mLatency:      3[0m
[0;32mPASS PATTERN NO.6607[0m, [0;33mLatency:      3[0m
[0;32mPASS PATTERN NO.6608[0m, [0;33mLatency:      3[0m
[0;32mPASS PATTERN NO.6609[0m, [0;33mLatency:      3[0m
[0;32mPASS PATTERN NO.6610[0m, [0;33mLatency:      3[0m
[0;32mPASS PATTERN NO.6611[0m, [0;33mLatency:      3[0m
[0;32mPASS PATTERN NO.6612[0m, [0;33mLatency:      3[0m
[0;32mPASS PATTERN NO.6613[0m, [0;33mLatency:      3[0m
[0;32mPASS PATTERN NO.6614[0m, [0;33mLatency:      3[0m
[0;32mPASS PATTERN NO.6615[0m, [0;33mLatency:      3[0m
[0;32mPASS PATTERN NO.6616[0m, [0;33mLatency:      3[0m
[0;32mPASS PATTERN NO.6617[0m, [0;33mLatency:      3[0m
[0;32mPASS PATTERN NO.6618[0m, [0;33mLatency:      3[0m
[0;32mPASS PATTERN NO.6619[0m, [0;33mLatency:      3[0m
[0;32mPASS PATTERN NO.6620[0m, [0;33mLatency:      3[0m
[0;32mPASS PATTERN NO.6621[0m, [0;33mLatency:      3[0m
[0;32mPASS PATTERN NO.6622[0m, [0;33mLatency:      3[0m
[0;32mPASS PATTERN NO.6623[0m, [0;33mLatency:      3[0m
[0;32mPASS PATTERN NO.6624[0m, [0;33mLatency:      3[0m
[0;32mPASS PATTERN NO.6625[0m, [0;33mLatency:      3[0m
[0;32mPASS PATTERN NO.6626[0m, [0;33mLatency:      3[0m
[0;32mPASS PATTERN NO.6627[0m, [0;33mLatency:      3[0m
[0;32mPASS PATTERN NO.6628[0m, [0;33mLatency:      3[0m
[0;32mPASS PATTERN NO.6629[0m, [0;33mLatency:      3[0m
[0;32mPASS PATTERN NO.6630[0m, [0;33mLatency:      3[0m
[0;32mPASS PATTERN NO.6631[0m, [0;33mLatency:      3[0m
[0;32mPASS PATTERN NO.6632[0m, [0;33mLatency:      3[0m
[0;32mPASS PATTERN NO.6633[0m, [0;33mLatency:      3[0m
[0;32mPASS PATTERN NO.6634[0m, [0;33mLatency:      3[0m
[0;32mPASS PATTERN NO.6635[0m, [0;33mLatency:      3[0m
[0;32mPASS PATTERN NO.6636[0m, [0;33mLatency:      3[0m
[0;32mPASS PATTERN NO.6637[0m, [0;33mLatency:      3[0m
[0;32mPASS PATTERN NO.6638[0m, [0;33mLatency:      3[0m
[0;32mPASS PATTERN NO.6639[0m, [0;33mLatency:      3[0m
[0;32mPASS PATTERN NO.6640[0m, [0;33mLatency:      3[0m
[0;32mPASS PATTERN NO.6641[0m, [0;33mLatency:      3[0m
[0;32mPASS PATTERN NO.6642[0m, [0;33mLatency:      3[0m
[0;32mPASS PATTERN NO.6643[0m, [0;33mLatency:      3[0m
[0;32mPASS PATTERN NO.6644[0m, [0;33mLatency:      3[0m
[0;32mPASS PATTERN NO.6645[0m, [0;33mLatency:      3[0m
[0;32mPASS PATTERN NO.6646[0m, [0;33mLatency:      3[0m
[0;32mPASS PATTERN NO.6647[0m, [0;33mLatency:      3[0m
[0;32mPASS PATTERN NO.6648[0m, [0;33mLatency:      3[0m
[0;32mPASS PATTERN NO.6649[0m, [0;33mLatency:      3[0m
[0;32mPASS PATTERN NO.6650[0m, [0;33mLatency:      3[0m
[0;32mPASS PATTERN NO.6651[0m, [0;33mLatency:      3[0m
[0;32mPASS PATTERN NO.6652[0m, [0;33mLatency:      3[0m
[0;32mPASS PATTERN NO.6653[0m, [0;33mLatency:      3[0m
[0;32mPASS PATTERN NO.6654[0m, [0;33mLatency:      3[0m
[0;32mPASS PATTERN NO.6655[0m, [0;33mLatency:      3[0m
[0;32mPASS PATTERN NO.6656[0m, [0;33mLatency:      3[0m
[0;32mPASS PATTERN NO.6657[0m, [0;33mLatency:      3[0m
[0;32mPASS PATTERN NO.6658[0m, [0;33mLatency:      3[0m
[0;32mPASS PATTERN NO.6659[0m, [0;33mLatency:      3[0m
[0;32mPASS PATTERN NO.6660[0m, [0;33mLatency:      3[0m
[0;32mPASS PATTERN NO.6661[0m, [0;33mLatency:      3[0m
[0;32mPASS PATTERN NO.6662[0m, [0;33mLatency:      3[0m
[0;32mPASS PATTERN NO.6663[0m, [0;33mLatency:      3[0m
[0;32mPASS PATTERN NO.6664[0m, [0;33mLatency:      3[0m
[0;32mPASS PATTERN NO.6665[0m, [0;33mLatency:      3[0m
[0;32mPASS PATTERN NO.6666[0m, [0;33mLatency:      3[0m
[0;32mPASS PATTERN NO.6667[0m, [0;33mLatency:      3[0m
[0;32mPASS PATTERN NO.6668[0m, [0;33mLatency:      3[0m
[0;32mPASS PATTERN NO.6669[0m, [0;33mLatency:      3[0m
[0;32mPASS PATTERN NO.6670[0m, [0;33mLatency:      3[0m
[0;32mPASS PATTERN NO.6671[0m, [0;33mLatency:      3[0m
[0;32mPASS PATTERN NO.6672[0m, [0;33mLatency:      3[0m
[0;32mPASS PATTERN NO.6673[0m, [0;33mLatency:      3[0m
[0;32mPASS PATTERN NO.6674[0m, [0;33mLatency:      3[0m
[0;32mPASS PATTERN NO.6675[0m, [0;33mLatency:      3[0m
[0;32mPASS PATTERN NO.6676[0m, [0;33mLatency:      3[0m
[0;32mPASS PATTERN NO.6677[0m, [0;33mLatency:      3[0m
[0;32mPASS PATTERN NO.6678[0m, [0;33mLatency:      3[0m
[0;32mPASS PATTERN NO.6679[0m, [0;33mLatency:      3[0m
[0;32mPASS PATTERN NO.6680[0m, [0;33mLatency:      3[0m
[0;32mPASS PATTERN NO.6681[0m, [0;33mLatency:      3[0m
[0;32mPASS PATTERN NO.6682[0m, [0;33mLatency:      3[0m
[0;32mPASS PATTERN NO.6683[0m, [0;33mLatency:      3[0m
[0;32mPASS PATTERN NO.6684[0m, [0;33mLatency:      3[0m
[0;32mPASS PATTERN NO.6685[0m, [0;33mLatency:      3[0m
[0;32mPASS PATTERN NO.6686[0m, [0;33mLatency:      3[0m
[0;32mPASS PATTERN NO.6687[0m, [0;33mLatency:      3[0m
[0;32mPASS PATTERN NO.6688[0m, [0;33mLatency:      3[0m
[0;32mPASS PATTERN NO.6689[0m, [0;33mLatency:      3[0m
[0;32mPASS PATTERN NO.6690[0m, [0;33mLatency:      3[0m
[0;32mPASS PATTERN NO.6691[0m, [0;33mLatency:      3[0m
[0;32mPASS PATTERN NO.6692[0m, [0;33mLatency:      3[0m
[0;32mPASS PATTERN NO.6693[0m, [0;33mLatency:      3[0m
[0;32mPASS PATTERN NO.6694[0m, [0;33mLatency:      3[0m
[0;32mPASS PATTERN NO.6695[0m, [0;33mLatency:      3[0m
[0;32mPASS PATTERN NO.6696[0m, [0;33mLatency:      3[0m
[0;32mPASS PATTERN NO.6697[0m, [0;33mLatency:      3[0m
[0;32mPASS PATTERN NO.6698[0m, [0;33mLatency:      3[0m
[0;32mPASS PATTERN NO.6699[0m, [0;33mLatency:      3[0m
[0;32mPASS PATTERN NO.6700[0m, [0;33mLatency:      3[0m
[0;32mPASS PATTERN NO.6701[0m, [0;33mLatency:      3[0m
[0;32mPASS PATTERN NO.6702[0m, [0;33mLatency:      3[0m
[0;32mPASS PATTERN NO.6703[0m, [0;33mLatency:      3[0m
[0;32mPASS PATTERN NO.6704[0m, [0;33mLatency:      3[0m
[0;32mPASS PATTERN NO.6705[0m, [0;33mLatency:      3[0m
[0;32mPASS PATTERN NO.6706[0m, [0;33mLatency:      3[0m
[0;32mPASS PATTERN NO.6707[0m, [0;33mLatency:      3[0m
[0;32mPASS PATTERN NO.6708[0m, [0;33mLatency:      3[0m
[0;32mPASS PATTERN NO.6709[0m, [0;33mLatency:      3[0m
[0;32mPASS PATTERN NO.6710[0m, [0;33mLatency:      3[0m
[0;32mPASS PATTERN NO.6711[0m, [0;33mLatency:      3[0m
[0;32mPASS PATTERN NO.6712[0m, [0;33mLatency:      3[0m
[0;32mPASS PATTERN NO.6713[0m, [0;33mLatency:      3[0m
[0;32mPASS PATTERN NO.6714[0m, [0;33mLatency:      3[0m
[0;32mPASS PATTERN NO.6715[0m, [0;33mLatency:      3[0m
[0;32mPASS PATTERN NO.6716[0m, [0;33mLatency:      3[0m
[0;32mPASS PATTERN NO.6717[0m, [0;33mLatency:      3[0m
[0;32mPASS PATTERN NO.6718[0m, [0;33mLatency:      3[0m
[0;32mPASS PATTERN NO.6719[0m, [0;33mLatency:      3[0m
[0;32mPASS PATTERN NO.6720[0m, [0;33mLatency:      3[0m
[0;32mPASS PATTERN NO.6721[0m, [0;33mLatency:      3[0m
[0;32mPASS PATTERN NO.6722[0m, [0;33mLatency:      3[0m
[0;32mPASS PATTERN NO.6723[0m, [0;33mLatency:      3[0m
[0;32mPASS PATTERN NO.6724[0m, [0;33mLatency:      3[0m
[0;32mPASS PATTERN NO.6725[0m, [0;33mLatency:      3[0m
[0;32mPASS PATTERN NO.6726[0m, [0;33mLatency:      3[0m
[0;32mPASS PATTERN NO.6727[0m, [0;33mLatency:      3[0m
[0;32mPASS PATTERN NO.6728[0m, [0;33mLatency:      3[0m
[0;32mPASS PATTERN NO.6729[0m, [0;33mLatency:      3[0m
[0;32mPASS PATTERN NO.6730[0m, [0;33mLatency:      3[0m
[0;32mPASS PATTERN NO.6731[0m, [0;33mLatency:      3[0m
[0;32mPASS PATTERN NO.6732[0m, [0;33mLatency:      3[0m
[0;32mPASS PATTERN NO.6733[0m, [0;33mLatency:      3[0m
[0;32mPASS PATTERN NO.6734[0m, [0;33mLatency:      3[0m
[0;32mPASS PATTERN NO.6735[0m, [0;33mLatency:      3[0m
[0;32mPASS PATTERN NO.6736[0m, [0;33mLatency:      3[0m
[0;32mPASS PATTERN NO.6737[0m, [0;33mLatency:      3[0m
[0;32mPASS PATTERN NO.6738[0m, [0;33mLatency:      3[0m
[0;32mPASS PATTERN NO.6739[0m, [0;33mLatency:      3[0m
[0;32mPASS PATTERN NO.6740[0m, [0;33mLatency:      3[0m
[0;32mPASS PATTERN NO.6741[0m, [0;33mLatency:      3[0m
[0;32mPASS PATTERN NO.6742[0m, [0;33mLatency:      3[0m
[0;32mPASS PATTERN NO.6743[0m, [0;33mLatency:      3[0m
[0;32mPASS PATTERN NO.6744[0m, [0;33mLatency:      3[0m
[0;32mPASS PATTERN NO.6745[0m, [0;33mLatency:      3[0m
[0;32mPASS PATTERN NO.6746[0m, [0;33mLatency:      3[0m
[0;32mPASS PATTERN NO.6747[0m, [0;33mLatency:      3[0m
[0;32mPASS PATTERN NO.6748[0m, [0;33mLatency:      3[0m
[0;32mPASS PATTERN NO.6749[0m, [0;33mLatency:      3[0m
[0;32mPASS PATTERN NO.6750[0m, [0;33mLatency:      3[0m
[0;32mPASS PATTERN NO.6751[0m, [0;33mLatency:      3[0m
[0;32mPASS PATTERN NO.6752[0m, [0;33mLatency:      3[0m
[0;32mPASS PATTERN NO.6753[0m, [0;33mLatency:      3[0m
[0;32mPASS PATTERN NO.6754[0m, [0;33mLatency:      3[0m
[0;32mPASS PATTERN NO.6755[0m, [0;33mLatency:      3[0m
[0;32mPASS PATTERN NO.6756[0m, [0;33mLatency:      3[0m
[0;32mPASS PATTERN NO.6757[0m, [0;33mLatency:      3[0m
[0;32mPASS PATTERN NO.6758[0m, [0;33mLatency:      3[0m
[0;32mPASS PATTERN NO.6759[0m, [0;33mLatency:      3[0m
[0;32mPASS PATTERN NO.6760[0m, [0;33mLatency:      3[0m
[0;32mPASS PATTERN NO.6761[0m, [0;33mLatency:      3[0m
[0;32mPASS PATTERN NO.6762[0m, [0;33mLatency:      3[0m
[0;32mPASS PATTERN NO.6763[0m, [0;33mLatency:      3[0m
[0;32mPASS PATTERN NO.6764[0m, [0;33mLatency:      3[0m
[0;32mPASS PATTERN NO.6765[0m, [0;33mLatency:      3[0m
[0;32mPASS PATTERN NO.6766[0m, [0;33mLatency:      3[0m
[0;32mPASS PATTERN NO.6767[0m, [0;33mLatency:      3[0m
[0;32mPASS PATTERN NO.6768[0m, [0;33mLatency:      3[0m
[0;32mPASS PATTERN NO.6769[0m, [0;33mLatency:      3[0m
[0;32mPASS PATTERN NO.6770[0m, [0;33mLatency:      3[0m
[0;32mPASS PATTERN NO.6771[0m, [0;33mLatency:      3[0m
[0;32mPASS PATTERN NO.6772[0m, [0;33mLatency:      3[0m
[0;32mPASS PATTERN NO.6773[0m, [0;33mLatency:      3[0m
[0;32mPASS PATTERN NO.6774[0m, [0;33mLatency:      3[0m
[0;32mPASS PATTERN NO.6775[0m, [0;33mLatency:      3[0m
[0;32mPASS PATTERN NO.6776[0m, [0;33mLatency:      3[0m
[0;32mPASS PATTERN NO.6777[0m, [0;33mLatency:      3[0m
[0;32mPASS PATTERN NO.6778[0m, [0;33mLatency:      3[0m
[0;32mPASS PATTERN NO.6779[0m, [0;33mLatency:      3[0m
[0;32mPASS PATTERN NO.6780[0m, [0;33mLatency:      3[0m
[0;32mPASS PATTERN NO.6781[0m, [0;33mLatency:      3[0m
[0;32mPASS PATTERN NO.6782[0m, [0;33mLatency:      3[0m
[0;32mPASS PATTERN NO.6783[0m, [0;33mLatency:      3[0m
[0;32mPASS PATTERN NO.6784[0m, [0;33mLatency:      3[0m
[0;32mPASS PATTERN NO.6785[0m, [0;33mLatency:      3[0m
[0;32mPASS PATTERN NO.6786[0m, [0;33mLatency:      3[0m
[0;32mPASS PATTERN NO.6787[0m, [0;33mLatency:      3[0m
[0;32mPASS PATTERN NO.6788[0m, [0;33mLatency:      3[0m
[0;32mPASS PATTERN NO.6789[0m, [0;33mLatency:      3[0m
[0;32mPASS PATTERN NO.6790[0m, [0;33mLatency:      3[0m
[0;32mPASS PATTERN NO.6791[0m, [0;33mLatency:      3[0m
[0;32mPASS PATTERN NO.6792[0m, [0;33mLatency:      3[0m
[0;32mPASS PATTERN NO.6793[0m, [0;33mLatency:      3[0m
[0;32mPASS PATTERN NO.6794[0m, [0;33mLatency:      3[0m
[0;32mPASS PATTERN NO.6795[0m, [0;33mLatency:      3[0m
[0;32mPASS PATTERN NO.6796[0m, [0;33mLatency:      3[0m
[0;32mPASS PATTERN NO.6797[0m, [0;33mLatency:      3[0m
[0;32mPASS PATTERN NO.6798[0m, [0;33mLatency:      3[0m
[0;32mPASS PATTERN NO.6799[0m, [0;33mLatency:      3[0m
[0;32mPASS PATTERN NO.6800[0m, [0;33mLatency:      3[0m
[0;32mPASS PATTERN NO.6801[0m, [0;33mLatency:      3[0m
[0;32mPASS PATTERN NO.6802[0m, [0;33mLatency:      3[0m
[0;32mPASS PATTERN NO.6803[0m, [0;33mLatency:      3[0m
[0;32mPASS PATTERN NO.6804[0m, [0;33mLatency:      3[0m
[0;32mPASS PATTERN NO.6805[0m, [0;33mLatency:      3[0m
[0;32mPASS PATTERN NO.6806[0m, [0;33mLatency:      3[0m
[0;32mPASS PATTERN NO.6807[0m, [0;33mLatency:      3[0m
[0;32mPASS PATTERN NO.6808[0m, [0;33mLatency:      3[0m
[0;32mPASS PATTERN NO.6809[0m, [0;33mLatency:      3[0m
[0;32mPASS PATTERN NO.6810[0m, [0;33mLatency:      3[0m
[0;32mPASS PATTERN NO.6811[0m, [0;33mLatency:      3[0m
[0;32mPASS PATTERN NO.6812[0m, [0;33mLatency:      3[0m
[0;32mPASS PATTERN NO.6813[0m, [0;33mLatency:      3[0m
[0;32mPASS PATTERN NO.6814[0m, [0;33mLatency:      3[0m
[0;32mPASS PATTERN NO.6815[0m, [0;33mLatency:      3[0m
[0;32mPASS PATTERN NO.6816[0m, [0;33mLatency:      3[0m
[0;32mPASS PATTERN NO.6817[0m, [0;33mLatency:      3[0m
[0;32mPASS PATTERN NO.6818[0m, [0;33mLatency:      3[0m
[0;32mPASS PATTERN NO.6819[0m, [0;33mLatency:      3[0m
[0;32mPASS PATTERN NO.6820[0m, [0;33mLatency:      3[0m
[0;32mPASS PATTERN NO.6821[0m, [0;33mLatency:      3[0m
[0;32mPASS PATTERN NO.6822[0m, [0;33mLatency:      3[0m
[0;32mPASS PATTERN NO.6823[0m, [0;33mLatency:      3[0m
[0;32mPASS PATTERN NO.6824[0m, [0;33mLatency:      3[0m
[0;32mPASS PATTERN NO.6825[0m, [0;33mLatency:      3[0m
[0;32mPASS PATTERN NO.6826[0m, [0;33mLatency:      3[0m
[0;32mPASS PATTERN NO.6827[0m, [0;33mLatency:      3[0m
[0;32mPASS PATTERN NO.6828[0m, [0;33mLatency:      3[0m
[0;32mPASS PATTERN NO.6829[0m, [0;33mLatency:      3[0m
[0;32mPASS PATTERN NO.6830[0m, [0;33mLatency:      3[0m
[0;32mPASS PATTERN NO.6831[0m, [0;33mLatency:      3[0m
[0;32mPASS PATTERN NO.6832[0m, [0;33mLatency:      3[0m
[0;32mPASS PATTERN NO.6833[0m, [0;33mLatency:      3[0m
[0;32mPASS PATTERN NO.6834[0m, [0;33mLatency:      3[0m
[0;32mPASS PATTERN NO.6835[0m, [0;33mLatency:      3[0m
[0;32mPASS PATTERN NO.6836[0m, [0;33mLatency:      3[0m
[0;32mPASS PATTERN NO.6837[0m, [0;33mLatency:      3[0m
[0;32mPASS PATTERN NO.6838[0m, [0;33mLatency:      3[0m
[0;32mPASS PATTERN NO.6839[0m, [0;33mLatency:      3[0m
[0;32mPASS PATTERN NO.6840[0m, [0;33mLatency:      3[0m
[0;32mPASS PATTERN NO.6841[0m, [0;33mLatency:      3[0m
[0;32mPASS PATTERN NO.6842[0m, [0;33mLatency:      3[0m
[0;32mPASS PATTERN NO.6843[0m, [0;33mLatency:      3[0m
[0;32mPASS PATTERN NO.6844[0m, [0;33mLatency:      3[0m
[0;32mPASS PATTERN NO.6845[0m, [0;33mLatency:      3[0m
[0;32mPASS PATTERN NO.6846[0m, [0;33mLatency:      3[0m
[0;32mPASS PATTERN NO.6847[0m, [0;33mLatency:      3[0m
[0;32mPASS PATTERN NO.6848[0m, [0;33mLatency:      3[0m
[0;32mPASS PATTERN NO.6849[0m, [0;33mLatency:      3[0m
[0;32mPASS PATTERN NO.6850[0m, [0;33mLatency:      3[0m
[0;32mPASS PATTERN NO.6851[0m, [0;33mLatency:      3[0m
[0;32mPASS PATTERN NO.6852[0m, [0;33mLatency:      3[0m
[0;32mPASS PATTERN NO.6853[0m, [0;33mLatency:      3[0m
[0;32mPASS PATTERN NO.6854[0m, [0;33mLatency:      3[0m
[0;32mPASS PATTERN NO.6855[0m, [0;33mLatency:      3[0m
[0;32mPASS PATTERN NO.6856[0m, [0;33mLatency:      3[0m
[0;32mPASS PATTERN NO.6857[0m, [0;33mLatency:      3[0m
[0;32mPASS PATTERN NO.6858[0m, [0;33mLatency:      3[0m
[0;32mPASS PATTERN NO.6859[0m, [0;33mLatency:      3[0m
[0;32mPASS PATTERN NO.6860[0m, [0;33mLatency:      3[0m
[0;32mPASS PATTERN NO.6861[0m, [0;33mLatency:      3[0m
[0;32mPASS PATTERN NO.6862[0m, [0;33mLatency:      3[0m
[0;32mPASS PATTERN NO.6863[0m, [0;33mLatency:      3[0m
[0;32mPASS PATTERN NO.6864[0m, [0;33mLatency:      3[0m
[0;32mPASS PATTERN NO.6865[0m, [0;33mLatency:      3[0m
[0;32mPASS PATTERN NO.6866[0m, [0;33mLatency:      3[0m
[0;32mPASS PATTERN NO.6867[0m, [0;33mLatency:      3[0m
[0;32mPASS PATTERN NO.6868[0m, [0;33mLatency:      3[0m
[0;32mPASS PATTERN NO.6869[0m, [0;33mLatency:      3[0m
[0;32mPASS PATTERN NO.6870[0m, [0;33mLatency:      3[0m
[0;32mPASS PATTERN NO.6871[0m, [0;33mLatency:      3[0m
[0;32mPASS PATTERN NO.6872[0m, [0;33mLatency:      3[0m
[0;32mPASS PATTERN NO.6873[0m, [0;33mLatency:      3[0m
[0;32mPASS PATTERN NO.6874[0m, [0;33mLatency:      3[0m
[0;32mPASS PATTERN NO.6875[0m, [0;33mLatency:      3[0m
[0;32mPASS PATTERN NO.6876[0m, [0;33mLatency:      3[0m
[0;32mPASS PATTERN NO.6877[0m, [0;33mLatency:      3[0m
[0;32mPASS PATTERN NO.6878[0m, [0;33mLatency:      3[0m
[0;32mPASS PATTERN NO.6879[0m, [0;33mLatency:      3[0m
[0;32mPASS PATTERN NO.6880[0m, [0;33mLatency:      3[0m
[0;32mPASS PATTERN NO.6881[0m, [0;33mLatency:      3[0m
[0;32mPASS PATTERN NO.6882[0m, [0;33mLatency:      3[0m
[0;32mPASS PATTERN NO.6883[0m, [0;33mLatency:      3[0m
[0;32mPASS PATTERN NO.6884[0m, [0;33mLatency:      3[0m
[0;32mPASS PATTERN NO.6885[0m, [0;33mLatency:      3[0m
[0;32mPASS PATTERN NO.6886[0m, [0;33mLatency:      3[0m
[0;32mPASS PATTERN NO.6887[0m, [0;33mLatency:      3[0m
[0;32mPASS PATTERN NO.6888[0m, [0;33mLatency:      3[0m
[0;32mPASS PATTERN NO.6889[0m, [0;33mLatency:      3[0m
[0;32mPASS PATTERN NO.6890[0m, [0;33mLatency:      3[0m
[0;32mPASS PATTERN NO.6891[0m, [0;33mLatency:      3[0m
[0;32mPASS PATTERN NO.6892[0m, [0;33mLatency:      3[0m
[0;32mPASS PATTERN NO.6893[0m, [0;33mLatency:      3[0m
[0;32mPASS PATTERN NO.6894[0m, [0;33mLatency:      3[0m
[0;32mPASS PATTERN NO.6895[0m, [0;33mLatency:      3[0m
[0;32mPASS PATTERN NO.6896[0m, [0;33mLatency:      3[0m
[0;32mPASS PATTERN NO.6897[0m, [0;33mLatency:      3[0m
[0;32mPASS PATTERN NO.6898[0m, [0;33mLatency:      3[0m
[0;32mPASS PATTERN NO.6899[0m, [0;33mLatency:      3[0m
[0;32mPASS PATTERN NO.6900[0m, [0;33mLatency:      3[0m
[0;32mPASS PATTERN NO.6901[0m, [0;33mLatency:      3[0m
[0;32mPASS PATTERN NO.6902[0m, [0;33mLatency:      3[0m
[0;32mPASS PATTERN NO.6903[0m, [0;33mLatency:      3[0m
[0;32mPASS PATTERN NO.6904[0m, [0;33mLatency:      3[0m
[0;32mPASS PATTERN NO.6905[0m, [0;33mLatency:      3[0m
[0;32mPASS PATTERN NO.6906[0m, [0;33mLatency:      3[0m
[0;32mPASS PATTERN NO.6907[0m, [0;33mLatency:      3[0m
[0;32mPASS PATTERN NO.6908[0m, [0;33mLatency:      3[0m
[0;32mPASS PATTERN NO.6909[0m, [0;33mLatency:      3[0m
[0;32mPASS PATTERN NO.6910[0m, [0;33mLatency:      3[0m
[0;32mPASS PATTERN NO.6911[0m, [0;33mLatency:      3[0m
[0;32mPASS PATTERN NO.6912[0m, [0;33mLatency:      3[0m
[0;32mPASS PATTERN NO.6913[0m, [0;33mLatency:      3[0m
[0;32mPASS PATTERN NO.6914[0m, [0;33mLatency:      3[0m
[0;32mPASS PATTERN NO.6915[0m, [0;33mLatency:      3[0m
[0;32mPASS PATTERN NO.6916[0m, [0;33mLatency:      3[0m
[0;32mPASS PATTERN NO.6917[0m, [0;33mLatency:      3[0m
[0;32mPASS PATTERN NO.6918[0m, [0;33mLatency:      3[0m
[0;32mPASS PATTERN NO.6919[0m, [0;33mLatency:      3[0m
[0;32mPASS PATTERN NO.6920[0m, [0;33mLatency:      3[0m
[0;32mPASS PATTERN NO.6921[0m, [0;33mLatency:      3[0m
[0;32mPASS PATTERN NO.6922[0m, [0;33mLatency:      3[0m
[0;32mPASS PATTERN NO.6923[0m, [0;33mLatency:      3[0m
[0;32mPASS PATTERN NO.6924[0m, [0;33mLatency:      3[0m
[0;32mPASS PATTERN NO.6925[0m, [0;33mLatency:      3[0m
[0;32mPASS PATTERN NO.6926[0m, [0;33mLatency:      3[0m
[0;32mPASS PATTERN NO.6927[0m, [0;33mLatency:      3[0m
[0;32mPASS PATTERN NO.6928[0m, [0;33mLatency:      3[0m
[0;32mPASS PATTERN NO.6929[0m, [0;33mLatency:      3[0m
[0;32mPASS PATTERN NO.6930[0m, [0;33mLatency:      3[0m
[0;32mPASS PATTERN NO.6931[0m, [0;33mLatency:      3[0m
[0;32mPASS PATTERN NO.6932[0m, [0;33mLatency:      3[0m
[0;32mPASS PATTERN NO.6933[0m, [0;33mLatency:      3[0m
[0;32mPASS PATTERN NO.6934[0m, [0;33mLatency:      3[0m
[0;32mPASS PATTERN NO.6935[0m, [0;33mLatency:      3[0m
[0;32mPASS PATTERN NO.6936[0m, [0;33mLatency:      3[0m
[0;32mPASS PATTERN NO.6937[0m, [0;33mLatency:      3[0m
[0;32mPASS PATTERN NO.6938[0m, [0;33mLatency:      3[0m
[0;32mPASS PATTERN NO.6939[0m, [0;33mLatency:      3[0m
[0;32mPASS PATTERN NO.6940[0m, [0;33mLatency:      3[0m
[0;32mPASS PATTERN NO.6941[0m, [0;33mLatency:      3[0m
[0;32mPASS PATTERN NO.6942[0m, [0;33mLatency:      3[0m
[0;32mPASS PATTERN NO.6943[0m, [0;33mLatency:      3[0m
[0;32mPASS PATTERN NO.6944[0m, [0;33mLatency:      3[0m
[0;32mPASS PATTERN NO.6945[0m, [0;33mLatency:      3[0m
[0;32mPASS PATTERN NO.6946[0m, [0;33mLatency:      3[0m
[0;32mPASS PATTERN NO.6947[0m, [0;33mLatency:      3[0m
[0;32mPASS PATTERN NO.6948[0m, [0;33mLatency:      3[0m
[0;32mPASS PATTERN NO.6949[0m, [0;33mLatency:      3[0m
[0;32mPASS PATTERN NO.6950[0m, [0;33mLatency:      3[0m
[0;32mPASS PATTERN NO.6951[0m, [0;33mLatency:      3[0m
[0;32mPASS PATTERN NO.6952[0m, [0;33mLatency:      3[0m
[0;32mPASS PATTERN NO.6953[0m, [0;33mLatency:      3[0m
[0;32mPASS PATTERN NO.6954[0m, [0;33mLatency:      3[0m
[0;32mPASS PATTERN NO.6955[0m, [0;33mLatency:      3[0m
[0;32mPASS PATTERN NO.6956[0m, [0;33mLatency:      3[0m
[0;32mPASS PATTERN NO.6957[0m, [0;33mLatency:      3[0m
[0;32mPASS PATTERN NO.6958[0m, [0;33mLatency:      3[0m
[0;32mPASS PATTERN NO.6959[0m, [0;33mLatency:      3[0m
[0;32mPASS PATTERN NO.6960[0m, [0;33mLatency:      3[0m
[0;32mPASS PATTERN NO.6961[0m, [0;33mLatency:      3[0m
[0;32mPASS PATTERN NO.6962[0m, [0;33mLatency:      3[0m
[0;32mPASS PATTERN NO.6963[0m, [0;33mLatency:      3[0m
[0;32mPASS PATTERN NO.6964[0m, [0;33mLatency:      3[0m
[0;32mPASS PATTERN NO.6965[0m, [0;33mLatency:      3[0m
[0;32mPASS PATTERN NO.6966[0m, [0;33mLatency:      3[0m
[0;32mPASS PATTERN NO.6967[0m, [0;33mLatency:      3[0m
[0;32mPASS PATTERN NO.6968[0m, [0;33mLatency:      3[0m
[0;32mPASS PATTERN NO.6969[0m, [0;33mLatency:      3[0m
[0;32mPASS PATTERN NO.6970[0m, [0;33mLatency:      3[0m
[0;32mPASS PATTERN NO.6971[0m, [0;33mLatency:      3[0m
[0;32mPASS PATTERN NO.6972[0m, [0;33mLatency:      3[0m
[0;32mPASS PATTERN NO.6973[0m, [0;33mLatency:      3[0m
[0;32mPASS PATTERN NO.6974[0m, [0;33mLatency:      3[0m
[0;32mPASS PATTERN NO.6975[0m, [0;33mLatency:      3[0m
[0;32mPASS PATTERN NO.6976[0m, [0;33mLatency:      3[0m
[0;32mPASS PATTERN NO.6977[0m, [0;33mLatency:      3[0m
[0;32mPASS PATTERN NO.6978[0m, [0;33mLatency:      3[0m
[0;32mPASS PATTERN NO.6979[0m, [0;33mLatency:      3[0m
[0;32mPASS PATTERN NO.6980[0m, [0;33mLatency:      3[0m
[0;32mPASS PATTERN NO.6981[0m, [0;33mLatency:      3[0m
[0;32mPASS PATTERN NO.6982[0m, [0;33mLatency:      3[0m
[0;32mPASS PATTERN NO.6983[0m, [0;33mLatency:      3[0m
[0;32mPASS PATTERN NO.6984[0m, [0;33mLatency:      3[0m
[0;32mPASS PATTERN NO.6985[0m, [0;33mLatency:      3[0m
[0;32mPASS PATTERN NO.6986[0m, [0;33mLatency:      3[0m
[0;32mPASS PATTERN NO.6987[0m, [0;33mLatency:      3[0m
[0;32mPASS PATTERN NO.6988[0m, [0;33mLatency:      3[0m
[0;32mPASS PATTERN NO.6989[0m, [0;33mLatency:      3[0m
[0;32mPASS PATTERN NO.6990[0m, [0;33mLatency:      3[0m
[0;32mPASS PATTERN NO.6991[0m, [0;33mLatency:      3[0m
[0;32mPASS PATTERN NO.6992[0m, [0;33mLatency:      3[0m
[0;32mPASS PATTERN NO.6993[0m, [0;33mLatency:      3[0m
[0;32mPASS PATTERN NO.6994[0m, [0;33mLatency:      3[0m
[0;32mPASS PATTERN NO.6995[0m, [0;33mLatency:      3[0m
[0;32mPASS PATTERN NO.6996[0m, [0;33mLatency:      3[0m
[0;32mPASS PATTERN NO.6997[0m, [0;33mLatency:      3[0m
[0;32mPASS PATTERN NO.6998[0m, [0;33mLatency:      3[0m
[0;32mPASS PATTERN NO.6999[0m, [0;33mLatency:      3[0m
[0;32mPASS PATTERN NO.7000[0m, [0;33mLatency:      3[0m
[0;32mPASS PATTERN NO.7001[0m, [0;33mLatency:      3[0m
[0;32mPASS PATTERN NO.7002[0m, [0;33mLatency:      3[0m
[0;32mPASS PATTERN NO.7003[0m, [0;33mLatency:      3[0m
[0;32mPASS PATTERN NO.7004[0m, [0;33mLatency:      3[0m
[0;32mPASS PATTERN NO.7005[0m, [0;33mLatency:      3[0m
[0;32mPASS PATTERN NO.7006[0m, [0;33mLatency:      3[0m
[0;32mPASS PATTERN NO.7007[0m, [0;33mLatency:      3[0m
[0;32mPASS PATTERN NO.7008[0m, [0;33mLatency:      3[0m
[0;32mPASS PATTERN NO.7009[0m, [0;33mLatency:      3[0m
[0;32mPASS PATTERN NO.7010[0m, [0;33mLatency:      3[0m
[0;32mPASS PATTERN NO.7011[0m, [0;33mLatency:      3[0m
[0;32mPASS PATTERN NO.7012[0m, [0;33mLatency:      3[0m
[0;32mPASS PATTERN NO.7013[0m, [0;33mLatency:      3[0m
[0;32mPASS PATTERN NO.7014[0m, [0;33mLatency:      3[0m
[0;32mPASS PATTERN NO.7015[0m, [0;33mLatency:      3[0m
[0;32mPASS PATTERN NO.7016[0m, [0;33mLatency:      3[0m
[0;32mPASS PATTERN NO.7017[0m, [0;33mLatency:      3[0m
[0;32mPASS PATTERN NO.7018[0m, [0;33mLatency:      3[0m
[0;32mPASS PATTERN NO.7019[0m, [0;33mLatency:      3[0m
[0;32mPASS PATTERN NO.7020[0m, [0;33mLatency:      3[0m
[0;32mPASS PATTERN NO.7021[0m, [0;33mLatency:      3[0m
[0;32mPASS PATTERN NO.7022[0m, [0;33mLatency:      3[0m
[0;32mPASS PATTERN NO.7023[0m, [0;33mLatency:      3[0m
[0;32mPASS PATTERN NO.7024[0m, [0;33mLatency:      3[0m
[0;32mPASS PATTERN NO.7025[0m, [0;33mLatency:      3[0m
[0;32mPASS PATTERN NO.7026[0m, [0;33mLatency:      3[0m
[0;32mPASS PATTERN NO.7027[0m, [0;33mLatency:      3[0m
[0;32mPASS PATTERN NO.7028[0m, [0;33mLatency:      3[0m
[0;32mPASS PATTERN NO.7029[0m, [0;33mLatency:      3[0m
[0;32mPASS PATTERN NO.7030[0m, [0;33mLatency:      3[0m
[0;32mPASS PATTERN NO.7031[0m, [0;33mLatency:      3[0m
[0;32mPASS PATTERN NO.7032[0m, [0;33mLatency:      3[0m
[0;32mPASS PATTERN NO.7033[0m, [0;33mLatency:      3[0m
[0;32mPASS PATTERN NO.7034[0m, [0;33mLatency:      3[0m
[0;32mPASS PATTERN NO.7035[0m, [0;33mLatency:      3[0m
[0;32mPASS PATTERN NO.7036[0m, [0;33mLatency:      3[0m
[0;32mPASS PATTERN NO.7037[0m, [0;33mLatency:      3[0m
[0;32mPASS PATTERN NO.7038[0m, [0;33mLatency:      3[0m
[0;32mPASS PATTERN NO.7039[0m, [0;33mLatency:      3[0m
[0;32mPASS PATTERN NO.7040[0m, [0;33mLatency:      3[0m
[0;32mPASS PATTERN NO.7041[0m, [0;33mLatency:      3[0m
[0;32mPASS PATTERN NO.7042[0m, [0;33mLatency:      3[0m
[0;32mPASS PATTERN NO.7043[0m, [0;33mLatency:      3[0m
[0;32mPASS PATTERN NO.7044[0m, [0;33mLatency:      3[0m
[0;32mPASS PATTERN NO.7045[0m, [0;33mLatency:      3[0m
[0;32mPASS PATTERN NO.7046[0m, [0;33mLatency:      3[0m
[0;32mPASS PATTERN NO.7047[0m, [0;33mLatency:      3[0m
[0;32mPASS PATTERN NO.7048[0m, [0;33mLatency:      3[0m
[0;32mPASS PATTERN NO.7049[0m, [0;33mLatency:      3[0m
[0;32mPASS PATTERN NO.7050[0m, [0;33mLatency:      3[0m
[0;32mPASS PATTERN NO.7051[0m, [0;33mLatency:      3[0m
[0;32mPASS PATTERN NO.7052[0m, [0;33mLatency:      3[0m
[0;32mPASS PATTERN NO.7053[0m, [0;33mLatency:      3[0m
[0;32mPASS PATTERN NO.7054[0m, [0;33mLatency:      3[0m
[0;32mPASS PATTERN NO.7055[0m, [0;33mLatency:      3[0m
[0;32mPASS PATTERN NO.7056[0m, [0;33mLatency:      3[0m
[0;32mPASS PATTERN NO.7057[0m, [0;33mLatency:      3[0m
[0;32mPASS PATTERN NO.7058[0m, [0;33mLatency:      3[0m
[0;32mPASS PATTERN NO.7059[0m, [0;33mLatency:      3[0m
[0;32mPASS PATTERN NO.7060[0m, [0;33mLatency:      3[0m
[0;32mPASS PATTERN NO.7061[0m, [0;33mLatency:      3[0m
[0;32mPASS PATTERN NO.7062[0m, [0;33mLatency:      3[0m
[0;32mPASS PATTERN NO.7063[0m, [0;33mLatency:      3[0m
[0;32mPASS PATTERN NO.7064[0m, [0;33mLatency:      3[0m
[0;32mPASS PATTERN NO.7065[0m, [0;33mLatency:      3[0m
[0;32mPASS PATTERN NO.7066[0m, [0;33mLatency:      3[0m
[0;32mPASS PATTERN NO.7067[0m, [0;33mLatency:      3[0m
[0;32mPASS PATTERN NO.7068[0m, [0;33mLatency:      3[0m
[0;32mPASS PATTERN NO.7069[0m, [0;33mLatency:      3[0m
[0;32mPASS PATTERN NO.7070[0m, [0;33mLatency:      3[0m
[0;32mPASS PATTERN NO.7071[0m, [0;33mLatency:      3[0m
[0;32mPASS PATTERN NO.7072[0m, [0;33mLatency:      3[0m
[0;32mPASS PATTERN NO.7073[0m, [0;33mLatency:      3[0m
[0;32mPASS PATTERN NO.7074[0m, [0;33mLatency:      3[0m
[0;32mPASS PATTERN NO.7075[0m, [0;33mLatency:      3[0m
[0;32mPASS PATTERN NO.7076[0m, [0;33mLatency:      3[0m
[0;32mPASS PATTERN NO.7077[0m, [0;33mLatency:      3[0m
[0;32mPASS PATTERN NO.7078[0m, [0;33mLatency:      3[0m
[0;32mPASS PATTERN NO.7079[0m, [0;33mLatency:      3[0m
[0;32mPASS PATTERN NO.7080[0m, [0;33mLatency:      3[0m
[0;32mPASS PATTERN NO.7081[0m, [0;33mLatency:      3[0m
[0;32mPASS PATTERN NO.7082[0m, [0;33mLatency:      3[0m
[0;32mPASS PATTERN NO.7083[0m, [0;33mLatency:      3[0m
[0;32mPASS PATTERN NO.7084[0m, [0;33mLatency:      3[0m
[0;32mPASS PATTERN NO.7085[0m, [0;33mLatency:      3[0m
[0;32mPASS PATTERN NO.7086[0m, [0;33mLatency:      3[0m
[0;32mPASS PATTERN NO.7087[0m, [0;33mLatency:      3[0m
[0;32mPASS PATTERN NO.7088[0m, [0;33mLatency:      3[0m
[0;32mPASS PATTERN NO.7089[0m, [0;33mLatency:      3[0m
[0;32mPASS PATTERN NO.7090[0m, [0;33mLatency:      3[0m
[0;32mPASS PATTERN NO.7091[0m, [0;33mLatency:      3[0m
[0;32mPASS PATTERN NO.7092[0m, [0;33mLatency:      3[0m
[0;32mPASS PATTERN NO.7093[0m, [0;33mLatency:      3[0m
[0;32mPASS PATTERN NO.7094[0m, [0;33mLatency:      3[0m
[0;32mPASS PATTERN NO.7095[0m, [0;33mLatency:      3[0m
[0;32mPASS PATTERN NO.7096[0m, [0;33mLatency:      3[0m
[0;32mPASS PATTERN NO.7097[0m, [0;33mLatency:      3[0m
[0;32mPASS PATTERN NO.7098[0m, [0;33mLatency:      3[0m
[0;32mPASS PATTERN NO.7099[0m, [0;33mLatency:      3[0m
[0;32mPASS PATTERN NO.7100[0m, [0;33mLatency:      3[0m
[0;32mPASS PATTERN NO.7101[0m, [0;33mLatency:      3[0m
[0;32mPASS PATTERN NO.7102[0m, [0;33mLatency:      3[0m
[0;32mPASS PATTERN NO.7103[0m, [0;33mLatency:      3[0m
[0;32mPASS PATTERN NO.7104[0m, [0;33mLatency:      3[0m
[0;32mPASS PATTERN NO.7105[0m, [0;33mLatency:      3[0m
[0;32mPASS PATTERN NO.7106[0m, [0;33mLatency:      3[0m
[0;32mPASS PATTERN NO.7107[0m, [0;33mLatency:      3[0m
[0;32mPASS PATTERN NO.7108[0m, [0;33mLatency:      3[0m
[0;32mPASS PATTERN NO.7109[0m, [0;33mLatency:      3[0m
[0;32mPASS PATTERN NO.7110[0m, [0;33mLatency:      3[0m
[0;32mPASS PATTERN NO.7111[0m, [0;33mLatency:      3[0m
[0;32mPASS PATTERN NO.7112[0m, [0;33mLatency:      3[0m
[0;32mPASS PATTERN NO.7113[0m, [0;33mLatency:      3[0m
[0;32mPASS PATTERN NO.7114[0m, [0;33mLatency:      3[0m
[0;32mPASS PATTERN NO.7115[0m, [0;33mLatency:      3[0m
[0;32mPASS PATTERN NO.7116[0m, [0;33mLatency:      3[0m
[0;32mPASS PATTERN NO.7117[0m, [0;33mLatency:      3[0m
[0;32mPASS PATTERN NO.7118[0m, [0;33mLatency:      3[0m
[0;32mPASS PATTERN NO.7119[0m, [0;33mLatency:      3[0m
[0;32mPASS PATTERN NO.7120[0m, [0;33mLatency:      3[0m
[0;32mPASS PATTERN NO.7121[0m, [0;33mLatency:      3[0m
[0;32mPASS PATTERN NO.7122[0m, [0;33mLatency:      3[0m
[0;32mPASS PATTERN NO.7123[0m, [0;33mLatency:      3[0m
[0;32mPASS PATTERN NO.7124[0m, [0;33mLatency:      3[0m
[0;32mPASS PATTERN NO.7125[0m, [0;33mLatency:      3[0m
[0;32mPASS PATTERN NO.7126[0m, [0;33mLatency:      3[0m
[0;32mPASS PATTERN NO.7127[0m, [0;33mLatency:      3[0m
[0;32mPASS PATTERN NO.7128[0m, [0;33mLatency:      3[0m
[0;32mPASS PATTERN NO.7129[0m, [0;33mLatency:      3[0m
[0;32mPASS PATTERN NO.7130[0m, [0;33mLatency:      3[0m
[0;32mPASS PATTERN NO.7131[0m, [0;33mLatency:      3[0m
[0;32mPASS PATTERN NO.7132[0m, [0;33mLatency:      3[0m
[0;32mPASS PATTERN NO.7133[0m, [0;33mLatency:      3[0m
[0;32mPASS PATTERN NO.7134[0m, [0;33mLatency:      3[0m
[0;32mPASS PATTERN NO.7135[0m, [0;33mLatency:      3[0m
[0;32mPASS PATTERN NO.7136[0m, [0;33mLatency:      3[0m
[0;32mPASS PATTERN NO.7137[0m, [0;33mLatency:      3[0m
[0;32mPASS PATTERN NO.7138[0m, [0;33mLatency:      3[0m
[0;32mPASS PATTERN NO.7139[0m, [0;33mLatency:      3[0m
[0;32mPASS PATTERN NO.7140[0m, [0;33mLatency:      3[0m
[0;32mPASS PATTERN NO.7141[0m, [0;33mLatency:      3[0m
[0;32mPASS PATTERN NO.7142[0m, [0;33mLatency:      3[0m
[0;32mPASS PATTERN NO.7143[0m, [0;33mLatency:      3[0m
[0;32mPASS PATTERN NO.7144[0m, [0;33mLatency:      3[0m
[0;32mPASS PATTERN NO.7145[0m, [0;33mLatency:      3[0m
[0;32mPASS PATTERN NO.7146[0m, [0;33mLatency:      3[0m
[0;32mPASS PATTERN NO.7147[0m, [0;33mLatency:      3[0m
[0;32mPASS PATTERN NO.7148[0m, [0;33mLatency:      3[0m
[0;32mPASS PATTERN NO.7149[0m, [0;33mLatency:      3[0m
[0;32mPASS PATTERN NO.7150[0m, [0;33mLatency:      3[0m
[0;32mPASS PATTERN NO.7151[0m, [0;33mLatency:      3[0m
[0;32mPASS PATTERN NO.7152[0m, [0;33mLatency:      3[0m
[0;32mPASS PATTERN NO.7153[0m, [0;33mLatency:      3[0m
[0;32mPASS PATTERN NO.7154[0m, [0;33mLatency:      3[0m
[0;32mPASS PATTERN NO.7155[0m, [0;33mLatency:      3[0m
[0;32mPASS PATTERN NO.7156[0m, [0;33mLatency:      3[0m
[0;32mPASS PATTERN NO.7157[0m, [0;33mLatency:      3[0m
[0;32mPASS PATTERN NO.7158[0m, [0;33mLatency:      3[0m
[0;32mPASS PATTERN NO.7159[0m, [0;33mLatency:      3[0m
[0;32mPASS PATTERN NO.7160[0m, [0;33mLatency:      3[0m
[0;32mPASS PATTERN NO.7161[0m, [0;33mLatency:      3[0m
[0;32mPASS PATTERN NO.7162[0m, [0;33mLatency:      3[0m
[0;32mPASS PATTERN NO.7163[0m, [0;33mLatency:      3[0m
[0;32mPASS PATTERN NO.7164[0m, [0;33mLatency:      3[0m
[0;32mPASS PATTERN NO.7165[0m, [0;33mLatency:      3[0m
[0;32mPASS PATTERN NO.7166[0m, [0;33mLatency:      3[0m
[0;32mPASS PATTERN NO.7167[0m, [0;33mLatency:      3[0m
[0;32mPASS PATTERN NO.7168[0m, [0;33mLatency:      3[0m
[0;32mPASS PATTERN NO.7169[0m, [0;33mLatency:      3[0m
[0;32mPASS PATTERN NO.7170[0m, [0;33mLatency:      3[0m
[0;32mPASS PATTERN NO.7171[0m, [0;33mLatency:      3[0m
[0;32mPASS PATTERN NO.7172[0m, [0;33mLatency:      3[0m
[0;32mPASS PATTERN NO.7173[0m, [0;33mLatency:      3[0m
[0;32mPASS PATTERN NO.7174[0m, [0;33mLatency:      3[0m
[0;32mPASS PATTERN NO.7175[0m, [0;33mLatency:      3[0m
[0;32mPASS PATTERN NO.7176[0m, [0;33mLatency:      3[0m
[0;32mPASS PATTERN NO.7177[0m, [0;33mLatency:      3[0m
[0;32mPASS PATTERN NO.7178[0m, [0;33mLatency:      3[0m
[0;32mPASS PATTERN NO.7179[0m, [0;33mLatency:      3[0m
[0;32mPASS PATTERN NO.7180[0m, [0;33mLatency:      3[0m
[0;32mPASS PATTERN NO.7181[0m, [0;33mLatency:      3[0m
[0;32mPASS PATTERN NO.7182[0m, [0;33mLatency:      3[0m
[0;32mPASS PATTERN NO.7183[0m, [0;33mLatency:      3[0m
[0;32mPASS PATTERN NO.7184[0m, [0;33mLatency:      3[0m
[0;32mPASS PATTERN NO.7185[0m, [0;33mLatency:      3[0m
[0;32mPASS PATTERN NO.7186[0m, [0;33mLatency:      3[0m
[0;32mPASS PATTERN NO.7187[0m, [0;33mLatency:      3[0m
[0;32mPASS PATTERN NO.7188[0m, [0;33mLatency:      3[0m
[0;32mPASS PATTERN NO.7189[0m, [0;33mLatency:      3[0m
[0;32mPASS PATTERN NO.7190[0m, [0;33mLatency:      3[0m
[0;32mPASS PATTERN NO.7191[0m, [0;33mLatency:      3[0m
[0;32mPASS PATTERN NO.7192[0m, [0;33mLatency:      3[0m
[0;32mPASS PATTERN NO.7193[0m, [0;33mLatency:      3[0m
[0;32mPASS PATTERN NO.7194[0m, [0;33mLatency:      3[0m
[0;32mPASS PATTERN NO.7195[0m, [0;33mLatency:      3[0m
[0;32mPASS PATTERN NO.7196[0m, [0;33mLatency:      3[0m
[0;32mPASS PATTERN NO.7197[0m, [0;33mLatency:      3[0m
[0;32mPASS PATTERN NO.7198[0m, [0;33mLatency:      3[0m
[0;32mPASS PATTERN NO.7199[0m, [0;33mLatency:      3[0m
[0;32mPASS PATTERN NO.7200[0m, [0;33mLatency:      3[0m
[0;32mPASS PATTERN NO.7201[0m, [0;33mLatency:      3[0m
[0;32mPASS PATTERN NO.7202[0m, [0;33mLatency:      3[0m
[0;32mPASS PATTERN NO.7203[0m, [0;33mLatency:      3[0m
[0;32mPASS PATTERN NO.7204[0m, [0;33mLatency:      3[0m
[0;32mPASS PATTERN NO.7205[0m, [0;33mLatency:      3[0m
[0;32mPASS PATTERN NO.7206[0m, [0;33mLatency:      3[0m
[0;32mPASS PATTERN NO.7207[0m, [0;33mLatency:      3[0m
[0;32mPASS PATTERN NO.7208[0m, [0;33mLatency:      3[0m
[0;32mPASS PATTERN NO.7209[0m, [0;33mLatency:      3[0m
[0;32mPASS PATTERN NO.7210[0m, [0;33mLatency:      3[0m
[0;32mPASS PATTERN NO.7211[0m, [0;33mLatency:      3[0m
[0;32mPASS PATTERN NO.7212[0m, [0;33mLatency:      3[0m
[0;32mPASS PATTERN NO.7213[0m, [0;33mLatency:      3[0m
[0;32mPASS PATTERN NO.7214[0m, [0;33mLatency:      3[0m
[0;32mPASS PATTERN NO.7215[0m, [0;33mLatency:      3[0m
[0;32mPASS PATTERN NO.7216[0m, [0;33mLatency:      3[0m
[0;32mPASS PATTERN NO.7217[0m, [0;33mLatency:      3[0m
[0;32mPASS PATTERN NO.7218[0m, [0;33mLatency:      3[0m
[0;32mPASS PATTERN NO.7219[0m, [0;33mLatency:      3[0m
[0;32mPASS PATTERN NO.7220[0m, [0;33mLatency:      3[0m
[0;32mPASS PATTERN NO.7221[0m, [0;33mLatency:      3[0m
[0;32mPASS PATTERN NO.7222[0m, [0;33mLatency:      3[0m
[0;32mPASS PATTERN NO.7223[0m, [0;33mLatency:      3[0m
[0;32mPASS PATTERN NO.7224[0m, [0;33mLatency:      3[0m
[0;32mPASS PATTERN NO.7225[0m, [0;33mLatency:      3[0m
[0;32mPASS PATTERN NO.7226[0m, [0;33mLatency:      3[0m
[0;32mPASS PATTERN NO.7227[0m, [0;33mLatency:      3[0m
[0;32mPASS PATTERN NO.7228[0m, [0;33mLatency:      3[0m
[0;32mPASS PATTERN NO.7229[0m, [0;33mLatency:      3[0m
[0;32mPASS PATTERN NO.7230[0m, [0;33mLatency:      3[0m
[0;32mPASS PATTERN NO.7231[0m, [0;33mLatency:      3[0m
[0;32mPASS PATTERN NO.7232[0m, [0;33mLatency:      3[0m
[0;32mPASS PATTERN NO.7233[0m, [0;33mLatency:      3[0m
[0;32mPASS PATTERN NO.7234[0m, [0;33mLatency:      3[0m
[0;32mPASS PATTERN NO.7235[0m, [0;33mLatency:      3[0m
[0;32mPASS PATTERN NO.7236[0m, [0;33mLatency:      3[0m
[0;32mPASS PATTERN NO.7237[0m, [0;33mLatency:      3[0m
[0;32mPASS PATTERN NO.7238[0m, [0;33mLatency:      3[0m
[0;32mPASS PATTERN NO.7239[0m, [0;33mLatency:      3[0m
[0;32mPASS PATTERN NO.7240[0m, [0;33mLatency:      3[0m
[0;32mPASS PATTERN NO.7241[0m, [0;33mLatency:      3[0m
[0;32mPASS PATTERN NO.7242[0m, [0;33mLatency:      3[0m
[0;32mPASS PATTERN NO.7243[0m, [0;33mLatency:      3[0m
[0;32mPASS PATTERN NO.7244[0m, [0;33mLatency:      3[0m
[0;32mPASS PATTERN NO.7245[0m, [0;33mLatency:      3[0m
[0;32mPASS PATTERN NO.7246[0m, [0;33mLatency:      3[0m
[0;32mPASS PATTERN NO.7247[0m, [0;33mLatency:      3[0m
[0;32mPASS PATTERN NO.7248[0m, [0;33mLatency:      3[0m
[0;32mPASS PATTERN NO.7249[0m, [0;33mLatency:      3[0m
[0;32mPASS PATTERN NO.7250[0m, [0;33mLatency:      3[0m
[0;32mPASS PATTERN NO.7251[0m, [0;33mLatency:      3[0m
[0;32mPASS PATTERN NO.7252[0m, [0;33mLatency:      3[0m
[0;32mPASS PATTERN NO.7253[0m, [0;33mLatency:      3[0m
[0;32mPASS PATTERN NO.7254[0m, [0;33mLatency:      3[0m
[0;32mPASS PATTERN NO.7255[0m, [0;33mLatency:      3[0m
[0;32mPASS PATTERN NO.7256[0m, [0;33mLatency:      3[0m
[0;32mPASS PATTERN NO.7257[0m, [0;33mLatency:      3[0m
[0;32mPASS PATTERN NO.7258[0m, [0;33mLatency:      3[0m
[0;32mPASS PATTERN NO.7259[0m, [0;33mLatency:      3[0m
[0;32mPASS PATTERN NO.7260[0m, [0;33mLatency:      3[0m
[0;32mPASS PATTERN NO.7261[0m, [0;33mLatency:      3[0m
[0;32mPASS PATTERN NO.7262[0m, [0;33mLatency:      3[0m
[0;32mPASS PATTERN NO.7263[0m, [0;33mLatency:      3[0m
[0;32mPASS PATTERN NO.7264[0m, [0;33mLatency:      3[0m
[0;32mPASS PATTERN NO.7265[0m, [0;33mLatency:      3[0m
[0;32mPASS PATTERN NO.7266[0m, [0;33mLatency:      3[0m
[0;32mPASS PATTERN NO.7267[0m, [0;33mLatency:      3[0m
[0;32mPASS PATTERN NO.7268[0m, [0;33mLatency:      3[0m
[0;32mPASS PATTERN NO.7269[0m, [0;33mLatency:      3[0m
[0;32mPASS PATTERN NO.7270[0m, [0;33mLatency:      3[0m
[0;32mPASS PATTERN NO.7271[0m, [0;33mLatency:      3[0m
[0;32mPASS PATTERN NO.7272[0m, [0;33mLatency:      3[0m
[0;32mPASS PATTERN NO.7273[0m, [0;33mLatency:      3[0m
[0;32mPASS PATTERN NO.7274[0m, [0;33mLatency:      3[0m
[0;32mPASS PATTERN NO.7275[0m, [0;33mLatency:      3[0m
[0;32mPASS PATTERN NO.7276[0m, [0;33mLatency:      3[0m
[0;32mPASS PATTERN NO.7277[0m, [0;33mLatency:      3[0m
[0;32mPASS PATTERN NO.7278[0m, [0;33mLatency:      3[0m
[0;32mPASS PATTERN NO.7279[0m, [0;33mLatency:      3[0m
[0;32mPASS PATTERN NO.7280[0m, [0;33mLatency:      3[0m
[0;32mPASS PATTERN NO.7281[0m, [0;33mLatency:      3[0m
[0;32mPASS PATTERN NO.7282[0m, [0;33mLatency:      3[0m
[0;32mPASS PATTERN NO.7283[0m, [0;33mLatency:      3[0m
[0;32mPASS PATTERN NO.7284[0m, [0;33mLatency:      3[0m
[0;32mPASS PATTERN NO.7285[0m, [0;33mLatency:      3[0m
[0;32mPASS PATTERN NO.7286[0m, [0;33mLatency:      3[0m
[0;32mPASS PATTERN NO.7287[0m, [0;33mLatency:      3[0m
[0;32mPASS PATTERN NO.7288[0m, [0;33mLatency:      3[0m
[0;32mPASS PATTERN NO.7289[0m, [0;33mLatency:      3[0m
[0;32mPASS PATTERN NO.7290[0m, [0;33mLatency:      3[0m
[0;32mPASS PATTERN NO.7291[0m, [0;33mLatency:      3[0m
[0;32mPASS PATTERN NO.7292[0m, [0;33mLatency:      3[0m
[0;32mPASS PATTERN NO.7293[0m, [0;33mLatency:      3[0m
[0;32mPASS PATTERN NO.7294[0m, [0;33mLatency:      3[0m
[0;32mPASS PATTERN NO.7295[0m, [0;33mLatency:      3[0m
[0;32mPASS PATTERN NO.7296[0m, [0;33mLatency:      3[0m
[0;32mPASS PATTERN NO.7297[0m, [0;33mLatency:      3[0m
[0;32mPASS PATTERN NO.7298[0m, [0;33mLatency:      3[0m
[0;32mPASS PATTERN NO.7299[0m, [0;33mLatency:      3[0m
[0;32mPASS PATTERN NO.7300[0m, [0;33mLatency:      3[0m
[0;32mPASS PATTERN NO.7301[0m, [0;33mLatency:      3[0m
[0;32mPASS PATTERN NO.7302[0m, [0;33mLatency:      3[0m
[0;32mPASS PATTERN NO.7303[0m, [0;33mLatency:      3[0m
[0;32mPASS PATTERN NO.7304[0m, [0;33mLatency:      3[0m
[0;32mPASS PATTERN NO.7305[0m, [0;33mLatency:      3[0m
[0;32mPASS PATTERN NO.7306[0m, [0;33mLatency:      3[0m
[0;32mPASS PATTERN NO.7307[0m, [0;33mLatency:      3[0m
[0;32mPASS PATTERN NO.7308[0m, [0;33mLatency:      3[0m
[0;32mPASS PATTERN NO.7309[0m, [0;33mLatency:      3[0m
[0;32mPASS PATTERN NO.7310[0m, [0;33mLatency:      3[0m
[0;32mPASS PATTERN NO.7311[0m, [0;33mLatency:      3[0m
[0;32mPASS PATTERN NO.7312[0m, [0;33mLatency:      3[0m
[0;32mPASS PATTERN NO.7313[0m, [0;33mLatency:      3[0m
[0;32mPASS PATTERN NO.7314[0m, [0;33mLatency:      3[0m
[0;32mPASS PATTERN NO.7315[0m, [0;33mLatency:      3[0m
[0;32mPASS PATTERN NO.7316[0m, [0;33mLatency:      3[0m
[0;32mPASS PATTERN NO.7317[0m, [0;33mLatency:      3[0m
[0;32mPASS PATTERN NO.7318[0m, [0;33mLatency:      3[0m
[0;32mPASS PATTERN NO.7319[0m, [0;33mLatency:      3[0m
[0;32mPASS PATTERN NO.7320[0m, [0;33mLatency:      3[0m
[0;32mPASS PATTERN NO.7321[0m, [0;33mLatency:      3[0m
[0;32mPASS PATTERN NO.7322[0m, [0;33mLatency:      3[0m
[0;32mPASS PATTERN NO.7323[0m, [0;33mLatency:      3[0m
[0;32mPASS PATTERN NO.7324[0m, [0;33mLatency:      3[0m
[0;32mPASS PATTERN NO.7325[0m, [0;33mLatency:      3[0m
[0;32mPASS PATTERN NO.7326[0m, [0;33mLatency:      3[0m
[0;32mPASS PATTERN NO.7327[0m, [0;33mLatency:      3[0m
[0;32mPASS PATTERN NO.7328[0m, [0;33mLatency:      3[0m
[0;32mPASS PATTERN NO.7329[0m, [0;33mLatency:      3[0m
[0;32mPASS PATTERN NO.7330[0m, [0;33mLatency:      3[0m
[0;32mPASS PATTERN NO.7331[0m, [0;33mLatency:      3[0m
[0;32mPASS PATTERN NO.7332[0m, [0;33mLatency:      3[0m
[0;32mPASS PATTERN NO.7333[0m, [0;33mLatency:      3[0m
[0;32mPASS PATTERN NO.7334[0m, [0;33mLatency:      3[0m
[0;32mPASS PATTERN NO.7335[0m, [0;33mLatency:      3[0m
[0;32mPASS PATTERN NO.7336[0m, [0;33mLatency:      3[0m
[0;32mPASS PATTERN NO.7337[0m, [0;33mLatency:      3[0m
[0;32mPASS PATTERN NO.7338[0m, [0;33mLatency:      3[0m
[0;32mPASS PATTERN NO.7339[0m, [0;33mLatency:      3[0m
[0;32mPASS PATTERN NO.7340[0m, [0;33mLatency:      3[0m
[0;32mPASS PATTERN NO.7341[0m, [0;33mLatency:      3[0m
[0;32mPASS PATTERN NO.7342[0m, [0;33mLatency:      3[0m
[0;32mPASS PATTERN NO.7343[0m, [0;33mLatency:      3[0m
[0;32mPASS PATTERN NO.7344[0m, [0;33mLatency:      3[0m
[0;32mPASS PATTERN NO.7345[0m, [0;33mLatency:      3[0m
[0;32mPASS PATTERN NO.7346[0m, [0;33mLatency:      3[0m
[0;32mPASS PATTERN NO.7347[0m, [0;33mLatency:      3[0m
[0;32mPASS PATTERN NO.7348[0m, [0;33mLatency:      3[0m
[0;32mPASS PATTERN NO.7349[0m, [0;33mLatency:      3[0m
[0;32mPASS PATTERN NO.7350[0m, [0;33mLatency:      3[0m
[0;32mPASS PATTERN NO.7351[0m, [0;33mLatency:      3[0m
[0;32mPASS PATTERN NO.7352[0m, [0;33mLatency:      3[0m
[0;32mPASS PATTERN NO.7353[0m, [0;33mLatency:      3[0m
[0;32mPASS PATTERN NO.7354[0m, [0;33mLatency:      3[0m
[0;32mPASS PATTERN NO.7355[0m, [0;33mLatency:      3[0m
[0;32mPASS PATTERN NO.7356[0m, [0;33mLatency:      3[0m
[0;32mPASS PATTERN NO.7357[0m, [0;33mLatency:      3[0m
[0;32mPASS PATTERN NO.7358[0m, [0;33mLatency:      3[0m
[0;32mPASS PATTERN NO.7359[0m, [0;33mLatency:      3[0m
[0;32mPASS PATTERN NO.7360[0m, [0;33mLatency:      3[0m
[0;32mPASS PATTERN NO.7361[0m, [0;33mLatency:      3[0m
[0;32mPASS PATTERN NO.7362[0m, [0;33mLatency:      3[0m
[0;32mPASS PATTERN NO.7363[0m, [0;33mLatency:      3[0m
[0;32mPASS PATTERN NO.7364[0m, [0;33mLatency:      3[0m
[0;32mPASS PATTERN NO.7365[0m, [0;33mLatency:      3[0m
[0;32mPASS PATTERN NO.7366[0m, [0;33mLatency:      3[0m
[0;32mPASS PATTERN NO.7367[0m, [0;33mLatency:      3[0m
[0;32mPASS PATTERN NO.7368[0m, [0;33mLatency:      3[0m
[0;32mPASS PATTERN NO.7369[0m, [0;33mLatency:      3[0m
[0;32mPASS PATTERN NO.7370[0m, [0;33mLatency:      3[0m
[0;32mPASS PATTERN NO.7371[0m, [0;33mLatency:      3[0m
[0;32mPASS PATTERN NO.7372[0m, [0;33mLatency:      3[0m
[0;32mPASS PATTERN NO.7373[0m, [0;33mLatency:      3[0m
[0;32mPASS PATTERN NO.7374[0m, [0;33mLatency:      3[0m
[0;32mPASS PATTERN NO.7375[0m, [0;33mLatency:      3[0m
[0;32mPASS PATTERN NO.7376[0m, [0;33mLatency:      3[0m
[0;32mPASS PATTERN NO.7377[0m, [0;33mLatency:      3[0m
[0;32mPASS PATTERN NO.7378[0m, [0;33mLatency:      3[0m
[0;32mPASS PATTERN NO.7379[0m, [0;33mLatency:      3[0m
[0;32mPASS PATTERN NO.7380[0m, [0;33mLatency:      3[0m
[0;32mPASS PATTERN NO.7381[0m, [0;33mLatency:      3[0m
[0;32mPASS PATTERN NO.7382[0m, [0;33mLatency:      3[0m
[0;32mPASS PATTERN NO.7383[0m, [0;33mLatency:      3[0m
[0;32mPASS PATTERN NO.7384[0m, [0;33mLatency:      3[0m
[0;32mPASS PATTERN NO.7385[0m, [0;33mLatency:      3[0m
[0;32mPASS PATTERN NO.7386[0m, [0;33mLatency:      3[0m
[0;32mPASS PATTERN NO.7387[0m, [0;33mLatency:      3[0m
[0;32mPASS PATTERN NO.7388[0m, [0;33mLatency:      3[0m
[0;32mPASS PATTERN NO.7389[0m, [0;33mLatency:      3[0m
[0;32mPASS PATTERN NO.7390[0m, [0;33mLatency:      3[0m
[0;32mPASS PATTERN NO.7391[0m, [0;33mLatency:      3[0m
[0;32mPASS PATTERN NO.7392[0m, [0;33mLatency:      3[0m
[0;32mPASS PATTERN NO.7393[0m, [0;33mLatency:      3[0m
[0;32mPASS PATTERN NO.7394[0m, [0;33mLatency:      3[0m
[0;32mPASS PATTERN NO.7395[0m, [0;33mLatency:      3[0m
[0;32mPASS PATTERN NO.7396[0m, [0;33mLatency:      3[0m
[0;32mPASS PATTERN NO.7397[0m, [0;33mLatency:      3[0m
[0;32mPASS PATTERN NO.7398[0m, [0;33mLatency:      3[0m
[0;32mPASS PATTERN NO.7399[0m, [0;33mLatency:      3[0m
[0;32mPASS PATTERN NO.7400[0m, [0;33mLatency:      3[0m
[0;32mPASS PATTERN NO.7401[0m, [0;33mLatency:      3[0m
[0;32mPASS PATTERN NO.7402[0m, [0;33mLatency:      3[0m
[0;32mPASS PATTERN NO.7403[0m, [0;33mLatency:      3[0m
[0;32mPASS PATTERN NO.7404[0m, [0;33mLatency:      3[0m
[0;32mPASS PATTERN NO.7405[0m, [0;33mLatency:      3[0m
[0;32mPASS PATTERN NO.7406[0m, [0;33mLatency:      3[0m
[0;32mPASS PATTERN NO.7407[0m, [0;33mLatency:      3[0m
[0;32mPASS PATTERN NO.7408[0m, [0;33mLatency:      3[0m
[0;32mPASS PATTERN NO.7409[0m, [0;33mLatency:      3[0m
[0;32mPASS PATTERN NO.7410[0m, [0;33mLatency:      3[0m
[0;32mPASS PATTERN NO.7411[0m, [0;33mLatency:      3[0m
[0;32mPASS PATTERN NO.7412[0m, [0;33mLatency:      3[0m
[0;32mPASS PATTERN NO.7413[0m, [0;33mLatency:      3[0m
[0;32mPASS PATTERN NO.7414[0m, [0;33mLatency:      3[0m
[0;32mPASS PATTERN NO.7415[0m, [0;33mLatency:      3[0m
[0;32mPASS PATTERN NO.7416[0m, [0;33mLatency:      3[0m
[0;32mPASS PATTERN NO.7417[0m, [0;33mLatency:      3[0m
[0;32mPASS PATTERN NO.7418[0m, [0;33mLatency:      3[0m
[0;32mPASS PATTERN NO.7419[0m, [0;33mLatency:      3[0m
[0;32mPASS PATTERN NO.7420[0m, [0;33mLatency:      3[0m
[0;32mPASS PATTERN NO.7421[0m, [0;33mLatency:      3[0m
[0;32mPASS PATTERN NO.7422[0m, [0;33mLatency:      3[0m
[0;32mPASS PATTERN NO.7423[0m, [0;33mLatency:      3[0m
[0;32mPASS PATTERN NO.7424[0m, [0;33mLatency:      3[0m
[0;32mPASS PATTERN NO.7425[0m, [0;33mLatency:      3[0m
[0;32mPASS PATTERN NO.7426[0m, [0;33mLatency:      3[0m
[0;32mPASS PATTERN NO.7427[0m, [0;33mLatency:      3[0m
[0;32mPASS PATTERN NO.7428[0m, [0;33mLatency:      3[0m
[0;32mPASS PATTERN NO.7429[0m, [0;33mLatency:      3[0m
[0;32mPASS PATTERN NO.7430[0m, [0;33mLatency:      3[0m
[0;32mPASS PATTERN NO.7431[0m, [0;33mLatency:      3[0m
[0;32mPASS PATTERN NO.7432[0m, [0;33mLatency:      3[0m
[0;32mPASS PATTERN NO.7433[0m, [0;33mLatency:      3[0m
[0;32mPASS PATTERN NO.7434[0m, [0;33mLatency:      3[0m
[0;32mPASS PATTERN NO.7435[0m, [0;33mLatency:      3[0m
[0;32mPASS PATTERN NO.7436[0m, [0;33mLatency:      3[0m
[0;32mPASS PATTERN NO.7437[0m, [0;33mLatency:      3[0m
[0;32mPASS PATTERN NO.7438[0m, [0;33mLatency:      3[0m
[0;32mPASS PATTERN NO.7439[0m, [0;33mLatency:      3[0m
[0;32mPASS PATTERN NO.7440[0m, [0;33mLatency:      3[0m
[0;32mPASS PATTERN NO.7441[0m, [0;33mLatency:      3[0m
[0;32mPASS PATTERN NO.7442[0m, [0;33mLatency:      3[0m
[0;32mPASS PATTERN NO.7443[0m, [0;33mLatency:      3[0m
[0;32mPASS PATTERN NO.7444[0m, [0;33mLatency:      3[0m
[0;32mPASS PATTERN NO.7445[0m, [0;33mLatency:      3[0m
[0;32mPASS PATTERN NO.7446[0m, [0;33mLatency:      3[0m
[0;32mPASS PATTERN NO.7447[0m, [0;33mLatency:      3[0m
[0;32mPASS PATTERN NO.7448[0m, [0;33mLatency:      3[0m
[0;32mPASS PATTERN NO.7449[0m, [0;33mLatency:      3[0m
[0;32mPASS PATTERN NO.7450[0m, [0;33mLatency:      3[0m
[0;32mPASS PATTERN NO.7451[0m, [0;33mLatency:      3[0m
[0;32mPASS PATTERN NO.7452[0m, [0;33mLatency:      3[0m
[0;32mPASS PATTERN NO.7453[0m, [0;33mLatency:      3[0m
[0;32mPASS PATTERN NO.7454[0m, [0;33mLatency:      3[0m
[0;32mPASS PATTERN NO.7455[0m, [0;33mLatency:      3[0m
[0;32mPASS PATTERN NO.7456[0m, [0;33mLatency:      3[0m
[0;32mPASS PATTERN NO.7457[0m, [0;33mLatency:      3[0m
[0;32mPASS PATTERN NO.7458[0m, [0;33mLatency:      3[0m
[0;32mPASS PATTERN NO.7459[0m, [0;33mLatency:      3[0m
[0;32mPASS PATTERN NO.7460[0m, [0;33mLatency:      3[0m
[0;32mPASS PATTERN NO.7461[0m, [0;33mLatency:      3[0m
[0;32mPASS PATTERN NO.7462[0m, [0;33mLatency:      3[0m
[0;32mPASS PATTERN NO.7463[0m, [0;33mLatency:      3[0m
[0;32mPASS PATTERN NO.7464[0m, [0;33mLatency:      3[0m
[0;32mPASS PATTERN NO.7465[0m, [0;33mLatency:      3[0m
[0;32mPASS PATTERN NO.7466[0m, [0;33mLatency:      3[0m
[0;32mPASS PATTERN NO.7467[0m, [0;33mLatency:      3[0m
[0;32mPASS PATTERN NO.7468[0m, [0;33mLatency:      3[0m
[0;32mPASS PATTERN NO.7469[0m, [0;33mLatency:      3[0m
[0;32mPASS PATTERN NO.7470[0m, [0;33mLatency:      3[0m
[0;32mPASS PATTERN NO.7471[0m, [0;33mLatency:      3[0m
[0;32mPASS PATTERN NO.7472[0m, [0;33mLatency:      3[0m
[0;32mPASS PATTERN NO.7473[0m, [0;33mLatency:      3[0m
[0;32mPASS PATTERN NO.7474[0m, [0;33mLatency:      3[0m
[0;32mPASS PATTERN NO.7475[0m, [0;33mLatency:      3[0m
[0;32mPASS PATTERN NO.7476[0m, [0;33mLatency:      3[0m
[0;32mPASS PATTERN NO.7477[0m, [0;33mLatency:      3[0m
[0;32mPASS PATTERN NO.7478[0m, [0;33mLatency:      3[0m
[0;32mPASS PATTERN NO.7479[0m, [0;33mLatency:      3[0m
[0;32mPASS PATTERN NO.7480[0m, [0;33mLatency:      3[0m
[0;32mPASS PATTERN NO.7481[0m, [0;33mLatency:      3[0m
[0;32mPASS PATTERN NO.7482[0m, [0;33mLatency:      3[0m
[0;32mPASS PATTERN NO.7483[0m, [0;33mLatency:      3[0m
[0;32mPASS PATTERN NO.7484[0m, [0;33mLatency:      3[0m
[0;32mPASS PATTERN NO.7485[0m, [0;33mLatency:      3[0m
[0;32mPASS PATTERN NO.7486[0m, [0;33mLatency:      3[0m
[0;32mPASS PATTERN NO.7487[0m, [0;33mLatency:      3[0m
[0;32mPASS PATTERN NO.7488[0m, [0;33mLatency:      3[0m
[0;32mPASS PATTERN NO.7489[0m, [0;33mLatency:      3[0m
[0;32mPASS PATTERN NO.7490[0m, [0;33mLatency:      3[0m
[0;32mPASS PATTERN NO.7491[0m, [0;33mLatency:      3[0m
[0;32mPASS PATTERN NO.7492[0m, [0;33mLatency:      3[0m
[0;32mPASS PATTERN NO.7493[0m, [0;33mLatency:      3[0m
[0;32mPASS PATTERN NO.7494[0m, [0;33mLatency:      3[0m
[0;32mPASS PATTERN NO.7495[0m, [0;33mLatency:      3[0m
[0;32mPASS PATTERN NO.7496[0m, [0;33mLatency:      3[0m
[0;32mPASS PATTERN NO.7497[0m, [0;33mLatency:      3[0m
[0;32mPASS PATTERN NO.7498[0m, [0;33mLatency:      3[0m
[0;32mPASS PATTERN NO.7499[0m, [0;33mLatency:      3[0m
[0;32mPASS PATTERN NO.7500[0m, [0;33mLatency:      3[0m
[0;32mPASS PATTERN NO.7501[0m, [0;33mLatency:      3[0m
[0;32mPASS PATTERN NO.7502[0m, [0;33mLatency:      3[0m
[0;32mPASS PATTERN NO.7503[0m, [0;33mLatency:      3[0m
[0;32mPASS PATTERN NO.7504[0m, [0;33mLatency:      3[0m
[0;32mPASS PATTERN NO.7505[0m, [0;33mLatency:      3[0m
[0;32mPASS PATTERN NO.7506[0m, [0;33mLatency:      3[0m
[0;32mPASS PATTERN NO.7507[0m, [0;33mLatency:      3[0m
[0;32mPASS PATTERN NO.7508[0m, [0;33mLatency:      3[0m
[0;32mPASS PATTERN NO.7509[0m, [0;33mLatency:      3[0m
[0;32mPASS PATTERN NO.7510[0m, [0;33mLatency:      3[0m
[0;32mPASS PATTERN NO.7511[0m, [0;33mLatency:      3[0m
[0;32mPASS PATTERN NO.7512[0m, [0;33mLatency:      3[0m
[0;32mPASS PATTERN NO.7513[0m, [0;33mLatency:      3[0m
[0;32mPASS PATTERN NO.7514[0m, [0;33mLatency:      3[0m
[0;32mPASS PATTERN NO.7515[0m, [0;33mLatency:      3[0m
[0;32mPASS PATTERN NO.7516[0m, [0;33mLatency:      3[0m
[0;32mPASS PATTERN NO.7517[0m, [0;33mLatency:      3[0m
[0;32mPASS PATTERN NO.7518[0m, [0;33mLatency:      3[0m
[0;32mPASS PATTERN NO.7519[0m, [0;33mLatency:      3[0m
[0;32mPASS PATTERN NO.7520[0m, [0;33mLatency:      3[0m
[0;32mPASS PATTERN NO.7521[0m, [0;33mLatency:      3[0m
[0;32mPASS PATTERN NO.7522[0m, [0;33mLatency:      3[0m
[0;32mPASS PATTERN NO.7523[0m, [0;33mLatency:      3[0m
[0;32mPASS PATTERN NO.7524[0m, [0;33mLatency:      3[0m
[0;32mPASS PATTERN NO.7525[0m, [0;33mLatency:      3[0m
[0;32mPASS PATTERN NO.7526[0m, [0;33mLatency:      3[0m
[0;32mPASS PATTERN NO.7527[0m, [0;33mLatency:      3[0m
[0;32mPASS PATTERN NO.7528[0m, [0;33mLatency:      3[0m
[0;32mPASS PATTERN NO.7529[0m, [0;33mLatency:      3[0m
[0;32mPASS PATTERN NO.7530[0m, [0;33mLatency:      3[0m
[0;32mPASS PATTERN NO.7531[0m, [0;33mLatency:      3[0m
[0;32mPASS PATTERN NO.7532[0m, [0;33mLatency:      3[0m
[0;32mPASS PATTERN NO.7533[0m, [0;33mLatency:      3[0m
[0;32mPASS PATTERN NO.7534[0m, [0;33mLatency:      3[0m
[0;32mPASS PATTERN NO.7535[0m, [0;33mLatency:      3[0m
[0;32mPASS PATTERN NO.7536[0m, [0;33mLatency:      3[0m
[0;32mPASS PATTERN NO.7537[0m, [0;33mLatency:      3[0m
[0;32mPASS PATTERN NO.7538[0m, [0;33mLatency:      3[0m
[0;32mPASS PATTERN NO.7539[0m, [0;33mLatency:      3[0m
[0;32mPASS PATTERN NO.7540[0m, [0;33mLatency:      3[0m
[0;32mPASS PATTERN NO.7541[0m, [0;33mLatency:      3[0m
[0;32mPASS PATTERN NO.7542[0m, [0;33mLatency:      3[0m
[0;32mPASS PATTERN NO.7543[0m, [0;33mLatency:      3[0m
[0;32mPASS PATTERN NO.7544[0m, [0;33mLatency:      3[0m
[0;32mPASS PATTERN NO.7545[0m, [0;33mLatency:      3[0m
[0;32mPASS PATTERN NO.7546[0m, [0;33mLatency:      3[0m
[0;32mPASS PATTERN NO.7547[0m, [0;33mLatency:      3[0m
[0;32mPASS PATTERN NO.7548[0m, [0;33mLatency:      3[0m
[0;32mPASS PATTERN NO.7549[0m, [0;33mLatency:      3[0m
[0;32mPASS PATTERN NO.7550[0m, [0;33mLatency:      3[0m
[0;32mPASS PATTERN NO.7551[0m, [0;33mLatency:      3[0m
[0;32mPASS PATTERN NO.7552[0m, [0;33mLatency:      3[0m
[0;32mPASS PATTERN NO.7553[0m, [0;33mLatency:      3[0m
[0;32mPASS PATTERN NO.7554[0m, [0;33mLatency:      3[0m
[0;32mPASS PATTERN NO.7555[0m, [0;33mLatency:      3[0m
[0;32mPASS PATTERN NO.7556[0m, [0;33mLatency:      3[0m
[0;32mPASS PATTERN NO.7557[0m, [0;33mLatency:      3[0m
[0;32mPASS PATTERN NO.7558[0m, [0;33mLatency:      3[0m
[0;32mPASS PATTERN NO.7559[0m, [0;33mLatency:      3[0m
[0;32mPASS PATTERN NO.7560[0m, [0;33mLatency:      3[0m
[0;32mPASS PATTERN NO.7561[0m, [0;33mLatency:      3[0m
[0;32mPASS PATTERN NO.7562[0m, [0;33mLatency:      3[0m
[0;32mPASS PATTERN NO.7563[0m, [0;33mLatency:      3[0m
[0;32mPASS PATTERN NO.7564[0m, [0;33mLatency:      3[0m
[0;32mPASS PATTERN NO.7565[0m, [0;33mLatency:      3[0m
[0;32mPASS PATTERN NO.7566[0m, [0;33mLatency:      3[0m
[0;32mPASS PATTERN NO.7567[0m, [0;33mLatency:      3[0m
[0;32mPASS PATTERN NO.7568[0m, [0;33mLatency:      3[0m
[0;32mPASS PATTERN NO.7569[0m, [0;33mLatency:      3[0m
[0;32mPASS PATTERN NO.7570[0m, [0;33mLatency:      3[0m
[0;32mPASS PATTERN NO.7571[0m, [0;33mLatency:      3[0m
[0;32mPASS PATTERN NO.7572[0m, [0;33mLatency:      3[0m
[0;32mPASS PATTERN NO.7573[0m, [0;33mLatency:      3[0m
[0;32mPASS PATTERN NO.7574[0m, [0;33mLatency:      3[0m
[0;32mPASS PATTERN NO.7575[0m, [0;33mLatency:      3[0m
[0;32mPASS PATTERN NO.7576[0m, [0;33mLatency:      3[0m
[0;32mPASS PATTERN NO.7577[0m, [0;33mLatency:      3[0m
[0;32mPASS PATTERN NO.7578[0m, [0;33mLatency:      3[0m
[0;32mPASS PATTERN NO.7579[0m, [0;33mLatency:      3[0m
[0;32mPASS PATTERN NO.7580[0m, [0;33mLatency:      3[0m
[0;32mPASS PATTERN NO.7581[0m, [0;33mLatency:      3[0m
[0;32mPASS PATTERN NO.7582[0m, [0;33mLatency:      3[0m
[0;32mPASS PATTERN NO.7583[0m, [0;33mLatency:      3[0m
[0;32mPASS PATTERN NO.7584[0m, [0;33mLatency:      3[0m
[0;32mPASS PATTERN NO.7585[0m, [0;33mLatency:      3[0m
[0;32mPASS PATTERN NO.7586[0m, [0;33mLatency:      3[0m
[0;32mPASS PATTERN NO.7587[0m, [0;33mLatency:      3[0m
[0;32mPASS PATTERN NO.7588[0m, [0;33mLatency:      3[0m
[0;32mPASS PATTERN NO.7589[0m, [0;33mLatency:      3[0m
[0;32mPASS PATTERN NO.7590[0m, [0;33mLatency:      3[0m
[0;32mPASS PATTERN NO.7591[0m, [0;33mLatency:      3[0m
[0;32mPASS PATTERN NO.7592[0m, [0;33mLatency:      3[0m
[0;32mPASS PATTERN NO.7593[0m, [0;33mLatency:      3[0m
[0;32mPASS PATTERN NO.7594[0m, [0;33mLatency:      3[0m
[0;32mPASS PATTERN NO.7595[0m, [0;33mLatency:      3[0m
[0;32mPASS PATTERN NO.7596[0m, [0;33mLatency:      3[0m
[0;32mPASS PATTERN NO.7597[0m, [0;33mLatency:      3[0m
[0;32mPASS PATTERN NO.7598[0m, [0;33mLatency:      3[0m
[0;32mPASS PATTERN NO.7599[0m, [0;33mLatency:      3[0m
[0;32mPASS PATTERN NO.7600[0m, [0;33mLatency:      3[0m
[0;32mPASS PATTERN NO.7601[0m, [0;33mLatency:      3[0m
[0;32mPASS PATTERN NO.7602[0m, [0;33mLatency:      3[0m
[0;32mPASS PATTERN NO.7603[0m, [0;33mLatency:      3[0m
[0;32mPASS PATTERN NO.7604[0m, [0;33mLatency:      3[0m
[0;32mPASS PATTERN NO.7605[0m, [0;33mLatency:      3[0m
[0;32mPASS PATTERN NO.7606[0m, [0;33mLatency:      3[0m
[0;32mPASS PATTERN NO.7607[0m, [0;33mLatency:      3[0m
[0;32mPASS PATTERN NO.7608[0m, [0;33mLatency:      3[0m
[0;32mPASS PATTERN NO.7609[0m, [0;33mLatency:      3[0m
[0;32mPASS PATTERN NO.7610[0m, [0;33mLatency:      3[0m
[0;32mPASS PATTERN NO.7611[0m, [0;33mLatency:      3[0m
[0;32mPASS PATTERN NO.7612[0m, [0;33mLatency:      3[0m
[0;32mPASS PATTERN NO.7613[0m, [0;33mLatency:      3[0m
[0;32mPASS PATTERN NO.7614[0m, [0;33mLatency:      3[0m
[0;32mPASS PATTERN NO.7615[0m, [0;33mLatency:      3[0m
[0;32mPASS PATTERN NO.7616[0m, [0;33mLatency:      3[0m
[0;32mPASS PATTERN NO.7617[0m, [0;33mLatency:      3[0m
[0;32mPASS PATTERN NO.7618[0m, [0;33mLatency:      3[0m
[0;32mPASS PATTERN NO.7619[0m, [0;33mLatency:      3[0m
[0;32mPASS PATTERN NO.7620[0m, [0;33mLatency:      3[0m
[0;32mPASS PATTERN NO.7621[0m, [0;33mLatency:      3[0m
[0;32mPASS PATTERN NO.7622[0m, [0;33mLatency:      3[0m
[0;32mPASS PATTERN NO.7623[0m, [0;33mLatency:      3[0m
[0;32mPASS PATTERN NO.7624[0m, [0;33mLatency:      3[0m
[0;32mPASS PATTERN NO.7625[0m, [0;33mLatency:      3[0m
[0;32mPASS PATTERN NO.7626[0m, [0;33mLatency:      3[0m
[0;32mPASS PATTERN NO.7627[0m, [0;33mLatency:      3[0m
[0;32mPASS PATTERN NO.7628[0m, [0;33mLatency:      3[0m
[0;32mPASS PATTERN NO.7629[0m, [0;33mLatency:      3[0m
[0;32mPASS PATTERN NO.7630[0m, [0;33mLatency:      3[0m
[0;32mPASS PATTERN NO.7631[0m, [0;33mLatency:      3[0m
[0;32mPASS PATTERN NO.7632[0m, [0;33mLatency:      3[0m
[0;32mPASS PATTERN NO.7633[0m, [0;33mLatency:      3[0m
[0;32mPASS PATTERN NO.7634[0m, [0;33mLatency:      3[0m
[0;32mPASS PATTERN NO.7635[0m, [0;33mLatency:      3[0m
[0;32mPASS PATTERN NO.7636[0m, [0;33mLatency:      3[0m
[0;32mPASS PATTERN NO.7637[0m, [0;33mLatency:      3[0m
[0;32mPASS PATTERN NO.7638[0m, [0;33mLatency:      3[0m
[0;32mPASS PATTERN NO.7639[0m, [0;33mLatency:      3[0m
[0;32mPASS PATTERN NO.7640[0m, [0;33mLatency:      3[0m
[0;32mPASS PATTERN NO.7641[0m, [0;33mLatency:      3[0m
[0;32mPASS PATTERN NO.7642[0m, [0;33mLatency:      3[0m
[0;32mPASS PATTERN NO.7643[0m, [0;33mLatency:      3[0m
[0;32mPASS PATTERN NO.7644[0m, [0;33mLatency:      3[0m
[0;32mPASS PATTERN NO.7645[0m, [0;33mLatency:      3[0m
[0;32mPASS PATTERN NO.7646[0m, [0;33mLatency:      3[0m
[0;32mPASS PATTERN NO.7647[0m, [0;33mLatency:      3[0m
[0;32mPASS PATTERN NO.7648[0m, [0;33mLatency:      3[0m
[0;32mPASS PATTERN NO.7649[0m, [0;33mLatency:      3[0m
[0;32mPASS PATTERN NO.7650[0m, [0;33mLatency:      3[0m
[0;32mPASS PATTERN NO.7651[0m, [0;33mLatency:      3[0m
[0;32mPASS PATTERN NO.7652[0m, [0;33mLatency:      3[0m
[0;32mPASS PATTERN NO.7653[0m, [0;33mLatency:      3[0m
[0;32mPASS PATTERN NO.7654[0m, [0;33mLatency:      3[0m
[0;32mPASS PATTERN NO.7655[0m, [0;33mLatency:      3[0m
[0;32mPASS PATTERN NO.7656[0m, [0;33mLatency:      3[0m
[0;32mPASS PATTERN NO.7657[0m, [0;33mLatency:      3[0m
[0;32mPASS PATTERN NO.7658[0m, [0;33mLatency:      3[0m
[0;32mPASS PATTERN NO.7659[0m, [0;33mLatency:      3[0m
[0;32mPASS PATTERN NO.7660[0m, [0;33mLatency:      3[0m
[0;32mPASS PATTERN NO.7661[0m, [0;33mLatency:      3[0m
[0;32mPASS PATTERN NO.7662[0m, [0;33mLatency:      3[0m
[0;32mPASS PATTERN NO.7663[0m, [0;33mLatency:      3[0m
[0;32mPASS PATTERN NO.7664[0m, [0;33mLatency:      3[0m
[0;32mPASS PATTERN NO.7665[0m, [0;33mLatency:      3[0m
[0;32mPASS PATTERN NO.7666[0m, [0;33mLatency:      3[0m
[0;32mPASS PATTERN NO.7667[0m, [0;33mLatency:      3[0m
[0;32mPASS PATTERN NO.7668[0m, [0;33mLatency:      3[0m
[0;32mPASS PATTERN NO.7669[0m, [0;33mLatency:      3[0m
[0;32mPASS PATTERN NO.7670[0m, [0;33mLatency:      3[0m
[0;32mPASS PATTERN NO.7671[0m, [0;33mLatency:      3[0m
[0;32mPASS PATTERN NO.7672[0m, [0;33mLatency:      3[0m
[0;32mPASS PATTERN NO.7673[0m, [0;33mLatency:      3[0m
[0;32mPASS PATTERN NO.7674[0m, [0;33mLatency:      3[0m
[0;32mPASS PATTERN NO.7675[0m, [0;33mLatency:      3[0m
[0;32mPASS PATTERN NO.7676[0m, [0;33mLatency:      3[0m
[0;32mPASS PATTERN NO.7677[0m, [0;33mLatency:      3[0m
[0;32mPASS PATTERN NO.7678[0m, [0;33mLatency:      3[0m
[0;32mPASS PATTERN NO.7679[0m, [0;33mLatency:      3[0m
[0;32mPASS PATTERN NO.7680[0m, [0;33mLatency:      3[0m
[0;32mPASS PATTERN NO.7681[0m, [0;33mLatency:      3[0m
[0;32mPASS PATTERN NO.7682[0m, [0;33mLatency:      3[0m
[0;32mPASS PATTERN NO.7683[0m, [0;33mLatency:      3[0m
[0;32mPASS PATTERN NO.7684[0m, [0;33mLatency:      3[0m
[0;32mPASS PATTERN NO.7685[0m, [0;33mLatency:      3[0m
[0;32mPASS PATTERN NO.7686[0m, [0;33mLatency:      3[0m
[0;32mPASS PATTERN NO.7687[0m, [0;33mLatency:      3[0m
[0;32mPASS PATTERN NO.7688[0m, [0;33mLatency:      3[0m
[0;32mPASS PATTERN NO.7689[0m, [0;33mLatency:      3[0m
[0;32mPASS PATTERN NO.7690[0m, [0;33mLatency:      3[0m
[0;32mPASS PATTERN NO.7691[0m, [0;33mLatency:      3[0m
[0;32mPASS PATTERN NO.7692[0m, [0;33mLatency:      3[0m
[0;32mPASS PATTERN NO.7693[0m, [0;33mLatency:      3[0m
[0;32mPASS PATTERN NO.7694[0m, [0;33mLatency:      3[0m
[0;32mPASS PATTERN NO.7695[0m, [0;33mLatency:      3[0m
[0;32mPASS PATTERN NO.7696[0m, [0;33mLatency:      3[0m
[0;32mPASS PATTERN NO.7697[0m, [0;33mLatency:      3[0m
[0;32mPASS PATTERN NO.7698[0m, [0;33mLatency:      3[0m
[0;32mPASS PATTERN NO.7699[0m, [0;33mLatency:      3[0m
[0;32mPASS PATTERN NO.7700[0m, [0;33mLatency:      3[0m
[0;32mPASS PATTERN NO.7701[0m, [0;33mLatency:      3[0m
[0;32mPASS PATTERN NO.7702[0m, [0;33mLatency:      3[0m
[0;32mPASS PATTERN NO.7703[0m, [0;33mLatency:      3[0m
[0;32mPASS PATTERN NO.7704[0m, [0;33mLatency:      3[0m
[0;32mPASS PATTERN NO.7705[0m, [0;33mLatency:      3[0m
[0;32mPASS PATTERN NO.7706[0m, [0;33mLatency:      3[0m
[0;32mPASS PATTERN NO.7707[0m, [0;33mLatency:      3[0m
[0;32mPASS PATTERN NO.7708[0m, [0;33mLatency:      3[0m
[0;32mPASS PATTERN NO.7709[0m, [0;33mLatency:      3[0m
[0;32mPASS PATTERN NO.7710[0m, [0;33mLatency:      3[0m
[0;32mPASS PATTERN NO.7711[0m, [0;33mLatency:      3[0m
[0;32mPASS PATTERN NO.7712[0m, [0;33mLatency:      3[0m
[0;32mPASS PATTERN NO.7713[0m, [0;33mLatency:      3[0m
[0;32mPASS PATTERN NO.7714[0m, [0;33mLatency:      3[0m
[0;32mPASS PATTERN NO.7715[0m, [0;33mLatency:      3[0m
[0;32mPASS PATTERN NO.7716[0m, [0;33mLatency:      3[0m
[0;32mPASS PATTERN NO.7717[0m, [0;33mLatency:      3[0m
[0;32mPASS PATTERN NO.7718[0m, [0;33mLatency:      3[0m
[0;32mPASS PATTERN NO.7719[0m, [0;33mLatency:      3[0m
[0;32mPASS PATTERN NO.7720[0m, [0;33mLatency:      3[0m
[0;32mPASS PATTERN NO.7721[0m, [0;33mLatency:      3[0m
[0;32mPASS PATTERN NO.7722[0m, [0;33mLatency:      3[0m
[0;32mPASS PATTERN NO.7723[0m, [0;33mLatency:      3[0m
[0;32mPASS PATTERN NO.7724[0m, [0;33mLatency:      3[0m
[0;32mPASS PATTERN NO.7725[0m, [0;33mLatency:      3[0m
[0;32mPASS PATTERN NO.7726[0m, [0;33mLatency:      3[0m
[0;32mPASS PATTERN NO.7727[0m, [0;33mLatency:      3[0m
[0;32mPASS PATTERN NO.7728[0m, [0;33mLatency:      3[0m
[0;32mPASS PATTERN NO.7729[0m, [0;33mLatency:      3[0m
[0;32mPASS PATTERN NO.7730[0m, [0;33mLatency:      3[0m
[0;32mPASS PATTERN NO.7731[0m, [0;33mLatency:      3[0m
[0;32mPASS PATTERN NO.7732[0m, [0;33mLatency:      3[0m
[0;32mPASS PATTERN NO.7733[0m, [0;33mLatency:      3[0m
[0;32mPASS PATTERN NO.7734[0m, [0;33mLatency:      3[0m
[0;32mPASS PATTERN NO.7735[0m, [0;33mLatency:      3[0m
[0;32mPASS PATTERN NO.7736[0m, [0;33mLatency:      3[0m
[0;32mPASS PATTERN NO.7737[0m, [0;33mLatency:      3[0m
[0;32mPASS PATTERN NO.7738[0m, [0;33mLatency:      3[0m
[0;32mPASS PATTERN NO.7739[0m, [0;33mLatency:      3[0m
[0;32mPASS PATTERN NO.7740[0m, [0;33mLatency:      3[0m
[0;32mPASS PATTERN NO.7741[0m, [0;33mLatency:      3[0m
[0;32mPASS PATTERN NO.7742[0m, [0;33mLatency:      3[0m
[0;32mPASS PATTERN NO.7743[0m, [0;33mLatency:      3[0m
[0;32mPASS PATTERN NO.7744[0m, [0;33mLatency:      3[0m
[0;32mPASS PATTERN NO.7745[0m, [0;33mLatency:      3[0m
[0;32mPASS PATTERN NO.7746[0m, [0;33mLatency:      3[0m
[0;32mPASS PATTERN NO.7747[0m, [0;33mLatency:      3[0m
[0;32mPASS PATTERN NO.7748[0m, [0;33mLatency:      3[0m
[0;32mPASS PATTERN NO.7749[0m, [0;33mLatency:      3[0m
[0;32mPASS PATTERN NO.7750[0m, [0;33mLatency:      3[0m
[0;32mPASS PATTERN NO.7751[0m, [0;33mLatency:      3[0m
[0;32mPASS PATTERN NO.7752[0m, [0;33mLatency:      3[0m
[0;32mPASS PATTERN NO.7753[0m, [0;33mLatency:      3[0m
[0;32mPASS PATTERN NO.7754[0m, [0;33mLatency:      3[0m
[0;32mPASS PATTERN NO.7755[0m, [0;33mLatency:      3[0m
[0;32mPASS PATTERN NO.7756[0m, [0;33mLatency:      3[0m
[0;32mPASS PATTERN NO.7757[0m, [0;33mLatency:      3[0m
[0;32mPASS PATTERN NO.7758[0m, [0;33mLatency:      3[0m
[0;32mPASS PATTERN NO.7759[0m, [0;33mLatency:      3[0m
[0;32mPASS PATTERN NO.7760[0m, [0;33mLatency:      3[0m
[0;32mPASS PATTERN NO.7761[0m, [0;33mLatency:      3[0m
[0;32mPASS PATTERN NO.7762[0m, [0;33mLatency:      3[0m
[0;32mPASS PATTERN NO.7763[0m, [0;33mLatency:      3[0m
[0;32mPASS PATTERN NO.7764[0m, [0;33mLatency:      3[0m
[0;32mPASS PATTERN NO.7765[0m, [0;33mLatency:      3[0m
[0;32mPASS PATTERN NO.7766[0m, [0;33mLatency:      3[0m
[0;32mPASS PATTERN NO.7767[0m, [0;33mLatency:      3[0m
[0;32mPASS PATTERN NO.7768[0m, [0;33mLatency:      3[0m
[0;32mPASS PATTERN NO.7769[0m, [0;33mLatency:      3[0m
[0;32mPASS PATTERN NO.7770[0m, [0;33mLatency:      3[0m
[0;32mPASS PATTERN NO.7771[0m, [0;33mLatency:      3[0m
[0;32mPASS PATTERN NO.7772[0m, [0;33mLatency:      3[0m
[0;32mPASS PATTERN NO.7773[0m, [0;33mLatency:      3[0m
[0;32mPASS PATTERN NO.7774[0m, [0;33mLatency:      3[0m
[0;32mPASS PATTERN NO.7775[0m, [0;33mLatency:      3[0m
[0;32mPASS PATTERN NO.7776[0m, [0;33mLatency:      3[0m
[0;32mPASS PATTERN NO.7777[0m, [0;33mLatency:      3[0m
[0;32mPASS PATTERN NO.7778[0m, [0;33mLatency:      3[0m
[0;32mPASS PATTERN NO.7779[0m, [0;33mLatency:      3[0m
[0;32mPASS PATTERN NO.7780[0m, [0;33mLatency:      3[0m
[0;32mPASS PATTERN NO.7781[0m, [0;33mLatency:      3[0m
[0;32mPASS PATTERN NO.7782[0m, [0;33mLatency:      3[0m
[0;32mPASS PATTERN NO.7783[0m, [0;33mLatency:      3[0m
[0;32mPASS PATTERN NO.7784[0m, [0;33mLatency:      3[0m
[0;32mPASS PATTERN NO.7785[0m, [0;33mLatency:      3[0m
[0;32mPASS PATTERN NO.7786[0m, [0;33mLatency:      3[0m
[0;32mPASS PATTERN NO.7787[0m, [0;33mLatency:      3[0m
[0;32mPASS PATTERN NO.7788[0m, [0;33mLatency:      3[0m
[0;32mPASS PATTERN NO.7789[0m, [0;33mLatency:      3[0m
[0;32mPASS PATTERN NO.7790[0m, [0;33mLatency:      3[0m
[0;32mPASS PATTERN NO.7791[0m, [0;33mLatency:      3[0m
[0;32mPASS PATTERN NO.7792[0m, [0;33mLatency:      3[0m
[0;32mPASS PATTERN NO.7793[0m, [0;33mLatency:      3[0m
[0;32mPASS PATTERN NO.7794[0m, [0;33mLatency:      3[0m
[0;32mPASS PATTERN NO.7795[0m, [0;33mLatency:      3[0m
[0;32mPASS PATTERN NO.7796[0m, [0;33mLatency:      3[0m
[0;32mPASS PATTERN NO.7797[0m, [0;33mLatency:      3[0m
[0;32mPASS PATTERN NO.7798[0m, [0;33mLatency:      3[0m
[0;32mPASS PATTERN NO.7799[0m, [0;33mLatency:      3[0m
[0;32mPASS PATTERN NO.7800[0m, [0;33mLatency:      3[0m
[0;32mPASS PATTERN NO.7801[0m, [0;33mLatency:      3[0m
[0;32mPASS PATTERN NO.7802[0m, [0;33mLatency:      3[0m
[0;32mPASS PATTERN NO.7803[0m, [0;33mLatency:      3[0m
[0;32mPASS PATTERN NO.7804[0m, [0;33mLatency:      3[0m
[0;32mPASS PATTERN NO.7805[0m, [0;33mLatency:      3[0m
[0;32mPASS PATTERN NO.7806[0m, [0;33mLatency:      3[0m
[0;32mPASS PATTERN NO.7807[0m, [0;33mLatency:      3[0m
[0;32mPASS PATTERN NO.7808[0m, [0;33mLatency:      3[0m
[0;32mPASS PATTERN NO.7809[0m, [0;33mLatency:      3[0m
[0;32mPASS PATTERN NO.7810[0m, [0;33mLatency:      3[0m
[0;32mPASS PATTERN NO.7811[0m, [0;33mLatency:      3[0m
[0;32mPASS PATTERN NO.7812[0m, [0;33mLatency:      3[0m
[0;32mPASS PATTERN NO.7813[0m, [0;33mLatency:      3[0m
[0;32mPASS PATTERN NO.7814[0m, [0;33mLatency:      3[0m
[0;32mPASS PATTERN NO.7815[0m, [0;33mLatency:      3[0m
[0;32mPASS PATTERN NO.7816[0m, [0;33mLatency:      3[0m
[0;32mPASS PATTERN NO.7817[0m, [0;33mLatency:      3[0m
[0;32mPASS PATTERN NO.7818[0m, [0;33mLatency:      3[0m
[0;32mPASS PATTERN NO.7819[0m, [0;33mLatency:      3[0m
[0;32mPASS PATTERN NO.7820[0m, [0;33mLatency:      3[0m
[0;32mPASS PATTERN NO.7821[0m, [0;33mLatency:      3[0m
[0;32mPASS PATTERN NO.7822[0m, [0;33mLatency:      3[0m
[0;32mPASS PATTERN NO.7823[0m, [0;33mLatency:      3[0m
[0;32mPASS PATTERN NO.7824[0m, [0;33mLatency:      3[0m
[0;32mPASS PATTERN NO.7825[0m, [0;33mLatency:      3[0m
[0;32mPASS PATTERN NO.7826[0m, [0;33mLatency:      3[0m
[0;32mPASS PATTERN NO.7827[0m, [0;33mLatency:      3[0m
[0;32mPASS PATTERN NO.7828[0m, [0;33mLatency:      3[0m
[0;32mPASS PATTERN NO.7829[0m, [0;33mLatency:      3[0m
[0;32mPASS PATTERN NO.7830[0m, [0;33mLatency:      3[0m
[0;32mPASS PATTERN NO.7831[0m, [0;33mLatency:      3[0m
[0;32mPASS PATTERN NO.7832[0m, [0;33mLatency:      3[0m
[0;32mPASS PATTERN NO.7833[0m, [0;33mLatency:      3[0m
[0;32mPASS PATTERN NO.7834[0m, [0;33mLatency:      3[0m
[0;32mPASS PATTERN NO.7835[0m, [0;33mLatency:      3[0m
[0;32mPASS PATTERN NO.7836[0m, [0;33mLatency:      3[0m
[0;32mPASS PATTERN NO.7837[0m, [0;33mLatency:      3[0m
[0;32mPASS PATTERN NO.7838[0m, [0;33mLatency:      3[0m
[0;32mPASS PATTERN NO.7839[0m, [0;33mLatency:      3[0m
[0;32mPASS PATTERN NO.7840[0m, [0;33mLatency:      3[0m
[0;32mPASS PATTERN NO.7841[0m, [0;33mLatency:      3[0m
[0;32mPASS PATTERN NO.7842[0m, [0;33mLatency:      3[0m
[0;32mPASS PATTERN NO.7843[0m, [0;33mLatency:      3[0m
[0;32mPASS PATTERN NO.7844[0m, [0;33mLatency:      3[0m
[0;32mPASS PATTERN NO.7845[0m, [0;33mLatency:      3[0m
[0;32mPASS PATTERN NO.7846[0m, [0;33mLatency:      3[0m
[0;32mPASS PATTERN NO.7847[0m, [0;33mLatency:      3[0m
[0;32mPASS PATTERN NO.7848[0m, [0;33mLatency:      3[0m
[0;32mPASS PATTERN NO.7849[0m, [0;33mLatency:      3[0m
[0;32mPASS PATTERN NO.7850[0m, [0;33mLatency:      3[0m
[0;32mPASS PATTERN NO.7851[0m, [0;33mLatency:      3[0m
[0;32mPASS PATTERN NO.7852[0m, [0;33mLatency:      3[0m
[0;32mPASS PATTERN NO.7853[0m, [0;33mLatency:      3[0m
[0;32mPASS PATTERN NO.7854[0m, [0;33mLatency:      3[0m
[0;32mPASS PATTERN NO.7855[0m, [0;33mLatency:      3[0m
[0;32mPASS PATTERN NO.7856[0m, [0;33mLatency:      3[0m
[0;32mPASS PATTERN NO.7857[0m, [0;33mLatency:      3[0m
[0;32mPASS PATTERN NO.7858[0m, [0;33mLatency:      3[0m
[0;32mPASS PATTERN NO.7859[0m, [0;33mLatency:      3[0m
[0;32mPASS PATTERN NO.7860[0m, [0;33mLatency:      3[0m
[0;32mPASS PATTERN NO.7861[0m, [0;33mLatency:      3[0m
[0;32mPASS PATTERN NO.7862[0m, [0;33mLatency:      3[0m
[0;32mPASS PATTERN NO.7863[0m, [0;33mLatency:      3[0m
[0;32mPASS PATTERN NO.7864[0m, [0;33mLatency:      3[0m
[0;32mPASS PATTERN NO.7865[0m, [0;33mLatency:      3[0m
[0;32mPASS PATTERN NO.7866[0m, [0;33mLatency:      3[0m
[0;32mPASS PATTERN NO.7867[0m, [0;33mLatency:      3[0m
[0;32mPASS PATTERN NO.7868[0m, [0;33mLatency:      3[0m
[0;32mPASS PATTERN NO.7869[0m, [0;33mLatency:      3[0m
[0;32mPASS PATTERN NO.7870[0m, [0;33mLatency:      3[0m
[0;32mPASS PATTERN NO.7871[0m, [0;33mLatency:      3[0m
[0;32mPASS PATTERN NO.7872[0m, [0;33mLatency:      3[0m
[0;32mPASS PATTERN NO.7873[0m, [0;33mLatency:      3[0m
[0;32mPASS PATTERN NO.7874[0m, [0;33mLatency:      3[0m
[0;32mPASS PATTERN NO.7875[0m, [0;33mLatency:      3[0m
[0;32mPASS PATTERN NO.7876[0m, [0;33mLatency:      3[0m
[0;32mPASS PATTERN NO.7877[0m, [0;33mLatency:      3[0m
[0;32mPASS PATTERN NO.7878[0m, [0;33mLatency:      3[0m
[0;32mPASS PATTERN NO.7879[0m, [0;33mLatency:      3[0m
[0;32mPASS PATTERN NO.7880[0m, [0;33mLatency:      3[0m
[0;32mPASS PATTERN NO.7881[0m, [0;33mLatency:      3[0m
[0;32mPASS PATTERN NO.7882[0m, [0;33mLatency:      3[0m
[0;32mPASS PATTERN NO.7883[0m, [0;33mLatency:      3[0m
[0;32mPASS PATTERN NO.7884[0m, [0;33mLatency:      3[0m
[0;32mPASS PATTERN NO.7885[0m, [0;33mLatency:      3[0m
[0;32mPASS PATTERN NO.7886[0m, [0;33mLatency:      3[0m
[0;32mPASS PATTERN NO.7887[0m, [0;33mLatency:      3[0m
[0;32mPASS PATTERN NO.7888[0m, [0;33mLatency:      3[0m
[0;32mPASS PATTERN NO.7889[0m, [0;33mLatency:      3[0m
[0;32mPASS PATTERN NO.7890[0m, [0;33mLatency:      3[0m
[0;32mPASS PATTERN NO.7891[0m, [0;33mLatency:      3[0m
[0;32mPASS PATTERN NO.7892[0m, [0;33mLatency:      3[0m
[0;32mPASS PATTERN NO.7893[0m, [0;33mLatency:      3[0m
[0;32mPASS PATTERN NO.7894[0m, [0;33mLatency:      3[0m
[0;32mPASS PATTERN NO.7895[0m, [0;33mLatency:      3[0m
[0;32mPASS PATTERN NO.7896[0m, [0;33mLatency:      3[0m
[0;32mPASS PATTERN NO.7897[0m, [0;33mLatency:      3[0m
[0;32mPASS PATTERN NO.7898[0m, [0;33mLatency:      3[0m
[0;32mPASS PATTERN NO.7899[0m, [0;33mLatency:      3[0m
[0;32mPASS PATTERN NO.7900[0m, [0;33mLatency:      3[0m
[0;32mPASS PATTERN NO.7901[0m, [0;33mLatency:      3[0m
[0;32mPASS PATTERN NO.7902[0m, [0;33mLatency:      3[0m
[0;32mPASS PATTERN NO.7903[0m, [0;33mLatency:      3[0m
[0;32mPASS PATTERN NO.7904[0m, [0;33mLatency:      3[0m
[0;32mPASS PATTERN NO.7905[0m, [0;33mLatency:      3[0m
[0;32mPASS PATTERN NO.7906[0m, [0;33mLatency:      3[0m
[0;32mPASS PATTERN NO.7907[0m, [0;33mLatency:      3[0m
[0;32mPASS PATTERN NO.7908[0m, [0;33mLatency:      3[0m
[0;32mPASS PATTERN NO.7909[0m, [0;33mLatency:      3[0m
[0;32mPASS PATTERN NO.7910[0m, [0;33mLatency:      3[0m
[0;32mPASS PATTERN NO.7911[0m, [0;33mLatency:      3[0m
[0;32mPASS PATTERN NO.7912[0m, [0;33mLatency:      3[0m
[0;32mPASS PATTERN NO.7913[0m, [0;33mLatency:      3[0m
[0;32mPASS PATTERN NO.7914[0m, [0;33mLatency:      3[0m
[0;32mPASS PATTERN NO.7915[0m, [0;33mLatency:      3[0m
[0;32mPASS PATTERN NO.7916[0m, [0;33mLatency:      3[0m
[0;32mPASS PATTERN NO.7917[0m, [0;33mLatency:      3[0m
[0;32mPASS PATTERN NO.7918[0m, [0;33mLatency:      3[0m
[0;32mPASS PATTERN NO.7919[0m, [0;33mLatency:      3[0m
[0;32mPASS PATTERN NO.7920[0m, [0;33mLatency:      3[0m
[0;32mPASS PATTERN NO.7921[0m, [0;33mLatency:      3[0m
[0;32mPASS PATTERN NO.7922[0m, [0;33mLatency:      3[0m
[0;32mPASS PATTERN NO.7923[0m, [0;33mLatency:      3[0m
[0;32mPASS PATTERN NO.7924[0m, [0;33mLatency:      3[0m
[0;32mPASS PATTERN NO.7925[0m, [0;33mLatency:      3[0m
[0;32mPASS PATTERN NO.7926[0m, [0;33mLatency:      3[0m
[0;32mPASS PATTERN NO.7927[0m, [0;33mLatency:      3[0m
[0;32mPASS PATTERN NO.7928[0m, [0;33mLatency:      3[0m
[0;32mPASS PATTERN NO.7929[0m, [0;33mLatency:      3[0m
[0;32mPASS PATTERN NO.7930[0m, [0;33mLatency:      3[0m
[0;32mPASS PATTERN NO.7931[0m, [0;33mLatency:      3[0m
[0;32mPASS PATTERN NO.7932[0m, [0;33mLatency:      3[0m
[0;32mPASS PATTERN NO.7933[0m, [0;33mLatency:      3[0m
[0;32mPASS PATTERN NO.7934[0m, [0;33mLatency:      3[0m
[0;32mPASS PATTERN NO.7935[0m, [0;33mLatency:      3[0m
[0;32mPASS PATTERN NO.7936[0m, [0;33mLatency:      3[0m
[0;32mPASS PATTERN NO.7937[0m, [0;33mLatency:      3[0m
[0;32mPASS PATTERN NO.7938[0m, [0;33mLatency:      3[0m
[0;32mPASS PATTERN NO.7939[0m, [0;33mLatency:      3[0m
[0;32mPASS PATTERN NO.7940[0m, [0;33mLatency:      3[0m
[0;32mPASS PATTERN NO.7941[0m, [0;33mLatency:      3[0m
[0;32mPASS PATTERN NO.7942[0m, [0;33mLatency:      3[0m
[0;32mPASS PATTERN NO.7943[0m, [0;33mLatency:      3[0m
[0;32mPASS PATTERN NO.7944[0m, [0;33mLatency:      3[0m
[0;32mPASS PATTERN NO.7945[0m, [0;33mLatency:      3[0m
[0;32mPASS PATTERN NO.7946[0m, [0;33mLatency:      3[0m
[0;32mPASS PATTERN NO.7947[0m, [0;33mLatency:      3[0m
[0;32mPASS PATTERN NO.7948[0m, [0;33mLatency:      3[0m
[0;32mPASS PATTERN NO.7949[0m, [0;33mLatency:      3[0m
[0;32mPASS PATTERN NO.7950[0m, [0;33mLatency:      3[0m
[0;32mPASS PATTERN NO.7951[0m, [0;33mLatency:      3[0m
[0;32mPASS PATTERN NO.7952[0m, [0;33mLatency:      3[0m
[0;32mPASS PATTERN NO.7953[0m, [0;33mLatency:      3[0m
[0;32mPASS PATTERN NO.7954[0m, [0;33mLatency:      3[0m
[0;32mPASS PATTERN NO.7955[0m, [0;33mLatency:      3[0m
[0;32mPASS PATTERN NO.7956[0m, [0;33mLatency:      3[0m
[0;32mPASS PATTERN NO.7957[0m, [0;33mLatency:      3[0m
[0;32mPASS PATTERN NO.7958[0m, [0;33mLatency:      3[0m
[0;32mPASS PATTERN NO.7959[0m, [0;33mLatency:      3[0m
[0;32mPASS PATTERN NO.7960[0m, [0;33mLatency:      3[0m
[0;32mPASS PATTERN NO.7961[0m, [0;33mLatency:      3[0m
[0;32mPASS PATTERN NO.7962[0m, [0;33mLatency:      3[0m
[0;32mPASS PATTERN NO.7963[0m, [0;33mLatency:      3[0m
[0;32mPASS PATTERN NO.7964[0m, [0;33mLatency:      3[0m
[0;32mPASS PATTERN NO.7965[0m, [0;33mLatency:      3[0m
[0;32mPASS PATTERN NO.7966[0m, [0;33mLatency:      3[0m
[0;32mPASS PATTERN NO.7967[0m, [0;33mLatency:      3[0m
[0;32mPASS PATTERN NO.7968[0m, [0;33mLatency:      3[0m
[0;32mPASS PATTERN NO.7969[0m, [0;33mLatency:      3[0m
[0;32mPASS PATTERN NO.7970[0m, [0;33mLatency:      3[0m
[0;32mPASS PATTERN NO.7971[0m, [0;33mLatency:      3[0m
[0;32mPASS PATTERN NO.7972[0m, [0;33mLatency:      3[0m
[0;32mPASS PATTERN NO.7973[0m, [0;33mLatency:      3[0m
[0;32mPASS PATTERN NO.7974[0m, [0;33mLatency:      3[0m
[0;32mPASS PATTERN NO.7975[0m, [0;33mLatency:      3[0m
[0;32mPASS PATTERN NO.7976[0m, [0;33mLatency:      3[0m
[0;32mPASS PATTERN NO.7977[0m, [0;33mLatency:      3[0m
[0;32mPASS PATTERN NO.7978[0m, [0;33mLatency:      3[0m
[0;32mPASS PATTERN NO.7979[0m, [0;33mLatency:      3[0m
[0;32mPASS PATTERN NO.7980[0m, [0;33mLatency:      3[0m
[0;32mPASS PATTERN NO.7981[0m, [0;33mLatency:      3[0m
[0;32mPASS PATTERN NO.7982[0m, [0;33mLatency:      3[0m
[0;32mPASS PATTERN NO.7983[0m, [0;33mLatency:      3[0m
[0;32mPASS PATTERN NO.7984[0m, [0;33mLatency:      3[0m
[0;32mPASS PATTERN NO.7985[0m, [0;33mLatency:      3[0m
[0;32mPASS PATTERN NO.7986[0m, [0;33mLatency:      3[0m
[0;32mPASS PATTERN NO.7987[0m, [0;33mLatency:      3[0m
[0;32mPASS PATTERN NO.7988[0m, [0;33mLatency:      3[0m
[0;32mPASS PATTERN NO.7989[0m, [0;33mLatency:      3[0m
[0;32mPASS PATTERN NO.7990[0m, [0;33mLatency:      3[0m
[0;32mPASS PATTERN NO.7991[0m, [0;33mLatency:      3[0m
[0;32mPASS PATTERN NO.7992[0m, [0;33mLatency:      3[0m
[0;32mPASS PATTERN NO.7993[0m, [0;33mLatency:      3[0m
[0;32mPASS PATTERN NO.7994[0m, [0;33mLatency:      3[0m
[0;32mPASS PATTERN NO.7995[0m, [0;33mLatency:      3[0m
[0;32mPASS PATTERN NO.7996[0m, [0;33mLatency:      3[0m
[0;32mPASS PATTERN NO.7997[0m, [0;33mLatency:      3[0m
[0;32mPASS PATTERN NO.7998[0m, [0;33mLatency:      3[0m
[0;32mPASS PATTERN NO.7999[0m, [0;33mLatency:      3[0m
[0;32mPASS PATTERN NO.8000[0m, [0;33mLatency:      3[0m
[0;32mPASS PATTERN NO.8001[0m, [0;33mLatency:      3[0m
[0;32mPASS PATTERN NO.8002[0m, [0;33mLatency:      3[0m
[0;32mPASS PATTERN NO.8003[0m, [0;33mLatency:      3[0m
[0;32mPASS PATTERN NO.8004[0m, [0;33mLatency:      3[0m
[0;32mPASS PATTERN NO.8005[0m, [0;33mLatency:      3[0m
[0;32mPASS PATTERN NO.8006[0m, [0;33mLatency:      3[0m
[0;32mPASS PATTERN NO.8007[0m, [0;33mLatency:      3[0m
[0;32mPASS PATTERN NO.8008[0m, [0;33mLatency:      3[0m
[0;32mPASS PATTERN NO.8009[0m, [0;33mLatency:      3[0m
[0;32mPASS PATTERN NO.8010[0m, [0;33mLatency:      3[0m
[0;32mPASS PATTERN NO.8011[0m, [0;33mLatency:      3[0m
[0;32mPASS PATTERN NO.8012[0m, [0;33mLatency:      3[0m
[0;32mPASS PATTERN NO.8013[0m, [0;33mLatency:      3[0m
[0;32mPASS PATTERN NO.8014[0m, [0;33mLatency:      3[0m
[0;32mPASS PATTERN NO.8015[0m, [0;33mLatency:      3[0m
[0;32mPASS PATTERN NO.8016[0m, [0;33mLatency:      3[0m
[0;32mPASS PATTERN NO.8017[0m, [0;33mLatency:      3[0m
[0;32mPASS PATTERN NO.8018[0m, [0;33mLatency:      3[0m
[0;32mPASS PATTERN NO.8019[0m, [0;33mLatency:      3[0m
[0;32mPASS PATTERN NO.8020[0m, [0;33mLatency:      3[0m
[0;32mPASS PATTERN NO.8021[0m, [0;33mLatency:      3[0m
[0;32mPASS PATTERN NO.8022[0m, [0;33mLatency:      3[0m
[0;32mPASS PATTERN NO.8023[0m, [0;33mLatency:      3[0m
[0;32mPASS PATTERN NO.8024[0m, [0;33mLatency:      3[0m
[0;32mPASS PATTERN NO.8025[0m, [0;33mLatency:      3[0m
[0;32mPASS PATTERN NO.8026[0m, [0;33mLatency:      3[0m
[0;32mPASS PATTERN NO.8027[0m, [0;33mLatency:      3[0m
[0;32mPASS PATTERN NO.8028[0m, [0;33mLatency:      3[0m
[0;32mPASS PATTERN NO.8029[0m, [0;33mLatency:      3[0m
[0;32mPASS PATTERN NO.8030[0m, [0;33mLatency:      3[0m
[0;32mPASS PATTERN NO.8031[0m, [0;33mLatency:      3[0m
[0;32mPASS PATTERN NO.8032[0m, [0;33mLatency:      3[0m
[0;32mPASS PATTERN NO.8033[0m, [0;33mLatency:      3[0m
[0;32mPASS PATTERN NO.8034[0m, [0;33mLatency:      3[0m
[0;32mPASS PATTERN NO.8035[0m, [0;33mLatency:      3[0m
[0;32mPASS PATTERN NO.8036[0m, [0;33mLatency:      3[0m
[0;32mPASS PATTERN NO.8037[0m, [0;33mLatency:      3[0m
[0;32mPASS PATTERN NO.8038[0m, [0;33mLatency:      3[0m
[0;32mPASS PATTERN NO.8039[0m, [0;33mLatency:      3[0m
[0;32mPASS PATTERN NO.8040[0m, [0;33mLatency:      3[0m
[0;32mPASS PATTERN NO.8041[0m, [0;33mLatency:      3[0m
[0;32mPASS PATTERN NO.8042[0m, [0;33mLatency:      3[0m
[0;32mPASS PATTERN NO.8043[0m, [0;33mLatency:      3[0m
[0;32mPASS PATTERN NO.8044[0m, [0;33mLatency:      3[0m
[0;32mPASS PATTERN NO.8045[0m, [0;33mLatency:      3[0m
[0;32mPASS PATTERN NO.8046[0m, [0;33mLatency:      3[0m
[0;32mPASS PATTERN NO.8047[0m, [0;33mLatency:      3[0m
[0;32mPASS PATTERN NO.8048[0m, [0;33mLatency:      3[0m
[0;32mPASS PATTERN NO.8049[0m, [0;33mLatency:      3[0m
[0;32mPASS PATTERN NO.8050[0m, [0;33mLatency:      3[0m
[0;32mPASS PATTERN NO.8051[0m, [0;33mLatency:      3[0m
[0;32mPASS PATTERN NO.8052[0m, [0;33mLatency:      3[0m
[0;32mPASS PATTERN NO.8053[0m, [0;33mLatency:      3[0m
[0;32mPASS PATTERN NO.8054[0m, [0;33mLatency:      3[0m
[0;32mPASS PATTERN NO.8055[0m, [0;33mLatency:      3[0m
[0;32mPASS PATTERN NO.8056[0m, [0;33mLatency:      3[0m
[0;32mPASS PATTERN NO.8057[0m, [0;33mLatency:      3[0m
[0;32mPASS PATTERN NO.8058[0m, [0;33mLatency:      3[0m
[0;32mPASS PATTERN NO.8059[0m, [0;33mLatency:      3[0m
[0;32mPASS PATTERN NO.8060[0m, [0;33mLatency:      3[0m
[0;32mPASS PATTERN NO.8061[0m, [0;33mLatency:      3[0m
[0;32mPASS PATTERN NO.8062[0m, [0;33mLatency:      3[0m
[0;32mPASS PATTERN NO.8063[0m, [0;33mLatency:      3[0m
[0;32mPASS PATTERN NO.8064[0m, [0;33mLatency:      3[0m
[0;32mPASS PATTERN NO.8065[0m, [0;33mLatency:      3[0m
[0;32mPASS PATTERN NO.8066[0m, [0;33mLatency:      3[0m
[0;32mPASS PATTERN NO.8067[0m, [0;33mLatency:      3[0m
[0;32mPASS PATTERN NO.8068[0m, [0;33mLatency:      3[0m
[0;32mPASS PATTERN NO.8069[0m, [0;33mLatency:      3[0m
[0;32mPASS PATTERN NO.8070[0m, [0;33mLatency:      3[0m
[0;32mPASS PATTERN NO.8071[0m, [0;33mLatency:      3[0m
[0;32mPASS PATTERN NO.8072[0m, [0;33mLatency:      3[0m
[0;32mPASS PATTERN NO.8073[0m, [0;33mLatency:      3[0m
[0;32mPASS PATTERN NO.8074[0m, [0;33mLatency:      3[0m
[0;32mPASS PATTERN NO.8075[0m, [0;33mLatency:      3[0m
[0;32mPASS PATTERN NO.8076[0m, [0;33mLatency:      3[0m
[0;32mPASS PATTERN NO.8077[0m, [0;33mLatency:      3[0m
[0;32mPASS PATTERN NO.8078[0m, [0;33mLatency:      3[0m
[0;32mPASS PATTERN NO.8079[0m, [0;33mLatency:      3[0m
[0;32mPASS PATTERN NO.8080[0m, [0;33mLatency:      3[0m
[0;32mPASS PATTERN NO.8081[0m, [0;33mLatency:      3[0m
[0;32mPASS PATTERN NO.8082[0m, [0;33mLatency:      3[0m
[0;32mPASS PATTERN NO.8083[0m, [0;33mLatency:      3[0m
[0;32mPASS PATTERN NO.8084[0m, [0;33mLatency:      3[0m
[0;32mPASS PATTERN NO.8085[0m, [0;33mLatency:      3[0m
[0;32mPASS PATTERN NO.8086[0m, [0;33mLatency:      3[0m
[0;32mPASS PATTERN NO.8087[0m, [0;33mLatency:      3[0m
[0;32mPASS PATTERN NO.8088[0m, [0;33mLatency:      3[0m
[0;32mPASS PATTERN NO.8089[0m, [0;33mLatency:      3[0m
[0;32mPASS PATTERN NO.8090[0m, [0;33mLatency:      3[0m
[0;32mPASS PATTERN NO.8091[0m, [0;33mLatency:      3[0m
[0;32mPASS PATTERN NO.8092[0m, [0;33mLatency:      3[0m
[0;32mPASS PATTERN NO.8093[0m, [0;33mLatency:      3[0m
[0;32mPASS PATTERN NO.8094[0m, [0;33mLatency:      3[0m
[0;32mPASS PATTERN NO.8095[0m, [0;33mLatency:      3[0m
[0;32mPASS PATTERN NO.8096[0m, [0;33mLatency:      3[0m
[0;32mPASS PATTERN NO.8097[0m, [0;33mLatency:      3[0m
[0;32mPASS PATTERN NO.8098[0m, [0;33mLatency:      3[0m
[0;32mPASS PATTERN NO.8099[0m, [0;33mLatency:      3[0m
[0;32mPASS PATTERN NO.8100[0m, [0;33mLatency:      3[0m
[0;32mPASS PATTERN NO.8101[0m, [0;33mLatency:      3[0m
[0;32mPASS PATTERN NO.8102[0m, [0;33mLatency:      3[0m
[0;32mPASS PATTERN NO.8103[0m, [0;33mLatency:      3[0m
[0;32mPASS PATTERN NO.8104[0m, [0;33mLatency:      3[0m
[0;32mPASS PATTERN NO.8105[0m, [0;33mLatency:      3[0m
[0;32mPASS PATTERN NO.8106[0m, [0;33mLatency:      3[0m
[0;32mPASS PATTERN NO.8107[0m, [0;33mLatency:      3[0m
[0;32mPASS PATTERN NO.8108[0m, [0;33mLatency:      3[0m
[0;32mPASS PATTERN NO.8109[0m, [0;33mLatency:      3[0m
[0;32mPASS PATTERN NO.8110[0m, [0;33mLatency:      3[0m
[0;32mPASS PATTERN NO.8111[0m, [0;33mLatency:      3[0m
[0;32mPASS PATTERN NO.8112[0m, [0;33mLatency:      3[0m
[0;32mPASS PATTERN NO.8113[0m, [0;33mLatency:      3[0m
[0;32mPASS PATTERN NO.8114[0m, [0;33mLatency:      3[0m
[0;32mPASS PATTERN NO.8115[0m, [0;33mLatency:      3[0m
[0;32mPASS PATTERN NO.8116[0m, [0;33mLatency:      3[0m
[0;32mPASS PATTERN NO.8117[0m, [0;33mLatency:      3[0m
[0;32mPASS PATTERN NO.8118[0m, [0;33mLatency:      3[0m
[0;32mPASS PATTERN NO.8119[0m, [0;33mLatency:      3[0m
[0;32mPASS PATTERN NO.8120[0m, [0;33mLatency:      3[0m
[0;32mPASS PATTERN NO.8121[0m, [0;33mLatency:      3[0m
[0;32mPASS PATTERN NO.8122[0m, [0;33mLatency:      3[0m
[0;32mPASS PATTERN NO.8123[0m, [0;33mLatency:      3[0m
[0;32mPASS PATTERN NO.8124[0m, [0;33mLatency:      3[0m
[0;32mPASS PATTERN NO.8125[0m, [0;33mLatency:      3[0m
[0;32mPASS PATTERN NO.8126[0m, [0;33mLatency:      3[0m
[0;32mPASS PATTERN NO.8127[0m, [0;33mLatency:      3[0m
[0;32mPASS PATTERN NO.8128[0m, [0;33mLatency:      3[0m
[0;32mPASS PATTERN NO.8129[0m, [0;33mLatency:      3[0m
[0;32mPASS PATTERN NO.8130[0m, [0;33mLatency:      3[0m
[0;32mPASS PATTERN NO.8131[0m, [0;33mLatency:      3[0m
[0;32mPASS PATTERN NO.8132[0m, [0;33mLatency:      3[0m
[0;32mPASS PATTERN NO.8133[0m, [0;33mLatency:      3[0m
[0;32mPASS PATTERN NO.8134[0m, [0;33mLatency:      3[0m
[0;32mPASS PATTERN NO.8135[0m, [0;33mLatency:      3[0m
[0;32mPASS PATTERN NO.8136[0m, [0;33mLatency:      3[0m
[0;32mPASS PATTERN NO.8137[0m, [0;33mLatency:      3[0m
[0;32mPASS PATTERN NO.8138[0m, [0;33mLatency:      3[0m
[0;32mPASS PATTERN NO.8139[0m, [0;33mLatency:      3[0m
[0;32mPASS PATTERN NO.8140[0m, [0;33mLatency:      3[0m
[0;32mPASS PATTERN NO.8141[0m, [0;33mLatency:      3[0m
[0;32mPASS PATTERN NO.8142[0m, [0;33mLatency:      3[0m
[0;32mPASS PATTERN NO.8143[0m, [0;33mLatency:      3[0m
[0;32mPASS PATTERN NO.8144[0m, [0;33mLatency:      3[0m
[0;32mPASS PATTERN NO.8145[0m, [0;33mLatency:      3[0m
[0;32mPASS PATTERN NO.8146[0m, [0;33mLatency:      3[0m
[0;32mPASS PATTERN NO.8147[0m, [0;33mLatency:      3[0m
[0;32mPASS PATTERN NO.8148[0m, [0;33mLatency:      3[0m
[0;32mPASS PATTERN NO.8149[0m, [0;33mLatency:      3[0m
[0;32mPASS PATTERN NO.8150[0m, [0;33mLatency:      3[0m
[0;32mPASS PATTERN NO.8151[0m, [0;33mLatency:      3[0m
[0;32mPASS PATTERN NO.8152[0m, [0;33mLatency:      3[0m
[0;32mPASS PATTERN NO.8153[0m, [0;33mLatency:      3[0m
[0;32mPASS PATTERN NO.8154[0m, [0;33mLatency:      3[0m
[0;32mPASS PATTERN NO.8155[0m, [0;33mLatency:      3[0m
[0;32mPASS PATTERN NO.8156[0m, [0;33mLatency:      3[0m
[0;32mPASS PATTERN NO.8157[0m, [0;33mLatency:      3[0m
[0;32mPASS PATTERN NO.8158[0m, [0;33mLatency:      3[0m
[0;32mPASS PATTERN NO.8159[0m, [0;33mLatency:      3[0m
[0;32mPASS PATTERN NO.8160[0m, [0;33mLatency:      3[0m
[0;32mPASS PATTERN NO.8161[0m, [0;33mLatency:      3[0m
[0;32mPASS PATTERN NO.8162[0m, [0;33mLatency:      3[0m
[0;32mPASS PATTERN NO.8163[0m, [0;33mLatency:      3[0m
[0;32mPASS PATTERN NO.8164[0m, [0;33mLatency:      3[0m
[0;32mPASS PATTERN NO.8165[0m, [0;33mLatency:      3[0m
[0;32mPASS PATTERN NO.8166[0m, [0;33mLatency:      3[0m
[0;32mPASS PATTERN NO.8167[0m, [0;33mLatency:      3[0m
[0;32mPASS PATTERN NO.8168[0m, [0;33mLatency:      3[0m
[0;32mPASS PATTERN NO.8169[0m, [0;33mLatency:      3[0m
[0;32mPASS PATTERN NO.8170[0m, [0;33mLatency:      3[0m
[0;32mPASS PATTERN NO.8171[0m, [0;33mLatency:      3[0m
[0;32mPASS PATTERN NO.8172[0m, [0;33mLatency:      3[0m
[0;32mPASS PATTERN NO.8173[0m, [0;33mLatency:      3[0m
[0;32mPASS PATTERN NO.8174[0m, [0;33mLatency:      3[0m
[0;32mPASS PATTERN NO.8175[0m, [0;33mLatency:      3[0m
[0;32mPASS PATTERN NO.8176[0m, [0;33mLatency:      3[0m
[0;32mPASS PATTERN NO.8177[0m, [0;33mLatency:      3[0m
[0;32mPASS PATTERN NO.8178[0m, [0;33mLatency:      3[0m
[0;32mPASS PATTERN NO.8179[0m, [0;33mLatency:      3[0m
[0;32mPASS PATTERN NO.8180[0m, [0;33mLatency:      3[0m
[0;32mPASS PATTERN NO.8181[0m, [0;33mLatency:      3[0m
[0;32mPASS PATTERN NO.8182[0m, [0;33mLatency:      3[0m
[0;32mPASS PATTERN NO.8183[0m, [0;33mLatency:      3[0m
[0;32mPASS PATTERN NO.8184[0m, [0;33mLatency:      3[0m
[0;32mPASS PATTERN NO.8185[0m, [0;33mLatency:      3[0m
[0;32mPASS PATTERN NO.8186[0m, [0;33mLatency:      3[0m
[0;32mPASS PATTERN NO.8187[0m, [0;33mLatency:      3[0m
[0;32mPASS PATTERN NO.8188[0m, [0;33mLatency:      3[0m
[0;32mPASS PATTERN NO.8189[0m, [0;33mLatency:      3[0m
[0;32mPASS PATTERN NO.8190[0m, [0;33mLatency:      3[0m
[0;32mPASS PATTERN NO.8191[0m, [0;33mLatency:      3[0m
[0;32mPASS PATTERN NO.8192[0m, [0;33mLatency:      3[0m
[0;32mPASS PATTERN NO.8193[0m, [0;33mLatency:      3[0m
[0;32mPASS PATTERN NO.8194[0m, [0;33mLatency:      3[0m
[0;32mPASS PATTERN NO.8195[0m, [0;33mLatency:      3[0m
[0;32mPASS PATTERN NO.8196[0m, [0;33mLatency:      3[0m
[0;32mPASS PATTERN NO.8197[0m, [0;33mLatency:      3[0m
[0;32mPASS PATTERN NO.8198[0m, [0;33mLatency:      3[0m
[0;32mPASS PATTERN NO.8199[0m, [0;33mLatency:      3[0m
[0;32mPASS PATTERN NO.8200[0m, [0;33mLatency:      3[0m
[0;32mPASS PATTERN NO.8201[0m, [0;33mLatency:      3[0m
[0;32mPASS PATTERN NO.8202[0m, [0;33mLatency:      3[0m
[0;32mPASS PATTERN NO.8203[0m, [0;33mLatency:      3[0m
[0;32mPASS PATTERN NO.8204[0m, [0;33mLatency:      3[0m
[0;32mPASS PATTERN NO.8205[0m, [0;33mLatency:      3[0m
[0;32mPASS PATTERN NO.8206[0m, [0;33mLatency:      3[0m
[0;32mPASS PATTERN NO.8207[0m, [0;33mLatency:      3[0m
[0;32mPASS PATTERN NO.8208[0m, [0;33mLatency:      3[0m
[0;32mPASS PATTERN NO.8209[0m, [0;33mLatency:      3[0m
[0;32mPASS PATTERN NO.8210[0m, [0;33mLatency:      3[0m
[0;32mPASS PATTERN NO.8211[0m, [0;33mLatency:      3[0m
[0;32mPASS PATTERN NO.8212[0m, [0;33mLatency:      3[0m
[0;32mPASS PATTERN NO.8213[0m, [0;33mLatency:      3[0m
[0;32mPASS PATTERN NO.8214[0m, [0;33mLatency:      3[0m
[0;32mPASS PATTERN NO.8215[0m, [0;33mLatency:      3[0m
[0;32mPASS PATTERN NO.8216[0m, [0;33mLatency:      3[0m
[0;32mPASS PATTERN NO.8217[0m, [0;33mLatency:      3[0m
[0;32mPASS PATTERN NO.8218[0m, [0;33mLatency:      3[0m
[0;32mPASS PATTERN NO.8219[0m, [0;33mLatency:      3[0m
[0;32mPASS PATTERN NO.8220[0m, [0;33mLatency:      3[0m
[0;32mPASS PATTERN NO.8221[0m, [0;33mLatency:      3[0m
[0;32mPASS PATTERN NO.8222[0m, [0;33mLatency:      3[0m
[0;32mPASS PATTERN NO.8223[0m, [0;33mLatency:      3[0m
[0;32mPASS PATTERN NO.8224[0m, [0;33mLatency:      3[0m
[0;32mPASS PATTERN NO.8225[0m, [0;33mLatency:      3[0m
[0;32mPASS PATTERN NO.8226[0m, [0;33mLatency:      3[0m
[0;32mPASS PATTERN NO.8227[0m, [0;33mLatency:      3[0m
[0;32mPASS PATTERN NO.8228[0m, [0;33mLatency:      3[0m
[0;32mPASS PATTERN NO.8229[0m, [0;33mLatency:      3[0m
[0;32mPASS PATTERN NO.8230[0m, [0;33mLatency:      3[0m
[0;32mPASS PATTERN NO.8231[0m, [0;33mLatency:      3[0m
[0;32mPASS PATTERN NO.8232[0m, [0;33mLatency:      3[0m
[0;32mPASS PATTERN NO.8233[0m, [0;33mLatency:      3[0m
[0;32mPASS PATTERN NO.8234[0m, [0;33mLatency:      3[0m
[0;32mPASS PATTERN NO.8235[0m, [0;33mLatency:      3[0m
[0;32mPASS PATTERN NO.8236[0m, [0;33mLatency:      3[0m
[0;32mPASS PATTERN NO.8237[0m, [0;33mLatency:      3[0m
[0;32mPASS PATTERN NO.8238[0m, [0;33mLatency:      3[0m
[0;32mPASS PATTERN NO.8239[0m, [0;33mLatency:      3[0m
[0;32mPASS PATTERN NO.8240[0m, [0;33mLatency:      3[0m
[0;32mPASS PATTERN NO.8241[0m, [0;33mLatency:      3[0m
[0;32mPASS PATTERN NO.8242[0m, [0;33mLatency:      3[0m
[0;32mPASS PATTERN NO.8243[0m, [0;33mLatency:      3[0m
[0;32mPASS PATTERN NO.8244[0m, [0;33mLatency:      3[0m
[0;32mPASS PATTERN NO.8245[0m, [0;33mLatency:      3[0m
[0;32mPASS PATTERN NO.8246[0m, [0;33mLatency:      3[0m
[0;32mPASS PATTERN NO.8247[0m, [0;33mLatency:      3[0m
[0;32mPASS PATTERN NO.8248[0m, [0;33mLatency:      3[0m
[0;32mPASS PATTERN NO.8249[0m, [0;33mLatency:      3[0m
[0;32mPASS PATTERN NO.8250[0m, [0;33mLatency:      3[0m
[0;32mPASS PATTERN NO.8251[0m, [0;33mLatency:      3[0m
[0;32mPASS PATTERN NO.8252[0m, [0;33mLatency:      3[0m
[0;32mPASS PATTERN NO.8253[0m, [0;33mLatency:      3[0m
[0;32mPASS PATTERN NO.8254[0m, [0;33mLatency:      3[0m
[0;32mPASS PATTERN NO.8255[0m, [0;33mLatency:      3[0m
[0;32mPASS PATTERN NO.8256[0m, [0;33mLatency:      3[0m
[0;32mPASS PATTERN NO.8257[0m, [0;33mLatency:      3[0m
[0;32mPASS PATTERN NO.8258[0m, [0;33mLatency:      3[0m
[0;32mPASS PATTERN NO.8259[0m, [0;33mLatency:      3[0m
[0;32mPASS PATTERN NO.8260[0m, [0;33mLatency:      3[0m
[0;32mPASS PATTERN NO.8261[0m, [0;33mLatency:      3[0m
[0;32mPASS PATTERN NO.8262[0m, [0;33mLatency:      3[0m
[0;32mPASS PATTERN NO.8263[0m, [0;33mLatency:      3[0m
[0;32mPASS PATTERN NO.8264[0m, [0;33mLatency:      3[0m
[0;32mPASS PATTERN NO.8265[0m, [0;33mLatency:      3[0m
[0;32mPASS PATTERN NO.8266[0m, [0;33mLatency:      3[0m
[0;32mPASS PATTERN NO.8267[0m, [0;33mLatency:      3[0m
[0;32mPASS PATTERN NO.8268[0m, [0;33mLatency:      3[0m
[0;32mPASS PATTERN NO.8269[0m, [0;33mLatency:      3[0m
[0;32mPASS PATTERN NO.8270[0m, [0;33mLatency:      3[0m
[0;32mPASS PATTERN NO.8271[0m, [0;33mLatency:      3[0m
[0;32mPASS PATTERN NO.8272[0m, [0;33mLatency:      3[0m
[0;32mPASS PATTERN NO.8273[0m, [0;33mLatency:      3[0m
[0;32mPASS PATTERN NO.8274[0m, [0;33mLatency:      3[0m
[0;32mPASS PATTERN NO.8275[0m, [0;33mLatency:      3[0m
[0;32mPASS PATTERN NO.8276[0m, [0;33mLatency:      3[0m
[0;32mPASS PATTERN NO.8277[0m, [0;33mLatency:      3[0m
[0;32mPASS PATTERN NO.8278[0m, [0;33mLatency:      3[0m
[0;32mPASS PATTERN NO.8279[0m, [0;33mLatency:      3[0m
[0;32mPASS PATTERN NO.8280[0m, [0;33mLatency:      3[0m
[0;32mPASS PATTERN NO.8281[0m, [0;33mLatency:      3[0m
[0;32mPASS PATTERN NO.8282[0m, [0;33mLatency:      3[0m
[0;32mPASS PATTERN NO.8283[0m, [0;33mLatency:      3[0m
[0;32mPASS PATTERN NO.8284[0m, [0;33mLatency:      3[0m
[0;32mPASS PATTERN NO.8285[0m, [0;33mLatency:      3[0m
[0;32mPASS PATTERN NO.8286[0m, [0;33mLatency:      3[0m
[0;32mPASS PATTERN NO.8287[0m, [0;33mLatency:      3[0m
[0;32mPASS PATTERN NO.8288[0m, [0;33mLatency:      3[0m
[0;32mPASS PATTERN NO.8289[0m, [0;33mLatency:      3[0m
[0;32mPASS PATTERN NO.8290[0m, [0;33mLatency:      3[0m
[0;32mPASS PATTERN NO.8291[0m, [0;33mLatency:      3[0m
[0;32mPASS PATTERN NO.8292[0m, [0;33mLatency:      3[0m
[0;32mPASS PATTERN NO.8293[0m, [0;33mLatency:      3[0m
[0;32mPASS PATTERN NO.8294[0m, [0;33mLatency:      3[0m
[0;32mPASS PATTERN NO.8295[0m, [0;33mLatency:      3[0m
[0;32mPASS PATTERN NO.8296[0m, [0;33mLatency:      3[0m
[0;32mPASS PATTERN NO.8297[0m, [0;33mLatency:      3[0m
[0;32mPASS PATTERN NO.8298[0m, [0;33mLatency:      3[0m
[0;32mPASS PATTERN NO.8299[0m, [0;33mLatency:      3[0m
[0;32mPASS PATTERN NO.8300[0m, [0;33mLatency:      3[0m
[0;32mPASS PATTERN NO.8301[0m, [0;33mLatency:      3[0m
[0;32mPASS PATTERN NO.8302[0m, [0;33mLatency:      3[0m
[0;32mPASS PATTERN NO.8303[0m, [0;33mLatency:      3[0m
[0;32mPASS PATTERN NO.8304[0m, [0;33mLatency:      3[0m
[0;32mPASS PATTERN NO.8305[0m, [0;33mLatency:      3[0m
[0;32mPASS PATTERN NO.8306[0m, [0;33mLatency:      3[0m
[0;32mPASS PATTERN NO.8307[0m, [0;33mLatency:      3[0m
[0;32mPASS PATTERN NO.8308[0m, [0;33mLatency:      3[0m
[0;32mPASS PATTERN NO.8309[0m, [0;33mLatency:      3[0m
[0;32mPASS PATTERN NO.8310[0m, [0;33mLatency:      3[0m
[0;32mPASS PATTERN NO.8311[0m, [0;33mLatency:      3[0m
[0;32mPASS PATTERN NO.8312[0m, [0;33mLatency:      3[0m
[0;32mPASS PATTERN NO.8313[0m, [0;33mLatency:      3[0m
[0;32mPASS PATTERN NO.8314[0m, [0;33mLatency:      3[0m
[0;32mPASS PATTERN NO.8315[0m, [0;33mLatency:      3[0m
[0;32mPASS PATTERN NO.8316[0m, [0;33mLatency:      3[0m
[0;32mPASS PATTERN NO.8317[0m, [0;33mLatency:      3[0m
[0;32mPASS PATTERN NO.8318[0m, [0;33mLatency:      3[0m
[0;32mPASS PATTERN NO.8319[0m, [0;33mLatency:      3[0m
[0;32mPASS PATTERN NO.8320[0m, [0;33mLatency:      3[0m
[0;32mPASS PATTERN NO.8321[0m, [0;33mLatency:      3[0m
[0;32mPASS PATTERN NO.8322[0m, [0;33mLatency:      3[0m
[0;32mPASS PATTERN NO.8323[0m, [0;33mLatency:      3[0m
[0;32mPASS PATTERN NO.8324[0m, [0;33mLatency:      3[0m
[0;32mPASS PATTERN NO.8325[0m, [0;33mLatency:      3[0m
[0;32mPASS PATTERN NO.8326[0m, [0;33mLatency:      3[0m
[0;32mPASS PATTERN NO.8327[0m, [0;33mLatency:      3[0m
[0;32mPASS PATTERN NO.8328[0m, [0;33mLatency:      3[0m
[0;32mPASS PATTERN NO.8329[0m, [0;33mLatency:      3[0m
[0;32mPASS PATTERN NO.8330[0m, [0;33mLatency:      3[0m
[0;32mPASS PATTERN NO.8331[0m, [0;33mLatency:      3[0m
[0;32mPASS PATTERN NO.8332[0m, [0;33mLatency:      3[0m
[0;32mPASS PATTERN NO.8333[0m, [0;33mLatency:      3[0m
[0;32mPASS PATTERN NO.8334[0m, [0;33mLatency:      3[0m
[0;32mPASS PATTERN NO.8335[0m, [0;33mLatency:      3[0m
[0;32mPASS PATTERN NO.8336[0m, [0;33mLatency:      3[0m
[0;32mPASS PATTERN NO.8337[0m, [0;33mLatency:      3[0m
[0;32mPASS PATTERN NO.8338[0m, [0;33mLatency:      3[0m
[0;32mPASS PATTERN NO.8339[0m, [0;33mLatency:      3[0m
[0;32mPASS PATTERN NO.8340[0m, [0;33mLatency:      3[0m
[0;32mPASS PATTERN NO.8341[0m, [0;33mLatency:      3[0m
[0;32mPASS PATTERN NO.8342[0m, [0;33mLatency:      3[0m
[0;32mPASS PATTERN NO.8343[0m, [0;33mLatency:      3[0m
[0;32mPASS PATTERN NO.8344[0m, [0;33mLatency:      3[0m
[0;32mPASS PATTERN NO.8345[0m, [0;33mLatency:      3[0m
[0;32mPASS PATTERN NO.8346[0m, [0;33mLatency:      3[0m
[0;32mPASS PATTERN NO.8347[0m, [0;33mLatency:      3[0m
[0;32mPASS PATTERN NO.8348[0m, [0;33mLatency:      3[0m
[0;32mPASS PATTERN NO.8349[0m, [0;33mLatency:      3[0m
[0;32mPASS PATTERN NO.8350[0m, [0;33mLatency:      3[0m
[0;32mPASS PATTERN NO.8351[0m, [0;33mLatency:      3[0m
[0;32mPASS PATTERN NO.8352[0m, [0;33mLatency:      3[0m
[0;32mPASS PATTERN NO.8353[0m, [0;33mLatency:      3[0m
[0;32mPASS PATTERN NO.8354[0m, [0;33mLatency:      3[0m
[0;32mPASS PATTERN NO.8355[0m, [0;33mLatency:      3[0m
[0;32mPASS PATTERN NO.8356[0m, [0;33mLatency:      3[0m
[0;32mPASS PATTERN NO.8357[0m, [0;33mLatency:      3[0m
[0;32mPASS PATTERN NO.8358[0m, [0;33mLatency:      3[0m
[0;32mPASS PATTERN NO.8359[0m, [0;33mLatency:      3[0m
[0;32mPASS PATTERN NO.8360[0m, [0;33mLatency:      3[0m
[0;32mPASS PATTERN NO.8361[0m, [0;33mLatency:      3[0m
[0;32mPASS PATTERN NO.8362[0m, [0;33mLatency:      3[0m
[0;32mPASS PATTERN NO.8363[0m, [0;33mLatency:      3[0m
[0;32mPASS PATTERN NO.8364[0m, [0;33mLatency:      3[0m
[0;32mPASS PATTERN NO.8365[0m, [0;33mLatency:      3[0m
[0;32mPASS PATTERN NO.8366[0m, [0;33mLatency:      3[0m
[0;32mPASS PATTERN NO.8367[0m, [0;33mLatency:      3[0m
[0;32mPASS PATTERN NO.8368[0m, [0;33mLatency:      3[0m
[0;32mPASS PATTERN NO.8369[0m, [0;33mLatency:      3[0m
[0;32mPASS PATTERN NO.8370[0m, [0;33mLatency:      3[0m
[0;32mPASS PATTERN NO.8371[0m, [0;33mLatency:      3[0m
[0;32mPASS PATTERN NO.8372[0m, [0;33mLatency:      3[0m
[0;32mPASS PATTERN NO.8373[0m, [0;33mLatency:      3[0m
[0;32mPASS PATTERN NO.8374[0m, [0;33mLatency:      3[0m
[0;32mPASS PATTERN NO.8375[0m, [0;33mLatency:      3[0m
[0;32mPASS PATTERN NO.8376[0m, [0;33mLatency:      3[0m
[0;32mPASS PATTERN NO.8377[0m, [0;33mLatency:      3[0m
[0;32mPASS PATTERN NO.8378[0m, [0;33mLatency:      3[0m
[0;32mPASS PATTERN NO.8379[0m, [0;33mLatency:      3[0m
[0;32mPASS PATTERN NO.8380[0m, [0;33mLatency:      3[0m
[0;32mPASS PATTERN NO.8381[0m, [0;33mLatency:      3[0m
[0;32mPASS PATTERN NO.8382[0m, [0;33mLatency:      3[0m
[0;32mPASS PATTERN NO.8383[0m, [0;33mLatency:      3[0m
[0;32mPASS PATTERN NO.8384[0m, [0;33mLatency:      3[0m
[0;32mPASS PATTERN NO.8385[0m, [0;33mLatency:      3[0m
[0;32mPASS PATTERN NO.8386[0m, [0;33mLatency:      3[0m
[0;32mPASS PATTERN NO.8387[0m, [0;33mLatency:      3[0m
[0;32mPASS PATTERN NO.8388[0m, [0;33mLatency:      3[0m
[0;32mPASS PATTERN NO.8389[0m, [0;33mLatency:      3[0m
[0;32mPASS PATTERN NO.8390[0m, [0;33mLatency:      3[0m
[0;32mPASS PATTERN NO.8391[0m, [0;33mLatency:      3[0m
[0;32mPASS PATTERN NO.8392[0m, [0;33mLatency:      3[0m
[0;32mPASS PATTERN NO.8393[0m, [0;33mLatency:      3[0m
[0;32mPASS PATTERN NO.8394[0m, [0;33mLatency:      3[0m
[0;32mPASS PATTERN NO.8395[0m, [0;33mLatency:      3[0m
[0;32mPASS PATTERN NO.8396[0m, [0;33mLatency:      3[0m
[0;32mPASS PATTERN NO.8397[0m, [0;33mLatency:      3[0m
[0;32mPASS PATTERN NO.8398[0m, [0;33mLatency:      3[0m
[0;32mPASS PATTERN NO.8399[0m, [0;33mLatency:      3[0m
[0;32mPASS PATTERN NO.8400[0m, [0;33mLatency:      3[0m
[0;32mPASS PATTERN NO.8401[0m, [0;33mLatency:      3[0m
[0;32mPASS PATTERN NO.8402[0m, [0;33mLatency:      3[0m
[0;32mPASS PATTERN NO.8403[0m, [0;33mLatency:      3[0m
[0;32mPASS PATTERN NO.8404[0m, [0;33mLatency:      3[0m
[0;32mPASS PATTERN NO.8405[0m, [0;33mLatency:      3[0m
[0;32mPASS PATTERN NO.8406[0m, [0;33mLatency:      3[0m
[0;32mPASS PATTERN NO.8407[0m, [0;33mLatency:      3[0m
[0;32mPASS PATTERN NO.8408[0m, [0;33mLatency:      3[0m
[0;32mPASS PATTERN NO.8409[0m, [0;33mLatency:      3[0m
[0;32mPASS PATTERN NO.8410[0m, [0;33mLatency:      3[0m
[0;32mPASS PATTERN NO.8411[0m, [0;33mLatency:      3[0m
[0;32mPASS PATTERN NO.8412[0m, [0;33mLatency:      3[0m
[0;32mPASS PATTERN NO.8413[0m, [0;33mLatency:      3[0m
[0;32mPASS PATTERN NO.8414[0m, [0;33mLatency:      3[0m
[0;32mPASS PATTERN NO.8415[0m, [0;33mLatency:      3[0m
[0;32mPASS PATTERN NO.8416[0m, [0;33mLatency:      3[0m
[0;32mPASS PATTERN NO.8417[0m, [0;33mLatency:      3[0m
[0;32mPASS PATTERN NO.8418[0m, [0;33mLatency:      3[0m
[0;32mPASS PATTERN NO.8419[0m, [0;33mLatency:      3[0m
[0;32mPASS PATTERN NO.8420[0m, [0;33mLatency:      3[0m
[0;32mPASS PATTERN NO.8421[0m, [0;33mLatency:      3[0m
[0;32mPASS PATTERN NO.8422[0m, [0;33mLatency:      3[0m
[0;32mPASS PATTERN NO.8423[0m, [0;33mLatency:      3[0m
[0;32mPASS PATTERN NO.8424[0m, [0;33mLatency:      3[0m
[0;32mPASS PATTERN NO.8425[0m, [0;33mLatency:      3[0m
[0;32mPASS PATTERN NO.8426[0m, [0;33mLatency:      3[0m
[0;32mPASS PATTERN NO.8427[0m, [0;33mLatency:      3[0m
[0;32mPASS PATTERN NO.8428[0m, [0;33mLatency:      3[0m
[0;32mPASS PATTERN NO.8429[0m, [0;33mLatency:      3[0m
[0;32mPASS PATTERN NO.8430[0m, [0;33mLatency:      3[0m
[0;32mPASS PATTERN NO.8431[0m, [0;33mLatency:      3[0m
[0;32mPASS PATTERN NO.8432[0m, [0;33mLatency:      3[0m
[0;32mPASS PATTERN NO.8433[0m, [0;33mLatency:      3[0m
[0;32mPASS PATTERN NO.8434[0m, [0;33mLatency:      3[0m
[0;32mPASS PATTERN NO.8435[0m, [0;33mLatency:      3[0m
[0;32mPASS PATTERN NO.8436[0m, [0;33mLatency:      3[0m
[0;32mPASS PATTERN NO.8437[0m, [0;33mLatency:      3[0m
[0;32mPASS PATTERN NO.8438[0m, [0;33mLatency:      3[0m
[0;32mPASS PATTERN NO.8439[0m, [0;33mLatency:      3[0m
[0;32mPASS PATTERN NO.8440[0m, [0;33mLatency:      3[0m
[0;32mPASS PATTERN NO.8441[0m, [0;33mLatency:      3[0m
[0;32mPASS PATTERN NO.8442[0m, [0;33mLatency:      3[0m
[0;32mPASS PATTERN NO.8443[0m, [0;33mLatency:      3[0m
[0;32mPASS PATTERN NO.8444[0m, [0;33mLatency:      3[0m
[0;32mPASS PATTERN NO.8445[0m, [0;33mLatency:      3[0m
[0;32mPASS PATTERN NO.8446[0m, [0;33mLatency:      3[0m
[0;32mPASS PATTERN NO.8447[0m, [0;33mLatency:      3[0m
[0;32mPASS PATTERN NO.8448[0m, [0;33mLatency:      3[0m
[0;32mPASS PATTERN NO.8449[0m, [0;33mLatency:      3[0m
[0;32mPASS PATTERN NO.8450[0m, [0;33mLatency:      3[0m
[0;32mPASS PATTERN NO.8451[0m, [0;33mLatency:      3[0m
[0;32mPASS PATTERN NO.8452[0m, [0;33mLatency:      3[0m
[0;32mPASS PATTERN NO.8453[0m, [0;33mLatency:      3[0m
[0;32mPASS PATTERN NO.8454[0m, [0;33mLatency:      3[0m
[0;32mPASS PATTERN NO.8455[0m, [0;33mLatency:      3[0m
[0;32mPASS PATTERN NO.8456[0m, [0;33mLatency:      3[0m
[0;32mPASS PATTERN NO.8457[0m, [0;33mLatency:      3[0m
[0;32mPASS PATTERN NO.8458[0m, [0;33mLatency:      3[0m
[0;32mPASS PATTERN NO.8459[0m, [0;33mLatency:      3[0m
[0;32mPASS PATTERN NO.8460[0m, [0;33mLatency:      3[0m
[0;32mPASS PATTERN NO.8461[0m, [0;33mLatency:      3[0m
[0;32mPASS PATTERN NO.8462[0m, [0;33mLatency:      3[0m
[0;32mPASS PATTERN NO.8463[0m, [0;33mLatency:      3[0m
[0;32mPASS PATTERN NO.8464[0m, [0;33mLatency:      3[0m
[0;32mPASS PATTERN NO.8465[0m, [0;33mLatency:      3[0m
[0;32mPASS PATTERN NO.8466[0m, [0;33mLatency:      3[0m
[0;32mPASS PATTERN NO.8467[0m, [0;33mLatency:      3[0m
[0;32mPASS PATTERN NO.8468[0m, [0;33mLatency:      3[0m
[0;32mPASS PATTERN NO.8469[0m, [0;33mLatency:      3[0m
[0;32mPASS PATTERN NO.8470[0m, [0;33mLatency:      3[0m
[0;32mPASS PATTERN NO.8471[0m, [0;33mLatency:      3[0m
[0;32mPASS PATTERN NO.8472[0m, [0;33mLatency:      3[0m
[0;32mPASS PATTERN NO.8473[0m, [0;33mLatency:      3[0m
[0;32mPASS PATTERN NO.8474[0m, [0;33mLatency:      3[0m
[0;32mPASS PATTERN NO.8475[0m, [0;33mLatency:      3[0m
[0;32mPASS PATTERN NO.8476[0m, [0;33mLatency:      3[0m
[0;32mPASS PATTERN NO.8477[0m, [0;33mLatency:      3[0m
[0;32mPASS PATTERN NO.8478[0m, [0;33mLatency:      3[0m
[0;32mPASS PATTERN NO.8479[0m, [0;33mLatency:      3[0m
[0;32mPASS PATTERN NO.8480[0m, [0;33mLatency:      3[0m
[0;32mPASS PATTERN NO.8481[0m, [0;33mLatency:      3[0m
[0;32mPASS PATTERN NO.8482[0m, [0;33mLatency:      3[0m
[0;32mPASS PATTERN NO.8483[0m, [0;33mLatency:      3[0m
[0;32mPASS PATTERN NO.8484[0m, [0;33mLatency:      3[0m
[0;32mPASS PATTERN NO.8485[0m, [0;33mLatency:      3[0m
[0;32mPASS PATTERN NO.8486[0m, [0;33mLatency:      3[0m
[0;32mPASS PATTERN NO.8487[0m, [0;33mLatency:      3[0m
[0;32mPASS PATTERN NO.8488[0m, [0;33mLatency:      3[0m
[0;32mPASS PATTERN NO.8489[0m, [0;33mLatency:      3[0m
[0;32mPASS PATTERN NO.8490[0m, [0;33mLatency:      3[0m
[0;32mPASS PATTERN NO.8491[0m, [0;33mLatency:      3[0m
[0;32mPASS PATTERN NO.8492[0m, [0;33mLatency:      3[0m
[0;32mPASS PATTERN NO.8493[0m, [0;33mLatency:      3[0m
[0;32mPASS PATTERN NO.8494[0m, [0;33mLatency:      3[0m
[0;32mPASS PATTERN NO.8495[0m, [0;33mLatency:      3[0m
[0;32mPASS PATTERN NO.8496[0m, [0;33mLatency:      3[0m
[0;32mPASS PATTERN NO.8497[0m, [0;33mLatency:      3[0m
[0;32mPASS PATTERN NO.8498[0m, [0;33mLatency:      3[0m
[0;32mPASS PATTERN NO.8499[0m, [0;33mLatency:      3[0m
[0;32mPASS PATTERN NO.8500[0m, [0;33mLatency:      3[0m
[0;32mPASS PATTERN NO.8501[0m, [0;33mLatency:      3[0m
[0;32mPASS PATTERN NO.8502[0m, [0;33mLatency:      3[0m
[0;32mPASS PATTERN NO.8503[0m, [0;33mLatency:      3[0m
[0;32mPASS PATTERN NO.8504[0m, [0;33mLatency:      3[0m
[0;32mPASS PATTERN NO.8505[0m, [0;33mLatency:      3[0m
[0;32mPASS PATTERN NO.8506[0m, [0;33mLatency:      3[0m
[0;32mPASS PATTERN NO.8507[0m, [0;33mLatency:      3[0m
[0;32mPASS PATTERN NO.8508[0m, [0;33mLatency:      3[0m
[0;32mPASS PATTERN NO.8509[0m, [0;33mLatency:      3[0m
[0;32mPASS PATTERN NO.8510[0m, [0;33mLatency:      3[0m
[0;32mPASS PATTERN NO.8511[0m, [0;33mLatency:      3[0m
[0;32mPASS PATTERN NO.8512[0m, [0;33mLatency:      3[0m
[0;32mPASS PATTERN NO.8513[0m, [0;33mLatency:      3[0m
[0;32mPASS PATTERN NO.8514[0m, [0;33mLatency:      3[0m
[0;32mPASS PATTERN NO.8515[0m, [0;33mLatency:      3[0m
[0;32mPASS PATTERN NO.8516[0m, [0;33mLatency:      3[0m
[0;32mPASS PATTERN NO.8517[0m, [0;33mLatency:      3[0m
[0;32mPASS PATTERN NO.8518[0m, [0;33mLatency:      3[0m
[0;32mPASS PATTERN NO.8519[0m, [0;33mLatency:      3[0m
[0;32mPASS PATTERN NO.8520[0m, [0;33mLatency:      3[0m
[0;32mPASS PATTERN NO.8521[0m, [0;33mLatency:      3[0m
[0;32mPASS PATTERN NO.8522[0m, [0;33mLatency:      3[0m
[0;32mPASS PATTERN NO.8523[0m, [0;33mLatency:      3[0m
[0;32mPASS PATTERN NO.8524[0m, [0;33mLatency:      3[0m
[0;32mPASS PATTERN NO.8525[0m, [0;33mLatency:      3[0m
[0;32mPASS PATTERN NO.8526[0m, [0;33mLatency:      3[0m
[0;32mPASS PATTERN NO.8527[0m, [0;33mLatency:      3[0m
[0;32mPASS PATTERN NO.8528[0m, [0;33mLatency:      3[0m
[0;32mPASS PATTERN NO.8529[0m, [0;33mLatency:      3[0m
[0;32mPASS PATTERN NO.8530[0m, [0;33mLatency:      3[0m
[0;32mPASS PATTERN NO.8531[0m, [0;33mLatency:      3[0m
[0;32mPASS PATTERN NO.8532[0m, [0;33mLatency:      3[0m
[0;32mPASS PATTERN NO.8533[0m, [0;33mLatency:      3[0m
[0;32mPASS PATTERN NO.8534[0m, [0;33mLatency:      3[0m
[0;32mPASS PATTERN NO.8535[0m, [0;33mLatency:      3[0m
[0;32mPASS PATTERN NO.8536[0m, [0;33mLatency:      3[0m
[0;32mPASS PATTERN NO.8537[0m, [0;33mLatency:      3[0m
[0;32mPASS PATTERN NO.8538[0m, [0;33mLatency:      3[0m
[0;32mPASS PATTERN NO.8539[0m, [0;33mLatency:      3[0m
[0;32mPASS PATTERN NO.8540[0m, [0;33mLatency:      3[0m
[0;32mPASS PATTERN NO.8541[0m, [0;33mLatency:      3[0m
[0;32mPASS PATTERN NO.8542[0m, [0;33mLatency:      3[0m
[0;32mPASS PATTERN NO.8543[0m, [0;33mLatency:      3[0m
[0;32mPASS PATTERN NO.8544[0m, [0;33mLatency:      3[0m
[0;32mPASS PATTERN NO.8545[0m, [0;33mLatency:      3[0m
[0;32mPASS PATTERN NO.8546[0m, [0;33mLatency:      3[0m
[0;32mPASS PATTERN NO.8547[0m, [0;33mLatency:      3[0m
[0;32mPASS PATTERN NO.8548[0m, [0;33mLatency:      3[0m
[0;32mPASS PATTERN NO.8549[0m, [0;33mLatency:      3[0m
[0;32mPASS PATTERN NO.8550[0m, [0;33mLatency:      3[0m
[0;32mPASS PATTERN NO.8551[0m, [0;33mLatency:      3[0m
[0;32mPASS PATTERN NO.8552[0m, [0;33mLatency:      3[0m
[0;32mPASS PATTERN NO.8553[0m, [0;33mLatency:      3[0m
[0;32mPASS PATTERN NO.8554[0m, [0;33mLatency:      3[0m
[0;32mPASS PATTERN NO.8555[0m, [0;33mLatency:      3[0m
[0;32mPASS PATTERN NO.8556[0m, [0;33mLatency:      3[0m
[0;32mPASS PATTERN NO.8557[0m, [0;33mLatency:      3[0m
[0;32mPASS PATTERN NO.8558[0m, [0;33mLatency:      3[0m
[0;32mPASS PATTERN NO.8559[0m, [0;33mLatency:      3[0m
[0;32mPASS PATTERN NO.8560[0m, [0;33mLatency:      3[0m
[0;32mPASS PATTERN NO.8561[0m, [0;33mLatency:      3[0m
[0;32mPASS PATTERN NO.8562[0m, [0;33mLatency:      3[0m
[0;32mPASS PATTERN NO.8563[0m, [0;33mLatency:      3[0m
[0;32mPASS PATTERN NO.8564[0m, [0;33mLatency:      3[0m
[0;32mPASS PATTERN NO.8565[0m, [0;33mLatency:      3[0m
[0;32mPASS PATTERN NO.8566[0m, [0;33mLatency:      3[0m
[0;32mPASS PATTERN NO.8567[0m, [0;33mLatency:      3[0m
[0;32mPASS PATTERN NO.8568[0m, [0;33mLatency:      3[0m
[0;32mPASS PATTERN NO.8569[0m, [0;33mLatency:      3[0m
[0;32mPASS PATTERN NO.8570[0m, [0;33mLatency:      3[0m
[0;32mPASS PATTERN NO.8571[0m, [0;33mLatency:      3[0m
[0;32mPASS PATTERN NO.8572[0m, [0;33mLatency:      3[0m
[0;32mPASS PATTERN NO.8573[0m, [0;33mLatency:      3[0m
[0;32mPASS PATTERN NO.8574[0m, [0;33mLatency:      3[0m
[0;32mPASS PATTERN NO.8575[0m, [0;33mLatency:      3[0m
[0;32mPASS PATTERN NO.8576[0m, [0;33mLatency:      3[0m
[0;32mPASS PATTERN NO.8577[0m, [0;33mLatency:      3[0m
[0;32mPASS PATTERN NO.8578[0m, [0;33mLatency:      3[0m
[0;32mPASS PATTERN NO.8579[0m, [0;33mLatency:      3[0m
[0;32mPASS PATTERN NO.8580[0m, [0;33mLatency:      3[0m
[0;32mPASS PATTERN NO.8581[0m, [0;33mLatency:      3[0m
[0;32mPASS PATTERN NO.8582[0m, [0;33mLatency:      3[0m
[0;32mPASS PATTERN NO.8583[0m, [0;33mLatency:      3[0m
[0;32mPASS PATTERN NO.8584[0m, [0;33mLatency:      3[0m
[0;32mPASS PATTERN NO.8585[0m, [0;33mLatency:      3[0m
[0;32mPASS PATTERN NO.8586[0m, [0;33mLatency:      3[0m
[0;32mPASS PATTERN NO.8587[0m, [0;33mLatency:      3[0m
[0;32mPASS PATTERN NO.8588[0m, [0;33mLatency:      3[0m
[0;32mPASS PATTERN NO.8589[0m, [0;33mLatency:      3[0m
[0;32mPASS PATTERN NO.8590[0m, [0;33mLatency:      3[0m
[0;32mPASS PATTERN NO.8591[0m, [0;33mLatency:      3[0m
[0;32mPASS PATTERN NO.8592[0m, [0;33mLatency:      3[0m
[0;32mPASS PATTERN NO.8593[0m, [0;33mLatency:      3[0m
[0;32mPASS PATTERN NO.8594[0m, [0;33mLatency:      3[0m
[0;32mPASS PATTERN NO.8595[0m, [0;33mLatency:      3[0m
[0;32mPASS PATTERN NO.8596[0m, [0;33mLatency:      3[0m
[0;32mPASS PATTERN NO.8597[0m, [0;33mLatency:      3[0m
[0;32mPASS PATTERN NO.8598[0m, [0;33mLatency:      3[0m
[0;32mPASS PATTERN NO.8599[0m, [0;33mLatency:      3[0m
[0;32mPASS PATTERN NO.8600[0m, [0;33mLatency:      3[0m
[0;32mPASS PATTERN NO.8601[0m, [0;33mLatency:      3[0m
[0;32mPASS PATTERN NO.8602[0m, [0;33mLatency:      3[0m
[0;32mPASS PATTERN NO.8603[0m, [0;33mLatency:      3[0m
[0;32mPASS PATTERN NO.8604[0m, [0;33mLatency:      3[0m
[0;32mPASS PATTERN NO.8605[0m, [0;33mLatency:      3[0m
[0;32mPASS PATTERN NO.8606[0m, [0;33mLatency:      3[0m
[0;32mPASS PATTERN NO.8607[0m, [0;33mLatency:      3[0m
[0;32mPASS PATTERN NO.8608[0m, [0;33mLatency:      3[0m
[0;32mPASS PATTERN NO.8609[0m, [0;33mLatency:      3[0m
[0;32mPASS PATTERN NO.8610[0m, [0;33mLatency:      3[0m
[0;32mPASS PATTERN NO.8611[0m, [0;33mLatency:      3[0m
[0;32mPASS PATTERN NO.8612[0m, [0;33mLatency:      3[0m
[0;32mPASS PATTERN NO.8613[0m, [0;33mLatency:      3[0m
[0;32mPASS PATTERN NO.8614[0m, [0;33mLatency:      3[0m
[0;32mPASS PATTERN NO.8615[0m, [0;33mLatency:      3[0m
[0;32mPASS PATTERN NO.8616[0m, [0;33mLatency:      3[0m
[0;32mPASS PATTERN NO.8617[0m, [0;33mLatency:      3[0m
[0;32mPASS PATTERN NO.8618[0m, [0;33mLatency:      3[0m
[0;32mPASS PATTERN NO.8619[0m, [0;33mLatency:      3[0m
[0;32mPASS PATTERN NO.8620[0m, [0;33mLatency:      3[0m
[0;32mPASS PATTERN NO.8621[0m, [0;33mLatency:      3[0m
[0;32mPASS PATTERN NO.8622[0m, [0;33mLatency:      3[0m
[0;32mPASS PATTERN NO.8623[0m, [0;33mLatency:      3[0m
[0;32mPASS PATTERN NO.8624[0m, [0;33mLatency:      3[0m
[0;32mPASS PATTERN NO.8625[0m, [0;33mLatency:      3[0m
[0;32mPASS PATTERN NO.8626[0m, [0;33mLatency:      3[0m
[0;32mPASS PATTERN NO.8627[0m, [0;33mLatency:      3[0m
[0;32mPASS PATTERN NO.8628[0m, [0;33mLatency:      3[0m
[0;32mPASS PATTERN NO.8629[0m, [0;33mLatency:      3[0m
[0;32mPASS PATTERN NO.8630[0m, [0;33mLatency:      3[0m
[0;32mPASS PATTERN NO.8631[0m, [0;33mLatency:      3[0m
[0;32mPASS PATTERN NO.8632[0m, [0;33mLatency:      3[0m
[0;32mPASS PATTERN NO.8633[0m, [0;33mLatency:      3[0m
[0;32mPASS PATTERN NO.8634[0m, [0;33mLatency:      3[0m
[0;32mPASS PATTERN NO.8635[0m, [0;33mLatency:      3[0m
[0;32mPASS PATTERN NO.8636[0m, [0;33mLatency:      3[0m
[0;32mPASS PATTERN NO.8637[0m, [0;33mLatency:      3[0m
[0;32mPASS PATTERN NO.8638[0m, [0;33mLatency:      3[0m
[0;32mPASS PATTERN NO.8639[0m, [0;33mLatency:      3[0m
[0;32mPASS PATTERN NO.8640[0m, [0;33mLatency:      3[0m
[0;32mPASS PATTERN NO.8641[0m, [0;33mLatency:      3[0m
[0;32mPASS PATTERN NO.8642[0m, [0;33mLatency:      3[0m
[0;32mPASS PATTERN NO.8643[0m, [0;33mLatency:      3[0m
[0;32mPASS PATTERN NO.8644[0m, [0;33mLatency:      3[0m
[0;32mPASS PATTERN NO.8645[0m, [0;33mLatency:      3[0m
[0;32mPASS PATTERN NO.8646[0m, [0;33mLatency:      3[0m
[0;32mPASS PATTERN NO.8647[0m, [0;33mLatency:      3[0m
[0;32mPASS PATTERN NO.8648[0m, [0;33mLatency:      3[0m
[0;32mPASS PATTERN NO.8649[0m, [0;33mLatency:      3[0m
[0;32mPASS PATTERN NO.8650[0m, [0;33mLatency:      3[0m
[0;32mPASS PATTERN NO.8651[0m, [0;33mLatency:      3[0m
[0;32mPASS PATTERN NO.8652[0m, [0;33mLatency:      3[0m
[0;32mPASS PATTERN NO.8653[0m, [0;33mLatency:      3[0m
[0;32mPASS PATTERN NO.8654[0m, [0;33mLatency:      3[0m
[0;32mPASS PATTERN NO.8655[0m, [0;33mLatency:      3[0m
[0;32mPASS PATTERN NO.8656[0m, [0;33mLatency:      3[0m
[0;32mPASS PATTERN NO.8657[0m, [0;33mLatency:      3[0m
[0;32mPASS PATTERN NO.8658[0m, [0;33mLatency:      3[0m
[0;32mPASS PATTERN NO.8659[0m, [0;33mLatency:      3[0m
[0;32mPASS PATTERN NO.8660[0m, [0;33mLatency:      3[0m
[0;32mPASS PATTERN NO.8661[0m, [0;33mLatency:      3[0m
[0;32mPASS PATTERN NO.8662[0m, [0;33mLatency:      3[0m
[0;32mPASS PATTERN NO.8663[0m, [0;33mLatency:      3[0m
[0;32mPASS PATTERN NO.8664[0m, [0;33mLatency:      3[0m
[0;32mPASS PATTERN NO.8665[0m, [0;33mLatency:      3[0m
[0;32mPASS PATTERN NO.8666[0m, [0;33mLatency:      3[0m
[0;32mPASS PATTERN NO.8667[0m, [0;33mLatency:      3[0m
[0;32mPASS PATTERN NO.8668[0m, [0;33mLatency:      3[0m
[0;32mPASS PATTERN NO.8669[0m, [0;33mLatency:      3[0m
[0;32mPASS PATTERN NO.8670[0m, [0;33mLatency:      3[0m
[0;32mPASS PATTERN NO.8671[0m, [0;33mLatency:      3[0m
[0;32mPASS PATTERN NO.8672[0m, [0;33mLatency:      3[0m
[0;32mPASS PATTERN NO.8673[0m, [0;33mLatency:      3[0m
[0;32mPASS PATTERN NO.8674[0m, [0;33mLatency:      3[0m
[0;32mPASS PATTERN NO.8675[0m, [0;33mLatency:      3[0m
[0;32mPASS PATTERN NO.8676[0m, [0;33mLatency:      3[0m
[0;32mPASS PATTERN NO.8677[0m, [0;33mLatency:      3[0m
[0;32mPASS PATTERN NO.8678[0m, [0;33mLatency:      3[0m
[0;32mPASS PATTERN NO.8679[0m, [0;33mLatency:      3[0m
[0;32mPASS PATTERN NO.8680[0m, [0;33mLatency:      3[0m
[0;32mPASS PATTERN NO.8681[0m, [0;33mLatency:      3[0m
[0;32mPASS PATTERN NO.8682[0m, [0;33mLatency:      3[0m
[0;32mPASS PATTERN NO.8683[0m, [0;33mLatency:      3[0m
[0;32mPASS PATTERN NO.8684[0m, [0;33mLatency:      3[0m
[0;32mPASS PATTERN NO.8685[0m, [0;33mLatency:      3[0m
[0;32mPASS PATTERN NO.8686[0m, [0;33mLatency:      3[0m
[0;32mPASS PATTERN NO.8687[0m, [0;33mLatency:      3[0m
[0;32mPASS PATTERN NO.8688[0m, [0;33mLatency:      3[0m
[0;32mPASS PATTERN NO.8689[0m, [0;33mLatency:      3[0m
[0;32mPASS PATTERN NO.8690[0m, [0;33mLatency:      3[0m
[0;32mPASS PATTERN NO.8691[0m, [0;33mLatency:      3[0m
[0;32mPASS PATTERN NO.8692[0m, [0;33mLatency:      3[0m
[0;32mPASS PATTERN NO.8693[0m, [0;33mLatency:      3[0m
[0;32mPASS PATTERN NO.8694[0m, [0;33mLatency:      3[0m
[0;32mPASS PATTERN NO.8695[0m, [0;33mLatency:      3[0m
[0;32mPASS PATTERN NO.8696[0m, [0;33mLatency:      3[0m
[0;32mPASS PATTERN NO.8697[0m, [0;33mLatency:      3[0m
[0;32mPASS PATTERN NO.8698[0m, [0;33mLatency:      3[0m
[0;32mPASS PATTERN NO.8699[0m, [0;33mLatency:      3[0m
[0;32mPASS PATTERN NO.8700[0m, [0;33mLatency:      3[0m
[0;32mPASS PATTERN NO.8701[0m, [0;33mLatency:      3[0m
[0;32mPASS PATTERN NO.8702[0m, [0;33mLatency:      3[0m
[0;32mPASS PATTERN NO.8703[0m, [0;33mLatency:      3[0m
[0;32mPASS PATTERN NO.8704[0m, [0;33mLatency:      3[0m
[0;32mPASS PATTERN NO.8705[0m, [0;33mLatency:      3[0m
[0;32mPASS PATTERN NO.8706[0m, [0;33mLatency:      3[0m
[0;32mPASS PATTERN NO.8707[0m, [0;33mLatency:      3[0m
[0;32mPASS PATTERN NO.8708[0m, [0;33mLatency:      3[0m
[0;32mPASS PATTERN NO.8709[0m, [0;33mLatency:      3[0m
[0;32mPASS PATTERN NO.8710[0m, [0;33mLatency:      3[0m
[0;32mPASS PATTERN NO.8711[0m, [0;33mLatency:      3[0m
[0;32mPASS PATTERN NO.8712[0m, [0;33mLatency:      3[0m
[0;32mPASS PATTERN NO.8713[0m, [0;33mLatency:      3[0m
[0;32mPASS PATTERN NO.8714[0m, [0;33mLatency:      3[0m
[0;32mPASS PATTERN NO.8715[0m, [0;33mLatency:      3[0m
[0;32mPASS PATTERN NO.8716[0m, [0;33mLatency:      3[0m
[0;32mPASS PATTERN NO.8717[0m, [0;33mLatency:      3[0m
[0;32mPASS PATTERN NO.8718[0m, [0;33mLatency:      3[0m
[0;32mPASS PATTERN NO.8719[0m, [0;33mLatency:      3[0m
[0;32mPASS PATTERN NO.8720[0m, [0;33mLatency:      3[0m
[0;32mPASS PATTERN NO.8721[0m, [0;33mLatency:      3[0m
[0;32mPASS PATTERN NO.8722[0m, [0;33mLatency:      3[0m
[0;32mPASS PATTERN NO.8723[0m, [0;33mLatency:      3[0m
[0;32mPASS PATTERN NO.8724[0m, [0;33mLatency:      3[0m
[0;32mPASS PATTERN NO.8725[0m, [0;33mLatency:      3[0m
[0;32mPASS PATTERN NO.8726[0m, [0;33mLatency:      3[0m
[0;32mPASS PATTERN NO.8727[0m, [0;33mLatency:      3[0m
[0;32mPASS PATTERN NO.8728[0m, [0;33mLatency:      3[0m
[0;32mPASS PATTERN NO.8729[0m, [0;33mLatency:      3[0m
[0;32mPASS PATTERN NO.8730[0m, [0;33mLatency:      3[0m
[0;32mPASS PATTERN NO.8731[0m, [0;33mLatency:      3[0m
[0;32mPASS PATTERN NO.8732[0m, [0;33mLatency:      3[0m
[0;32mPASS PATTERN NO.8733[0m, [0;33mLatency:      3[0m
[0;32mPASS PATTERN NO.8734[0m, [0;33mLatency:      3[0m
[0;32mPASS PATTERN NO.8735[0m, [0;33mLatency:      3[0m
[0;32mPASS PATTERN NO.8736[0m, [0;33mLatency:      3[0m
[0;32mPASS PATTERN NO.8737[0m, [0;33mLatency:      3[0m
[0;32mPASS PATTERN NO.8738[0m, [0;33mLatency:      3[0m
[0;32mPASS PATTERN NO.8739[0m, [0;33mLatency:      3[0m
[0;32mPASS PATTERN NO.8740[0m, [0;33mLatency:      3[0m
[0;32mPASS PATTERN NO.8741[0m, [0;33mLatency:      3[0m
[0;32mPASS PATTERN NO.8742[0m, [0;33mLatency:      3[0m
[0;32mPASS PATTERN NO.8743[0m, [0;33mLatency:      3[0m
[0;32mPASS PATTERN NO.8744[0m, [0;33mLatency:      3[0m
[0;32mPASS PATTERN NO.8745[0m, [0;33mLatency:      3[0m
[0;32mPASS PATTERN NO.8746[0m, [0;33mLatency:      3[0m
[0;32mPASS PATTERN NO.8747[0m, [0;33mLatency:      3[0m
[0;32mPASS PATTERN NO.8748[0m, [0;33mLatency:      3[0m
[0;32mPASS PATTERN NO.8749[0m, [0;33mLatency:      3[0m
[0;32mPASS PATTERN NO.8750[0m, [0;33mLatency:      3[0m
[0;32mPASS PATTERN NO.8751[0m, [0;33mLatency:      3[0m
[0;32mPASS PATTERN NO.8752[0m, [0;33mLatency:      3[0m
[0;32mPASS PATTERN NO.8753[0m, [0;33mLatency:      3[0m
[0;32mPASS PATTERN NO.8754[0m, [0;33mLatency:      3[0m
[0;32mPASS PATTERN NO.8755[0m, [0;33mLatency:      3[0m
[0;32mPASS PATTERN NO.8756[0m, [0;33mLatency:      3[0m
[0;32mPASS PATTERN NO.8757[0m, [0;33mLatency:      3[0m
[0;32mPASS PATTERN NO.8758[0m, [0;33mLatency:      3[0m
[0;32mPASS PATTERN NO.8759[0m, [0;33mLatency:      3[0m
[0;32mPASS PATTERN NO.8760[0m, [0;33mLatency:      3[0m
[0;32mPASS PATTERN NO.8761[0m, [0;33mLatency:      3[0m
[0;32mPASS PATTERN NO.8762[0m, [0;33mLatency:      3[0m
[0;32mPASS PATTERN NO.8763[0m, [0;33mLatency:      3[0m
[0;32mPASS PATTERN NO.8764[0m, [0;33mLatency:      3[0m
[0;32mPASS PATTERN NO.8765[0m, [0;33mLatency:      3[0m
[0;32mPASS PATTERN NO.8766[0m, [0;33mLatency:      3[0m
[0;32mPASS PATTERN NO.8767[0m, [0;33mLatency:      3[0m
[0;32mPASS PATTERN NO.8768[0m, [0;33mLatency:      3[0m
[0;32mPASS PATTERN NO.8769[0m, [0;33mLatency:      3[0m
[0;32mPASS PATTERN NO.8770[0m, [0;33mLatency:      3[0m
[0;32mPASS PATTERN NO.8771[0m, [0;33mLatency:      3[0m
[0;32mPASS PATTERN NO.8772[0m, [0;33mLatency:      3[0m
[0;32mPASS PATTERN NO.8773[0m, [0;33mLatency:      3[0m
[0;32mPASS PATTERN NO.8774[0m, [0;33mLatency:      3[0m
[0;32mPASS PATTERN NO.8775[0m, [0;33mLatency:      3[0m
[0;32mPASS PATTERN NO.8776[0m, [0;33mLatency:      3[0m
[0;32mPASS PATTERN NO.8777[0m, [0;33mLatency:      3[0m
[0;32mPASS PATTERN NO.8778[0m, [0;33mLatency:      3[0m
[0;32mPASS PATTERN NO.8779[0m, [0;33mLatency:      3[0m
[0;32mPASS PATTERN NO.8780[0m, [0;33mLatency:      3[0m
[0;32mPASS PATTERN NO.8781[0m, [0;33mLatency:      3[0m
[0;32mPASS PATTERN NO.8782[0m, [0;33mLatency:      3[0m
[0;32mPASS PATTERN NO.8783[0m, [0;33mLatency:      3[0m
[0;32mPASS PATTERN NO.8784[0m, [0;33mLatency:      3[0m
[0;32mPASS PATTERN NO.8785[0m, [0;33mLatency:      3[0m
[0;32mPASS PATTERN NO.8786[0m, [0;33mLatency:      3[0m
[0;32mPASS PATTERN NO.8787[0m, [0;33mLatency:      3[0m
[0;32mPASS PATTERN NO.8788[0m, [0;33mLatency:      3[0m
[0;32mPASS PATTERN NO.8789[0m, [0;33mLatency:      3[0m
[0;32mPASS PATTERN NO.8790[0m, [0;33mLatency:      3[0m
[0;32mPASS PATTERN NO.8791[0m, [0;33mLatency:      3[0m
[0;32mPASS PATTERN NO.8792[0m, [0;33mLatency:      3[0m
[0;32mPASS PATTERN NO.8793[0m, [0;33mLatency:      3[0m
[0;32mPASS PATTERN NO.8794[0m, [0;33mLatency:      3[0m
[0;32mPASS PATTERN NO.8795[0m, [0;33mLatency:      3[0m
[0;32mPASS PATTERN NO.8796[0m, [0;33mLatency:      3[0m
[0;32mPASS PATTERN NO.8797[0m, [0;33mLatency:      3[0m
[0;32mPASS PATTERN NO.8798[0m, [0;33mLatency:      3[0m
[0;32mPASS PATTERN NO.8799[0m, [0;33mLatency:      3[0m
[0;32mPASS PATTERN NO.8800[0m, [0;33mLatency:      3[0m
[0;32mPASS PATTERN NO.8801[0m, [0;33mLatency:      3[0m
[0;32mPASS PATTERN NO.8802[0m, [0;33mLatency:      3[0m
[0;32mPASS PATTERN NO.8803[0m, [0;33mLatency:      3[0m
[0;32mPASS PATTERN NO.8804[0m, [0;33mLatency:      3[0m
[0;32mPASS PATTERN NO.8805[0m, [0;33mLatency:      3[0m
[0;32mPASS PATTERN NO.8806[0m, [0;33mLatency:      3[0m
[0;32mPASS PATTERN NO.8807[0m, [0;33mLatency:      3[0m
[0;32mPASS PATTERN NO.8808[0m, [0;33mLatency:      3[0m
[0;32mPASS PATTERN NO.8809[0m, [0;33mLatency:      3[0m
[0;32mPASS PATTERN NO.8810[0m, [0;33mLatency:      3[0m
[0;32mPASS PATTERN NO.8811[0m, [0;33mLatency:      3[0m
[0;32mPASS PATTERN NO.8812[0m, [0;33mLatency:      3[0m
[0;32mPASS PATTERN NO.8813[0m, [0;33mLatency:      3[0m
[0;32mPASS PATTERN NO.8814[0m, [0;33mLatency:      3[0m
[0;32mPASS PATTERN NO.8815[0m, [0;33mLatency:      3[0m
[0;32mPASS PATTERN NO.8816[0m, [0;33mLatency:      3[0m
[0;32mPASS PATTERN NO.8817[0m, [0;33mLatency:      3[0m
[0;32mPASS PATTERN NO.8818[0m, [0;33mLatency:      3[0m
[0;32mPASS PATTERN NO.8819[0m, [0;33mLatency:      3[0m
[0;32mPASS PATTERN NO.8820[0m, [0;33mLatency:      3[0m
[0;32mPASS PATTERN NO.8821[0m, [0;33mLatency:      3[0m
[0;32mPASS PATTERN NO.8822[0m, [0;33mLatency:      3[0m
[0;32mPASS PATTERN NO.8823[0m, [0;33mLatency:      3[0m
[0;32mPASS PATTERN NO.8824[0m, [0;33mLatency:      3[0m
[0;32mPASS PATTERN NO.8825[0m, [0;33mLatency:      3[0m
[0;32mPASS PATTERN NO.8826[0m, [0;33mLatency:      3[0m
[0;32mPASS PATTERN NO.8827[0m, [0;33mLatency:      3[0m
[0;32mPASS PATTERN NO.8828[0m, [0;33mLatency:      3[0m
[0;32mPASS PATTERN NO.8829[0m, [0;33mLatency:      3[0m
[0;32mPASS PATTERN NO.8830[0m, [0;33mLatency:      3[0m
[0;32mPASS PATTERN NO.8831[0m, [0;33mLatency:      3[0m
[0;32mPASS PATTERN NO.8832[0m, [0;33mLatency:      3[0m
[0;32mPASS PATTERN NO.8833[0m, [0;33mLatency:      3[0m
[0;32mPASS PATTERN NO.8834[0m, [0;33mLatency:      3[0m
[0;32mPASS PATTERN NO.8835[0m, [0;33mLatency:      3[0m
[0;32mPASS PATTERN NO.8836[0m, [0;33mLatency:      3[0m
[0;32mPASS PATTERN NO.8837[0m, [0;33mLatency:      3[0m
[0;32mPASS PATTERN NO.8838[0m, [0;33mLatency:      3[0m
[0;32mPASS PATTERN NO.8839[0m, [0;33mLatency:      3[0m
[0;32mPASS PATTERN NO.8840[0m, [0;33mLatency:      3[0m
[0;32mPASS PATTERN NO.8841[0m, [0;33mLatency:      3[0m
[0;32mPASS PATTERN NO.8842[0m, [0;33mLatency:      3[0m
[0;32mPASS PATTERN NO.8843[0m, [0;33mLatency:      3[0m
[0;32mPASS PATTERN NO.8844[0m, [0;33mLatency:      3[0m
[0;32mPASS PATTERN NO.8845[0m, [0;33mLatency:      3[0m
[0;32mPASS PATTERN NO.8846[0m, [0;33mLatency:      3[0m
[0;32mPASS PATTERN NO.8847[0m, [0;33mLatency:      3[0m
[0;32mPASS PATTERN NO.8848[0m, [0;33mLatency:      3[0m
[0;32mPASS PATTERN NO.8849[0m, [0;33mLatency:      3[0m
[0;32mPASS PATTERN NO.8850[0m, [0;33mLatency:      3[0m
[0;32mPASS PATTERN NO.8851[0m, [0;33mLatency:      3[0m
[0;32mPASS PATTERN NO.8852[0m, [0;33mLatency:      3[0m
[0;32mPASS PATTERN NO.8853[0m, [0;33mLatency:      3[0m
[0;32mPASS PATTERN NO.8854[0m, [0;33mLatency:      3[0m
[0;32mPASS PATTERN NO.8855[0m, [0;33mLatency:      3[0m
[0;32mPASS PATTERN NO.8856[0m, [0;33mLatency:      3[0m
[0;32mPASS PATTERN NO.8857[0m, [0;33mLatency:      3[0m
[0;32mPASS PATTERN NO.8858[0m, [0;33mLatency:      3[0m
[0;32mPASS PATTERN NO.8859[0m, [0;33mLatency:      3[0m
[0;32mPASS PATTERN NO.8860[0m, [0;33mLatency:      3[0m
[0;32mPASS PATTERN NO.8861[0m, [0;33mLatency:      3[0m
[0;32mPASS PATTERN NO.8862[0m, [0;33mLatency:      3[0m
[0;32mPASS PATTERN NO.8863[0m, [0;33mLatency:      3[0m
[0;32mPASS PATTERN NO.8864[0m, [0;33mLatency:      3[0m
[0;32mPASS PATTERN NO.8865[0m, [0;33mLatency:      3[0m
[0;32mPASS PATTERN NO.8866[0m, [0;33mLatency:      3[0m
[0;32mPASS PATTERN NO.8867[0m, [0;33mLatency:      3[0m
[0;32mPASS PATTERN NO.8868[0m, [0;33mLatency:      3[0m
[0;32mPASS PATTERN NO.8869[0m, [0;33mLatency:      3[0m
[0;32mPASS PATTERN NO.8870[0m, [0;33mLatency:      3[0m
[0;32mPASS PATTERN NO.8871[0m, [0;33mLatency:      3[0m
[0;32mPASS PATTERN NO.8872[0m, [0;33mLatency:      3[0m
[0;32mPASS PATTERN NO.8873[0m, [0;33mLatency:      3[0m
[0;32mPASS PATTERN NO.8874[0m, [0;33mLatency:      3[0m
[0;32mPASS PATTERN NO.8875[0m, [0;33mLatency:      3[0m
[0;32mPASS PATTERN NO.8876[0m, [0;33mLatency:      3[0m
[0;32mPASS PATTERN NO.8877[0m, [0;33mLatency:      3[0m
[0;32mPASS PATTERN NO.8878[0m, [0;33mLatency:      3[0m
[0;32mPASS PATTERN NO.8879[0m, [0;33mLatency:      3[0m
[0;32mPASS PATTERN NO.8880[0m, [0;33mLatency:      3[0m
[0;32mPASS PATTERN NO.8881[0m, [0;33mLatency:      3[0m
[0;32mPASS PATTERN NO.8882[0m, [0;33mLatency:      3[0m
[0;32mPASS PATTERN NO.8883[0m, [0;33mLatency:      3[0m
[0;32mPASS PATTERN NO.8884[0m, [0;33mLatency:      3[0m
[0;32mPASS PATTERN NO.8885[0m, [0;33mLatency:      3[0m
[0;32mPASS PATTERN NO.8886[0m, [0;33mLatency:      3[0m
[0;32mPASS PATTERN NO.8887[0m, [0;33mLatency:      3[0m
[0;32mPASS PATTERN NO.8888[0m, [0;33mLatency:      3[0m
[0;32mPASS PATTERN NO.8889[0m, [0;33mLatency:      3[0m
[0;32mPASS PATTERN NO.8890[0m, [0;33mLatency:      3[0m
[0;32mPASS PATTERN NO.8891[0m, [0;33mLatency:      3[0m
[0;32mPASS PATTERN NO.8892[0m, [0;33mLatency:      3[0m
[0;32mPASS PATTERN NO.8893[0m, [0;33mLatency:      3[0m
[0;32mPASS PATTERN NO.8894[0m, [0;33mLatency:      3[0m
[0;32mPASS PATTERN NO.8895[0m, [0;33mLatency:      3[0m
[0;32mPASS PATTERN NO.8896[0m, [0;33mLatency:      3[0m
[0;32mPASS PATTERN NO.8897[0m, [0;33mLatency:      3[0m
[0;32mPASS PATTERN NO.8898[0m, [0;33mLatency:      3[0m
[0;32mPASS PATTERN NO.8899[0m, [0;33mLatency:      3[0m
[0;32mPASS PATTERN NO.8900[0m, [0;33mLatency:      3[0m
[0;32mPASS PATTERN NO.8901[0m, [0;33mLatency:      3[0m
[0;32mPASS PATTERN NO.8902[0m, [0;33mLatency:      3[0m
[0;32mPASS PATTERN NO.8903[0m, [0;33mLatency:      3[0m
[0;32mPASS PATTERN NO.8904[0m, [0;33mLatency:      3[0m
[0;32mPASS PATTERN NO.8905[0m, [0;33mLatency:      3[0m
[0;32mPASS PATTERN NO.8906[0m, [0;33mLatency:      3[0m
[0;32mPASS PATTERN NO.8907[0m, [0;33mLatency:      3[0m
[0;32mPASS PATTERN NO.8908[0m, [0;33mLatency:      3[0m
[0;32mPASS PATTERN NO.8909[0m, [0;33mLatency:      3[0m
[0;32mPASS PATTERN NO.8910[0m, [0;33mLatency:      3[0m
[0;32mPASS PATTERN NO.8911[0m, [0;33mLatency:      3[0m
[0;32mPASS PATTERN NO.8912[0m, [0;33mLatency:      3[0m
[0;32mPASS PATTERN NO.8913[0m, [0;33mLatency:      3[0m
[0;32mPASS PATTERN NO.8914[0m, [0;33mLatency:      3[0m
[0;32mPASS PATTERN NO.8915[0m, [0;33mLatency:      3[0m
[0;32mPASS PATTERN NO.8916[0m, [0;33mLatency:      3[0m
[0;32mPASS PATTERN NO.8917[0m, [0;33mLatency:      3[0m
[0;32mPASS PATTERN NO.8918[0m, [0;33mLatency:      3[0m
[0;32mPASS PATTERN NO.8919[0m, [0;33mLatency:      3[0m
[0;32mPASS PATTERN NO.8920[0m, [0;33mLatency:      3[0m
[0;32mPASS PATTERN NO.8921[0m, [0;33mLatency:      3[0m
[0;32mPASS PATTERN NO.8922[0m, [0;33mLatency:      3[0m
[0;32mPASS PATTERN NO.8923[0m, [0;33mLatency:      3[0m
[0;32mPASS PATTERN NO.8924[0m, [0;33mLatency:      3[0m
[0;32mPASS PATTERN NO.8925[0m, [0;33mLatency:      3[0m
[0;32mPASS PATTERN NO.8926[0m, [0;33mLatency:      3[0m
[0;32mPASS PATTERN NO.8927[0m, [0;33mLatency:      3[0m
[0;32mPASS PATTERN NO.8928[0m, [0;33mLatency:      3[0m
[0;32mPASS PATTERN NO.8929[0m, [0;33mLatency:      3[0m
[0;32mPASS PATTERN NO.8930[0m, [0;33mLatency:      3[0m
[0;32mPASS PATTERN NO.8931[0m, [0;33mLatency:      3[0m
[0;32mPASS PATTERN NO.8932[0m, [0;33mLatency:      3[0m
[0;32mPASS PATTERN NO.8933[0m, [0;33mLatency:      3[0m
[0;32mPASS PATTERN NO.8934[0m, [0;33mLatency:      3[0m
[0;32mPASS PATTERN NO.8935[0m, [0;33mLatency:      3[0m
[0;32mPASS PATTERN NO.8936[0m, [0;33mLatency:      3[0m
[0;32mPASS PATTERN NO.8937[0m, [0;33mLatency:      3[0m
[0;32mPASS PATTERN NO.8938[0m, [0;33mLatency:      3[0m
[0;32mPASS PATTERN NO.8939[0m, [0;33mLatency:      3[0m
[0;32mPASS PATTERN NO.8940[0m, [0;33mLatency:      3[0m
[0;32mPASS PATTERN NO.8941[0m, [0;33mLatency:      3[0m
[0;32mPASS PATTERN NO.8942[0m, [0;33mLatency:      3[0m
[0;32mPASS PATTERN NO.8943[0m, [0;33mLatency:      3[0m
[0;32mPASS PATTERN NO.8944[0m, [0;33mLatency:      3[0m
[0;32mPASS PATTERN NO.8945[0m, [0;33mLatency:      3[0m
[0;32mPASS PATTERN NO.8946[0m, [0;33mLatency:      3[0m
[0;32mPASS PATTERN NO.8947[0m, [0;33mLatency:      3[0m
[0;32mPASS PATTERN NO.8948[0m, [0;33mLatency:      3[0m
[0;32mPASS PATTERN NO.8949[0m, [0;33mLatency:      3[0m
[0;32mPASS PATTERN NO.8950[0m, [0;33mLatency:      3[0m
[0;32mPASS PATTERN NO.8951[0m, [0;33mLatency:      3[0m
[0;32mPASS PATTERN NO.8952[0m, [0;33mLatency:      3[0m
[0;32mPASS PATTERN NO.8953[0m, [0;33mLatency:      3[0m
[0;32mPASS PATTERN NO.8954[0m, [0;33mLatency:      3[0m
[0;32mPASS PATTERN NO.8955[0m, [0;33mLatency:      3[0m
[0;32mPASS PATTERN NO.8956[0m, [0;33mLatency:      3[0m
[0;32mPASS PATTERN NO.8957[0m, [0;33mLatency:      3[0m
[0;32mPASS PATTERN NO.8958[0m, [0;33mLatency:      3[0m
[0;32mPASS PATTERN NO.8959[0m, [0;33mLatency:      3[0m
[0;32mPASS PATTERN NO.8960[0m, [0;33mLatency:      3[0m
[0;32mPASS PATTERN NO.8961[0m, [0;33mLatency:      3[0m
[0;32mPASS PATTERN NO.8962[0m, [0;33mLatency:      3[0m
[0;32mPASS PATTERN NO.8963[0m, [0;33mLatency:      3[0m
[0;32mPASS PATTERN NO.8964[0m, [0;33mLatency:      3[0m
[0;32mPASS PATTERN NO.8965[0m, [0;33mLatency:      3[0m
[0;32mPASS PATTERN NO.8966[0m, [0;33mLatency:      3[0m
[0;32mPASS PATTERN NO.8967[0m, [0;33mLatency:      3[0m
[0;32mPASS PATTERN NO.8968[0m, [0;33mLatency:      3[0m
[0;32mPASS PATTERN NO.8969[0m, [0;33mLatency:      3[0m
[0;32mPASS PATTERN NO.8970[0m, [0;33mLatency:      3[0m
[0;32mPASS PATTERN NO.8971[0m, [0;33mLatency:      3[0m
[0;32mPASS PATTERN NO.8972[0m, [0;33mLatency:      3[0m
[0;32mPASS PATTERN NO.8973[0m, [0;33mLatency:      3[0m
[0;32mPASS PATTERN NO.8974[0m, [0;33mLatency:      3[0m
[0;32mPASS PATTERN NO.8975[0m, [0;33mLatency:      3[0m
[0;32mPASS PATTERN NO.8976[0m, [0;33mLatency:      3[0m
[0;32mPASS PATTERN NO.8977[0m, [0;33mLatency:      3[0m
[0;32mPASS PATTERN NO.8978[0m, [0;33mLatency:      3[0m
[0;32mPASS PATTERN NO.8979[0m, [0;33mLatency:      3[0m
[0;32mPASS PATTERN NO.8980[0m, [0;33mLatency:      3[0m
[0;32mPASS PATTERN NO.8981[0m, [0;33mLatency:      3[0m
[0;32mPASS PATTERN NO.8982[0m, [0;33mLatency:      3[0m
[0;32mPASS PATTERN NO.8983[0m, [0;33mLatency:      3[0m
[0;32mPASS PATTERN NO.8984[0m, [0;33mLatency:      3[0m
[0;32mPASS PATTERN NO.8985[0m, [0;33mLatency:      3[0m
[0;32mPASS PATTERN NO.8986[0m, [0;33mLatency:      3[0m
[0;32mPASS PATTERN NO.8987[0m, [0;33mLatency:      3[0m
[0;32mPASS PATTERN NO.8988[0m, [0;33mLatency:      3[0m
[0;32mPASS PATTERN NO.8989[0m, [0;33mLatency:      3[0m
[0;32mPASS PATTERN NO.8990[0m, [0;33mLatency:      3[0m
[0;32mPASS PATTERN NO.8991[0m, [0;33mLatency:      3[0m
[0;32mPASS PATTERN NO.8992[0m, [0;33mLatency:      3[0m
[0;32mPASS PATTERN NO.8993[0m, [0;33mLatency:      3[0m
[0;32mPASS PATTERN NO.8994[0m, [0;33mLatency:      3[0m
[0;32mPASS PATTERN NO.8995[0m, [0;33mLatency:      3[0m
[0;32mPASS PATTERN NO.8996[0m, [0;33mLatency:      3[0m
[0;32mPASS PATTERN NO.8997[0m, [0;33mLatency:      3[0m
[0;32mPASS PATTERN NO.8998[0m, [0;33mLatency:      3[0m
[0;32mPASS PATTERN NO.8999[0m, [0;33mLatency:      3[0m
[0;32mPASS PATTERN NO.9000[0m, [0;33mLatency:      3[0m
[0;32mPASS PATTERN NO.9001[0m, [0;33mLatency:      3[0m
[0;32mPASS PATTERN NO.9002[0m, [0;33mLatency:      3[0m
[0;32mPASS PATTERN NO.9003[0m, [0;33mLatency:      3[0m
[0;32mPASS PATTERN NO.9004[0m, [0;33mLatency:      3[0m
[0;32mPASS PATTERN NO.9005[0m, [0;33mLatency:      3[0m
[0;32mPASS PATTERN NO.9006[0m, [0;33mLatency:      3[0m
[0;32mPASS PATTERN NO.9007[0m, [0;33mLatency:      3[0m
[0;32mPASS PATTERN NO.9008[0m, [0;33mLatency:      3[0m
[0;32mPASS PATTERN NO.9009[0m, [0;33mLatency:      3[0m
[0;32mPASS PATTERN NO.9010[0m, [0;33mLatency:      3[0m
[0;32mPASS PATTERN NO.9011[0m, [0;33mLatency:      3[0m
[0;32mPASS PATTERN NO.9012[0m, [0;33mLatency:      3[0m
[0;32mPASS PATTERN NO.9013[0m, [0;33mLatency:      3[0m
[0;32mPASS PATTERN NO.9014[0m, [0;33mLatency:      3[0m
[0;32mPASS PATTERN NO.9015[0m, [0;33mLatency:      3[0m
[0;32mPASS PATTERN NO.9016[0m, [0;33mLatency:      3[0m
[0;32mPASS PATTERN NO.9017[0m, [0;33mLatency:      3[0m
[0;32mPASS PATTERN NO.9018[0m, [0;33mLatency:      3[0m
[0;32mPASS PATTERN NO.9019[0m, [0;33mLatency:      3[0m
[0;32mPASS PATTERN NO.9020[0m, [0;33mLatency:      3[0m
[0;32mPASS PATTERN NO.9021[0m, [0;33mLatency:      3[0m
[0;32mPASS PATTERN NO.9022[0m, [0;33mLatency:      3[0m
[0;32mPASS PATTERN NO.9023[0m, [0;33mLatency:      3[0m
[0;32mPASS PATTERN NO.9024[0m, [0;33mLatency:      3[0m
[0;32mPASS PATTERN NO.9025[0m, [0;33mLatency:      3[0m
[0;32mPASS PATTERN NO.9026[0m, [0;33mLatency:      3[0m
[0;32mPASS PATTERN NO.9027[0m, [0;33mLatency:      3[0m
[0;32mPASS PATTERN NO.9028[0m, [0;33mLatency:      3[0m
[0;32mPASS PATTERN NO.9029[0m, [0;33mLatency:      3[0m
[0;32mPASS PATTERN NO.9030[0m, [0;33mLatency:      3[0m
[0;32mPASS PATTERN NO.9031[0m, [0;33mLatency:      3[0m
[0;32mPASS PATTERN NO.9032[0m, [0;33mLatency:      3[0m
[0;32mPASS PATTERN NO.9033[0m, [0;33mLatency:      3[0m
[0;32mPASS PATTERN NO.9034[0m, [0;33mLatency:      3[0m
[0;32mPASS PATTERN NO.9035[0m, [0;33mLatency:      3[0m
[0;32mPASS PATTERN NO.9036[0m, [0;33mLatency:      3[0m
[0;32mPASS PATTERN NO.9037[0m, [0;33mLatency:      3[0m
[0;32mPASS PATTERN NO.9038[0m, [0;33mLatency:      3[0m
[0;32mPASS PATTERN NO.9039[0m, [0;33mLatency:      3[0m
[0;32mPASS PATTERN NO.9040[0m, [0;33mLatency:      3[0m
[0;32mPASS PATTERN NO.9041[0m, [0;33mLatency:      3[0m
[0;32mPASS PATTERN NO.9042[0m, [0;33mLatency:      3[0m
[0;32mPASS PATTERN NO.9043[0m, [0;33mLatency:      3[0m
[0;32mPASS PATTERN NO.9044[0m, [0;33mLatency:      3[0m
[0;32mPASS PATTERN NO.9045[0m, [0;33mLatency:      3[0m
[0;32mPASS PATTERN NO.9046[0m, [0;33mLatency:      3[0m
[0;32mPASS PATTERN NO.9047[0m, [0;33mLatency:      3[0m
[0;32mPASS PATTERN NO.9048[0m, [0;33mLatency:      3[0m
[0;32mPASS PATTERN NO.9049[0m, [0;33mLatency:      3[0m
[0;32mPASS PATTERN NO.9050[0m, [0;33mLatency:      3[0m
[0;32mPASS PATTERN NO.9051[0m, [0;33mLatency:      3[0m
[0;32mPASS PATTERN NO.9052[0m, [0;33mLatency:      3[0m
[0;32mPASS PATTERN NO.9053[0m, [0;33mLatency:      3[0m
[0;32mPASS PATTERN NO.9054[0m, [0;33mLatency:      3[0m
[0;32mPASS PATTERN NO.9055[0m, [0;33mLatency:      3[0m
[0;32mPASS PATTERN NO.9056[0m, [0;33mLatency:      3[0m
[0;32mPASS PATTERN NO.9057[0m, [0;33mLatency:      3[0m
[0;32mPASS PATTERN NO.9058[0m, [0;33mLatency:      3[0m
[0;32mPASS PATTERN NO.9059[0m, [0;33mLatency:      3[0m
[0;32mPASS PATTERN NO.9060[0m, [0;33mLatency:      3[0m
[0;32mPASS PATTERN NO.9061[0m, [0;33mLatency:      3[0m
[0;32mPASS PATTERN NO.9062[0m, [0;33mLatency:      3[0m
[0;32mPASS PATTERN NO.9063[0m, [0;33mLatency:      3[0m
[0;32mPASS PATTERN NO.9064[0m, [0;33mLatency:      3[0m
[0;32mPASS PATTERN NO.9065[0m, [0;33mLatency:      3[0m
[0;32mPASS PATTERN NO.9066[0m, [0;33mLatency:      3[0m
[0;32mPASS PATTERN NO.9067[0m, [0;33mLatency:      3[0m
[0;32mPASS PATTERN NO.9068[0m, [0;33mLatency:      3[0m
[0;32mPASS PATTERN NO.9069[0m, [0;33mLatency:      3[0m
[0;32mPASS PATTERN NO.9070[0m, [0;33mLatency:      3[0m
[0;32mPASS PATTERN NO.9071[0m, [0;33mLatency:      3[0m
[0;32mPASS PATTERN NO.9072[0m, [0;33mLatency:      3[0m
[0;32mPASS PATTERN NO.9073[0m, [0;33mLatency:      3[0m
[0;32mPASS PATTERN NO.9074[0m, [0;33mLatency:      3[0m
[0;32mPASS PATTERN NO.9075[0m, [0;33mLatency:      3[0m
[0;32mPASS PATTERN NO.9076[0m, [0;33mLatency:      3[0m
[0;32mPASS PATTERN NO.9077[0m, [0;33mLatency:      3[0m
[0;32mPASS PATTERN NO.9078[0m, [0;33mLatency:      3[0m
[0;32mPASS PATTERN NO.9079[0m, [0;33mLatency:      3[0m
[0;32mPASS PATTERN NO.9080[0m, [0;33mLatency:      3[0m
[0;32mPASS PATTERN NO.9081[0m, [0;33mLatency:      3[0m
[0;32mPASS PATTERN NO.9082[0m, [0;33mLatency:      3[0m
[0;32mPASS PATTERN NO.9083[0m, [0;33mLatency:      3[0m
[0;32mPASS PATTERN NO.9084[0m, [0;33mLatency:      3[0m
[0;32mPASS PATTERN NO.9085[0m, [0;33mLatency:      3[0m
[0;32mPASS PATTERN NO.9086[0m, [0;33mLatency:      3[0m
[0;32mPASS PATTERN NO.9087[0m, [0;33mLatency:      3[0m
[0;32mPASS PATTERN NO.9088[0m, [0;33mLatency:      3[0m
[0;32mPASS PATTERN NO.9089[0m, [0;33mLatency:      3[0m
[0;32mPASS PATTERN NO.9090[0m, [0;33mLatency:      3[0m
[0;32mPASS PATTERN NO.9091[0m, [0;33mLatency:      3[0m
[0;32mPASS PATTERN NO.9092[0m, [0;33mLatency:      3[0m
[0;32mPASS PATTERN NO.9093[0m, [0;33mLatency:      3[0m
[0;32mPASS PATTERN NO.9094[0m, [0;33mLatency:      3[0m
[0;32mPASS PATTERN NO.9095[0m, [0;33mLatency:      3[0m
[0;32mPASS PATTERN NO.9096[0m, [0;33mLatency:      3[0m
[0;32mPASS PATTERN NO.9097[0m, [0;33mLatency:      3[0m
[0;32mPASS PATTERN NO.9098[0m, [0;33mLatency:      3[0m
[0;32mPASS PATTERN NO.9099[0m, [0;33mLatency:      3[0m
[0;32mPASS PATTERN NO.9100[0m, [0;33mLatency:      3[0m
[0;32mPASS PATTERN NO.9101[0m, [0;33mLatency:      3[0m
[0;32mPASS PATTERN NO.9102[0m, [0;33mLatency:      3[0m
[0;32mPASS PATTERN NO.9103[0m, [0;33mLatency:      3[0m
[0;32mPASS PATTERN NO.9104[0m, [0;33mLatency:      3[0m
[0;32mPASS PATTERN NO.9105[0m, [0;33mLatency:      3[0m
[0;32mPASS PATTERN NO.9106[0m, [0;33mLatency:      3[0m
[0;32mPASS PATTERN NO.9107[0m, [0;33mLatency:      3[0m
[0;32mPASS PATTERN NO.9108[0m, [0;33mLatency:      3[0m
[0;32mPASS PATTERN NO.9109[0m, [0;33mLatency:      3[0m
[0;32mPASS PATTERN NO.9110[0m, [0;33mLatency:      3[0m
[0;32mPASS PATTERN NO.9111[0m, [0;33mLatency:      3[0m
[0;32mPASS PATTERN NO.9112[0m, [0;33mLatency:      3[0m
[0;32mPASS PATTERN NO.9113[0m, [0;33mLatency:      3[0m
[0;32mPASS PATTERN NO.9114[0m, [0;33mLatency:      3[0m
[0;32mPASS PATTERN NO.9115[0m, [0;33mLatency:      3[0m
[0;32mPASS PATTERN NO.9116[0m, [0;33mLatency:      3[0m
[0;32mPASS PATTERN NO.9117[0m, [0;33mLatency:      3[0m
[0;32mPASS PATTERN NO.9118[0m, [0;33mLatency:      3[0m
[0;32mPASS PATTERN NO.9119[0m, [0;33mLatency:      3[0m
[0;32mPASS PATTERN NO.9120[0m, [0;33mLatency:      3[0m
[0;32mPASS PATTERN NO.9121[0m, [0;33mLatency:      3[0m
[0;32mPASS PATTERN NO.9122[0m, [0;33mLatency:      3[0m
[0;32mPASS PATTERN NO.9123[0m, [0;33mLatency:      3[0m
[0;32mPASS PATTERN NO.9124[0m, [0;33mLatency:      3[0m
[0;32mPASS PATTERN NO.9125[0m, [0;33mLatency:      3[0m
[0;32mPASS PATTERN NO.9126[0m, [0;33mLatency:      3[0m
[0;32mPASS PATTERN NO.9127[0m, [0;33mLatency:      3[0m
[0;32mPASS PATTERN NO.9128[0m, [0;33mLatency:      3[0m
[0;32mPASS PATTERN NO.9129[0m, [0;33mLatency:      3[0m
[0;32mPASS PATTERN NO.9130[0m, [0;33mLatency:      3[0m
[0;32mPASS PATTERN NO.9131[0m, [0;33mLatency:      3[0m
[0;32mPASS PATTERN NO.9132[0m, [0;33mLatency:      3[0m
[0;32mPASS PATTERN NO.9133[0m, [0;33mLatency:      3[0m
[0;32mPASS PATTERN NO.9134[0m, [0;33mLatency:      3[0m
[0;32mPASS PATTERN NO.9135[0m, [0;33mLatency:      3[0m
[0;32mPASS PATTERN NO.9136[0m, [0;33mLatency:      3[0m
[0;32mPASS PATTERN NO.9137[0m, [0;33mLatency:      3[0m
[0;32mPASS PATTERN NO.9138[0m, [0;33mLatency:      3[0m
[0;32mPASS PATTERN NO.9139[0m, [0;33mLatency:      3[0m
[0;32mPASS PATTERN NO.9140[0m, [0;33mLatency:      3[0m
[0;32mPASS PATTERN NO.9141[0m, [0;33mLatency:      3[0m
[0;32mPASS PATTERN NO.9142[0m, [0;33mLatency:      3[0m
[0;32mPASS PATTERN NO.9143[0m, [0;33mLatency:      3[0m
[0;32mPASS PATTERN NO.9144[0m, [0;33mLatency:      3[0m
[0;32mPASS PATTERN NO.9145[0m, [0;33mLatency:      3[0m
[0;32mPASS PATTERN NO.9146[0m, [0;33mLatency:      3[0m
[0;32mPASS PATTERN NO.9147[0m, [0;33mLatency:      3[0m
[0;32mPASS PATTERN NO.9148[0m, [0;33mLatency:      3[0m
[0;32mPASS PATTERN NO.9149[0m, [0;33mLatency:      3[0m
[0;32mPASS PATTERN NO.9150[0m, [0;33mLatency:      3[0m
[0;32mPASS PATTERN NO.9151[0m, [0;33mLatency:      3[0m
[0;32mPASS PATTERN NO.9152[0m, [0;33mLatency:      3[0m
[0;32mPASS PATTERN NO.9153[0m, [0;33mLatency:      3[0m
[0;32mPASS PATTERN NO.9154[0m, [0;33mLatency:      3[0m
[0;32mPASS PATTERN NO.9155[0m, [0;33mLatency:      3[0m
[0;32mPASS PATTERN NO.9156[0m, [0;33mLatency:      3[0m
[0;32mPASS PATTERN NO.9157[0m, [0;33mLatency:      3[0m
[0;32mPASS PATTERN NO.9158[0m, [0;33mLatency:      3[0m
[0;32mPASS PATTERN NO.9159[0m, [0;33mLatency:      3[0m
[0;32mPASS PATTERN NO.9160[0m, [0;33mLatency:      3[0m
[0;32mPASS PATTERN NO.9161[0m, [0;33mLatency:      3[0m
[0;32mPASS PATTERN NO.9162[0m, [0;33mLatency:      3[0m
[0;32mPASS PATTERN NO.9163[0m, [0;33mLatency:      3[0m
[0;32mPASS PATTERN NO.9164[0m, [0;33mLatency:      3[0m
[0;32mPASS PATTERN NO.9165[0m, [0;33mLatency:      3[0m
[0;32mPASS PATTERN NO.9166[0m, [0;33mLatency:      3[0m
[0;32mPASS PATTERN NO.9167[0m, [0;33mLatency:      3[0m
[0;32mPASS PATTERN NO.9168[0m, [0;33mLatency:      3[0m
[0;32mPASS PATTERN NO.9169[0m, [0;33mLatency:      3[0m
[0;32mPASS PATTERN NO.9170[0m, [0;33mLatency:      3[0m
[0;32mPASS PATTERN NO.9171[0m, [0;33mLatency:      3[0m
[0;32mPASS PATTERN NO.9172[0m, [0;33mLatency:      3[0m
[0;32mPASS PATTERN NO.9173[0m, [0;33mLatency:      3[0m
[0;32mPASS PATTERN NO.9174[0m, [0;33mLatency:      3[0m
[0;32mPASS PATTERN NO.9175[0m, [0;33mLatency:      3[0m
[0;32mPASS PATTERN NO.9176[0m, [0;33mLatency:      3[0m
[0;32mPASS PATTERN NO.9177[0m, [0;33mLatency:      3[0m
[0;32mPASS PATTERN NO.9178[0m, [0;33mLatency:      3[0m
[0;32mPASS PATTERN NO.9179[0m, [0;33mLatency:      3[0m
[0;32mPASS PATTERN NO.9180[0m, [0;33mLatency:      3[0m
[0;32mPASS PATTERN NO.9181[0m, [0;33mLatency:      3[0m
[0;32mPASS PATTERN NO.9182[0m, [0;33mLatency:      3[0m
[0;32mPASS PATTERN NO.9183[0m, [0;33mLatency:      3[0m
[0;32mPASS PATTERN NO.9184[0m, [0;33mLatency:      3[0m
[0;32mPASS PATTERN NO.9185[0m, [0;33mLatency:      3[0m
[0;32mPASS PATTERN NO.9186[0m, [0;33mLatency:      3[0m
[0;32mPASS PATTERN NO.9187[0m, [0;33mLatency:      3[0m
[0;32mPASS PATTERN NO.9188[0m, [0;33mLatency:      3[0m
[0;32mPASS PATTERN NO.9189[0m, [0;33mLatency:      3[0m
[0;32mPASS PATTERN NO.9190[0m, [0;33mLatency:      3[0m
[0;32mPASS PATTERN NO.9191[0m, [0;33mLatency:      3[0m
[0;32mPASS PATTERN NO.9192[0m, [0;33mLatency:      3[0m
[0;32mPASS PATTERN NO.9193[0m, [0;33mLatency:      3[0m
[0;32mPASS PATTERN NO.9194[0m, [0;33mLatency:      3[0m
[0;32mPASS PATTERN NO.9195[0m, [0;33mLatency:      3[0m
[0;32mPASS PATTERN NO.9196[0m, [0;33mLatency:      3[0m
[0;32mPASS PATTERN NO.9197[0m, [0;33mLatency:      3[0m
[0;32mPASS PATTERN NO.9198[0m, [0;33mLatency:      3[0m
[0;32mPASS PATTERN NO.9199[0m, [0;33mLatency:      3[0m
[0;32mPASS PATTERN NO.9200[0m, [0;33mLatency:      3[0m
[0;32mPASS PATTERN NO.9201[0m, [0;33mLatency:      3[0m
[0;32mPASS PATTERN NO.9202[0m, [0;33mLatency:      3[0m
[0;32mPASS PATTERN NO.9203[0m, [0;33mLatency:      3[0m
[0;32mPASS PATTERN NO.9204[0m, [0;33mLatency:      3[0m
[0;32mPASS PATTERN NO.9205[0m, [0;33mLatency:      3[0m
[0;32mPASS PATTERN NO.9206[0m, [0;33mLatency:      3[0m
[0;32mPASS PATTERN NO.9207[0m, [0;33mLatency:      3[0m
[0;32mPASS PATTERN NO.9208[0m, [0;33mLatency:      3[0m
[0;32mPASS PATTERN NO.9209[0m, [0;33mLatency:      3[0m
[0;32mPASS PATTERN NO.9210[0m, [0;33mLatency:      3[0m
[0;32mPASS PATTERN NO.9211[0m, [0;33mLatency:      3[0m
[0;32mPASS PATTERN NO.9212[0m, [0;33mLatency:      3[0m
[0;32mPASS PATTERN NO.9213[0m, [0;33mLatency:      3[0m
[0;32mPASS PATTERN NO.9214[0m, [0;33mLatency:      3[0m
[0;32mPASS PATTERN NO.9215[0m, [0;33mLatency:      3[0m
[0;32mPASS PATTERN NO.9216[0m, [0;33mLatency:      3[0m
[0;32mPASS PATTERN NO.9217[0m, [0;33mLatency:      3[0m
[0;32mPASS PATTERN NO.9218[0m, [0;33mLatency:      3[0m
[0;32mPASS PATTERN NO.9219[0m, [0;33mLatency:      3[0m
[0;32mPASS PATTERN NO.9220[0m, [0;33mLatency:      3[0m
[0;32mPASS PATTERN NO.9221[0m, [0;33mLatency:      3[0m
[0;32mPASS PATTERN NO.9222[0m, [0;33mLatency:      3[0m
[0;32mPASS PATTERN NO.9223[0m, [0;33mLatency:      3[0m
[0;32mPASS PATTERN NO.9224[0m, [0;33mLatency:      3[0m
[0;32mPASS PATTERN NO.9225[0m, [0;33mLatency:      3[0m
[0;32mPASS PATTERN NO.9226[0m, [0;33mLatency:      3[0m
[0;32mPASS PATTERN NO.9227[0m, [0;33mLatency:      3[0m
[0;32mPASS PATTERN NO.9228[0m, [0;33mLatency:      3[0m
[0;32mPASS PATTERN NO.9229[0m, [0;33mLatency:      3[0m
[0;32mPASS PATTERN NO.9230[0m, [0;33mLatency:      3[0m
[0;32mPASS PATTERN NO.9231[0m, [0;33mLatency:      3[0m
[0;32mPASS PATTERN NO.9232[0m, [0;33mLatency:      3[0m
[0;32mPASS PATTERN NO.9233[0m, [0;33mLatency:      3[0m
[0;32mPASS PATTERN NO.9234[0m, [0;33mLatency:      3[0m
[0;32mPASS PATTERN NO.9235[0m, [0;33mLatency:      3[0m
[0;32mPASS PATTERN NO.9236[0m, [0;33mLatency:      3[0m
[0;32mPASS PATTERN NO.9237[0m, [0;33mLatency:      3[0m
[0;32mPASS PATTERN NO.9238[0m, [0;33mLatency:      3[0m
[0;32mPASS PATTERN NO.9239[0m, [0;33mLatency:      3[0m
[0;32mPASS PATTERN NO.9240[0m, [0;33mLatency:      3[0m
[0;32mPASS PATTERN NO.9241[0m, [0;33mLatency:      3[0m
[0;32mPASS PATTERN NO.9242[0m, [0;33mLatency:      3[0m
[0;32mPASS PATTERN NO.9243[0m, [0;33mLatency:      3[0m
[0;32mPASS PATTERN NO.9244[0m, [0;33mLatency:      3[0m
[0;32mPASS PATTERN NO.9245[0m, [0;33mLatency:      3[0m
[0;32mPASS PATTERN NO.9246[0m, [0;33mLatency:      3[0m
[0;32mPASS PATTERN NO.9247[0m, [0;33mLatency:      3[0m
[0;32mPASS PATTERN NO.9248[0m, [0;33mLatency:      3[0m
[0;32mPASS PATTERN NO.9249[0m, [0;33mLatency:      3[0m
[0;32mPASS PATTERN NO.9250[0m, [0;33mLatency:      3[0m
[0;32mPASS PATTERN NO.9251[0m, [0;33mLatency:      3[0m
[0;32mPASS PATTERN NO.9252[0m, [0;33mLatency:      3[0m
[0;32mPASS PATTERN NO.9253[0m, [0;33mLatency:      3[0m
[0;32mPASS PATTERN NO.9254[0m, [0;33mLatency:      3[0m
[0;32mPASS PATTERN NO.9255[0m, [0;33mLatency:      3[0m
[0;32mPASS PATTERN NO.9256[0m, [0;33mLatency:      3[0m
[0;32mPASS PATTERN NO.9257[0m, [0;33mLatency:      3[0m
[0;32mPASS PATTERN NO.9258[0m, [0;33mLatency:      3[0m
[0;32mPASS PATTERN NO.9259[0m, [0;33mLatency:      3[0m
[0;32mPASS PATTERN NO.9260[0m, [0;33mLatency:      3[0m
[0;32mPASS PATTERN NO.9261[0m, [0;33mLatency:      3[0m
[0;32mPASS PATTERN NO.9262[0m, [0;33mLatency:      3[0m
[0;32mPASS PATTERN NO.9263[0m, [0;33mLatency:      3[0m
[0;32mPASS PATTERN NO.9264[0m, [0;33mLatency:      3[0m
[0;32mPASS PATTERN NO.9265[0m, [0;33mLatency:      3[0m
[0;32mPASS PATTERN NO.9266[0m, [0;33mLatency:      3[0m
[0;32mPASS PATTERN NO.9267[0m, [0;33mLatency:      3[0m
[0;32mPASS PATTERN NO.9268[0m, [0;33mLatency:      3[0m
[0;32mPASS PATTERN NO.9269[0m, [0;33mLatency:      3[0m
[0;32mPASS PATTERN NO.9270[0m, [0;33mLatency:      3[0m
[0;32mPASS PATTERN NO.9271[0m, [0;33mLatency:      3[0m
[0;32mPASS PATTERN NO.9272[0m, [0;33mLatency:      3[0m
[0;32mPASS PATTERN NO.9273[0m, [0;33mLatency:      3[0m
[0;32mPASS PATTERN NO.9274[0m, [0;33mLatency:      3[0m
[0;32mPASS PATTERN NO.9275[0m, [0;33mLatency:      3[0m
[0;32mPASS PATTERN NO.9276[0m, [0;33mLatency:      3[0m
[0;32mPASS PATTERN NO.9277[0m, [0;33mLatency:      3[0m
[0;32mPASS PATTERN NO.9278[0m, [0;33mLatency:      3[0m
[0;32mPASS PATTERN NO.9279[0m, [0;33mLatency:      3[0m
[0;32mPASS PATTERN NO.9280[0m, [0;33mLatency:      3[0m
[0;32mPASS PATTERN NO.9281[0m, [0;33mLatency:      3[0m
[0;32mPASS PATTERN NO.9282[0m, [0;33mLatency:      3[0m
[0;32mPASS PATTERN NO.9283[0m, [0;33mLatency:      3[0m
[0;32mPASS PATTERN NO.9284[0m, [0;33mLatency:      3[0m
[0;32mPASS PATTERN NO.9285[0m, [0;33mLatency:      3[0m
[0;32mPASS PATTERN NO.9286[0m, [0;33mLatency:      3[0m
[0;32mPASS PATTERN NO.9287[0m, [0;33mLatency:      3[0m
[0;32mPASS PATTERN NO.9288[0m, [0;33mLatency:      3[0m
[0;32mPASS PATTERN NO.9289[0m, [0;33mLatency:      3[0m
[0;32mPASS PATTERN NO.9290[0m, [0;33mLatency:      3[0m
[0;32mPASS PATTERN NO.9291[0m, [0;33mLatency:      3[0m
[0;32mPASS PATTERN NO.9292[0m, [0;33mLatency:      3[0m
[0;32mPASS PATTERN NO.9293[0m, [0;33mLatency:      3[0m
[0;32mPASS PATTERN NO.9294[0m, [0;33mLatency:      3[0m
[0;32mPASS PATTERN NO.9295[0m, [0;33mLatency:      3[0m
[0;32mPASS PATTERN NO.9296[0m, [0;33mLatency:      3[0m
[0;32mPASS PATTERN NO.9297[0m, [0;33mLatency:      3[0m
[0;32mPASS PATTERN NO.9298[0m, [0;33mLatency:      3[0m
[0;32mPASS PATTERN NO.9299[0m, [0;33mLatency:      3[0m
[0;32mPASS PATTERN NO.9300[0m, [0;33mLatency:      3[0m
[0;32mPASS PATTERN NO.9301[0m, [0;33mLatency:      3[0m
[0;32mPASS PATTERN NO.9302[0m, [0;33mLatency:      3[0m
[0;32mPASS PATTERN NO.9303[0m, [0;33mLatency:      3[0m
[0;32mPASS PATTERN NO.9304[0m, [0;33mLatency:      3[0m
[0;32mPASS PATTERN NO.9305[0m, [0;33mLatency:      3[0m
[0;32mPASS PATTERN NO.9306[0m, [0;33mLatency:      3[0m
[0;32mPASS PATTERN NO.9307[0m, [0;33mLatency:      3[0m
[0;32mPASS PATTERN NO.9308[0m, [0;33mLatency:      3[0m
[0;32mPASS PATTERN NO.9309[0m, [0;33mLatency:      3[0m
[0;32mPASS PATTERN NO.9310[0m, [0;33mLatency:      3[0m
[0;32mPASS PATTERN NO.9311[0m, [0;33mLatency:      3[0m
[0;32mPASS PATTERN NO.9312[0m, [0;33mLatency:      3[0m
[0;32mPASS PATTERN NO.9313[0m, [0;33mLatency:      3[0m
[0;32mPASS PATTERN NO.9314[0m, [0;33mLatency:      3[0m
[0;32mPASS PATTERN NO.9315[0m, [0;33mLatency:      3[0m
[0;32mPASS PATTERN NO.9316[0m, [0;33mLatency:      3[0m
[0;32mPASS PATTERN NO.9317[0m, [0;33mLatency:      3[0m
[0;32mPASS PATTERN NO.9318[0m, [0;33mLatency:      3[0m
[0;32mPASS PATTERN NO.9319[0m, [0;33mLatency:      3[0m
[0;32mPASS PATTERN NO.9320[0m, [0;33mLatency:      3[0m
[0;32mPASS PATTERN NO.9321[0m, [0;33mLatency:      3[0m
[0;32mPASS PATTERN NO.9322[0m, [0;33mLatency:      3[0m
[0;32mPASS PATTERN NO.9323[0m, [0;33mLatency:      3[0m
[0;32mPASS PATTERN NO.9324[0m, [0;33mLatency:      3[0m
[0;32mPASS PATTERN NO.9325[0m, [0;33mLatency:      3[0m
[0;32mPASS PATTERN NO.9326[0m, [0;33mLatency:      3[0m
[0;32mPASS PATTERN NO.9327[0m, [0;33mLatency:      3[0m
[0;32mPASS PATTERN NO.9328[0m, [0;33mLatency:      3[0m
[0;32mPASS PATTERN NO.9329[0m, [0;33mLatency:      3[0m
[0;32mPASS PATTERN NO.9330[0m, [0;33mLatency:      3[0m
[0;32mPASS PATTERN NO.9331[0m, [0;33mLatency:      3[0m
[0;32mPASS PATTERN NO.9332[0m, [0;33mLatency:      3[0m
[0;32mPASS PATTERN NO.9333[0m, [0;33mLatency:      3[0m
[0;32mPASS PATTERN NO.9334[0m, [0;33mLatency:      3[0m
[0;32mPASS PATTERN NO.9335[0m, [0;33mLatency:      3[0m
[0;32mPASS PATTERN NO.9336[0m, [0;33mLatency:      3[0m
[0;32mPASS PATTERN NO.9337[0m, [0;33mLatency:      3[0m
[0;32mPASS PATTERN NO.9338[0m, [0;33mLatency:      3[0m
[0;32mPASS PATTERN NO.9339[0m, [0;33mLatency:      3[0m
[0;32mPASS PATTERN NO.9340[0m, [0;33mLatency:      3[0m
[0;32mPASS PATTERN NO.9341[0m, [0;33mLatency:      3[0m
[0;32mPASS PATTERN NO.9342[0m, [0;33mLatency:      3[0m
[0;32mPASS PATTERN NO.9343[0m, [0;33mLatency:      3[0m
[0;32mPASS PATTERN NO.9344[0m, [0;33mLatency:      3[0m
[0;32mPASS PATTERN NO.9345[0m, [0;33mLatency:      3[0m
[0;32mPASS PATTERN NO.9346[0m, [0;33mLatency:      3[0m
[0;32mPASS PATTERN NO.9347[0m, [0;33mLatency:      3[0m
[0;32mPASS PATTERN NO.9348[0m, [0;33mLatency:      3[0m
[0;32mPASS PATTERN NO.9349[0m, [0;33mLatency:      3[0m
[0;32mPASS PATTERN NO.9350[0m, [0;33mLatency:      3[0m
[0;32mPASS PATTERN NO.9351[0m, [0;33mLatency:      3[0m
[0;32mPASS PATTERN NO.9352[0m, [0;33mLatency:      3[0m
[0;32mPASS PATTERN NO.9353[0m, [0;33mLatency:      3[0m
[0;32mPASS PATTERN NO.9354[0m, [0;33mLatency:      3[0m
[0;32mPASS PATTERN NO.9355[0m, [0;33mLatency:      3[0m
[0;32mPASS PATTERN NO.9356[0m, [0;33mLatency:      3[0m
[0;32mPASS PATTERN NO.9357[0m, [0;33mLatency:      3[0m
[0;32mPASS PATTERN NO.9358[0m, [0;33mLatency:      3[0m
[0;32mPASS PATTERN NO.9359[0m, [0;33mLatency:      3[0m
[0;32mPASS PATTERN NO.9360[0m, [0;33mLatency:      3[0m
[0;32mPASS PATTERN NO.9361[0m, [0;33mLatency:      3[0m
[0;32mPASS PATTERN NO.9362[0m, [0;33mLatency:      3[0m
[0;32mPASS PATTERN NO.9363[0m, [0;33mLatency:      3[0m
[0;32mPASS PATTERN NO.9364[0m, [0;33mLatency:      3[0m
[0;32mPASS PATTERN NO.9365[0m, [0;33mLatency:      3[0m
[0;32mPASS PATTERN NO.9366[0m, [0;33mLatency:      3[0m
[0;32mPASS PATTERN NO.9367[0m, [0;33mLatency:      3[0m
[0;32mPASS PATTERN NO.9368[0m, [0;33mLatency:      3[0m
[0;32mPASS PATTERN NO.9369[0m, [0;33mLatency:      3[0m
[0;32mPASS PATTERN NO.9370[0m, [0;33mLatency:      3[0m
[0;32mPASS PATTERN NO.9371[0m, [0;33mLatency:      3[0m
[0;32mPASS PATTERN NO.9372[0m, [0;33mLatency:      3[0m
[0;32mPASS PATTERN NO.9373[0m, [0;33mLatency:      3[0m
[0;32mPASS PATTERN NO.9374[0m, [0;33mLatency:      3[0m
[0;32mPASS PATTERN NO.9375[0m, [0;33mLatency:      3[0m
[0;32mPASS PATTERN NO.9376[0m, [0;33mLatency:      3[0m
[0;32mPASS PATTERN NO.9377[0m, [0;33mLatency:      3[0m
[0;32mPASS PATTERN NO.9378[0m, [0;33mLatency:      3[0m
[0;32mPASS PATTERN NO.9379[0m, [0;33mLatency:      3[0m
[0;32mPASS PATTERN NO.9380[0m, [0;33mLatency:      3[0m
[0;32mPASS PATTERN NO.9381[0m, [0;33mLatency:      3[0m
[0;32mPASS PATTERN NO.9382[0m, [0;33mLatency:      3[0m
[0;32mPASS PATTERN NO.9383[0m, [0;33mLatency:      3[0m
[0;32mPASS PATTERN NO.9384[0m, [0;33mLatency:      3[0m
[0;32mPASS PATTERN NO.9385[0m, [0;33mLatency:      3[0m
[0;32mPASS PATTERN NO.9386[0m, [0;33mLatency:      3[0m
[0;32mPASS PATTERN NO.9387[0m, [0;33mLatency:      3[0m
[0;32mPASS PATTERN NO.9388[0m, [0;33mLatency:      3[0m
[0;32mPASS PATTERN NO.9389[0m, [0;33mLatency:      3[0m
[0;32mPASS PATTERN NO.9390[0m, [0;33mLatency:      3[0m
[0;32mPASS PATTERN NO.9391[0m, [0;33mLatency:      3[0m
[0;32mPASS PATTERN NO.9392[0m, [0;33mLatency:      3[0m
[0;32mPASS PATTERN NO.9393[0m, [0;33mLatency:      3[0m
[0;32mPASS PATTERN NO.9394[0m, [0;33mLatency:      3[0m
[0;32mPASS PATTERN NO.9395[0m, [0;33mLatency:      3[0m
[0;32mPASS PATTERN NO.9396[0m, [0;33mLatency:      3[0m
[0;32mPASS PATTERN NO.9397[0m, [0;33mLatency:      3[0m
[0;32mPASS PATTERN NO.9398[0m, [0;33mLatency:      3[0m
[0;32mPASS PATTERN NO.9399[0m, [0;33mLatency:      3[0m
[0;32mPASS PATTERN NO.9400[0m, [0;33mLatency:      3[0m
[0;32mPASS PATTERN NO.9401[0m, [0;33mLatency:      3[0m
[0;32mPASS PATTERN NO.9402[0m, [0;33mLatency:      3[0m
[0;32mPASS PATTERN NO.9403[0m, [0;33mLatency:      3[0m
[0;32mPASS PATTERN NO.9404[0m, [0;33mLatency:      3[0m
[0;32mPASS PATTERN NO.9405[0m, [0;33mLatency:      3[0m
[0;32mPASS PATTERN NO.9406[0m, [0;33mLatency:      3[0m
[0;32mPASS PATTERN NO.9407[0m, [0;33mLatency:      3[0m
[0;32mPASS PATTERN NO.9408[0m, [0;33mLatency:      3[0m
[0;32mPASS PATTERN NO.9409[0m, [0;33mLatency:      3[0m
[0;32mPASS PATTERN NO.9410[0m, [0;33mLatency:      3[0m
[0;32mPASS PATTERN NO.9411[0m, [0;33mLatency:      3[0m
[0;32mPASS PATTERN NO.9412[0m, [0;33mLatency:      3[0m
[0;32mPASS PATTERN NO.9413[0m, [0;33mLatency:      3[0m
[0;32mPASS PATTERN NO.9414[0m, [0;33mLatency:      3[0m
[0;32mPASS PATTERN NO.9415[0m, [0;33mLatency:      3[0m
[0;32mPASS PATTERN NO.9416[0m, [0;33mLatency:      3[0m
[0;32mPASS PATTERN NO.9417[0m, [0;33mLatency:      3[0m
[0;32mPASS PATTERN NO.9418[0m, [0;33mLatency:      3[0m
[0;32mPASS PATTERN NO.9419[0m, [0;33mLatency:      3[0m
[0;32mPASS PATTERN NO.9420[0m, [0;33mLatency:      3[0m
[0;32mPASS PATTERN NO.9421[0m, [0;33mLatency:      3[0m
[0;32mPASS PATTERN NO.9422[0m, [0;33mLatency:      3[0m
[0;32mPASS PATTERN NO.9423[0m, [0;33mLatency:      3[0m
[0;32mPASS PATTERN NO.9424[0m, [0;33mLatency:      3[0m
[0;32mPASS PATTERN NO.9425[0m, [0;33mLatency:      3[0m
[0;32mPASS PATTERN NO.9426[0m, [0;33mLatency:      3[0m
[0;32mPASS PATTERN NO.9427[0m, [0;33mLatency:      3[0m
[0;32mPASS PATTERN NO.9428[0m, [0;33mLatency:      3[0m
[0;32mPASS PATTERN NO.9429[0m, [0;33mLatency:      3[0m
[0;32mPASS PATTERN NO.9430[0m, [0;33mLatency:      3[0m
[0;32mPASS PATTERN NO.9431[0m, [0;33mLatency:      3[0m
[0;32mPASS PATTERN NO.9432[0m, [0;33mLatency:      3[0m
[0;32mPASS PATTERN NO.9433[0m, [0;33mLatency:      3[0m
[0;32mPASS PATTERN NO.9434[0m, [0;33mLatency:      3[0m
[0;32mPASS PATTERN NO.9435[0m, [0;33mLatency:      3[0m
[0;32mPASS PATTERN NO.9436[0m, [0;33mLatency:      3[0m
[0;32mPASS PATTERN NO.9437[0m, [0;33mLatency:      3[0m
[0;32mPASS PATTERN NO.9438[0m, [0;33mLatency:      3[0m
[0;32mPASS PATTERN NO.9439[0m, [0;33mLatency:      3[0m
[0;32mPASS PATTERN NO.9440[0m, [0;33mLatency:      3[0m
[0;32mPASS PATTERN NO.9441[0m, [0;33mLatency:      3[0m
[0;32mPASS PATTERN NO.9442[0m, [0;33mLatency:      3[0m
[0;32mPASS PATTERN NO.9443[0m, [0;33mLatency:      3[0m
[0;32mPASS PATTERN NO.9444[0m, [0;33mLatency:      3[0m
[0;32mPASS PATTERN NO.9445[0m, [0;33mLatency:      3[0m
[0;32mPASS PATTERN NO.9446[0m, [0;33mLatency:      3[0m
[0;32mPASS PATTERN NO.9447[0m, [0;33mLatency:      3[0m
[0;32mPASS PATTERN NO.9448[0m, [0;33mLatency:      3[0m
[0;32mPASS PATTERN NO.9449[0m, [0;33mLatency:      3[0m
[0;32mPASS PATTERN NO.9450[0m, [0;33mLatency:      3[0m
[0;32mPASS PATTERN NO.9451[0m, [0;33mLatency:      3[0m
[0;32mPASS PATTERN NO.9452[0m, [0;33mLatency:      3[0m
[0;32mPASS PATTERN NO.9453[0m, [0;33mLatency:      3[0m
[0;32mPASS PATTERN NO.9454[0m, [0;33mLatency:      3[0m
[0;32mPASS PATTERN NO.9455[0m, [0;33mLatency:      3[0m
[0;32mPASS PATTERN NO.9456[0m, [0;33mLatency:      3[0m
[0;32mPASS PATTERN NO.9457[0m, [0;33mLatency:      3[0m
[0;32mPASS PATTERN NO.9458[0m, [0;33mLatency:      3[0m
[0;32mPASS PATTERN NO.9459[0m, [0;33mLatency:      3[0m
[0;32mPASS PATTERN NO.9460[0m, [0;33mLatency:      3[0m
[0;32mPASS PATTERN NO.9461[0m, [0;33mLatency:      3[0m
[0;32mPASS PATTERN NO.9462[0m, [0;33mLatency:      3[0m
[0;32mPASS PATTERN NO.9463[0m, [0;33mLatency:      3[0m
[0;32mPASS PATTERN NO.9464[0m, [0;33mLatency:      3[0m
[0;32mPASS PATTERN NO.9465[0m, [0;33mLatency:      3[0m
[0;32mPASS PATTERN NO.9466[0m, [0;33mLatency:      3[0m
[0;32mPASS PATTERN NO.9467[0m, [0;33mLatency:      3[0m
[0;32mPASS PATTERN NO.9468[0m, [0;33mLatency:      3[0m
[0;32mPASS PATTERN NO.9469[0m, [0;33mLatency:      3[0m
[0;32mPASS PATTERN NO.9470[0m, [0;33mLatency:      3[0m
[0;32mPASS PATTERN NO.9471[0m, [0;33mLatency:      3[0m
[0;32mPASS PATTERN NO.9472[0m, [0;33mLatency:      3[0m
[0;32mPASS PATTERN NO.9473[0m, [0;33mLatency:      3[0m
[0;32mPASS PATTERN NO.9474[0m, [0;33mLatency:      3[0m
[0;32mPASS PATTERN NO.9475[0m, [0;33mLatency:      3[0m
[0;32mPASS PATTERN NO.9476[0m, [0;33mLatency:      3[0m
[0;32mPASS PATTERN NO.9477[0m, [0;33mLatency:      3[0m
[0;32mPASS PATTERN NO.9478[0m, [0;33mLatency:      3[0m
[0;32mPASS PATTERN NO.9479[0m, [0;33mLatency:      3[0m
[0;32mPASS PATTERN NO.9480[0m, [0;33mLatency:      3[0m
[0;32mPASS PATTERN NO.9481[0m, [0;33mLatency:      3[0m
[0;32mPASS PATTERN NO.9482[0m, [0;33mLatency:      3[0m
[0;32mPASS PATTERN NO.9483[0m, [0;33mLatency:      3[0m
[0;32mPASS PATTERN NO.9484[0m, [0;33mLatency:      3[0m
[0;32mPASS PATTERN NO.9485[0m, [0;33mLatency:      3[0m
[0;32mPASS PATTERN NO.9486[0m, [0;33mLatency:      3[0m
[0;32mPASS PATTERN NO.9487[0m, [0;33mLatency:      3[0m
[0;32mPASS PATTERN NO.9488[0m, [0;33mLatency:      3[0m
[0;32mPASS PATTERN NO.9489[0m, [0;33mLatency:      3[0m
[0;32mPASS PATTERN NO.9490[0m, [0;33mLatency:      3[0m
[0;32mPASS PATTERN NO.9491[0m, [0;33mLatency:      3[0m
[0;32mPASS PATTERN NO.9492[0m, [0;33mLatency:      3[0m
[0;32mPASS PATTERN NO.9493[0m, [0;33mLatency:      3[0m
[0;32mPASS PATTERN NO.9494[0m, [0;33mLatency:      3[0m
[0;32mPASS PATTERN NO.9495[0m, [0;33mLatency:      3[0m
[0;32mPASS PATTERN NO.9496[0m, [0;33mLatency:      3[0m
[0;32mPASS PATTERN NO.9497[0m, [0;33mLatency:      3[0m
[0;32mPASS PATTERN NO.9498[0m, [0;33mLatency:      3[0m
[0;32mPASS PATTERN NO.9499[0m, [0;33mLatency:      3[0m
[0;32mPASS PATTERN NO.9500[0m, [0;33mLatency:      3[0m
[0;32mPASS PATTERN NO.9501[0m, [0;33mLatency:      3[0m
[0;32mPASS PATTERN NO.9502[0m, [0;33mLatency:      3[0m
[0;32mPASS PATTERN NO.9503[0m, [0;33mLatency:      3[0m
[0;32mPASS PATTERN NO.9504[0m, [0;33mLatency:      3[0m
[0;32mPASS PATTERN NO.9505[0m, [0;33mLatency:      3[0m
[0;32mPASS PATTERN NO.9506[0m, [0;33mLatency:      3[0m
[0;32mPASS PATTERN NO.9507[0m, [0;33mLatency:      3[0m
[0;32mPASS PATTERN NO.9508[0m, [0;33mLatency:      3[0m
[0;32mPASS PATTERN NO.9509[0m, [0;33mLatency:      3[0m
[0;32mPASS PATTERN NO.9510[0m, [0;33mLatency:      3[0m
[0;32mPASS PATTERN NO.9511[0m, [0;33mLatency:      3[0m
[0;32mPASS PATTERN NO.9512[0m, [0;33mLatency:      3[0m
[0;32mPASS PATTERN NO.9513[0m, [0;33mLatency:      3[0m
[0;32mPASS PATTERN NO.9514[0m, [0;33mLatency:      3[0m
[0;32mPASS PATTERN NO.9515[0m, [0;33mLatency:      3[0m
[0;32mPASS PATTERN NO.9516[0m, [0;33mLatency:      3[0m
[0;32mPASS PATTERN NO.9517[0m, [0;33mLatency:      3[0m
[0;32mPASS PATTERN NO.9518[0m, [0;33mLatency:      3[0m
[0;32mPASS PATTERN NO.9519[0m, [0;33mLatency:      3[0m
[0;32mPASS PATTERN NO.9520[0m, [0;33mLatency:      3[0m
[0;32mPASS PATTERN NO.9521[0m, [0;33mLatency:      3[0m
[0;32mPASS PATTERN NO.9522[0m, [0;33mLatency:      3[0m
[0;32mPASS PATTERN NO.9523[0m, [0;33mLatency:      3[0m
[0;32mPASS PATTERN NO.9524[0m, [0;33mLatency:      3[0m
[0;32mPASS PATTERN NO.9525[0m, [0;33mLatency:      3[0m
[0;32mPASS PATTERN NO.9526[0m, [0;33mLatency:      3[0m
[0;32mPASS PATTERN NO.9527[0m, [0;33mLatency:      3[0m
[0;32mPASS PATTERN NO.9528[0m, [0;33mLatency:      3[0m
[0;32mPASS PATTERN NO.9529[0m, [0;33mLatency:      3[0m
[0;32mPASS PATTERN NO.9530[0m, [0;33mLatency:      3[0m
[0;32mPASS PATTERN NO.9531[0m, [0;33mLatency:      3[0m
[0;32mPASS PATTERN NO.9532[0m, [0;33mLatency:      3[0m
[0;32mPASS PATTERN NO.9533[0m, [0;33mLatency:      3[0m
[0;32mPASS PATTERN NO.9534[0m, [0;33mLatency:      3[0m
[0;32mPASS PATTERN NO.9535[0m, [0;33mLatency:      3[0m
[0;32mPASS PATTERN NO.9536[0m, [0;33mLatency:      3[0m
[0;32mPASS PATTERN NO.9537[0m, [0;33mLatency:      3[0m
[0;32mPASS PATTERN NO.9538[0m, [0;33mLatency:      3[0m
[0;32mPASS PATTERN NO.9539[0m, [0;33mLatency:      3[0m
[0;32mPASS PATTERN NO.9540[0m, [0;33mLatency:      3[0m
[0;32mPASS PATTERN NO.9541[0m, [0;33mLatency:      3[0m
[0;32mPASS PATTERN NO.9542[0m, [0;33mLatency:      3[0m
[0;32mPASS PATTERN NO.9543[0m, [0;33mLatency:      3[0m
[0;32mPASS PATTERN NO.9544[0m, [0;33mLatency:      3[0m
[0;32mPASS PATTERN NO.9545[0m, [0;33mLatency:      3[0m
[0;32mPASS PATTERN NO.9546[0m, [0;33mLatency:      3[0m
[0;32mPASS PATTERN NO.9547[0m, [0;33mLatency:      3[0m
[0;32mPASS PATTERN NO.9548[0m, [0;33mLatency:      3[0m
[0;32mPASS PATTERN NO.9549[0m, [0;33mLatency:      3[0m
[0;32mPASS PATTERN NO.9550[0m, [0;33mLatency:      3[0m
[0;32mPASS PATTERN NO.9551[0m, [0;33mLatency:      3[0m
[0;32mPASS PATTERN NO.9552[0m, [0;33mLatency:      3[0m
[0;32mPASS PATTERN NO.9553[0m, [0;33mLatency:      3[0m
[0;32mPASS PATTERN NO.9554[0m, [0;33mLatency:      3[0m
[0;32mPASS PATTERN NO.9555[0m, [0;33mLatency:      3[0m
[0;32mPASS PATTERN NO.9556[0m, [0;33mLatency:      3[0m
[0;32mPASS PATTERN NO.9557[0m, [0;33mLatency:      3[0m
[0;32mPASS PATTERN NO.9558[0m, [0;33mLatency:      3[0m
[0;32mPASS PATTERN NO.9559[0m, [0;33mLatency:      3[0m
[0;32mPASS PATTERN NO.9560[0m, [0;33mLatency:      3[0m
[0;32mPASS PATTERN NO.9561[0m, [0;33mLatency:      3[0m
[0;32mPASS PATTERN NO.9562[0m, [0;33mLatency:      3[0m
[0;32mPASS PATTERN NO.9563[0m, [0;33mLatency:      3[0m
[0;32mPASS PATTERN NO.9564[0m, [0;33mLatency:      3[0m
[0;32mPASS PATTERN NO.9565[0m, [0;33mLatency:      3[0m
[0;32mPASS PATTERN NO.9566[0m, [0;33mLatency:      3[0m
[0;32mPASS PATTERN NO.9567[0m, [0;33mLatency:      3[0m
[0;32mPASS PATTERN NO.9568[0m, [0;33mLatency:      3[0m
[0;32mPASS PATTERN NO.9569[0m, [0;33mLatency:      3[0m
[0;32mPASS PATTERN NO.9570[0m, [0;33mLatency:      3[0m
[0;32mPASS PATTERN NO.9571[0m, [0;33mLatency:      3[0m
[0;32mPASS PATTERN NO.9572[0m, [0;33mLatency:      3[0m
[0;32mPASS PATTERN NO.9573[0m, [0;33mLatency:      3[0m
[0;32mPASS PATTERN NO.9574[0m, [0;33mLatency:      3[0m
[0;32mPASS PATTERN NO.9575[0m, [0;33mLatency:      3[0m
[0;32mPASS PATTERN NO.9576[0m, [0;33mLatency:      3[0m
[0;32mPASS PATTERN NO.9577[0m, [0;33mLatency:      3[0m
[0;32mPASS PATTERN NO.9578[0m, [0;33mLatency:      3[0m
[0;32mPASS PATTERN NO.9579[0m, [0;33mLatency:      3[0m
[0;32mPASS PATTERN NO.9580[0m, [0;33mLatency:      3[0m
[0;32mPASS PATTERN NO.9581[0m, [0;33mLatency:      3[0m
[0;32mPASS PATTERN NO.9582[0m, [0;33mLatency:      3[0m
[0;32mPASS PATTERN NO.9583[0m, [0;33mLatency:      3[0m
[0;32mPASS PATTERN NO.9584[0m, [0;33mLatency:      3[0m
[0;32mPASS PATTERN NO.9585[0m, [0;33mLatency:      3[0m
[0;32mPASS PATTERN NO.9586[0m, [0;33mLatency:      3[0m
[0;32mPASS PATTERN NO.9587[0m, [0;33mLatency:      3[0m
[0;32mPASS PATTERN NO.9588[0m, [0;33mLatency:      3[0m
[0;32mPASS PATTERN NO.9589[0m, [0;33mLatency:      3[0m
[0;32mPASS PATTERN NO.9590[0m, [0;33mLatency:      3[0m
[0;32mPASS PATTERN NO.9591[0m, [0;33mLatency:      3[0m
[0;32mPASS PATTERN NO.9592[0m, [0;33mLatency:      3[0m
[0;32mPASS PATTERN NO.9593[0m, [0;33mLatency:      3[0m
[0;32mPASS PATTERN NO.9594[0m, [0;33mLatency:      3[0m
[0;32mPASS PATTERN NO.9595[0m, [0;33mLatency:      3[0m
[0;32mPASS PATTERN NO.9596[0m, [0;33mLatency:      3[0m
[0;32mPASS PATTERN NO.9597[0m, [0;33mLatency:      3[0m
[0;32mPASS PATTERN NO.9598[0m, [0;33mLatency:      3[0m
[0;32mPASS PATTERN NO.9599[0m, [0;33mLatency:      3[0m
[0;32mPASS PATTERN NO.9600[0m, [0;33mLatency:      3[0m
[0;32mPASS PATTERN NO.9601[0m, [0;33mLatency:      3[0m
[0;32mPASS PATTERN NO.9602[0m, [0;33mLatency:      3[0m
[0;32mPASS PATTERN NO.9603[0m, [0;33mLatency:      3[0m
[0;32mPASS PATTERN NO.9604[0m, [0;33mLatency:      3[0m
[0;32mPASS PATTERN NO.9605[0m, [0;33mLatency:      3[0m
[0;32mPASS PATTERN NO.9606[0m, [0;33mLatency:      3[0m
[0;32mPASS PATTERN NO.9607[0m, [0;33mLatency:      3[0m
[0;32mPASS PATTERN NO.9608[0m, [0;33mLatency:      3[0m
[0;32mPASS PATTERN NO.9609[0m, [0;33mLatency:      3[0m
[0;32mPASS PATTERN NO.9610[0m, [0;33mLatency:      3[0m
[0;32mPASS PATTERN NO.9611[0m, [0;33mLatency:      3[0m
[0;32mPASS PATTERN NO.9612[0m, [0;33mLatency:      3[0m
[0;32mPASS PATTERN NO.9613[0m, [0;33mLatency:      3[0m
[0;32mPASS PATTERN NO.9614[0m, [0;33mLatency:      3[0m
[0;32mPASS PATTERN NO.9615[0m, [0;33mLatency:      3[0m
[0;32mPASS PATTERN NO.9616[0m, [0;33mLatency:      3[0m
[0;32mPASS PATTERN NO.9617[0m, [0;33mLatency:      3[0m
[0;32mPASS PATTERN NO.9618[0m, [0;33mLatency:      3[0m
[0;32mPASS PATTERN NO.9619[0m, [0;33mLatency:      3[0m
[0;32mPASS PATTERN NO.9620[0m, [0;33mLatency:      3[0m
[0;32mPASS PATTERN NO.9621[0m, [0;33mLatency:      3[0m
[0;32mPASS PATTERN NO.9622[0m, [0;33mLatency:      3[0m
[0;32mPASS PATTERN NO.9623[0m, [0;33mLatency:      3[0m
[0;32mPASS PATTERN NO.9624[0m, [0;33mLatency:      3[0m
[0;32mPASS PATTERN NO.9625[0m, [0;33mLatency:      3[0m
[0;32mPASS PATTERN NO.9626[0m, [0;33mLatency:      3[0m
[0;32mPASS PATTERN NO.9627[0m, [0;33mLatency:      3[0m
[0;32mPASS PATTERN NO.9628[0m, [0;33mLatency:      3[0m
[0;32mPASS PATTERN NO.9629[0m, [0;33mLatency:      3[0m
[0;32mPASS PATTERN NO.9630[0m, [0;33mLatency:      3[0m
[0;32mPASS PATTERN NO.9631[0m, [0;33mLatency:      3[0m
[0;32mPASS PATTERN NO.9632[0m, [0;33mLatency:      3[0m
[0;32mPASS PATTERN NO.9633[0m, [0;33mLatency:      3[0m
[0;32mPASS PATTERN NO.9634[0m, [0;33mLatency:      3[0m
[0;32mPASS PATTERN NO.9635[0m, [0;33mLatency:      3[0m
[0;32mPASS PATTERN NO.9636[0m, [0;33mLatency:      3[0m
[0;32mPASS PATTERN NO.9637[0m, [0;33mLatency:      3[0m
[0;32mPASS PATTERN NO.9638[0m, [0;33mLatency:      3[0m
[0;32mPASS PATTERN NO.9639[0m, [0;33mLatency:      3[0m
[0;32mPASS PATTERN NO.9640[0m, [0;33mLatency:      3[0m
[0;32mPASS PATTERN NO.9641[0m, [0;33mLatency:      3[0m
[0;32mPASS PATTERN NO.9642[0m, [0;33mLatency:      3[0m
[0;32mPASS PATTERN NO.9643[0m, [0;33mLatency:      3[0m
[0;32mPASS PATTERN NO.9644[0m, [0;33mLatency:      3[0m
[0;32mPASS PATTERN NO.9645[0m, [0;33mLatency:      3[0m
[0;32mPASS PATTERN NO.9646[0m, [0;33mLatency:      3[0m
[0;32mPASS PATTERN NO.9647[0m, [0;33mLatency:      3[0m
[0;32mPASS PATTERN NO.9648[0m, [0;33mLatency:      3[0m
[0;32mPASS PATTERN NO.9649[0m, [0;33mLatency:      3[0m
[0;32mPASS PATTERN NO.9650[0m, [0;33mLatency:      3[0m
[0;32mPASS PATTERN NO.9651[0m, [0;33mLatency:      3[0m
[0;32mPASS PATTERN NO.9652[0m, [0;33mLatency:      3[0m
[0;32mPASS PATTERN NO.9653[0m, [0;33mLatency:      3[0m
[0;32mPASS PATTERN NO.9654[0m, [0;33mLatency:      3[0m
[0;32mPASS PATTERN NO.9655[0m, [0;33mLatency:      3[0m
[0;32mPASS PATTERN NO.9656[0m, [0;33mLatency:      3[0m
[0;32mPASS PATTERN NO.9657[0m, [0;33mLatency:      3[0m
[0;32mPASS PATTERN NO.9658[0m, [0;33mLatency:      3[0m
[0;32mPASS PATTERN NO.9659[0m, [0;33mLatency:      3[0m
[0;32mPASS PATTERN NO.9660[0m, [0;33mLatency:      3[0m
[0;32mPASS PATTERN NO.9661[0m, [0;33mLatency:      3[0m
[0;32mPASS PATTERN NO.9662[0m, [0;33mLatency:      3[0m
[0;32mPASS PATTERN NO.9663[0m, [0;33mLatency:      3[0m
[0;32mPASS PATTERN NO.9664[0m, [0;33mLatency:      3[0m
[0;32mPASS PATTERN NO.9665[0m, [0;33mLatency:      3[0m
[0;32mPASS PATTERN NO.9666[0m, [0;33mLatency:      3[0m
[0;32mPASS PATTERN NO.9667[0m, [0;33mLatency:      3[0m
[0;32mPASS PATTERN NO.9668[0m, [0;33mLatency:      3[0m
[0;32mPASS PATTERN NO.9669[0m, [0;33mLatency:      3[0m
[0;32mPASS PATTERN NO.9670[0m, [0;33mLatency:      3[0m
[0;32mPASS PATTERN NO.9671[0m, [0;33mLatency:      3[0m
[0;32mPASS PATTERN NO.9672[0m, [0;33mLatency:      3[0m
[0;32mPASS PATTERN NO.9673[0m, [0;33mLatency:      3[0m
[0;32mPASS PATTERN NO.9674[0m, [0;33mLatency:      3[0m
[0;32mPASS PATTERN NO.9675[0m, [0;33mLatency:      3[0m
[0;32mPASS PATTERN NO.9676[0m, [0;33mLatency:      3[0m
[0;32mPASS PATTERN NO.9677[0m, [0;33mLatency:      3[0m
[0;32mPASS PATTERN NO.9678[0m, [0;33mLatency:      3[0m
[0;32mPASS PATTERN NO.9679[0m, [0;33mLatency:      3[0m
[0;32mPASS PATTERN NO.9680[0m, [0;33mLatency:      3[0m
[0;32mPASS PATTERN NO.9681[0m, [0;33mLatency:      3[0m
[0;32mPASS PATTERN NO.9682[0m, [0;33mLatency:      3[0m
[0;32mPASS PATTERN NO.9683[0m, [0;33mLatency:      3[0m
[0;32mPASS PATTERN NO.9684[0m, [0;33mLatency:      3[0m
[0;32mPASS PATTERN NO.9685[0m, [0;33mLatency:      3[0m
[0;32mPASS PATTERN NO.9686[0m, [0;33mLatency:      3[0m
[0;32mPASS PATTERN NO.9687[0m, [0;33mLatency:      3[0m
[0;32mPASS PATTERN NO.9688[0m, [0;33mLatency:      3[0m
[0;32mPASS PATTERN NO.9689[0m, [0;33mLatency:      3[0m
[0;32mPASS PATTERN NO.9690[0m, [0;33mLatency:      3[0m
[0;32mPASS PATTERN NO.9691[0m, [0;33mLatency:      3[0m
[0;32mPASS PATTERN NO.9692[0m, [0;33mLatency:      3[0m
[0;32mPASS PATTERN NO.9693[0m, [0;33mLatency:      3[0m
[0;32mPASS PATTERN NO.9694[0m, [0;33mLatency:      3[0m
[0;32mPASS PATTERN NO.9695[0m, [0;33mLatency:      3[0m
[0;32mPASS PATTERN NO.9696[0m, [0;33mLatency:      3[0m
[0;32mPASS PATTERN NO.9697[0m, [0;33mLatency:      3[0m
[0;32mPASS PATTERN NO.9698[0m, [0;33mLatency:      3[0m
[0;32mPASS PATTERN NO.9699[0m, [0;33mLatency:      3[0m
[0;32mPASS PATTERN NO.9700[0m, [0;33mLatency:      3[0m
[0;32mPASS PATTERN NO.9701[0m, [0;33mLatency:      3[0m
[0;32mPASS PATTERN NO.9702[0m, [0;33mLatency:      3[0m
[0;32mPASS PATTERN NO.9703[0m, [0;33mLatency:      3[0m
[0;32mPASS PATTERN NO.9704[0m, [0;33mLatency:      3[0m
[0;32mPASS PATTERN NO.9705[0m, [0;33mLatency:      3[0m
[0;32mPASS PATTERN NO.9706[0m, [0;33mLatency:      3[0m
[0;32mPASS PATTERN NO.9707[0m, [0;33mLatency:      3[0m
[0;32mPASS PATTERN NO.9708[0m, [0;33mLatency:      3[0m
[0;32mPASS PATTERN NO.9709[0m, [0;33mLatency:      3[0m
[0;32mPASS PATTERN NO.9710[0m, [0;33mLatency:      3[0m
[0;32mPASS PATTERN NO.9711[0m, [0;33mLatency:      3[0m
[0;32mPASS PATTERN NO.9712[0m, [0;33mLatency:      3[0m
[0;32mPASS PATTERN NO.9713[0m, [0;33mLatency:      3[0m
[0;32mPASS PATTERN NO.9714[0m, [0;33mLatency:      3[0m
[0;32mPASS PATTERN NO.9715[0m, [0;33mLatency:      3[0m
[0;32mPASS PATTERN NO.9716[0m, [0;33mLatency:      3[0m
[0;32mPASS PATTERN NO.9717[0m, [0;33mLatency:      3[0m
[0;32mPASS PATTERN NO.9718[0m, [0;33mLatency:      3[0m
[0;32mPASS PATTERN NO.9719[0m, [0;33mLatency:      3[0m
[0;32mPASS PATTERN NO.9720[0m, [0;33mLatency:      3[0m
[0;32mPASS PATTERN NO.9721[0m, [0;33mLatency:      3[0m
[0;32mPASS PATTERN NO.9722[0m, [0;33mLatency:      3[0m
[0;32mPASS PATTERN NO.9723[0m, [0;33mLatency:      3[0m
[0;32mPASS PATTERN NO.9724[0m, [0;33mLatency:      3[0m
[0;32mPASS PATTERN NO.9725[0m, [0;33mLatency:      3[0m
[0;32mPASS PATTERN NO.9726[0m, [0;33mLatency:      3[0m
[0;32mPASS PATTERN NO.9727[0m, [0;33mLatency:      3[0m
[0;32mPASS PATTERN NO.9728[0m, [0;33mLatency:      3[0m
[0;32mPASS PATTERN NO.9729[0m, [0;33mLatency:      3[0m
[0;32mPASS PATTERN NO.9730[0m, [0;33mLatency:      3[0m
[0;32mPASS PATTERN NO.9731[0m, [0;33mLatency:      3[0m
[0;32mPASS PATTERN NO.9732[0m, [0;33mLatency:      3[0m
[0;32mPASS PATTERN NO.9733[0m, [0;33mLatency:      3[0m
[0;32mPASS PATTERN NO.9734[0m, [0;33mLatency:      3[0m
[0;32mPASS PATTERN NO.9735[0m, [0;33mLatency:      3[0m
[0;32mPASS PATTERN NO.9736[0m, [0;33mLatency:      3[0m
[0;32mPASS PATTERN NO.9737[0m, [0;33mLatency:      3[0m
[0;32mPASS PATTERN NO.9738[0m, [0;33mLatency:      3[0m
[0;32mPASS PATTERN NO.9739[0m, [0;33mLatency:      3[0m
[0;32mPASS PATTERN NO.9740[0m, [0;33mLatency:      3[0m
[0;32mPASS PATTERN NO.9741[0m, [0;33mLatency:      3[0m
[0;32mPASS PATTERN NO.9742[0m, [0;33mLatency:      3[0m
[0;32mPASS PATTERN NO.9743[0m, [0;33mLatency:      3[0m
[0;32mPASS PATTERN NO.9744[0m, [0;33mLatency:      3[0m
[0;32mPASS PATTERN NO.9745[0m, [0;33mLatency:      3[0m
[0;32mPASS PATTERN NO.9746[0m, [0;33mLatency:      3[0m
[0;32mPASS PATTERN NO.9747[0m, [0;33mLatency:      3[0m
[0;32mPASS PATTERN NO.9748[0m, [0;33mLatency:      3[0m
[0;32mPASS PATTERN NO.9749[0m, [0;33mLatency:      3[0m
[0;32mPASS PATTERN NO.9750[0m, [0;33mLatency:      3[0m
[0;32mPASS PATTERN NO.9751[0m, [0;33mLatency:      3[0m
[0;32mPASS PATTERN NO.9752[0m, [0;33mLatency:      3[0m
[0;32mPASS PATTERN NO.9753[0m, [0;33mLatency:      3[0m
[0;32mPASS PATTERN NO.9754[0m, [0;33mLatency:      3[0m
[0;32mPASS PATTERN NO.9755[0m, [0;33mLatency:      3[0m
[0;32mPASS PATTERN NO.9756[0m, [0;33mLatency:      3[0m
[0;32mPASS PATTERN NO.9757[0m, [0;33mLatency:      3[0m
[0;32mPASS PATTERN NO.9758[0m, [0;33mLatency:      3[0m
[0;32mPASS PATTERN NO.9759[0m, [0;33mLatency:      3[0m
[0;32mPASS PATTERN NO.9760[0m, [0;33mLatency:      3[0m
[0;32mPASS PATTERN NO.9761[0m, [0;33mLatency:      3[0m
[0;32mPASS PATTERN NO.9762[0m, [0;33mLatency:      3[0m
[0;32mPASS PATTERN NO.9763[0m, [0;33mLatency:      3[0m
[0;32mPASS PATTERN NO.9764[0m, [0;33mLatency:      3[0m
[0;32mPASS PATTERN NO.9765[0m, [0;33mLatency:      3[0m
[0;32mPASS PATTERN NO.9766[0m, [0;33mLatency:      3[0m
[0;32mPASS PATTERN NO.9767[0m, [0;33mLatency:      3[0m
[0;32mPASS PATTERN NO.9768[0m, [0;33mLatency:      3[0m
[0;32mPASS PATTERN NO.9769[0m, [0;33mLatency:      3[0m
[0;32mPASS PATTERN NO.9770[0m, [0;33mLatency:      3[0m
[0;32mPASS PATTERN NO.9771[0m, [0;33mLatency:      3[0m
[0;32mPASS PATTERN NO.9772[0m, [0;33mLatency:      3[0m
[0;32mPASS PATTERN NO.9773[0m, [0;33mLatency:      3[0m
[0;32mPASS PATTERN NO.9774[0m, [0;33mLatency:      3[0m
[0;32mPASS PATTERN NO.9775[0m, [0;33mLatency:      3[0m
[0;32mPASS PATTERN NO.9776[0m, [0;33mLatency:      3[0m
[0;32mPASS PATTERN NO.9777[0m, [0;33mLatency:      3[0m
[0;32mPASS PATTERN NO.9778[0m, [0;33mLatency:      3[0m
[0;32mPASS PATTERN NO.9779[0m, [0;33mLatency:      3[0m
[0;32mPASS PATTERN NO.9780[0m, [0;33mLatency:      3[0m
[0;32mPASS PATTERN NO.9781[0m, [0;33mLatency:      3[0m
[0;32mPASS PATTERN NO.9782[0m, [0;33mLatency:      3[0m
[0;32mPASS PATTERN NO.9783[0m, [0;33mLatency:      3[0m
[0;32mPASS PATTERN NO.9784[0m, [0;33mLatency:      3[0m
[0;32mPASS PATTERN NO.9785[0m, [0;33mLatency:      3[0m
[0;32mPASS PATTERN NO.9786[0m, [0;33mLatency:      3[0m
[0;32mPASS PATTERN NO.9787[0m, [0;33mLatency:      3[0m
[0;32mPASS PATTERN NO.9788[0m, [0;33mLatency:      3[0m
[0;32mPASS PATTERN NO.9789[0m, [0;33mLatency:      3[0m
[0;32mPASS PATTERN NO.9790[0m, [0;33mLatency:      3[0m
[0;32mPASS PATTERN NO.9791[0m, [0;33mLatency:      3[0m
[0;32mPASS PATTERN NO.9792[0m, [0;33mLatency:      3[0m
[0;32mPASS PATTERN NO.9793[0m, [0;33mLatency:      3[0m
[0;32mPASS PATTERN NO.9794[0m, [0;33mLatency:      3[0m
[0;32mPASS PATTERN NO.9795[0m, [0;33mLatency:      3[0m
[0;32mPASS PATTERN NO.9796[0m, [0;33mLatency:      3[0m
[0;32mPASS PATTERN NO.9797[0m, [0;33mLatency:      3[0m
[0;32mPASS PATTERN NO.9798[0m, [0;33mLatency:      3[0m
[0;32mPASS PATTERN NO.9799[0m, [0;33mLatency:      3[0m
[0;32mPASS PATTERN NO.9800[0m, [0;33mLatency:      3[0m
[0;32mPASS PATTERN NO.9801[0m, [0;33mLatency:      3[0m
[0;32mPASS PATTERN NO.9802[0m, [0;33mLatency:      3[0m
[0;32mPASS PATTERN NO.9803[0m, [0;33mLatency:      3[0m
[0;32mPASS PATTERN NO.9804[0m, [0;33mLatency:      3[0m
[0;32mPASS PATTERN NO.9805[0m, [0;33mLatency:      3[0m
[0;32mPASS PATTERN NO.9806[0m, [0;33mLatency:      3[0m
[0;32mPASS PATTERN NO.9807[0m, [0;33mLatency:      3[0m
[0;32mPASS PATTERN NO.9808[0m, [0;33mLatency:      3[0m
[0;32mPASS PATTERN NO.9809[0m, [0;33mLatency:      3[0m
[0;32mPASS PATTERN NO.9810[0m, [0;33mLatency:      3[0m
[0;32mPASS PATTERN NO.9811[0m, [0;33mLatency:      3[0m
[0;32mPASS PATTERN NO.9812[0m, [0;33mLatency:      3[0m
[0;32mPASS PATTERN NO.9813[0m, [0;33mLatency:      3[0m
[0;32mPASS PATTERN NO.9814[0m, [0;33mLatency:      3[0m
[0;32mPASS PATTERN NO.9815[0m, [0;33mLatency:      3[0m
[0;32mPASS PATTERN NO.9816[0m, [0;33mLatency:      3[0m
[0;32mPASS PATTERN NO.9817[0m, [0;33mLatency:      3[0m
[0;32mPASS PATTERN NO.9818[0m, [0;33mLatency:      3[0m
[0;32mPASS PATTERN NO.9819[0m, [0;33mLatency:      3[0m
[0;32mPASS PATTERN NO.9820[0m, [0;33mLatency:      3[0m
[0;32mPASS PATTERN NO.9821[0m, [0;33mLatency:      3[0m
[0;32mPASS PATTERN NO.9822[0m, [0;33mLatency:      3[0m
[0;32mPASS PATTERN NO.9823[0m, [0;33mLatency:      3[0m
[0;32mPASS PATTERN NO.9824[0m, [0;33mLatency:      3[0m
[0;32mPASS PATTERN NO.9825[0m, [0;33mLatency:      3[0m
[0;32mPASS PATTERN NO.9826[0m, [0;33mLatency:      3[0m
[0;32mPASS PATTERN NO.9827[0m, [0;33mLatency:      3[0m
[0;32mPASS PATTERN NO.9828[0m, [0;33mLatency:      3[0m
[0;32mPASS PATTERN NO.9829[0m, [0;33mLatency:      3[0m
[0;32mPASS PATTERN NO.9830[0m, [0;33mLatency:      3[0m
[0;32mPASS PATTERN NO.9831[0m, [0;33mLatency:      3[0m
[0;32mPASS PATTERN NO.9832[0m, [0;33mLatency:      3[0m
[0;32mPASS PATTERN NO.9833[0m, [0;33mLatency:      3[0m
[0;32mPASS PATTERN NO.9834[0m, [0;33mLatency:      3[0m
[0;32mPASS PATTERN NO.9835[0m, [0;33mLatency:      3[0m
[0;32mPASS PATTERN NO.9836[0m, [0;33mLatency:      3[0m
[0;32mPASS PATTERN NO.9837[0m, [0;33mLatency:      3[0m
[0;32mPASS PATTERN NO.9838[0m, [0;33mLatency:      3[0m
[0;32mPASS PATTERN NO.9839[0m, [0;33mLatency:      3[0m
[0;32mPASS PATTERN NO.9840[0m, [0;33mLatency:      3[0m
[0;32mPASS PATTERN NO.9841[0m, [0;33mLatency:      3[0m
[0;32mPASS PATTERN NO.9842[0m, [0;33mLatency:      3[0m
[0;32mPASS PATTERN NO.9843[0m, [0;33mLatency:      3[0m
[0;32mPASS PATTERN NO.9844[0m, [0;33mLatency:      3[0m
[0;32mPASS PATTERN NO.9845[0m, [0;33mLatency:      3[0m
[0;32mPASS PATTERN NO.9846[0m, [0;33mLatency:      3[0m
[0;32mPASS PATTERN NO.9847[0m, [0;33mLatency:      3[0m
[0;32mPASS PATTERN NO.9848[0m, [0;33mLatency:      3[0m
[0;32mPASS PATTERN NO.9849[0m, [0;33mLatency:      3[0m
[0;32mPASS PATTERN NO.9850[0m, [0;33mLatency:      3[0m
[0;32mPASS PATTERN NO.9851[0m, [0;33mLatency:      3[0m
[0;32mPASS PATTERN NO.9852[0m, [0;33mLatency:      3[0m
[0;32mPASS PATTERN NO.9853[0m, [0;33mLatency:      3[0m
[0;32mPASS PATTERN NO.9854[0m, [0;33mLatency:      3[0m
[0;32mPASS PATTERN NO.9855[0m, [0;33mLatency:      3[0m
[0;32mPASS PATTERN NO.9856[0m, [0;33mLatency:      3[0m
[0;32mPASS PATTERN NO.9857[0m, [0;33mLatency:      3[0m
[0;32mPASS PATTERN NO.9858[0m, [0;33mLatency:      3[0m
[0;32mPASS PATTERN NO.9859[0m, [0;33mLatency:      3[0m
[0;32mPASS PATTERN NO.9860[0m, [0;33mLatency:      3[0m
[0;32mPASS PATTERN NO.9861[0m, [0;33mLatency:      3[0m
[0;32mPASS PATTERN NO.9862[0m, [0;33mLatency:      3[0m
[0;32mPASS PATTERN NO.9863[0m, [0;33mLatency:      3[0m
[0;32mPASS PATTERN NO.9864[0m, [0;33mLatency:      3[0m
[0;32mPASS PATTERN NO.9865[0m, [0;33mLatency:      3[0m
[0;32mPASS PATTERN NO.9866[0m, [0;33mLatency:      3[0m
[0;32mPASS PATTERN NO.9867[0m, [0;33mLatency:      3[0m
[0;32mPASS PATTERN NO.9868[0m, [0;33mLatency:      3[0m
[0;32mPASS PATTERN NO.9869[0m, [0;33mLatency:      3[0m
[0;32mPASS PATTERN NO.9870[0m, [0;33mLatency:      3[0m
[0;32mPASS PATTERN NO.9871[0m, [0;33mLatency:      3[0m
[0;32mPASS PATTERN NO.9872[0m, [0;33mLatency:      3[0m
[0;32mPASS PATTERN NO.9873[0m, [0;33mLatency:      3[0m
[0;32mPASS PATTERN NO.9874[0m, [0;33mLatency:      3[0m
[0;32mPASS PATTERN NO.9875[0m, [0;33mLatency:      3[0m
[0;32mPASS PATTERN NO.9876[0m, [0;33mLatency:      3[0m
[0;32mPASS PATTERN NO.9877[0m, [0;33mLatency:      3[0m
[0;32mPASS PATTERN NO.9878[0m, [0;33mLatency:      3[0m
[0;32mPASS PATTERN NO.9879[0m, [0;33mLatency:      3[0m
[0;32mPASS PATTERN NO.9880[0m, [0;33mLatency:      3[0m
[0;32mPASS PATTERN NO.9881[0m, [0;33mLatency:      3[0m
[0;32mPASS PATTERN NO.9882[0m, [0;33mLatency:      3[0m
[0;32mPASS PATTERN NO.9883[0m, [0;33mLatency:      3[0m
[0;32mPASS PATTERN NO.9884[0m, [0;33mLatency:      3[0m
[0;32mPASS PATTERN NO.9885[0m, [0;33mLatency:      3[0m
[0;32mPASS PATTERN NO.9886[0m, [0;33mLatency:      3[0m
[0;32mPASS PATTERN NO.9887[0m, [0;33mLatency:      3[0m
[0;32mPASS PATTERN NO.9888[0m, [0;33mLatency:      3[0m
[0;32mPASS PATTERN NO.9889[0m, [0;33mLatency:      3[0m
[0;32mPASS PATTERN NO.9890[0m, [0;33mLatency:      3[0m
[0;32mPASS PATTERN NO.9891[0m, [0;33mLatency:      3[0m
[0;32mPASS PATTERN NO.9892[0m, [0;33mLatency:      3[0m
[0;32mPASS PATTERN NO.9893[0m, [0;33mLatency:      3[0m
[0;32mPASS PATTERN NO.9894[0m, [0;33mLatency:      3[0m
[0;32mPASS PATTERN NO.9895[0m, [0;33mLatency:      3[0m
[0;32mPASS PATTERN NO.9896[0m, [0;33mLatency:      3[0m
[0;32mPASS PATTERN NO.9897[0m, [0;33mLatency:      3[0m
[0;32mPASS PATTERN NO.9898[0m, [0;33mLatency:      3[0m
[0;32mPASS PATTERN NO.9899[0m, [0;33mLatency:      3[0m
[0;32mPASS PATTERN NO.9900[0m, [0;33mLatency:      3[0m
[0;32mPASS PATTERN NO.9901[0m, [0;33mLatency:      3[0m
[0;32mPASS PATTERN NO.9902[0m, [0;33mLatency:      3[0m
[0;32mPASS PATTERN NO.9903[0m, [0;33mLatency:      3[0m
[0;32mPASS PATTERN NO.9904[0m, [0;33mLatency:      3[0m
[0;32mPASS PATTERN NO.9905[0m, [0;33mLatency:      3[0m
[0;32mPASS PATTERN NO.9906[0m, [0;33mLatency:      3[0m
[0;32mPASS PATTERN NO.9907[0m, [0;33mLatency:      3[0m
[0;32mPASS PATTERN NO.9908[0m, [0;33mLatency:      3[0m
[0;32mPASS PATTERN NO.9909[0m, [0;33mLatency:      3[0m
[0;32mPASS PATTERN NO.9910[0m, [0;33mLatency:      3[0m
[0;32mPASS PATTERN NO.9911[0m, [0;33mLatency:      3[0m
[0;32mPASS PATTERN NO.9912[0m, [0;33mLatency:      3[0m
[0;32mPASS PATTERN NO.9913[0m, [0;33mLatency:      3[0m
[0;32mPASS PATTERN NO.9914[0m, [0;33mLatency:      3[0m
[0;32mPASS PATTERN NO.9915[0m, [0;33mLatency:      3[0m
[0;32mPASS PATTERN NO.9916[0m, [0;33mLatency:      3[0m
[0;32mPASS PATTERN NO.9917[0m, [0;33mLatency:      3[0m
[0;32mPASS PATTERN NO.9918[0m, [0;33mLatency:      3[0m
[0;32mPASS PATTERN NO.9919[0m, [0;33mLatency:      3[0m
[0;32mPASS PATTERN NO.9920[0m, [0;33mLatency:      3[0m
[0;32mPASS PATTERN NO.9921[0m, [0;33mLatency:      3[0m
[0;32mPASS PATTERN NO.9922[0m, [0;33mLatency:      3[0m
[0;32mPASS PATTERN NO.9923[0m, [0;33mLatency:      3[0m
[0;32mPASS PATTERN NO.9924[0m, [0;33mLatency:      3[0m
[0;32mPASS PATTERN NO.9925[0m, [0;33mLatency:      3[0m
[0;32mPASS PATTERN NO.9926[0m, [0;33mLatency:      3[0m
[0;32mPASS PATTERN NO.9927[0m, [0;33mLatency:      3[0m
[0;32mPASS PATTERN NO.9928[0m, [0;33mLatency:      3[0m
[0;32mPASS PATTERN NO.9929[0m, [0;33mLatency:      3[0m
[0;32mPASS PATTERN NO.9930[0m, [0;33mLatency:      3[0m
[0;32mPASS PATTERN NO.9931[0m, [0;33mLatency:      3[0m
[0;32mPASS PATTERN NO.9932[0m, [0;33mLatency:      3[0m
[0;32mPASS PATTERN NO.9933[0m, [0;33mLatency:      3[0m
[0;32mPASS PATTERN NO.9934[0m, [0;33mLatency:      3[0m
[0;32mPASS PATTERN NO.9935[0m, [0;33mLatency:      3[0m
[0;32mPASS PATTERN NO.9936[0m, [0;33mLatency:      3[0m
[0;32mPASS PATTERN NO.9937[0m, [0;33mLatency:      3[0m
[0;32mPASS PATTERN NO.9938[0m, [0;33mLatency:      3[0m
[0;32mPASS PATTERN NO.9939[0m, [0;33mLatency:      3[0m
[0;32mPASS PATTERN NO.9940[0m, [0;33mLatency:      3[0m
[0;32mPASS PATTERN NO.9941[0m, [0;33mLatency:      3[0m
[0;32mPASS PATTERN NO.9942[0m, [0;33mLatency:      3[0m
[0;32mPASS PATTERN NO.9943[0m, [0;33mLatency:      3[0m
[0;32mPASS PATTERN NO.9944[0m, [0;33mLatency:      3[0m
[0;32mPASS PATTERN NO.9945[0m, [0;33mLatency:      3[0m
[0;32mPASS PATTERN NO.9946[0m, [0;33mLatency:      3[0m
[0;32mPASS PATTERN NO.9947[0m, [0;33mLatency:      3[0m
[0;32mPASS PATTERN NO.9948[0m, [0;33mLatency:      3[0m
[0;32mPASS PATTERN NO.9949[0m, [0;33mLatency:      3[0m
[0;32mPASS PATTERN NO.9950[0m, [0;33mLatency:      3[0m
[0;32mPASS PATTERN NO.9951[0m, [0;33mLatency:      3[0m
[0;32mPASS PATTERN NO.9952[0m, [0;33mLatency:      3[0m
[0;32mPASS PATTERN NO.9953[0m, [0;33mLatency:      3[0m
[0;32mPASS PATTERN NO.9954[0m, [0;33mLatency:      3[0m
[0;32mPASS PATTERN NO.9955[0m, [0;33mLatency:      3[0m
[0;32mPASS PATTERN NO.9956[0m, [0;33mLatency:      3[0m
[0;32mPASS PATTERN NO.9957[0m, [0;33mLatency:      3[0m
[0;32mPASS PATTERN NO.9958[0m, [0;33mLatency:      3[0m
[0;32mPASS PATTERN NO.9959[0m, [0;33mLatency:      3[0m
[0;32mPASS PATTERN NO.9960[0m, [0;33mLatency:      3[0m
[0;32mPASS PATTERN NO.9961[0m, [0;33mLatency:      3[0m
[0;32mPASS PATTERN NO.9962[0m, [0;33mLatency:      3[0m
[0;32mPASS PATTERN NO.9963[0m, [0;33mLatency:      3[0m
[0;32mPASS PATTERN NO.9964[0m, [0;33mLatency:      3[0m
[0;32mPASS PATTERN NO.9965[0m, [0;33mLatency:      3[0m
[0;32mPASS PATTERN NO.9966[0m, [0;33mLatency:      3[0m
[0;32mPASS PATTERN NO.9967[0m, [0;33mLatency:      3[0m
[0;32mPASS PATTERN NO.9968[0m, [0;33mLatency:      3[0m
[0;32mPASS PATTERN NO.9969[0m, [0;33mLatency:      3[0m
[0;32mPASS PATTERN NO.9970[0m, [0;33mLatency:      3[0m
[0;32mPASS PATTERN NO.9971[0m, [0;33mLatency:      3[0m
[0;32mPASS PATTERN NO.9972[0m, [0;33mLatency:      3[0m
[0;32mPASS PATTERN NO.9973[0m, [0;33mLatency:      3[0m
[0;32mPASS PATTERN NO.9974[0m, [0;33mLatency:      3[0m
[0;32mPASS PATTERN NO.9975[0m, [0;33mLatency:      3[0m
[0;32mPASS PATTERN NO.9976[0m, [0;33mLatency:      3[0m
[0;32mPASS PATTERN NO.9977[0m, [0;33mLatency:      3[0m
[0;32mPASS PATTERN NO.9978[0m, [0;33mLatency:      3[0m
[0;32mPASS PATTERN NO.9979[0m, [0;33mLatency:      3[0m
[0;32mPASS PATTERN NO.9980[0m, [0;33mLatency:      3[0m
[0;32mPASS PATTERN NO.9981[0m, [0;33mLatency:      3[0m
[0;32mPASS PATTERN NO.9982[0m, [0;33mLatency:      3[0m
[0;32mPASS PATTERN NO.9983[0m, [0;33mLatency:      3[0m
[0;32mPASS PATTERN NO.9984[0m, [0;33mLatency:      3[0m
[0;32mPASS PATTERN NO.9985[0m, [0;33mLatency:      3[0m
[0;32mPASS PATTERN NO.9986[0m, [0;33mLatency:      3[0m
[0;32mPASS PATTERN NO.9987[0m, [0;33mLatency:      3[0m
[0;32mPASS PATTERN NO.9988[0m, [0;33mLatency:      3[0m
[0;32mPASS PATTERN NO.9989[0m, [0;33mLatency:      3[0m
[0;32mPASS PATTERN NO.9990[0m, [0;33mLatency:      3[0m
[0;32mPASS PATTERN NO.9991[0m, [0;33mLatency:      3[0m
[0;32mPASS PATTERN NO.9992[0m, [0;33mLatency:      3[0m
[0;32mPASS PATTERN NO.9993[0m, [0;33mLatency:      3[0m
[0;32mPASS PATTERN NO.9994[0m, [0;33mLatency:      3[0m
[0;32mPASS PATTERN NO.9995[0m, [0;33mLatency:      3[0m
[0;32mPASS PATTERN NO.9996[0m, [0;33mLatency:      3[0m
[0;32mPASS PATTERN NO.9997[0m, [0;33mLatency:      3[0m
[0;32mPASS PATTERN NO.9998[0m, [0;33mLatency:      3[0m
[0;32mPASS PATTERN NO.9999[0m, [0;33mLatency:      3[0m
[0;32mPASS PATTERN NO.10000[0m, [0;33mLatency:      3[0m
--------------------------------------------------------------------
                         Congratulations!                           
                  You have passed all patterns!                     
                  Total execution cycles = 30000 cycles               
--------------------------------------------------------------------
$finish called from file "PATTERN.sv", line 194.
$finish at simulation time              6401520
           V C S   S i m u l a t i o n   R e p o r t 
Time: 64015200 ps
CPU Time:      0.520 seconds;       Data structure size:   0.1Mb
Sun May 31 18:12:02 2026
CPU time: .299 seconds to compile + .257 seconds to elab + .299 seconds to link + .558 seconds in simulation
