Command: vcs -timescale=1ns/1fs -j4 -sverilog +v2k -full64 -Mupdate -R -debug_access+all \
-f filelist.f -o simv -l vcs.log -P /usr/cad/synopsys/verdi/2022.06/share/PLI/VCS/linux64/novas.tab \
/usr/cad/synopsys/verdi/2022.06/share/PLI/VCS/linux64/pli.a -v /home/daniel_kuo/CBDK_TSMC40_Arm_f2.0/CIC/Verilog/sc9_cln40g_base_hvt_neg.v \
/home/daniel_kuo/CBDK_TSMC40_Arm_f2.0/CIC/Verilog/sc9_cln40g_base_rvt_neg.v /home/daniel_kuo/CBDK_TSMC40_Arm_f2.0/CIC/Verilog/sc9_cln40g_base_lvt_neg.v \
/home/daniel_kuo/CBDK_TSMC40_Arm_f2.0/CIC/Verilog/sc9_cln40g_base_hvt_udp.v /home/daniel_kuo/CBDK_TSMC40_Arm_f2.0/CIC/Verilog/sc9_cln40g_base_rvt_udp.v \
/home/daniel_kuo/CBDK_TSMC40_Arm_f2.0/CIC/Verilog/sc9_cln40g_base_lvt_udp.v +define+GATE \
+neg_tchk
*** Using c compiler gcc instead of cc ...
                         Chronologic VCS (TM)
         Version T-2022.06_Full64 -- Thu Sep  4 20:37:14 2025

                    Copyright (c) 1991 - 2022 Synopsys, Inc.
   This software and the associated documentation are proprietary to Synopsys,
 Inc. This software may only be used in accordance with the terms and conditions
 of a written license agreement with Synopsys, Inc. All other use, reproduction,
   or distribution of this software is strictly prohibited.  Licensed Products
     communicate with Synopsys servers for the purpose of providing software
    updates, detecting software piracy and verifying that customers are using
    Licensed Products in conformity with the applicable License Key for such
  Licensed Products. Synopsys will use information gathered in connection with
    this process to deliver software updates and pursue software pirates and
                                   infringers.

 Inclusivity & Diversity - Visit SolvNetPlus to read the "Synopsys Statement on
            Inclusivity and Diversity" (Refer to article 000036315 at
                        https://solvnetplus.synopsys.com)

Parsing design file 'TESTBED.v'
Parsing included file 'PATTERN.v'.
Back to file 'TESTBED.v'.
Parsing included file 'IFFT_SYN.v'.
Back to file 'TESTBED.v'.
Parsing design file '/home/daniel_kuo/CBDK_TSMC40_Arm_f2.0/CIC/Verilog/sc9_cln40g_base_rvt_neg.v'
Parsing design file '/home/daniel_kuo/CBDK_TSMC40_Arm_f2.0/CIC/Verilog/sc9_cln40g_base_lvt_neg.v'
Parsing design file '/home/daniel_kuo/CBDK_TSMC40_Arm_f2.0/CIC/Verilog/sc9_cln40g_base_hvt_udp.v'
Parsing design file '/home/daniel_kuo/CBDK_TSMC40_Arm_f2.0/CIC/Verilog/sc9_cln40g_base_rvt_udp.v'

Warning-[WUPD] UDP previously declared
  UDP is previously declared: 
   "/home/daniel_kuo/CBDK_TSMC40_Arm_f2.0/CIC/Verilog/sc9_cln40g_base_rvt_udp.v",
  3: token is 'udp_dffr3'
  primitive udp_dffr3 (out, st1, st0, ck, clr_, set_, retn, pwr, pwrg);
                     ^
  Current declaration will be ignored.


Warning-[WUPD] UDP previously declared
  UDP is previously declared: 
   "/home/daniel_kuo/CBDK_TSMC40_Arm_f2.0/CIC/Verilog/sc9_cln40g_base_rvt_udp.v",
  38: token is 'udp_tlat'
  primitive udp_tlat (out, in, hold, clr_, set_, NOTIFIER);
                    ^
  Current declaration will be ignored.


Warning-[WUPD] UDP previously declared
  UDP is previously declared: 
   "/home/daniel_kuo/CBDK_TSMC40_Arm_f2.0/CIC/Verilog/sc9_cln40g_base_rvt_udp.v",
  63: token is 'udp_lcg'
  primitive udp_lcg(out, e, mgclk, ovrd, NOT);
                   ^
  Current declaration will be ignored.


Warning-[WUPD] UDP previously declared
  UDP is previously declared: 
   "/home/daniel_kuo/CBDK_TSMC40_Arm_f2.0/CIC/Verilog/sc9_cln40g_base_rvt_udp.v",
  86: token is 'udp_tlatrf2_PWR'
  primitive udp_tlatrf2_PWR (out, in1, w1w, in2, w2w, VDD, VSS, NOTIFIER);
                           ^
  Current declaration will be ignored.


Warning-[WUPD] UDP previously declared
  UDP is previously declared: 
   "/home/daniel_kuo/CBDK_TSMC40_Arm_f2.0/CIC/Verilog/sc9_cln40g_base_rvt_udp.v",
  123: token is 'udp_tlat_retpwr'
  primitive udp_tlat_retpwr (out, VDD, VSS, in, hold, clr_, set_, NOTIFIER);
                           ^
  Current declaration will be ignored.


Warning-[WUPD] UDP previously declared
  UDP is previously declared: 
   "/home/daniel_kuo/CBDK_TSMC40_Arm_f2.0/CIC/Verilog/sc9_cln40g_base_rvt_udp.v",
  152: token is 'udp_lv_pp_or_vdd_vss'
  primitive udp_lv_pp_or_vdd_vss (y, a, b, vdd, vss);
                                ^
  Current declaration will be ignored.


Warning-[WUPD] UDP previously declared
  UDP is previously declared: 
   "/home/daniel_kuo/CBDK_TSMC40_Arm_f2.0/CIC/Verilog/sc9_cln40g_base_rvt_udp.v",
  166: token is 'udp_rslat_out_'
  primitive udp_rslat_out_ (out_, r, s, NOTIFIER);
                          ^
  Current declaration will be ignored.


Warning-[WUPD] UDP previously declared
  UDP is previously declared: 
   "/home/daniel_kuo/CBDK_TSMC40_Arm_f2.0/CIC/Verilog/sc9_cln40g_base_rvt_udp.v",
  190: token is 'udp_sedfft'
  primitive udp_sedfft (out, in, clk, clr_, si, se, en, NOTIFIER);
                      ^
  Current declaration will be ignored.


Warning-[WUPD] UDP previously declared
  UDP is previously declared: 
   "/home/daniel_kuo/CBDK_TSMC40_Arm_f2.0/CIC/Verilog/sc9_cln40g_base_rvt_udp.v",
  240: token is 'udp_or_pp'
  primitive udp_or_pp (y, a, b, vdd, vss);
                     ^
  Current declaration will be ignored.


Warning-[WUPD] UDP previously declared
  UDP is previously declared: 
   "/home/daniel_kuo/CBDK_TSMC40_Arm_f2.0/CIC/Verilog/sc9_cln40g_base_rvt_udp.v",
  256: token is 'udp_jkff'
  primitive udp_jkff (out, j, k, clk, clr_, set_, NOTIFIER);
                    ^
  Current declaration will be ignored.


Warning-[WUPD] UDP previously declared
  UDP is previously declared: 
   "/home/daniel_kuo/CBDK_TSMC40_Arm_f2.0/CIC/Verilog/sc9_cln40g_base_rvt_udp.v",
  291: token is 'udp_bmx'
  primitive udp_bmx (out, x2, a, s, m1, m0);
                   ^
  Current declaration will be ignored.


Warning-[WUPD] UDP previously declared
  UDP is previously declared: 
   "/home/daniel_kuo/CBDK_TSMC40_Arm_f2.0/CIC/Verilog/sc9_cln40g_base_rvt_udp.v",
  317: token is 'udp_sedff'
  primitive udp_sedff (out, in, clk, clr_, si, se, en, NOTIFIER);
                     ^
  Current declaration will be ignored.


Warning-[WUPD] UDP previously declared
  UDP is previously declared: 
   "/home/daniel_kuo/CBDK_TSMC40_Arm_f2.0/CIC/Verilog/sc9_cln40g_base_rvt_udp.v",
  371: token is 'udp_mux2'
  primitive udp_mux2 (out, in0, in1, sel);
                    ^
  Current declaration will be ignored.


Warning-[WUPD] UDP previously declared
  UDP is previously declared: 
   "/home/daniel_kuo/CBDK_TSMC40_Arm_f2.0/CIC/Verilog/sc9_cln40g_base_rvt_udp.v",
  390: token is 'udp_sedffsr'
  primitive udp_sedffsr (out, in, clk, clr_, set_, si, se, en, NOTIFIER);
                       ^
  Current declaration will be ignored.


Warning-[WUPD] UDP previously declared
  UDP is previously declared: 
   "/home/daniel_kuo/CBDK_TSMC40_Arm_f2.0/CIC/Verilog/sc9_cln40g_base_rvt_udp.v",
  453: token is 'udp_mux4'
  primitive udp_mux4 (out, in0, in1, in2, in3, sel_0, sel_1);
                    ^
  Current declaration will be ignored.


Warning-[WUPD] UDP previously declared
  UDP is previously declared: 
   "/home/daniel_kuo/CBDK_TSMC40_Arm_f2.0/CIC/Verilog/sc9_cln40g_base_rvt_udp.v",
  484: token is 'udp_retn_pwr'
  primitive udp_retn_pwr (out, VDD, VSS, n2, n4, clk, xRN, xSN);
                        ^
  Current declaration will be ignored.


Warning-[WUPD] UDP previously declared
  UDP is previously declared: 
   "/home/daniel_kuo/CBDK_TSMC40_Arm_f2.0/CIC/Verilog/sc9_cln40g_base_rvt_udp.v",
  511: token is 'udp_rslat_out_PWR'
  primitive udp_rslat_out_PWR (out, r, s, VDD, VSS, NOTIFIER);
                             ^
  Current declaration will be ignored.


Warning-[WUPD] UDP previously declared
  UDP is previously declared: 
   "/home/daniel_kuo/CBDK_TSMC40_Arm_f2.0/CIC/Verilog/sc9_cln40g_base_rvt_udp.v",
  537: token is 'udp_o2lvluu_pp_or_vddi_vdd_vss'
  primitive udp_o2lvluu_pp_or_vddi_vdd_vss (y, a, b, vddi, vdd, vss);
                                          ^
  Current declaration will be ignored.


Warning-[WUPD] UDP previously declared
  UDP is previously declared: 
   "/home/daniel_kuo/CBDK_TSMC40_Arm_f2.0/CIC/Verilog/sc9_cln40g_base_rvt_udp.v",
  550: token is 'udp_ph2p'
  primitive udp_ph2p (LOUT, CLK1, CLK2, DATA1, DATA2, SET, RESET);
                    ^
  Current declaration will be ignored.


Warning-[WUPD] UDP previously declared
  UDP is previously declared: 
   "/home/daniel_kuo/CBDK_TSMC40_Arm_f2.0/CIC/Verilog/sc9_cln40g_base_rvt_udp.v",
  594: token is 'udp_mux'
  primitive udp_mux (out, in, s_in, s_sel);
                   ^
  Current declaration will be ignored.


Warning-[WUPD] UDP previously declared
  UDP is previously declared: 
   "/home/daniel_kuo/CBDK_TSMC40_Arm_f2.0/CIC/Verilog/sc9_cln40g_base_rvt_udp.v",
  612: token is 'udp_buf_pp'
  primitive udp_buf_pp (y, a, vddg, vssg);
                      ^
  Current declaration will be ignored.


Warning-[WUPD] UDP previously declared
  UDP is previously declared: 
   "/home/daniel_kuo/CBDK_TSMC40_Arm_f2.0/CIC/Verilog/sc9_cln40g_base_rvt_udp.v",
  625: token is 'udp_lv_pp_vddi_vdd_vss'
  primitive udp_lv_pp_vddi_vdd_vss (y, a, b, vddi, vdd, vss);
                                  ^
  Current declaration will be ignored.


Warning-[WUPD] UDP previously declared
  UDP is previously declared: 
   "/home/daniel_kuo/CBDK_TSMC40_Arm_f2.0/CIC/Verilog/sc9_cln40g_base_rvt_udp.v",
  640: token is 'udp_tlatrf2'
  primitive udp_tlatrf2 (out, in1, w1w, in2, w2w, NOTIFIER);
                       ^
  Current declaration will be ignored.


Warning-[WUPD] UDP previously declared
  UDP is previously declared: 
   "/home/daniel_kuo/CBDK_TSMC40_Arm_f2.0/CIC/Verilog/sc9_cln40g_base_rvt_udp.v",
  675: token is 'udp_tlatrf_PWR'
  primitive udp_tlatrf_PWR (out, in, ww, wwn, VDD, VSS, NOTIFIER);
                          ^
  Current declaration will be ignored.


Warning-[WUPD] UDP previously declared
  UDP is previously declared: 
   "/home/daniel_kuo/CBDK_TSMC40_Arm_f2.0/CIC/Verilog/sc9_cln40g_base_rvt_udp.v",
  703: token is 'udp_dff_PWR'
  primitive udp_dff_PWR (out, in, clk, clr_, set_, VDD, VSS, NOTIFIER);
                       ^
  Current declaration will be ignored.


Warning-[WUPD] UDP previously declared
  UDP is previously declared: 
   "/home/daniel_kuo/CBDK_TSMC40_Arm_f2.0/CIC/Verilog/sc9_cln40g_base_rvt_udp.v",
  732: token is 'udp_a2lvluu_pp_vddi_vdd_vss'
  primitive udp_a2lvluu_pp_vddi_vdd_vss (y, a, b, vddi, vdd, vss);
                                       ^
  Current declaration will be ignored.


Warning-[WUPD] UDP previously declared
  UDP is previously declared: 
   "/home/daniel_kuo/CBDK_TSMC40_Arm_f2.0/CIC/Verilog/sc9_cln40g_base_rvt_udp.v",
  746: token is 'udp_edff_PWR'
  primitive udp_edff_PWR (out, in, clk, clr_, set_, en, VDD, VSS, NOTIFIER);
                        ^
  Current declaration will be ignored.


Warning-[WUPD] UDP previously declared
  UDP is previously declared: 
   "/home/daniel_kuo/CBDK_TSMC40_Arm_f2.0/CIC/Verilog/sc9_cln40g_base_rvt_udp.v",
  782: token is 'udp_tlat_pwr'
  primitive udp_tlat_pwr (out, VDD, VSS, in, hold, clr_, set_, NOTIFIER);
                        ^
  Current declaration will be ignored.


Warning-[WUPD] UDP previously declared
  UDP is previously declared: 
   "/home/daniel_kuo/CBDK_TSMC40_Arm_f2.0/CIC/Verilog/sc9_cln40g_base_rvt_udp.v",
  812: token is 'udp_outrf'
  primitive udp_outrf (out, in, rwn, rw);
                     ^
  Current declaration will be ignored.


Warning-[WUPD] UDP previously declared
  UDP is previously declared: 
   "/home/daniel_kuo/CBDK_TSMC40_Arm_f2.0/CIC/Verilog/sc9_cln40g_base_rvt_udp.v",
  830: token is 'udp_and_pp'
  primitive udp_and_pp (y, a, b, vdd, vss);
                      ^
  Current declaration will be ignored.


Warning-[WUPD] UDP previously declared
  UDP is previously declared: 
   "/home/daniel_kuo/CBDK_TSMC40_Arm_f2.0/CIC/Verilog/sc9_cln40g_base_rvt_udp.v",
  845: token is 'udp_dffr2'
  primitive udp_dffr2 (out, d, ck, clr_, set_, pwr, notifier);
                     ^
  Current declaration will be ignored.


Warning-[WUPD] UDP previously declared
  UDP is previously declared: 
   "/home/daniel_kuo/CBDK_TSMC40_Arm_f2.0/CIC/Verilog/sc9_cln40g_base_rvt_udp.v",
  886: token is 'udp_dffr4'
  primitive udp_dffr4 (out, st1, st0, ck, retn);
                     ^
  Current declaration will be ignored.


Warning-[WUPD] UDP previously declared
  UDP is previously declared: 
   "/home/daniel_kuo/CBDK_TSMC40_Arm_f2.0/CIC/Verilog/sc9_cln40g_base_rvt_udp.v",
  904: token is 'udp_xprop'
  primitive udp_xprop (DOUT, DIN, NOTIFIER, RESET);
                     ^
  Current declaration will be ignored.


Warning-[WUPD] UDP previously declared
  UDP is previously declared: 
   "/home/daniel_kuo/CBDK_TSMC40_Arm_f2.0/CIC/Verilog/sc9_cln40g_base_rvt_udp.v",
  926: token is 'udp_lv_pp_vdd_vss'
  primitive udp_lv_pp_vdd_vss (y, a, b, vdd, vss);
                             ^
  Current declaration will be ignored.


Warning-[WUPD] UDP previously declared
  UDP is previously declared: 
   "/home/daniel_kuo/CBDK_TSMC40_Arm_f2.0/CIC/Verilog/sc9_cln40g_base_rvt_udp.v",
  939: token is 'udp_ph1p'
  primitive udp_ph1p (LOUT, CLK, DATA, SET, RESET);
                    ^
  Current declaration will be ignored.


Warning-[WUPD] UDP previously declared
  UDP is previously declared: 
   "/home/daniel_kuo/CBDK_TSMC40_Arm_f2.0/CIC/Verilog/sc9_cln40g_base_rvt_udp.v",
  968: token is 'udp_dffpower'
  primitive udp_dffpower (out, vdd, vss);
                        ^
  Current declaration will be ignored.


Warning-[WUPD] UDP previously declared
  UDP is previously declared: 
   "/home/daniel_kuo/CBDK_TSMC40_Arm_f2.0/CIC/Verilog/sc9_cln40g_base_rvt_udp.v",
  985: token is 'udp_rslat_out'
  primitive udp_rslat_out (out, r, s, NOTIFIER);
                         ^
  Current declaration will be ignored.


Warning-[WUPD] UDP previously declared
  UDP is previously declared: 
   "/home/daniel_kuo/CBDK_TSMC40_Arm_f2.0/CIC/Verilog/sc9_cln40g_base_rvt_udp.v",
  1008: token is 'udp_always0_pp'
  primitive udp_always0_pp (y, vddg, vssg);
                          ^
  Current declaration will be ignored.


Warning-[WUPD] UDP previously declared
  UDP is previously declared: 
   "/home/daniel_kuo/CBDK_TSMC40_Arm_f2.0/CIC/Verilog/sc9_cln40g_base_rvt_udp.v",
  1021: token is 'udp_edfft_PWR'
  primitive udp_edfft_PWR (out, in, clk, clr_, set_, en, VDD, VSS, NOTIFIER);
                         ^
  Current declaration will be ignored.


Warning-[WUPD] UDP previously declared
  UDP is previously declared: 
   "/home/daniel_kuo/CBDK_TSMC40_Arm_f2.0/CIC/Verilog/sc9_cln40g_base_rvt_udp.v",
  1061: token is 'udp_rslatn_out__PWR'
  primitive udp_rslatn_out__PWR (out_, r_, s_, VDD, VSS, NOTIFIER);
                               ^
  Current declaration will be ignored.


Warning-[WUPD] UDP previously declared
  UDP is previously declared: 
   "/home/daniel_kuo/CBDK_TSMC40_Arm_f2.0/CIC/Verilog/sc9_cln40g_base_rvt_udp.v",
  1089: token is 'udp_dff_ros'
  primitive udp_dff_ros (out, in, clk, clr_, set_, NOTIFIER);
                       ^
  Current declaration will be ignored.


Warning-[WUPD] UDP previously declared
  UDP is previously declared: 
   "/home/daniel_kuo/CBDK_TSMC40_Arm_f2.0/CIC/Verilog/sc9_cln40g_base_rvt_udp.v",
  1116: token is 'udp_rslatn_out_PWR'
  primitive udp_rslatn_out_PWR (out, r_, s_, VDD, VSS, NOTIFIER);
                              ^
  Current declaration will be ignored.


Warning-[WUPD] UDP previously declared
  UDP is previously declared: 
   "/home/daniel_kuo/CBDK_TSMC40_Arm_f2.0/CIC/Verilog/sc9_cln40g_base_rvt_udp.v",
  1149: token is 'udp_wao'
  primitive udp_wao (out, in1a, in1b, in2a, in2b);
                   ^
  Current declaration will be ignored.


Warning-[WUPD] UDP previously declared
  UDP is previously declared: 
   "/home/daniel_kuo/CBDK_TSMC40_Arm_f2.0/CIC/Verilog/sc9_cln40g_base_rvt_udp.v",
  1170: token is 'udp_mx21'
  primitive udp_mx21 (MUXOUT, SEL, DATA0, DATA1);
                    ^
  Current declaration will be ignored.


Warning-[WUPD] UDP previously declared
  UDP is previously declared: 
   "/home/daniel_kuo/CBDK_TSMC40_Arm_f2.0/CIC/Verilog/sc9_cln40g_base_rvt_udp.v",
  1189: token is 'udp_plat_PWR'
  primitive udp_plat_PWR (out, ovrd, clock, ena, VDD, VSS, NOTIFIER);
                        ^
  Current declaration will be ignored.


Warning-[WUPD] UDP previously declared
  UDP is previously declared: 
   "/home/daniel_kuo/CBDK_TSMC40_Arm_f2.0/CIC/Verilog/sc9_cln40g_base_rvt_udp.v",
  1211: token is 'udp_lvl_pp_vddi_vdd_vss'
  primitive udp_lvl_pp_vddi_vdd_vss (y, a, vddi, vdd, vss);
                                   ^
  Current declaration will be ignored.


Warning-[WUPD] UDP previously declared
  UDP is previously declared: 
   "/home/daniel_kuo/CBDK_TSMC40_Arm_f2.0/CIC/Verilog/sc9_cln40g_base_rvt_udp.v",
  1224: token is 'udp_tlatrf'
  primitive udp_tlatrf (out, in, ww, wwn, NOTIFIER);
                      ^
  Current declaration will be ignored.


Warning-[WUPD] UDP previously declared
  UDP is previously declared: 
   "/home/daniel_kuo/CBDK_TSMC40_Arm_f2.0/CIC/Verilog/sc9_cln40g_base_rvt_udp.v",
  1249: token is 'udp_power'
  primitive udp_power (out, out_temp, vdd, vss);
                     ^
  Current declaration will be ignored.


Warning-[WUPD] UDP previously declared
  UDP is previously declared: 
   "/home/daniel_kuo/CBDK_TSMC40_Arm_f2.0/CIC/Verilog/sc9_cln40g_base_rvt_udp.v",
  1264: token is 'udp_tlat_PWR'
  primitive udp_tlat_PWR (out, in, hold, clr_, set_, VDD, VSS, NOTIFIER);
                        ^
  Current declaration will be ignored.


Warning-[WUPD] UDP previously declared
  UDP is previously declared: 
   "/home/daniel_kuo/CBDK_TSMC40_Arm_f2.0/CIC/Verilog/sc9_cln40g_base_rvt_udp.v",
  1293: token is 'udp_dff'
  primitive udp_dff (out, in, clk, clr_, set_, NOTIFIER);
                   ^
  Current declaration will be ignored.


Warning-[WUPD] UDP previously declared
  UDP is previously declared: 
   "/home/daniel_kuo/CBDK_TSMC40_Arm_f2.0/CIC/Verilog/sc9_cln40g_base_rvt_udp.v",
  1318: token is 'udp_ph2p_pwr'
  primitive udp_ph2p_pwr (LOUT, VDD, VSS, CLK1, CLK2, DATA1, DATA2, SET, 
  RESET);
                        ^
  Current declaration will be ignored.


Warning-[WUPD] UDP previously declared
  UDP is previously declared: 
   "/home/daniel_kuo/CBDK_TSMC40_Arm_f2.0/CIC/Verilog/sc9_cln40g_base_rvt_udp.v",
  1360: token is 'udp_rslat_out__PWR'
  primitive udp_rslat_out__PWR (out_, r, s, VDD, VSS, NOTIFIER);
                              ^
  Current declaration will be ignored.


Warning-[WUPD] UDP previously declared
  UDP is previously declared: 
   "/home/daniel_kuo/CBDK_TSMC40_Arm_f2.0/CIC/Verilog/sc9_cln40g_base_rvt_udp.v",
  1387: token is 'udp_sedfft_PWR'
  primitive udp_sedfft_PWR (out, in, clk, clr_, si, se, en, VDD, VSS, 
  NOTIFIER);
                          ^
  Current declaration will be ignored.


Warning-[WUPD] UDP previously declared
  UDP is previously declared: 
   "/home/daniel_kuo/CBDK_TSMC40_Arm_f2.0/CIC/Verilog/sc9_cln40g_base_rvt_udp.v",
  1441: token is 'udp_edff'
  primitive udp_edff (out, in, clk, clr_, set_, en, NOTIFIER);
                    ^
  Current declaration will be ignored.


Warning-[WUPD] UDP previously declared
  UDP is previously declared: 
   "/home/daniel_kuo/CBDK_TSMC40_Arm_f2.0/CIC/Verilog/sc9_cln40g_base_rvt_udp.v",
  1474: token is 'udp_jkff_PWR'
  primitive udp_jkff_PWR (out, j, k, clk, clr_, set_, VDD, VSS, NOTIFIER);
                        ^
  Current declaration will be ignored.


Warning-[WUPD] UDP previously declared
  UDP is previously declared: 
   "/home/daniel_kuo/CBDK_TSMC40_Arm_f2.0/CIC/Verilog/sc9_cln40g_base_rvt_udp.v",
  1512: token is 'udp_retn'
  primitive udp_retn (out, n2, n4, clk, xRN, xSN);
                    ^
  Current declaration will be ignored.


Warning-[WUPD] UDP previously declared
  UDP is previously declared: 
   "/home/daniel_kuo/CBDK_TSMC40_Arm_f2.0/CIC/Verilog/sc9_cln40g_base_rvt_udp.v",
  1535: token is 'udp_lv_pp_or_vddi_vdd_vss'
  primitive udp_lv_pp_or_vddi_vdd_vss (y, a, b, vddi, vdd, vss);
                                     ^
  Current declaration will be ignored.


Warning-[WUPD] UDP previously declared
  UDP is previously declared: 
   "/home/daniel_kuo/CBDK_TSMC40_Arm_f2.0/CIC/Verilog/sc9_cln40g_base_rvt_udp.v",
  1549: token is 'udp_csa4to2_carry'
  primitive udp_csa4to2_carry(carry, a, b, c, ci, d);
                             ^
  Current declaration will be ignored.


Warning-[WUPD] UDP previously declared
  UDP is previously declared: 
   "/home/daniel_kuo/CBDK_TSMC40_Arm_f2.0/CIC/Verilog/sc9_cln40g_base_rvt_udp.v",
  1578: token is 'udp_sedff_PWR'
  primitive udp_sedff_PWR (out, in, clk, clr_, si, se, en, VDD, VSS, 
  NOTIFIER);
                         ^
  Current declaration will be ignored.


Warning-[WUPD] UDP previously declared
  UDP is previously declared: 
   "/home/daniel_kuo/CBDK_TSMC40_Arm_f2.0/CIC/Verilog/sc9_cln40g_base_rvt_udp.v",
  1634: token is 'udp_always1_pp'
  primitive udp_always1_pp (y, vddg, vssg);
                          ^
  Current declaration will be ignored.


Warning-[WUPD] UDP previously declared
  UDP is previously declared: 
   "/home/daniel_kuo/CBDK_TSMC40_Arm_f2.0/CIC/Verilog/sc9_cln40g_base_rvt_udp.v",
  1645: token is 'udp_ando_pp'
  primitive udp_ando_pp (y, a, b, vddo, vsso, vdd, vss);
                       ^
  Current declaration will be ignored.


Warning-[WUPD] UDP previously declared
  UDP is previously declared: 
   "/home/daniel_kuo/CBDK_TSMC40_Arm_f2.0/CIC/Verilog/sc9_cln40g_base_rvt_udp.v",
  1658: token is 'udp_lvl_pp_vdd_vss'
  primitive udp_lvl_pp_vdd_vss (y, a, vdd, vss);
                              ^
  Current declaration will be ignored.


Warning-[WUPD] UDP previously declared
  UDP is previously declared: 
   "/home/daniel_kuo/CBDK_TSMC40_Arm_f2.0/CIC/Verilog/sc9_cln40g_base_rvt_udp.v",
  1671: token is 'udp_sedffsr_PWR'
  primitive udp_sedffsr_PWR (out, in, clk, clr_, set_, si, se, en, VDD, VSS, 
  NOTIFIER);
                           ^
  Current declaration will be ignored.


Warning-[WUPD] UDP previously declared
  UDP is previously declared: 
   "/home/daniel_kuo/CBDK_TSMC40_Arm_f2.0/CIC/Verilog/sc9_cln40g_base_rvt_udp.v",
  1738: token is 'udp_tlat_ros'
  primitive udp_tlat_ros (out, in, hold, clr_, set_, NOTIFIER);
                        ^
  Current declaration will be ignored.


Warning-[WUPD] UDP previously declared
  UDP is previously declared: 
   "/home/daniel_kuo/CBDK_TSMC40_Arm_f2.0/CIC/Verilog/sc9_cln40g_base_rvt_udp.v",
  1764: token is 'udp_edfft'
  primitive udp_edfft (out, in, clk, clr_, set_, en, NOTIFIER);
                     ^
  Current declaration will be ignored.


Warning-[WUPD] UDP previously declared
  UDP is previously declared: 
   "/home/daniel_kuo/CBDK_TSMC40_Arm_f2.0/CIC/Verilog/sc9_cln40g_base_rvt_udp.v",
  1801: token is 'udp_rslatn_out_'
  primitive udp_rslatn_out_ (out_, r_, s_, NOTIFIER);
                           ^
  Current declaration will be ignored.


Warning-[WUPD] UDP previously declared
  UDP is previously declared: 
   "/home/daniel_kuo/CBDK_TSMC40_Arm_f2.0/CIC/Verilog/sc9_cln40g_base_rvt_udp.v",
  1825: token is 'udp_rslatn_out'
  primitive udp_rslatn_out (out, r_, s_, NOTIFIER);
                          ^
  Current declaration will be ignored.


Warning-[WUPD] UDP previously declared
  UDP is previously declared: 
   "/home/daniel_kuo/CBDK_TSMC40_Arm_f2.0/CIC/Verilog/sc9_cln40g_base_rvt_udp.v",
  1847: token is 'udp_oro_pp'
  primitive udp_oro_pp (y, a, b, vddo, vsso, vdd, vss);
                      ^
  Current declaration will be ignored.


Warning-[WUPD] UDP previously declared
  UDP is previously declared: 
   "/home/daniel_kuo/CBDK_TSMC40_Arm_f2.0/CIC/Verilog/sc9_cln40g_base_rvt_udp.v",
  1860: token is 'udp_not_pp'
  primitive udp_not_pp (y, a, vddg, vssg);
                      ^
  Current declaration will be ignored.


Warning-[WUPD] UDP previously declared
  UDP is previously declared: 
   "/home/daniel_kuo/CBDK_TSMC40_Arm_f2.0/CIC/Verilog/sc9_cln40g_base_rvt_udp.v",
  1875: token is 'udp_plat'
  primitive udp_plat (out, ovrd, clock, ena, NOTIFIER);
                    ^
  Current declaration will be ignored.


Warning-[WUPD] UDP previously declared
  UDP is previously declared: 
   "/home/daniel_kuo/CBDK_TSMC40_Arm_f2.0/CIC/Verilog/sc9_cln40g_base_rvt_udp.v",
  1893: token is 'udp_ph1p_pwr'
  primitive udp_ph1p_pwr (LOUT, VDD, VSS, CLK, DATA, SET, RESET);
                        ^
  Current declaration will be ignored.


Warning-[WUPD] UDP previously declared
  UDP is previously declared: 
   "/home/daniel_kuo/CBDK_TSMC40_Arm_f2.0/CIC/Verilog/sc9_cln40g_base_rvt_udp.v",
  1920: token is 'udp_xgen'
  primitive udp_xgen (out, in, en, e);
                    ^
  Current declaration will be ignored.


Warning-[WUPD] UDP previously declared
  UDP is previously declared: 
   "/home/daniel_kuo/CBDK_TSMC40_Arm_f2.0/CIC/Verilog/sc9_cln40g_base_rvt_udp.v",
  1943: token is 'udp_dffr1'
  primitive udp_dffr1 (out, in, clk, clr_, set_, retn, pwr, pwrg, NOTIFIER);
                     ^
  Current declaration will be ignored.

Parsing design file '/home/daniel_kuo/CBDK_TSMC40_Arm_f2.0/CIC/Verilog/sc9_cln40g_base_lvt_udp.v'

Warning-[WUPD] UDP previously declared
  UDP is previously declared: 
   "/home/daniel_kuo/CBDK_TSMC40_Arm_f2.0/CIC/Verilog/sc9_cln40g_base_lvt_udp.v",
  3: token is 'udp_dffr3'
  primitive udp_dffr3 (out, st1, st0, ck, clr_, set_, retn, pwr, pwrg);
                     ^
  Current declaration will be ignored.


Warning-[WUPD] UDP previously declared
  UDP is previously declared: 
   "/home/daniel_kuo/CBDK_TSMC40_Arm_f2.0/CIC/Verilog/sc9_cln40g_base_lvt_udp.v",
  38: token is 'udp_tlat'
  primitive udp_tlat (out, in, hold, clr_, set_, NOTIFIER);
                    ^
  Current declaration will be ignored.


Warning-[WUPD] UDP previously declared
  UDP is previously declared: 
   "/home/daniel_kuo/CBDK_TSMC40_Arm_f2.0/CIC/Verilog/sc9_cln40g_base_lvt_udp.v",
  63: token is 'udp_lcg'
  primitive udp_lcg(out, e, mgclk, ovrd, NOT);
                   ^
  Current declaration will be ignored.


Warning-[WUPD] UDP previously declared
  UDP is previously declared: 
   "/home/daniel_kuo/CBDK_TSMC40_Arm_f2.0/CIC/Verilog/sc9_cln40g_base_lvt_udp.v",
  86: token is 'udp_tlatrf2_PWR'
  primitive udp_tlatrf2_PWR (out, in1, w1w, in2, w2w, VDD, VSS, NOTIFIER);
                           ^
  Current declaration will be ignored.


Warning-[WUPD] UDP previously declared
  UDP is previously declared: 
   "/home/daniel_kuo/CBDK_TSMC40_Arm_f2.0/CIC/Verilog/sc9_cln40g_base_lvt_udp.v",
  123: token is 'udp_tlat_retpwr'
  primitive udp_tlat_retpwr (out, VDD, VSS, in, hold, clr_, set_, NOTIFIER);
                           ^
  Current declaration will be ignored.


Warning-[WUPD] UDP previously declared
  UDP is previously declared: 
   "/home/daniel_kuo/CBDK_TSMC40_Arm_f2.0/CIC/Verilog/sc9_cln40g_base_lvt_udp.v",
  152: token is 'udp_lv_pp_or_vdd_vss'
  primitive udp_lv_pp_or_vdd_vss (y, a, b, vdd, vss);
                                ^
  Current declaration will be ignored.


Warning-[WUPD] UDP previously declared
  UDP is previously declared: 
   "/home/daniel_kuo/CBDK_TSMC40_Arm_f2.0/CIC/Verilog/sc9_cln40g_base_lvt_udp.v",
  166: token is 'udp_rslat_out_'
  primitive udp_rslat_out_ (out_, r, s, NOTIFIER);
                          ^
  Current declaration will be ignored.


Warning-[WUPD] UDP previously declared
  UDP is previously declared: 
   "/home/daniel_kuo/CBDK_TSMC40_Arm_f2.0/CIC/Verilog/sc9_cln40g_base_lvt_udp.v",
  190: token is 'udp_sedfft'
  primitive udp_sedfft (out, in, clk, clr_, si, se, en, NOTIFIER);
                      ^
  Current declaration will be ignored.


Warning-[WUPD] UDP previously declared
  UDP is previously declared: 
   "/home/daniel_kuo/CBDK_TSMC40_Arm_f2.0/CIC/Verilog/sc9_cln40g_base_lvt_udp.v",
  240: token is 'udp_or_pp'
  primitive udp_or_pp (y, a, b, vdd, vss);
                     ^
  Current declaration will be ignored.


Warning-[WUPD] UDP previously declared
  UDP is previously declared: 
   "/home/daniel_kuo/CBDK_TSMC40_Arm_f2.0/CIC/Verilog/sc9_cln40g_base_lvt_udp.v",
  256: token is 'udp_jkff'
  primitive udp_jkff (out, j, k, clk, clr_, set_, NOTIFIER);
                    ^
  Current declaration will be ignored.


Warning-[WUPD] UDP previously declared
  UDP is previously declared: 
   "/home/daniel_kuo/CBDK_TSMC40_Arm_f2.0/CIC/Verilog/sc9_cln40g_base_lvt_udp.v",
  291: token is 'udp_bmx'
  primitive udp_bmx (out, x2, a, s, m1, m0);
                   ^
  Current declaration will be ignored.


Warning-[WUPD] UDP previously declared
  UDP is previously declared: 
   "/home/daniel_kuo/CBDK_TSMC40_Arm_f2.0/CIC/Verilog/sc9_cln40g_base_lvt_udp.v",
  317: token is 'udp_sedff'
  primitive udp_sedff (out, in, clk, clr_, si, se, en, NOTIFIER);
                     ^
  Current declaration will be ignored.


Warning-[WUPD] UDP previously declared
  UDP is previously declared: 
   "/home/daniel_kuo/CBDK_TSMC40_Arm_f2.0/CIC/Verilog/sc9_cln40g_base_lvt_udp.v",
  371: token is 'udp_mux2'
  primitive udp_mux2 (out, in0, in1, sel);
                    ^
  Current declaration will be ignored.


Warning-[WUPD] UDP previously declared
  UDP is previously declared: 
   "/home/daniel_kuo/CBDK_TSMC40_Arm_f2.0/CIC/Verilog/sc9_cln40g_base_lvt_udp.v",
  390: token is 'udp_sedffsr'
  primitive udp_sedffsr (out, in, clk, clr_, set_, si, se, en, NOTIFIER);
                       ^
  Current declaration will be ignored.


Warning-[WUPD] UDP previously declared
  UDP is previously declared: 
   "/home/daniel_kuo/CBDK_TSMC40_Arm_f2.0/CIC/Verilog/sc9_cln40g_base_lvt_udp.v",
  453: token is 'udp_mux4'
  primitive udp_mux4 (out, in0, in1, in2, in3, sel_0, sel_1);
                    ^
  Current declaration will be ignored.


Warning-[WUPD] UDP previously declared
  UDP is previously declared: 
   "/home/daniel_kuo/CBDK_TSMC40_Arm_f2.0/CIC/Verilog/sc9_cln40g_base_lvt_udp.v",
  484: token is 'udp_retn_pwr'
  primitive udp_retn_pwr (out, VDD, VSS, n2, n4, clk, xRN, xSN);
                        ^
  Current declaration will be ignored.


Warning-[WUPD] UDP previously declared
  UDP is previously declared: 
   "/home/daniel_kuo/CBDK_TSMC40_Arm_f2.0/CIC/Verilog/sc9_cln40g_base_lvt_udp.v",
  511: token is 'udp_rslat_out_PWR'
  primitive udp_rslat_out_PWR (out, r, s, VDD, VSS, NOTIFIER);
                             ^
  Current declaration will be ignored.


Warning-[WUPD] UDP previously declared
  UDP is previously declared: 
   "/home/daniel_kuo/CBDK_TSMC40_Arm_f2.0/CIC/Verilog/sc9_cln40g_base_lvt_udp.v",
  537: token is 'udp_o2lvluu_pp_or_vddi_vdd_vss'
  primitive udp_o2lvluu_pp_or_vddi_vdd_vss (y, a, b, vddi, vdd, vss);
                                          ^
  Current declaration will be ignored.


Warning-[WUPD] UDP previously declared
  UDP is previously declared: 
   "/home/daniel_kuo/CBDK_TSMC40_Arm_f2.0/CIC/Verilog/sc9_cln40g_base_lvt_udp.v",
  550: token is 'udp_ph2p'
  primitive udp_ph2p (LOUT, CLK1, CLK2, DATA1, DATA2, SET, RESET);
                    ^
  Current declaration will be ignored.


Warning-[WUPD] UDP previously declared
  UDP is previously declared: 
   "/home/daniel_kuo/CBDK_TSMC40_Arm_f2.0/CIC/Verilog/sc9_cln40g_base_lvt_udp.v",
  594: token is 'udp_mux'
  primitive udp_mux (out, in, s_in, s_sel);
                   ^
  Current declaration will be ignored.


Warning-[WUPD] UDP previously declared
  UDP is previously declared: 
   "/home/daniel_kuo/CBDK_TSMC40_Arm_f2.0/CIC/Verilog/sc9_cln40g_base_lvt_udp.v",
  612: token is 'udp_buf_pp'
  primitive udp_buf_pp (y, a, vddg, vssg);
                      ^
  Current declaration will be ignored.


Warning-[WUPD] UDP previously declared
  UDP is previously declared: 
   "/home/daniel_kuo/CBDK_TSMC40_Arm_f2.0/CIC/Verilog/sc9_cln40g_base_lvt_udp.v",
  625: token is 'udp_lv_pp_vddi_vdd_vss'
  primitive udp_lv_pp_vddi_vdd_vss (y, a, b, vddi, vdd, vss);
                                  ^
  Current declaration will be ignored.


Warning-[WUPD] UDP previously declared
  UDP is previously declared: 
   "/home/daniel_kuo/CBDK_TSMC40_Arm_f2.0/CIC/Verilog/sc9_cln40g_base_lvt_udp.v",
  640: token is 'udp_tlatrf2'
  primitive udp_tlatrf2 (out, in1, w1w, in2, w2w, NOTIFIER);
                       ^
  Current declaration will be ignored.


Warning-[WUPD] UDP previously declared
  UDP is previously declared: 
   "/home/daniel_kuo/CBDK_TSMC40_Arm_f2.0/CIC/Verilog/sc9_cln40g_base_lvt_udp.v",
  675: token is 'udp_tlatrf_PWR'
  primitive udp_tlatrf_PWR (out, in, ww, wwn, VDD, VSS, NOTIFIER);
                          ^
  Current declaration will be ignored.


Warning-[WUPD] UDP previously declared
  UDP is previously declared: 
   "/home/daniel_kuo/CBDK_TSMC40_Arm_f2.0/CIC/Verilog/sc9_cln40g_base_lvt_udp.v",
  703: token is 'udp_dff_PWR'
  primitive udp_dff_PWR (out, in, clk, clr_, set_, VDD, VSS, NOTIFIER);
                       ^
  Current declaration will be ignored.


Warning-[WUPD] UDP previously declared
  UDP is previously declared: 
   "/home/daniel_kuo/CBDK_TSMC40_Arm_f2.0/CIC/Verilog/sc9_cln40g_base_lvt_udp.v",
  732: token is 'udp_a2lvluu_pp_vddi_vdd_vss'
  primitive udp_a2lvluu_pp_vddi_vdd_vss (y, a, b, vddi, vdd, vss);
                                       ^
  Current declaration will be ignored.


Warning-[WUPD] UDP previously declared
  UDP is previously declared: 
   "/home/daniel_kuo/CBDK_TSMC40_Arm_f2.0/CIC/Verilog/sc9_cln40g_base_lvt_udp.v",
  746: token is 'udp_edff_PWR'
  primitive udp_edff_PWR (out, in, clk, clr_, set_, en, VDD, VSS, NOTIFIER);
                        ^
  Current declaration will be ignored.


Warning-[WUPD] UDP previously declared
  UDP is previously declared: 
   "/home/daniel_kuo/CBDK_TSMC40_Arm_f2.0/CIC/Verilog/sc9_cln40g_base_lvt_udp.v",
  782: token is 'udp_tlat_pwr'
  primitive udp_tlat_pwr (out, VDD, VSS, in, hold, clr_, set_, NOTIFIER);
                        ^
  Current declaration will be ignored.


Warning-[WUPD] UDP previously declared
  UDP is previously declared: 
   "/home/daniel_kuo/CBDK_TSMC40_Arm_f2.0/CIC/Verilog/sc9_cln40g_base_lvt_udp.v",
  812: token is 'udp_outrf'
  primitive udp_outrf (out, in, rwn, rw);
                     ^
  Current declaration will be ignored.


Warning-[WUPD] UDP previously declared
  UDP is previously declared: 
   "/home/daniel_kuo/CBDK_TSMC40_Arm_f2.0/CIC/Verilog/sc9_cln40g_base_lvt_udp.v",
  830: token is 'udp_and_pp'
  primitive udp_and_pp (y, a, b, vdd, vss);
                      ^
  Current declaration will be ignored.


Warning-[WUPD] UDP previously declared
  UDP is previously declared: 
   "/home/daniel_kuo/CBDK_TSMC40_Arm_f2.0/CIC/Verilog/sc9_cln40g_base_lvt_udp.v",
  845: token is 'udp_dffr2'
  primitive udp_dffr2 (out, d, ck, clr_, set_, pwr, notifier);
                     ^
  Current declaration will be ignored.


Warning-[WUPD] UDP previously declared
  UDP is previously declared: 
   "/home/daniel_kuo/CBDK_TSMC40_Arm_f2.0/CIC/Verilog/sc9_cln40g_base_lvt_udp.v",
  886: token is 'udp_dffr4'
  primitive udp_dffr4 (out, st1, st0, ck, retn);
                     ^
  Current declaration will be ignored.


Warning-[WUPD] UDP previously declared
  UDP is previously declared: 
   "/home/daniel_kuo/CBDK_TSMC40_Arm_f2.0/CIC/Verilog/sc9_cln40g_base_lvt_udp.v",
  904: token is 'udp_xprop'
  primitive udp_xprop (DOUT, DIN, NOTIFIER, RESET);
                     ^
  Current declaration will be ignored.


Warning-[WUPD] UDP previously declared
  UDP is previously declared: 
   "/home/daniel_kuo/CBDK_TSMC40_Arm_f2.0/CIC/Verilog/sc9_cln40g_base_lvt_udp.v",
  926: token is 'udp_lv_pp_vdd_vss'
  primitive udp_lv_pp_vdd_vss (y, a, b, vdd, vss);
                             ^
  Current declaration will be ignored.


Warning-[WUPD] UDP previously declared
  UDP is previously declared: 
   "/home/daniel_kuo/CBDK_TSMC40_Arm_f2.0/CIC/Verilog/sc9_cln40g_base_lvt_udp.v",
  939: token is 'udp_ph1p'
  primitive udp_ph1p (LOUT, CLK, DATA, SET, RESET);
                    ^
  Current declaration will be ignored.


Warning-[WUPD] UDP previously declared
  UDP is previously declared: 
   "/home/daniel_kuo/CBDK_TSMC40_Arm_f2.0/CIC/Verilog/sc9_cln40g_base_lvt_udp.v",
  968: token is 'udp_dffpower'
  primitive udp_dffpower (out, vdd, vss);
                        ^
  Current declaration will be ignored.


Warning-[WUPD] UDP previously declared
  UDP is previously declared: 
   "/home/daniel_kuo/CBDK_TSMC40_Arm_f2.0/CIC/Verilog/sc9_cln40g_base_lvt_udp.v",
  985: token is 'udp_rslat_out'
  primitive udp_rslat_out (out, r, s, NOTIFIER);
                         ^
  Current declaration will be ignored.


Warning-[WUPD] UDP previously declared
  UDP is previously declared: 
   "/home/daniel_kuo/CBDK_TSMC40_Arm_f2.0/CIC/Verilog/sc9_cln40g_base_lvt_udp.v",
  1008: token is 'udp_always0_pp'
  primitive udp_always0_pp (y, vddg, vssg);
                          ^
  Current declaration will be ignored.


Warning-[WUPD] UDP previously declared
  UDP is previously declared: 
   "/home/daniel_kuo/CBDK_TSMC40_Arm_f2.0/CIC/Verilog/sc9_cln40g_base_lvt_udp.v",
  1021: token is 'udp_edfft_PWR'
  primitive udp_edfft_PWR (out, in, clk, clr_, set_, en, VDD, VSS, NOTIFIER);
                         ^
  Current declaration will be ignored.


Warning-[WUPD] UDP previously declared
  UDP is previously declared: 
   "/home/daniel_kuo/CBDK_TSMC40_Arm_f2.0/CIC/Verilog/sc9_cln40g_base_lvt_udp.v",
  1061: token is 'udp_rslatn_out__PWR'
  primitive udp_rslatn_out__PWR (out_, r_, s_, VDD, VSS, NOTIFIER);
                               ^
  Current declaration will be ignored.


Warning-[WUPD] UDP previously declared
  UDP is previously declared: 
   "/home/daniel_kuo/CBDK_TSMC40_Arm_f2.0/CIC/Verilog/sc9_cln40g_base_lvt_udp.v",
  1089: token is 'udp_dff_ros'
  primitive udp_dff_ros (out, in, clk, clr_, set_, NOTIFIER);
                       ^
  Current declaration will be ignored.


Warning-[WUPD] UDP previously declared
  UDP is previously declared: 
   "/home/daniel_kuo/CBDK_TSMC40_Arm_f2.0/CIC/Verilog/sc9_cln40g_base_lvt_udp.v",
  1116: token is 'udp_rslatn_out_PWR'
  primitive udp_rslatn_out_PWR (out, r_, s_, VDD, VSS, NOTIFIER);
                              ^
  Current declaration will be ignored.


Warning-[WUPD] UDP previously declared
  UDP is previously declared: 
   "/home/daniel_kuo/CBDK_TSMC40_Arm_f2.0/CIC/Verilog/sc9_cln40g_base_lvt_udp.v",
  1149: token is 'udp_wao'
  primitive udp_wao (out, in1a, in1b, in2a, in2b);
                   ^
  Current declaration will be ignored.


Warning-[WUPD] UDP previously declared
  UDP is previously declared: 
   "/home/daniel_kuo/CBDK_TSMC40_Arm_f2.0/CIC/Verilog/sc9_cln40g_base_lvt_udp.v",
  1170: token is 'udp_mx21'
  primitive udp_mx21 (MUXOUT, SEL, DATA0, DATA1);
                    ^
  Current declaration will be ignored.


Warning-[WUPD] UDP previously declared
  UDP is previously declared: 
   "/home/daniel_kuo/CBDK_TSMC40_Arm_f2.0/CIC/Verilog/sc9_cln40g_base_lvt_udp.v",
  1189: token is 'udp_plat_PWR'
  primitive udp_plat_PWR (out, ovrd, clock, ena, VDD, VSS, NOTIFIER);
                        ^
  Current declaration will be ignored.


Warning-[WUPD] UDP previously declared
  UDP is previously declared: 
   "/home/daniel_kuo/CBDK_TSMC40_Arm_f2.0/CIC/Verilog/sc9_cln40g_base_lvt_udp.v",
  1211: token is 'udp_lvl_pp_vddi_vdd_vss'
  primitive udp_lvl_pp_vddi_vdd_vss (y, a, vddi, vdd, vss);
                                   ^
  Current declaration will be ignored.


Warning-[WUPD] UDP previously declared
  UDP is previously declared: 
   "/home/daniel_kuo/CBDK_TSMC40_Arm_f2.0/CIC/Verilog/sc9_cln40g_base_lvt_udp.v",
  1224: token is 'udp_tlatrf'
  primitive udp_tlatrf (out, in, ww, wwn, NOTIFIER);
                      ^
  Current declaration will be ignored.


Warning-[WUPD] UDP previously declared
  UDP is previously declared: 
   "/home/daniel_kuo/CBDK_TSMC40_Arm_f2.0/CIC/Verilog/sc9_cln40g_base_lvt_udp.v",
  1249: token is 'udp_power'
  primitive udp_power (out, out_temp, vdd, vss);
                     ^
  Current declaration will be ignored.


Warning-[WUPD] UDP previously declared
  UDP is previously declared: 
   "/home/daniel_kuo/CBDK_TSMC40_Arm_f2.0/CIC/Verilog/sc9_cln40g_base_lvt_udp.v",
  1264: token is 'udp_tlat_PWR'
  primitive udp_tlat_PWR (out, in, hold, clr_, set_, VDD, VSS, NOTIFIER);
                        ^
  Current declaration will be ignored.


Warning-[WUPD] UDP previously declared
  UDP is previously declared: 
   "/home/daniel_kuo/CBDK_TSMC40_Arm_f2.0/CIC/Verilog/sc9_cln40g_base_lvt_udp.v",
  1293: token is 'udp_dff'
  primitive udp_dff (out, in, clk, clr_, set_, NOTIFIER);
                   ^
  Current declaration will be ignored.


Warning-[WUPD] UDP previously declared
  UDP is previously declared: 
   "/home/daniel_kuo/CBDK_TSMC40_Arm_f2.0/CIC/Verilog/sc9_cln40g_base_lvt_udp.v",
  1318: token is 'udp_ph2p_pwr'
  primitive udp_ph2p_pwr (LOUT, VDD, VSS, CLK1, CLK2, DATA1, DATA2, SET, 
  RESET);
                        ^
  Current declaration will be ignored.


Warning-[WUPD] UDP previously declared
  UDP is previously declared: 
   "/home/daniel_kuo/CBDK_TSMC40_Arm_f2.0/CIC/Verilog/sc9_cln40g_base_lvt_udp.v",
  1360: token is 'udp_rslat_out__PWR'
  primitive udp_rslat_out__PWR (out_, r, s, VDD, VSS, NOTIFIER);
                              ^
  Current declaration will be ignored.


Warning-[WUPD] UDP previously declared
  UDP is previously declared: 
   "/home/daniel_kuo/CBDK_TSMC40_Arm_f2.0/CIC/Verilog/sc9_cln40g_base_lvt_udp.v",
  1387: token is 'udp_sedfft_PWR'
  primitive udp_sedfft_PWR (out, in, clk, clr_, si, se, en, VDD, VSS, 
  NOTIFIER);
                          ^
  Current declaration will be ignored.


Warning-[WUPD] UDP previously declared
  UDP is previously declared: 
   "/home/daniel_kuo/CBDK_TSMC40_Arm_f2.0/CIC/Verilog/sc9_cln40g_base_lvt_udp.v",
  1441: token is 'udp_edff'
  primitive udp_edff (out, in, clk, clr_, set_, en, NOTIFIER);
                    ^
  Current declaration will be ignored.


Warning-[WUPD] UDP previously declared
  UDP is previously declared: 
   "/home/daniel_kuo/CBDK_TSMC40_Arm_f2.0/CIC/Verilog/sc9_cln40g_base_lvt_udp.v",
  1474: token is 'udp_jkff_PWR'
  primitive udp_jkff_PWR (out, j, k, clk, clr_, set_, VDD, VSS, NOTIFIER);
                        ^
  Current declaration will be ignored.


Warning-[WUPD] UDP previously declared
  UDP is previously declared: 
   "/home/daniel_kuo/CBDK_TSMC40_Arm_f2.0/CIC/Verilog/sc9_cln40g_base_lvt_udp.v",
  1512: token is 'udp_retn'
  primitive udp_retn (out, n2, n4, clk, xRN, xSN);
                    ^
  Current declaration will be ignored.


Warning-[WUPD] UDP previously declared
  UDP is previously declared: 
   "/home/daniel_kuo/CBDK_TSMC40_Arm_f2.0/CIC/Verilog/sc9_cln40g_base_lvt_udp.v",
  1535: token is 'udp_lv_pp_or_vddi_vdd_vss'
  primitive udp_lv_pp_or_vddi_vdd_vss (y, a, b, vddi, vdd, vss);
                                     ^
  Current declaration will be ignored.


Warning-[WUPD] UDP previously declared
  UDP is previously declared: 
   "/home/daniel_kuo/CBDK_TSMC40_Arm_f2.0/CIC/Verilog/sc9_cln40g_base_lvt_udp.v",
  1549: token is 'udp_csa4to2_carry'
  primitive udp_csa4to2_carry(carry, a, b, c, ci, d);
                             ^
  Current declaration will be ignored.


Warning-[WUPD] UDP previously declared
  UDP is previously declared: 
   "/home/daniel_kuo/CBDK_TSMC40_Arm_f2.0/CIC/Verilog/sc9_cln40g_base_lvt_udp.v",
  1578: token is 'udp_sedff_PWR'
  primitive udp_sedff_PWR (out, in, clk, clr_, si, se, en, VDD, VSS, 
  NOTIFIER);
                         ^
  Current declaration will be ignored.


Warning-[WUPD] UDP previously declared
  UDP is previously declared: 
   "/home/daniel_kuo/CBDK_TSMC40_Arm_f2.0/CIC/Verilog/sc9_cln40g_base_lvt_udp.v",
  1634: token is 'udp_always1_pp'
  primitive udp_always1_pp (y, vddg, vssg);
                          ^
  Current declaration will be ignored.


Warning-[WUPD] UDP previously declared
  UDP is previously declared: 
   "/home/daniel_kuo/CBDK_TSMC40_Arm_f2.0/CIC/Verilog/sc9_cln40g_base_lvt_udp.v",
  1645: token is 'udp_ando_pp'
  primitive udp_ando_pp (y, a, b, vddo, vsso, vdd, vss);
                       ^
  Current declaration will be ignored.


Warning-[WUPD] UDP previously declared
  UDP is previously declared: 
   "/home/daniel_kuo/CBDK_TSMC40_Arm_f2.0/CIC/Verilog/sc9_cln40g_base_lvt_udp.v",
  1658: token is 'udp_lvl_pp_vdd_vss'
  primitive udp_lvl_pp_vdd_vss (y, a, vdd, vss);
                              ^
  Current declaration will be ignored.


Warning-[WUPD] UDP previously declared
  UDP is previously declared: 
   "/home/daniel_kuo/CBDK_TSMC40_Arm_f2.0/CIC/Verilog/sc9_cln40g_base_lvt_udp.v",
  1671: token is 'udp_sedffsr_PWR'
  primitive udp_sedffsr_PWR (out, in, clk, clr_, set_, si, se, en, VDD, VSS, 
  NOTIFIER);
                           ^
  Current declaration will be ignored.


Warning-[WUPD] UDP previously declared
  UDP is previously declared: 
   "/home/daniel_kuo/CBDK_TSMC40_Arm_f2.0/CIC/Verilog/sc9_cln40g_base_lvt_udp.v",
  1738: token is 'udp_tlat_ros'
  primitive udp_tlat_ros (out, in, hold, clr_, set_, NOTIFIER);
                        ^
  Current declaration will be ignored.


Warning-[WUPD] UDP previously declared
  UDP is previously declared: 
   "/home/daniel_kuo/CBDK_TSMC40_Arm_f2.0/CIC/Verilog/sc9_cln40g_base_lvt_udp.v",
  1764: token is 'udp_edfft'
  primitive udp_edfft (out, in, clk, clr_, set_, en, NOTIFIER);
                     ^
  Current declaration will be ignored.


Warning-[WUPD] UDP previously declared
  UDP is previously declared: 
   "/home/daniel_kuo/CBDK_TSMC40_Arm_f2.0/CIC/Verilog/sc9_cln40g_base_lvt_udp.v",
  1801: token is 'udp_rslatn_out_'
  primitive udp_rslatn_out_ (out_, r_, s_, NOTIFIER);
                           ^
  Current declaration will be ignored.


Warning-[WUPD] UDP previously declared
  UDP is previously declared: 
   "/home/daniel_kuo/CBDK_TSMC40_Arm_f2.0/CIC/Verilog/sc9_cln40g_base_lvt_udp.v",
  1825: token is 'udp_rslatn_out'
  primitive udp_rslatn_out (out, r_, s_, NOTIFIER);
                          ^
  Current declaration will be ignored.


Warning-[WUPD] UDP previously declared
  UDP is previously declared: 
   "/home/daniel_kuo/CBDK_TSMC40_Arm_f2.0/CIC/Verilog/sc9_cln40g_base_lvt_udp.v",
  1847: token is 'udp_oro_pp'
  primitive udp_oro_pp (y, a, b, vddo, vsso, vdd, vss);
                      ^
  Current declaration will be ignored.


Warning-[WUPD] UDP previously declared
  UDP is previously declared: 
   "/home/daniel_kuo/CBDK_TSMC40_Arm_f2.0/CIC/Verilog/sc9_cln40g_base_lvt_udp.v",
  1860: token is 'udp_not_pp'
  primitive udp_not_pp (y, a, vddg, vssg);
                      ^
  Current declaration will be ignored.


Warning-[WUPD] UDP previously declared
  UDP is previously declared: 
   "/home/daniel_kuo/CBDK_TSMC40_Arm_f2.0/CIC/Verilog/sc9_cln40g_base_lvt_udp.v",
  1875: token is 'udp_plat'
  primitive udp_plat (out, ovrd, clock, ena, NOTIFIER);
                    ^
  Current declaration will be ignored.


Warning-[WUPD] UDP previously declared
  UDP is previously declared: 
   "/home/daniel_kuo/CBDK_TSMC40_Arm_f2.0/CIC/Verilog/sc9_cln40g_base_lvt_udp.v",
  1893: token is 'udp_ph1p_pwr'
  primitive udp_ph1p_pwr (LOUT, VDD, VSS, CLK, DATA, SET, RESET);
                        ^
  Current declaration will be ignored.


Warning-[WUPD] UDP previously declared
  UDP is previously declared: 
   "/home/daniel_kuo/CBDK_TSMC40_Arm_f2.0/CIC/Verilog/sc9_cln40g_base_lvt_udp.v",
  1920: token is 'udp_xgen'
  primitive udp_xgen (out, in, en, e);
                    ^
  Current declaration will be ignored.


Warning-[WUPD] UDP previously declared
  UDP is previously declared: 
   "/home/daniel_kuo/CBDK_TSMC40_Arm_f2.0/CIC/Verilog/sc9_cln40g_base_lvt_udp.v",
  1943: token is 'udp_dffr1'
  primitive udp_dffr1 (out, in, clk, clr_, set_, retn, pwr, pwrg, NOTIFIER);
                     ^
  Current declaration will be ignored.

Parsing library file '/home/daniel_kuo/CBDK_TSMC40_Arm_f2.0/CIC/Verilog/sc9_cln40g_base_hvt_neg.v'
Top Level Modules:
       TESTBED
       A2SDFFQN_X0P5M_A9TR
       A2SDFFQN_X1M_A9TR
       A2SDFFQN_X2M_A9TR
       A2SDFFQN_X3M_A9TR
       A2SDFFQ_X0P5M_A9TR
       A2SDFFQ_X1M_A9TR
       A2SDFFQ_X2M_A9TR
       A2SDFFQ_X3M_A9TR
       A2SDFFQ_X4M_A9TR
       ADDFCIN_X1M_A9TR
       ADDFCIN_X1P4M_A9TR
       ADDFCIN_X2M_A9TR
       ADDFH_X1M_A9TR
       ADDFH_X1P4M_A9TR
       ADDFH_X2M_A9TR
       ADDH_X1P4M_A9TR
       AND2_X0P5B_A9TR
       AND2_X0P7B_A9TR
       AND2_X11M_A9TR
       AND2_X1B_A9TR
       AND2_X3M_A9TR
       AND2_X6M_A9TR
       AND3_X0P5M_A9TR
       AND3_X11M_A9TR
       AND3_X2M_A9TR
       AND3_X3M_A9TR
       AND3_X4M_A9TR
       AND3_X6M_A9TR
       AND3_X8M_A9TR
       AND4_X0P7M_A9TR
       AND4_X1P4M_A9TR
       AND4_X2M_A9TR
       AND4_X3M_A9TR
       AND4_X4M_A9TR
       AND4_X6M_A9TR
       AND4_X8M_A9TR
       ANTENNA1_A9TR
       AO1B2_X0P5M_A9TR
       AO1B2_X0P7M_A9TR
       AO1B2_X1M_A9TR
       AO1B2_X3M_A9TR
       AO1B2_X4M_A9TR
       AO1B2_X6M_A9TR
       AO21A1AI2_X1P4M_A9TR
       AO21A1AI2_X4M_A9TR
       AO21A1AI2_X6M_A9TR
       AO21B_X3M_A9TR
       AO21B_X4M_A9TR
       AO21B_X6M_A9TR
       AO21_X3M_A9TR
       AO21_X4M_A9TR
       AO21_X6M_A9TR
       AO22_X1P4M_A9TR
       AO22_X2M_A9TR
       AO22_X3M_A9TR
       AO22_X4M_A9TR
       AO22_X6M_A9TR
       AOI211_X0P5M_A9TR
       AOI211_X3M_A9TR
       AOI211_X4M_A9TR
       AOI21B_X0P5M_A9TR
       AOI21B_X3M_A9TR
       AOI21B_X4M_A9TR
       AOI21B_X6M_A9TR
       AOI21B_X8M_A9TR
       AOI21_X4M_A9TR
       AOI21_X6M_A9TR
       AOI21_X8M_A9TR
       AOI221_X0P5M_A9TR
       AOI221_X0P7M_A9TR
       AOI221_X1M_A9TR
       AOI221_X1P4M_A9TR
       AOI221_X2M_A9TR
       AOI221_X3M_A9TR
       AOI221_X4M_A9TR
       AOI222_X0P5M_A9TR
       AOI222_X1P4M_A9TR
       AOI222_X3M_A9TR
       AOI222_X4M_A9TR
       AOI22BB_X0P5M_A9TR
       AOI22BB_X3M_A9TR
       AOI22BB_X4M_A9TR
       AOI22BB_X6M_A9TR
       AOI22BB_X8M_A9TR
       AOI22_X3M_A9TR
       AOI22_X4M_A9TR
       AOI22_X6M_A9TR
       AOI22_X8M_A9TR
       AOI2XB1_X0P5M_A9TR
       AOI2XB1_X3M_A9TR
       AOI2XB1_X4M_A9TR
       AOI2XB1_X6M_A9TR
       AOI2XB1_X8M_A9TR
       AOI31_X3M_A9TR
       AOI31_X4M_A9TR
       AOI31_X6M_A9TR
       AOI32_X0P5M_A9TR
       AOI32_X0P7M_A9TR
       AOI32_X1M_A9TR
       AOI32_X1P4M_A9TR
       AOI32_X2M_A9TR
       AOI32_X3M_A9TR
       AOI32_X4M_A9TR
       AOI32_X6M_A9TR
       BENC_X11M_A9TR
       BENC_X16M_A9TR
       BENC_X2M_A9TR
       BENC_X3M_A9TR
       BENC_X4M_A9TR
       BENC_X6M_A9TR
       BENC_X8M_A9TR
       BMXIT_X0P7M_A9TR
       BMXIT_X1M_A9TR
       BMXIT_X1P4M_A9TR
       BMXIT_X2M_A9TR
       BMXT_X0P7M_A9TR
       BMXT_X1M_A9TR
       BMXT_X1P4M_A9TR
       BMXT_X2M_A9TR
       BUFH_X0P7M_A9TR
       BUFH_X13M_A9TR
       BUFH_X16M_A9TR
       BUFZ_X11M_A9TR
       BUFZ_X16M_A9TR
       BUFZ_X1M_A9TR
       BUFZ_X1P4M_A9TR
       BUFZ_X2M_A9TR
       BUFZ_X3M_A9TR
       BUFZ_X4M_A9TR
       BUFZ_X6M_A9TR
       BUFZ_X8M_A9TR
       BUF_X0P7B_A9TR
       BUF_X0P8M_A9TR
       BUF_X11B_A9TR
       BUF_X11M_A9TR
       BUF_X13B_A9TR
       BUF_X13M_A9TR
       BUF_X16B_A9TR
       BUF_X16M_A9TR
       BUF_X1P2B_A9TR
       BUF_X1P2M_A9TR
       BUF_X1P4M_A9TR
       BUF_X2B_A9TR
       BUF_X3B_A9TR
       BUF_X3P5B_A9TR
       BUF_X4B_A9TR
       BUF_X5B_A9TR
       BUF_X6B_A9TR
       BUF_X7P5B_A9TR
       BUF_X9B_A9TR
       CGENCIN_X1M_A9TR
       CGENCIN_X1P4M_A9TR
       CGENCIN_X2M_A9TR
       CGENCON_X1M_A9TR
       CGENCON_X1P4M_A9TR
       CGENCON_X2M_A9TR
       CGENI_X2M_A9TR
       CGEN_X2M_A9TR
       CMPR42_X1M_A9TR
       CMPR42_X1P4M_A9TR
       CMPR42_X2M_A9TR
       DFFNQ_X1M_A9TR
       DFFNQ_X2M_A9TR
       DFFNQ_X3M_A9TR
       DFFNSRPQ_X1M_A9TR
       DFFNSRPQ_X2M_A9TR
       DFFNSRPQ_X3M_A9TR
       DFFQN_X0P5M_A9TR
       DFFQN_X1M_A9TR
       DFFQN_X2M_A9TR
       DFFQN_X3M_A9TR
       DFFQ_X0P5M_A9TR
       DFFQ_X1M_A9TR
       DFFQ_X2M_A9TR
       DFFQ_X3M_A9TR
       DFFQ_X4M_A9TR
       DFFRPQN_X0P5M_A9TR
       DFFRPQN_X1M_A9TR
       DFFRPQN_X2M_A9TR
       DFFRPQN_X3M_A9TR
       DFFRPQ_X0P5M_A9TR
       DFFSQN_X0P5M_A9TR
       DFFSQN_X1M_A9TR
       DFFSQN_X2M_A9TR
       DFFSQ_X0P5M_A9TR
       DFFSQ_X1M_A9TR
       DFFSQ_X2M_A9TR
       DFFSQ_X3M_A9TR
       DFFSQ_X4M_A9TR
       DFFSRPQ_X0P5M_A9TR
       DFFSRPQ_X1M_A9TR
       DFFSRPQ_X2M_A9TR
       DFFSRPQ_X3M_A9TR
       DFFSRPQ_X4M_A9TR
       DLY2_X0P5M_A9TR
       DLY2_X1M_A9TR
       DLY4_X0P5M_A9TR
       DLY4_X1M_A9TR
       DLYCLK8S2_X1B_A9TR
       DLYCLK8S4_X1B_A9TR
       DLYCLK8S6_X1B_A9TR
       DLYCLK8S8_X1B_A9TR
       ENDCAPTIE3_A9TR
       ESDFFQN_X0P5M_A9TR
       ESDFFQN_X1M_A9TR
       ESDFFQN_X2M_A9TR
       ESDFFQN_X3M_A9TR
       ESDFFQ_X0P5M_A9TR
       ESDFFQ_X1M_A9TR
       ESDFFQ_X2M_A9TR
       ESDFFQ_X3M_A9TR
       FILL128_A9TR
       FILL16_A9TR
       FILL1_A9TR
       FILL2_A9TR
       FILL32_A9TR
       FILL4_A9TR
       FILL64_A9TR
       FILL8_A9TR
       FILLCAP128_A9TR
       FILLCAP16_A9TR
       FILLCAP32_A9TR
       FILLCAP4_A9TR
       FILLCAP64_A9TR
       FILLCAP8_A9TR
       FILLSGCAP128_A9TR
       FILLSGCAP16_A9TR
       FILLSGCAP32_A9TR
       FILLSGCAP4_A9TR
       FILLSGCAP64_A9TR
       FILLSGCAP8_A9TR
       FILLTIE128_A9TR
       FILLTIE16_A9TR
       FILLTIE32_A9TR
       FILLTIE3_A9TR
       FILLTIE4_A9TR
       FILLTIE64_A9TR
       FILLTIE8_A9TR
       FRICG_X0P5B_A9TR
       FRICG_X0P6B_A9TR
       FRICG_X0P7B_A9TR
       FRICG_X0P8B_A9TR
       FRICG_X11B_A9TR
       FRICG_X13B_A9TR
       FRICG_X16B_A9TR
       FRICG_X1B_A9TR
       FRICG_X1P2B_A9TR
       FRICG_X1P4B_A9TR
       FRICG_X1P7B_A9TR
       FRICG_X2B_A9TR
       FRICG_X2P5B_A9TR
       FRICG_X3B_A9TR
       FRICG_X3P5B_A9TR
       FRICG_X4B_A9TR
       FRICG_X5B_A9TR
       FRICG_X6B_A9TR
       FRICG_X7P5B_A9TR
       FRICG_X9B_A9TR
       INV_X0P5B_A9TR
       INV_X0P5M_A9TR
       INV_X0P7B_A9TR
       INV_X0P8B_A9TR
       INV_X0P8M_A9TR
       INV_X11B_A9TR
       INV_X13B_A9TR
       INV_X13M_A9TR
       INV_X16B_A9TR
       INV_X1P4B_A9TR
       INV_X1P4M_A9TR
       INV_X2B_A9TR
       INV_X3B_A9TR
       INV_X3P5M_A9TR
       INV_X6B_A9TR
       INV_X7P5B_A9TR
       INV_X9B_A9TR
       LATNQN_X0P5M_A9TR
       LATNQN_X1M_A9TR
       LATNQN_X2M_A9TR
       LATNQN_X3M_A9TR
       LATNQN_X4M_A9TR
       LATNQ_X0P5M_A9TR
       LATNQ_X1M_A9TR
       LATNQ_X2M_A9TR
       LATNQ_X3M_A9TR
       LATNRPQN_X0P5M_A9TR
       LATNRPQN_X1M_A9TR
       LATNRPQN_X2M_A9TR
       LATNRPQN_X3M_A9TR
       LATNRPQN_X4M_A9TR
       LATNRQ_X0P5M_A9TR
       LATNRQ_X1M_A9TR
       LATNRQ_X2M_A9TR
       LATNRQ_X3M_A9TR
       LATNSPQ_X0P5M_A9TR
       LATNSPQ_X1M_A9TR
       LATNSPQ_X2M_A9TR
       LATNSPQ_X3M_A9TR
       LATNSQN_X0P5M_A9TR
       LATNSQN_X1M_A9TR
       LATNSQN_X2M_A9TR
       LATNSQN_X3M_A9TR
       LATNSQN_X4M_A9TR
       LATQN_X0P5M_A9TR
       LATQN_X1M_A9TR
       LATQN_X2M_A9TR
       LATQN_X3M_A9TR
       LATQN_X4M_A9TR
       LATQ_X0P5M_A9TR
       LATQ_X1M_A9TR
       LATQ_X2M_A9TR
       LATQ_X3M_A9TR
       LATRPQN_X0P5M_A9TR
       LATRPQN_X1M_A9TR
       LATRPQN_X2M_A9TR
       LATRPQN_X3M_A9TR
       LATRPQN_X4M_A9TR
       LATRQ_X0P5M_A9TR
       LATRQ_X1M_A9TR
       LATRQ_X2M_A9TR
       LATRQ_X3M_A9TR
       LATSPQ_X0P5M_A9TR
       LATSPQ_X1M_A9TR
       LATSPQ_X2M_A9TR
       LATSPQ_X3M_A9TR
       LATSQN_X0P5M_A9TR
       LATSQN_X1M_A9TR
       LATSQN_X2M_A9TR
       LATSQN_X3M_A9TR
       LATSQN_X4M_A9TR
       M2SDFFQN_X0P5M_A9TR
       M2SDFFQN_X1M_A9TR
       M2SDFFQN_X2M_A9TR
       M2SDFFQN_X3M_A9TR
       M2SDFFQ_X0P5M_A9TR
       M2SDFFQ_X1M_A9TR
       M2SDFFQ_X2M_A9TR
       M2SDFFQ_X3M_A9TR
       M2SDFFQ_X4M_A9TR
       MX2_X0P5B_A9TR
       MX2_X1P4B_A9TR
       MX2_X2B_A9TR
       MX2_X3B_A9TR
       MX2_X4B_A9TR
       MX2_X6B_A9TR
       MX2_X8B_A9TR
       MXGL2_X0P5B_A9TR
       MXGL2_X0P7B_A9TR
       MXGL2_X1B_A9TR
       MXGL2_X1P4B_A9TR
       MXGL2_X2B_A9TR
       MXGL2_X3B_A9TR
       MXGL2_X4B_A9TR
       MXGL2_X6B_A9TR
       MXIT4_X0P5M_A9TR
       MXIT4_X0P7M_A9TR
       MXIT4_X1M_A9TR
       MXIT4_X1P4M_A9TR
       MXIT4_X2M_A9TR
       MXIT4_X3M_A9TR
       MXT2_X0P5B_A9TR
       MXT2_X0P7B_A9TR
       MXT2_X1B_A9TR
       MXT2_X1M_A9TR
       MXT2_X1P4M_A9TR
       MXT2_X2B_A9TR
       MXT2_X2M_A9TR
       MXT2_X3B_A9TR
       MXT2_X3M_A9TR
       MXT2_X4B_A9TR
       MXT2_X4M_A9TR
       MXT2_X6B_A9TR
       MXT2_X6M_A9TR
       MXT4_X0P5M_A9TR
       MXT4_X0P7M_A9TR
       MXT4_X1M_A9TR
       MXT4_X1P4M_A9TR
       MXT4_X2M_A9TR
       MXT4_X3M_A9TR
       NAND2B_X0P7M_A9TR
       NAND2B_X1M_A9TR
       NAND2B_X4M_A9TR
       NAND2XB_X0P5M_A9TR
       NAND2XB_X8M_A9TR
       NAND2_X0P5B_A9TR
       NAND2_X0P5M_A9TR
       NAND2_X0P7B_A9TR
       NAND2_X0P7M_A9TR
       NAND2_X1M_A9TR
       NAND2_X1P4M_A9TR
       NAND2_X2A_A9TR
       NAND2_X2M_A9TR
       NAND2_X3A_A9TR
       NAND2_X3M_A9TR
       NAND2_X4A_A9TR
       NAND2_X4M_A9TR
       NAND2_X6A_A9TR
       NAND2_X6M_A9TR
       NAND2_X8A_A9TR
       NAND2_X8M_A9TR
       NAND3BB_X3M_A9TR
       NAND3BB_X4M_A9TR
       NAND3BB_X6M_A9TR
       NAND3BB_X8M_A9TR
       NAND3B_X0P5M_A9TR
       NAND3B_X1M_A9TR
       NAND3B_X1P4M_A9TR
       NAND3B_X2M_A9TR
       NAND3B_X3M_A9TR
       NAND3B_X4M_A9TR
       NAND3B_X6M_A9TR
       NAND3XXB_X0P5M_A9TR
       NAND3XXB_X0P7M_A9TR
       NAND3XXB_X1P4M_A9TR
       NAND3XXB_X3M_A9TR
       NAND3XXB_X4M_A9TR
       NAND3XXB_X6M_A9TR
       NAND3_X0P5A_A9TR
       NAND3_X1P4A_A9TR
       NAND3_X3M_A9TR
       NAND3_X4A_A9TR
       NAND3_X4M_A9TR
       NAND3_X6A_A9TR
       NAND3_X6M_A9TR
       NAND4BB_X1P4M_A9TR
       NAND4BB_X2M_A9TR
       NAND4BB_X3M_A9TR
       NAND4BB_X4M_A9TR
       NAND4BB_X6M_A9TR
       NAND4B_X0P5M_A9TR
       NAND4B_X0P7M_A9TR
       NAND4B_X1M_A9TR
       NAND4B_X1P4M_A9TR
       NAND4B_X2M_A9TR
       NAND4B_X3M_A9TR
       NAND4B_X4M_A9TR
       NAND4XXXB_X0P5M_A9TR
       NAND4XXXB_X0P7M_A9TR
       NAND4XXXB_X1P4M_A9TR
       NAND4XXXB_X3M_A9TR
       NAND4XXXB_X4M_A9TR
       NAND4_X0P5M_A9TR
       NAND4_X1P4A_A9TR
       NAND4_X1P4M_A9TR
       NAND4_X2M_A9TR
       NAND4_X3A_A9TR
       NAND4_X4A_A9TR
       NAND4_X4M_A9TR
       NOR2B_X0P5M_A9TR
       NOR2B_X6M_A9TR
       NOR2B_X8M_A9TR
       NOR2XB_X3M_A9TR
       NOR2XB_X4M_A9TR
       NOR2XB_X6M_A9TR
       NOR2XB_X8M_A9TR
       NOR2_X0P5M_A9TR
       NOR2_X0P7A_A9TR
       NOR2_X0P7B_A9TR
       NOR2_X1B_A9TR
       NOR2_X1P4A_A9TR
       NOR2_X1P4B_A9TR
       NOR2_X8A_A9TR
       NOR2_X8B_A9TR
       NOR2_X8M_A9TR
       NOR3BB_X0P5M_A9TR
       NOR3BB_X4M_A9TR
       NOR3BB_X6M_A9TR
       NOR3BB_X8M_A9TR
       NOR3_X0P5A_A9TR
       NOR3_X0P5M_A9TR
       NOR3_X3A_A9TR
       NOR3_X3M_A9TR
       NOR3_X4A_A9TR
       NOR3_X4M_A9TR
       NOR4BB_X0P5M_A9TR
       NOR4BB_X1P4M_A9TR
       NOR4BB_X3M_A9TR
       NOR4BB_X4M_A9TR
       OA1B2_X0P5M_A9TR
       OA1B2_X1M_A9TR
       OA1B2_X3M_A9TR
       OA1B2_X4M_A9TR
       OA1B2_X6M_A9TR
       OA1B2_X8M_A9TR
       OA211_X1P4M_A9TR
       OA211_X2M_A9TR
       OA211_X3M_A9TR
       OA211_X4M_A9TR
       OA211_X6M_A9TR
       OA21A1OI2_X0P5M_A9TR
       OA21A1OI2_X3M_A9TR
       OA21A1OI2_X4M_A9TR
       OA21A1OI2_X6M_A9TR
       OA21B_X0P5M_A9TR
       OA21B_X0P7M_A9TR
       OA21B_X3M_A9TR
       OA21B_X4M_A9TR
       OA21B_X6M_A9TR
       OA21B_X8M_A9TR
       OA21_X3M_A9TR
       OA21_X4M_A9TR
       OA21_X6M_A9TR
       OA21_X8M_A9TR
       OA22_X1P4M_A9TR
       OA22_X2M_A9TR
       OA22_X3M_A9TR
       OA22_X4M_A9TR
       OA22_X6M_A9TR
       OA22_X8M_A9TR
       OAI211_X0P5M_A9TR
       OAI211_X3M_A9TR
       OAI211_X4M_A9TR
       OAI21B_X0P7M_A9TR
       OAI21B_X1P4M_A9TR
       OAI21B_X2M_A9TR
       OAI21B_X3M_A9TR
       OAI21B_X4M_A9TR
       OAI21B_X6M_A9TR
       OAI21B_X8M_A9TR
       OAI21_X4M_A9TR
       OAI21_X6M_A9TR
       OAI21_X8M_A9TR
       OAI221_X0P5M_A9TR
       OAI221_X0P7M_A9TR
       OAI221_X1M_A9TR
       OAI221_X1P4M_A9TR
       OAI221_X2M_A9TR
       OAI221_X3M_A9TR
       OAI221_X4M_A9TR
       OAI222_X0P5M_A9TR
       OAI222_X1P4M_A9TR
       OAI222_X2M_A9TR
       OAI222_X3M_A9TR
       OAI222_X4M_A9TR
       OAI22BB_X0P5M_A9TR
       OAI22BB_X4M_A9TR
       OAI22BB_X6M_A9TR
       OAI22BB_X8M_A9TR
       OAI22_X4M_A9TR
       OAI22_X6M_A9TR
       OAI22_X8M_A9TR
       OAI2XB1_X0P5M_A9TR
       OAI2XB1_X4M_A9TR
       OAI2XB1_X8M_A9TR
       OAI31_X1P4M_A9TR
       OAI31_X3M_A9TR
       OAI31_X4M_A9TR
       OAI31_X6M_A9TR
       OR2_X0P5B_A9TR
       OR2_X0P7B_A9TR
       OR2_X11B_A9TR
       OR2_X11M_A9TR
       OR2_X2M_A9TR
       OR2_X4B_A9TR
       OR2_X4M_A9TR
       OR2_X6B_A9TR
       OR2_X6M_A9TR
       OR2_X8B_A9TR
       OR2_X8M_A9TR
       OR3_X1M_A9TR
       OR3_X1P4M_A9TR
       OR3_X2M_A9TR
       OR3_X3M_A9TR
       OR3_X4M_A9TR
       OR3_X6M_A9TR
       OR3_X8M_A9TR
       OR4_X0P5M_A9TR
       OR4_X0P7M_A9TR
       OR4_X1M_A9TR
       OR4_X1P4M_A9TR
       OR4_X2M_A9TR
       OR4_X3M_A9TR
       OR4_X4M_A9TR
       OR4_X6M_A9TR
       OR4_X8M_A9TR
       OR6_X0P5M_A9TR
       OR6_X0P7M_A9TR
       OR6_X1M_A9TR
       OR6_X1P4M_A9TR
       OR6_X2M_A9TR
       OR6_X3M_A9TR
       OR6_X4M_A9TR
       OR6_X6M_A9TR
       POSTICG_X0P5B_A9TR
       POSTICG_X0P6B_A9TR
       POSTICG_X0P7B_A9TR
       POSTICG_X0P8B_A9TR
       POSTICG_X11B_A9TR
       POSTICG_X13B_A9TR
       POSTICG_X16B_A9TR
       POSTICG_X1B_A9TR
       POSTICG_X1P2B_A9TR
       POSTICG_X1P4B_A9TR
       POSTICG_X1P7B_A9TR
       POSTICG_X2B_A9TR
       POSTICG_X2P5B_A9TR
       POSTICG_X3B_A9TR
       POSTICG_X3P5B_A9TR
       POSTICG_X4B_A9TR
       POSTICG_X5B_A9TR
       POSTICG_X6B_A9TR
       POSTICG_X7P5B_A9TR
       POSTICG_X9B_A9TR
       PREICG_X0P5B_A9TR
       PREICG_X0P6B_A9TR
       PREICG_X0P7B_A9TR
       PREICG_X0P8B_A9TR
       PREICG_X11B_A9TR
       PREICG_X13B_A9TR
       PREICG_X16B_A9TR
       PREICG_X1B_A9TR
       PREICG_X1P2B_A9TR
       PREICG_X1P4B_A9TR
       PREICG_X1P7B_A9TR
       PREICG_X2B_A9TR
       PREICG_X2P5B_A9TR
       PREICG_X3B_A9TR
       PREICG_X3P5B_A9TR
       PREICG_X4B_A9TR
       PREICG_X5B_A9TR
       PREICG_X6B_A9TR
       PREICG_X7P5B_A9TR
       PREICG_X9B_A9TR
       RF1R1WS_X1M_A9TR
       RF1R1WS_X1P4M_A9TR
       RF1R1WS_X2M_A9TR
       RF1R2WS_X1M_A9TR
       RF1R2WS_X1P4M_A9TR
       RF1R2WS_X2M_A9TR
       RF2R1WS_X1M_A9TR
       RF2R1WS_X1P4M_A9TR
       RF2R1WS_X2M_A9TR
       RF2R2WS_X1M_A9TR
       RF2R2WS_X1P4M_A9TR
       RF2R2WS_X2M_A9TR
       SDFFNQ_X1M_A9TR
       SDFFNQ_X2M_A9TR
       SDFFNQ_X3M_A9TR
       SDFFNRPQ_X1M_A9TR
       SDFFNRPQ_X2M_A9TR
       SDFFNRPQ_X3M_A9TR
       SDFFNSQ_X1M_A9TR
       SDFFNSQ_X2M_A9TR
       SDFFNSQ_X3M_A9TR
       SDFFNSRPQ_X1M_A9TR
       SDFFNSRPQ_X2M_A9TR
       SDFFNSRPQ_X3M_A9TR
       SDFFQN_X0P5M_A9TR
       SDFFQN_X1M_A9TR
       SDFFQN_X2M_A9TR
       SDFFQN_X3M_A9TR
       SDFFQ_X0P5M_A9TR
       SDFFQ_X1M_A9TR
       SDFFQ_X2M_A9TR
       SDFFQ_X3M_A9TR
       SDFFQ_X4M_A9TR
       SDFFRPQN_X0P5M_A9TR
       SDFFRPQN_X1M_A9TR
       SDFFRPQN_X2M_A9TR
       SDFFRPQN_X3M_A9TR
       SDFFRPQ_X0P5M_A9TR
       SDFFRPQ_X1M_A9TR
       SDFFRPQ_X2M_A9TR
       SDFFRPQ_X3M_A9TR
       SDFFRPQ_X4M_A9TR
       SDFFSQN_X0P5M_A9TR
       SDFFSQN_X1M_A9TR
       SDFFSQN_X2M_A9TR
       SDFFSQN_X3M_A9TR
       SDFFSQ_X0P5M_A9TR
       SDFFSQ_X1M_A9TR
       SDFFSQ_X2M_A9TR
       SDFFSQ_X3M_A9TR
       SDFFSQ_X4M_A9TR
       SDFFSRPQ_X0P5M_A9TR
       SDFFSRPQ_X1M_A9TR
       SDFFSRPQ_X2M_A9TR
       SDFFSRPQ_X3M_A9TR
       SDFFSRPQ_X4M_A9TR
       SDFFYQ_X1M_A9TR
       SDFFYQ_X2M_A9TR
       SDFFYQ_X3M_A9TR
       SDFFYQ_X4M_A9TR
       TIEHI_X1M_A9TR
       TIELO_X1M_A9TR
       XNOR3_X0P5M_A9TR
       XNOR3_X0P7M_A9TR
       XNOR3_X1M_A9TR
       XNOR3_X1P4M_A9TR
       XNOR3_X2M_A9TR
       XNOR3_X3M_A9TR
       XNOR3_X4M_A9TR
       XOR2_X4M_A9TR
       XOR3_X0P5M_A9TR
       XOR3_X0P7M_A9TR
       XOR3_X1M_A9TR
       XOR3_X1P4M_A9TR
       XOR3_X2M_A9TR
       XOR3_X3M_A9TR
       XOR3_X4M_A9TR
       A2SDFFQN_X0P5M_A9TL
       A2SDFFQN_X1M_A9TL
       A2SDFFQN_X2M_A9TL
       A2SDFFQN_X3M_A9TL
       A2SDFFQ_X0P5M_A9TL
       A2SDFFQ_X1M_A9TL
       A2SDFFQ_X2M_A9TL
       A2SDFFQ_X3M_A9TL
       A2SDFFQ_X4M_A9TL
       ADDFCIN_X1M_A9TL
       ADDFCIN_X1P4M_A9TL
       ADDFCIN_X2M_A9TL
       ADDFH_X1M_A9TL
       ADDFH_X2M_A9TL
       AND2_X0P5B_A9TL
       AND2_X0P7B_A9TL
       AND2_X11M_A9TL
       AND2_X3M_A9TL
       AND2_X6M_A9TL
       AND2_X8M_A9TL
       AND3_X0P5M_A9TL
       AND3_X11M_A9TL
       AND3_X8M_A9TL
       AND4_X0P5M_A9TL
       AND4_X4M_A9TL
       AND4_X6M_A9TL
       AND4_X8M_A9TL
       ANTENNA1_A9TL
       AO1B2_X0P5M_A9TL
       AO1B2_X0P7M_A9TL
       AO1B2_X1M_A9TL
       AO1B2_X3M_A9TL
       AO21B_X1P4M_A9TL
       AO21B_X6M_A9TL
       AO22_X2M_A9TL
       AO22_X3M_A9TL
       AO22_X4M_A9TL
       AO22_X6M_A9TL
       AOI21B_X0P5M_A9TL
       AOI221_X0P5M_A9TL
       AOI221_X0P7M_A9TL
       AOI221_X1M_A9TL
       AOI221_X1P4M_A9TL
       AOI221_X2M_A9TL
       AOI221_X3M_A9TL
       AOI221_X4M_A9TL
       AOI222_X0P5M_A9TL
       AOI222_X3M_A9TL
       AOI222_X4M_A9TL
       AOI22BB_X0P5M_A9TL
       AOI22BB_X4M_A9TL
       AOI22BB_X6M_A9TL
       AOI22BB_X8M_A9TL
       AOI22_X8M_A9TL
       AOI2XB1_X0P5M_A9TL
       AOI31_X4M_A9TL
       AOI32_X0P5M_A9TL
       AOI32_X0P7M_A9TL
       AOI32_X1M_A9TL
       AOI32_X1P4M_A9TL
       AOI32_X2M_A9TL
       AOI32_X3M_A9TL
       AOI32_X4M_A9TL
       AOI32_X6M_A9TL
       BENC_X11M_A9TL
       BENC_X16M_A9TL
       BENC_X2M_A9TL
       BENC_X3M_A9TL
       BENC_X4M_A9TL
       BENC_X6M_A9TL
       BENC_X8M_A9TL
       BMXIT_X0P7M_A9TL
       BMXIT_X1M_A9TL
       BMXIT_X1P4M_A9TL
       BMXIT_X2M_A9TL
       BMXT_X0P7M_A9TL
       BMXT_X1M_A9TL
       BMXT_X1P4M_A9TL
       BMXT_X2M_A9TL
       BUFH_X0P7M_A9TL
       BUFH_X0P8M_A9TL
       BUFH_X11M_A9TL
       BUFH_X16M_A9TL
       BUFZ_X11M_A9TL
       BUFZ_X16M_A9TL
       BUFZ_X1M_A9TL
       BUFZ_X1P4M_A9TL
       BUFZ_X2M_A9TL
       BUFZ_X3M_A9TL
       BUFZ_X4M_A9TL
       BUFZ_X6M_A9TL
       BUFZ_X8M_A9TL
       BUF_X0P7B_A9TL
       BUF_X0P7M_A9TL
       BUF_X0P8B_A9TL
       BUF_X0P8M_A9TL
       BUF_X11B_A9TL
       BUF_X11M_A9TL
       BUF_X13B_A9TL
       BUF_X13M_A9TL
       BUF_X16B_A9TL
       BUF_X16M_A9TL
       BUF_X1P2B_A9TL
       BUF_X1P2M_A9TL
       BUF_X1P4B_A9TL
       BUF_X1P4M_A9TL
       BUF_X1P7M_A9TL
       BUF_X2P5B_A9TL
       BUF_X3B_A9TL
       BUF_X3P5B_A9TL
       BUF_X4B_A9TL
       BUF_X5B_A9TL
       BUF_X6B_A9TL
       BUF_X7P5B_A9TL
       BUF_X9B_A9TL
       CGENCIN_X1M_A9TL
       CGENCIN_X1P4M_A9TL
       CGENCIN_X2M_A9TL
       CGENCON_X1M_A9TL
       CGENCON_X1P4M_A9TL
       CGENCON_X2M_A9TL
       CGENI_X1P4M_A9TL
       CGENI_X2M_A9TL
       CGEN_X1P4M_A9TL
       CMPR42_X1M_A9TL
       CMPR42_X1P4M_A9TL
       CMPR42_X2M_A9TL
       DFFNQ_X1M_A9TL
       DFFNQ_X2M_A9TL
       DFFNQ_X3M_A9TL
       DFFNSRPQ_X1M_A9TL
       DFFNSRPQ_X2M_A9TL
       DFFNSRPQ_X3M_A9TL
       DFFQN_X0P5M_A9TL
       DFFQN_X1M_A9TL
       DFFQN_X2M_A9TL
       DFFQN_X3M_A9TL
       DFFQ_X0P5M_A9TL
       DFFQ_X1M_A9TL
       DFFQ_X2M_A9TL
       DFFQ_X3M_A9TL
       DFFQ_X4M_A9TL
       DFFRPQN_X0P5M_A9TL
       DFFRPQN_X1M_A9TL
       DFFRPQN_X2M_A9TL
       DFFRPQN_X3M_A9TL
       DFFRPQ_X0P5M_A9TL
       DFFSQN_X0P5M_A9TL
       DFFSQN_X1M_A9TL
       DFFSQ_X0P5M_A9TL
       DFFSQ_X2M_A9TL
       DFFSQ_X3M_A9TL
       DFFSQ_X4M_A9TL
       DFFSRPQ_X0P5M_A9TL
       DFFSRPQ_X1M_A9TL
       DFFSRPQ_X2M_A9TL
       DFFSRPQ_X3M_A9TL
       DFFSRPQ_X4M_A9TL
       DLY2_X0P5M_A9TL
       DLY2_X1M_A9TL
       DLY4_X0P5M_A9TL
       DLY4_X1M_A9TL
       DLYCLK8S2_X1B_A9TL
       DLYCLK8S4_X1B_A9TL
       DLYCLK8S6_X1B_A9TL
       DLYCLK8S8_X1B_A9TL
       ENDCAPTIE3_A9TL
       ESDFFQN_X0P5M_A9TL
       ESDFFQN_X1M_A9TL
       ESDFFQN_X2M_A9TL
       ESDFFQN_X3M_A9TL
       ESDFFQ_X0P5M_A9TL
       ESDFFQ_X1M_A9TL
       ESDFFQ_X2M_A9TL
       ESDFFQ_X3M_A9TL
       FILL128_A9TL
       FILL16_A9TL
       FILL1_A9TL
       FILL2_A9TL
       FILL32_A9TL
       FILL4_A9TL
       FILL64_A9TL
       FILL8_A9TL
       FILLCAP128_A9TL
       FILLCAP16_A9TL
       FILLCAP32_A9TL
       FILLCAP4_A9TL
       FILLCAP64_A9TL
       FILLCAP8_A9TL
       FILLSGCAP128_A9TL
       FILLSGCAP16_A9TL
       FILLSGCAP32_A9TL
       FILLSGCAP4_A9TL
       FILLSGCAP64_A9TL
       FILLSGCAP8_A9TL
       FILLTIE128_A9TL
       FILLTIE16_A9TL
       FILLTIE32_A9TL
       FILLTIE3_A9TL
       FILLTIE4_A9TL
       FILLTIE64_A9TL
       FILLTIE8_A9TL
       FRICG_X0P5B_A9TL
       FRICG_X0P6B_A9TL
       FRICG_X0P7B_A9TL
       FRICG_X0P8B_A9TL
       FRICG_X11B_A9TL
       FRICG_X13B_A9TL
       FRICG_X16B_A9TL
       FRICG_X1B_A9TL
       FRICG_X1P2B_A9TL
       FRICG_X1P4B_A9TL
       FRICG_X1P7B_A9TL
       FRICG_X2B_A9TL
       FRICG_X2P5B_A9TL
       FRICG_X3B_A9TL
       FRICG_X3P5B_A9TL
       FRICG_X4B_A9TL
       FRICG_X5B_A9TL
       FRICG_X6B_A9TL
       FRICG_X7P5B_A9TL
       FRICG_X9B_A9TL
       INV_X0P5B_A9TL
       INV_X0P5M_A9TL
       INV_X0P7B_A9TL
       INV_X0P8B_A9TL
       INV_X11B_A9TL
       INV_X13B_A9TL
       INV_X13M_A9TL
       INV_X16B_A9TL
       INV_X1B_A9TL
       INV_X1P2B_A9TL
       INV_X1P4B_A9TL
       INV_X1P4M_A9TL
       INV_X2B_A9TL
       INV_X3B_A9TL
       INV_X4B_A9TL
       INV_X5B_A9TL
       INV_X6B_A9TL
       INV_X9B_A9TL
       LATNQN_X0P5M_A9TL
       LATNQN_X1M_A9TL
       LATNQN_X2M_A9TL
       LATNQN_X3M_A9TL
       LATNQN_X4M_A9TL
       LATNQ_X0P5M_A9TL
       LATNQ_X1M_A9TL
       LATNQ_X2M_A9TL
       LATNQ_X3M_A9TL
       LATNRPQN_X0P5M_A9TL
       LATNRPQN_X1M_A9TL
       LATNRPQN_X2M_A9TL
       LATNRPQN_X3M_A9TL
       LATNRPQN_X4M_A9TL
       LATNRQ_X0P5M_A9TL
       LATNRQ_X1M_A9TL
       LATNRQ_X2M_A9TL
       LATNRQ_X3M_A9TL
       LATNSPQ_X0P5M_A9TL
       LATNSPQ_X1M_A9TL
       LATNSPQ_X2M_A9TL
       LATNSPQ_X3M_A9TL
       LATNSQN_X0P5M_A9TL
       LATNSQN_X1M_A9TL
       LATNSQN_X2M_A9TL
       LATNSQN_X3M_A9TL
       LATNSQN_X4M_A9TL
       LATQN_X0P5M_A9TL
       LATQN_X1M_A9TL
       LATQN_X2M_A9TL
       LATQN_X3M_A9TL
       LATQN_X4M_A9TL
       LATQ_X0P5M_A9TL
       LATQ_X1M_A9TL
       LATQ_X2M_A9TL
       LATQ_X3M_A9TL
       LATRPQN_X0P5M_A9TL
       LATRPQN_X1M_A9TL
       LATRPQN_X2M_A9TL
       LATRPQN_X3M_A9TL
       LATRPQN_X4M_A9TL
       LATRQ_X0P5M_A9TL
       LATRQ_X1M_A9TL
       LATRQ_X2M_A9TL
       LATRQ_X3M_A9TL
       LATSPQ_X0P5M_A9TL
       LATSPQ_X1M_A9TL
       LATSPQ_X2M_A9TL
       LATSPQ_X3M_A9TL
       LATSQN_X0P5M_A9TL
       LATSQN_X1M_A9TL
       LATSQN_X2M_A9TL
       LATSQN_X3M_A9TL
       LATSQN_X4M_A9TL
       M2SDFFQN_X0P5M_A9TL
       M2SDFFQN_X1M_A9TL
       M2SDFFQN_X2M_A9TL
       M2SDFFQN_X3M_A9TL
       M2SDFFQ_X0P5M_A9TL
       M2SDFFQ_X1M_A9TL
       M2SDFFQ_X2M_A9TL
       M2SDFFQ_X3M_A9TL
       M2SDFFQ_X4M_A9TL
       MX2_X0P5B_A9TL
       MX2_X1P4B_A9TL
       MX2_X4B_A9TL
       MX2_X6B_A9TL
       MX2_X8B_A9TL
       MXGL2_X0P5B_A9TL
       MXGL2_X0P7B_A9TL
       MXGL2_X1B_A9TL
       MXGL2_X1P4B_A9TL
       MXGL2_X2B_A9TL
       MXGL2_X3B_A9TL
       MXGL2_X4B_A9TL
       MXGL2_X6B_A9TL
       MXIT4_X0P5M_A9TL
       MXIT4_X0P7M_A9TL
       MXIT4_X1M_A9TL
       MXIT4_X1P4M_A9TL
       MXIT4_X2M_A9TL
       MXIT4_X3M_A9TL
       MXT2_X0P5B_A9TL
       MXT2_X0P5M_A9TL
       MXT2_X0P7B_A9TL
       MXT2_X1M_A9TL
       MXT2_X2B_A9TL
       MXT2_X3B_A9TL
       MXT2_X4B_A9TL
       MXT2_X6B_A9TL
       MXT4_X0P5M_A9TL
       MXT4_X0P7M_A9TL
       MXT4_X1M_A9TL
       MXT4_X1P4M_A9TL
       MXT4_X2M_A9TL
       MXT4_X3M_A9TL
       NAND2B_X0P7M_A9TL
       NAND2B_X1M_A9TL
       NAND2XB_X0P5M_A9TL
       NAND2_X0P5B_A9TL
       NAND2_X0P5M_A9TL
       NAND2_X0P7B_A9TL
       NAND2_X0P7M_A9TL
       NAND2_X1B_A9TL
       NAND2_X1M_A9TL
       NAND2_X1P4M_A9TL
       NAND2_X2A_A9TL
       NAND2_X2B_A9TL
       NAND2_X3A_A9TL
       NAND2_X3B_A9TL
       NAND2_X4A_A9TL
       NAND2_X4B_A9TL
       NAND2_X6A_A9TL
       NAND2_X6B_A9TL
       NAND2_X8A_A9TL
       NAND2_X8B_A9TL
       NAND3BB_X0P5M_A9TL
       NAND3B_X0P5M_A9TL
       NAND3B_X1P4M_A9TL
       NAND3B_X4M_A9TL
       NAND3XXB_X0P5M_A9TL
       NAND3XXB_X0P7M_A9TL
       NAND3XXB_X1P4M_A9TL
       NAND4BB_X0P7M_A9TL
       NAND4B_X0P5M_A9TL
       NAND4B_X0P7M_A9TL
       NAND4B_X1P4M_A9TL
       NAND4B_X3M_A9TL
       NAND4B_X4M_A9TL
       NAND4XXXB_X0P5M_A9TL
       NAND4XXXB_X0P7M_A9TL
       NAND4XXXB_X1P4M_A9TL
       NAND4XXXB_X3M_A9TL
       NAND4XXXB_X4M_A9TL
       NAND4_X0P5A_A9TL
       NAND4_X0P5M_A9TL
       NAND4_X0P7M_A9TL
       NAND4_X1P4A_A9TL
       NAND4_X4A_A9TL
       NOR2B_X0P5M_A9TL
       NOR2B_X8M_A9TL
       NOR2_X0P5M_A9TL
       NOR2_X0P7A_A9TL
       NOR2_X0P7B_A9TL
       NOR2_X1B_A9TL
       NOR2_X1P4A_A9TL
       NOR2_X8M_A9TL
       NOR3BB_X0P5M_A9TL
       NOR3_X0P5A_A9TL
       NOR3_X0P5M_A9TL
       NOR4BB_X0P5M_A9TL
       NOR4BB_X0P7M_A9TL
       OA1B2_X0P5M_A9TL
       OA1B2_X1M_A9TL
       OA1B2_X8M_A9TL
       OA211_X0P5M_A9TL
       OA211_X6M_A9TL
       OA21B_X0P5M_A9TL
       OA21B_X0P7M_A9TL
       OA21B_X1P4M_A9TL
       OA21B_X4M_A9TL
       OA21B_X6M_A9TL
       OA21B_X8M_A9TL
       OA22_X3M_A9TL
       OA22_X4M_A9TL
       OA22_X6M_A9TL
       OA22_X8M_A9TL
       OAI211_X0P5M_A9TL
       OAI21B_X0P5M_A9TL
       OAI21B_X8M_A9TL
       OAI221_X0P5M_A9TL
       OAI221_X0P7M_A9TL
       OAI221_X1M_A9TL
       OAI221_X1P4M_A9TL
       OAI221_X2M_A9TL
       OAI221_X3M_A9TL
       OAI221_X4M_A9TL
       OAI222_X0P5M_A9TL
       OAI222_X3M_A9TL
       OAI222_X4M_A9TL
       OAI22BB_X0P5M_A9TL
       OAI22BB_X8M_A9TL
       OAI22_X8M_A9TL
       OAI31_X4M_A9TL
       OAI31_X6M_A9TL
       OR2_X0P5B_A9TL
       OR2_X0P7B_A9TL
       OR2_X11B_A9TL
       OR2_X6B_A9TL
       OR2_X8B_A9TL
       OR3_X3M_A9TL
       OR3_X4M_A9TL
       OR3_X6M_A9TL
       OR3_X8M_A9TL
       OR4_X0P5M_A9TL
       OR4_X0P7M_A9TL
       OR4_X4M_A9TL
       OR4_X8M_A9TL
       OR6_X0P5M_A9TL
       OR6_X0P7M_A9TL
       OR6_X1M_A9TL
       OR6_X1P4M_A9TL
       OR6_X2M_A9TL
       OR6_X3M_A9TL
       OR6_X4M_A9TL
       OR6_X6M_A9TL
       POSTICG_X0P5B_A9TL
       POSTICG_X0P6B_A9TL
       POSTICG_X0P7B_A9TL
       POSTICG_X0P8B_A9TL
       POSTICG_X11B_A9TL
       POSTICG_X13B_A9TL
       POSTICG_X16B_A9TL
       POSTICG_X1B_A9TL
       POSTICG_X1P2B_A9TL
       POSTICG_X1P4B_A9TL
       POSTICG_X1P7B_A9TL
       POSTICG_X2B_A9TL
       POSTICG_X2P5B_A9TL
       POSTICG_X3B_A9TL
       POSTICG_X3P5B_A9TL
       POSTICG_X4B_A9TL
       POSTICG_X5B_A9TL
       POSTICG_X6B_A9TL
       POSTICG_X7P5B_A9TL
       POSTICG_X9B_A9TL
       PREICG_X0P5B_A9TL
       PREICG_X0P6B_A9TL
       PREICG_X0P7B_A9TL
       PREICG_X0P8B_A9TL
       PREICG_X11B_A9TL
       PREICG_X13B_A9TL
       PREICG_X16B_A9TL
       PREICG_X1B_A9TL
       PREICG_X1P2B_A9TL
       PREICG_X1P4B_A9TL
       PREICG_X1P7B_A9TL
       PREICG_X2B_A9TL
       PREICG_X2P5B_A9TL
       PREICG_X3B_A9TL
       PREICG_X3P5B_A9TL
       PREICG_X4B_A9TL
       PREICG_X5B_A9TL
       PREICG_X6B_A9TL
       PREICG_X7P5B_A9TL
       PREICG_X9B_A9TL
       RF1R1WS_X1M_A9TL
       RF1R1WS_X1P4M_A9TL
       RF1R1WS_X2M_A9TL
       RF1R2WS_X1M_A9TL
       RF1R2WS_X1P4M_A9TL
       RF1R2WS_X2M_A9TL
       RF2R1WS_X1M_A9TL
       RF2R1WS_X1P4M_A9TL
       RF2R1WS_X2M_A9TL
       RF2R2WS_X1M_A9TL
       RF2R2WS_X1P4M_A9TL
       RF2R2WS_X2M_A9TL
       SDFFNQ_X1M_A9TL
       SDFFNQ_X2M_A9TL
       SDFFNQ_X3M_A9TL
       SDFFNRPQ_X1M_A9TL
       SDFFNRPQ_X2M_A9TL
       SDFFNRPQ_X3M_A9TL
       SDFFNSQ_X1M_A9TL
       SDFFNSQ_X2M_A9TL
       SDFFNSQ_X3M_A9TL
       SDFFNSRPQ_X1M_A9TL
       SDFFNSRPQ_X2M_A9TL
       SDFFNSRPQ_X3M_A9TL
       SDFFQN_X0P5M_A9TL
       SDFFQN_X1M_A9TL
       SDFFQN_X2M_A9TL
       SDFFQN_X3M_A9TL
       SDFFQ_X0P5M_A9TL
       SDFFQ_X1M_A9TL
       SDFFQ_X2M_A9TL
       SDFFQ_X3M_A9TL
       SDFFQ_X4M_A9TL
       SDFFRPQN_X0P5M_A9TL
       SDFFRPQN_X1M_A9TL
       SDFFRPQN_X2M_A9TL
       SDFFRPQN_X3M_A9TL
       SDFFRPQ_X0P5M_A9TL
       SDFFRPQ_X1M_A9TL
       SDFFRPQ_X2M_A9TL
       SDFFRPQ_X3M_A9TL
       SDFFRPQ_X4M_A9TL
       SDFFSQN_X0P5M_A9TL
       SDFFSQN_X1M_A9TL
       SDFFSQN_X2M_A9TL
       SDFFSQN_X3M_A9TL
       SDFFSQ_X0P5M_A9TL
       SDFFSQ_X1M_A9TL
       SDFFSQ_X2M_A9TL
       SDFFSQ_X3M_A9TL
       SDFFSQ_X4M_A9TL
       SDFFSRPQ_X0P5M_A9TL
       SDFFSRPQ_X1M_A9TL
       SDFFSRPQ_X2M_A9TL
       SDFFSRPQ_X3M_A9TL
       SDFFSRPQ_X4M_A9TL
       SDFFYQ_X1M_A9TL
       SDFFYQ_X2M_A9TL
       SDFFYQ_X3M_A9TL
       SDFFYQ_X4M_A9TL
       TIELO_X1M_A9TL
       XNOR3_X0P5M_A9TL
       XNOR3_X0P7M_A9TL
       XNOR3_X1M_A9TL
       XNOR3_X1P4M_A9TL
       XNOR3_X2M_A9TL
       XNOR3_X3M_A9TL
       XNOR3_X4M_A9TL
       XOR3_X0P5M_A9TL
       XOR3_X0P7M_A9TL
       XOR3_X1M_A9TL
       XOR3_X1P4M_A9TL
       XOR3_X2M_A9TL
       XOR3_X3M_A9TL
       XOR3_X4M_A9TL

Warning-[AOUP] Attempt to override undefined parameter
TESTBED.v, 107
  Attempting to override undefined parameter "FLOAT_PRECISION", will ignore 
  it.


Warning-[AOUP] Attempt to override undefined parameter
TESTBED.v, 107
  Attempting to override undefined parameter "logn", will ignore it.

TimeScale is 1 ns / 1 ps

Warning-[DDTC] Duplicate Timing Check is disabled
/home/daniel_kuo/CBDK_TSMC40_Arm_f2.0/CIC/Verilog/sc9_cln40g_base_rvt_neg.v, 58984
  The below duplicate timing check will be disabled:
  $recrem(negedge R, negedge CKN &&& (ENABLE_D_AND_SN == 1'b1), 
  1.0000000000000000, 0.50000000000000000, NOTIFIER, , , dR, dCKN);


Warning-[DDTC] Duplicate Timing Check is disabled
/home/daniel_kuo/CBDK_TSMC40_Arm_f2.0/CIC/Verilog/sc9_cln40g_base_rvt_neg.v, 58989
  The below duplicate timing check will be disabled:
  $recrem(posedge SN, negedge CKN &&& (ENABLE_NOT_D_AND_NOT_R == 1'b1), 
  1.0000000000000000, 0.50000000000000000, NOTIFIER, , , dSN, dCKN);


Warning-[DDTC] Duplicate Timing Check is disabled
/home/daniel_kuo/CBDK_TSMC40_Arm_f2.0/CIC/Verilog/sc9_cln40g_base_rvt_neg.v, 59089
  The below duplicate timing check will be disabled:
  $recrem(negedge R, negedge CKN &&& (ENABLE_D_AND_SN == 1'b1), 
  1.0000000000000000, 0.50000000000000000, NOTIFIER, , , dR, dCKN);


Warning-[DDTC] Duplicate Timing Check is disabled
/home/daniel_kuo/CBDK_TSMC40_Arm_f2.0/CIC/Verilog/sc9_cln40g_base_rvt_neg.v, 59094
  The below duplicate timing check will be disabled:
  $recrem(posedge SN, negedge CKN &&& (ENABLE_NOT_D_AND_NOT_R == 1'b1), 
  1.0000000000000000, 0.50000000000000000, NOTIFIER, , , dSN, dCKN);


Warning-[DDTC] Duplicate Timing Check is disabled
/home/daniel_kuo/CBDK_TSMC40_Arm_f2.0/CIC/Verilog/sc9_cln40g_base_rvt_neg.v, 59194
  The below duplicate timing check will be disabled:
  $recrem(negedge R, negedge CKN &&& (ENABLE_D_AND_SN == 1'b1), 
  1.0000000000000000, 0.50000000000000000, NOTIFIER, , , dR, dCKN);


Warning-[DDTC] Duplicate Timing Check is disabled
/home/daniel_kuo/CBDK_TSMC40_Arm_f2.0/CIC/Verilog/sc9_cln40g_base_rvt_neg.v, 59199
  The below duplicate timing check will be disabled:
  $recrem(posedge SN, negedge CKN &&& (ENABLE_NOT_D_AND_NOT_R == 1'b1), 
  1.0000000000000000, 0.50000000000000000, NOTIFIER, , , dSN, dCKN);


Warning-[DDTC] Duplicate Timing Check is disabled
/home/daniel_kuo/CBDK_TSMC40_Arm_f2.0/CIC/Verilog/sc9_cln40g_base_rvt_neg.v, 65129
  The below duplicate timing check will be disabled:
  $recrem(negedge R, negedge G &&& (ENABLE_D == 1'b1), 1.0000000000000000, 
  0.50000000000000000, NOTIFIER, , , dR, dG);


Warning-[DDTC] Duplicate Timing Check is disabled
/home/daniel_kuo/CBDK_TSMC40_Arm_f2.0/CIC/Verilog/sc9_cln40g_base_rvt_neg.v, 65181
  The below duplicate timing check will be disabled:
  $recrem(negedge R, negedge G &&& (ENABLE_D == 1'b1), 1.0000000000000000, 
  0.50000000000000000, NOTIFIER, , , dR, dG);


Warning-[DDTC] Duplicate Timing Check is disabled
/home/daniel_kuo/CBDK_TSMC40_Arm_f2.0/CIC/Verilog/sc9_cln40g_base_rvt_neg.v, 65233
  The below duplicate timing check will be disabled:
  $recrem(negedge R, negedge G &&& (ENABLE_D == 1'b1), 1.0000000000000000, 
  0.50000000000000000, NOTIFIER, , , dR, dG);


Warning-[DDTC] Duplicate Timing Check is disabled
/home/daniel_kuo/CBDK_TSMC40_Arm_f2.0/CIC/Verilog/sc9_cln40g_base_rvt_neg.v, 65285
  The below duplicate timing check will be disabled:
  $recrem(negedge R, negedge G &&& (ENABLE_D == 1'b1), 1.0000000000000000, 
  0.50000000000000000, NOTIFIER, , , dR, dG);


Warning-[DDTC] Duplicate Timing Check is disabled
/home/daniel_kuo/CBDK_TSMC40_Arm_f2.0/CIC/Verilog/sc9_cln40g_base_rvt_neg.v, 65337
  The below duplicate timing check will be disabled:
  $recrem(negedge R, negedge G &&& (ENABLE_D == 1'b1), 1.0000000000000000, 
  0.50000000000000000, NOTIFIER, , , dR, dG);


Warning-[DDTC] Duplicate Timing Check is disabled
/home/daniel_kuo/CBDK_TSMC40_Arm_f2.0/CIC/Verilog/sc9_cln40g_base_rvt_neg.v, 65389
  The below duplicate timing check will be disabled:
  $recrem(posedge RN, negedge G &&& (ENABLE_D == 1'b1), 1.0000000000000000, 
  0.50000000000000000, NOTIFIER, , , dRN, dG);


Warning-[DDTC] Duplicate Timing Check is disabled
/home/daniel_kuo/CBDK_TSMC40_Arm_f2.0/CIC/Verilog/sc9_cln40g_base_rvt_neg.v, 65441
  The below duplicate timing check will be disabled:
  $recrem(posedge RN, negedge G &&& (ENABLE_D == 1'b1), 1.0000000000000000, 
  0.50000000000000000, NOTIFIER, , , dRN, dG);


Warning-[DDTC] Duplicate Timing Check is disabled
/home/daniel_kuo/CBDK_TSMC40_Arm_f2.0/CIC/Verilog/sc9_cln40g_base_rvt_neg.v, 65493
  The below duplicate timing check will be disabled:
  $recrem(posedge RN, negedge G &&& (ENABLE_D == 1'b1), 1.0000000000000000, 
  0.50000000000000000, NOTIFIER, , , dRN, dG);


Warning-[DDTC] Duplicate Timing Check is disabled
/home/daniel_kuo/CBDK_TSMC40_Arm_f2.0/CIC/Verilog/sc9_cln40g_base_rvt_neg.v, 65545
  The below duplicate timing check will be disabled:
  $recrem(posedge RN, negedge G &&& (ENABLE_D == 1'b1), 1.0000000000000000, 
  0.50000000000000000, NOTIFIER, , , dRN, dG);


Warning-[DDTC] Duplicate Timing Check is disabled
/home/daniel_kuo/CBDK_TSMC40_Arm_f2.0/CIC/Verilog/sc9_cln40g_base_rvt_neg.v, 65597
  The below duplicate timing check will be disabled:
  $recrem(negedge S, negedge G &&& (ENABLE_NOT_D == 1'b1), 1.0000000000000000,
  0.50000000000000000, NOTIFIER, , , dS, dG);


Warning-[DDTC] Duplicate Timing Check is disabled
/home/daniel_kuo/CBDK_TSMC40_Arm_f2.0/CIC/Verilog/sc9_cln40g_base_rvt_neg.v, 65649
  The below duplicate timing check will be disabled:
  $recrem(negedge S, negedge G &&& (ENABLE_NOT_D == 1'b1), 1.0000000000000000,
  0.50000000000000000, NOTIFIER, , , dS, dG);


Warning-[DDTC] Duplicate Timing Check is disabled
/home/daniel_kuo/CBDK_TSMC40_Arm_f2.0/CIC/Verilog/sc9_cln40g_base_rvt_neg.v, 65701
  The below duplicate timing check will be disabled:
  $recrem(negedge S, negedge G &&& (ENABLE_NOT_D == 1'b1), 1.0000000000000000,
  0.50000000000000000, NOTIFIER, , , dS, dG);


Warning-[DDTC] Duplicate Timing Check is disabled
/home/daniel_kuo/CBDK_TSMC40_Arm_f2.0/CIC/Verilog/sc9_cln40g_base_rvt_neg.v, 65753
  The below duplicate timing check will be disabled:
  $recrem(negedge S, negedge G &&& (ENABLE_NOT_D == 1'b1), 1.0000000000000000,
  0.50000000000000000, NOTIFIER, , , dS, dG);


Warning-[DDTC] Duplicate Timing Check is disabled
/home/daniel_kuo/CBDK_TSMC40_Arm_f2.0/CIC/Verilog/sc9_cln40g_base_rvt_neg.v, 65805
  The below duplicate timing check will be disabled:
  $recrem(posedge SN, negedge G &&& (ENABLE_NOT_D == 1'b1), 
  1.0000000000000000, 0.50000000000000000, NOTIFIER, , , dSN, dG);


Warning-[DDTC] Duplicate Timing Check is disabled
/home/daniel_kuo/CBDK_TSMC40_Arm_f2.0/CIC/Verilog/sc9_cln40g_base_rvt_neg.v, 65857
  The below duplicate timing check will be disabled:
  $recrem(posedge SN, negedge G &&& (ENABLE_NOT_D == 1'b1), 
  1.0000000000000000, 0.50000000000000000, NOTIFIER, , , dSN, dG);


Warning-[DDTC] Duplicate Timing Check is disabled
/home/daniel_kuo/CBDK_TSMC40_Arm_f2.0/CIC/Verilog/sc9_cln40g_base_rvt_neg.v, 65909
  The below duplicate timing check will be disabled:
  $recrem(posedge SN, negedge G &&& (ENABLE_NOT_D == 1'b1), 
  1.0000000000000000, 0.50000000000000000, NOTIFIER, , , dSN, dG);


Warning-[DDTC] Duplicate Timing Check is disabled
/home/daniel_kuo/CBDK_TSMC40_Arm_f2.0/CIC/Verilog/sc9_cln40g_base_rvt_neg.v, 65961
  The below duplicate timing check will be disabled:
  $recrem(posedge SN, negedge G &&& (ENABLE_NOT_D == 1'b1), 
  1.0000000000000000, 0.50000000000000000, NOTIFIER, , , dSN, dG);


Warning-[DDTC] Duplicate Timing Check is disabled
/home/daniel_kuo/CBDK_TSMC40_Arm_f2.0/CIC/Verilog/sc9_cln40g_base_rvt_neg.v, 66013
  The below duplicate timing check will be disabled:
  $recrem(posedge SN, negedge G &&& (ENABLE_NOT_D == 1'b1), 
  1.0000000000000000, 0.50000000000000000, NOTIFIER, , , dSN, dG);


Warning-[DDTC] Duplicate Timing Check is disabled
/home/daniel_kuo/CBDK_TSMC40_Arm_f2.0/CIC/Verilog/sc9_cln40g_base_rvt_neg.v, 84637
  The below duplicate timing check will be disabled:
  $recrem(negedge R, negedge CKN &&& (ENABLE_NOT_D_AND_SE_AND_SI == 1'b1), 
  1.0000000000000000, 0.50000000000000000, NOTIFIER, , , dR, dCKN);


Warning-[DDTC] Duplicate Timing Check is disabled
/home/daniel_kuo/CBDK_TSMC40_Arm_f2.0/CIC/Verilog/sc9_cln40g_base_rvt_neg.v, 84638
  The below duplicate timing check will be disabled:
  $recrem(negedge R, negedge CKN &&& (ENABLE_D_AND_NOT_SE_AND_NOT_SI == 1'b1),
  1.0000000000000000, 0.50000000000000000, NOTIFIER, , , dR, dCKN);


Warning-[DDTC] Duplicate Timing Check is disabled
/home/daniel_kuo/CBDK_TSMC40_Arm_f2.0/CIC/Verilog/sc9_cln40g_base_rvt_neg.v, 84639
  The below duplicate timing check will be disabled:
  $recrem(negedge R, negedge CKN &&& (ENABLE_D_AND_NOT_SE_AND_SI == 1'b1), 
  1.0000000000000000, 0.50000000000000000, NOTIFIER, , , dR, dCKN);


Warning-[DDTC] Duplicate Timing Check is disabled
/home/daniel_kuo/CBDK_TSMC40_Arm_f2.0/CIC/Verilog/sc9_cln40g_base_rvt_neg.v, 84640
  The below duplicate timing check will be disabled:
  $recrem(negedge R, negedge CKN &&& (ENABLE_D_AND_SE_AND_SI == 1'b1), 
  1.0000000000000000, 0.50000000000000000, NOTIFIER, , , dR, dCKN);


Warning-[DDTC] Duplicate Timing Check is disabled
/home/daniel_kuo/CBDK_TSMC40_Arm_f2.0/CIC/Verilog/sc9_cln40g_base_rvt_neg.v, 84825
  The below duplicate timing check will be disabled:
  $recrem(negedge R, negedge CKN &&& (ENABLE_NOT_D_AND_SE_AND_SI == 1'b1), 
  1.0000000000000000, 0.50000000000000000, NOTIFIER, , , dR, dCKN);


Warning-[DDTC] Duplicate Timing Check is disabled
/home/daniel_kuo/CBDK_TSMC40_Arm_f2.0/CIC/Verilog/sc9_cln40g_base_rvt_neg.v, 84826
  The below duplicate timing check will be disabled:
  $recrem(negedge R, negedge CKN &&& (ENABLE_D_AND_NOT_SE_AND_NOT_SI == 1'b1),
  1.0000000000000000, 0.50000000000000000, NOTIFIER, , , dR, dCKN);


Warning-[DDTC] Duplicate Timing Check is disabled
/home/daniel_kuo/CBDK_TSMC40_Arm_f2.0/CIC/Verilog/sc9_cln40g_base_rvt_neg.v, 84827
  The below duplicate timing check will be disabled:
  $recrem(negedge R, negedge CKN &&& (ENABLE_D_AND_NOT_SE_AND_SI == 1'b1), 
  1.0000000000000000, 0.50000000000000000, NOTIFIER, , , dR, dCKN);


Warning-[DDTC] Duplicate Timing Check is disabled
/home/daniel_kuo/CBDK_TSMC40_Arm_f2.0/CIC/Verilog/sc9_cln40g_base_rvt_neg.v, 84828
  The below duplicate timing check will be disabled:
  $recrem(negedge R, negedge CKN &&& (ENABLE_D_AND_SE_AND_SI == 1'b1), 
  1.0000000000000000, 0.50000000000000000, NOTIFIER, , , dR, dCKN);


Warning-[DDTC] Duplicate Timing Check is disabled
/home/daniel_kuo/CBDK_TSMC40_Arm_f2.0/CIC/Verilog/sc9_cln40g_base_rvt_neg.v, 85013
  The below duplicate timing check will be disabled:
  $recrem(negedge R, negedge CKN &&& (ENABLE_NOT_D_AND_SE_AND_SI == 1'b1), 
  1.0000000000000000, 0.50000000000000000, NOTIFIER, , , dR, dCKN);


Warning-[DDTC] Duplicate Timing Check is disabled
/home/daniel_kuo/CBDK_TSMC40_Arm_f2.0/CIC/Verilog/sc9_cln40g_base_rvt_neg.v, 85014
  The below duplicate timing check will be disabled:
  $recrem(negedge R, negedge CKN &&& (ENABLE_D_AND_NOT_SE_AND_NOT_SI == 1'b1),
  1.0000000000000000, 0.50000000000000000, NOTIFIER, , , dR, dCKN);


Warning-[DDTC] Duplicate Timing Check is disabled
/home/daniel_kuo/CBDK_TSMC40_Arm_f2.0/CIC/Verilog/sc9_cln40g_base_rvt_neg.v, 85015
  The below duplicate timing check will be disabled:
  $recrem(negedge R, negedge CKN &&& (ENABLE_D_AND_NOT_SE_AND_SI == 1'b1), 
  1.0000000000000000, 0.50000000000000000, NOTIFIER, , , dR, dCKN);


Warning-[DDTC] Duplicate Timing Check is disabled
/home/daniel_kuo/CBDK_TSMC40_Arm_f2.0/CIC/Verilog/sc9_cln40g_base_rvt_neg.v, 85016
  The below duplicate timing check will be disabled:
  $recrem(negedge R, negedge CKN &&& (ENABLE_D_AND_SE_AND_SI == 1'b1), 
  1.0000000000000000, 0.50000000000000000, NOTIFIER, , , dR, dCKN);


Warning-[DDTC] Duplicate Timing Check is disabled
/home/daniel_kuo/CBDK_TSMC40_Arm_f2.0/CIC/Verilog/sc9_cln40g_base_rvt_neg.v, 85209
  The below duplicate timing check will be disabled:
  $recrem(posedge SN, negedge CKN &&& (ENABLE_NOT_D_AND_NOT_SE_AND_NOT_SI == 
  1'b1), 1.0000000000000000, 0.50000000000000000, NOTIFIER, , , dSN, dCKN);


Warning-[DDTC] Duplicate Timing Check is disabled
/home/daniel_kuo/CBDK_TSMC40_Arm_f2.0/CIC/Verilog/sc9_cln40g_base_rvt_neg.v, 85210
  The below duplicate timing check will be disabled:
  $recrem(posedge SN, negedge CKN &&& (ENABLE_NOT_D_AND_NOT_SE_AND_SI == 
  1'b1), 1.0000000000000000, 0.50000000000000000, NOTIFIER, , , dSN, dCKN);


Warning-[DDTC] Duplicate Timing Check is disabled
/home/daniel_kuo/CBDK_TSMC40_Arm_f2.0/CIC/Verilog/sc9_cln40g_base_rvt_neg.v, 85211
  The below duplicate timing check will be disabled:
  $recrem(posedge SN, negedge CKN &&& (ENABLE_NOT_D_AND_SE_AND_NOT_SI == 
  1'b1), 1.0000000000000000, 0.50000000000000000, NOTIFIER, , , dSN, dCKN);


Warning-[DDTC] Duplicate Timing Check is disabled
/home/daniel_kuo/CBDK_TSMC40_Arm_f2.0/CIC/Verilog/sc9_cln40g_base_rvt_neg.v, 85212
  The below duplicate timing check will be disabled:
  $recrem(posedge SN, negedge CKN &&& (ENABLE_D_AND_SE_AND_NOT_SI == 1'b1), 
  1.0000000000000000, 0.50000000000000000, NOTIFIER, , , dSN, dCKN);


Warning-[DDTC] Duplicate Timing Check is disabled
/home/daniel_kuo/CBDK_TSMC40_Arm_f2.0/CIC/Verilog/sc9_cln40g_base_rvt_neg.v, 85397
  The below duplicate timing check will be disabled:
  $recrem(posedge SN, negedge CKN &&& (ENABLE_NOT_D_AND_NOT_SE_AND_NOT_SI == 
  1'b1), 1.0000000000000000, 0.50000000000000000, NOTIFIER, , , dSN, dCKN);


Warning-[DDTC] Duplicate Timing Check is disabled
/home/daniel_kuo/CBDK_TSMC40_Arm_f2.0/CIC/Verilog/sc9_cln40g_base_rvt_neg.v, 85398
  The below duplicate timing check will be disabled:
  $recrem(posedge SN, negedge CKN &&& (ENABLE_NOT_D_AND_NOT_SE_AND_SI == 
  1'b1), 1.0000000000000000, 0.50000000000000000, NOTIFIER, , , dSN, dCKN);


Warning-[DDTC] Duplicate Timing Check is disabled
/home/daniel_kuo/CBDK_TSMC40_Arm_f2.0/CIC/Verilog/sc9_cln40g_base_rvt_neg.v, 85399
  The below duplicate timing check will be disabled:
  $recrem(posedge SN, negedge CKN &&& (ENABLE_NOT_D_AND_SE_AND_NOT_SI == 
  1'b1), 1.0000000000000000, 0.50000000000000000, NOTIFIER, , , dSN, dCKN);


Warning-[DDTC] Duplicate Timing Check is disabled
/home/daniel_kuo/CBDK_TSMC40_Arm_f2.0/CIC/Verilog/sc9_cln40g_base_rvt_neg.v, 85400
  The below duplicate timing check will be disabled:
  $recrem(posedge SN, negedge CKN &&& (ENABLE_D_AND_SE_AND_NOT_SI == 1'b1), 
  1.0000000000000000, 0.50000000000000000, NOTIFIER, , , dSN, dCKN);


Warning-[DDTC] Duplicate Timing Check is disabled
/home/daniel_kuo/CBDK_TSMC40_Arm_f2.0/CIC/Verilog/sc9_cln40g_base_rvt_neg.v, 85585
  The below duplicate timing check will be disabled:
  $recrem(posedge SN, negedge CKN &&& (ENABLE_NOT_D_AND_NOT_SE_AND_NOT_SI == 
  1'b1), 1.0000000000000000, 0.50000000000000000, NOTIFIER, , , dSN, dCKN);


Warning-[DDTC] Duplicate Timing Check is disabled
/home/daniel_kuo/CBDK_TSMC40_Arm_f2.0/CIC/Verilog/sc9_cln40g_base_rvt_neg.v, 85586
  The below duplicate timing check will be disabled:
  $recrem(posedge SN, negedge CKN &&& (ENABLE_NOT_D_AND_NOT_SE_AND_SI == 
  1'b1), 1.0000000000000000, 0.50000000000000000, NOTIFIER, , , dSN, dCKN);


Warning-[DDTC] Duplicate Timing Check is disabled
/home/daniel_kuo/CBDK_TSMC40_Arm_f2.0/CIC/Verilog/sc9_cln40g_base_rvt_neg.v, 85587
  The below duplicate timing check will be disabled:
  $recrem(posedge SN, negedge CKN &&& (ENABLE_NOT_D_AND_SE_AND_NOT_SI == 
  1'b1), 1.0000000000000000, 0.50000000000000000, NOTIFIER, , , dSN, dCKN);


Warning-[DDTC] Duplicate Timing Check is disabled
/home/daniel_kuo/CBDK_TSMC40_Arm_f2.0/CIC/Verilog/sc9_cln40g_base_rvt_neg.v, 85588
  The below duplicate timing check will be disabled:
  $recrem(posedge SN, negedge CKN &&& (ENABLE_D_AND_SE_AND_NOT_SI == 1'b1), 
  1.0000000000000000, 0.50000000000000000, NOTIFIER, , , dSN, dCKN);


Warning-[DDTC] Duplicate Timing Check is disabled
/home/daniel_kuo/CBDK_TSMC40_Arm_f2.0/CIC/Verilog/sc9_cln40g_base_rvt_neg.v, 85840
  The below duplicate timing check will be disabled:
  $recrem(negedge R, negedge CKN &&& (ENABLE_NOT_D_AND_SE_AND_SI_AND_SN == 
  1'b1), 1.0000000000000000, 0.50000000000000000, NOTIFIER, , , dR, dCKN);


Warning-[DDTC] Duplicate Timing Check is disabled
/home/daniel_kuo/CBDK_TSMC40_Arm_f2.0/CIC/Verilog/sc9_cln40g_base_rvt_neg.v, 85841
  The below duplicate timing check will be disabled:
  $recrem(negedge R, negedge CKN &&& (ENABLE_D_AND_NOT_SE_AND_NOT_SI_AND_SN ==
  1'b1), 1.0000000000000000, 0.50000000000000000, NOTIFIER, , , dR, dCKN);


Warning-[DDTC] Duplicate Timing Check is disabled
/home/daniel_kuo/CBDK_TSMC40_Arm_f2.0/CIC/Verilog/sc9_cln40g_base_rvt_neg.v, 85842
  The below duplicate timing check will be disabled:
  $recrem(negedge R, negedge CKN &&& (ENABLE_D_AND_NOT_SE_AND_SI_AND_SN == 
  1'b1), 1.0000000000000000, 0.50000000000000000, NOTIFIER, , , dR, dCKN);


Warning-[DDTC] Duplicate Timing Check is disabled
/home/daniel_kuo/CBDK_TSMC40_Arm_f2.0/CIC/Verilog/sc9_cln40g_base_rvt_neg.v, 85843
  The below duplicate timing check will be disabled:
  $recrem(negedge R, negedge CKN &&& (ENABLE_D_AND_SE_AND_SI_AND_SN == 1'b1), 
  1.0000000000000000, 0.50000000000000000, NOTIFIER, , , dR, dCKN);


Warning-[DDTC] Duplicate Timing Check is disabled
/home/daniel_kuo/CBDK_TSMC40_Arm_f2.0/CIC/Verilog/sc9_cln40g_base_rvt_neg.v, 85868
  The below duplicate timing check will be disabled:
  $recrem(posedge SN, negedge CKN &&& 
  (ENABLE_NOT_D_AND_NOT_R_AND_NOT_SE_AND_NOT_SI == 1'b1), 1.0000000000000000, 
  0.50000000000000000, NOTIFIER, , , dSN, dCKN);


Warning-[DDTC] Duplicate Timing Check is disabled
/home/daniel_kuo/CBDK_TSMC40_Arm_f2.0/CIC/Verilog/sc9_cln40g_base_rvt_neg.v, 85869
  The below duplicate timing check will be disabled:
  $recrem(posedge SN, negedge CKN &&& 
  (ENABLE_NOT_D_AND_NOT_R_AND_NOT_SE_AND_SI == 1'b1), 1.0000000000000000, 
  0.50000000000000000, NOTIFIER, , , dSN, dCKN);


Warning-[DDTC] Duplicate Timing Check is disabled
/home/daniel_kuo/CBDK_TSMC40_Arm_f2.0/CIC/Verilog/sc9_cln40g_base_rvt_neg.v, 85870
  The below duplicate timing check will be disabled:
  $recrem(posedge SN, negedge CKN &&& 
  (ENABLE_NOT_D_AND_NOT_R_AND_SE_AND_NOT_SI == 1'b1), 1.0000000000000000, 
  0.50000000000000000, NOTIFIER, , , dSN, dCKN);


Warning-[DDTC] Duplicate Timing Check is disabled
/home/daniel_kuo/CBDK_TSMC40_Arm_f2.0/CIC/Verilog/sc9_cln40g_base_rvt_neg.v, 85871
  The below duplicate timing check will be disabled:
  $recrem(posedge SN, negedge CKN &&& (ENABLE_D_AND_NOT_R_AND_SE_AND_NOT_SI ==
  1'b1), 1.0000000000000000, 0.50000000000000000, NOTIFIER, , , dSN, dCKN);


Warning-[DDTC] Duplicate Timing Check is disabled
/home/daniel_kuo/CBDK_TSMC40_Arm_f2.0/CIC/Verilog/sc9_cln40g_base_rvt_neg.v, 86203
  The below duplicate timing check will be disabled:
  $recrem(negedge R, negedge CKN &&& (ENABLE_NOT_D_AND_SE_AND_SI_AND_SN == 
  1'b1), 1.0000000000000000, 0.50000000000000000, NOTIFIER, , , dR, dCKN);


Warning-[DDTC] Duplicate Timing Check is disabled
/home/daniel_kuo/CBDK_TSMC40_Arm_f2.0/CIC/Verilog/sc9_cln40g_base_rvt_neg.v, 86204
  The below duplicate timing check will be disabled:
  $recrem(negedge R, negedge CKN &&& (ENABLE_D_AND_NOT_SE_AND_NOT_SI_AND_SN ==
  1'b1), 1.0000000000000000, 0.50000000000000000, NOTIFIER, , , dR, dCKN);


Warning-[DDTC] Duplicate Timing Check is disabled
/home/daniel_kuo/CBDK_TSMC40_Arm_f2.0/CIC/Verilog/sc9_cln40g_base_rvt_neg.v, 86205
  The below duplicate timing check will be disabled:
  $recrem(negedge R, negedge CKN &&& (ENABLE_D_AND_NOT_SE_AND_SI_AND_SN == 
  1'b1), 1.0000000000000000, 0.50000000000000000, NOTIFIER, , , dR, dCKN);


Warning-[DDTC] Duplicate Timing Check is disabled
/home/daniel_kuo/CBDK_TSMC40_Arm_f2.0/CIC/Verilog/sc9_cln40g_base_rvt_neg.v, 86206
  The below duplicate timing check will be disabled:
  $recrem(negedge R, negedge CKN &&& (ENABLE_D_AND_SE_AND_SI_AND_SN == 1'b1), 
  1.0000000000000000, 0.50000000000000000, NOTIFIER, , , dR, dCKN);


Warning-[DDTC] Duplicate Timing Check is disabled
/home/daniel_kuo/CBDK_TSMC40_Arm_f2.0/CIC/Verilog/sc9_cln40g_base_rvt_neg.v, 86231
  The below duplicate timing check will be disabled:
  $recrem(posedge SN, negedge CKN &&& 
  (ENABLE_NOT_D_AND_NOT_R_AND_NOT_SE_AND_NOT_SI == 1'b1), 1.0000000000000000, 
  0.50000000000000000, NOTIFIER, , , dSN, dCKN);


Warning-[DDTC] Duplicate Timing Check is disabled
/home/daniel_kuo/CBDK_TSMC40_Arm_f2.0/CIC/Verilog/sc9_cln40g_base_rvt_neg.v, 86232
  The below duplicate timing check will be disabled:
  $recrem(posedge SN, negedge CKN &&& 
  (ENABLE_NOT_D_AND_NOT_R_AND_NOT_SE_AND_SI == 1'b1), 1.0000000000000000, 
  0.50000000000000000, NOTIFIER, , , dSN, dCKN);


Warning-[DDTC] Duplicate Timing Check is disabled
/home/daniel_kuo/CBDK_TSMC40_Arm_f2.0/CIC/Verilog/sc9_cln40g_base_rvt_neg.v, 86233
  The below duplicate timing check will be disabled:
  $recrem(posedge SN, negedge CKN &&& 
  (ENABLE_NOT_D_AND_NOT_R_AND_SE_AND_NOT_SI == 1'b1), 1.0000000000000000, 
  0.50000000000000000, NOTIFIER, , , dSN, dCKN);


Warning-[DDTC] Duplicate Timing Check is disabled
/home/daniel_kuo/CBDK_TSMC40_Arm_f2.0/CIC/Verilog/sc9_cln40g_base_rvt_neg.v, 86234
  The below duplicate timing check will be disabled:
  $recrem(posedge SN, negedge CKN &&& (ENABLE_D_AND_NOT_R_AND_SE_AND_NOT_SI ==
  1'b1), 1.0000000000000000, 0.50000000000000000, NOTIFIER, , , dSN, dCKN);


Warning-[DDTC] Duplicate Timing Check is disabled
/home/daniel_kuo/CBDK_TSMC40_Arm_f2.0/CIC/Verilog/sc9_cln40g_base_rvt_neg.v, 86566
  The below duplicate timing check will be disabled:
  $recrem(negedge R, negedge CKN &&& (ENABLE_NOT_D_AND_SE_AND_SI_AND_SN == 
  1'b1), 1.0000000000000000, 0.50000000000000000, NOTIFIER, , , dR, dCKN);


Warning-[DDTC] Duplicate Timing Check is disabled
/home/daniel_kuo/CBDK_TSMC40_Arm_f2.0/CIC/Verilog/sc9_cln40g_base_rvt_neg.v, 86567
  The below duplicate timing check will be disabled:
  $recrem(negedge R, negedge CKN &&& (ENABLE_D_AND_NOT_SE_AND_NOT_SI_AND_SN ==
  1'b1), 1.0000000000000000, 0.50000000000000000, NOTIFIER, , , dR, dCKN);


Warning-[DDTC] Duplicate Timing Check is disabled
/home/daniel_kuo/CBDK_TSMC40_Arm_f2.0/CIC/Verilog/sc9_cln40g_base_rvt_neg.v, 86568
  The below duplicate timing check will be disabled:
  $recrem(negedge R, negedge CKN &&& (ENABLE_D_AND_NOT_SE_AND_SI_AND_SN == 
  1'b1), 1.0000000000000000, 0.50000000000000000, NOTIFIER, , , dR, dCKN);


Warning-[DDTC] Duplicate Timing Check is disabled
/home/daniel_kuo/CBDK_TSMC40_Arm_f2.0/CIC/Verilog/sc9_cln40g_base_rvt_neg.v, 86569
  The below duplicate timing check will be disabled:
  $recrem(negedge R, negedge CKN &&& (ENABLE_D_AND_SE_AND_SI_AND_SN == 1'b1), 
  1.0000000000000000, 0.50000000000000000, NOTIFIER, , , dR, dCKN);


Warning-[DDTC] Duplicate Timing Check is disabled
/home/daniel_kuo/CBDK_TSMC40_Arm_f2.0/CIC/Verilog/sc9_cln40g_base_rvt_neg.v, 86594
  The below duplicate timing check will be disabled:
  $recrem(posedge SN, negedge CKN &&& 
  (ENABLE_NOT_D_AND_NOT_R_AND_NOT_SE_AND_NOT_SI == 1'b1), 1.0000000000000000, 
  0.50000000000000000, NOTIFIER, , , dSN, dCKN);


Warning-[DDTC] Duplicate Timing Check is disabled
/home/daniel_kuo/CBDK_TSMC40_Arm_f2.0/CIC/Verilog/sc9_cln40g_base_rvt_neg.v, 86595
  The below duplicate timing check will be disabled:
  $recrem(posedge SN, negedge CKN &&& 
  (ENABLE_NOT_D_AND_NOT_R_AND_NOT_SE_AND_SI == 1'b1), 1.0000000000000000, 
  0.50000000000000000, NOTIFIER, , , dSN, dCKN);


Warning-[DDTC] Duplicate Timing Check is disabled
/home/daniel_kuo/CBDK_TSMC40_Arm_f2.0/CIC/Verilog/sc9_cln40g_base_rvt_neg.v, 86596
  The below duplicate timing check will be disabled:
  $recrem(posedge SN, negedge CKN &&& 
  (ENABLE_NOT_D_AND_NOT_R_AND_SE_AND_NOT_SI == 1'b1), 1.0000000000000000, 
  0.50000000000000000, NOTIFIER, , , dSN, dCKN);


Warning-[DDTC] Duplicate Timing Check is disabled
/home/daniel_kuo/CBDK_TSMC40_Arm_f2.0/CIC/Verilog/sc9_cln40g_base_rvt_neg.v, 86597
  The below duplicate timing check will be disabled:
  $recrem(posedge SN, negedge CKN &&& (ENABLE_D_AND_NOT_R_AND_SE_AND_NOT_SI ==
  1'b1), 1.0000000000000000, 0.50000000000000000, NOTIFIER, , , dSN, dCKN);


Warning-[DDTC] Duplicate Timing Check is disabled
/home/daniel_kuo/CBDK_TSMC40_Arm_f2.0/CIC/Verilog/sc9_cln40g_base_lvt_neg.v, 58984
  The below duplicate timing check will be disabled:
  $recrem(negedge R, negedge CKN &&& (ENABLE_D_AND_SN == 1'b1), 
  1.0000000000000000, 0.50000000000000000, NOTIFIER, , , dR, dCKN);


Warning-[DDTC] Duplicate Timing Check is disabled
/home/daniel_kuo/CBDK_TSMC40_Arm_f2.0/CIC/Verilog/sc9_cln40g_base_lvt_neg.v, 58989
  The below duplicate timing check will be disabled:
  $recrem(posedge SN, negedge CKN &&& (ENABLE_NOT_D_AND_NOT_R == 1'b1), 
  1.0000000000000000, 0.50000000000000000, NOTIFIER, , , dSN, dCKN);


Warning-[DDTC] Duplicate Timing Check is disabled
/home/daniel_kuo/CBDK_TSMC40_Arm_f2.0/CIC/Verilog/sc9_cln40g_base_lvt_neg.v, 59089
  The below duplicate timing check will be disabled:
  $recrem(negedge R, negedge CKN &&& (ENABLE_D_AND_SN == 1'b1), 
  1.0000000000000000, 0.50000000000000000, NOTIFIER, , , dR, dCKN);


Warning-[DDTC] Duplicate Timing Check is disabled
/home/daniel_kuo/CBDK_TSMC40_Arm_f2.0/CIC/Verilog/sc9_cln40g_base_lvt_neg.v, 59094
  The below duplicate timing check will be disabled:
  $recrem(posedge SN, negedge CKN &&& (ENABLE_NOT_D_AND_NOT_R == 1'b1), 
  1.0000000000000000, 0.50000000000000000, NOTIFIER, , , dSN, dCKN);


Warning-[DDTC] Duplicate Timing Check is disabled
/home/daniel_kuo/CBDK_TSMC40_Arm_f2.0/CIC/Verilog/sc9_cln40g_base_lvt_neg.v, 59194
  The below duplicate timing check will be disabled:
  $recrem(negedge R, negedge CKN &&& (ENABLE_D_AND_SN == 1'b1), 
  1.0000000000000000, 0.50000000000000000, NOTIFIER, , , dR, dCKN);


Warning-[DDTC] Duplicate Timing Check is disabled
/home/daniel_kuo/CBDK_TSMC40_Arm_f2.0/CIC/Verilog/sc9_cln40g_base_lvt_neg.v, 59199
  The below duplicate timing check will be disabled:
  $recrem(posedge SN, negedge CKN &&& (ENABLE_NOT_D_AND_NOT_R == 1'b1), 
  1.0000000000000000, 0.50000000000000000, NOTIFIER, , , dSN, dCKN);


Warning-[DDTC] Duplicate Timing Check is disabled
/home/daniel_kuo/CBDK_TSMC40_Arm_f2.0/CIC/Verilog/sc9_cln40g_base_lvt_neg.v, 65129
  The below duplicate timing check will be disabled:
  $recrem(negedge R, negedge G &&& (ENABLE_D == 1'b1), 1.0000000000000000, 
  0.50000000000000000, NOTIFIER, , , dR, dG);


Warning-[DDTC] Duplicate Timing Check is disabled
/home/daniel_kuo/CBDK_TSMC40_Arm_f2.0/CIC/Verilog/sc9_cln40g_base_lvt_neg.v, 65181
  The below duplicate timing check will be disabled:
  $recrem(negedge R, negedge G &&& (ENABLE_D == 1'b1), 1.0000000000000000, 
  0.50000000000000000, NOTIFIER, , , dR, dG);


Warning-[DDTC] Duplicate Timing Check is disabled
/home/daniel_kuo/CBDK_TSMC40_Arm_f2.0/CIC/Verilog/sc9_cln40g_base_lvt_neg.v, 65233
  The below duplicate timing check will be disabled:
  $recrem(negedge R, negedge G &&& (ENABLE_D == 1'b1), 1.0000000000000000, 
  0.50000000000000000, NOTIFIER, , , dR, dG);


Warning-[DDTC] Duplicate Timing Check is disabled
/home/daniel_kuo/CBDK_TSMC40_Arm_f2.0/CIC/Verilog/sc9_cln40g_base_lvt_neg.v, 65285
  The below duplicate timing check will be disabled:
  $recrem(negedge R, negedge G &&& (ENABLE_D == 1'b1), 1.0000000000000000, 
  0.50000000000000000, NOTIFIER, , , dR, dG);


Warning-[DDTC] Duplicate Timing Check is disabled
/home/daniel_kuo/CBDK_TSMC40_Arm_f2.0/CIC/Verilog/sc9_cln40g_base_lvt_neg.v, 65337
  The below duplicate timing check will be disabled:
  $recrem(negedge R, negedge G &&& (ENABLE_D == 1'b1), 1.0000000000000000, 
  0.50000000000000000, NOTIFIER, , , dR, dG);


Warning-[DDTC] Duplicate Timing Check is disabled
/home/daniel_kuo/CBDK_TSMC40_Arm_f2.0/CIC/Verilog/sc9_cln40g_base_lvt_neg.v, 65389
  The below duplicate timing check will be disabled:
  $recrem(posedge RN, negedge G &&& (ENABLE_D == 1'b1), 1.0000000000000000, 
  0.50000000000000000, NOTIFIER, , , dRN, dG);


Warning-[DDTC] Duplicate Timing Check is disabled
/home/daniel_kuo/CBDK_TSMC40_Arm_f2.0/CIC/Verilog/sc9_cln40g_base_lvt_neg.v, 65441
  The below duplicate timing check will be disabled:
  $recrem(posedge RN, negedge G &&& (ENABLE_D == 1'b1), 1.0000000000000000, 
  0.50000000000000000, NOTIFIER, , , dRN, dG);


Warning-[DDTC] Duplicate Timing Check is disabled
/home/daniel_kuo/CBDK_TSMC40_Arm_f2.0/CIC/Verilog/sc9_cln40g_base_lvt_neg.v, 65493
  The below duplicate timing check will be disabled:
  $recrem(posedge RN, negedge G &&& (ENABLE_D == 1'b1), 1.0000000000000000, 
  0.50000000000000000, NOTIFIER, , , dRN, dG);


Warning-[DDTC] Duplicate Timing Check is disabled
/home/daniel_kuo/CBDK_TSMC40_Arm_f2.0/CIC/Verilog/sc9_cln40g_base_lvt_neg.v, 65545
  The below duplicate timing check will be disabled:
  $recrem(posedge RN, negedge G &&& (ENABLE_D == 1'b1), 1.0000000000000000, 
  0.50000000000000000, NOTIFIER, , , dRN, dG);


Warning-[DDTC] Duplicate Timing Check is disabled
/home/daniel_kuo/CBDK_TSMC40_Arm_f2.0/CIC/Verilog/sc9_cln40g_base_lvt_neg.v, 65597
  The below duplicate timing check will be disabled:
  $recrem(negedge S, negedge G &&& (ENABLE_NOT_D == 1'b1), 1.0000000000000000,
  0.50000000000000000, NOTIFIER, , , dS, dG);


Warning-[DDTC] Duplicate Timing Check is disabled
/home/daniel_kuo/CBDK_TSMC40_Arm_f2.0/CIC/Verilog/sc9_cln40g_base_lvt_neg.v, 65649
  The below duplicate timing check will be disabled:
  $recrem(negedge S, negedge G &&& (ENABLE_NOT_D == 1'b1), 1.0000000000000000,
  0.50000000000000000, NOTIFIER, , , dS, dG);


Warning-[DDTC] Duplicate Timing Check is disabled
/home/daniel_kuo/CBDK_TSMC40_Arm_f2.0/CIC/Verilog/sc9_cln40g_base_lvt_neg.v, 65701
  The below duplicate timing check will be disabled:
  $recrem(negedge S, negedge G &&& (ENABLE_NOT_D == 1'b1), 1.0000000000000000,
  0.50000000000000000, NOTIFIER, , , dS, dG);


Warning-[DDTC] Duplicate Timing Check is disabled
/home/daniel_kuo/CBDK_TSMC40_Arm_f2.0/CIC/Verilog/sc9_cln40g_base_lvt_neg.v, 65753
  The below duplicate timing check will be disabled:
  $recrem(negedge S, negedge G &&& (ENABLE_NOT_D == 1'b1), 1.0000000000000000,
  0.50000000000000000, NOTIFIER, , , dS, dG);


Warning-[DDTC] Duplicate Timing Check is disabled
/home/daniel_kuo/CBDK_TSMC40_Arm_f2.0/CIC/Verilog/sc9_cln40g_base_lvt_neg.v, 65805
  The below duplicate timing check will be disabled:
  $recrem(posedge SN, negedge G &&& (ENABLE_NOT_D == 1'b1), 
  1.0000000000000000, 0.50000000000000000, NOTIFIER, , , dSN, dG);


Warning-[DDTC] Duplicate Timing Check is disabled
/home/daniel_kuo/CBDK_TSMC40_Arm_f2.0/CIC/Verilog/sc9_cln40g_base_lvt_neg.v, 65857
  The below duplicate timing check will be disabled:
  $recrem(posedge SN, negedge G &&& (ENABLE_NOT_D == 1'b1), 
  1.0000000000000000, 0.50000000000000000, NOTIFIER, , , dSN, dG);


Warning-[DDTC] Duplicate Timing Check is disabled
/home/daniel_kuo/CBDK_TSMC40_Arm_f2.0/CIC/Verilog/sc9_cln40g_base_lvt_neg.v, 65909
  The below duplicate timing check will be disabled:
  $recrem(posedge SN, negedge G &&& (ENABLE_NOT_D == 1'b1), 
  1.0000000000000000, 0.50000000000000000, NOTIFIER, , , dSN, dG);


Warning-[DDTC] Duplicate Timing Check is disabled
/home/daniel_kuo/CBDK_TSMC40_Arm_f2.0/CIC/Verilog/sc9_cln40g_base_lvt_neg.v, 65961
  The below duplicate timing check will be disabled:
  $recrem(posedge SN, negedge G &&& (ENABLE_NOT_D == 1'b1), 
  1.0000000000000000, 0.50000000000000000, NOTIFIER, , , dSN, dG);


Warning-[DDTC] Duplicate Timing Check is disabled
/home/daniel_kuo/CBDK_TSMC40_Arm_f2.0/CIC/Verilog/sc9_cln40g_base_lvt_neg.v, 66013
  The below duplicate timing check will be disabled:
  $recrem(posedge SN, negedge G &&& (ENABLE_NOT_D == 1'b1), 
  1.0000000000000000, 0.50000000000000000, NOTIFIER, , , dSN, dG);


Warning-[DDTC] Duplicate Timing Check is disabled
/home/daniel_kuo/CBDK_TSMC40_Arm_f2.0/CIC/Verilog/sc9_cln40g_base_lvt_neg.v, 84637
  The below duplicate timing check will be disabled:
  $recrem(negedge R, negedge CKN &&& (ENABLE_NOT_D_AND_SE_AND_SI == 1'b1), 
  1.0000000000000000, 0.50000000000000000, NOTIFIER, , , dR, dCKN);


Warning-[DDTC] Duplicate Timing Check is disabled
/home/daniel_kuo/CBDK_TSMC40_Arm_f2.0/CIC/Verilog/sc9_cln40g_base_lvt_neg.v, 84638
  The below duplicate timing check will be disabled:
  $recrem(negedge R, negedge CKN &&& (ENABLE_D_AND_NOT_SE_AND_NOT_SI == 1'b1),
  1.0000000000000000, 0.50000000000000000, NOTIFIER, , , dR, dCKN);


Warning-[DDTC] Duplicate Timing Check is disabled
/home/daniel_kuo/CBDK_TSMC40_Arm_f2.0/CIC/Verilog/sc9_cln40g_base_lvt_neg.v, 84639
  The below duplicate timing check will be disabled:
  $recrem(negedge R, negedge CKN &&& (ENABLE_D_AND_NOT_SE_AND_SI == 1'b1), 
  1.0000000000000000, 0.50000000000000000, NOTIFIER, , , dR, dCKN);


Warning-[DDTC] Duplicate Timing Check is disabled
/home/daniel_kuo/CBDK_TSMC40_Arm_f2.0/CIC/Verilog/sc9_cln40g_base_lvt_neg.v, 84640
  The below duplicate timing check will be disabled:
  $recrem(negedge R, negedge CKN &&& (ENABLE_D_AND_SE_AND_SI == 1'b1), 
  1.0000000000000000, 0.50000000000000000, NOTIFIER, , , dR, dCKN);


Warning-[DDTC] Duplicate Timing Check is disabled
/home/daniel_kuo/CBDK_TSMC40_Arm_f2.0/CIC/Verilog/sc9_cln40g_base_lvt_neg.v, 84825
  The below duplicate timing check will be disabled:
  $recrem(negedge R, negedge CKN &&& (ENABLE_NOT_D_AND_SE_AND_SI == 1'b1), 
  1.0000000000000000, 0.50000000000000000, NOTIFIER, , , dR, dCKN);


Warning-[DDTC] Duplicate Timing Check is disabled
/home/daniel_kuo/CBDK_TSMC40_Arm_f2.0/CIC/Verilog/sc9_cln40g_base_lvt_neg.v, 84826
  The below duplicate timing check will be disabled:
  $recrem(negedge R, negedge CKN &&& (ENABLE_D_AND_NOT_SE_AND_NOT_SI == 1'b1),
  1.0000000000000000, 0.50000000000000000, NOTIFIER, , , dR, dCKN);


Warning-[DDTC] Duplicate Timing Check is disabled
/home/daniel_kuo/CBDK_TSMC40_Arm_f2.0/CIC/Verilog/sc9_cln40g_base_lvt_neg.v, 84827
  The below duplicate timing check will be disabled:
  $recrem(negedge R, negedge CKN &&& (ENABLE_D_AND_NOT_SE_AND_SI == 1'b1), 
  1.0000000000000000, 0.50000000000000000, NOTIFIER, , , dR, dCKN);


Warning-[DDTC] Duplicate Timing Check is disabled
/home/daniel_kuo/CBDK_TSMC40_Arm_f2.0/CIC/Verilog/sc9_cln40g_base_lvt_neg.v, 84828
  The below duplicate timing check will be disabled:
  $recrem(negedge R, negedge CKN &&& (ENABLE_D_AND_SE_AND_SI == 1'b1), 
  1.0000000000000000, 0.50000000000000000, NOTIFIER, , , dR, dCKN);


Warning-[DDTC] Duplicate Timing Check is disabled
/home/daniel_kuo/CBDK_TSMC40_Arm_f2.0/CIC/Verilog/sc9_cln40g_base_lvt_neg.v, 85013
  The below duplicate timing check will be disabled:
  $recrem(negedge R, negedge CKN &&& (ENABLE_NOT_D_AND_SE_AND_SI == 1'b1), 
  1.0000000000000000, 0.50000000000000000, NOTIFIER, , , dR, dCKN);


Warning-[DDTC] Duplicate Timing Check is disabled
/home/daniel_kuo/CBDK_TSMC40_Arm_f2.0/CIC/Verilog/sc9_cln40g_base_lvt_neg.v, 85014
  The below duplicate timing check will be disabled:
  $recrem(negedge R, negedge CKN &&& (ENABLE_D_AND_NOT_SE_AND_NOT_SI == 1'b1),
  1.0000000000000000, 0.50000000000000000, NOTIFIER, , , dR, dCKN);


Warning-[DDTC] Duplicate Timing Check is disabled
/home/daniel_kuo/CBDK_TSMC40_Arm_f2.0/CIC/Verilog/sc9_cln40g_base_lvt_neg.v, 85015
  The below duplicate timing check will be disabled:
  $recrem(negedge R, negedge CKN &&& (ENABLE_D_AND_NOT_SE_AND_SI == 1'b1), 
  1.0000000000000000, 0.50000000000000000, NOTIFIER, , , dR, dCKN);


Warning-[DDTC] Duplicate Timing Check is disabled
/home/daniel_kuo/CBDK_TSMC40_Arm_f2.0/CIC/Verilog/sc9_cln40g_base_lvt_neg.v, 85016
  The below duplicate timing check will be disabled:
  $recrem(negedge R, negedge CKN &&& (ENABLE_D_AND_SE_AND_SI == 1'b1), 
  1.0000000000000000, 0.50000000000000000, NOTIFIER, , , dR, dCKN);


Warning-[DDTC] Duplicate Timing Check is disabled
/home/daniel_kuo/CBDK_TSMC40_Arm_f2.0/CIC/Verilog/sc9_cln40g_base_lvt_neg.v, 85209
  The below duplicate timing check will be disabled:
  $recrem(posedge SN, negedge CKN &&& (ENABLE_NOT_D_AND_NOT_SE_AND_NOT_SI == 
  1'b1), 1.0000000000000000, 0.50000000000000000, NOTIFIER, , , dSN, dCKN);


Warning-[DDTC] Duplicate Timing Check is disabled
/home/daniel_kuo/CBDK_TSMC40_Arm_f2.0/CIC/Verilog/sc9_cln40g_base_lvt_neg.v, 85210
  The below duplicate timing check will be disabled:
  $recrem(posedge SN, negedge CKN &&& (ENABLE_NOT_D_AND_NOT_SE_AND_SI == 
  1'b1), 1.0000000000000000, 0.50000000000000000, NOTIFIER, , , dSN, dCKN);


Warning-[DDTC] Duplicate Timing Check is disabled
/home/daniel_kuo/CBDK_TSMC40_Arm_f2.0/CIC/Verilog/sc9_cln40g_base_lvt_neg.v, 85211
  The below duplicate timing check will be disabled:
  $recrem(posedge SN, negedge CKN &&& (ENABLE_NOT_D_AND_SE_AND_NOT_SI == 
  1'b1), 1.0000000000000000, 0.50000000000000000, NOTIFIER, , , dSN, dCKN);


Warning-[DDTC] Duplicate Timing Check is disabled
/home/daniel_kuo/CBDK_TSMC40_Arm_f2.0/CIC/Verilog/sc9_cln40g_base_lvt_neg.v, 85212
  The below duplicate timing check will be disabled:
  $recrem(posedge SN, negedge CKN &&& (ENABLE_D_AND_SE_AND_NOT_SI == 1'b1), 
  1.0000000000000000, 0.50000000000000000, NOTIFIER, , , dSN, dCKN);


Warning-[DDTC] Duplicate Timing Check is disabled
/home/daniel_kuo/CBDK_TSMC40_Arm_f2.0/CIC/Verilog/sc9_cln40g_base_lvt_neg.v, 85397
  The below duplicate timing check will be disabled:
  $recrem(posedge SN, negedge CKN &&& (ENABLE_NOT_D_AND_NOT_SE_AND_NOT_SI == 
  1'b1), 1.0000000000000000, 0.50000000000000000, NOTIFIER, , , dSN, dCKN);


Warning-[DDTC] Duplicate Timing Check is disabled
/home/daniel_kuo/CBDK_TSMC40_Arm_f2.0/CIC/Verilog/sc9_cln40g_base_lvt_neg.v, 85398
  The below duplicate timing check will be disabled:
  $recrem(posedge SN, negedge CKN &&& (ENABLE_NOT_D_AND_NOT_SE_AND_SI == 
  1'b1), 1.0000000000000000, 0.50000000000000000, NOTIFIER, , , dSN, dCKN);


Warning-[DDTC] Duplicate Timing Check is disabled
/home/daniel_kuo/CBDK_TSMC40_Arm_f2.0/CIC/Verilog/sc9_cln40g_base_lvt_neg.v, 85399
  The below duplicate timing check will be disabled:
  $recrem(posedge SN, negedge CKN &&& (ENABLE_NOT_D_AND_SE_AND_NOT_SI == 
  1'b1), 1.0000000000000000, 0.50000000000000000, NOTIFIER, , , dSN, dCKN);


Warning-[DDTC] Duplicate Timing Check is disabled
/home/daniel_kuo/CBDK_TSMC40_Arm_f2.0/CIC/Verilog/sc9_cln40g_base_lvt_neg.v, 85400
  The below duplicate timing check will be disabled:
  $recrem(posedge SN, negedge CKN &&& (ENABLE_D_AND_SE_AND_NOT_SI == 1'b1), 
  1.0000000000000000, 0.50000000000000000, NOTIFIER, , , dSN, dCKN);


Warning-[DDTC] Duplicate Timing Check is disabled
/home/daniel_kuo/CBDK_TSMC40_Arm_f2.0/CIC/Verilog/sc9_cln40g_base_lvt_neg.v, 85585
  The below duplicate timing check will be disabled:
  $recrem(posedge SN, negedge CKN &&& (ENABLE_NOT_D_AND_NOT_SE_AND_NOT_SI == 
  1'b1), 1.0000000000000000, 0.50000000000000000, NOTIFIER, , , dSN, dCKN);


Warning-[DDTC] Duplicate Timing Check is disabled
/home/daniel_kuo/CBDK_TSMC40_Arm_f2.0/CIC/Verilog/sc9_cln40g_base_lvt_neg.v, 85586
  The below duplicate timing check will be disabled:
  $recrem(posedge SN, negedge CKN &&& (ENABLE_NOT_D_AND_NOT_SE_AND_SI == 
  1'b1), 1.0000000000000000, 0.50000000000000000, NOTIFIER, , , dSN, dCKN);


Warning-[DDTC] Duplicate Timing Check is disabled
/home/daniel_kuo/CBDK_TSMC40_Arm_f2.0/CIC/Verilog/sc9_cln40g_base_lvt_neg.v, 85587
  The below duplicate timing check will be disabled:
  $recrem(posedge SN, negedge CKN &&& (ENABLE_NOT_D_AND_SE_AND_NOT_SI == 
  1'b1), 1.0000000000000000, 0.50000000000000000, NOTIFIER, , , dSN, dCKN);


Warning-[DDTC] Duplicate Timing Check is disabled
/home/daniel_kuo/CBDK_TSMC40_Arm_f2.0/CIC/Verilog/sc9_cln40g_base_lvt_neg.v, 85588
  The below duplicate timing check will be disabled:
  $recrem(posedge SN, negedge CKN &&& (ENABLE_D_AND_SE_AND_NOT_SI == 1'b1), 
  1.0000000000000000, 0.50000000000000000, NOTIFIER, , , dSN, dCKN);


Warning-[DDTC] Duplicate Timing Check is disabled
/home/daniel_kuo/CBDK_TSMC40_Arm_f2.0/CIC/Verilog/sc9_cln40g_base_lvt_neg.v, 85840
  The below duplicate timing check will be disabled:
  $recrem(negedge R, negedge CKN &&& (ENABLE_NOT_D_AND_SE_AND_SI_AND_SN == 
  1'b1), 1.0000000000000000, 0.50000000000000000, NOTIFIER, , , dR, dCKN);


Warning-[DDTC] Duplicate Timing Check is disabled
/home/daniel_kuo/CBDK_TSMC40_Arm_f2.0/CIC/Verilog/sc9_cln40g_base_lvt_neg.v, 85841
  The below duplicate timing check will be disabled:
  $recrem(negedge R, negedge CKN &&& (ENABLE_D_AND_NOT_SE_AND_NOT_SI_AND_SN ==
  1'b1), 1.0000000000000000, 0.50000000000000000, NOTIFIER, , , dR, dCKN);


Warning-[DDTC] Duplicate Timing Check is disabled
/home/daniel_kuo/CBDK_TSMC40_Arm_f2.0/CIC/Verilog/sc9_cln40g_base_lvt_neg.v, 85842
  The below duplicate timing check will be disabled:
  $recrem(negedge R, negedge CKN &&& (ENABLE_D_AND_NOT_SE_AND_SI_AND_SN == 
  1'b1), 1.0000000000000000, 0.50000000000000000, NOTIFIER, , , dR, dCKN);


Warning-[DDTC] Duplicate Timing Check is disabled
/home/daniel_kuo/CBDK_TSMC40_Arm_f2.0/CIC/Verilog/sc9_cln40g_base_lvt_neg.v, 85843
  The below duplicate timing check will be disabled:
  $recrem(negedge R, negedge CKN &&& (ENABLE_D_AND_SE_AND_SI_AND_SN == 1'b1), 
  1.0000000000000000, 0.50000000000000000, NOTIFIER, , , dR, dCKN);


Warning-[DDTC] Duplicate Timing Check is disabled
/home/daniel_kuo/CBDK_TSMC40_Arm_f2.0/CIC/Verilog/sc9_cln40g_base_lvt_neg.v, 85868
  The below duplicate timing check will be disabled:
  $recrem(posedge SN, negedge CKN &&& 
  (ENABLE_NOT_D_AND_NOT_R_AND_NOT_SE_AND_NOT_SI == 1'b1), 1.0000000000000000, 
  0.50000000000000000, NOTIFIER, , , dSN, dCKN);


Warning-[DDTC] Duplicate Timing Check is disabled
/home/daniel_kuo/CBDK_TSMC40_Arm_f2.0/CIC/Verilog/sc9_cln40g_base_lvt_neg.v, 85869
  The below duplicate timing check will be disabled:
  $recrem(posedge SN, negedge CKN &&& 
  (ENABLE_NOT_D_AND_NOT_R_AND_NOT_SE_AND_SI == 1'b1), 1.0000000000000000, 
  0.50000000000000000, NOTIFIER, , , dSN, dCKN);


Warning-[DDTC] Duplicate Timing Check is disabled
/home/daniel_kuo/CBDK_TSMC40_Arm_f2.0/CIC/Verilog/sc9_cln40g_base_lvt_neg.v, 85870
  The below duplicate timing check will be disabled:
  $recrem(posedge SN, negedge CKN &&& 
  (ENABLE_NOT_D_AND_NOT_R_AND_SE_AND_NOT_SI == 1'b1), 1.0000000000000000, 
  0.50000000000000000, NOTIFIER, , , dSN, dCKN);


Warning-[DDTC] Duplicate Timing Check is disabled
/home/daniel_kuo/CBDK_TSMC40_Arm_f2.0/CIC/Verilog/sc9_cln40g_base_lvt_neg.v, 85871
  The below duplicate timing check will be disabled:
  $recrem(posedge SN, negedge CKN &&& (ENABLE_D_AND_NOT_R_AND_SE_AND_NOT_SI ==
  1'b1), 1.0000000000000000, 0.50000000000000000, NOTIFIER, , , dSN, dCKN);


Warning-[DDTC] Duplicate Timing Check is disabled
/home/daniel_kuo/CBDK_TSMC40_Arm_f2.0/CIC/Verilog/sc9_cln40g_base_lvt_neg.v, 86203
  The below duplicate timing check will be disabled:
  $recrem(negedge R, negedge CKN &&& (ENABLE_NOT_D_AND_SE_AND_SI_AND_SN == 
  1'b1), 1.0000000000000000, 0.50000000000000000, NOTIFIER, , , dR, dCKN);


Warning-[DDTC] Duplicate Timing Check is disabled
/home/daniel_kuo/CBDK_TSMC40_Arm_f2.0/CIC/Verilog/sc9_cln40g_base_lvt_neg.v, 86204
  The below duplicate timing check will be disabled:
  $recrem(negedge R, negedge CKN &&& (ENABLE_D_AND_NOT_SE_AND_NOT_SI_AND_SN ==
  1'b1), 1.0000000000000000, 0.50000000000000000, NOTIFIER, , , dR, dCKN);


Warning-[DDTC] Duplicate Timing Check is disabled
/home/daniel_kuo/CBDK_TSMC40_Arm_f2.0/CIC/Verilog/sc9_cln40g_base_lvt_neg.v, 86205
  The below duplicate timing check will be disabled:
  $recrem(negedge R, negedge CKN &&& (ENABLE_D_AND_NOT_SE_AND_SI_AND_SN == 
  1'b1), 1.0000000000000000, 0.50000000000000000, NOTIFIER, , , dR, dCKN);


Warning-[DDTC] Duplicate Timing Check is disabled
/home/daniel_kuo/CBDK_TSMC40_Arm_f2.0/CIC/Verilog/sc9_cln40g_base_lvt_neg.v, 86206
  The below duplicate timing check will be disabled:
  $recrem(negedge R, negedge CKN &&& (ENABLE_D_AND_SE_AND_SI_AND_SN == 1'b1), 
  1.0000000000000000, 0.50000000000000000, NOTIFIER, , , dR, dCKN);


Warning-[DDTC] Duplicate Timing Check is disabled
/home/daniel_kuo/CBDK_TSMC40_Arm_f2.0/CIC/Verilog/sc9_cln40g_base_lvt_neg.v, 86231
  The below duplicate timing check will be disabled:
  $recrem(posedge SN, negedge CKN &&& 
  (ENABLE_NOT_D_AND_NOT_R_AND_NOT_SE_AND_NOT_SI == 1'b1), 1.0000000000000000, 
  0.50000000000000000, NOTIFIER, , , dSN, dCKN);


Warning-[DDTC] Duplicate Timing Check is disabled
/home/daniel_kuo/CBDK_TSMC40_Arm_f2.0/CIC/Verilog/sc9_cln40g_base_lvt_neg.v, 86232
  The below duplicate timing check will be disabled:
  $recrem(posedge SN, negedge CKN &&& 
  (ENABLE_NOT_D_AND_NOT_R_AND_NOT_SE_AND_SI == 1'b1), 1.0000000000000000, 
  0.50000000000000000, NOTIFIER, , , dSN, dCKN);


Warning-[DDTC] Duplicate Timing Check is disabled
/home/daniel_kuo/CBDK_TSMC40_Arm_f2.0/CIC/Verilog/sc9_cln40g_base_lvt_neg.v, 86233
  The below duplicate timing check will be disabled:
  $recrem(posedge SN, negedge CKN &&& 
  (ENABLE_NOT_D_AND_NOT_R_AND_SE_AND_NOT_SI == 1'b1), 1.0000000000000000, 
  0.50000000000000000, NOTIFIER, , , dSN, dCKN);


Warning-[DDTC] Duplicate Timing Check is disabled
/home/daniel_kuo/CBDK_TSMC40_Arm_f2.0/CIC/Verilog/sc9_cln40g_base_lvt_neg.v, 86234
  The below duplicate timing check will be disabled:
  $recrem(posedge SN, negedge CKN &&& (ENABLE_D_AND_NOT_R_AND_SE_AND_NOT_SI ==
  1'b1), 1.0000000000000000, 0.50000000000000000, NOTIFIER, , , dSN, dCKN);


Warning-[DDTC] Duplicate Timing Check is disabled
/home/daniel_kuo/CBDK_TSMC40_Arm_f2.0/CIC/Verilog/sc9_cln40g_base_lvt_neg.v, 86566
  The below duplicate timing check will be disabled:
  $recrem(negedge R, negedge CKN &&& (ENABLE_NOT_D_AND_SE_AND_SI_AND_SN == 
  1'b1), 1.0000000000000000, 0.50000000000000000, NOTIFIER, , , dR, dCKN);


Warning-[DDTC] Duplicate Timing Check is disabled
/home/daniel_kuo/CBDK_TSMC40_Arm_f2.0/CIC/Verilog/sc9_cln40g_base_lvt_neg.v, 86567
  The below duplicate timing check will be disabled:
  $recrem(negedge R, negedge CKN &&& (ENABLE_D_AND_NOT_SE_AND_NOT_SI_AND_SN ==
  1'b1), 1.0000000000000000, 0.50000000000000000, NOTIFIER, , , dR, dCKN);


Warning-[DDTC] Duplicate Timing Check is disabled
/home/daniel_kuo/CBDK_TSMC40_Arm_f2.0/CIC/Verilog/sc9_cln40g_base_lvt_neg.v, 86568
  The below duplicate timing check will be disabled:
  $recrem(negedge R, negedge CKN &&& (ENABLE_D_AND_NOT_SE_AND_SI_AND_SN == 
  1'b1), 1.0000000000000000, 0.50000000000000000, NOTIFIER, , , dR, dCKN);


Warning-[DDTC] Duplicate Timing Check is disabled
/home/daniel_kuo/CBDK_TSMC40_Arm_f2.0/CIC/Verilog/sc9_cln40g_base_lvt_neg.v, 86569
  The below duplicate timing check will be disabled:
  $recrem(negedge R, negedge CKN &&& (ENABLE_D_AND_SE_AND_SI_AND_SN == 1'b1), 
  1.0000000000000000, 0.50000000000000000, NOTIFIER, , , dR, dCKN);


Warning-[DDTC] Duplicate Timing Check is disabled
/home/daniel_kuo/CBDK_TSMC40_Arm_f2.0/CIC/Verilog/sc9_cln40g_base_lvt_neg.v, 86594
  The below duplicate timing check will be disabled:
  $recrem(posedge SN, negedge CKN &&& 
  (ENABLE_NOT_D_AND_NOT_R_AND_NOT_SE_AND_NOT_SI == 1'b1), 1.0000000000000000, 
  0.50000000000000000, NOTIFIER, , , dSN, dCKN);


Warning-[DDTC] Duplicate Timing Check is disabled
/home/daniel_kuo/CBDK_TSMC40_Arm_f2.0/CIC/Verilog/sc9_cln40g_base_lvt_neg.v, 86595
  The below duplicate timing check will be disabled:
  $recrem(posedge SN, negedge CKN &&& 
  (ENABLE_NOT_D_AND_NOT_R_AND_NOT_SE_AND_SI == 1'b1), 1.0000000000000000, 
  0.50000000000000000, NOTIFIER, , , dSN, dCKN);


Warning-[DDTC] Duplicate Timing Check is disabled
/home/daniel_kuo/CBDK_TSMC40_Arm_f2.0/CIC/Verilog/sc9_cln40g_base_lvt_neg.v, 86596
  The below duplicate timing check will be disabled:
  $recrem(posedge SN, negedge CKN &&& 
  (ENABLE_NOT_D_AND_NOT_R_AND_SE_AND_NOT_SI == 1'b1), 1.0000000000000000, 
  0.50000000000000000, NOTIFIER, , , dSN, dCKN);


Warning-[DDTC] Duplicate Timing Check is disabled
/home/daniel_kuo/CBDK_TSMC40_Arm_f2.0/CIC/Verilog/sc9_cln40g_base_lvt_neg.v, 86597
  The below duplicate timing check will be disabled:
  $recrem(posedge SN, negedge CKN &&& (ENABLE_D_AND_NOT_R_AND_SE_AND_NOT_SI ==
  1'b1), 1.0000000000000000, 0.50000000000000000, NOTIFIER, , , dSN, dCKN);


   ***   $sdf_annotate() version 1.2R
   ***    SDF file: "IFFT_SYN.sdf"
   ***    Annotation scope: TESTBED.u_IFFT
   ***    No MTM selection argument specified
   ***    No SCALE FACTORS argument specified
   ***    No SCALE TYPE argument specified
   ***    MTM selection defaulted to "TOOL_CONTROL":
               (+typdelays compiled, TYPICAL delays selected)
   ***    SCALE FACTORS defaulted to "1.0:1.0:1.0":
   ***    SCALE TYPE defaulted to: "FROM_MTM"
   ***    Turnoff delay: "FROM_FILE"
   ***    Approximation (mipd) policy: "MAXIMUM"

   ***    SDF annotation begin: Thu Sep  4 20:37:27 2025


SDF Info: +pulse_r/100, +pulse_e/100 in effect

Warning-[SDFCOM_CFTC] Cannot find timing check 
IFFT_SYN.sdf, 6782806
module: DFFRPQ_X3M_A9TL, "instance: TESTBED.u_IFFT.u_stage_4_mult_di_re_reg_reg_9_"
  SDF Warning: Cannot find timing check $hold(posedge CK &&& 
  (ENABLE_D==1'h1),negedge R,...)
      


Warning-[SDFCOM_CFTC] Cannot find timing check 
IFFT_SYN.sdf, 6782827
module: DFFSQN_X2M_A9TL, "instance: TESTBED.u_IFFT.u_stage_6_di_re_reg_reg_19_"
  SDF Warning: Cannot find timing check $hold(posedge CK &&& 
  (ENABLE_NOT_D==1'h1),posedge SN,...)
      


Warning-[SDFCOM_CFTC] Cannot find timing check 
IFFT_SYN.sdf, 6782848
module: DFFRPQ_X3M_A9TL, "instance: TESTBED.u_IFFT.u_stage_3_mult_di_im_reg_reg_31_"
  SDF Warning: Cannot find timing check $hold(posedge CK &&& 
  (ENABLE_D==1'h1),negedge R,...)
      


Warning-[SDFCOM_CFTC] Cannot find timing check 
IFFT_SYN.sdf, 6782869
module: DFFRPQ_X3M_A9TL, "instance: TESTBED.u_IFFT.u_stage_1_mult_di_re_reg_reg_49_"
  SDF Warning: Cannot find timing check $hold(posedge CK &&& 
  (ENABLE_D==1'h1),negedge R,...)
      


Warning-[SDFCOM_CFTC] Cannot find timing check 
IFFT_SYN.sdf, 6782890
module: DFFRPQ_X3M_A9TL, "instance: TESTBED.u_IFFT.u_stage_4_mult_di_re_reg_reg_5_"
  SDF Warning: Cannot find timing check $hold(posedge CK &&& 
  (ENABLE_D==1'h1),negedge R,...)
      


Warning-[SDFCOM_CFTC] Cannot find timing check 
IFFT_SYN.sdf, 6782911
module: DFFRPQ_X3M_A9TL, "instance: TESTBED.u_IFFT.u_stage_5_mult_di_im_reg_reg_3_"
  SDF Warning: Cannot find timing check $hold(posedge CK &&& 
  (ENABLE_D==1'h1),negedge R,...)
      


Warning-[SDFCOM_CFTC] Cannot find timing check 
IFFT_SYN.sdf, 6782932
module: DFFRPQ_X3M_A9TL, "instance: TESTBED.u_IFFT.u_stage_2_mult_di_re_reg_reg_43_"
  SDF Warning: Cannot find timing check $hold(posedge CK &&& 
  (ENABLE_D==1'h1),negedge R,...)
      


Warning-[SDFCOM_CFTC] Cannot find timing check 
IFFT_SYN.sdf, 6782953
module: DFFRPQ_X3M_A9TL, "instance: TESTBED.u_IFFT.u_stage_8_di_re_reg_reg_50_"
  SDF Warning: Cannot find timing check $hold(posedge CK &&& 
  (ENABLE_D==1'h1),negedge R,...)
      


Warning-[SDFCOM_CFTC] Cannot find timing check 
IFFT_SYN.sdf, 6782974
module: DFFRPQ_X3M_A9TL, "instance: TESTBED.u_IFFT.u_stage_7_u_FPC_MUL_a_im_x_b_im_reg_reg_6_"
  SDF Warning: Cannot find timing check $hold(posedge CK &&& 
  (ENABLE_D==1'h1),negedge R,...)
      

All future warnings not reported; use +sdfverbose to report them.

Warning-[SDFCOM_CFTC] Cannot find timing check 
IFFT_SYN.sdf, 6782995
module: DFFRPQ_X3M_A9TL, "instance: TESTBED.u_IFFT.u_stage_7_u_FPC_MUL_a_im_x_b_im_reg_reg_3_"
  SDF Warning: Cannot find timing check $hold(posedge CK &&& 
  (ENABLE_D==1'h1),negedge R,...)
      


          Total errors: 0
          Total warnings: 38377
   ***    SDF annotation completed: Thu Sep  4 20:37:33 2025



Warning-[DRTZ] Detect delay value roundoff to 0
  Delay from design or SDF file roundoff to 0 based on timescale
  Please use switch -diag timescale to dump detailed information.

Starting vcs inline pass...

Note-[VCS_PARAL] Parallel code-gen enabled
  VCS is running with parallel code generation(-j)...

2313 modules and 11 UDPs read.
	However, due to incremental compilation, no re-compilation is necessary.
make[1]: Entering directory `/home/daniel_kuo/Falcon/hardware/ifft/03_GATE/csrc' \

rm -f _cuarc*.so _csrc*.so pre_vcsobj_*.so share_vcsobj_*.so
ld -shared  -Bsymbolic   -o .//../simv.daidir//_cuarc0.so objs/a/amcQw_d.o 
rm -f _cuarc0.so
if [ -x ../simv ]; then chmod a-x ../simv; fi
g++  -o ../simv      -rdynamic  -Wl,-rpath='$ORIGIN'/simv.daidir -Wl,-rpath=./simv.daidir \
-Wl,-rpath=/usr/cad/synopsys/vcs/2022.06/linux64/lib -L/usr/cad/synopsys/vcs/2022.06/linux64/lib \
-Wl,-rpath-link=./  /usr/lib64/libnuma.so.1     _21383_archive_1.so _prev_archive_1.so \
_cuarc0.so objs/udps/gSqMj.o objs/udps/AubIW.o objs/udps/D2wHf.o objs/udps/U7Vwg.o \
objs/udps/CjLsY.o objs/udps/vCfas.o objs/udps/V6gPN.o objs/udps/sk4QJ.o objs/udps/i2VqJ.o \
objs/udps/exIG1.o objs/udps/WTP7v.o  SIM_l.o      rmapats_mop.o rmapats.o rmar.o \
rmar_nd.o  rmar_llvm_0_1.o rmar_llvm_0_0.o           -lvirsim -lerrorinf -lsnpsmalloc \
-lvfs /usr/cad/synopsys/verdi/2022.06/share/PLI/VCS/linux64/pli.a    -lvcsnew -lsimprofile \
-luclinative /usr/cad/synopsys/vcs/2022.06/linux64/lib/vcs_tls.o   -Wl,-whole-archive \
-lvcsucli    -Wl,-no-whole-archive        _vcs_pli_stub_.o   /usr/cad/synopsys/vcs/2022.06/linux64/lib/vcs_save_restore_new.o \
/usr/cad/synopsys/verdi/2022.06//share/PLI/VCS/LINUX64/pli.a -ldl -lm  -lc -lpthread \
-ldl 
../simv up to date
make[1]: Leaving directory `/home/daniel_kuo/Falcon/hardware/ifft/03_GATE/csrc'
Command: /home/daniel_kuo/Falcon/hardware/ifft/03_GATE/./simv +v2k -a vcs.log +define+GATE +neg_tchk
Chronologic VCS simulator copyright 1991-2022
Contains Synopsys proprietary information.
Compiler version T-2022.06_Full64; Runtime version T-2022.06_Full64;  Sep  4 20:13 2025
Doing SDF annotation ...... Done
PASS PATTERN NO.   1,  281 CYCLES
PASS PATTERN NO.   2,  281 CYCLES
PASS PATTERN NO.   3,  281 CYCLES
PASS PATTERN NO.   4,  281 CYCLES
PASS PATTERN NO.   5,  281 CYCLES
PASS PATTERN NO.   6,  281 CYCLES
PASS PATTERN NO.   7,  281 CYCLES
PASS PATTERN NO.   8,  281 CYCLES
PASS PATTERN NO.   9,  281 CYCLES
PASS PATTERN NO.  10,  281 CYCLES
PASS PATTERN NO.  11,  281 CYCLES
PASS PATTERN NO.  12,  281 CYCLES
PASS PATTERN NO.  13,  281 CYCLES
PASS PATTERN NO.  14,  281 CYCLES
PASS PATTERN NO.  15,  281 CYCLES
PASS PATTERN NO.  16,  281 CYCLES
PASS PATTERN NO.  17,  281 CYCLES
PASS PATTERN NO.  18,  281 CYCLES
PASS PATTERN NO.  19,  281 CYCLES
PASS PATTERN NO.  20,  281 CYCLES
PASS PATTERN NO.  21,  281 CYCLES
PASS PATTERN NO.  22,  281 CYCLES
PASS PATTERN NO.  23,  281 CYCLES
PASS PATTERN NO.  24,  281 CYCLES
PASS PATTERN NO.  25,  281 CYCLES
PASS PATTERN NO.  26,  281 CYCLES
PASS PATTERN NO.  27,  281 CYCLES
PASS PATTERN NO.  28,  281 CYCLES
PASS PATTERN NO.  29,  281 CYCLES
PASS PATTERN NO.  30,  281 CYCLES
PASS PATTERN NO.  31,  281 CYCLES
PASS PATTERN NO.  32,  281 CYCLES
PASS PATTERN NO.  33,  281 CYCLES
PASS PATTERN NO.  34,  281 CYCLES
PASS PATTERN NO.  35,  281 CYCLES
PASS PATTERN NO.  36,  281 CYCLES
PASS PATTERN NO.  37,  281 CYCLES
PASS PATTERN NO.  38,  281 CYCLES
PASS PATTERN NO.  39,  281 CYCLES
PASS PATTERN NO.  40,  281 CYCLES
PASS PATTERN NO.  41,  281 CYCLES
PASS PATTERN NO.  42,  281 CYCLES
PASS PATTERN NO.  43,  281 CYCLES
PASS PATTERN NO.  44,  281 CYCLES
PASS PATTERN NO.  45,  281 CYCLES
PASS PATTERN NO.  46,  281 CYCLES
PASS PATTERN NO.  47,  281 CYCLES
PASS PATTERN NO.  48,  281 CYCLES
PASS PATTERN NO.  49,  281 CYCLES
PASS PATTERN NO.  50,  281 CYCLES
PASS PATTERN NO.  51,  281 CYCLES
PASS PATTERN NO.  52,  281 CYCLES
PASS PATTERN NO.  53,  281 CYCLES
PASS PATTERN NO.  54,  281 CYCLES
PASS PATTERN NO.  55,  281 CYCLES
PASS PATTERN NO.  56,  281 CYCLES
PASS PATTERN NO.  57,  281 CYCLES
PASS PATTERN NO.  58,  281 CYCLES
PASS PATTERN NO.  59,  281 CYCLES
PASS PATTERN NO.  60,  281 CYCLES
PASS PATTERN NO.  61,  281 CYCLES
PASS PATTERN NO.  62,  281 CYCLES
PASS PATTERN NO.  63,  281 CYCLES
PASS PATTERN NO.  64,  281 CYCLES
PASS PATTERN NO.  65,  281 CYCLES
PASS PATTERN NO.  66,  281 CYCLES
PASS PATTERN NO.  67,  281 CYCLES
PASS PATTERN NO.  68,  281 CYCLES
PASS PATTERN NO.  69,  281 CYCLES
PASS PATTERN NO.  70,  281 CYCLES
PASS PATTERN NO.  71,  281 CYCLES
PASS PATTERN NO.  72,  281 CYCLES
PASS PATTERN NO.  73,  281 CYCLES
PASS PATTERN NO.  74,  281 CYCLES
PASS PATTERN NO.  75,  281 CYCLES
PASS PATTERN NO.  76,  281 CYCLES
PASS PATTERN NO.  77,  281 CYCLES
PASS PATTERN NO.  78,  281 CYCLES
PASS PATTERN NO.  79,  281 CYCLES
PASS PATTERN NO.  80,  281 CYCLES
PASS PATTERN NO.  81,  281 CYCLES
PASS PATTERN NO.  82,  281 CYCLES
PASS PATTERN NO.  83,  281 CYCLES
PASS PATTERN NO.  84,  281 CYCLES
PASS PATTERN NO.  85,  281 CYCLES
PASS PATTERN NO.  86,  281 CYCLES
PASS PATTERN NO.  87,  281 CYCLES
PASS PATTERN NO.  88,  281 CYCLES
PASS PATTERN NO.  89,  281 CYCLES
PASS PATTERN NO.  90,  281 CYCLES
PASS PATTERN NO.  91,  281 CYCLES
PASS PATTERN NO.  92,  281 CYCLES
PASS PATTERN NO.  93,  281 CYCLES
PASS PATTERN NO.  94,  281 CYCLES
Received SIGHUP (signal 1), exiting.
           V C S   S i m u l a t i o n   R e p o r t 
Time: 153021494 ps
CPU Time:   1996.990 seconds;       Data structure size: 140.1Mb
Thu Sep  4 20:46:18 2025
Command: /home/daniel_kuo/Falcon/hardware/ifft/03_GATE/./simv +v2k -a vcs.log +define+GATE +neg_tchk
Chronologic VCS simulator copyright 1991-2022
Contains Synopsys proprietary information.
Compiler version T-2022.06_Full64; Runtime version T-2022.06_Full64;  Sep  4 20:37 2025
Doing SDF annotation ...... Done
PASS PATTERN NO.   1,  281 CYCLES
PASS PATTERN NO.   2,  281 CYCLES
PASS PATTERN NO.   3,  281 CYCLES
PASS PATTERN NO.   4,  281 CYCLES
PASS PATTERN NO.   5,  281 CYCLES
PASS PATTERN NO.   6,  281 CYCLES
PASS PATTERN NO.   7,  281 CYCLES
PASS PATTERN NO.   8,  281 CYCLES
PASS PATTERN NO.   9,  281 CYCLES
PASS PATTERN NO.  10,  281 CYCLES
PASS PATTERN NO.  11,  281 CYCLES
PASS PATTERN NO.  12,  281 CYCLES
PASS PATTERN NO.  13,  281 CYCLES
PASS PATTERN NO.  14,  281 CYCLES
PASS PATTERN NO.  15,  281 CYCLES
PASS PATTERN NO.  16,  281 CYCLES
PASS PATTERN NO.  17,  281 CYCLES
PASS PATTERN NO.  18,  281 CYCLES
PASS PATTERN NO.  19,  281 CYCLES
PASS PATTERN NO.  20,  281 CYCLES
PASS PATTERN NO.  21,  281 CYCLES
PASS PATTERN NO.  22,  281 CYCLES
PASS PATTERN NO.  23,  281 CYCLES
PASS PATTERN NO.  24,  281 CYCLES
PASS PATTERN NO.  25,  281 CYCLES
PASS PATTERN NO.  26,  281 CYCLES
PASS PATTERN NO.  27,  281 CYCLES
PASS PATTERN NO.  28,  281 CYCLES
PASS PATTERN NO.  29,  281 CYCLES
PASS PATTERN NO.  30,  281 CYCLES
PASS PATTERN NO.  31,  281 CYCLES
PASS PATTERN NO.  32,  281 CYCLES
PASS PATTERN NO.  33,  281 CYCLES
PASS PATTERN NO.  34,  281 CYCLES
PASS PATTERN NO.  35,  281 CYCLES
PASS PATTERN NO.  36,  281 CYCLES
PASS PATTERN NO.  37,  281 CYCLES
PASS PATTERN NO.  38,  281 CYCLES
PASS PATTERN NO.  39,  281 CYCLES
PASS PATTERN NO.  40,  281 CYCLES
PASS PATTERN NO.  41,  281 CYCLES
PASS PATTERN NO.  42,  281 CYCLES
PASS PATTERN NO.  43,  281 CYCLES
PASS PATTERN NO.  44,  281 CYCLES
PASS PATTERN NO.  45,  281 CYCLES
PASS PATTERN NO.  46,  281 CYCLES
PASS PATTERN NO.  47,  281 CYCLES
PASS PATTERN NO.  48,  281 CYCLES
PASS PATTERN NO.  49,  281 CYCLES
PASS PATTERN NO.  50,  281 CYCLES
PASS PATTERN NO.  51,  281 CYCLES
PASS PATTERN NO.  52,  281 CYCLES
PASS PATTERN NO.  53,  281 CYCLES
PASS PATTERN NO.  54,  281 CYCLES
PASS PATTERN NO.  55,  281 CYCLES
PASS PATTERN NO.  56,  281 CYCLES
PASS PATTERN NO.  57,  281 CYCLES
PASS PATTERN NO.  58,  281 CYCLES
PASS PATTERN NO.  59,  281 CYCLES
PASS PATTERN NO.  60,  281 CYCLES
PASS PATTERN NO.  61,  281 CYCLES
PASS PATTERN NO.  62,  281 CYCLES
PASS PATTERN NO.  63,  281 CYCLES
PASS PATTERN NO.  64,  281 CYCLES
PASS PATTERN NO.  65,  281 CYCLES
PASS PATTERN NO.  66,  281 CYCLES
PASS PATTERN NO.  67,  281 CYCLES
PASS PATTERN NO.  68,  281 CYCLES
PASS PATTERN NO.  69,  281 CYCLES
PASS PATTERN NO.  70,  281 CYCLES
PASS PATTERN NO.  71,  281 CYCLES
PASS PATTERN NO.  72,  281 CYCLES
PASS PATTERN NO.  73,  281 CYCLES
PASS PATTERN NO.  74,  281 CYCLES
PASS PATTERN NO.  75,  281 CYCLES
PASS PATTERN NO.  76,  281 CYCLES
PASS PATTERN NO.  77,  281 CYCLES
PASS PATTERN NO.  78,  281 CYCLES
PASS PATTERN NO.  79,  281 CYCLES
PASS PATTERN NO.  80,  281 CYCLES
PASS PATTERN NO.  81,  281 CYCLES
PASS PATTERN NO.  82,  281 CYCLES
PASS PATTERN NO.  83,  281 CYCLES
PASS PATTERN NO.  84,  281 CYCLES
PASS PATTERN NO.  85,  281 CYCLES
PASS PATTERN NO.  86,  281 CYCLES
PASS PATTERN NO.  87,  281 CYCLES
PASS PATTERN NO.  88,  281 CYCLES
PASS PATTERN NO.  89,  281 CYCLES
PASS PATTERN NO.  90,  281 CYCLES
PASS PATTERN NO.  91,  281 CYCLES
PASS PATTERN NO.  92,  281 CYCLES
PASS PATTERN NO.  93,  281 CYCLES
PASS PATTERN NO.  94,  281 CYCLES
PASS PATTERN NO.  95,  281 CYCLES
PASS PATTERN NO.  96,  281 CYCLES
PASS PATTERN NO.  97,  281 CYCLES
PASS PATTERN NO.  98,  281 CYCLES
PASS PATTERN NO.  99,  281 CYCLES
PASS PATTERN NO. 100,  281 CYCLES
PASS PATTERN NO. 101,  281 CYCLES
PASS PATTERN NO. 102,  281 CYCLES
PASS PATTERN NO. 103,  281 CYCLES
PASS PATTERN NO. 104,  281 CYCLES
PASS PATTERN NO. 105,  281 CYCLES
PASS PATTERN NO. 106,  281 CYCLES
PASS PATTERN NO. 107,  281 CYCLES
PASS PATTERN NO. 108,  281 CYCLES
PASS PATTERN NO. 109,  281 CYCLES
PASS PATTERN NO. 110,  281 CYCLES
PASS PATTERN NO. 111,  281 CYCLES
PASS PATTERN NO. 112,  281 CYCLES
PASS PATTERN NO. 113,  281 CYCLES
PASS PATTERN NO. 114,  281 CYCLES
PASS PATTERN NO. 115,  281 CYCLES
PASS PATTERN NO. 116,  281 CYCLES
PASS PATTERN NO. 117,  281 CYCLES
PASS PATTERN NO. 118,  281 CYCLES
PASS PATTERN NO. 119,  281 CYCLES
PASS PATTERN NO. 120,  281 CYCLES
PASS PATTERN NO. 121,  281 CYCLES
PASS PATTERN NO. 122,  281 CYCLES
PASS PATTERN NO. 123,  281 CYCLES
PASS PATTERN NO. 124,  281 CYCLES
PASS PATTERN NO. 125,  281 CYCLES
PASS PATTERN NO. 126,  281 CYCLES
PASS PATTERN NO. 127,  281 CYCLES
PASS PATTERN NO. 128,  281 CYCLES
PASS PATTERN NO. 129,  281 CYCLES
PASS PATTERN NO. 130,  281 CYCLES
PASS PATTERN NO. 131,  281 CYCLES
PASS PATTERN NO. 132,  281 CYCLES
--------------------------------------------------------------------
                         Congratulations!                           
                  You have passed all patterns!                     
                  Your execution cycles = 37092 cycles                
                  Your clock period = 3.0 ns                       
                  Total Latency = 111276.0 ns                           
--------------------------------------------------------------------
$finish called from file "PATTERN.v", line 1398.
$finish at simulation time            213901500
           V C S   S i m u l a t i o n   R e p o r t 
Time: 213901500 ps
CPU Time:   2706.800 seconds;       Data structure size: 140.1Mb
Thu Sep  4 21:23:06 2025
CPU time: 39.768 seconds to compile + 7.044 seconds to elab + .945 seconds to link + 2706.830 seconds in simulation
