#======================================================
#
# Synopsys Synthesis Scripts (Design Vision dctcl mode)
#
#======================================================
#======================================================
# (A) Global Parameters
#======================================================
set DESIGN "IFFT"
IFFT
set CYCLE 3.0
3.0
set INPUT_DLY [expr 0.5*$CYCLE]
1.5
set OUTPUT_DLY [expr 0.5*$CYCLE]
1.5
#======================================================
# (B) Read RTL Code
#======================================================
# (B-1) analyze + elaborate
set hdlin_auto_save_templates TRUE
TRUE
analyze -f sverilog $DESIGN\.v 
Running PRESTO HDLC
Compiling source file ../01_RTL/IFFT.v
Opening include file ../01_RTL/RADIX2.v
Opening include file ../01_RTL/DELAY_BUFFER.v
Opening include file ../01_RTL/BUTTERFLY.v
Opening include file ../01_RTL/FPC.v
Warning:  ../01_RTL/RADIX2.v:45: Parameter keyword used in local parameter declaration. (VER-329)
Presto compilation completed successfully.
Loading db file '/cell_base_lib/CBDK_TSMC40_Arm_f2.0/CIC/SynopsysDC/db/sc9_base_rvt/sc9_cln40g_base_rvt_ss_typical_max_0p81v_125c.db'
Loading db file '/cell_base_lib/CBDK_TSMC40_Arm_f2.0/CIC/SynopsysDC/db/sc9_base_hvt/sc9_cln40g_base_hvt_ss_typical_max_0p81v_125c.db'
Loading db file '/cell_base_lib/CBDK_TSMC40_Arm_f2.0/CIC/SynopsysDC/db/sc9_base_lvt/sc9_cln40g_base_lvt_ss_typical_max_0p81v_125c.db'
Loading db file '/usr/cad/synopsys/synthesis/cur/libraries/syn/dw_foundation.sldb'
Loading db file '/usr/cad/synopsys/synthesis/cur/libraries/syn/standard.sldb'
1
elaborate $DESIGN  
Loading db file '/usr/cad/synopsys/synthesis/2022.03/libraries/syn/gtech.db'
Loading db file '/usr/cad/synopsys/synthesis/2022.03/libraries/syn/standard.sldb'
  Loading link library 'sc9_cln40g_base_rvt_ss_typical_max_0p81v_125c'
  Loading link library 'sc9_cln40g_base_hvt_ss_typical_max_0p81v_125c'
  Loading link library 'sc9_cln40g_base_lvt_ss_typical_max_0p81v_125c'
  Loading link library 'gtech'
Running PRESTO HDLC

Inferred memory devices in process
        in routine IFFT line 227 in file
                '../01_RTL/IFFT.v'.
===============================================================================
|    Register Name    |   Type    | Width | Bus | MB | AR | AS | SR | SS | ST |
===============================================================================
|      fo_im_reg      | Flip-flop |  64   |  Y  | N  | Y  | N  | N  | N  | N  |
|  in_valid_reg_reg   | Flip-flop |   1   |  N  | N  | Y  | N  | N  | N  | N  |
|    fi_re_reg_reg    | Flip-flop |  64   |  Y  | N  | Y  | N  | N  | N  | N  |
|    fi_im_reg_reg    | Flip-flop |  64   |  Y  | N  | Y  | N  | N  | N  | N  |
|   s_re_1_reg_reg    | Flip-flop |  64   |  Y  | N  | Y  | N  | N  | N  | N  |
|   s_im_1_reg_reg    | Flip-flop |  64   |  Y  | N  | Y  | N  | N  | N  | N  |
|   s_re_2_reg_reg    | Flip-flop |  64   |  Y  | N  | Y  | N  | N  | N  | N  |
|   s_im_2_reg_reg    | Flip-flop |  64   |  Y  | N  | Y  | N  | N  | N  | N  |
|   s_re_3_reg_reg    | Flip-flop |  64   |  Y  | N  | Y  | N  | N  | N  | N  |
|   s_im_3_reg_reg    | Flip-flop |  64   |  Y  | N  | Y  | N  | N  | N  | N  |
|   s_re_4_reg_reg    | Flip-flop |  64   |  Y  | N  | Y  | N  | N  | N  | N  |
|   s_im_4_reg_reg    | Flip-flop |  64   |  Y  | N  | Y  | N  | N  | N  | N  |
|   s_re_5_reg_reg    | Flip-flop |  64   |  Y  | N  | Y  | N  | N  | N  | N  |
|   s_im_5_reg_reg    | Flip-flop |  64   |  Y  | N  | Y  | N  | N  | N  | N  |
|   s_re_6_reg_reg    | Flip-flop |  64   |  Y  | N  | Y  | N  | N  | N  | N  |
|   s_im_6_reg_reg    | Flip-flop |  64   |  Y  | N  | Y  | N  | N  | N  | N  |
|   s_re_7_reg_reg    | Flip-flop |  64   |  Y  | N  | Y  | N  | N  | N  | N  |
|   s_im_7_reg_reg    | Flip-flop |  64   |  Y  | N  | Y  | N  | N  | N  | N  |
|   s_re_8_reg_reg    | Flip-flop |  64   |  Y  | N  | Y  | N  | N  | N  | N  |
|   s_im_8_reg_reg    | Flip-flop |  64   |  Y  | N  | Y  | N  | N  | N  | N  |
|    out_valid_reg    | Flip-flop |   1   |  N  | N  | Y  | N  | N  | N  | N  |
|      fo_re_reg      | Flip-flop |  64   |  Y  | N  | Y  | N  | N  | N  | N  |
===============================================================================
Presto compilation completed successfully. (IFFT)
Elaborated 1 design.
Current design is now 'IFFT'.
Information: Building the design 'RADIX2' instantiated from design 'IFFT' with
        the parameters "64,8,8". (HDL-193)
Warning:  ../01_RTL/RADIX2.v:163: signed to unsigned conversion occurs. (VER-318)
Warning:  ../01_RTL/RADIX2.v:176: signed to unsigned conversion occurs. (VER-318)
Warning:  ../01_RTL/RADIX2.v:177: signed to unsigned assignment occurs. (VER-318)
Warning:  ../01_RTL/RADIX2.v:207: signed to unsigned conversion occurs. (VER-318)

Statistics for case statements in always block at line 142 in file
        '../01_RTL/RADIX2.v'
===============================================
|           Line           |  full/ parallel  |
===============================================
|           143            |    auto/auto     |
===============================================

Statistics for case statements in always block at line 159 in file
        '../01_RTL/RADIX2.v'
===============================================
|           Line           |  full/ parallel  |
===============================================
|           160            |    auto/auto     |
===============================================

Inferred memory devices in process
        in routine RADIX2_FLOAT_PRECISION64_logn8_U8 line 214 in file
                '../01_RTL/RADIX2.v'.
===============================================================================
|    Register Name    |   Type    | Width | Bus | MB | AR | AS | SR | SS | ST |
===============================================================================
|  mult_in_valid_reg  | Flip-flop |   1   |  N  | N  | Y  | N  | N  | N  | N  |
|     i_valid_reg     | Flip-flop |   1   |  N  | N  | Y  | N  | N  | N  | N  |
|    di_re_reg_reg    | Flip-flop |  64   |  Y  | N  | Y  | N  | N  | N  | N  |
|    di_im_reg_reg    | Flip-flop |  64   |  Y  | N  | Y  | N  | N  | N  | N  |
|    state_reg_reg    | Flip-flop |   1   |  N  | N  | Y  | N  | N  | N  | N  |
|     cnt_reg_reg     | Flip-flop |   9   |  Y  | N  | Y  | N  | N  | N  | N  |
| mult_di_re_reg_reg  | Flip-flop |  64   |  Y  | N  | Y  | N  | N  | N  | N  |
| mult_di_im_reg_reg  | Flip-flop |  64   |  Y  | N  | Y  | N  | N  | N  | N  |
===============================================================================
Presto compilation completed successfully. (RADIX2_FLOAT_PRECISION64_logn8_U8)
Information: Building the design 'RADIX2' instantiated from design 'IFFT' with
        the parameters "64,8,7". (HDL-193)
Warning:  ../01_RTL/RADIX2.v:163: signed to unsigned conversion occurs. (VER-318)
Warning:  ../01_RTL/RADIX2.v:176: signed to unsigned conversion occurs. (VER-318)
Warning:  ../01_RTL/RADIX2.v:177: signed to unsigned assignment occurs. (VER-318)
Warning:  ../01_RTL/RADIX2.v:207: signed to unsigned conversion occurs. (VER-318)

Statistics for case statements in always block at line 142 in file
        '../01_RTL/RADIX2.v'
===============================================
|           Line           |  full/ parallel  |
===============================================
|           143            |    auto/auto     |
===============================================

Statistics for case statements in always block at line 159 in file
        '../01_RTL/RADIX2.v'
===============================================
|           Line           |  full/ parallel  |
===============================================
|           160            |    auto/auto     |
===============================================

Inferred memory devices in process
        in routine RADIX2_FLOAT_PRECISION64_logn8_U7 line 214 in file
                '../01_RTL/RADIX2.v'.
===============================================================================
|    Register Name    |   Type    | Width | Bus | MB | AR | AS | SR | SS | ST |
===============================================================================
|  mult_in_valid_reg  | Flip-flop |   1   |  N  | N  | Y  | N  | N  | N  | N  |
|     i_valid_reg     | Flip-flop |   1   |  N  | N  | Y  | N  | N  | N  | N  |
|    di_re_reg_reg    | Flip-flop |  64   |  Y  | N  | Y  | N  | N  | N  | N  |
|    di_im_reg_reg    | Flip-flop |  64   |  Y  | N  | Y  | N  | N  | N  | N  |
|    state_reg_reg    | Flip-flop |   1   |  N  | N  | Y  | N  | N  | N  | N  |
|     cnt_reg_reg     | Flip-flop |   9   |  Y  | N  | Y  | N  | N  | N  | N  |
| mult_di_re_reg_reg  | Flip-flop |  64   |  Y  | N  | Y  | N  | N  | N  | N  |
| mult_di_im_reg_reg  | Flip-flop |  64   |  Y  | N  | Y  | N  | N  | N  | N  |
===============================================================================
Presto compilation completed successfully. (RADIX2_FLOAT_PRECISION64_logn8_U7)
Information: Building the design 'RADIX2' instantiated from design 'IFFT' with
        the parameters "64,8,6". (HDL-193)
Warning:  ../01_RTL/RADIX2.v:163: signed to unsigned conversion occurs. (VER-318)
Warning:  ../01_RTL/RADIX2.v:176: signed to unsigned conversion occurs. (VER-318)
Warning:  ../01_RTL/RADIX2.v:177: signed to unsigned assignment occurs. (VER-318)
Warning:  ../01_RTL/RADIX2.v:207: signed to unsigned conversion occurs. (VER-318)

Statistics for case statements in always block at line 142 in file
        '../01_RTL/RADIX2.v'
===============================================
|           Line           |  full/ parallel  |
===============================================
|           143            |    auto/auto     |
===============================================

Statistics for case statements in always block at line 159 in file
        '../01_RTL/RADIX2.v'
===============================================
|           Line           |  full/ parallel  |
===============================================
|           160            |    auto/auto     |
===============================================

Inferred memory devices in process
        in routine RADIX2_FLOAT_PRECISION64_logn8_U6 line 214 in file
                '../01_RTL/RADIX2.v'.
===============================================================================
|    Register Name    |   Type    | Width | Bus | MB | AR | AS | SR | SS | ST |
===============================================================================
|  mult_in_valid_reg  | Flip-flop |   1   |  N  | N  | Y  | N  | N  | N  | N  |
|     i_valid_reg     | Flip-flop |   1   |  N  | N  | Y  | N  | N  | N  | N  |
|    di_re_reg_reg    | Flip-flop |  64   |  Y  | N  | Y  | N  | N  | N  | N  |
|    di_im_reg_reg    | Flip-flop |  64   |  Y  | N  | Y  | N  | N  | N  | N  |
|    state_reg_reg    | Flip-flop |   1   |  N  | N  | Y  | N  | N  | N  | N  |
|     cnt_reg_reg     | Flip-flop |   9   |  Y  | N  | Y  | N  | N  | N  | N  |
| mult_di_re_reg_reg  | Flip-flop |  64   |  Y  | N  | Y  | N  | N  | N  | N  |
| mult_di_im_reg_reg  | Flip-flop |  64   |  Y  | N  | Y  | N  | N  | N  | N  |
===============================================================================
Presto compilation completed successfully. (RADIX2_FLOAT_PRECISION64_logn8_U6)
Information: Building the design 'RADIX2' instantiated from design 'IFFT' with
        the parameters "64,8,5". (HDL-193)
Warning:  ../01_RTL/RADIX2.v:163: signed to unsigned conversion occurs. (VER-318)
Warning:  ../01_RTL/RADIX2.v:176: signed to unsigned conversion occurs. (VER-318)
Warning:  ../01_RTL/RADIX2.v:177: signed to unsigned assignment occurs. (VER-318)
Warning:  ../01_RTL/RADIX2.v:207: signed to unsigned conversion occurs. (VER-318)

Statistics for case statements in always block at line 142 in file
        '../01_RTL/RADIX2.v'
===============================================
|           Line           |  full/ parallel  |
===============================================
|           143            |    auto/auto     |
===============================================

Statistics for case statements in always block at line 159 in file
        '../01_RTL/RADIX2.v'
===============================================
|           Line           |  full/ parallel  |
===============================================
|           160            |    auto/auto     |
===============================================

Inferred memory devices in process
        in routine RADIX2_FLOAT_PRECISION64_logn8_U5 line 214 in file
                '../01_RTL/RADIX2.v'.
===============================================================================
|    Register Name    |   Type    | Width | Bus | MB | AR | AS | SR | SS | ST |
===============================================================================
|  mult_in_valid_reg  | Flip-flop |   1   |  N  | N  | Y  | N  | N  | N  | N  |
|     i_valid_reg     | Flip-flop |   1   |  N  | N  | Y  | N  | N  | N  | N  |
|    di_re_reg_reg    | Flip-flop |  64   |  Y  | N  | Y  | N  | N  | N  | N  |
|    di_im_reg_reg    | Flip-flop |  64   |  Y  | N  | Y  | N  | N  | N  | N  |
|    state_reg_reg    | Flip-flop |   1   |  N  | N  | Y  | N  | N  | N  | N  |
|     cnt_reg_reg     | Flip-flop |   9   |  Y  | N  | Y  | N  | N  | N  | N  |
| mult_di_re_reg_reg  | Flip-flop |  64   |  Y  | N  | Y  | N  | N  | N  | N  |
| mult_di_im_reg_reg  | Flip-flop |  64   |  Y  | N  | Y  | N  | N  | N  | N  |
===============================================================================
Presto compilation completed successfully. (RADIX2_FLOAT_PRECISION64_logn8_U5)
Information: Building the design 'RADIX2' instantiated from design 'IFFT' with
        the parameters "64,8,4". (HDL-193)
Warning:  ../01_RTL/RADIX2.v:163: signed to unsigned conversion occurs. (VER-318)
Warning:  ../01_RTL/RADIX2.v:176: signed to unsigned conversion occurs. (VER-318)
Warning:  ../01_RTL/RADIX2.v:177: signed to unsigned assignment occurs. (VER-318)
Warning:  ../01_RTL/RADIX2.v:207: signed to unsigned conversion occurs. (VER-318)

Statistics for case statements in always block at line 142 in file
        '../01_RTL/RADIX2.v'
===============================================
|           Line           |  full/ parallel  |
===============================================
|           143            |    auto/auto     |
===============================================

Statistics for case statements in always block at line 159 in file
        '../01_RTL/RADIX2.v'
===============================================
|           Line           |  full/ parallel  |
===============================================
|           160            |    auto/auto     |
===============================================

Inferred memory devices in process
        in routine RADIX2_FLOAT_PRECISION64_logn8_U4 line 214 in file
                '../01_RTL/RADIX2.v'.
===============================================================================
|    Register Name    |   Type    | Width | Bus | MB | AR | AS | SR | SS | ST |
===============================================================================
|  mult_in_valid_reg  | Flip-flop |   1   |  N  | N  | Y  | N  | N  | N  | N  |
|     i_valid_reg     | Flip-flop |   1   |  N  | N  | Y  | N  | N  | N  | N  |
|    di_re_reg_reg    | Flip-flop |  64   |  Y  | N  | Y  | N  | N  | N  | N  |
|    di_im_reg_reg    | Flip-flop |  64   |  Y  | N  | Y  | N  | N  | N  | N  |
|    state_reg_reg    | Flip-flop |   1   |  N  | N  | Y  | N  | N  | N  | N  |
|     cnt_reg_reg     | Flip-flop |   9   |  Y  | N  | Y  | N  | N  | N  | N  |
| mult_di_re_reg_reg  | Flip-flop |  64   |  Y  | N  | Y  | N  | N  | N  | N  |
| mult_di_im_reg_reg  | Flip-flop |  64   |  Y  | N  | Y  | N  | N  | N  | N  |
===============================================================================
Presto compilation completed successfully. (RADIX2_FLOAT_PRECISION64_logn8_U4)
Information: Building the design 'RADIX2' instantiated from design 'IFFT' with
        the parameters "64,8,3". (HDL-193)
Warning:  ../01_RTL/RADIX2.v:163: signed to unsigned conversion occurs. (VER-318)
Warning:  ../01_RTL/RADIX2.v:176: signed to unsigned conversion occurs. (VER-318)
Warning:  ../01_RTL/RADIX2.v:177: signed to unsigned assignment occurs. (VER-318)
Warning:  ../01_RTL/RADIX2.v:207: signed to unsigned conversion occurs. (VER-318)

Statistics for case statements in always block at line 142 in file
        '../01_RTL/RADIX2.v'
===============================================
|           Line           |  full/ parallel  |
===============================================
|           143            |    auto/auto     |
===============================================

Statistics for case statements in always block at line 159 in file
        '../01_RTL/RADIX2.v'
===============================================
|           Line           |  full/ parallel  |
===============================================
|           160            |    auto/auto     |
===============================================

Inferred memory devices in process
        in routine RADIX2_FLOAT_PRECISION64_logn8_U3 line 214 in file
                '../01_RTL/RADIX2.v'.
===============================================================================
|    Register Name    |   Type    | Width | Bus | MB | AR | AS | SR | SS | ST |
===============================================================================
|  mult_in_valid_reg  | Flip-flop |   1   |  N  | N  | Y  | N  | N  | N  | N  |
|     i_valid_reg     | Flip-flop |   1   |  N  | N  | Y  | N  | N  | N  | N  |
|    di_re_reg_reg    | Flip-flop |  64   |  Y  | N  | Y  | N  | N  | N  | N  |
|    di_im_reg_reg    | Flip-flop |  64   |  Y  | N  | Y  | N  | N  | N  | N  |
|    state_reg_reg    | Flip-flop |   1   |  N  | N  | Y  | N  | N  | N  | N  |
|     cnt_reg_reg     | Flip-flop |   9   |  Y  | N  | Y  | N  | N  | N  | N  |
| mult_di_re_reg_reg  | Flip-flop |  64   |  Y  | N  | Y  | N  | N  | N  | N  |
| mult_di_im_reg_reg  | Flip-flop |  64   |  Y  | N  | Y  | N  | N  | N  | N  |
===============================================================================
Presto compilation completed successfully. (RADIX2_FLOAT_PRECISION64_logn8_U3)
Information: Building the design 'RADIX2' instantiated from design 'IFFT' with
        the parameters "64,8,2". (HDL-193)
Warning:  ../01_RTL/RADIX2.v:163: signed to unsigned conversion occurs. (VER-318)
Warning:  ../01_RTL/RADIX2.v:176: signed to unsigned conversion occurs. (VER-318)
Warning:  ../01_RTL/RADIX2.v:177: signed to unsigned assignment occurs. (VER-318)
Warning:  ../01_RTL/RADIX2.v:207: signed to unsigned conversion occurs. (VER-318)

Statistics for case statements in always block at line 142 in file
        '../01_RTL/RADIX2.v'
===============================================
|           Line           |  full/ parallel  |
===============================================
|           143            |    auto/auto     |
===============================================

Statistics for case statements in always block at line 159 in file
        '../01_RTL/RADIX2.v'
===============================================
|           Line           |  full/ parallel  |
===============================================
|           160            |    auto/auto     |
===============================================

Inferred memory devices in process
        in routine RADIX2_FLOAT_PRECISION64_logn8_U2 line 214 in file
                '../01_RTL/RADIX2.v'.
===============================================================================
|    Register Name    |   Type    | Width | Bus | MB | AR | AS | SR | SS | ST |
===============================================================================
|  mult_in_valid_reg  | Flip-flop |   1   |  N  | N  | Y  | N  | N  | N  | N  |
|     i_valid_reg     | Flip-flop |   1   |  N  | N  | Y  | N  | N  | N  | N  |
|    di_re_reg_reg    | Flip-flop |  64   |  Y  | N  | Y  | N  | N  | N  | N  |
|    di_im_reg_reg    | Flip-flop |  64   |  Y  | N  | Y  | N  | N  | N  | N  |
|    state_reg_reg    | Flip-flop |   1   |  N  | N  | Y  | N  | N  | N  | N  |
|     cnt_reg_reg     | Flip-flop |   9   |  Y  | N  | Y  | N  | N  | N  | N  |
| mult_di_re_reg_reg  | Flip-flop |  64   |  Y  | N  | Y  | N  | N  | N  | N  |
| mult_di_im_reg_reg  | Flip-flop |  64   |  Y  | N  | Y  | N  | N  | N  | N  |
===============================================================================
Presto compilation completed successfully. (RADIX2_FLOAT_PRECISION64_logn8_U2)
Information: Building the design 'RADIX2' instantiated from design 'IFFT' with
        the parameters "64,8,1". (HDL-193)
Warning:  ../01_RTL/RADIX2.v:163: signed to unsigned conversion occurs. (VER-318)
Warning:  ../01_RTL/RADIX2.v:176: signed to unsigned conversion occurs. (VER-318)
Warning:  ../01_RTL/RADIX2.v:177: signed to unsigned assignment occurs. (VER-318)
Warning:  ../01_RTL/RADIX2.v:207: signed to unsigned conversion occurs. (VER-318)

Statistics for case statements in always block at line 142 in file
        '../01_RTL/RADIX2.v'
===============================================
|           Line           |  full/ parallel  |
===============================================
|           143            |    auto/auto     |
===============================================

Statistics for case statements in always block at line 159 in file
        '../01_RTL/RADIX2.v'
===============================================
|           Line           |  full/ parallel  |
===============================================
|           160            |    auto/auto     |
===============================================

Inferred memory devices in process
        in routine RADIX2_FLOAT_PRECISION64_logn8_U1 line 214 in file
                '../01_RTL/RADIX2.v'.
===============================================================================
|    Register Name    |   Type    | Width | Bus | MB | AR | AS | SR | SS | ST |
===============================================================================
|  mult_in_valid_reg  | Flip-flop |   1   |  N  | N  | Y  | N  | N  | N  | N  |
|     i_valid_reg     | Flip-flop |   1   |  N  | N  | Y  | N  | N  | N  | N  |
|    di_re_reg_reg    | Flip-flop |  64   |  Y  | N  | Y  | N  | N  | N  | N  |
|    di_im_reg_reg    | Flip-flop |  64   |  Y  | N  | Y  | N  | N  | N  | N  |
|    state_reg_reg    | Flip-flop |   1   |  N  | N  | Y  | N  | N  | N  | N  |
|     cnt_reg_reg     | Flip-flop |   9   |  Y  | N  | Y  | N  | N  | N  | N  |
| mult_di_re_reg_reg  | Flip-flop |  64   |  Y  | N  | Y  | N  | N  | N  | N  |
| mult_di_im_reg_reg  | Flip-flop |  64   |  Y  | N  | Y  | N  | N  | N  | N  |
===============================================================================
Presto compilation completed successfully. (RADIX2_FLOAT_PRECISION64_logn8_U1)
Information: Building the design 'BUTTERFLY' instantiated from design 'RADIX2_FLOAT_PRECISION64_logn8_U8' with
        the parameters "FLOAT_PRECISION=64". (HDL-193)
Presto compilation completed successfully. (BUTTERFLY_FLOAT_PRECISION64)
Information: Building the design 'DELAY_BUFFER' instantiated from design 'RADIX2_FLOAT_PRECISION64_logn8_U8' with
        the parameters "FLOAT_PRECISION=64,DEPTH=1". (HDL-193)

Inferred memory devices in process
        in routine DELAY_BUFFER_FLOAT_PRECISION64_DEPTH1 line 38 in file
                '../01_RTL/DELAY_BUFFER.v'.
===============================================================================
|    Register Name    |   Type    | Width | Bus | MB | AR | AS | SR | SS | ST |
===============================================================================
|     buf_im_reg      | Flip-flop |  64   |  Y  | N  | Y  | N  | N  | N  | N  |
|    buf_valid_reg    | Flip-flop |   1   |  N  | N  | Y  | N  | N  | N  | N  |
|     buf_re_reg      | Flip-flop |  64   |  Y  | N  | Y  | N  | N  | N  | N  |
===============================================================================
Presto compilation completed successfully. (DELAY_BUFFER_FLOAT_PRECISION64_DEPTH1)
Information: Building the design 'FPC_MUL' instantiated from design 'RADIX2_FLOAT_PRECISION64_logn8_U8' with
        the parameters "64". (HDL-193)

Inferred memory devices in process
        in routine FPC_MUL_FLOAT_PRECISION64 line 168 in file
                '../01_RTL/FPC.v'.
===============================================================================
|    Register Name    |   Type    | Width | Bus | MB | AR | AS | SR | SS | ST |
===============================================================================
| a_im_x_b_re_reg_reg | Flip-flop |  64   |  Y  | N  | Y  | N  | N  | N  | N  |
|   mult_valid_reg    | Flip-flop |   1   |  N  | N  | Y  | N  | N  | N  | N  |
| a_re_x_b_re_reg_reg | Flip-flop |  64   |  Y  | N  | Y  | N  | N  | N  | N  |
| a_im_x_b_im_reg_reg | Flip-flop |  64   |  Y  | N  | Y  | N  | N  | N  | N  |
| a_re_x_b_im_reg_reg | Flip-flop |  64   |  Y  | N  | Y  | N  | N  | N  | N  |
===============================================================================
Presto compilation completed successfully. (FPC_MUL_FLOAT_PRECISION64)
Information: Building the design 'DELAY_BUFFER' instantiated from design 'RADIX2_FLOAT_PRECISION64_logn8_U7' with
        the parameters "FLOAT_PRECISION=64,DEPTH=2". (HDL-193)

Inferred memory devices in process
        in routine DELAY_BUFFER_FLOAT_PRECISION64_DEPTH2 line 38 in file
                '../01_RTL/DELAY_BUFFER.v'.
===============================================================================
|    Register Name    |   Type    | Width | Bus | MB | AR | AS | SR | SS | ST |
===============================================================================
|     buf_im_reg      | Flip-flop |  64   |  Y  | N  | Y  | N  | N  | N  | N  |
|    buf_valid_reg    | Flip-flop |   1   |  N  | N  | Y  | N  | N  | N  | N  |
|     buf_re_reg      | Flip-flop |  64   |  Y  | N  | Y  | N  | N  | N  | N  |
===============================================================================

Inferred memory devices in process
        in routine DELAY_BUFFER_FLOAT_PRECISION64_DEPTH2 line 61 in file
                '../01_RTL/DELAY_BUFFER.v'.
===============================================================================
|    Register Name    |   Type    | Width | Bus | MB | AR | AS | SR | SS | ST |
===============================================================================
|     buf_im_reg      | Flip-flop |  64   |  Y  | N  | Y  | N  | N  | N  | N  |
|    buf_valid_reg    | Flip-flop |   1   |  N  | N  | Y  | N  | N  | N  | N  |
|     buf_re_reg      | Flip-flop |  64   |  Y  | N  | Y  | N  | N  | N  | N  |
===============================================================================
Presto compilation completed successfully. (DELAY_BUFFER_FLOAT_PRECISION64_DEPTH2)
Information: Building the design 'DELAY_BUFFER' instantiated from design 'RADIX2_FLOAT_PRECISION64_logn8_U6' with
        the parameters "FLOAT_PRECISION=64,DEPTH=4". (HDL-193)

Inferred memory devices in process
        in routine DELAY_BUFFER_FLOAT_PRECISION64_DEPTH4 line 38 in file
                '../01_RTL/DELAY_BUFFER.v'.
===============================================================================
|    Register Name    |   Type    | Width | Bus | MB | AR | AS | SR | SS | ST |
===============================================================================
|     buf_im_reg      | Flip-flop |  64   |  Y  | N  | Y  | N  | N  | N  | N  |
|    buf_valid_reg    | Flip-flop |   1   |  N  | N  | Y  | N  | N  | N  | N  |
|     buf_re_reg      | Flip-flop |  64   |  Y  | N  | Y  | N  | N  | N  | N  |
===============================================================================

Inferred memory devices in process
        in routine DELAY_BUFFER_FLOAT_PRECISION64_DEPTH4 line 61 in file
                '../01_RTL/DELAY_BUFFER.v'.
===============================================================================
|    Register Name    |   Type    | Width | Bus | MB | AR | AS | SR | SS | ST |
===============================================================================
|     buf_im_reg      | Flip-flop |  192  |  Y  | N  | Y  | N  | N  | N  | N  |
|    buf_valid_reg    | Flip-flop |   3   |  Y  | N  | Y  | N  | N  | N  | N  |
|     buf_re_reg      | Flip-flop |  192  |  Y  | N  | Y  | N  | N  | N  | N  |
===============================================================================
Presto compilation completed successfully. (DELAY_BUFFER_FLOAT_PRECISION64_DEPTH4)
Information: Building the design 'DELAY_BUFFER' instantiated from design 'RADIX2_FLOAT_PRECISION64_logn8_U5' with
        the parameters "FLOAT_PRECISION=64,DEPTH=8". (HDL-193)

Inferred memory devices in process
        in routine DELAY_BUFFER_FLOAT_PRECISION64_DEPTH8 line 38 in file
                '../01_RTL/DELAY_BUFFER.v'.
===============================================================================
|    Register Name    |   Type    | Width | Bus | MB | AR | AS | SR | SS | ST |
===============================================================================
|     buf_im_reg      | Flip-flop |  64   |  Y  | N  | Y  | N  | N  | N  | N  |
|    buf_valid_reg    | Flip-flop |   1   |  N  | N  | Y  | N  | N  | N  | N  |
|     buf_re_reg      | Flip-flop |  64   |  Y  | N  | Y  | N  | N  | N  | N  |
===============================================================================

Inferred memory devices in process
        in routine DELAY_BUFFER_FLOAT_PRECISION64_DEPTH8 line 61 in file
                '../01_RTL/DELAY_BUFFER.v'.
===============================================================================
|    Register Name    |   Type    | Width | Bus | MB | AR | AS | SR | SS | ST |
===============================================================================
|     buf_im_reg      | Flip-flop |  448  |  Y  | N  | Y  | N  | N  | N  | N  |
|    buf_valid_reg    | Flip-flop |   7   |  Y  | N  | Y  | N  | N  | N  | N  |
|     buf_re_reg      | Flip-flop |  448  |  Y  | N  | Y  | N  | N  | N  | N  |
===============================================================================
Presto compilation completed successfully. (DELAY_BUFFER_FLOAT_PRECISION64_DEPTH8)
Information: Building the design 'DELAY_BUFFER' instantiated from design 'RADIX2_FLOAT_PRECISION64_logn8_U4' with
        the parameters "FLOAT_PRECISION=64,DEPTH=16". (HDL-193)

Inferred memory devices in process
        in routine DELAY_BUFFER_FLOAT_PRECISION64_DEPTH16 line 38 in file
                '../01_RTL/DELAY_BUFFER.v'.
===============================================================================
|    Register Name    |   Type    | Width | Bus | MB | AR | AS | SR | SS | ST |
===============================================================================
|     buf_im_reg      | Flip-flop |  64   |  Y  | N  | Y  | N  | N  | N  | N  |
|    buf_valid_reg    | Flip-flop |   1   |  N  | N  | Y  | N  | N  | N  | N  |
|     buf_re_reg      | Flip-flop |  64   |  Y  | N  | Y  | N  | N  | N  | N  |
===============================================================================

Inferred memory devices in process
        in routine DELAY_BUFFER_FLOAT_PRECISION64_DEPTH16 line 61 in file
                '../01_RTL/DELAY_BUFFER.v'.
===============================================================================
|    Register Name    |   Type    | Width | Bus | MB | AR | AS | SR | SS | ST |
===============================================================================
|     buf_im_reg      | Flip-flop |  960  |  Y  | N  | Y  | N  | N  | N  | N  |
|    buf_valid_reg    | Flip-flop |  15   |  Y  | N  | Y  | N  | N  | N  | N  |
|     buf_re_reg      | Flip-flop |  960  |  Y  | N  | Y  | N  | N  | N  | N  |
===============================================================================
Presto compilation completed successfully. (DELAY_BUFFER_FLOAT_PRECISION64_DEPTH16)
Information: Building the design 'DELAY_BUFFER' instantiated from design 'RADIX2_FLOAT_PRECISION64_logn8_U3' with
        the parameters "FLOAT_PRECISION=64,DEPTH=32". (HDL-193)

Inferred memory devices in process
        in routine DELAY_BUFFER_FLOAT_PRECISION64_DEPTH32 line 38 in file
                '../01_RTL/DELAY_BUFFER.v'.
===============================================================================
|    Register Name    |   Type    | Width | Bus | MB | AR | AS | SR | SS | ST |
===============================================================================
|     buf_im_reg      | Flip-flop |  64   |  Y  | N  | Y  | N  | N  | N  | N  |
|    buf_valid_reg    | Flip-flop |   1   |  N  | N  | Y  | N  | N  | N  | N  |
|     buf_re_reg      | Flip-flop |  64   |  Y  | N  | Y  | N  | N  | N  | N  |
===============================================================================

Inferred memory devices in process
        in routine DELAY_BUFFER_FLOAT_PRECISION64_DEPTH32 line 61 in file
                '../01_RTL/DELAY_BUFFER.v'.
===============================================================================
|    Register Name    |   Type    | Width | Bus | MB | AR | AS | SR | SS | ST |
===============================================================================
|     buf_im_reg      | Flip-flop | 1984  |  Y  | N  | Y  | N  | N  | N  | N  |
|    buf_valid_reg    | Flip-flop |  31   |  Y  | N  | Y  | N  | N  | N  | N  |
|     buf_re_reg      | Flip-flop | 1984  |  Y  | N  | Y  | N  | N  | N  | N  |
===============================================================================
Presto compilation completed successfully. (DELAY_BUFFER_FLOAT_PRECISION64_DEPTH32)
Information: Building the design 'DELAY_BUFFER' instantiated from design 'RADIX2_FLOAT_PRECISION64_logn8_U2' with
        the parameters "FLOAT_PRECISION=64,DEPTH=64". (HDL-193)

Inferred memory devices in process
        in routine DELAY_BUFFER_FLOAT_PRECISION64_DEPTH64 line 38 in file
                '../01_RTL/DELAY_BUFFER.v'.
===============================================================================
|    Register Name    |   Type    | Width | Bus | MB | AR | AS | SR | SS | ST |
===============================================================================
|     buf_im_reg      | Flip-flop |  64   |  Y  | N  | Y  | N  | N  | N  | N  |
|    buf_valid_reg    | Flip-flop |   1   |  N  | N  | Y  | N  | N  | N  | N  |
|     buf_re_reg      | Flip-flop |  64   |  Y  | N  | Y  | N  | N  | N  | N  |
===============================================================================

Inferred memory devices in process
        in routine DELAY_BUFFER_FLOAT_PRECISION64_DEPTH64 line 61 in file
                '../01_RTL/DELAY_BUFFER.v'.
===============================================================================
|    Register Name    |   Type    | Width | Bus | MB | AR | AS | SR | SS | ST |
===============================================================================
|     buf_im_reg      | Flip-flop | 4032  |  Y  | N  | Y  | N  | N  | N  | N  |
|    buf_valid_reg    | Flip-flop |  63   |  Y  | N  | Y  | N  | N  | N  | N  |
|     buf_re_reg      | Flip-flop | 4032  |  Y  | N  | Y  | N  | N  | N  | N  |
===============================================================================
Presto compilation completed successfully. (DELAY_BUFFER_FLOAT_PRECISION64_DEPTH64)
Information: Building the design 'DELAY_BUFFER' instantiated from design 'RADIX2_FLOAT_PRECISION64_logn8_U1' with
        the parameters "FLOAT_PRECISION=64,DEPTH=128". (HDL-193)

Inferred memory devices in process
        in routine DELAY_BUFFER_FLOAT_PRECISION64_DEPTH128 line 38 in file
                '../01_RTL/DELAY_BUFFER.v'.
===============================================================================
|    Register Name    |   Type    | Width | Bus | MB | AR | AS | SR | SS | ST |
===============================================================================
|     buf_im_reg      | Flip-flop |  64   |  Y  | N  | Y  | N  | N  | N  | N  |
|    buf_valid_reg    | Flip-flop |   1   |  N  | N  | Y  | N  | N  | N  | N  |
|     buf_re_reg      | Flip-flop |  64   |  Y  | N  | Y  | N  | N  | N  | N  |
===============================================================================

Inferred memory devices in process
        in routine DELAY_BUFFER_FLOAT_PRECISION64_DEPTH128 line 61 in file
                '../01_RTL/DELAY_BUFFER.v'.
===============================================================================
|    Register Name    |   Type    | Width | Bus | MB | AR | AS | SR | SS | ST |
===============================================================================
|     buf_im_reg      | Flip-flop | 8128  |  Y  | N  | Y  | N  | N  | N  | N  |
|    buf_valid_reg    | Flip-flop |  127  |  Y  | N  | Y  | N  | N  | N  | N  |
|     buf_re_reg      | Flip-flop | 8128  |  Y  | N  | Y  | N  | N  | N  | N  |
===============================================================================
Presto compilation completed successfully. (DELAY_BUFFER_FLOAT_PRECISION64_DEPTH128)
Information: Building the design 'FPC_ADD' instantiated from design 'BUTTERFLY_FLOAT_PRECISION64' with
        the parameters "FLOAT_PRECISION=64". (HDL-193)
Presto compilation completed successfully. (FPC_ADD_FLOAT_PRECISION64)
Information: Building the design 'FPC_SUB' instantiated from design 'BUTTERFLY_FLOAT_PRECISION64' with
        the parameters "FLOAT_PRECISION=64". (HDL-193)
Presto compilation completed successfully. (FPC_SUB_FLOAT_PRECISION64)
1
# (B-2) read_sverilog
# read_sverilog $DESIGN\.v
# (B-3) set current design
current_design $DESIGN
Current design is 'IFFT'.
{IFFT}
link

  Linking design 'IFFT'
  Using the following designs and libraries:
  --------------------------------------------------------------------------
  * (21 designs)              /home/daniel_kuo/Falcon/hardware/ifft/02_SYN/IFFT.db, etc
  sc9_cln40g_base_rvt_ss_typical_max_0p81v_125c (library) /cell_base_lib/CBDK_TSMC40_Arm_f2.0/CIC/SynopsysDC/db/sc9_base_rvt/sc9_cln40g_base_rvt_ss_typical_max_0p81v_125c.db
  sc9_cln40g_base_hvt_ss_typical_max_0p81v_125c (library) /cell_base_lib/CBDK_TSMC40_Arm_f2.0/CIC/SynopsysDC/db/sc9_base_hvt/sc9_cln40g_base_hvt_ss_typical_max_0p81v_125c.db
  sc9_cln40g_base_lvt_ss_typical_max_0p81v_125c (library) /cell_base_lib/CBDK_TSMC40_Arm_f2.0/CIC/SynopsysDC/db/sc9_base_lvt/sc9_cln40g_base_lvt_ss_typical_max_0p81v_125c.db
  dw_foundation.sldb (library) /usr/cad/synopsys/synthesis/cur/libraries/syn/dw_foundation.sldb

1
#======================================================
#  (C) Global Setting
#======================================================
set_wire_load_mode top
1
# set_operating_conditions -max WCCOM -min BCCOM
# set_wire_load_model -name umc18_wl10 -library slow
#======================================================
#  (D) Set Design Constraints
#======================================================
# (D-1) Setting Clock Constraints
create_clock -name clk -period $CYCLE [get_ports clk] 
1
set_dont_touch_network             [get_clocks clk]
1
set_fix_hold                       [get_clocks clk]
1
set_clock_uncertainty       0.1    [get_clocks clk]
1
# set_clock_latency   -source 0      [get_clocks clk]
# set_clock_latency           1      [get_clocks clk] 
set_input_transition        0.5    [all_inputs] 
1
set_clock_transition        0.1    [all_clocks] 
1
# (D-2) Setting in/out Constraints
set_input_delay   -max  $INPUT_DLY  -clock clk   [all_inputs] ;  # set_up time check 
1
set_input_delay   -min  0           -clock clk   [all_inputs] ;  # hold   time check 
1
set_output_delay  -max  $OUTPUT_DLY -clock clk   [all_outputs] ; # set_up time check 
1
set_output_delay  -min  0           -clock clk   [all_outputs] ; # hold   time check 
1
set_input_delay 0 -clock clk clk
1
set_input_delay 0 -clock clk rst_n
1
#set_max_delay $CYCLE -from [all_inputs] -to [all_outputs]
# (D-3) Setting Design Environment
# set_driving_cell -library umc18io3v5v_slow -lib_cell P2C    -pin {Y}  [get_ports clk]
# set_driving_cell -library umc18io3v5v_slow -lib_cell P2C    -pin {Y}  [remove_from_collection [all_inputs] [get_ports clk]]
# set_load  [load_of "umc18io3v5v_slow/P8C/A"]       [all_outputs] ; # ~= 0.038
set_load 0.05 [all_outputs]
1
# (D-4) Setting DRC Constraint
#set_max_delay           0     ; # Optimize delay max effort                 
#set_max_area            0      ; # Optimize area max effort           
set_max_transition      3       [all_inputs]   ; # U18 LUT Max Transition Value  
1
set_max_capacitance     0.15    [all_inputs]   ; # U18 LUT Max Capacitance Value
1
set_max_fanout          10      [all_inputs]
1
# set_dont_use slow/JKFF*
#set_dont_touch [get_cells core_reg_macro]
#set hdlin_ff_always_sync_set_reset true
# (D-5) Report Clock skew
report_clock -skew clk
Information: Checking out the license 'DesignWare'. (SEC-104)
  Allocating blocks in 'DW_fp_mult_sig_width52_exp_width11_ieee_compliance0'
Information: Changed wire load model for 'alt1' from '(none)' to 'Small'. (OPT-170)
Information: Changed wire load model for 'pparch' from '(none)' to 'Small'. (OPT-170)
Information: Changed wire load model for 'alt1' from '(none)' to 'Small'. (OPT-170)
Information: Changed wire load model for 'apparch' from '(none)' to 'Small'. (OPT-170)
Information: Changed wire load model for 'alt1' from '(none)' to 'Small'. (OPT-170)
Information: Changed wire load model for 'pparch' from '(none)' to 'Small'. (OPT-170)
Information: Changed wire load model for 'alt1' from '(none)' to 'Small'. (OPT-170)
Information: Changed wire load model for 'apparch' from '(none)' to 'Small'. (OPT-170)
Information: Changed wire load model for 'alt1' from '(none)' to 'Small'. (OPT-170)
Information: Changed wire load model for 'pparch' from '(none)' to 'Small'. (OPT-170)
Information: Changed wire load model for 'alt1' from '(none)' to 'Small'. (OPT-170)
Information: Changed wire load model for 'apparch' from '(none)' to 'Small'. (OPT-170)
  Allocating blocks in 'DW_lzd_a_width53'
  Allocating blocks in 'DW_lzod_a_width53_detect_10'
Information: Changed wire load model for 'alt1' from '(none)' to 'Small'. (OPT-170)
Information: Changed wire load model for 'apparch' from '(none)' to 'Small'. (OPT-170)
Information: Changed wire load model for 'alt1' from '(none)' to 'Small'. (OPT-170)
Information: Changed wire load model for 'apparch' from '(none)' to 'Small'. (OPT-170)
Information: Changed wire load model for 'alt1' from '(none)' to 'Small'. (OPT-170)
Information: Changed wire load model for 'apparch' from '(none)' to 'Small'. (OPT-170)
Information: Changed wire load model for 'alt1' from '(none)' to 'Small'. (OPT-170)
Information: Changed wire load model for 'apparch' from '(none)' to 'Small'. (OPT-170)
Information: Changed wire load model for 'alt1' from '(none)' to 'Small'. (OPT-170)
Information: Changed wire load model for 'apparch' from '(none)' to 'Small'. (OPT-170)
Information: Changed wire load model for 'alt1' from '(none)' to 'Small'. (OPT-170)
Information: Changed wire load model for 'apparch' from '(none)' to 'Small'. (OPT-170)
Information: Changed wire load model for 'alt1' from '(none)' to 'Small'. (OPT-170)
Information: Changed wire load model for 'apparch' from '(none)' to 'Small'. (OPT-170)
Information: Changed wire load model for 'alt1' from '(none)' to 'Small'. (OPT-170)
Information: Changed wire load model for 'apparch' from '(none)' to 'Small'. (OPT-170)
Information: Changed wire load model for 'alt1' from '(none)' to 'Small'. (OPT-170)
Information: Changed wire load model for 'apparch' from '(none)' to 'Small'. (OPT-170)
  Allocating blocks in 'DW_fp_sub_sig_width52_exp_width11_ieee_compliance0'
  Allocating blocks in 'DW_fp_addsub_sig_width52_exp_width11_ieee_compliance0'
Information: Changed wire load model for 'alt1' from '(none)' to 'Small'. (OPT-170)
Information: Changed wire load model for 'pparch' from '(none)' to 'Small'. (OPT-170)
Information: Changed wire load model for 'alt1' from '(none)' to 'Small'. (OPT-170)
Information: Changed wire load model for 'apparch' from '(none)' to 'Small'. (OPT-170)
Information: Changed wire load model for 'alt1' from '(none)' to 'Small'. (OPT-170)
Information: Changed wire load model for 'astr' from '(none)' to 'Small'. (OPT-170)
Information: Changed wire load model for 'alt1' from '(none)' to 'Small'. (OPT-170)
Information: Changed wire load model for 'astr' from '(none)' to 'Small'. (OPT-170)
Information: Changed wire load model for 'alt1' from '(none)' to 'Small'. (OPT-170)
Information: Changed wire load model for 'astr' from '(none)' to 'Small'. (OPT-170)
  Allocating blocks in 'DW_lzd_a_width56'
  Allocating blocks in 'DW_lzod_a_width56_detect_10'
Information: Changed wire load model for 'alt1' from '(none)' to 'Small'. (OPT-170)
Information: Changed wire load model for 'astr' from '(none)' to 'Small'. (OPT-170)
Information: Changed wire load model for 'alt1' from '(none)' to 'Small'. (OPT-170)
Information: Changed wire load model for 'astr' from '(none)' to 'Small'. (OPT-170)
Information: Changed wire load model for 'alt1' from '(none)' to 'Small'. (OPT-170)
Information: Changed wire load model for 'astr' from '(none)' to 'Small'. (OPT-170)
Information: Changed wire load model for 'alt1' from '(none)' to 'Small'. (OPT-170)
Information: Changed wire load model for 'apparch' from '(none)' to 'Small'. (OPT-170)
Warning: Dont_touch on net '*cell*6/*Logic0*' may be overridden by compile because it
        is connected to generic logic. Use all_connected to see net
        connections. (OPT-461)
Information: Changed wire load model for 'alt1' from '(none)' to 'Small'. (OPT-170)
Information: Changed wire load model for 'apparch' from '(none)' to 'Small'. (OPT-170)
Information: Changed wire load model for 'alt1' from '(none)' to 'Small'. (OPT-170)
Information: Changed wire load model for 'astr' from '(none)' to 'Small'. (OPT-170)
Information: Changed wire load model for 'alt1' from '(none)' to 'Small'. (OPT-170)
Information: Changed wire load model for 'astr' from '(none)' to 'Small'. (OPT-170)
  Allocating blocks in 'DW_fp_addsub_sig_width52_exp_width11_ieee_compliance0'
Information: Changed wire load model for 'alt1' from '(none)' to 'Small'. (OPT-170)
Information: Changed wire load model for 'astr' from '(none)' to 'Small'. (OPT-170)
Information: Changed wire load model for 'alt1' from '(none)' to 'Small'. (OPT-170)
Information: Changed wire load model for 'astr' from '(none)' to 'Small'. (OPT-170)
Information: Changed wire load model for 'alt1' from '(none)' to 'Small'. (OPT-170)
Information: Changed wire load model for 'astr' from '(none)' to 'Small'. (OPT-170)
Information: Changed wire load model for 'alt1' from '(none)' to 'Small'. (OPT-170)
Information: Changed wire load model for 'apparch' from '(none)' to 'Small'. (OPT-170)
Information: Changed wire load model for 'alt1' from '(none)' to 'Small'. (OPT-170)
Information: Changed wire load model for 'apparch' from '(none)' to 'Small'. (OPT-170)
Information: Changed wire load model for 'alt1' from '(none)' to 'Small'. (OPT-170)
Information: Changed wire load model for 'astr' from '(none)' to 'Small'. (OPT-170)
  Allocating blocks in 'DW_lzd_a_width56'
Information: Changed wire load model for 'alt1' from '(none)' to 'Small'. (OPT-170)
Information: Changed wire load model for 'astr' from '(none)' to 'Small'. (OPT-170)
  Allocating blocks in 'DW_fp_add_sig_width52_exp_width11_ieee_compliance0'
Warning: Dont_touch on net '*cell*6/*Logic0*' may be overridden by compile because it
        is connected to generic logic. Use all_connected to see net
        connections. (OPT-461)
Information: Changed wire load model for 'alt1' from '(none)' to 'Small'. (OPT-170)
Information: Changed wire load model for 'apparch' from '(none)' to 'Small'. (OPT-170)
Information: Changed wire load model for 'alt1' from '(none)' to 'Small'. (OPT-170)
Information: Changed wire load model for 'astr' from '(none)' to 'Small'. (OPT-170)
Information: Changed wire load model for 'alt1' from '(none)' to 'Small'. (OPT-170)
Information: Changed wire load model for 'astr' from '(none)' to 'Small'. (OPT-170)
Information: Updating design information... (UID-85)
Warning: Design 'IFFT' contains 37 high-fanout nets. A fanout number of 1000 will be used for delay calculations involving these nets. (TIM-134)
 
****************************************
Report : clock_skew
Design : IFFT
Version: T-2022.03
Date   : Thu Sep  4 17:45:12 2025
****************************************

                 Rise      Fall  Min Rise  Min fall        Uncertainty
Object          Delay     Delay     Delay     Delay     Plus      Minus
--------------------------------------------------------------------------------
clk                 -         -         -         -      0.10      0.10

                 Max Transition      Min Transition
Object           Rise      Fall      Rise      Fall
-------------------------------------------------------
clk              0.10      0.10      0.10      0.10
1
check_timing

Information: Checking generated_clocks...

Information: Checking loops...

Information: Checking no_input_delay...

Information: Checking unconstrained_endpoints...

Information: Checking pulse_clock_cell_type...

Information: Checking no_driving_cell...

Information: Checking partial_input_delay...
1
#======================================================
#  (E) Optimization
#======================================================
check_design > Report/$DESIGN\.check
set_fix_multiple_port_nets -all -buffer_constants [get_designs *]
1
set_fix_hold [all_clocks]
1
compile_ultra
Information: Performing power optimization. (PWR-850)
Alib files are up-to-date.
Information: Running optimization using a maximum of 4 cores. (OPT-1500)
Information: Evaluating DesignWare library utilization. (UISN-27)

============================================================================
| DesignWare Building Block Library  |         Version         | Available |
============================================================================
| Basic DW Building Blocks           | S-2021.06-DWBB_202106.0 |     *     |
| Licensed DW Building Blocks        | S-2021.06-DWBB_202106.0 |     *     |
============================================================================

====================================================================================================
| Flow Information                                                                                 |
----------------------------------------------------------------------------------------------------
| Flow         | Design Compiler NXT WLM                                                           |
| Comand line  | compile_ultra                                                                     |
====================================================================================================
| Design Information                                      | Value                                  |
====================================================================================================
| Number of Scenarios                                     | 0                                      |
| Leaf Cell Count                                         | 39216                                  |
| Number of User Hierarchies                              | 48                                     |
| Sequential Cell Count                                   | 38377                                  |
| Macro Count                                             | 0                                      |
| Number of Power Domains                                 | 0                                      |
| Number of Path Groups                                   | 2                                      |
| Number of VT class                                      | 0                                      |
| Number of Clocks                                        | 1                                      |
| Number of Dont Touch cells                              | 278                                    |
| Number of Dont Touch nets                               | 25                                     |
| Number of size only cells                               | 0                                      |
| Design with UPF Data                                    | false                                  |
----------------------------------------------------------------------------------------------------
| Variables                                               | Value                                  |
----------------------------------------------------------------------------------------------------
| set_fix_multiple_port_nets                              | -all -buffer_constants                 |
====================================================================================================
Information: Sequential output inversion is enabled.  SVF file must be used for formal verification. (OPT-1208)

Information: There are 476 potential problems in your design. Please run 'check_design' for more information. (LINT-99)

Information: Uniquified 8 instances of design 'BUTTERFLY_FLOAT_PRECISION64'. (OPT-1056)
Information: Uniquified 8 instances of design 'FPC_MUL_FLOAT_PRECISION64'. (OPT-1056)
Information: Uniquified 8 instances of design 'FPC_ADD_FLOAT_PRECISION64'. (OPT-1056)
Information: Uniquified 8 instances of design 'FPC_SUB_FLOAT_PRECISION64'. (OPT-1056)
  Simplifying Design 'IFFT'

Loaded alib file './alib-52/sc9_cln40g_base_rvt_ss_typical_max_0p81v_125c.db.alib' (placeholder)
Loaded alib file './alib-52/sc9_cln40g_base_hvt_ss_typical_max_0p81v_125c.db.alib'
Loaded alib file './alib-52/sc9_cln40g_base_lvt_ss_typical_max_0p81v_125c.db.alib' (placeholder)
  Building model 'DW01_NAND2'
Information: Ungrouping hierarchy u_stage_1 before Pass 1 (OPT-776)
Information: Ungrouping hierarchy u_stage_2 before Pass 1 (OPT-776)
Information: Ungrouping hierarchy u_stage_3 before Pass 1 (OPT-776)
Information: Ungrouping hierarchy u_stage_4 before Pass 1 (OPT-776)
Information: Ungrouping hierarchy u_stage_5 before Pass 1 (OPT-776)
Information: Ungrouping hierarchy u_stage_6 before Pass 1 (OPT-776)
Information: Ungrouping hierarchy u_stage_7 before Pass 1 (OPT-776)
Information: Ungrouping hierarchy u_stage_8 before Pass 1 (OPT-776)
Information: Ungrouping hierarchy u_stage_1/u_BUTTERFLY before Pass 1 (OPT-776)
Information: Ungrouping hierarchy u_stage_1/u_DELAY_BUFFER before Pass 1 (OPT-776)
Information: Ungrouping hierarchy u_stage_1/u_FPC_MUL before Pass 1 (OPT-776)
Information: Ungrouping hierarchy u_stage_2/u_DELAY_BUFFER before Pass 1 (OPT-776)
Information: Ungrouping hierarchy u_stage_3/u_DELAY_BUFFER before Pass 1 (OPT-776)
Information: Ungrouping hierarchy u_stage_4/u_DELAY_BUFFER before Pass 1 (OPT-776)
Information: Ungrouping hierarchy u_stage_5/u_DELAY_BUFFER before Pass 1 (OPT-776)
Information: Ungrouping hierarchy u_stage_6/u_DELAY_BUFFER before Pass 1 (OPT-776)
Information: Ungrouping hierarchy u_stage_8/u_BUTTERFLY before Pass 1 (OPT-776)
Information: Ungrouping hierarchy u_stage_7/u_BUTTERFLY before Pass 1 (OPT-776)
Information: Ungrouping hierarchy u_stage_6/u_BUTTERFLY before Pass 1 (OPT-776)
Information: Ungrouping hierarchy u_stage_5/u_BUTTERFLY before Pass 1 (OPT-776)
Information: Ungrouping hierarchy u_stage_4/u_BUTTERFLY before Pass 1 (OPT-776)
Information: Ungrouping hierarchy u_stage_3/u_BUTTERFLY before Pass 1 (OPT-776)
Information: Ungrouping hierarchy u_stage_2/u_BUTTERFLY before Pass 1 (OPT-776)
Information: Ungrouping hierarchy u_stage_8/u_FPC_MUL before Pass 1 (OPT-776)
Information: Ungrouping hierarchy u_stage_7/u_FPC_MUL before Pass 1 (OPT-776)
Information: Ungrouping hierarchy u_stage_6/u_FPC_MUL before Pass 1 (OPT-776)
Information: Ungrouping hierarchy u_stage_5/u_FPC_MUL before Pass 1 (OPT-776)
Information: Ungrouping hierarchy u_stage_4/u_FPC_MUL before Pass 1 (OPT-776)
Information: Ungrouping hierarchy u_stage_3/u_FPC_MUL before Pass 1 (OPT-776)
Information: Ungrouping hierarchy u_stage_2/u_FPC_MUL before Pass 1 (OPT-776)
Information: Ungrouping hierarchy u_stage_1/u_BUTTERFLY/u_FPC_ADD before Pass 1 (OPT-776)
Information: Ungrouping hierarchy u_stage_1/u_BUTTERFLY/u_FPC_SUB before Pass 1 (OPT-776)
Information: Ungrouping hierarchy u_stage_8/u_BUTTERFLY/u_FPC_ADD before Pass 1 (OPT-776)
Information: Ungrouping hierarchy u_stage_7/u_BUTTERFLY/u_FPC_ADD before Pass 1 (OPT-776)
Information: Ungrouping hierarchy u_stage_6/u_BUTTERFLY/u_FPC_ADD before Pass 1 (OPT-776)
Information: Ungrouping hierarchy u_stage_5/u_BUTTERFLY/u_FPC_ADD before Pass 1 (OPT-776)
Information: Ungrouping hierarchy u_stage_4/u_BUTTERFLY/u_FPC_ADD before Pass 1 (OPT-776)
Information: Ungrouping hierarchy u_stage_3/u_BUTTERFLY/u_FPC_ADD before Pass 1 (OPT-776)
Information: Ungrouping hierarchy u_stage_2/u_BUTTERFLY/u_FPC_ADD before Pass 1 (OPT-776)
Information: Ungrouping hierarchy u_stage_8/u_BUTTERFLY/u_FPC_SUB before Pass 1 (OPT-776)
Information: Ungrouping hierarchy u_stage_7/u_BUTTERFLY/u_FPC_SUB before Pass 1 (OPT-776)
Information: Ungrouping hierarchy u_stage_6/u_BUTTERFLY/u_FPC_SUB before Pass 1 (OPT-776)
Information: Ungrouping hierarchy u_stage_5/u_BUTTERFLY/u_FPC_SUB before Pass 1 (OPT-776)
Information: Ungrouping hierarchy u_stage_4/u_BUTTERFLY/u_FPC_SUB before Pass 1 (OPT-776)
Information: Ungrouping hierarchy u_stage_3/u_BUTTERFLY/u_FPC_SUB before Pass 1 (OPT-776)
Information: Ungrouping hierarchy u_stage_2/u_BUTTERFLY/u_FPC_SUB before Pass 1 (OPT-776)
Information: Ungrouping 46 of 49 hierarchies before Pass 1 (OPT-775)
Information: State dependent leakage is now switched from on to off.

  Beginning Pass 1 Mapping
  ------------------------
...........
  Processing 'DELAY_BUFFER_FLOAT_PRECISION64_DEPTH128'
  Processing 'IFFT'
Information: Added key list 'DesignWare' to design 'IFFT'. (DDB-72)
 Implement Synthetic for 'IFFT'.
  Processing 'IFFT_DW_fp_addsub_J2_0'
  Processing 'IFFT_DW_lzd_J2_0'
  Processing 'IFFT_DW_fp_addsub_J2_1'
  Processing 'IFFT_DW_lzd_J2_1'
  Processing 'IFFT_DW_fp_addsub_J2_2'
  Processing 'IFFT_DW_lzd_J2_2'
  Processing 'IFFT_DW_fp_addsub_J2_3'
  Processing 'IFFT_DW_lzd_J2_3'
  Processing 'IFFT_DW_fp_addsub_J2_4'
  Processing 'IFFT_DW_lzd_J2_4'
  Processing 'IFFT_DW_fp_addsub_J2_5'
  Processing 'IFFT_DW_lzd_J2_5'
  Processing 'IFFT_DW_fp_addsub_J2_6'
  Processing 'IFFT_DW_lzd_J2_6'
  Processing 'IFFT_DW_fp_addsub_J2_7'
  Processing 'IFFT_DW_lzd_J2_7'
  Processing 'IFFT_DW_fp_addsub_J2_8'
  Processing 'IFFT_DW_lzd_J2_8'
  Processing 'IFFT_DW_fp_addsub_J2_9'
  Processing 'IFFT_DW_lzd_J2_9'
  Processing 'IFFT_DW_fp_addsub_J2_10'
  Processing 'IFFT_DW_lzd_J2_10'
  Processing 'IFFT_DW_fp_addsub_J2_11'
  Processing 'IFFT_DW_lzd_J2_11'
  Processing 'IFFT_DW_fp_addsub_J2_12'
  Processing 'IFFT_DW_lzd_J2_12'
  Processing 'IFFT_DW_fp_addsub_J2_13'
  Processing 'IFFT_DW_lzd_J2_13'
  Processing 'IFFT_DW_fp_addsub_J2_14'
  Processing 'IFFT_DW_lzd_J2_14'
  Processing 'IFFT_DW_fp_addsub_J2_15'
  Processing 'IFFT_DW_lzd_J2_15'
  Processing 'IFFT_DW_fp_addsub_J2_16'
  Processing 'IFFT_DW_lzd_J2_16'
  Processing 'IFFT_DW_fp_addsub_J2_17'
  Processing 'IFFT_DW_lzd_J2_17'
  Processing 'IFFT_DW_fp_addsub_J2_18'
  Processing 'IFFT_DW_lzd_J2_18'
  Processing 'IFFT_DW_fp_addsub_J2_19'
  Processing 'IFFT_DW_lzd_J2_19'
  Processing 'IFFT_DW_fp_addsub_J2_20'
  Processing 'IFFT_DW_lzd_J2_20'
  Processing 'IFFT_DW_fp_addsub_J2_21'
  Processing 'IFFT_DW_lzd_J2_21'
  Processing 'IFFT_DW_fp_addsub_J2_22'
  Processing 'IFFT_DW_lzd_J2_22'
  Processing 'IFFT_DW_fp_addsub_J2_23'
  Processing 'IFFT_DW_lzd_J2_23'
  Processing 'IFFT_DW_fp_addsub_J2_24'
  Processing 'IFFT_DW_lzd_J2_24'
  Processing 'IFFT_DW_fp_addsub_J2_25'
  Processing 'IFFT_DW_lzd_J2_25'
  Processing 'IFFT_DW_fp_addsub_J2_26'
  Processing 'IFFT_DW_lzd_J2_26'
  Processing 'IFFT_DW_fp_addsub_J2_27'
  Processing 'IFFT_DW_lzd_J2_27'
  Processing 'IFFT_DW_fp_addsub_J2_28'
  Processing 'IFFT_DW_lzd_J2_28'
  Processing 'IFFT_DW_fp_addsub_J2_29'
  Processing 'IFFT_DW_lzd_J2_29'
  Processing 'IFFT_DW_fp_addsub_J2_30'
  Processing 'IFFT_DW_lzd_J2_30'
  Processing 'IFFT_DW_fp_addsub_J2_31'
  Processing 'IFFT_DW_lzd_J2_31'
  Processing 'IFFT_DW_fp_mult_J2_0'
  Processing 'IFFT_DW_lzd_J2_32'
  Processing 'IFFT_DW_lzd_J2_33'
  Processing 'IFFT_DW_fp_mult_J2_1'
  Processing 'IFFT_DW_lzd_J2_34'
  Processing 'IFFT_DW_lzd_J2_35'
  Processing 'IFFT_DW_fp_mult_J2_2'
  Processing 'IFFT_DW_lzd_J2_36'
  Processing 'IFFT_DW_lzd_J2_37'
  Processing 'IFFT_DW_fp_mult_J2_3'
  Processing 'IFFT_DW_lzd_J2_38'
  Processing 'IFFT_DW_lzd_J2_39'
  Processing 'IFFT_DW_fp_addsub_J2_32'
  Processing 'IFFT_DW_lzd_J2_40'
  Processing 'IFFT_DW_fp_addsub_J2_33'
  Processing 'IFFT_DW_lzd_J2_41'
  Processing 'IFFT_DW_fp_mult_J2_4'
  Processing 'IFFT_DW_lzd_J2_42'
  Processing 'IFFT_DW_lzd_J2_43'
  Processing 'IFFT_DW_fp_mult_J2_5'
  Processing 'IFFT_DW_lzd_J2_44'
  Processing 'IFFT_DW_lzd_J2_45'
  Processing 'IFFT_DW_fp_mult_J2_6'
  Processing 'IFFT_DW_lzd_J2_46'
  Processing 'IFFT_DW_lzd_J2_47'
  Processing 'IFFT_DW_fp_mult_J2_7'
  Processing 'IFFT_DW_lzd_J2_48'
  Processing 'IFFT_DW_lzd_J2_49'
  Processing 'IFFT_DW_fp_addsub_J2_34'
  Processing 'IFFT_DW_lzd_J2_50'
  Processing 'IFFT_DW_fp_addsub_J2_35'
  Processing 'IFFT_DW_lzd_J2_51'
  Processing 'IFFT_DW_fp_mult_J2_8'
  Processing 'IFFT_DW_lzd_J2_52'
  Processing 'IFFT_DW_lzd_J2_53'
  Processing 'IFFT_DW_fp_mult_J2_9'
  Processing 'IFFT_DW_lzd_J2_54'
  Processing 'IFFT_DW_lzd_J2_55'
  Processing 'IFFT_DW_fp_mult_J2_10'
  Processing 'IFFT_DW_lzd_J2_56'
  Processing 'IFFT_DW_lzd_J2_57'
  Processing 'IFFT_DW_fp_mult_J2_11'
  Processing 'IFFT_DW_lzd_J2_58'
  Processing 'IFFT_DW_lzd_J2_59'
  Processing 'IFFT_DW_fp_addsub_J2_36'
  Processing 'IFFT_DW_lzd_J2_60'
  Processing 'IFFT_DW_fp_addsub_J2_37'
  Processing 'IFFT_DW_lzd_J2_61'
  Processing 'IFFT_DW_fp_mult_J2_12'
  Processing 'IFFT_DW_lzd_J2_62'
  Processing 'IFFT_DW_lzd_J2_63'
  Processing 'IFFT_DW_fp_mult_J2_13'
  Processing 'IFFT_DW_lzd_J2_64'
  Processing 'IFFT_DW_lzd_J2_65'
  Processing 'IFFT_DW_fp_mult_J2_14'
  Processing 'IFFT_DW_lzd_J2_66'
  Processing 'IFFT_DW_lzd_J2_67'
  Processing 'IFFT_DW_fp_mult_J2_15'
  Processing 'IFFT_DW_lzd_J2_68'
  Processing 'IFFT_DW_lzd_J2_69'
  Processing 'IFFT_DW_fp_addsub_J2_38'
  Processing 'IFFT_DW_lzd_J2_70'
  Processing 'IFFT_DW_fp_addsub_J2_39'
  Processing 'IFFT_DW_lzd_J2_71'
  Processing 'IFFT_DW_fp_mult_J2_16'
  Processing 'IFFT_DW_lzd_J2_72'
  Processing 'IFFT_DW_lzd_J2_73'
  Processing 'IFFT_DW_fp_mult_J2_17'
  Processing 'IFFT_DW_lzd_J2_74'
  Processing 'IFFT_DW_lzd_J2_75'
  Processing 'IFFT_DW_fp_mult_J2_18'
  Processing 'IFFT_DW_lzd_J2_76'
  Processing 'IFFT_DW_lzd_J2_77'
  Processing 'IFFT_DW_fp_mult_J2_19'
  Processing 'IFFT_DW_lzd_J2_78'
  Processing 'IFFT_DW_lzd_J2_79'
  Processing 'IFFT_DW_fp_addsub_J2_40'
  Processing 'IFFT_DW_lzd_J2_80'
  Processing 'IFFT_DW_fp_addsub_J2_41'
  Processing 'IFFT_DW_lzd_J2_81'
  Processing 'IFFT_DW_fp_mult_J2_20'
  Processing 'IFFT_DW_lzd_J2_82'
  Processing 'IFFT_DW_lzd_J2_83'
  Processing 'IFFT_DW_fp_mult_J2_21'
  Processing 'IFFT_DW_lzd_J2_84'
  Processing 'IFFT_DW_lzd_J2_85'
  Processing 'IFFT_DW_fp_mult_J2_22'
  Processing 'IFFT_DW_lzd_J2_86'
  Processing 'IFFT_DW_lzd_J2_87'
  Processing 'IFFT_DW_fp_mult_J2_23'
  Processing 'IFFT_DW_lzd_J2_88'
  Processing 'IFFT_DW_lzd_J2_89'
  Processing 'IFFT_DW_fp_addsub_J2_42'
  Processing 'IFFT_DW_lzd_J2_90'
  Processing 'IFFT_DW_fp_addsub_J2_43'
  Processing 'IFFT_DW_lzd_J2_91'
  Processing 'IFFT_DW_fp_mult_J2_24'
  Processing 'IFFT_DW_lzd_J2_92'
  Processing 'IFFT_DW_lzd_J2_93'
  Processing 'IFFT_DW_fp_mult_J2_25'
  Processing 'IFFT_DW_lzd_J2_94'
  Processing 'IFFT_DW_lzd_J2_95'
  Processing 'IFFT_DW_fp_mult_J2_26'
  Processing 'IFFT_DW_lzd_J2_96'
  Processing 'IFFT_DW_lzd_J2_97'
  Processing 'IFFT_DW_fp_mult_J2_27'
  Processing 'IFFT_DW_lzd_J2_98'
  Processing 'IFFT_DW_lzd_J2_99'
  Processing 'IFFT_DW_fp_addsub_J2_44'
  Processing 'IFFT_DW_lzd_J2_100'
  Processing 'IFFT_DW_fp_addsub_J2_45'
  Processing 'IFFT_DW_lzd_J2_101'
  Processing 'IFFT_DW_fp_mult_J2_28'
  Processing 'IFFT_DW_lzd_J2_102'
  Processing 'IFFT_DW_lzd_J2_103'
  Processing 'IFFT_DW_fp_mult_J2_29'
  Processing 'IFFT_DW_lzd_J2_104'
  Processing 'IFFT_DW_lzd_J2_105'
  Processing 'IFFT_DW_fp_mult_J2_30'
  Processing 'IFFT_DW_lzd_J2_106'
  Processing 'IFFT_DW_lzd_J2_107'
  Processing 'IFFT_DW_fp_mult_J2_31'
  Processing 'IFFT_DW_lzd_J2_108'
  Processing 'IFFT_DW_lzd_J2_109'
  Processing 'IFFT_DW_fp_addsub_J2_46'
  Processing 'IFFT_DW_lzd_J2_110'
  Processing 'IFFT_DW_fp_addsub_J2_47'
  Processing 'IFFT_DW_lzd_J2_111'
  Processing 'DELAY_BUFFER_FLOAT_PRECISION64_DEPTH64'

  Updating timing information
Information: Updating design information... (UID-85)
Information: The library cell 'TIELO_X1M_A9TR' in the library 'sc9_cln40g_base_rvt_ss_typical_max_0p81v_125c' is not characterized for internal power. (PWR-536)
Information: The library cell 'TIEHI_X1M_A9TR' in the library 'sc9_cln40g_base_rvt_ss_typical_max_0p81v_125c' is not characterized for internal power. (PWR-536)
Information: The library cell 'TIELO_X1M_A9TH' in the library 'sc9_cln40g_base_hvt_ss_typical_max_0p81v_125c' is not characterized for internal power. (PWR-536)
Information: The library cell 'TIEHI_X1M_A9TH' in the library 'sc9_cln40g_base_hvt_ss_typical_max_0p81v_125c' is not characterized for internal power. (PWR-536)
Information: The library cell 'TIELO_X1M_A9TL' in the library 'sc9_cln40g_base_lvt_ss_typical_max_0p81v_125c' is not characterized for internal power. (PWR-536)
Information: The library cell 'TIEHI_X1M_A9TL' in the library 'sc9_cln40g_base_lvt_ss_typical_max_0p81v_125c' is not characterized for internal power. (PWR-536)
Information: The target library(s) contains cell(s), other than black boxes, that are not characterized for internal power. (PWR-24)
Information: Complementing port 'ena' in design 'DELAY_BUFFER_FLOAT_PRECISION64_DEPTH128'.
         The new name of the port is 'ena_BAR'. (OPT-319)
Information: Complementing port 'ena' in design 'DELAY_BUFFER_FLOAT_PRECISION64_DEPTH64'.
         The new name of the port is 'ena_BAR'. (OPT-319)

  Beginning Mapping Optimizations  (Ultra High effort)
  -------------------------------
  Mapping Optimization (Phase 1)
Information: Ungrouping hierarchy u_stage_7/u_DELAY_BUFFER 'DELAY_BUFFER_FLOAT_PRECISION64_DEPTH64' #insts = 16513. (OPT-777)
Information: Ungrouping hierarchy u_stage_8/u_DELAY_BUFFER 'DELAY_BUFFER_FLOAT_PRECISION64_DEPTH128' #insts = 33025. (OPT-777)
  Mapping Optimization (Phase 2)
  Mapping Optimization (Phase 3)
  Mapping Optimization (Phase 4)
  Mapping Optimization (Phase 5)
  Mapping Optimization (Phase 6)
  Mapping Optimization (Phase 7)
  Mapping Optimization (Phase 8)
  Mapping Optimization (Phase 9)
  Mapping Optimization (Phase 10)
  Mapping Optimization (Phase 11)
  Mapping Optimization (Phase 12)
  Mapping Optimization (Phase 13)
  Mapping Optimization (Phase 14)
  Mapping Optimization (Phase 15)
  Mapping Optimization (Phase 16)
  Mapping Optimization (Phase 17)
  Mapping Optimization (Phase 18)
  Mapping Optimization (Phase 19)

                                  TOTAL                                                            
   ELAPSED            WORST NEG   SETUP    DESIGN                              LEAKAGE   MIN DELAY 
    TIME      AREA      SLACK     COST    RULE COST         ENDPOINT            POWER      COST    
  --------- --------- --------- --------- --------- ------------------------- --------- -----------
    0:26:02 1992717.0      1.64    6788.1     175.2                           13596.9346      0.00  
    0:26:16 1976523.9      3.87    8945.2    9628.0                           13496.6611      0.00  

  Beginning Constant Register Removal
  -----------------------------------
    0:26:25 1979960.6      2.21    7363.2    2656.1                           13537.8008      0.00  
    0:26:37 1976927.2      2.57    7522.1    3036.6                           13520.2129      0.00  

  Beginning Global Optimizations
  ------------------------------
  Numerical Synthesis (Phase 1)
  Numerical Synthesis (Phase 2)
  Global Optimization (Phase 1)
  Global Optimization (Phase 2)
  Global Optimization (Phase 3)
  Global Optimization (Phase 4)
  Global Optimization (Phase 5)
  Global Optimization (Phase 6)
  Global Optimization (Phase 7)
  Global Optimization (Phase 8)
  Global Optimization (Phase 9)
  Global Optimization (Phase 10)
  Global Optimization (Phase 11)
  Global Optimization (Phase 12)
  Global Optimization (Phase 13)
  Global Optimization (Phase 14)
  Global Optimization (Phase 15)
  Global Optimization (Phase 16)
  Global Optimization (Phase 17)
  Global Optimization (Phase 18)
  Global Optimization (Phase 19)
  Global Optimization (Phase 20)
  Global Optimization (Phase 21)
  Global Optimization (Phase 22)
  Global Optimization (Phase 23)
  Global Optimization (Phase 24)
  Global Optimization (Phase 25)
  Global Optimization (Phase 26)
  Global Optimization (Phase 27)
  Global Optimization (Phase 28)
  Global Optimization (Phase 29)
  Global Optimization (Phase 30)
  Global Optimization (Phase 31)
  Global Optimization (Phase 32)
  Mapping 'IFFT_DP_OP_49J2_180_2805_2'

  Beginning Isolate Ports
  -----------------------

  Beginning Delay Optimization
  ----------------------------
    0:28:36  978646.3      2.54    7717.2    3842.7                           5152.7666      0.00  
    0:28:42  981948.7      1.68    6893.8    3789.9                           5181.2651      0.00  
    0:28:42  981948.7      1.68    6893.8    3789.9                           5181.2651      0.00  
    0:28:43  981962.6      1.68    6898.2    3789.9                           5181.3916      0.00  
    0:30:43  980426.0      2.24    7361.9    3789.9                           5171.7905      0.00  
    0:31:04  974096.2      2.37    7507.4    3816.4                           5134.1641      0.00  

  Beginning WLM Backend Optimization
  --------------------------------------
    0:33:10  974054.0      2.32    7429.0    3816.4                           5121.5049      0.00  
    0:33:12  973818.4      2.32    7429.2    3772.4                           5112.0781      0.00  
    0:33:12  973426.9      2.32    7429.2    3700.1                           5104.6641      0.00  
    0:33:13  973006.7      2.32    7429.2    3629.9                           5103.6665      0.00  
    0:33:14  972658.3      2.32    7430.8    3581.9                           5102.7720      0.00  
    0:33:15  972298.4      2.32    7431.1    3565.3                           5100.4756      0.00  
    0:33:16  971834.8      2.32    7429.5    3565.3                           5097.7441      0.00  
    0:33:17  971411.1      2.32    7430.5    3565.3                           5094.8101      0.00  
    0:33:17  970953.9      2.31    7431.8    3564.9                           5091.6060      0.00  
    0:33:18  970660.2      2.31    7433.2    3555.9                           5089.1421      0.00  
    0:33:19  970384.4      2.31    7432.8    3555.9                           5087.0977      0.00  
    0:33:19  970017.5      2.31    7431.5    3546.6                           5084.4707      0.00  
    0:33:20  969485.6      2.31    7427.6    3546.6                           5080.6294      0.00  
    0:33:20  969429.1      2.31    7427.5    3546.6                           5080.0786      0.00  
    0:33:46  969014.1      2.31    7427.4    3546.6                           5077.2812      0.00  
    0:33:53  968632.4      2.31    7403.7    3546.6                           5074.2588      0.00  
    0:34:08  968283.3      2.31    7383.8    3332.6                           5071.5908      0.00  
    0:34:17  968052.7      2.31    7377.9    3003.2                           5069.8652      0.00  
    0:34:18  967705.7      2.28    7362.3    3003.2                           5067.0015      0.00  
    0:34:20  967366.4      2.28    7361.4    3003.1                           5064.6587      0.00  
    0:34:22  966949.1      2.28    7364.1    3003.1                           5061.6348      0.00  
    0:34:23  966588.2      2.28    7366.2    3003.1                           5059.0791      0.00  
    0:34:25  966174.1      2.28    7370.0    2971.4                           5056.3613      0.00  
    0:34:26  965757.9      2.28    7374.1    2971.4                           5053.4395      0.00  
    0:34:27  965341.5      2.28    7374.6    2971.4                           5050.3530      0.00  
    0:34:28  964898.8      2.28    7378.7    2971.4                           5047.1172      0.00  
    0:34:29  964375.6      2.28    7374.5    2937.2                           5043.3921      0.00  
    0:34:30  963985.0      2.28    7392.8    2937.2                           5040.5771      0.00  
    0:34:31  963636.7      2.28    7389.1    2937.2                           5037.7793      0.00  
    0:34:32  963254.7      2.26    7384.5    2937.2                           5034.8389      0.00  
    0:34:33  963157.7      2.26    7385.7    2937.2                           5034.0640      0.00  
    0:34:33  963142.2      2.26    7385.7    2937.2                           5033.9600      0.00  
    0:34:34  963126.4      2.26    7385.7    2937.2                           5033.8174      0.00  
    0:34:34  963081.7      2.26    7385.2    2937.2                           5033.4839      0.00  
    0:34:35  962811.1      2.25    7375.2    2932.0                           5030.9224      0.00  
    0:34:35  962781.2      2.25    7375.2    2932.0                           5030.6763      0.00  
    0:34:36  962732.2      2.16    7342.5    2932.0                           5030.2847      0.00  
    0:34:37  962686.4      2.16    7341.7    2932.0                           5029.8047      0.00  
    0:34:37  962676.8      2.16    7341.7    2932.0                           5029.7627      0.00  

  Beginning Delay Optimization HSVT Pass
  --------------------------------------
    0:34:39  962506.3      2.16    7338.6    2914.8                           5028.5244      0.00  
    0:34:39  962506.3      2.16    7338.6    2914.8                           5028.5244      0.00  
    0:34:39  962506.3      2.16    7338.6    2914.8                           5028.5244      0.00  
    0:34:48  977141.7      1.50    6469.2    3199.9                           5510.7876      0.00  
    0:34:49  977141.7      1.50    6469.2    3199.9                           5510.7876      0.00  
    0:34:49  977141.7      1.50    6469.2    3199.9                           5510.7876      0.00  
    0:34:49  977141.7      1.50    6469.2    3199.9                           5510.7876      0.00  
    0:34:54  982145.6      1.38    6081.9    3486.6                           5909.2710      0.00  
    0:34:56  982145.6      1.38    6081.9    3486.6                           5909.2710      0.00  
    0:35:01  981344.8      1.29    5847.9    3200.2                           6123.9053      0.00  
    0:35:05  981114.3      1.24    5695.0    3181.9                           6278.2622      0.00  
    0:35:09  981125.7      1.22    5547.2    3153.6                           6418.4702      0.00  
    0:35:13  981036.1      1.18    5444.4    3171.4                           6525.3164      0.00  
    0:35:17  981079.6      1.15    5339.2    3139.5                           6635.0708      0.00  
    0:35:21  981111.4      1.13    5243.3    3134.7                           6725.8789      0.00  
    0:35:25  981255.2      1.13    5136.4    3133.5                           6825.9863      0.00  
    0:35:30  981350.2      1.09    5063.2    3133.5                           6913.2998      0.00  
    0:35:34  981480.2      1.08    4980.3    3134.7                           7001.9136      0.00  
    0:35:38  981774.8      1.08    4894.9    3128.7                           7126.7549      0.00  
    0:35:42  981833.1      1.08    4812.5    3134.1                           7223.3682      0.00  
    0:35:46  981845.5      1.08    4737.0    3157.4                           7322.1206      0.00  
    0:35:50  981783.6      1.07    4662.2    3165.3                           7405.9258      0.00  
    0:35:54  981923.1      1.05    4601.1    3164.7                           7503.2622      0.00  
    0:35:57  981944.6      1.04    4532.4    3131.8                           7595.8081      0.00  
    0:36:01  982006.3      1.03    4475.6    3108.1                           7679.1587      0.00  
    0:36:05  982203.0      1.03    4412.2    3093.3                           7782.1182      0.00  
    0:36:08  982186.4      1.02    4348.1    3077.9                           7876.9976      0.00  
    0:36:12  982184.6      1.02    4297.4    3067.0                           7963.6255      0.00  
    0:36:15  982228.6      0.99    4235.8    3049.4                           8049.5981      0.00  
    0:36:19  982180.3      0.98    4181.0    3023.9                           8134.4238      0.00  
    0:36:22  982289.8      0.98    4122.5    2996.0                           8222.4229      0.00  
    0:36:26  982365.8      0.98    4067.9    2979.7                           8305.0039      0.00  
    0:36:29  982348.6      0.98    4014.5    2967.2                           8402.4854      0.00  
    0:36:30  982355.8      0.98    4002.4    2943.4                           8427.8203      0.00  
    0:36:31  982355.8      0.98    4002.4    2943.4                           8427.8203      0.00  
    0:37:01  951338.2      0.96    3934.2    1156.4                           8425.4062      0.00  
    0:37:02  951338.2      0.96    3934.2    1156.4                           8425.4062      0.00  
    0:37:19  959055.1      0.79    3640.1    1347.1                           9343.3965      0.00  
    0:37:19  959055.1      0.79    3640.1    1347.1                           9343.3965      0.00  
    0:37:38  957302.6      0.50    2242.3    1381.2                           11234.6455      0.00  
    0:37:38  957302.6      0.50    2242.3    1381.2                           11234.6455      0.00  
    0:37:49  964343.8      0.47    2106.3    1518.9                           11866.2715      0.00  
    0:37:49  964343.8      0.47    2106.3    1518.9                           11866.2715      0.00  
    0:38:48  963008.4      0.00       0.0    1854.5                           15293.0361      0.00  
    0:38:48  963008.4      0.00       0.0    1854.5                           15293.0361      0.00  
    0:38:49  963184.2      0.00       0.0    1854.5                           15313.1387      0.00  

  Beginning Delay Optimization
  ----------------------------
    0:38:49  963184.2      0.00       0.0    1854.5                           15313.1387      0.00  
    0:38:49  963184.2      0.00       0.0    1854.5                           15313.1387      0.00  
    0:38:49  963184.2      0.00       0.0    1854.5                           15313.1387      0.00  
    0:38:49  963184.2      0.00       0.0    1854.5                           15313.1387      0.00  
    0:38:49  963184.2      0.00       0.0    1854.5                           15313.1387      0.00  
    0:38:49  963184.2      0.00       0.0    1854.5                           15313.1387      0.00  
    0:38:49  963184.2      0.00       0.0    1854.5                           15313.1387      0.00  
    0:38:49  963184.2      0.00       0.0    1854.5                           15313.1387      0.00  


  Beginning Design Rule Fixing  (max_transition)  (max_capacitance)
  ----------------------------

                                  TOTAL                                                            
   ELAPSED            WORST NEG   SETUP    DESIGN                              LEAKAGE   MIN DELAY 
    TIME      AREA      SLACK     COST    RULE COST         ENDPOINT            POWER      COST    
  --------- --------- --------- --------- --------- ------------------------- --------- -----------
    0:38:49  963184.2      0.00       0.0    1854.5                           15313.1387      0.00  
  Global Optimization (Phase 33)
  Global Optimization (Phase 34)
  Global Optimization (Phase 35)
    0:39:00  963565.2      0.00       0.0       0.0                           15359.3223      0.00  
    0:39:00  963565.2      0.00       0.0       0.0                           15359.3223      0.00  


  Beginning Leakage Power Optimization  (max_leakage_power 0)
  ------------------------------------

                                  TOTAL                                                            
   ELAPSED            WORST NEG   SETUP    DESIGN                              LEAKAGE   MIN DELAY 
    TIME      AREA      SLACK     COST    RULE COST         ENDPOINT            POWER      COST    
  --------- --------- --------- --------- --------- ------------------------- --------- -----------
    0:39:00  963565.2      0.00       0.0       0.0                           15359.3223      0.00  
  Global Optimization (Phase 36)
  Global Optimization (Phase 37)
  Global Optimization (Phase 38)
  Global Optimization (Phase 39)
  Global Optimization (Phase 40)
  Global Optimization (Phase 41)
  Global Optimization (Phase 42)
  Global Optimization (Phase 43)
  Global Optimization (Phase 44)
  Global Optimization (Phase 45)
  Global Optimization (Phase 46)
  Global Optimization (Phase 47)
  Global Optimization (Phase 48)
  Global Optimization (Phase 49)
  Global Optimization (Phase 50)
  Global Optimization (Phase 51)
  Global Optimization (Phase 52)
    0:41:29  918027.4      0.49    1433.9       3.7                           13014.0215      0.00  
    0:42:05  937805.1      0.19     529.4     102.9                           14378.4580      0.00  
    0:42:06  937805.1      0.19     529.4     102.9                           14378.4580      0.00  
    0:42:51  862319.4      0.18     312.1      12.1                           12726.4463      0.00  
    0:42:51  862319.4      0.18     312.1      12.1                           12726.4463      0.00  
    0:43:34  878557.0      0.05      37.7      21.6                           13749.2461      0.00  
    0:43:35  878557.0      0.05      37.7      21.6                           13749.2461      0.00  
    0:43:38  878896.9      0.00       0.0      22.7                           13930.4971      0.00  
    0:43:38  878896.9      0.00       0.0      22.7                           13930.4971      0.00  
    0:43:38  878896.9      0.00       0.0      22.7                           13930.4971      0.00  
    0:43:38  878896.9      0.00       0.0      22.7                           13930.4971      0.00  
    0:43:38  878896.9      0.00       0.0      22.7                           13930.4971      0.00  
    0:43:38  878896.9      0.00       0.0      22.7                           13930.4971      0.00  
    0:43:38  878896.9      0.00       0.0      22.7                           13930.4971      0.00  
    0:43:38  878896.9      0.00       0.0      22.7                           13930.4971      0.00  
    0:43:38  878896.9      0.00       0.0      22.7                           13930.4971      0.00  
    0:43:38  878896.9      0.00       0.0      22.7                           13930.4971      0.00  
    0:43:38  878896.9      0.00       0.0      22.7                           13930.4971      0.00  
    0:43:38  878896.9      0.00       0.0      22.7                           13930.4971      0.00  
    0:43:38  878896.9      0.00       0.0      22.7                           13930.4971      0.00  
    0:43:38  878896.9      0.00       0.0      22.7                           13930.4971      0.00  
    0:43:38  878896.9      0.00       0.0      22.7                           13930.4971      0.00  
    0:43:43  878916.7      0.00       0.0      22.7                           13930.5576      0.00  

                                  TOTAL                                                            
   ELAPSED            WORST NEG   SETUP    DESIGN                              LEAKAGE   MIN DELAY 
    TIME      AREA      SLACK     COST    RULE COST         ENDPOINT            POWER      COST    
  --------- --------- --------- --------- --------- ------------------------- --------- -----------
    0:43:54  878916.7      0.00       0.0      22.7                           13930.5576      0.00  
    0:48:01  785609.3      0.00       0.0      15.5                           10404.6895      0.00  
    0:48:02  785609.3      0.00       0.0      15.5                           10404.6895      0.00  
    0:48:02  785609.3      0.00       0.0      15.5                           10404.6895      0.00  
    0:48:55  776632.6      0.00       0.4       0.3                           9453.9219      0.00  

  Beginning Delay Optimization HSVT Pass
  --------------------------------------
    0:48:56  776632.6      0.00       0.4       0.3                           9453.9219      0.00  
    0:48:56  776632.6      0.00       0.4       0.3                           9453.9219      0.00  
    0:48:57  776632.6      0.00       0.4       0.3                           9453.9219      0.00  
    0:49:19  776885.7      0.00       0.0       0.3                           9455.8184      0.00  
    0:49:21  776885.7      0.00       0.0       0.3                           9455.8184      0.00  
    0:49:21  776885.7      0.00       0.0       0.3                           9455.8184      0.00  
    0:49:21  776885.7      0.00       0.0       0.3                           9455.8184      0.00  
    0:49:26  776885.7      0.00       0.0       0.3                           9455.8184      0.00  
    0:49:30  776863.0      0.00       0.0       0.3                           9455.1514      0.00  
    0:49:31  776832.8      0.00       0.0       0.3                           9454.3896      0.00  
    0:49:33  776803.4      0.00       0.0       0.3                           9453.7959      0.00  
    0:51:01  776760.7      0.00       0.0       0.2                           9449.7783      0.00  
    0:51:03  776722.6      0.00       0.0       0.2                           9448.5693      0.00  
    0:51:04  776656.2      0.00       0.0       0.2                           9446.7207      0.00  
    0:51:06  776631.2      0.00       0.0       0.2                           9445.9932      0.00  
    0:51:07  776583.8      0.00       0.0       0.2                           9443.7139      0.00  
    0:51:10  776579.3      0.00       0.0       0.2                           9443.3447      0.00  
    0:51:11  776573.4      0.00       0.0       0.2                           9442.9395      0.00  
    0:51:11  776566.6      0.00       0.0       0.2                           9442.7217      0.00  
    0:51:12  776561.4      0.00       0.0       0.2                           9442.5205      0.00  
    0:51:13  776553.9      0.00       0.0       0.2                           9442.2070      0.00  
    0:51:17  776533.7      0.00       0.0       0.1                           9437.8574      0.00  
    0:51:20  776581.8      0.00       0.0       0.1                           9432.7197      0.00  
    0:51:26  776735.8      0.00       0.0       0.1                           9424.2158      0.00  
    0:51:28  776954.6      0.00       0.0       0.1                           9418.7070      0.00  
    0:51:29  777164.2      0.00       0.0       0.1                           9413.0342      0.00  
    0:51:30  777313.2      0.00       0.0       0.1                           9401.4648      0.00  
    0:51:31  777480.1      0.00       0.0       0.1                           9387.5273      0.00  
    0:51:32  777618.0      0.00       0.0       0.1                           9372.5371      0.00  
    0:51:34  777722.6      0.00       0.0       0.1                           9360.4238      0.00  
    0:51:35  777806.0      0.00       0.0       0.1                           9353.2354      0.00  
    0:51:36  777911.1      0.00       0.0       0.1                           9346.7109      0.00  
    0:51:38  778033.3      0.00       0.0       0.1                           9334.7236      0.00  
    0:51:39  778104.5      0.00       0.0       0.1                           9325.0225      0.00  
    0:51:43  778112.0      0.00       0.0       0.0 net2815286                9324.2988      0.00  
    0:51:43  778112.0      0.00       0.0       0.0                           9324.2988      0.00  
    0:51:43  778112.0      0.00       0.0       0.0                           9324.2988      0.00  
    0:51:43  778112.0      0.00       0.0       0.0                           9324.2988      0.00  
    0:51:43  778112.0      0.00       0.0       0.0                           9324.2988      0.00  
    0:51:45  778112.0      0.00       0.0       0.0                           9324.2988      0.00  
    0:51:45  778112.0      0.00       0.0       0.0                           9324.2988      0.00  
    0:52:03  775839.5      0.00       0.0       0.0                           9280.1914      0.00  
    0:52:12  773019.2      0.00       0.0       0.0                           9282.5566      0.00  
    0:52:25  770512.4      0.00       0.0       0.0                           9240.3877      0.00  
    0:52:39  769575.7      0.00       0.0       0.0                           9203.8018      0.00  
Loading db file '/cell_base_lib/CBDK_TSMC40_Arm_f2.0/CIC/SynopsysDC/db/sc9_base_rvt/sc9_cln40g_base_rvt_ss_typical_max_0p81v_125c.db'
Loading db file '/cell_base_lib/CBDK_TSMC40_Arm_f2.0/CIC/SynopsysDC/db/sc9_base_hvt/sc9_cln40g_base_hvt_ss_typical_max_0p81v_125c.db'
Loading db file '/cell_base_lib/CBDK_TSMC40_Arm_f2.0/CIC/SynopsysDC/db/sc9_base_lvt/sc9_cln40g_base_lvt_ss_typical_max_0p81v_125c.db'


Note: Symbol # after min delay cost means estimated hold TNS across all active scenarios 


  Optimization Complete
  ---------------------
Warning: Design 'IFFT' contains 1 high-fanout nets. A fanout number of 1000 will be used for delay calculations involving these nets. (TIM-134)
     Net 'clk': 38377 load(s), 1 driver(s)
Information: State dependent leakage is now switched from off to on.
Information: Propagating switching activity (low effort zero delay simulation). (PWR-6)
1
#uniquify
#compile
#======================================================
#  (F) Output Reports 
#======================================================
report_design  >  Report/$DESIGN\.design
report_resource >  Report/$DESIGN\.resource
report_timing -max_paths 3 >  Report/$DESIGN\.timing
report_area >  Report/$DESIGN\.area
report_power > Report/$DESIGN\.power
report_clock > Report/$DESIGN\.clock
report_port >  Report/$DESIGN\.port
report_power >  Report/$DESIGN\.power
#report_reference > Report/$DESIGN\.reference
#======================================================
#  (G) Change Naming Rule
#======================================================
set bus_inference_style "%s\[%d\]"
%s[%d]
set bus_naming_style "%s\[%d\]"
%s[%d]
set hdlout_internal_busses true
true
change_names -hierarchy -rule verilog
1
define_name_rules name_rule -allowed "a-z A-Z 0-9 _" -max_length 255 -type cell
1
define_name_rules name_rule -allowed "a-z A-Z 0-9 _[]" -max_length 255 -type net
1
define_name_rules name_rule -map {{"\\*cell\\*" "cell"}}
1
define_name_rules name_rule -case_insensitive
1
change_names -hierarchy -rules name_rule
1
#======================================================
#  (H) Output Results
#======================================================
set verilogout_higher_designs_first true
true
write -format verilog -output Netlist/$DESIGN\_SYN.v -hierarchy
Writing verilog file '/home/daniel_kuo/Falcon/hardware/ifft/02_SYN/Netlist/IFFT_SYN.v'.
1
write -format ddc     -hierarchy -output $DESIGN\_SYN.ddc
Writing ddc file 'IFFT_SYN.ddc'.
1
write_sdf -version 3.0 -context verilog -load_delay cell Netlist/$DESIGN\_SYN.sdf -significant_digits 6
Information: Writing timing information to file '/home/daniel_kuo/Falcon/hardware/ifft/02_SYN/Netlist/IFFT_SYN.sdf'. (WT-3)
1
write_sdc Netlist/$DESIGN\_SYN.sdc
1
#======================================================
#  (I) Finish and Quit
#======================================================
report_area
 
****************************************
Report : area
Design : IFFT
Version: T-2022.03
Date   : Thu Sep  4 18:38:53 2025
****************************************

Library(s) Used:

    sc9_cln40g_base_hvt_ss_typical_max_0p81v_125c (File: /cell_base_lib/CBDK_TSMC40_Arm_f2.0/CIC/SynopsysDC/db/sc9_base_hvt/sc9_cln40g_base_hvt_ss_typical_max_0p81v_125c.db)
    sc9_cln40g_base_rvt_ss_typical_max_0p81v_125c (File: /cell_base_lib/CBDK_TSMC40_Arm_f2.0/CIC/SynopsysDC/db/sc9_base_rvt/sc9_cln40g_base_rvt_ss_typical_max_0p81v_125c.db)
    sc9_cln40g_base_lvt_ss_typical_max_0p81v_125c (File: /cell_base_lib/CBDK_TSMC40_Arm_f2.0/CIC/SynopsysDC/db/sc9_base_lvt/sc9_cln40g_base_lvt_ss_typical_max_0p81v_125c.db)

Number of ports:                         1356
Number of nets:                        489642
Number of cells:                       445226
Number of combinational cells:         406849
Number of sequential cells:             38377
Number of macros/black boxes:               0
Number of buf/inv:                      78367
Number of references:                    1050

Combinational area:             594863.957390
Buf/Inv area:                    49416.317391
Noncombinational area:          174711.742857
Macro/Black Box area:                0.000000
Net Interconnect area:               0.000000

Total cell area:                769575.700247
Total area:                     769575.700247
1
report_timing 
 
****************************************
Report : timing
        -path full
        -delay max
        -max_paths 1
Design : IFFT
Version: T-2022.03
Date   : Thu Sep  4 18:38:53 2025
****************************************

 # A fanout number of 1000 was used for high fanout net computations.

Operating Conditions: ss_typical_max_0p81v_125c   Library: sc9_cln40g_base_rvt_ss_typical_max_0p81v_125c
Wire Load Model Mode: top

  Startpoint: u_stage_5_di_im_reg_reg_50_
              (rising edge-triggered flip-flop clocked by clk)
  Endpoint: u_stage_5_u_DELAY_BUFFER_buf_im_reg_0__37_
            (rising edge-triggered flip-flop clocked by clk)
  Path Group: clk
  Path Type: max

  Des/Clust/Port     Wire Load Model       Library
  ------------------------------------------------
  IFFT               Small                 sc9_cln40g_base_rvt_ss_typical_max_0p81v_125c

  Point                                                   Incr       Path
  --------------------------------------------------------------------------
  clock clk (rise edge)                                   0.00       0.00
  clock network delay (ideal)                             0.00       0.00
  u_stage_5_di_im_reg_reg_50_/CK (DFFRPQ_X2M_A9TL)        0.00 #     0.00 r
  u_stage_5_di_im_reg_reg_50_/Q (DFFRPQ_X2M_A9TL)         0.14       0.14 r
  U81686/Y (INV_X2M_A9TR)                                 0.04       0.18 f
  U33087/Y (OAI21_X2M_A9TL)                               0.05       0.23 r
  U94903/Y (INV_X1M_A9TR)                                 0.04       0.27 f
  U175917/Y (AO21A1AI2_X2M_A9TL)                          0.05       0.32 r
  U175096/Y (AO21A1AI2_X3M_A9TL)                          0.05       0.37 f
  U174661/Y (NOR2_X4A_A9TL)                               0.05       0.41 r
  U92301/Y (BUFH_X6M_A9TL)                                0.05       0.46 r
  U183318/Y (MXIT2_X4M_A9TL)                              0.05       0.51 r
  U182369/Y (XNOR2_X4M_A9TL)                              0.06       0.57 r
  U137255/Y (XNOR2_X3M_A9TL)                              0.04       0.62 r
  U66186/Y (INV_X5M_A9TL)                                 0.03       0.65 f
  U182368/Y (NAND2B_X6M_A9TL)                             0.06       0.71 f
  U91051/Y (INV_X6M_A9TL)                                 0.03       0.74 r
  U135678/Y (INV_X16M_A9TL)                               0.03       0.77 f
  U194091/Y (OAI22_X1M_A9TL)                              0.07       0.84 r
  U169845/Y (NOR2_X4B_A9TL)                               0.07       0.91 f
  U30659/Y (OR2_X1B_A9TL)                                 0.07       0.98 f
  U64292/Y (NAND2XB_X1M_A9TL)                             0.04       1.01 r
  U132638/Y (NOR2_X3B_A9TL)                               0.04       1.06 f
  U361608/Y (OAI22_X1M_A9TL)                              0.06       1.11 r
  U361610/Y (NOR2_X2B_A9TR)                               0.05       1.16 f
  U106939/Y (NAND3_X1A_A9TL)                              0.04       1.20 r
  U130970/Y (MXIT2_X1M_A9TL)                              0.06       1.26 r
  U195463/Y (NAND2_X2B_A9TR)                              0.05       1.31 f
  U164672/Y (NOR2_X2A_A9TL)                               0.05       1.36 r
  U105512/Y (NOR2_X2B_A9TL)                               0.06       1.42 f
  U128369/Y (AOI21_X3M_A9TL)                              0.06       1.48 r
  U127573/Y (INV_X2M_A9TR)                                0.04       1.52 f
  U160977/Y (AOI21_X1M_A9TL)                              0.06       1.57 r
  U126285/Y (OAI21_X2M_A9TR)                              0.06       1.64 f
  U159363/Y (XOR2_X3M_A9TL)                               0.06       1.70 f
  U361654/Y (INV_X1M_A9TH)                                0.08       1.78 r
  U215022/Y (OAI21_X1P4M_A9TL)                            0.04       1.82 f
  U102552/Y (OA21A1OI2_X1P4M_A9TL)                        0.06       1.88 r
  U227262/Y (AO21A1AI2_X2M_A9TL)                          0.07       1.95 f
  U123543/Y (AOI21_X8M_A9TL)                              0.06       2.01 r
  U60244/Y (INV_X2P5M_A9TL)                               0.03       2.04 f
  U182374/Y (NAND2_X8M_A9TL)                              0.03       2.08 r
  U100981/Y (INV_X11M_A9TL)                               0.04       2.11 f
  U122731/Y (NAND2XB_X2M_A9TR)                            0.03       2.15 r
  U122463/Y (OAI21_X2M_A9TL)                              0.03       2.18 f
  U23204/Y (NOR2_X3B_A9TL)                                0.05       2.23 r
  U190050/Y (OAI22_X1M_A9TL)                              0.06       2.30 f
  U120794/Y (NOR2_X3B_A9TL)                               0.05       2.35 r
  U83119/Y (NAND2B_X2M_A9TL)                              0.05       2.39 r
  U82996/Y (OAI2XB1_X3M_A9TL)                             0.03       2.42 f
  U82865/Y (NOR2_X6B_A9TL)                                0.03       2.45 r
  U82668/Y (NAND3_X3M_A9TL)                               0.04       2.49 f
  U38739/Y (INV_X3M_A9TR)                                 0.04       2.53 r
  U227039/Y (NAND3_X3A_A9TL)                              0.05       2.57 f
  U182916/Y (NOR2_X6B_A9TR)                               0.07       2.64 r
  U182417/Y (AND3_X6M_A9TL)                               0.06       2.70 r
  U20521/Y (XOR2_X1M_A9TR)                                0.06       2.76 r
  U69225/Y (AOI21_X1M_A9TL)                               0.06       2.83 f
  U81811/Y (OAI21_X1M_A9TL)                               0.06       2.89 r
  u_stage_5_u_DELAY_BUFFER_buf_im_reg_0__37_/D (DFFRPQ_X1M_A9TL)
                                                          0.00       2.89 r
  data arrival time                                                  2.89

  clock clk (rise edge)                                   3.00       3.00
  clock network delay (ideal)                             0.00       3.00
  clock uncertainty                                      -0.10       2.90
  u_stage_5_u_DELAY_BUFFER_buf_im_reg_0__37_/CK (DFFRPQ_X1M_A9TL)
                                                          0.00       2.90 r
  library setup time                                     -0.01       2.89
  data required time                                                 2.89
  --------------------------------------------------------------------------
  data required time                                                 2.89
  data arrival time                                                 -2.89
  --------------------------------------------------------------------------
  slack (MET)                                                        0.00


1
exit

Memory usage for this session 3055 Mbytes.
Memory usage for this session including child processes 4099 Mbytes.
CPU usage for this session 8177 seconds ( 2.27 hours ).
Elapsed time for this session 3235 seconds ( 0.90 hours ).

Thank you...

